suite	backend	ref	commit	toolchain	repeat	file	proof	vc	goal_hash	status	category	milliseconds	message	goal
loom	duper	616f9cd8db660dcd74a1c92b0d19bb50420e1c59	616f9cd8db660dcd74a1c92b0d19bb50420e1c59	leanprover/lean4:v4.32.2	1	LoomBackend.lean	_example	16574041739855843339	16574041739855843339	fail	tactic	168	Duper failed to solve the goal and determined that it will be unable to do so with the current configuration of options and selection of premises	balance = oldBalance - amount
loom	duper	616f9cd8db660dcd74a1c92b0d19bb50420e1c59	616f9cd8db660dcd74a1c92b0d19bb50420e1c59	leanprover/lean4:v4.32.2	1	LoomBackend.lean	_example	17176297989995940323	17176297989995940323	fail	tactic	173	Duper failed to solve the goal and determined that it will be unable to do so with the current configuration of options and selection of premises	∀ j < i + 1, arr j ≤ mx'
loom	duper	616f9cd8db660dcd74a1c92b0d19bb50420e1c59	616f9cd8db660dcd74a1c92b0d19bb50420e1c59	leanprover/lean4:v4.32.2	1	LoomBackend.lean	_example	773944412226978707	773944412226978707	fail	tactic	112	Duper failed to solve the goal and determined that it will be unable to do so with the current configuration of options and selection of premises	∀ j ≤ i, arr' j ≤ key
loom	duper	616f9cd8db660dcd74a1c92b0d19bb50420e1c59	616f9cd8db660dcd74a1c92b0d19bb50420e1c59	leanprover/lean4:v4.32.2	1	LoomBackend.lean	_example	11766715760782255510	11766715760782255510	pass	-	39	-	sum + rest = total ∧ 0 ≤ sum
cashmere	duper	616f9cd8db660dcd74a1c92b0d19bb50420e1c59	616f9cd8db660dcd74a1c92b0d19bb50420e1c59	leanprover/lean4:v4.32.2	1	CaseStudies/Cashmere/Cashmere.lean	withdraw_correct	1631738648950044227	1631738648950044227	fail	tactic	846	Duper failed to solve the goal and determined that it will be unable to do so with the current configuration of options and selection of premises	x - ↑amount + ↑amount = balanceOld
cashmere	duper	616f9cd8db660dcd74a1c92b0d19bb50420e1c59	616f9cd8db660dcd74a1c92b0d19bb50420e1c59	leanprover/lean4:v4.32.2	1	CaseStudies/Cashmere/Cashmere.lean	withdrawSession_correct	11756138257855701010	11756138257855701010	fail	tactic	1978	Duper failed to solve the goal and determined that it will be unable to do so with the current configuration of options and selection of premises	balance - ↑tmp.head! + ↑amounts.sum = x + ↑tmp.tail.sum
cashmere	duper	616f9cd8db660dcd74a1c92b0d19bb50420e1c59	616f9cd8db660dcd74a1c92b0d19bb50420e1c59	leanprover/lean4:v4.32.2	1	CaseStudies/Cashmere/Cashmere.lean	withdrawSession_correct	2825169037077011539	2825169037077011539	pass	-	2	-	balance + ↑amounts.sum = x + ↑tmp.sum
cashmere	duper	616f9cd8db660dcd74a1c92b0d19bb50420e1c59	616f9cd8db660dcd74a1c92b0d19bb50420e1c59	leanprover/lean4:v4.32.2	1	CaseStudies/Cashmere/Cashmere.lean	withdrawSession_correct	14833385480787993856	14833385480787993856	pass	-	120	-	¬tmp.nonEmpty
cashmere	duper	616f9cd8db660dcd74a1c92b0d19bb50420e1c59	616f9cd8db660dcd74a1c92b0d19bb50420e1c59	leanprover/lean4:v4.32.2	1	CaseStudies/Cashmere/Cashmere.lean	withdrawSession_correct	15214630116673553496	15214630116673553496	fail	tactic	1323	Duper failed to solve the goal and determined that it will be unable to do so with the current configuration of options and selection of premises	i + ↑amounts.sum = balanceOld
cashmere	duper	616f9cd8db660dcd74a1c92b0d19bb50420e1c59	616f9cd8db660dcd74a1c92b0d19bb50420e1c59	leanprover/lean4:v4.32.2	1	CaseStudies/Cashmere/Cashmere.lean	withdrawSessionTot_correct	11756138257855701010	11756138257855701010	fail	tactic	4787	Duper failed to solve the goal and determined that it will be unable to do so with the current configuration of options and selection of premises	balance - ↑tmp.head! + ↑amounts.sum = x + ↑tmp.tail.sum
cashmere	duper	616f9cd8db660dcd74a1c92b0d19bb50420e1c59	616f9cd8db660dcd74a1c92b0d19bb50420e1c59	leanprover/lean4:v4.32.2	1	CaseStudies/Cashmere/Cashmere.lean	withdrawSessionTot_correct	2592897230707726799	2592897230707726799	pass	-	133	-	tmp.tail.length < tmp.length
cashmere	duper	616f9cd8db660dcd74a1c92b0d19bb50420e1c59	616f9cd8db660dcd74a1c92b0d19bb50420e1c59	leanprover/lean4:v4.32.2	1	CaseStudies/Cashmere/Cashmere.lean	withdrawSessionTot_correct	2825169037077011539	2825169037077011539	pass	-	3	-	balance + ↑amounts.sum = x + ↑tmp.sum
cashmere	duper	616f9cd8db660dcd74a1c92b0d19bb50420e1c59	616f9cd8db660dcd74a1c92b0d19bb50420e1c59	leanprover/lean4:v4.32.2	1	CaseStudies/Cashmere/Cashmere.lean	withdrawSessionTot_correct	14833385480787993856	14833385480787993856	pass	-	112	-	¬tmp.nonEmpty
cashmere	duper	616f9cd8db660dcd74a1c92b0d19bb50420e1c59	616f9cd8db660dcd74a1c92b0d19bb50420e1c59	leanprover/lean4:v4.32.2	1	CaseStudies/Cashmere/Cashmere.lean	withdrawSessionTot_correct	15214630116673553496	15214630116673553496	fail	tactic	1367	Duper failed to solve the goal and determined that it will be unable to do so with the current configuration of options and selection of premises	i + ↑amounts.sum = balanceOld
cashmere	duper	616f9cd8db660dcd74a1c92b0d19bb50420e1c59	616f9cd8db660dcd74a1c92b0d19bb50420e1c59	leanprover/lean4:v4.32.2	1	CaseStudies/Cashmere/Cashmere.lean	withdrawSessionExcept_correct	12346872860079934512	12346872860079934512	fail	tactic	7498	Duper failed to solve the goal and determined that it will be unable to do so with the current configuration of options and selection of premises	False
cashmere	duper	616f9cd8db660dcd74a1c92b0d19bb50420e1c59	616f9cd8db660dcd74a1c92b0d19bb50420e1c59	leanprover/lean4:v4.32.2	1	CaseStudies/Cashmere/Cashmere.lean	withdrawSessionExcept_correct	11756138257855701010	11756138257855701010	fail	tactic	1595	Duper failed to solve the goal and determined that it will be unable to do so with the current configuration of options and selection of premises	balance - ↑tmp.head! + ↑amounts.sum = x + ↑tmp.tail.sum
cashmere	duper	616f9cd8db660dcd74a1c92b0d19bb50420e1c59	616f9cd8db660dcd74a1c92b0d19bb50420e1c59	leanprover/lean4:v4.32.2	1	CaseStudies/Cashmere/Cashmere.lean	withdrawSessionExcept_correct	12800241106604992563	12800241106604992563	fail	tactic	1263	Duper failed to solve the goal and determined that it will be unable to do so with the current configuration of options and selection of premises	balance - ↑tmp.head! ≥ ↑tmp.tail.sum
cashmere	duper	616f9cd8db660dcd74a1c92b0d19bb50420e1c59	616f9cd8db660dcd74a1c92b0d19bb50420e1c59	leanprover/lean4:v4.32.2	1	CaseStudies/Cashmere/Cashmere.lean	withdrawSessionExcept_correct	2592897230707726799	2592897230707726799	pass	-	201	-	tmp.tail.length < tmp.length
cashmere	duper	616f9cd8db660dcd74a1c92b0d19bb50420e1c59	616f9cd8db660dcd74a1c92b0d19bb50420e1c59	leanprover/lean4:v4.32.2	1	CaseStudies/Cashmere/Cashmere.lean	withdrawSessionExcept_correct	2825169037077011539	2825169037077011539	pass	-	3	-	balance + ↑amounts.sum = x + ↑tmp.sum
cashmere	duper	616f9cd8db660dcd74a1c92b0d19bb50420e1c59	616f9cd8db660dcd74a1c92b0d19bb50420e1c59	leanprover/lean4:v4.32.2	1	CaseStudies/Cashmere/Cashmere.lean	withdrawSessionExcept_correct	14810769858554953377	14810769858554953377	pass	-	2	-	balance ≥ ↑tmp.sum
cashmere	duper	616f9cd8db660dcd74a1c92b0d19bb50420e1c59	616f9cd8db660dcd74a1c92b0d19bb50420e1c59	leanprover/lean4:v4.32.2	1	CaseStudies/Cashmere/Cashmere.lean	withdrawSessionExcept_correct	14833385480787993856	14833385480787993856	pass	-	129	-	¬tmp.nonEmpty
cashmere	duper	616f9cd8db660dcd74a1c92b0d19bb50420e1c59	616f9cd8db660dcd74a1c92b0d19bb50420e1c59	leanprover/lean4:v4.32.2	1	CaseStudies/Cashmere/Cashmere.lean	withdrawSessionExcept_correct	8275436438937433806	8275436438937433806	pass	-	2	-	x ≥ ↑amounts.sum
cashmere	duper	616f9cd8db660dcd74a1c92b0d19bb50420e1c59	616f9cd8db660dcd74a1c92b0d19bb50420e1c59	leanprover/lean4:v4.32.2	1	CaseStudies/Cashmere/Cashmere.lean	withdrawSessionExcept_correct	15214630116673553496	15214630116673553496	fail	tactic	1497	Duper failed to solve the goal and determined that it will be unable to do so with the current configuration of options and selection of premises	i + ↑amounts.sum = balanceOld
cashmere	duper	616f9cd8db660dcd74a1c92b0d19bb50420e1c59	616f9cd8db660dcd74a1c92b0d19bb50420e1c59	leanprover/lean4:v4.32.2	1	CaseStudies/Cashmere/Cashmere.lean	withdrawSessionExcept_correct	684110104125275636	684110104125275636	pass	-	189	-	i ≥ 0
cashmere	duper	616f9cd8db660dcd74a1c92b0d19bb50420e1c59	616f9cd8db660dcd74a1c92b0d19bb50420e1c59	leanprover/lean4:v4.32.2	1	CaseStudies/Cashmere/Cashmere.lean	withdrawSessionNonDet_correct	10455387604875970312	10455387604875970312	pass	-	12280	-	∃ h, ↑h.sum ≤ x
cashmere	duper	616f9cd8db660dcd74a1c92b0d19bb50420e1c59	616f9cd8db660dcd74a1c92b0d19bb50420e1c59	leanprover/lean4:v4.32.2	1	CaseStudies/Cashmere/Cashmere.lean	withdrawSessionNonDet_correct	12346872860079934512	12346872860079934512	fail	tactic	1061	Duper failed to solve the goal and determined that it will be unable to do so with the current configuration of options and selection of premises	False
cashmere	duper	616f9cd8db660dcd74a1c92b0d19bb50420e1c59	616f9cd8db660dcd74a1c92b0d19bb50420e1c59	leanprover/lean4:v4.32.2	1	CaseStudies/Cashmere/Cashmere.lean	withdrawSessionNonDet_correct	9920644537135092340	9920644537135092340	fail	tactic	1505	Duper failed to solve the goal and determined that it will be unable to do so with the current configuration of options and selection of premises	balance - ↑tmp.head! + ↑i_1.sum = x + ↑tmp.tail.sum
cashmere	duper	616f9cd8db660dcd74a1c92b0d19bb50420e1c59	616f9cd8db660dcd74a1c92b0d19bb50420e1c59	leanprover/lean4:v4.32.2	1	CaseStudies/Cashmere/Cashmere.lean	withdrawSessionNonDet_correct	2592897230707726799	2592897230707726799	pass	-	159	-	tmp.tail.length < tmp.length
cashmere	duper	616f9cd8db660dcd74a1c92b0d19bb50420e1c59	616f9cd8db660dcd74a1c92b0d19bb50420e1c59	leanprover/lean4:v4.32.2	1	CaseStudies/Cashmere/Cashmere.lean	withdrawSessionNonDet_correct	8954427794409453576	8954427794409453576	pass	-	3	-	balance + ↑i_1.sum = x + ↑tmp.sum
cashmere	duper	616f9cd8db660dcd74a1c92b0d19bb50420e1c59	616f9cd8db660dcd74a1c92b0d19bb50420e1c59	leanprover/lean4:v4.32.2	1	CaseStudies/Cashmere/Cashmere.lean	withdrawSessionNonDet_correct	14833385480787993856	14833385480787993856	pass	-	128	-	¬tmp.nonEmpty
cashmere	duper	616f9cd8db660dcd74a1c92b0d19bb50420e1c59	616f9cd8db660dcd74a1c92b0d19bb50420e1c59	leanprover/lean4:v4.32.2	1	CaseStudies/Cashmere/Cashmere.lean	withdrawSessionNonDet_correct	5928940248694370277	5928940248694370277	fail	tactic	1437	Duper failed to solve the goal and determined that it will be unable to do so with the current configuration of options and selection of premises	i_3 + ↑i_1.sum = balanceOld
cashmere	duper	616f9cd8db660dcd74a1c92b0d19bb50420e1c59	616f9cd8db660dcd74a1c92b0d19bb50420e1c59	leanprover/lean4:v4.32.2	1	CaseStudies/Cashmere/Cashmere.lean	withdrawSessionNonDet_correct	12566989642252477834	12566989642252477834	fail	tactic	1203	Duper failed to solve the goal and determined that it will be unable to do so with the current configuration of options and selection of premises	i_3 ≥ 0
cashmere	duper	616f9cd8db660dcd74a1c92b0d19bb50420e1c59	616f9cd8db660dcd74a1c92b0d19bb50420e1c59	leanprover/lean4:v4.32.2	1	CaseStudies/Cashmere/CashmereIncorrectnessLogic.lean	withdrawSessionAngelic_correct	9427426964918022923	9427426964918022923	pass	-	1	-	True
cashmere	duper	616f9cd8db660dcd74a1c92b0d19bb50420e1c59	616f9cd8db660dcd74a1c92b0d19bb50420e1c59	leanprover/lean4:v4.32.2	1	CaseStudies/Cashmere/CashmereIncorrectnessLogic.lean	withdrawSessionAngelic_correct	1587904245978985587	1587904245978985587	fail	tactic	1287	Duper failed to solve the goal and determined that it will be unable to do so with the current configuration of options and selection of premises	balance - ↑amounts.head! ≥ 0
cashmere	duper	616f9cd8db660dcd74a1c92b0d19bb50420e1c59	616f9cd8db660dcd74a1c92b0d19bb50420e1c59	leanprover/lean4:v4.32.2	1	CaseStudies/Cashmere/CashmereIncorrectnessLogic.lean	withdrawSessionAngelic_correct	12290697138917920290	12290697138917920290	fail	tactic	1479	Duper failed to solve the goal and determined that it will be unable to do so with the current configuration of options and selection of premises	balance - ↑amounts.head! < ↑amounts.tail.sum
cashmere	duper	616f9cd8db660dcd74a1c92b0d19bb50420e1c59	616f9cd8db660dcd74a1c92b0d19bb50420e1c59	leanprover/lean4:v4.32.2	1	CaseStudies/Cashmere/CashmereIncorrectnessLogic.lean	withdrawSessionAngelic_correct	6449264834289021715	6449264834289021715	pass	-	248	-	amounts.tail.length < amounts.length
cashmere	duper	616f9cd8db660dcd74a1c92b0d19bb50420e1c59	616f9cd8db660dcd74a1c92b0d19bb50420e1c59	leanprover/lean4:v4.32.2	1	CaseStudies/Cashmere/CashmereIncorrectnessLogic.lean	withdrawSessionAngelic_correct	11664442347342473650	11664442347342473650	pass	-	2	-	balance ≥ 0
cashmere	duper	616f9cd8db660dcd74a1c92b0d19bb50420e1c59	616f9cd8db660dcd74a1c92b0d19bb50420e1c59	leanprover/lean4:v4.32.2	1	CaseStudies/Cashmere/CashmereIncorrectnessLogic.lean	withdrawSessionAngelic_correct	6579164554781296205	6579164554781296205	pass	-	1	-	balance < ↑amounts.sum
cashmere	duper	616f9cd8db660dcd74a1c92b0d19bb50420e1c59	616f9cd8db660dcd74a1c92b0d19bb50420e1c59	leanprover/lean4:v4.32.2	1	CaseStudies/Cashmere/CashmereIncorrectnessLogic.lean	withdrawSessionAngelic_correct	7126761714196821540	7126761714196821540	pass	-	217	-	¬amounts.nonEmpty
cashmere	duper	616f9cd8db660dcd74a1c92b0d19bb50420e1c59	616f9cd8db660dcd74a1c92b0d19bb50420e1c59	leanprover/lean4:v4.32.2	1	CaseStudies/Cashmere/CashmereIncorrectnessLogic.lean	withdrawSessionAngelic_correct	2232656262363782188	2232656262363782188	fail	tactic	1057	Duper failed to solve the goal and determined that it will be unable to do so with the current configuration of options and selection of premises	x ≥ 0
cashmere	duper	616f9cd8db660dcd74a1c92b0d19bb50420e1c59	616f9cd8db660dcd74a1c92b0d19bb50420e1c59	leanprover/lean4:v4.32.2	1	CaseStudies/Cashmere/CashmereIncorrectnessLogic.lean	withdrawSessionAngelic_correct	15183118018364320695	15183118018364320695	pass	-	133	-	∃ x_1, x < ↑x_1.sum
cashmere	duper	616f9cd8db660dcd74a1c92b0d19bb50420e1c59	616f9cd8db660dcd74a1c92b0d19bb50420e1c59	leanprover/lean4:v4.32.2	1	CaseStudies/Cashmere/CashmereIncorrectnessLogic.lean	withdrawSessionAngelic_correct	12346872860079934512	12346872860079934512	fail	tactic	1275	Duper failed to solve the goal and determined that it will be unable to do so with the current configuration of options and selection of premises	False
velvet	duper	5a1180338958908323a921255a8d158cf1f26c95	5a1180338958908323a921255a8d158cf1f26c95	leanprover/lean4:v4.32.2	1	Velvet/Examples/EncodeDecodeStr.lean	decodeStr'_correct	4325354716326072573	4325354716326072573	fail	tactic	488	Duper failed to solve the goal and determined that it will be unable to do so with the current configuration of options and selection of premises	0 ≤ i + 1 ∧ i + 1 ≤ encoded_str.size
velvet	duper	5a1180338958908323a921255a8d158cf1f26c95	5a1180338958908323a921255a8d158cf1f26c95	leanprover/lean4:v4.32.2	1	Velvet/Examples/EncodeDecodeStr.lean	decodeStr'_correct	3233717574493770211	3233717574493770211	fail	tactic	484	Duper failed to solve the goal and determined that it will be unable to do so with the current configuration of options and selection of premises	(decoded ++ Array.replicate encoded_str[i]!.cnt encoded_str[i]!.c).size =   get_cnt_sum (encoded_str.extract 0 (i + 1)).toList
velvet	duper	5a1180338958908323a921255a8d158cf1f26c95	5a1180338958908323a921255a8d158cf1f26c95	leanprover/lean4:v4.32.2	1	Velvet/Examples/EncodeDecodeStr.lean	decodeStr'_correct	14557075163885871591	14557075163885871591	pass	-	107	-	0 ≤ i ∧ i ≤ encoded_str.size
velvet	duper	5a1180338958908323a921255a8d158cf1f26c95	5a1180338958908323a921255a8d158cf1f26c95	leanprover/lean4:v4.32.2	1	Velvet/Examples/EncodeDecodeStr.lean	decodeStr'_correct	6384732382134649439	6384732382134649439	pass	-	2	-	decoded.size = get_cnt_sum (encoded_str.extract 0 i).toList
velvet	duper	5a1180338958908323a921255a8d158cf1f26c95	5a1180338958908323a921255a8d158cf1f26c95	leanprover/lean4:v4.32.2	1	Velvet/Examples/EncodeDecodeStr.lean	decodeStr'_correct	13851523499043008614	13851523499043008614	fail	tactic	244	Duper failed to solve the goal and determined that it will be unable to do so with the current configuration of options and selection of premises	i = encoded_str.size
velvet	duper	5a1180338958908323a921255a8d158cf1f26c95	5a1180338958908323a921255a8d158cf1f26c95	leanprover/lean4:v4.32.2	1	Velvet/Examples/EncodeDecodeStr.lean	decodeStr'_correct	8816666150414203262	8816666150414203262	pass	-	115	-	0 ≤ 0 ∧ 0 ≤ encoded_str.size
velvet	duper	5a1180338958908323a921255a8d158cf1f26c95	5a1180338958908323a921255a8d158cf1f26c95	leanprover/lean4:v4.32.2	1	Velvet/Examples/EncodeDecodeStr.lean	decodeStr'_correct	7432640679462075544	7432640679462075544	fail	tactic	77	Duper failed to solve the goal and determined that it will be unable to do so with the current configuration of options and selection of premises	(Array.replicate 0 'x').size = get_cnt_sum (encoded_str.extract 0 0).toList
velvet	duper	5a1180338958908323a921255a8d158cf1f26c95	5a1180338958908323a921255a8d158cf1f26c95	leanprover/lean4:v4.32.2	1	Velvet/Examples/EncodeDecodeStr.lean	decodeStr'_correct	9639754685172097330	9639754685172097330	fail	tactic	338	Duper failed to solve the goal and determined that it will be unable to do so with the current configuration of options and selection of premises	i_1.size = get_cnt_sum encoded_str.toList
velvet	duper	5a1180338958908323a921255a8d158cf1f26c95	5a1180338958908323a921255a8d158cf1f26c95	leanprover/lean4:v4.32.2	1	Velvet/Examples/EncodeDecodeStr.lean	encodeStr_correct	10203002127808532242	10203002127808532242	fail	timeout	5612	Duper encountered a (deterministic) timeout. The maximum number of heartbeats 1000000 has been reached (use 'set_option maxHeartbeats <num>' to set the limit)	i < j + 1 ∧ j + 1 ≤ str.size
velvet	duper	5a1180338958908323a921255a8d158cf1f26c95	5a1180338958908323a921255a8d158cf1f26c95	leanprover/lean4:v4.32.2	1	Velvet/Examples/EncodeDecodeStr.lean	encodeStr_correct	15527439877898811686	15527439877898811686	fail	timeout	5597	Duper encountered a (deterministic) timeout. The maximum number of heartbeats 1000000 has been reached (use 'set_option maxHeartbeats <num>' to set the limit)	∀ (k : ℕ), i ≤ k → k < j + 1 → str[k]! = str[i]!
velvet	duper	5a1180338958908323a921255a8d158cf1f26c95	5a1180338958908323a921255a8d158cf1f26c95	leanprover/lean4:v4.32.2	1	Velvet/Examples/EncodeDecodeStr.lean	encodeStr_correct	4253526900314070824	4253526900314070824	pass	-	157	-	i < j ∧ j ≤ str.size
velvet	duper	5a1180338958908323a921255a8d158cf1f26c95	5a1180338958908323a921255a8d158cf1f26c95	leanprover/lean4:v4.32.2	1	Velvet/Examples/EncodeDecodeStr.lean	encodeStr_correct	17087698223479619887	17087698223479619887	pass	-	209	-	∀ (k : ℕ), i ≤ k → k < j → str[k]! = str[i]!
velvet	duper	5a1180338958908323a921255a8d158cf1f26c95	5a1180338958908323a921255a8d158cf1f26c95	leanprover/lean4:v4.32.2	1	Velvet/Examples/EncodeDecodeStr.lean	encodeStr_correct	13168721855841554394	13168721855841554394	pass	-	141	-	¬(j < str.size ∧ (str[j]! == str[i]!) = true)
velvet	duper	5a1180338958908323a921255a8d158cf1f26c95	5a1180338958908323a921255a8d158cf1f26c95	leanprover/lean4:v4.32.2	1	Velvet/Examples/EncodeDecodeStr.lean	encodeStr_correct	8050235650381385355	8050235650381385355	fail	tactic	473	Duper failed to solve the goal and determined that it will be unable to do so with the current configuration of options and selection of premises	i < i + 1 ∧ i + 1 ≤ str.size
velvet	duper	5a1180338958908323a921255a8d158cf1f26c95	5a1180338958908323a921255a8d158cf1f26c95	leanprover/lean4:v4.32.2	1	Velvet/Examples/EncodeDecodeStr.lean	encodeStr_correct	3874562368415809942	3874562368415809942	fail	tactic	440	Duper failed to solve the goal and determined that it will be unable to do so with the current configuration of options and selection of premises	∀ (k : ℕ), i ≤ k → k < i + 1 → str[k]! = str[i]!
velvet	duper	5a1180338958908323a921255a8d158cf1f26c95	5a1180338958908323a921255a8d158cf1f26c95	leanprover/lean4:v4.32.2	1	Velvet/Examples/EncodeDecodeStr.lean	encodeStr_correct	16403843650363689650	16403843650363689650	pass	-	437	-	0 ≤ j ∧ j ≤ str.size
velvet	duper	5a1180338958908323a921255a8d158cf1f26c95	5a1180338958908323a921255a8d158cf1f26c95	leanprover/lean4:v4.32.2	1	Velvet/Examples/EncodeDecodeStr.lean	encodeStr_correct	17528322019345720798	17528322019345720798	fail	tactic	2350	Duper failed to solve the goal and determined that it will be unable to do so with the current configuration of options and selection of premises	decodeStrLean (encoding.push { cnt := j - i, c := str[i]! }) = str.extract 0 j
velvet	duper	5a1180338958908323a921255a8d158cf1f26c95	5a1180338958908323a921255a8d158cf1f26c95	leanprover/lean4:v4.32.2	1	Velvet/Examples/EncodeDecodeStr.lean	encodeStr_correct	14846570717984605519	14846570717984605519	fail	tactic	3225	Duper failed to solve the goal and determined that it will be unable to do so with the current configuration of options and selection of premises	is_valid_run_sequence (encoding.push { cnt := j - i, c := str[i]! })
velvet	duper	5a1180338958908323a921255a8d158cf1f26c95	5a1180338958908323a921255a8d158cf1f26c95	leanprover/lean4:v4.32.2	1	Velvet/Examples/EncodeDecodeStr.lean	encodeStr_correct	17345521196864181404	17345521196864181404	pass	-	96	-	0 ≤ i ∧ i ≤ str.size
velvet	duper	5a1180338958908323a921255a8d158cf1f26c95	5a1180338958908323a921255a8d158cf1f26c95	leanprover/lean4:v4.32.2	1	Velvet/Examples/EncodeDecodeStr.lean	encodeStr_correct	4720720642953332999	4720720642953332999	pass	-	2	-	decodeStrLean encoding = str.extract 0 i
velvet	duper	5a1180338958908323a921255a8d158cf1f26c95	5a1180338958908323a921255a8d158cf1f26c95	leanprover/lean4:v4.32.2	1	Velvet/Examples/EncodeDecodeStr.lean	encodeStr_correct	16873295595722686018	16873295595722686018	fail	tactic	249	Duper failed to solve the goal and determined that it will be unable to do so with the current configuration of options and selection of premises	is_valid_run_sequence encoding
velvet	duper	5a1180338958908323a921255a8d158cf1f26c95	5a1180338958908323a921255a8d158cf1f26c95	leanprover/lean4:v4.32.2	1	Velvet/Examples/EncodeDecodeStr.lean	encodeStr_correct	5769627519083430677	5769627519083430677	pass	-	75	-	¬i < str.size
velvet	duper	5a1180338958908323a921255a8d158cf1f26c95	5a1180338958908323a921255a8d158cf1f26c95	leanprover/lean4:v4.32.2	1	Velvet/Examples/EncodeDecodeStr.lean	encodeStr_correct	15630242782200619292	15630242782200619292	pass	-	42	-	0 ≤ 0 ∧ 0 ≤ str.size
velvet	duper	5a1180338958908323a921255a8d158cf1f26c95	5a1180338958908323a921255a8d158cf1f26c95	leanprover/lean4:v4.32.2	1	Velvet/Examples/EncodeDecodeStr.lean	encodeStr_correct	4390242841053229048	4390242841053229048	pass	-	0	-	decodeStrLean #[] = str.extract 0 0
velvet	duper	5a1180338958908323a921255a8d158cf1f26c95	5a1180338958908323a921255a8d158cf1f26c95	leanprover/lean4:v4.32.2	1	Velvet/Examples/EncodeDecodeStr.lean	encodeStr_correct	4098508629850130765	4098508629850130765	pass	-	109	-	is_valid_run_sequence #[]
velvet	duper	5a1180338958908323a921255a8d158cf1f26c95	5a1180338958908323a921255a8d158cf1f26c95	leanprover/lean4:v4.32.2	1	Velvet/Examples/EncodeDecodeStr.lean	encodeStr_correct	6449688271898666716	6449688271898666716	fail	tactic	301	Duper failed to solve the goal and determined that it will be unable to do so with the current configuration of options and selection of premises	decodeStrLean i_1 = str
velvet	duper	5a1180338958908323a921255a8d158cf1f26c95	5a1180338958908323a921255a8d158cf1f26c95	leanprover/lean4:v4.32.2	1	Velvet/Examples/EncodeDecodeStr.lean	encodeStr_correct	3108445719328028112	3108445719328028112	fail	tactic	350	Duper failed to solve the goal and determined that it will be unable to do so with the current configuration of options and selection of premises	is_valid_run_sequence i_1
velvet	duper	5a1180338958908323a921255a8d158cf1f26c95	5a1180338958908323a921255a8d158cf1f26c95	leanprover/lean4:v4.32.2	1	Velvet/Examples/Examples.lean	insertionSort_correct	6162910358734672275	6162910358734672275	pass	-	8	-	((arr_1.set! (mind - 1) arr_1[mind]!).set! mind arr_1[mind - 1]!).size = arrOld.size
velvet	duper	5a1180338958908323a921255a8d158cf1f26c95	5a1180338958908323a921255a8d158cf1f26c95	leanprover/lean4:v4.32.2	1	Velvet/Examples/Examples.lean	insertionSort_correct	1066791641437412485	1066791641437412485	fail	timeout	7994	Duper encountered a (deterministic) timeout. The maximum number of heartbeats 1000000 has been reached (use 'set_option maxHeartbeats <num>' to set the limit)	mind - 1 ≤ n
velvet	duper	5a1180338958908323a921255a8d158cf1f26c95	5a1180338958908323a921255a8d158cf1f26c95	leanprover/lean4:v4.32.2	1	Velvet/Examples/Examples.lean	insertionSort_correct	9866248891257573647	9866248891257573647	fail	timeout	7036	Duper encountered a (deterministic) timeout. The maximum number of heartbeats 1000000 has been reached (use 'set_option maxHeartbeats <num>' to set the limit)	∀ (i j : ℕ),   0 ≤ i →     i < j →       j ≤ n →         j ≠ mind - 1 →           ((arr_1.set! (mind - 1) arr_1[mind]!).set! mind arr_1[mind - 1]!)[i]! ≤             ((arr_1.set! (mind - 1) arr_1[mind]!).set! mind arr_1[mind - 1]!)[j]!
velvet	duper	5a1180338958908323a921255a8d158cf1f26c95	5a1180338958908323a921255a8d158cf1f26c95	leanprover/lean4:v4.32.2	1	Velvet/Examples/Examples.lean	insertionSort_correct	18360837223612973524	18360837223612973524	fail	timeout	9351	Duper encountered a (deterministic) timeout. The maximum number of heartbeats 1000000 has been reached (use 'set_option maxHeartbeats <num>' to set the limit)	((arr_1.set! (mind - 1) arr_1[mind]!).set! mind arr_1[mind - 1]!).toMultiset = arrOld.toMultiset
velvet	duper	5a1180338958908323a921255a8d158cf1f26c95	5a1180338958908323a921255a8d158cf1f26c95	leanprover/lean4:v4.32.2	1	Velvet/Examples/Examples.lean	insertionSort_correct	5794584936190196715	5794584936190196715	pass	-	7	-	arr_1.size = arrOld.size
velvet	duper	5a1180338958908323a921255a8d158cf1f26c95	5a1180338958908323a921255a8d158cf1f26c95	leanprover/lean4:v4.32.2	1	Velvet/Examples/Examples.lean	insertionSort_correct	1066791641437412485	1066791641437412485	fail	timeout	8770	Duper encountered a (deterministic) timeout. The maximum number of heartbeats 1000000 has been reached (use 'set_option maxHeartbeats <num>' to set the limit)	mind - 1 ≤ n
velvet	duper	5a1180338958908323a921255a8d158cf1f26c95	5a1180338958908323a921255a8d158cf1f26c95	leanprover/lean4:v4.32.2	1	Velvet/Examples/Examples.lean	insertionSort_correct	14825588553610653054	14825588553610653054	fail	timeout	9304	Duper encountered a (deterministic) timeout. The maximum number of heartbeats 1000000 has been reached (use 'set_option maxHeartbeats <num>' to set the limit)	∀ (i j : ℕ), 0 ≤ i → i < j → j ≤ n → j ≠ mind - 1 → arr_1[i]! ≤ arr_1[j]!
velvet	duper	5a1180338958908323a921255a8d158cf1f26c95	5a1180338958908323a921255a8d158cf1f26c95	leanprover/lean4:v4.32.2	1	Velvet/Examples/Examples.lean	insertionSort_correct	15257391885382474665	15257391885382474665	pass	-	6	-	arr_1.toMultiset = arrOld.toMultiset
velvet	duper	5a1180338958908323a921255a8d158cf1f26c95	5a1180338958908323a921255a8d158cf1f26c95	leanprover/lean4:v4.32.2	1	Velvet/Examples/Examples.lean	insertionSort_correct	5794584936190196715	5794584936190196715	pass	-	5	-	arr_1.size = arrOld.size
velvet	duper	5a1180338958908323a921255a8d158cf1f26c95	5a1180338958908323a921255a8d158cf1f26c95	leanprover/lean4:v4.32.2	1	Velvet/Examples/Examples.lean	insertionSort_correct	12031026870814429192	12031026870814429192	pass	-	6	-	mind ≤ n
velvet	duper	5a1180338958908323a921255a8d158cf1f26c95	5a1180338958908323a921255a8d158cf1f26c95	leanprover/lean4:v4.32.2	1	Velvet/Examples/Examples.lean	insertionSort_correct	16465886849738339639	16465886849738339639	pass	-	409	-	∀ (i j : ℕ), 0 ≤ i → i < j → j ≤ n → j ≠ mind → arr_1[i]! ≤ arr_1[j]!
velvet	duper	5a1180338958908323a921255a8d158cf1f26c95	5a1180338958908323a921255a8d158cf1f26c95	leanprover/lean4:v4.32.2	1	Velvet/Examples/Examples.lean	insertionSort_correct	15257391885382474665	15257391885382474665	pass	-	7	-	arr_1.toMultiset = arrOld.toMultiset
velvet	duper	5a1180338958908323a921255a8d158cf1f26c95	5a1180338958908323a921255a8d158cf1f26c95	leanprover/lean4:v4.32.2	1	Velvet/Examples/Examples.lean	insertionSort_correct	2438232962388206336	2438232962388206336	pass	-	182	-	mind = 0
velvet	duper	5a1180338958908323a921255a8d158cf1f26c95	5a1180338958908323a921255a8d158cf1f26c95	leanprover/lean4:v4.32.2	1	Velvet/Examples/Examples.lean	insertionSort_correct	5964899400721509044	5964899400721509044	pass	-	4	-	arr.size = arrOld.size
velvet	duper	5a1180338958908323a921255a8d158cf1f26c95	5a1180338958908323a921255a8d158cf1f26c95	leanprover/lean4:v4.32.2	1	Velvet/Examples/Examples.lean	insertionSort_correct	12155028420956038391	12155028420956038391	fail	timeout	6100	Duper encountered a (deterministic) timeout. The maximum number of heartbeats 1000000 has been reached (use 'set_option maxHeartbeats <num>' to set the limit)	n ≤ n
velvet	duper	5a1180338958908323a921255a8d158cf1f26c95	5a1180338958908323a921255a8d158cf1f26c95	leanprover/lean4:v4.32.2	1	Velvet/Examples/Examples.lean	insertionSort_correct	14852526092468225565	14852526092468225565	fail	timeout	6141	Duper encountered a (deterministic) timeout. The maximum number of heartbeats 1000000 has been reached (use 'set_option maxHeartbeats <num>' to set the limit)	∀ (i j : ℕ), 0 ≤ i → i < j → j ≤ n → j ≠ n → arr[i]! ≤ arr[j]!
velvet	duper	5a1180338958908323a921255a8d158cf1f26c95	5a1180338958908323a921255a8d158cf1f26c95	leanprover/lean4:v4.32.2	1	Velvet/Examples/Examples.lean	insertionSort_correct	17117294935281830098	17117294935281830098	pass	-	4	-	arr.toMultiset = arrOld.toMultiset
velvet	duper	5a1180338958908323a921255a8d158cf1f26c95	5a1180338958908323a921255a8d158cf1f26c95	leanprover/lean4:v4.32.2	1	Velvet/Examples/Examples.lean	insertionSort_correct	5288706169439222084	5288706169439222084	pass	-	10	-	i.size = arrOld.size
velvet	duper	5a1180338958908323a921255a8d158cf1f26c95	5a1180338958908323a921255a8d158cf1f26c95	leanprover/lean4:v4.32.2	1	Velvet/Examples/Examples.lean	insertionSort_correct	12688677688377801211	12688677688377801211	fail	timeout	6785	Duper encountered a (deterministic) timeout. The maximum number of heartbeats 1000000 has been reached (use 'set_option maxHeartbeats <num>' to set the limit)	1 ≤ n + 1 ∧ n + 1 ≤ i.size
velvet	duper	5a1180338958908323a921255a8d158cf1f26c95	5a1180338958908323a921255a8d158cf1f26c95	leanprover/lean4:v4.32.2	1	Velvet/Examples/Examples.lean	insertionSort_correct	7903702650473013145	7903702650473013145	fail	timeout	6940	Duper encountered a (deterministic) timeout. The maximum number of heartbeats 1000000 has been reached (use 'set_option maxHeartbeats <num>' to set the limit)	∀ (i_2 j : ℕ), 0 ≤ i_2 → i_2 < j → j ≤ n + 1 - 1 → i[i_2]! ≤ i[j]!
velvet	duper	5a1180338958908323a921255a8d158cf1f26c95	5a1180338958908323a921255a8d158cf1f26c95	leanprover/lean4:v4.32.2	1	Velvet/Examples/Examples.lean	insertionSort_correct	8905801618567038615	8905801618567038615	pass	-	10	-	i.toMultiset = arrOld.toMultiset
velvet	duper	5a1180338958908323a921255a8d158cf1f26c95	5a1180338958908323a921255a8d158cf1f26c95	leanprover/lean4:v4.32.2	1	Velvet/Examples/Examples.lean	insertionSort_correct	5964899400721509044	5964899400721509044	pass	-	3	-	arr.size = arrOld.size
velvet	duper	5a1180338958908323a921255a8d158cf1f26c95	5a1180338958908323a921255a8d158cf1f26c95	leanprover/lean4:v4.32.2	1	Velvet/Examples/Examples.lean	insertionSort_correct	5379360585891885096	5379360585891885096	pass	-	213	-	1 ≤ n ∧ n ≤ arr.size
velvet	duper	5a1180338958908323a921255a8d158cf1f26c95	5a1180338958908323a921255a8d158cf1f26c95	leanprover/lean4:v4.32.2	1	Velvet/Examples/Examples.lean	insertionSort_correct	11248877774576345437	11248877774576345437	pass	-	260	-	∀ (i j : ℕ), 0 ≤ i → i < j → j ≤ n - 1 → arr[i]! ≤ arr[j]!
velvet	duper	5a1180338958908323a921255a8d158cf1f26c95	5a1180338958908323a921255a8d158cf1f26c95	leanprover/lean4:v4.32.2	1	Velvet/Examples/Examples.lean	insertionSort_correct	17117294935281830098	17117294935281830098	pass	-	3	-	arr.toMultiset = arrOld.toMultiset
velvet	duper	5a1180338958908323a921255a8d158cf1f26c95	5a1180338958908323a921255a8d158cf1f26c95	leanprover/lean4:v4.32.2	1	Velvet/Examples/Examples.lean	insertionSort_correct	11532741708565178815	11532741708565178815	pass	-	143	-	n = arr.size
velvet	duper	5a1180338958908323a921255a8d158cf1f26c95	5a1180338958908323a921255a8d158cf1f26c95	leanprover/lean4:v4.32.2	1	Velvet/Examples/Examples.lean	insertionSort_correct	13894794097547967513	13894794097547967513	pass	-	295	-	1 ≤ 1 ∧ 1 ≤ arrOld.size
velvet	duper	5a1180338958908323a921255a8d158cf1f26c95	5a1180338958908323a921255a8d158cf1f26c95	leanprover/lean4:v4.32.2	1	Velvet/Examples/Examples.lean	insertionSort_correct	11235314628722112900	11235314628722112900	fail	timeout	5432	Duper encountered a (deterministic) timeout. The maximum number of heartbeats 1000000 has been reached (use 'set_option maxHeartbeats <num>' to set the limit)	∀ (i j : ℕ), 0 ≤ i → i < j → j ≤ 1 - 1 → arrOld[i]! ≤ arrOld[j]!
velvet	duper	5a1180338958908323a921255a8d158cf1f26c95	5a1180338958908323a921255a8d158cf1f26c95	leanprover/lean4:v4.32.2	1	Velvet/Examples/Examples.lean	insertionSort_correct	8905801618567038615	8905801618567038615	pass	-	7	-	i.toMultiset = arrOld.toMultiset
velvet	duper	5a1180338958908323a921255a8d158cf1f26c95	5a1180338958908323a921255a8d158cf1f26c95	leanprover/lean4:v4.32.2	1	Velvet/Examples/Examples.lean	insertionSort_correct	18214290959922115111	18214290959922115111	fail	timeout	6658	Duper encountered a (deterministic) timeout. The maximum number of heartbeats 1000000 has been reached (use 'set_option maxHeartbeats <num>' to set the limit)	∀ (i_2 j : ℕ), 0 ≤ i_2 → i_2 ≤ j → j < i.size → i[i_2]! ≤ i[j]!
velvet	duper	5a1180338958908323a921255a8d158cf1f26c95	5a1180338958908323a921255a8d158cf1f26c95	leanprover/lean4:v4.32.2	1	Velvet/Examples/Examples.lean	sqrt_correct	17119794831572106230	17119794831572106230	pass	-	270	-	∀ (i : ℕ), i * i ≤ x → i ≤ 0
velvet	duper	5a1180338958908323a921255a8d158cf1f26c95	5a1180338958908323a921255a8d158cf1f26c95	leanprover/lean4:v4.32.2	1	Velvet/Examples/Examples.lean	sqrt_correct	16395326812896940336	16395326812896940336	pass	-	317	-	∀ i ≤ 0, i * i ≤ x
velvet	duper	5a1180338958908323a921255a8d158cf1f26c95	5a1180338958908323a921255a8d158cf1f26c95	leanprover/lean4:v4.32.2	1	Velvet/Examples/Examples.lean	sqrt_correct	4559485301326837329	4559485301326837329	pass	-	254	-	0 * 0 ≤ x
velvet	duper	5a1180338958908323a921255a8d158cf1f26c95	5a1180338958908323a921255a8d158cf1f26c95	leanprover/lean4:v4.32.2	1	Velvet/Examples/Examples.lean	sqrt_correct	15833581759277421577	15833581759277421577	fail	tactic	497	Duper failed to solve the goal and determined that it will be unable to do so with the current configuration of options and selection of premises	∀ j < i + 1, j * j ≤ x
velvet	duper	5a1180338958908323a921255a8d158cf1f26c95	5a1180338958908323a921255a8d158cf1f26c95	leanprover/lean4:v4.32.2	1	Velvet/Examples/Examples.lean	sqrt_correct	7228731597997214785	7228731597997214785	pass	-	152	-	∀ j < i, j * j ≤ x
velvet	duper	5a1180338958908323a921255a8d158cf1f26c95	5a1180338958908323a921255a8d158cf1f26c95	leanprover/lean4:v4.32.2	1	Velvet/Examples/Examples.lean	sqrt_correct	17256355208408803011	17256355208408803011	fail	tactic	397	Duper failed to solve the goal and determined that it will be unable to do so with the current configuration of options and selection of premises	x < i * i
velvet	duper	5a1180338958908323a921255a8d158cf1f26c95	5a1180338958908323a921255a8d158cf1f26c95	leanprover/lean4:v4.32.2	1	Velvet/Examples/Examples.lean	sqrt_correct	13635698331308129878	13635698331308129878	pass	-	292	-	∀ j < 0, j * j ≤ x
velvet	duper	5a1180338958908323a921255a8d158cf1f26c95	5a1180338958908323a921255a8d158cf1f26c95	leanprover/lean4:v4.32.2	1	Velvet/Examples/Examples.lean	sqrt_correct	10800841518550636949	10800841518550636949	fail	tactic	474	Duper failed to solve the goal and determined that it will be unable to do so with the current configuration of options and selection of premises	∀ (i_1 : ℕ), i_1 * i_1 ≤ x → i_1 ≤ i - 1
velvet	duper	5a1180338958908323a921255a8d158cf1f26c95	5a1180338958908323a921255a8d158cf1f26c95	leanprover/lean4:v4.32.2	1	Velvet/Examples/Examples.lean	sqrt_correct	12457966505053151830	12457966505053151830	fail	tactic	484	Duper failed to solve the goal and determined that it will be unable to do so with the current configuration of options and selection of premises	∀ i_1 ≤ i - 1, i_1 * i_1 ≤ x
velvet	duper	5a1180338958908323a921255a8d158cf1f26c95	5a1180338958908323a921255a8d158cf1f26c95	leanprover/lean4:v4.32.2	1	Velvet/Examples/Examples.lean	sqrt_correct	17578352201394481400	17578352201394481400	fail	tactic	525	Duper failed to solve the goal and determined that it will be unable to do so with the current configuration of options and selection of premises	(i - 1) * (i - 1) ≤ x
velvet	duper	5a1180338958908323a921255a8d158cf1f26c95	5a1180338958908323a921255a8d158cf1f26c95	leanprover/lean4:v4.32.2	1	Velvet/Examples/Examples_Total.lean	insertionSort_total_correct	6162910358734672275	6162910358734672275	pass	-	6	-	((arr_1.set! (mind - 1) arr_1[mind]!).set! mind arr_1[mind - 1]!).size = arrOld.size
velvet	duper	5a1180338958908323a921255a8d158cf1f26c95	5a1180338958908323a921255a8d158cf1f26c95	leanprover/lean4:v4.32.2	1	Velvet/Examples/Examples_Total.lean	insertionSort_total_correct	1066791641437412485	1066791641437412485	fail	timeout	7685	Duper encountered a (deterministic) timeout. The maximum number of heartbeats 1000000 has been reached (use 'set_option maxHeartbeats <num>' to set the limit)	mind - 1 ≤ n
velvet	duper	5a1180338958908323a921255a8d158cf1f26c95	5a1180338958908323a921255a8d158cf1f26c95	leanprover/lean4:v4.32.2	1	Velvet/Examples/Examples_Total.lean	insertionSort_total_correct	9866248891257573647	9866248891257573647	fail	timeout	8738	Duper encountered a (deterministic) timeout. The maximum number of heartbeats 1000000 has been reached (use 'set_option maxHeartbeats <num>' to set the limit)	∀ (i j : ℕ),   0 ≤ i →     i < j →       j ≤ n →         j ≠ mind - 1 →           ((arr_1.set! (mind - 1) arr_1[mind]!).set! mind arr_1[mind - 1]!)[i]! ≤             ((arr_1.set! (mind - 1) arr_1[mind]!).set! mind arr_1[mind - 1]!)[j]!
velvet	duper	5a1180338958908323a921255a8d158cf1f26c95	5a1180338958908323a921255a8d158cf1f26c95	leanprover/lean4:v4.32.2	1	Velvet/Examples/Examples_Total.lean	insertionSort_total_correct	18360837223612973524	18360837223612973524	fail	timeout	7046	Duper encountered a (deterministic) timeout. The maximum number of heartbeats 1000000 has been reached (use 'set_option maxHeartbeats <num>' to set the limit)	((arr_1.set! (mind - 1) arr_1[mind]!).set! mind arr_1[mind - 1]!).toMultiset = arrOld.toMultiset
velvet	duper	5a1180338958908323a921255a8d158cf1f26c95	5a1180338958908323a921255a8d158cf1f26c95	leanprover/lean4:v4.32.2	1	Velvet/Examples/Examples_Total.lean	insertionSort_total_correct	11568103068982921353	11568103068982921353	fail	timeout	6983	Duper encountered a (deterministic) timeout. The maximum number of heartbeats 1000000 has been reached (use 'set_option maxHeartbeats <num>' to set the limit)	mind - 1 < mind
velvet	duper	5a1180338958908323a921255a8d158cf1f26c95	5a1180338958908323a921255a8d158cf1f26c95	leanprover/lean4:v4.32.2	1	Velvet/Examples/Examples_Total.lean	insertionSort_total_correct	5794584936190196715	5794584936190196715	pass	-	6	-	arr_1.size = arrOld.size
velvet	duper	5a1180338958908323a921255a8d158cf1f26c95	5a1180338958908323a921255a8d158cf1f26c95	leanprover/lean4:v4.32.2	1	Velvet/Examples/Examples_Total.lean	insertionSort_total_correct	1066791641437412485	1066791641437412485	fail	timeout	6859	Duper encountered a (deterministic) timeout. The maximum number of heartbeats 1000000 has been reached (use 'set_option maxHeartbeats <num>' to set the limit)	mind - 1 ≤ n
velvet	duper	5a1180338958908323a921255a8d158cf1f26c95	5a1180338958908323a921255a8d158cf1f26c95	leanprover/lean4:v4.32.2	1	Velvet/Examples/Examples_Total.lean	insertionSort_total_correct	14825588553610653054	14825588553610653054	fail	timeout	7153	Duper encountered a (deterministic) timeout. The maximum number of heartbeats 1000000 has been reached (use 'set_option maxHeartbeats <num>' to set the limit)	∀ (i j : ℕ), 0 ≤ i → i < j → j ≤ n → j ≠ mind - 1 → arr_1[i]! ≤ arr_1[j]!
velvet	duper	5a1180338958908323a921255a8d158cf1f26c95	5a1180338958908323a921255a8d158cf1f26c95	leanprover/lean4:v4.32.2	1	Velvet/Examples/Examples_Total.lean	insertionSort_total_correct	15257391885382474665	15257391885382474665	pass	-	6	-	arr_1.toMultiset = arrOld.toMultiset
velvet	duper	5a1180338958908323a921255a8d158cf1f26c95	5a1180338958908323a921255a8d158cf1f26c95	leanprover/lean4:v4.32.2	1	Velvet/Examples/Examples_Total.lean	insertionSort_total_correct	11568103068982921353	11568103068982921353	fail	timeout	6961	Duper encountered a (deterministic) timeout. The maximum number of heartbeats 1000000 has been reached (use 'set_option maxHeartbeats <num>' to set the limit)	mind - 1 < mind
velvet	duper	5a1180338958908323a921255a8d158cf1f26c95	5a1180338958908323a921255a8d158cf1f26c95	leanprover/lean4:v4.32.2	1	Velvet/Examples/Examples_Total.lean	insertionSort_total_correct	5794584936190196715	5794584936190196715	pass	-	5	-	arr_1.size = arrOld.size
velvet	duper	5a1180338958908323a921255a8d158cf1f26c95	5a1180338958908323a921255a8d158cf1f26c95	leanprover/lean4:v4.32.2	1	Velvet/Examples/Examples_Total.lean	insertionSort_total_correct	12031026870814429192	12031026870814429192	pass	-	6	-	mind ≤ n
velvet	duper	5a1180338958908323a921255a8d158cf1f26c95	5a1180338958908323a921255a8d158cf1f26c95	leanprover/lean4:v4.32.2	1	Velvet/Examples/Examples_Total.lean	insertionSort_total_correct	16465886849738339639	16465886849738339639	pass	-	376	-	∀ (i j : ℕ), 0 ≤ i → i < j → j ≤ n → j ≠ mind → arr_1[i]! ≤ arr_1[j]!
velvet	duper	5a1180338958908323a921255a8d158cf1f26c95	5a1180338958908323a921255a8d158cf1f26c95	leanprover/lean4:v4.32.2	1	Velvet/Examples/Examples_Total.lean	insertionSort_total_correct	15257391885382474665	15257391885382474665	pass	-	6	-	arr_1.toMultiset = arrOld.toMultiset
velvet	duper	5a1180338958908323a921255a8d158cf1f26c95	5a1180338958908323a921255a8d158cf1f26c95	leanprover/lean4:v4.32.2	1	Velvet/Examples/Examples_Total.lean	insertionSort_total_correct	5918835836158453730	5918835836158453730	pass	-	174	-	¬mind ≠ 0
velvet	duper	5a1180338958908323a921255a8d158cf1f26c95	5a1180338958908323a921255a8d158cf1f26c95	leanprover/lean4:v4.32.2	1	Velvet/Examples/Examples_Total.lean	insertionSort_total_correct	5964899400721509044	5964899400721509044	pass	-	3	-	arr.size = arrOld.size
velvet	duper	5a1180338958908323a921255a8d158cf1f26c95	5a1180338958908323a921255a8d158cf1f26c95	leanprover/lean4:v4.32.2	1	Velvet/Examples/Examples_Total.lean	insertionSort_total_correct	12155028420956038391	12155028420956038391	fail	timeout	5863	Duper encountered a (deterministic) timeout. The maximum number of heartbeats 1000000 has been reached (use 'set_option maxHeartbeats <num>' to set the limit)	n ≤ n
velvet	duper	5a1180338958908323a921255a8d158cf1f26c95	5a1180338958908323a921255a8d158cf1f26c95	leanprover/lean4:v4.32.2	1	Velvet/Examples/Examples_Total.lean	sqrt_total_correct	17119794831572106230	17119794831572106230	fail	timeout	5413	Duper encountered a (deterministic) timeout. The maximum number of heartbeats 1000000 has been reached (use 'set_option maxHeartbeats <num>' to set the limit)	∀ (i : ℕ), i * i ≤ x → i ≤ 0
velvet	duper	5a1180338958908323a921255a8d158cf1f26c95	5a1180338958908323a921255a8d158cf1f26c95	leanprover/lean4:v4.32.2	1	Velvet/Examples/Examples_Total.lean	sqrt_total_correct	16395326812896940336	16395326812896940336	fail	timeout	5445	Duper encountered a (deterministic) timeout. The maximum number of heartbeats 1000000 has been reached (use 'set_option maxHeartbeats <num>' to set the limit)	∀ i ≤ 0, i * i ≤ x
velvet	duper	5a1180338958908323a921255a8d158cf1f26c95	5a1180338958908323a921255a8d158cf1f26c95	leanprover/lean4:v4.32.2	1	Velvet/Examples/Examples_Total.lean	sqrt_total_correct	4559485301326837329	4559485301326837329	pass	-	36	-	0 * 0 ≤ x
velvet	duper	5a1180338958908323a921255a8d158cf1f26c95	5a1180338958908323a921255a8d158cf1f26c95	leanprover/lean4:v4.32.2	1	Velvet/Examples/Examples_Total.lean	sqrt_total_correct	15833581759277421577	15833581759277421577	fail	timeout	6116	Duper encountered a (deterministic) timeout. The maximum number of heartbeats 1000000 has been reached (use 'set_option maxHeartbeats <num>' to set the limit)	∀ j < i + 1, j * j ≤ x
velvet	duper	5a1180338958908323a921255a8d158cf1f26c95	5a1180338958908323a921255a8d158cf1f26c95	leanprover/lean4:v4.32.2	1	Velvet/Examples/Examples_Total.lean	sqrt_total_correct	17892696244691966181	17892696244691966181	fail	timeout	6102	Duper encountered a (deterministic) timeout. The maximum number of heartbeats 1000000 has been reached (use 'set_option maxHeartbeats <num>' to set the limit)	x + 8 - (i + 1) < x + 8 - i
velvet	duper	5a1180338958908323a921255a8d158cf1f26c95	5a1180338958908323a921255a8d158cf1f26c95	leanprover/lean4:v4.32.2	1	Velvet/Examples/Examples_Total.lean	sqrt_total_correct	7228731597997214785	7228731597997214785	pass	-	88	-	∀ j < i, j * j ≤ x
velvet	duper	5a1180338958908323a921255a8d158cf1f26c95	5a1180338958908323a921255a8d158cf1f26c95	leanprover/lean4:v4.32.2	1	Velvet/Examples/Examples_Total.lean	sqrt_total_correct	13073343856082995605	13073343856082995605	pass	-	61	-	¬i * i ≤ x
velvet	duper	5a1180338958908323a921255a8d158cf1f26c95	5a1180338958908323a921255a8d158cf1f26c95	leanprover/lean4:v4.32.2	1	Velvet/Examples/Examples_Total.lean	sqrt_total_correct	13635698331308129878	13635698331308129878	pass	-	157	-	∀ j < 0, j * j ≤ x
velvet	duper	5a1180338958908323a921255a8d158cf1f26c95	5a1180338958908323a921255a8d158cf1f26c95	leanprover/lean4:v4.32.2	1	Velvet/Examples/Examples_Total.lean	sqrt_total_correct	10800841518550636949	10800841518550636949	fail	timeout	6189	Duper encountered a (deterministic) timeout. The maximum number of heartbeats 1000000 has been reached (use 'set_option maxHeartbeats <num>' to set the limit)	∀ (i_1 : ℕ), i_1 * i_1 ≤ x → i_1 ≤ i - 1
velvet	duper	5a1180338958908323a921255a8d158cf1f26c95	5a1180338958908323a921255a8d158cf1f26c95	leanprover/lean4:v4.32.2	1	Velvet/Examples/Examples_Total.lean	sqrt_total_correct	12457966505053151830	12457966505053151830	fail	timeout	5443	Duper encountered a (deterministic) timeout. The maximum number of heartbeats 1000000 has been reached (use 'set_option maxHeartbeats <num>' to set the limit)	∀ i_1 ≤ i - 1, i_1 * i_1 ≤ x
velvet	duper	5a1180338958908323a921255a8d158cf1f26c95	5a1180338958908323a921255a8d158cf1f26c95	leanprover/lean4:v4.32.2	1	Velvet/Examples/Examples_Total.lean	sqrt_total_correct	17578352201394481400	17578352201394481400	fail	timeout	5371	Duper encountered a (deterministic) timeout. The maximum number of heartbeats 1000000 has been reached (use 'set_option maxHeartbeats <num>' to set the limit)	(i - 1) * (i - 1) ≤ x
velvet	duper	5a1180338958908323a921255a8d158cf1f26c95	5a1180338958908323a921255a8d158cf1f26c95	leanprover/lean4:v4.32.2	1	Velvet/Examples/Examples_Total.lean	cbrt_correct	628191952620585962	628191952620585962	fail	timeout	5201	Duper encountered a (deterministic) timeout. The maximum number of heartbeats 1000000 has been reached (use 'set_option maxHeartbeats <num>' to set the limit)	∀ (i : ℕ), i * i * i ≤ x → i ≤ 0
velvet	duper	5a1180338958908323a921255a8d158cf1f26c95	5a1180338958908323a921255a8d158cf1f26c95	leanprover/lean4:v4.32.2	1	Velvet/Examples/Examples_Total.lean	cbrt_correct	5408980950461060684	5408980950461060684	fail	timeout	5445	Duper encountered a (deterministic) timeout. The maximum number of heartbeats 1000000 has been reached (use 'set_option maxHeartbeats <num>' to set the limit)	∀ i ≤ 0, i * i * i ≤ x
velvet	duper	5a1180338958908323a921255a8d158cf1f26c95	5a1180338958908323a921255a8d158cf1f26c95	leanprover/lean4:v4.32.2	1	Velvet/Examples/Examples_Total.lean	cbrt_correct	17796805544787031687	17796805544787031687	pass	-	47	-	0 * 0 * 0 ≤ x
velvet	duper	5a1180338958908323a921255a8d158cf1f26c95	5a1180338958908323a921255a8d158cf1f26c95	leanprover/lean4:v4.32.2	1	Velvet/Examples/Examples_Total.lean	cbrt_correct	12597585967811959528	12597585967811959528	fail	timeout	5794	Duper encountered a (deterministic) timeout. The maximum number of heartbeats 1000000 has been reached (use 'set_option maxHeartbeats <num>' to set the limit)	∀ j < i + 1, j * j * j ≤ x
velvet	duper	5a1180338958908323a921255a8d158cf1f26c95	5a1180338958908323a921255a8d158cf1f26c95	leanprover/lean4:v4.32.2	1	Velvet/Examples/Examples_Total.lean	cbrt_correct	17892696244691966181	17892696244691966181	fail	timeout	6531	Duper encountered a (deterministic) timeout. The maximum number of heartbeats 1000000 has been reached (use 'set_option maxHeartbeats <num>' to set the limit)	x + 8 - (i + 1) < x + 8 - i
velvet	duper	5a1180338958908323a921255a8d158cf1f26c95	5a1180338958908323a921255a8d158cf1f26c95	leanprover/lean4:v4.32.2	1	Velvet/Examples/Examples_Total.lean	cbrt_correct	11504389341422214604	11504389341422214604	pass	-	176	-	∀ j < i, j * j * j ≤ x
velvet	duper	5a1180338958908323a921255a8d158cf1f26c95	5a1180338958908323a921255a8d158cf1f26c95	leanprover/lean4:v4.32.2	1	Velvet/Examples/Examples_Total.lean	cbrt_correct	1828175149019549874	1828175149019549874	pass	-	168	-	¬i * i * i ≤ x
velvet	duper	5a1180338958908323a921255a8d158cf1f26c95	5a1180338958908323a921255a8d158cf1f26c95	leanprover/lean4:v4.32.2	1	Velvet/Examples/Examples_Total.lean	cbrt_correct	8027176826117333927	8027176826117333927	pass	-	309	-	∀ j < 0, j * j * j ≤ x
velvet	duper	5a1180338958908323a921255a8d158cf1f26c95	5a1180338958908323a921255a8d158cf1f26c95	leanprover/lean4:v4.32.2	1	Velvet/Examples/Examples_Total.lean	cbrt_correct	8642365996124661698	8642365996124661698	fail	timeout	5743	Duper encountered a (deterministic) timeout. The maximum number of heartbeats 1000000 has been reached (use 'set_option maxHeartbeats <num>' to set the limit)	∀ (i_1 : ℕ), i_1 * i_1 * i_1 ≤ x → i_1 ≤ i - 1
velvet	duper	5a1180338958908323a921255a8d158cf1f26c95	5a1180338958908323a921255a8d158cf1f26c95	leanprover/lean4:v4.32.2	1	Velvet/Examples/Examples_Total.lean	cbrt_correct	1031468476226669362	1031468476226669362	fail	timeout	6863	Duper encountered a (deterministic) timeout. The maximum number of heartbeats 1000000 has been reached (use 'set_option maxHeartbeats <num>' to set the limit)	∀ i_1 ≤ i - 1, i_1 * i_1 * i_1 ≤ x
velvet	duper	5a1180338958908323a921255a8d158cf1f26c95	5a1180338958908323a921255a8d158cf1f26c95	leanprover/lean4:v4.32.2	1	Velvet/Examples/Examples_Total.lean	cbrt_correct	9859620190106577091	9859620190106577091	fail	timeout	5872	Duper encountered a (deterministic) timeout. The maximum number of heartbeats 1000000 has been reached (use 'set_option maxHeartbeats <num>' to set the limit)	(i - 1) * (i - 1) * (i - 1) ≤ x
velvet	duper	5a1180338958908323a921255a8d158cf1f26c95	5a1180338958908323a921255a8d158cf1f26c95	leanprover/lean4:v4.32.2	1	Velvet/Examples/Examples_Total.lean	sqrt_bn_correct	7745518040588453633	7745518040588453633	pass	-	3	-	(r + l) / 2 * ((r + l) / 2) ≤ x
velvet	duper	5a1180338958908323a921255a8d158cf1f26c95	5a1180338958908323a921255a8d158cf1f26c95	leanprover/lean4:v4.32.2	1	Velvet/Examples/Examples_Total.lean	sqrt_bn_correct	7275559839122250210	7275559839122250210	pass	-	2	-	x < r * r
velvet	duper	5a1180338958908323a921255a8d158cf1f26c95	5a1180338958908323a921255a8d158cf1f26c95	leanprover/lean4:v4.32.2	1	Velvet/Examples/Examples_Total.lean	sqrt_bn_correct	17809363630590163151	17809363630590163151	fail	timeout	5921	Duper encountered a (deterministic) timeout. The maximum number of heartbeats 1000000 has been reached (use 'set_option maxHeartbeats <num>' to set the limit)	∀ i ≤ (r + l) / 2, i * i ≤ x
velvet	duper	5a1180338958908323a921255a8d158cf1f26c95	5a1180338958908323a921255a8d158cf1f26c95	leanprover/lean4:v4.32.2	1	Velvet/Examples/Examples_Total.lean	sqrt_bn_correct	3756677303263535492	3756677303263535492	fail	timeout	5495	Duper encountered a (deterministic) timeout. The maximum number of heartbeats 1000000 has been reached (use 'set_option maxHeartbeats <num>' to set the limit)	r - (r + l) / 2 < r - l
velvet	duper	5a1180338958908323a921255a8d158cf1f26c95	5a1180338958908323a921255a8d158cf1f26c95	leanprover/lean4:v4.32.2	1	Velvet/Examples/Examples_Total.lean	sqrt_bn_correct	4049183095434299843	4049183095434299843	pass	-	3	-	l * l ≤ x
velvet	duper	5a1180338958908323a921255a8d158cf1f26c95	5a1180338958908323a921255a8d158cf1f26c95	leanprover/lean4:v4.32.2	1	Velvet/Examples/Examples_Total.lean	sqrt_bn_correct	845228717509319176	845228717509319176	fail	timeout	5660	Duper encountered a (deterministic) timeout. The maximum number of heartbeats 1000000 has been reached (use 'set_option maxHeartbeats <num>' to set the limit)	x < (r + l) / 2 * ((r + l) / 2)
velvet	duper	5a1180338958908323a921255a8d158cf1f26c95	5a1180338958908323a921255a8d158cf1f26c95	leanprover/lean4:v4.32.2	1	Velvet/Examples/Examples_Total.lean	sqrt_bn_correct	14080923781397173690	14080923781397173690	pass	-	192	-	∀ i ≤ l, i * i ≤ x
velvet	duper	5a1180338958908323a921255a8d158cf1f26c95	5a1180338958908323a921255a8d158cf1f26c95	leanprover/lean4:v4.32.2	1	Velvet/Examples/Examples_Total.lean	sqrt_bn_correct	2013384436827156188	2013384436827156188	fail	timeout	5559	Duper encountered a (deterministic) timeout. The maximum number of heartbeats 1000000 has been reached (use 'set_option maxHeartbeats <num>' to set the limit)	(r + l) / 2 - l < r - l
velvet	duper	5a1180338958908323a921255a8d158cf1f26c95	5a1180338958908323a921255a8d158cf1f26c95	leanprover/lean4:v4.32.2	1	Velvet/Examples/Examples_Total.lean	sqrt_bn_correct	4049183095434299843	4049183095434299843	pass	-	2	-	l * l ≤ x
velvet	duper	5a1180338958908323a921255a8d158cf1f26c95	5a1180338958908323a921255a8d158cf1f26c95	leanprover/lean4:v4.32.2	1	Velvet/Examples/Examples_Total.lean	sqrt_bn_correct	7275559839122250210	7275559839122250210	pass	-	2	-	x < r * r
velvet	duper	5a1180338958908323a921255a8d158cf1f26c95	5a1180338958908323a921255a8d158cf1f26c95	leanprover/lean4:v4.32.2	1	Velvet/Examples/Examples_Total.lean	sqrt_bn_correct	14080923781397173690	14080923781397173690	pass	-	134	-	∀ i ≤ l, i * i ≤ x
velvet	duper	5a1180338958908323a921255a8d158cf1f26c95	5a1180338958908323a921255a8d158cf1f26c95	leanprover/lean4:v4.32.2	1	Velvet/Examples/Examples_Total.lean	sqrt_bn_correct	5112937323286018014	5112937323286018014	pass	-	77	-	¬1 < r - l
velvet	duper	5a1180338958908323a921255a8d158cf1f26c95	5a1180338958908323a921255a8d158cf1f26c95	leanprover/lean4:v4.32.2	1	Velvet/Examples/Examples_Total.lean	sqrt_bn_correct	4559485301326837329	4559485301326837329	pass	-	137	-	0 * 0 ≤ x
velvet	duper	5a1180338958908323a921255a8d158cf1f26c95	5a1180338958908323a921255a8d158cf1f26c95	leanprover/lean4:v4.32.2	1	Velvet/Examples/Examples_Total.lean	sqrt_bn_correct	6911359079999020658	6911359079999020658	pass	-	1	-	x < bnd * bnd
velvet	duper	5a1180338958908323a921255a8d158cf1f26c95	5a1180338958908323a921255a8d158cf1f26c95	leanprover/lean4:v4.32.2	1	Velvet/Examples/Examples_Total.lean	sqrt_bn_correct	16395326812896940336	16395326812896940336	fail	timeout	5876	Duper encountered a (deterministic) timeout. The maximum number of heartbeats 1000000 has been reached (use 'set_option maxHeartbeats <num>' to set the limit)	∀ i ≤ 0, i * i ≤ x
velvet	duper	5a1180338958908323a921255a8d158cf1f26c95	5a1180338958908323a921255a8d158cf1f26c95	leanprover/lean4:v4.32.2	1	Velvet/Examples/Examples_Total.lean	sqrt_bn_correct	18362062349273978007	18362062349273978007	fail	timeout	5754	Duper encountered a (deterministic) timeout. The maximum number of heartbeats 1000000 has been reached (use 'set_option maxHeartbeats <num>' to set the limit)	∀ (i_2 : ℕ), i_2 * i_2 ≤ x → i_2 ≤ i
velvet	duper	5a1180338958908323a921255a8d158cf1f26c95	5a1180338958908323a921255a8d158cf1f26c95	leanprover/lean4:v4.32.2	1	Velvet/Examples/Examples_Total.lean	sqrt_bn_correct	8802921734925604215	8802921734925604215	pass	-	165	-	∀ i_2 ≤ i, i_2 * i_2 ≤ x
velvet	duper	5a1180338958908323a921255a8d158cf1f26c95	5a1180338958908323a921255a8d158cf1f26c95	leanprover/lean4:v4.32.2	1	Velvet/Examples/Examples_Total.lean	sqrt_bn_correct	8723303018838369810	8723303018838369810	pass	-	4	-	i * i ≤ x
velvet	duper	5a1180338958908323a921255a8d158cf1f26c95	5a1180338958908323a921255a8d158cf1f26c95	leanprover/lean4:v4.32.2	1	Velvet/Examples/GCD.lean	gcd_correct	4384199359441751320	4384199359441751320	pass	-	1	-	a > 0
velvet	duper	5a1180338958908323a921255a8d158cf1f26c95	5a1180338958908323a921255a8d158cf1f26c95	leanprover/lean4:v4.32.2	1	Velvet/Examples/GCD.lean	gcd_correct	9601099415740649235	9601099415740649235	fail	tactic	219	Duper failed to solve the goal and determined that it will be unable to do so with the current configuration of options and selection of premises	b > 0
velvet	duper	5a1180338958908323a921255a8d158cf1f26c95	5a1180338958908323a921255a8d158cf1f26c95	leanprover/lean4:v4.32.2	1	Velvet/Examples/GCD.lean	gcd_correct	1185000637665826843	1185000637665826843	pass	-	2	-	x > 0
velvet	duper	5a1180338958908323a921255a8d158cf1f26c95	5a1180338958908323a921255a8d158cf1f26c95	leanprover/lean4:v4.32.2	1	Velvet/Examples/IsNonPrime.lean	IsNonPrime_correct	3150397294412475763	3150397294412475763	fail	tactic	3780	Duper failed to solve the goal and determined that it will be unable to do so with the current configuration of options and selection of premises	True ↔ ¬isPrime n
velvet	duper	5a1180338958908323a921255a8d158cf1f26c95	5a1180338958908323a921255a8d158cf1f26c95	leanprover/lean4:v4.32.2	1	Velvet/Examples/IsNonPrime.lean	IsNonPrime_correct	8498703091421742660	8498703091421742660	fail	tactic	1053	Duper failed to solve the goal and determined that it will be unable to do so with the current configuration of options and selection of premises	2 ≤ i + 1
velvet	duper	5a1180338958908323a921255a8d158cf1f26c95	5a1180338958908323a921255a8d158cf1f26c95	leanprover/lean4:v4.32.2	1	Velvet/Examples/IsNonPrime.lean	IsNonPrime_correct	15405612526479945524	15405612526479945524	fail	tactic	1225	Duper failed to solve the goal and determined that it will be unable to do so with the current configuration of options and selection of premises	true = false ↔ ∀ (d : ℕ), 2 ≤ d → d < i + 1 → n % d ≠ 0
velvet	duper	5a1180338958908323a921255a8d158cf1f26c95	5a1180338958908323a921255a8d158cf1f26c95	leanprover/lean4:v4.32.2	1	Velvet/Examples/IsNonPrime.lean	IsNonPrime_correct	3635621084297233985	3635621084297233985	pass	-	220	-	(i + 1 - 1) * (i + 1 - 1) ≤ n
velvet	duper	5a1180338958908323a921255a8d158cf1f26c95	5a1180338958908323a921255a8d158cf1f26c95	leanprover/lean4:v4.32.2	1	Velvet/Examples/IsNonPrime.lean	IsNonPrime_correct	8498703091421742660	8498703091421742660	fail	tactic	961	Duper failed to solve the goal and determined that it will be unable to do so with the current configuration of options and selection of premises	2 ≤ i + 1
velvet	duper	5a1180338958908323a921255a8d158cf1f26c95	5a1180338958908323a921255a8d158cf1f26c95	leanprover/lean4:v4.32.2	1	Velvet/Examples/IsNonPrime.lean	IsNonPrime_correct	15497101072354692966	15497101072354692966	fail	tactic	1576	Duper failed to solve the goal and determined that it will be unable to do so with the current configuration of options and selection of premises	ret = false ↔ ∀ (d : ℕ), 2 ≤ d → d < i + 1 → n % d ≠ 0
velvet	duper	5a1180338958908323a921255a8d158cf1f26c95	5a1180338958908323a921255a8d158cf1f26c95	leanprover/lean4:v4.32.2	1	Velvet/Examples/IsNonPrime.lean	IsNonPrime_correct	3635621084297233985	3635621084297233985	pass	-	211	-	(i + 1 - 1) * (i + 1 - 1) ≤ n
velvet	duper	5a1180338958908323a921255a8d158cf1f26c95	5a1180338958908323a921255a8d158cf1f26c95	leanprover/lean4:v4.32.2	1	Velvet/Examples/IsNonPrime.lean	IsNonPrime_correct	8419734978408419013	8419734978408419013	pass	-	3	-	2 ≤ i
velvet	duper	5a1180338958908323a921255a8d158cf1f26c95	5a1180338958908323a921255a8d158cf1f26c95	leanprover/lean4:v4.32.2	1	Velvet/Examples/IsNonPrime.lean	IsNonPrime_correct	18150307703072330979	18150307703072330979	pass	-	3	-	ret = false ↔ ∀ (d : ℕ), 2 ≤ d → d < i → n % d ≠ 0
velvet	duper	5a1180338958908323a921255a8d158cf1f26c95	5a1180338958908323a921255a8d158cf1f26c95	leanprover/lean4:v4.32.2	1	Velvet/Examples/IsNonPrime.lean	IsNonPrime_correct	1456886557593529150	1456886557593529150	pass	-	2	-	(i - 1) * (i - 1) ≤ n
velvet	duper	5a1180338958908323a921255a8d158cf1f26c95	5a1180338958908323a921255a8d158cf1f26c95	leanprover/lean4:v4.32.2	1	Velvet/Examples/IsNonPrime.lean	IsNonPrime_correct	16017810969246570786	16017810969246570786	pass	-	83	-	¬i * i ≤ n
velvet	duper	5a1180338958908323a921255a8d158cf1f26c95	5a1180338958908323a921255a8d158cf1f26c95	leanprover/lean4:v4.32.2	1	Velvet/Examples/IsNonPrime.lean	IsNonPrime_correct	12543135627460772462	12543135627460772462	pass	-	30	-	2 ≤ 2
velvet	duper	5a1180338958908323a921255a8d158cf1f26c95	5a1180338958908323a921255a8d158cf1f26c95	leanprover/lean4:v4.32.2	1	Velvet/Examples/IsNonPrime.lean	IsNonPrime_correct	1572539502098385654	1572539502098385654	fail	tactic	319	Duper failed to solve the goal and determined that it will be unable to do so with the current configuration of options and selection of premises	True ↔ ∀ (d : ℕ), 2 ≤ d → d < 2 → n % d ≠ 0
velvet	duper	5a1180338958908323a921255a8d158cf1f26c95	5a1180338958908323a921255a8d158cf1f26c95	leanprover/lean4:v4.32.2	1	Velvet/Examples/IsNonPrime.lean	IsNonPrime_correct	11076373139303988464	11076373139303988464	fail	tactic	178	Duper failed to solve the goal and determined that it will be unable to do so with the current configuration of options and selection of premises	(2 - 1) * (2 - 1) ≤ n
velvet	duper	5a1180338958908323a921255a8d158cf1f26c95	5a1180338958908323a921255a8d158cf1f26c95	leanprover/lean4:v4.32.2	1	Velvet/Examples/IsNonPrime.lean	IsNonPrime_correct	15559572021364972958	15559572021364972958	fail	tactic	1102	Duper failed to solve the goal and determined that it will be unable to do so with the current configuration of options and selection of premises	ret_1 = true ↔ ¬isPrime n
velvet	duper	5a1180338958908323a921255a8d158cf1f26c95	5a1180338958908323a921255a8d158cf1f26c95	leanprover/lean4:v4.32.2	1	Velvet/Examples/IsSorted.lean	IsSorted_correct	11207960766534651515	11207960766534651515	fail	tactic	4663	Duper failed to solve the goal and determined that it will be unable to do so with the current configuration of options and selection of premises	0 ≤ i + 1 ∧ i + 1 ≤ a.size - 1
velvet	duper	5a1180338958908323a921255a8d158cf1f26c95	5a1180338958908323a921255a8d158cf1f26c95	leanprover/lean4:v4.32.2	1	Velvet/Examples/IsSorted.lean	IsSorted_correct	4413675682266163545	4413675682266163545	fail	tactic	6202	Duper failed to solve the goal and determined that it will be unable to do so with the current configuration of options and selection of premises	false = true → ∀ (k : ℕ), 0 ≤ k → k < i + 1 → a[k]! ≤ a[k + 1]!
velvet	duper	5a1180338958908323a921255a8d158cf1f26c95	5a1180338958908323a921255a8d158cf1f26c95	leanprover/lean4:v4.32.2	1	Velvet/Examples/IsSorted.lean	IsSorted_correct	9518487208184120090	9518487208184120090	pass	-	354	-	∃ k, 0 ≤ k ∧ k < a.size - 1 ∧ a[k]! > a[k + 1]!
velvet	duper	5a1180338958908323a921255a8d158cf1f26c95	5a1180338958908323a921255a8d158cf1f26c95	leanprover/lean4:v4.32.2	1	Velvet/Examples/IsSorted.lean	IsSorted_correct	11207960766534651515	11207960766534651515	fail	tactic	4551	Duper failed to solve the goal and determined that it will be unable to do so with the current configuration of options and selection of premises	0 ≤ i + 1 ∧ i + 1 ≤ a.size - 1
velvet	duper	5a1180338958908323a921255a8d158cf1f26c95	5a1180338958908323a921255a8d158cf1f26c95	leanprover/lean4:v4.32.2	1	Velvet/Examples/IsSorted.lean	IsSorted_correct	16465854614385299804	16465854614385299804	fail	tactic	5306	Duper failed to solve the goal and determined that it will be unable to do so with the current configuration of options and selection of premises	sorted = true → ∀ (k : ℕ), 0 ≤ k → k < i + 1 → a[k]! ≤ a[k + 1]!
velvet	duper	5a1180338958908323a921255a8d158cf1f26c95	5a1180338958908323a921255a8d158cf1f26c95	leanprover/lean4:v4.32.2	1	Velvet/Examples/IsSorted.lean	IsSorted_correct	1749803822950348457	1749803822950348457	pass	-	589	-	sorted = false → ∃ k, 0 ≤ k ∧ k < a.size - 1 ∧ a[k]! > a[k + 1]!
velvet	duper	5a1180338958908323a921255a8d158cf1f26c95	5a1180338958908323a921255a8d158cf1f26c95	leanprover/lean4:v4.32.2	1	Velvet/Examples/IsSorted.lean	IsSorted_correct	6461838523585744673	6461838523585744673	pass	-	285	-	0 ≤ i ∧ i ≤ a.size - 1
velvet	duper	5a1180338958908323a921255a8d158cf1f26c95	5a1180338958908323a921255a8d158cf1f26c95	leanprover/lean4:v4.32.2	1	Velvet/Examples/IsSorted.lean	IsSorted_correct	5698263445699273715	5698263445699273715	pass	-	474	-	sorted = true → ∀ (k : ℕ), 0 ≤ k → k < i → a[k]! ≤ a[k + 1]!
velvet	duper	5a1180338958908323a921255a8d158cf1f26c95	5a1180338958908323a921255a8d158cf1f26c95	leanprover/lean4:v4.32.2	1	Velvet/Examples/IsSorted.lean	IsSorted_correct	1749803822950348457	1749803822950348457	pass	-	484	-	sorted = false → ∃ k, 0 ≤ k ∧ k < a.size - 1 ∧ a[k]! > a[k + 1]!
velvet	duper	5a1180338958908323a921255a8d158cf1f26c95	5a1180338958908323a921255a8d158cf1f26c95	leanprover/lean4:v4.32.2	1	Velvet/Examples/IsSorted.lean	IsSorted_correct	16458001095677251802	16458001095677251802	fail	tactic	4303	Duper failed to solve the goal and determined that it will be unable to do so with the current configuration of options and selection of premises	i = a.size - 1 ∨ sorted = false
velvet	duper	5a1180338958908323a921255a8d158cf1f26c95	5a1180338958908323a921255a8d158cf1f26c95	leanprover/lean4:v4.32.2	1	Velvet/Examples/IsSorted.lean	IsSorted_correct	11716511832970583731	11716511832970583731	pass	-	741	-	0 ≤ 0 ∧ 0 ≤ a.size - 1
velvet	duper	5a1180338958908323a921255a8d158cf1f26c95	5a1180338958908323a921255a8d158cf1f26c95	leanprover/lean4:v4.32.2	1	Velvet/Examples/IsSorted.lean	IsSorted_correct	13412663338101939313	13412663338101939313	pass	-	1339	-	∀ (k : ℕ), 0 ≤ k → k < 0 → a[k]! ≤ a[k + 1]!
velvet	duper	5a1180338958908323a921255a8d158cf1f26c95	5a1180338958908323a921255a8d158cf1f26c95	leanprover/lean4:v4.32.2	1	Velvet/Examples/IsSorted.lean	IsSorted_correct	10877051663303345536	10877051663303345536	fail	tactic	3311	Duper failed to solve the goal and determined that it will be unable to do so with the current configuration of options and selection of premises	true = false → ∃ k, 0 ≤ k ∧ k < a.size - 1 ∧ a[k]! > a[k + 1]!
velvet	duper	5a1180338958908323a921255a8d158cf1f26c95	5a1180338958908323a921255a8d158cf1f26c95	leanprover/lean4:v4.32.2	1	Velvet/Examples/IsSorted.lean	IsSorted_correct	2102916384874846137	2102916384874846137	fail	timeout	6619	Duper encountered a (deterministic) timeout. The maximum number of heartbeats 1000000 has been reached (use 'set_option maxHeartbeats <num>' to set the limit)	sorted_1 = true ↔ ∀ (i j : ℕ), 0 ≤ i → i < j → j < a.size → a[i]! ≤ a[j]!
velvet	duper	5a1180338958908323a921255a8d158cf1f26c95	5a1180338958908323a921255a8d158cf1f26c95	leanprover/lean4:v4.32.2	1	Velvet/Examples/MaxElem.lean	maxElem_correct	6189042491608852705	6189042491608852705	fail	tactic	711	Duper failed to solve the goal and determined that it will be unable to do so with the current configuration of options and selection of premises	0 ≤ i + 1 ∧ i + 1 ≤ arr.size
velvet	duper	5a1180338958908323a921255a8d158cf1f26c95	5a1180338958908323a921255a8d158cf1f26c95	leanprover/lean4:v4.32.2	1	Velvet/Examples/MaxElem.lean	maxElem_correct	13979591039540523316	13979591039540523316	fail	tactic	723	Duper failed to solve the goal and determined that it will be unable to do so with the current configuration of options and selection of premises	∀ j < i + 1, arr[i]! ≥ arr[j]!
velvet	duper	5a1180338958908323a921255a8d158cf1f26c95	5a1180338958908323a921255a8d158cf1f26c95	leanprover/lean4:v4.32.2	1	Velvet/Examples/MaxElem.lean	maxElem_correct	6189042491608852705	6189042491608852705	fail	tactic	636	Duper failed to solve the goal and determined that it will be unable to do so with the current configuration of options and selection of premises	0 ≤ i + 1 ∧ i + 1 ≤ arr.size
velvet	duper	5a1180338958908323a921255a8d158cf1f26c95	5a1180338958908323a921255a8d158cf1f26c95	leanprover/lean4:v4.32.2	1	Velvet/Examples/MaxElem.lean	maxElem_correct	3496913807798796367	3496913807798796367	fail	tactic	658	Duper failed to solve the goal and determined that it will be unable to do so with the current configuration of options and selection of premises	∀ j < i + 1, mx ≥ arr[j]!
velvet	duper	5a1180338958908323a921255a8d158cf1f26c95	5a1180338958908323a921255a8d158cf1f26c95	leanprover/lean4:v4.32.2	1	Velvet/Examples/MaxElem.lean	maxElem_correct	13935834157065255340	13935834157065255340	pass	-	102	-	0 ≤ i ∧ i ≤ arr.size
velvet	duper	5a1180338958908323a921255a8d158cf1f26c95	5a1180338958908323a921255a8d158cf1f26c95	leanprover/lean4:v4.32.2	1	Velvet/Examples/MaxElem.lean	maxElem_correct	10716558625718226994	10716558625718226994	pass	-	111	-	∀ j < i, mx ≥ arr[j]!
velvet	duper	5a1180338958908323a921255a8d158cf1f26c95	5a1180338958908323a921255a8d158cf1f26c95	leanprover/lean4:v4.32.2	1	Velvet/Examples/MaxElem.lean	maxElem_correct	12429897440204793908	12429897440204793908	fail	tactic	324	Duper failed to solve the goal and determined that it will be unable to do so with the current configuration of options and selection of premises	i = arr.size
velvet	duper	5a1180338958908323a921255a8d158cf1f26c95	5a1180338958908323a921255a8d158cf1f26c95	leanprover/lean4:v4.32.2	1	Velvet/Examples/MaxElem.lean	maxElem_correct	6662270672118944889	6662270672118944889	fail	tactic	234	Duper failed to solve the goal and determined that it will be unable to do so with the current configuration of options and selection of premises	0 ≤ 0 + 1 ∧ 0 + 1 ≤ arr.size
velvet	duper	5a1180338958908323a921255a8d158cf1f26c95	5a1180338958908323a921255a8d158cf1f26c95	leanprover/lean4:v4.32.2	1	Velvet/Examples/MaxElem.lean	maxElem_correct	10294878435885712953	10294878435885712953	fail	tactic	215	Duper failed to solve the goal and determined that it will be unable to do so with the current configuration of options and selection of premises	∀ j < 0 + 1, arr[0]! ≥ arr[j]!
velvet	duper	5a1180338958908323a921255a8d158cf1f26c95	5a1180338958908323a921255a8d158cf1f26c95	leanprover/lean4:v4.32.2	1	Velvet/Examples/MaxElem.lean	maxElem_correct	15821608085576758365	15821608085576758365	pass	-	140	-	isMax mx_1 arr
velvet	duper	5a1180338958908323a921255a8d158cf1f26c95	5a1180338958908323a921255a8d158cf1f26c95	leanprover/lean4:v4.32.2	1	Velvet/Examples/MemAlloc.lean	mem_alloc_correct	633235845480694220	633235845480694220	fail	tactic	5938	Duper failed to solve the goal and determined that it will be unable to do so with the current configuration of options and selection of premises	∀ (b : addr),   List.find? (fun x => decide (block_size x ≥ size)) Ps = some b → 0 = b ∧ distPath nextOld free_listOld (Ps.erase b) 0
velvet	duper	5a1180338958908323a921255a8d158cf1f26c95	5a1180338958908323a921255a8d158cf1f26c95	leanprover/lean4:v4.32.2	1	Velvet/Examples/MemAlloc.lean	mem_alloc_correct	12262280732602434251	12262280732602434251	fail	tactic	189	Duper failed to solve the goal and determined that it will be unable to do so with the current configuration of options and selection of premises	∀ (b : addr),   List.find? (fun x => decide (block_size x ≥ size)) Ps = some b →     free_listOld = b ∧ distPath nextOld (nextOld free_listOld) (Ps.erase b) 0
velvet	duper	5a1180338958908323a921255a8d158cf1f26c95	5a1180338958908323a921255a8d158cf1f26c95	leanprover/lean4:v4.32.2	1	Velvet/Examples/MemAlloc.lean	mem_alloc_correct	5395433166570123997	5395433166570123997	pass	-	174	-	distPath nextOld free_listOld Ps 0
velvet	duper	5a1180338958908323a921255a8d158cf1f26c95	5a1180338958908323a921255a8d158cf1f26c95	leanprover/lean4:v4.32.2	1	Velvet/Examples/MemAlloc.lean	mem_alloc_correct	7858921023181799469	7858921023181799469	fail	tactic	951	Duper failed to solve the goal and determined that it will be unable to do so with the current configuration of options and selection of premises	∃ Qs, distPath nextOld free_listOld Qs (nextOld p) ∧ ∀ a ∈ Qs, block_size a < size
velvet	duper	5a1180338958908323a921255a8d158cf1f26c95	5a1180338958908323a921255a8d158cf1f26c95	leanprover/lean4:v4.32.2	1	Velvet/Examples/MemAlloc.lean	mem_alloc_correct	12307778664191690486	12307778664191690486	pass	-	156	-	∃ Qs, distPath nextOld free_listOld Qs p
velvet	duper	5a1180338958908323a921255a8d158cf1f26c95	5a1180338958908323a921255a8d158cf1f26c95	leanprover/lean4:v4.32.2	1	Velvet/Examples/MemAlloc.lean	mem_alloc_correct	14651957694487509304	14651957694487509304	pass	-	89	-	p ≠ 0
velvet	duper	5a1180338958908323a921255a8d158cf1f26c95	5a1180338958908323a921255a8d158cf1f26c95	leanprover/lean4:v4.32.2	1	Velvet/Examples/MemAlloc.lean	mem_alloc_correct	5395433166570123997	5395433166570123997	pass	-	127	-	distPath nextOld free_listOld Ps 0
velvet	duper	5a1180338958908323a921255a8d158cf1f26c95	5a1180338958908323a921255a8d158cf1f26c95	leanprover/lean4:v4.32.2	1	Velvet/Examples/MemAlloc.lean	mem_alloc_correct	12933711973000179377	12933711973000179377	pass	-	6	-	∃ Qs, distPath nextOld free_listOld Qs p ∧ ∀ a ∈ Qs, block_size a < size
velvet	duper	5a1180338958908323a921255a8d158cf1f26c95	5a1180338958908323a921255a8d158cf1f26c95	leanprover/lean4:v4.32.2	1	Velvet/Examples/MemAlloc.lean	mem_alloc_correct	1502598827083788742	1502598827083788742	pass	-	5	-	p = nextOld q
velvet	duper	5a1180338958908323a921255a8d158cf1f26c95	5a1180338958908323a921255a8d158cf1f26c95	leanprover/lean4:v4.32.2	1	Velvet/Examples/MemAlloc.lean	mem_alloc_correct	5948121399058639032	5948121399058639032	pass	-	5	-	∃ Qs, distPath nextOld free_listOld Qs q
velvet	duper	5a1180338958908323a921255a8d158cf1f26c95	5a1180338958908323a921255a8d158cf1f26c95	leanprover/lean4:v4.32.2	1	Velvet/Examples/MemAlloc.lean	mem_alloc_correct	7320909626913503829	7320909626913503829	pass	-	89	-	q ≠ 0
velvet	duper	5a1180338958908323a921255a8d158cf1f26c95	5a1180338958908323a921255a8d158cf1f26c95	leanprover/lean4:v4.32.2	1	Velvet/Examples/MemAlloc.lean	mem_alloc_correct	13680370559755953061	13680370559755953061	pass	-	110	-	¬(p ≠ 0 ∧ block_size p < size)
velvet	duper	5a1180338958908323a921255a8d158cf1f26c95	5a1180338958908323a921255a8d158cf1f26c95	leanprover/lean4:v4.32.2	1	Velvet/Examples/MemAlloc.lean	mem_alloc_correct	5395433166570123997	5395433166570123997	pass	-	51	-	distPath nextOld free_listOld Ps 0
velvet	duper	5a1180338958908323a921255a8d158cf1f26c95	5a1180338958908323a921255a8d158cf1f26c95	leanprover/lean4:v4.32.2	1	Velvet/Examples/MemAlloc.lean	mem_alloc_correct	9725332222063365643	9725332222063365643	fail	tactic	481	Duper failed to solve the goal and determined that it will be unable to do so with the current configuration of options and selection of premises	∃ Qs, distPath nextOld free_listOld Qs (nextOld free_listOld) ∧ ∀ a ∈ Qs, block_size a < size
velvet	duper	5a1180338958908323a921255a8d158cf1f26c95	5a1180338958908323a921255a8d158cf1f26c95	leanprover/lean4:v4.32.2	1	Velvet/Examples/MemAlloc.lean	mem_alloc_correct	400422252958227942	400422252958227942	fail	tactic	149	Duper failed to solve the goal and determined that it will be unable to do so with the current configuration of options and selection of premises	∃ Qs, distPath nextOld free_listOld Qs free_listOld
velvet	duper	5a1180338958908323a921255a8d158cf1f26c95	5a1180338958908323a921255a8d158cf1f26c95	leanprover/lean4:v4.32.2	1	Velvet/Examples/MemAlloc.lean	mem_alloc_correct	880346177993498408	880346177993498408	pass	-	42	-	free_listOld ≠ 0
velvet	duper	5a1180338958908323a921255a8d158cf1f26c95	5a1180338958908323a921255a8d158cf1f26c95	leanprover/lean4:v4.32.2	1	Velvet/Examples/MemAlloc.lean	mem_alloc_correct	15369885961681168000	15369885961681168000	fail	tactic	608	Duper failed to solve the goal and determined that it will be unable to do so with the current configuration of options and selection of premises	∀ (b : addr),   List.find? (fun x => decide (block_size x ≥ size)) Ps = some b →     i = b ∧ distPath (Function.update nextOld q_1 (nextOld i)) free_listOld (Ps.erase b) 0
velvet	duper	5a1180338958908323a921255a8d158cf1f26c95	5a1180338958908323a921255a8d158cf1f26c95	leanprover/lean4:v4.32.2	1	Velvet/Examples/MemAlloc.lean	mem_alloc_correct	633235845480694220	633235845480694220	fail	tactic	523	Duper failed to solve the goal and determined that it will be unable to do so with the current configuration of options and selection of premises	∀ (b : addr),   List.find? (fun x => decide (block_size x ≥ size)) Ps = some b → 0 = b ∧ distPath nextOld free_listOld (Ps.erase b) 0
velvet	duper	5a1180338958908323a921255a8d158cf1f26c95	5a1180338958908323a921255a8d158cf1f26c95	leanprover/lean4:v4.32.2	1	Velvet/Examples/Recursion.lean	simple_recursion_correct	9632926918213658529	9632926918213658529	pass	-	1	-	0 = x
velvet	duper	5a1180338958908323a921255a8d158cf1f26c95	5a1180338958908323a921255a8d158cf1f26c95	leanprover/lean4:v4.32.2	1	Velvet/Examples/Recursion.lean	simple_recursion_correct	16321134497628070328	16321134497628070328	fail	tactic	135	Duper failed to solve the goal and determined that it will be unable to do so with the current configuration of options and selection of premises	x_1 + 1 = x
velvet	duper	5a1180338958908323a921255a8d158cf1f26c95	5a1180338958908323a921255a8d158cf1f26c95	leanprover/lean4:v4.32.2	1	Velvet/Examples/Recursion.lean	pickGreater_correct	15399959404188881270	15399959404188881270	fail	tactic	61	Duper failed to solve the goal and determined that it will be unable to do so with the current configuration of options and selection of premises	∃ h, h > inp + 200
velvet	duper	5a1180338958908323a921255a8d158cf1f26c95	5a1180338958908323a921255a8d158cf1f26c95	leanprover/lean4:v4.32.2	1	Velvet/Examples/Recursion.lean	pickGreater_correct	6729724634728447689	6729724634728447689	fail	tactic	94	Duper failed to solve the goal and determined that it will be unable to do so with the current configuration of options and selection of premises	i > inp + 10
velvet	duper	5a1180338958908323a921255a8d158cf1f26c95	5a1180338958908323a921255a8d158cf1f26c95	leanprover/lean4:v4.32.2	1	Velvet/Examples/Recursion.lean	pickGreaterN_correct	6331840417009367668	6331840417009367668	pass	-	33	-	0 ≥ n * 10
velvet	duper	5a1180338958908323a921255a8d158cf1f26c95	5a1180338958908323a921255a8d158cf1f26c95	leanprover/lean4:v4.32.2	1	Velvet/Examples/Recursion.lean	pickGreaterN_correct	928177310960349346	928177310960349346	fail	tactic	471	Duper failed to solve the goal and determined that it will be unable to do so with the current configuration of options and selection of premises	x_1 ≥ n * 10
velvet	duper	5a1180338958908323a921255a8d158cf1f26c95	5a1180338958908323a921255a8d158cf1f26c95	leanprover/lean4:v4.32.2	1	Velvet/Examples/Recursion.lean	calc_fact_correct	14502607232842720358	14502607232842720358	pass	-	152	-	fact n = 0
velvet	duper	5a1180338958908323a921255a8d158cf1f26c95	5a1180338958908323a921255a8d158cf1f26c95	leanprover/lean4:v4.32.2	1	Velvet/Examples/Recursion.lean	calc_fact_correct	5360899794933563671	5360899794933563671	pass	-	133	-	i + 1 ≤ n
velvet	duper	5a1180338958908323a921255a8d158cf1f26c95	5a1180338958908323a921255a8d158cf1f26c95	leanprover/lean4:v4.32.2	1	Velvet/Examples/Recursion.lean	calc_fact_correct	16083086069592683677	16083086069592683677	fail	tactic	627	Duper failed to solve the goal and determined that it will be unable to do so with the current configuration of options and selection of premises	(i + 1) * x = ans + x_1
velvet	duper	5a1180338958908323a921255a8d158cf1f26c95	5a1180338958908323a921255a8d158cf1f26c95	leanprover/lean4:v4.32.2	1	Velvet/Examples/Recursion.lean	calc_fact_correct	17426933449823366573	17426933449823366573	fail	tactic	593	Duper failed to solve the goal and determined that it will be unable to do so with the current configuration of options and selection of premises	n - (i + 1) < n - i
velvet	duper	5a1180338958908323a921255a8d158cf1f26c95	5a1180338958908323a921255a8d158cf1f26c95	leanprover/lean4:v4.32.2	1	Velvet/Examples/Recursion.lean	calc_fact_correct	8436330743851721663	8436330743851721663	pass	-	2	-	i ≤ n
velvet	duper	5a1180338958908323a921255a8d158cf1f26c95	5a1180338958908323a921255a8d158cf1f26c95	leanprover/lean4:v4.32.2	1	Velvet/Examples/Recursion.lean	calc_fact_correct	5516634396000359850	5516634396000359850	pass	-	2	-	i * x = ans
velvet	duper	5a1180338958908323a921255a8d158cf1f26c95	5a1180338958908323a921255a8d158cf1f26c95	leanprover/lean4:v4.32.2	1	Velvet/Examples/Recursion.lean	calc_fact_correct	3040060259141493307	3040060259141493307	pass	-	94	-	¬i < n
velvet	duper	5a1180338958908323a921255a8d158cf1f26c95	5a1180338958908323a921255a8d158cf1f26c95	leanprover/lean4:v4.32.2	1	Velvet/Examples/Recursion.lean	calc_fact_correct	8843960039229350233	8843960039229350233	pass	-	150	-	0 ≤ n
velvet	duper	5a1180338958908323a921255a8d158cf1f26c95	5a1180338958908323a921255a8d158cf1f26c95	leanprover/lean4:v4.32.2	1	Velvet/Examples/Recursion.lean	calc_fact_correct	414362943496193222	414362943496193222	fail	tactic	321	Duper failed to solve the goal and determined that it will be unable to do so with the current configuration of options and selection of premises	0 * x = 0
velvet	duper	5a1180338958908323a921255a8d158cf1f26c95	5a1180338958908323a921255a8d158cf1f26c95	leanprover/lean4:v4.32.2	1	Velvet/Examples/Recursion.lean	calc_fact_correct	17682712502848666117	17682712502848666117	fail	tactic	528	Duper failed to solve the goal and determined that it will be unable to do so with the current configuration of options and selection of premises	fact n = i_1
velvet	duper	5a1180338958908323a921255a8d158cf1f26c95	5a1180338958908323a921255a8d158cf1f26c95	leanprover/lean4:v4.32.2	1	Velvet/Examples/Recursion.lean	SimpleOption_correct	10153057550358142642	10153057550358142642	pass	-	65	-	1 > 0
velvet	duper	5a1180338958908323a921255a8d158cf1f26c95	5a1180338958908323a921255a8d158cf1f26c95	leanprover/lean4:v4.32.2	1	Velvet/Examples/Recursion.lean	SimpleOption_correct	1511426402368662420	1511426402368662420	pass	-	79	-	val✝ + 2 > 0
velvet	duper	5a1180338958908323a921255a8d158cf1f26c95	5a1180338958908323a921255a8d158cf1f26c95	leanprover/lean4:v4.32.2	1	Velvet/Examples/Recursion.lean	SimpleList_correct	12303175613740643342	12303175613740643342	fail	tactic	314	Duper failed to solve the goal and determined that it will be unable to do so with the current configuration of options and selection of premises	x + i > 0
velvet	duper	5a1180338958908323a921255a8d158cf1f26c95	5a1180338958908323a921255a8d158cf1f26c95	leanprover/lean4:v4.32.2	1	Velvet/Examples/Recursion.lean	SimpleList_correct	10153057550358142642	10153057550358142642	pass	-	94	-	1 > 0
velvet	duper	5a1180338958908323a921255a8d158cf1f26c95	5a1180338958908323a921255a8d158cf1f26c95	leanprover/lean4:v4.32.2	1	Velvet/Examples/Recursion.lean	insertTree_correct	419217539048902517	419217539048902517	pass	-	46	-	∀ (x : ℕ), x = elem ∨ contains (mt1.Leaf a✝) x ↔ contains (mt1.Leaf a✝) x
velvet	duper	5a1180338958908323a921255a8d158cf1f26c95	5a1180338958908323a921255a8d158cf1f26c95	leanprover/lean4:v4.32.2	1	Velvet/Examples/Recursion.lean	insertTree_correct	785945476856620183	785945476856620183	pass	-	2	-	contains (mt1.Leaf a✝) elem
velvet	duper	5a1180338958908323a921255a8d158cf1f26c95	5a1180338958908323a921255a8d158cf1f26c95	leanprover/lean4:v4.32.2	1	Velvet/Examples/Recursion.lean	insertTree_correct	14100858011260313832	14100858011260313832	pass	-	89	-	∀ (x : ℕ), x = elem ∨ contains (mt1.Leaf a✝) x ↔ contains ((mt1.Leaf a✝).Node mt1.Empty elem) x
velvet	duper	5a1180338958908323a921255a8d158cf1f26c95	5a1180338958908323a921255a8d158cf1f26c95	leanprover/lean4:v4.32.2	1	Velvet/Examples/Recursion.lean	insertTree_correct	5439148242694091386	5439148242694091386	pass	-	72	-	(∀ (x : ℕ), contains (mt1.Leaf a✝) x → x < elem) ∧ ∀ (x : ℕ), contains mt1.Empty x → x > elem
velvet	duper	5a1180338958908323a921255a8d158cf1f26c95	5a1180338958908323a921255a8d158cf1f26c95	leanprover/lean4:v4.32.2	1	Velvet/Examples/Recursion.lean	insertTree_correct	13358020527010658417	13358020527010658417	pass	-	34	-	contains ((mt1.Leaf a✝).Node mt1.Empty elem) elem
velvet	duper	5a1180338958908323a921255a8d158cf1f26c95	5a1180338958908323a921255a8d158cf1f26c95	leanprover/lean4:v4.32.2	1	Velvet/Examples/Recursion.lean	insertTree_correct	8603391761408256204	8603391761408256204	pass	-	85	-	∀ (x : ℕ), x = elem ∨ contains (mt1.Leaf a✝) x ↔ contains (mt1.Empty.Node (mt1.Leaf a✝) elem) x
velvet	duper	5a1180338958908323a921255a8d158cf1f26c95	5a1180338958908323a921255a8d158cf1f26c95	leanprover/lean4:v4.32.2	1	Velvet/Examples/Recursion.lean	insertTree_correct	403261720200322615	403261720200322615	fail	tactic	336	Duper failed to solve the goal and determined that it will be unable to do so with the current configuration of options and selection of premises	(∀ (x : ℕ), contains mt1.Empty x → x < elem) ∧ ∀ (x : ℕ), contains (mt1.Leaf a✝) x → x > elem
velvet	duper	5a1180338958908323a921255a8d158cf1f26c95	5a1180338958908323a921255a8d158cf1f26c95	leanprover/lean4:v4.32.2	1	Velvet/Examples/Recursion.lean	insertTree_correct	13334821868243949956	13334821868243949956	pass	-	32	-	contains (mt1.Empty.Node (mt1.Leaf a✝) elem) elem
velvet	duper	5a1180338958908323a921255a8d158cf1f26c95	5a1180338958908323a921255a8d158cf1f26c95	leanprover/lean4:v4.32.2	1	Velvet/Examples/Recursion.lean	insertTree_correct	10034441991535992553	10034441991535992553	pass	-	41	-	∀ (x : ℕ), x = elem ∨ contains mt1.Empty x ↔ contains (mt1.Leaf elem) x
velvet	duper	5a1180338958908323a921255a8d158cf1f26c95	5a1180338958908323a921255a8d158cf1f26c95	leanprover/lean4:v4.32.2	1	Velvet/Examples/Recursion.lean	insertTree_correct	8410732340261024813	8410732340261024813	pass	-	152	-	∀ (x : ℕ), x = elem ∨ contains (a✝².Node a✝¹ a✝) x ↔ contains (a✝².Node a✝¹ a✝) x
velvet	duper	5a1180338958908323a921255a8d158cf1f26c95	5a1180338958908323a921255a8d158cf1f26c95	leanprover/lean4:v4.32.2	1	Velvet/Examples/Recursion.lean	insertTree_correct	13887296291903300382	13887296291903300382	pass	-	357	-	ordered_tree (a✝².Node a✝¹ a✝)
velvet	duper	5a1180338958908323a921255a8d158cf1f26c95	5a1180338958908323a921255a8d158cf1f26c95	leanprover/lean4:v4.32.2	1	Velvet/Examples/Recursion.lean	insertTree_correct	6517665507579609563	6517665507579609563	pass	-	59	-	contains (a✝².Node a✝¹ a✝) elem
velvet	duper	5a1180338958908323a921255a8d158cf1f26c95	5a1180338958908323a921255a8d158cf1f26c95	leanprover/lean4:v4.32.2	1	Velvet/Examples/Recursion.lean	insertTree_correct	1926823926199498616	1926823926199498616	pass	-	4	-	ordered_tree a✝¹
velvet	duper	5a1180338958908323a921255a8d158cf1f26c95	5a1180338958908323a921255a8d158cf1f26c95	leanprover/lean4:v4.32.2	1	Velvet/Examples/Recursion.lean	insertTree_correct	4691160922418792609	4691160922418792609	pass	-	384	-	∀ (x_1 : ℕ), x_1 = elem ∨ contains (a✝².Node a✝¹ a✝) x_1 ↔ contains (a✝².Node x a✝) x_1
velvet	duper	5a1180338958908323a921255a8d158cf1f26c95	5a1180338958908323a921255a8d158cf1f26c95	leanprover/lean4:v4.32.2	1	Velvet/Examples/Recursion.lean	insertTree_correct	5459752633259142580	5459752633259142580	pass	-	555	-	ordered_tree (a✝².Node x a✝)
velvet	duper	5a1180338958908323a921255a8d158cf1f26c95	5a1180338958908323a921255a8d158cf1f26c95	leanprover/lean4:v4.32.2	1	Velvet/Examples/Recursion.lean	insertTree_correct	14235806948139691359	14235806948139691359	pass	-	104	-	contains (a✝².Node x a✝) elem
velvet	duper	5a1180338958908323a921255a8d158cf1f26c95	5a1180338958908323a921255a8d158cf1f26c95	leanprover/lean4:v4.32.2	1	Velvet/Examples/Recursion.lean	insertTree_correct	275146994291977655	275146994291977655	pass	-	133178	-	ordered_tree a✝²
velvet	duper	5a1180338958908323a921255a8d158cf1f26c95	5a1180338958908323a921255a8d158cf1f26c95	leanprover/lean4:v4.32.2	1	Velvet/Examples/Recursion.lean	insertTree_correct	7037529583856086989	7037529583856086989	pass	-	469	-	∀ (x_1 : ℕ), x_1 = elem ∨ contains (a✝².Node a✝¹ a✝) x_1 ↔ contains (x.Node a✝¹ a✝) x_1
velvet	duper	5a1180338958908323a921255a8d158cf1f26c95	5a1180338958908323a921255a8d158cf1f26c95	leanprover/lean4:v4.32.2	1	Velvet/Examples/Recursion.lean	insertTree_correct	5348143843544294657	5348143843544294657	fail	timeout	6214	Duper encountered a (deterministic) timeout. The maximum number of heartbeats 1000000 has been reached (use 'set_option maxHeartbeats <num>' to set the limit)	ordered_tree (x.Node a✝¹ a✝)
velvet	duper	5a1180338958908323a921255a8d158cf1f26c95	5a1180338958908323a921255a8d158cf1f26c95	leanprover/lean4:v4.32.2	1	Velvet/Examples/Recursion.lean	insertTree_correct	11865403806314311412	11865403806314311412	pass	-	92	-	contains (x.Node a✝¹ a✝) elem
velvet	duper	5a1180338958908323a921255a8d158cf1f26c95	5a1180338958908323a921255a8d158cf1f26c95	leanprover/lean4:v4.32.2	1	Velvet/Examples/Recursion.lean	complex_measure_binsearch_correct	4528940613904177901	4528940613904177901	fail	tactic	516	Duper failed to solve the goal and determined that it will be unable to do so with the current configuration of options and selection of premises	x ≤ (l + 1) * (l + 1)
velvet	duper	5a1180338958908323a921255a8d158cf1f26c95	5a1180338958908323a921255a8d158cf1f26c95	leanprover/lean4:v4.32.2	1	Velvet/Examples/Recursion.lean	complex_measure_binsearch_correct	4049183095434299843	4049183095434299843	pass	-	1	-	l * l ≤ x
velvet	duper	5a1180338958908323a921255a8d158cf1f26c95	5a1180338958908323a921255a8d158cf1f26c95	leanprover/lean4:v4.32.2	1	Velvet/Examples/Recursion.lean	complex_measure_binsearch_correct	7275559839122250210	7275559839122250210	pass	-	1	-	x < r * r
velvet	duper	5a1180338958908323a921255a8d158cf1f26c95	5a1180338958908323a921255a8d158cf1f26c95	leanprover/lean4:v4.32.2	1	Velvet/Examples/Recursion.lean	complex_measure_binsearch_correct	7360868690920052366	7360868690920052366	pass	-	2	-	(l + (r - l) / 2) * (l + (r - l) / 2) ≤ x
velvet	duper	5a1180338958908323a921255a8d158cf1f26c95	5a1180338958908323a921255a8d158cf1f26c95	leanprover/lean4:v4.32.2	1	Velvet/Examples/Recursion.lean	complex_measure_binsearch_correct	4851910658932930142	4851910658932930142	pass	-	2	-	x ≤ (x_1 + 1) * (x_1 + 1)
velvet	duper	5a1180338958908323a921255a8d158cf1f26c95	5a1180338958908323a921255a8d158cf1f26c95	leanprover/lean4:v4.32.2	1	Velvet/Examples/Recursion.lean	complex_measure_binsearch_correct	7656706852135243209	7656706852135243209	pass	-	2	-	x_1 * x_1 ≤ x
velvet	duper	5a1180338958908323a921255a8d158cf1f26c95	5a1180338958908323a921255a8d158cf1f26c95	leanprover/lean4:v4.32.2	1	Velvet/Examples/Recursion.lean	complex_measure_binsearch_correct	9897963110172432531	9897963110172432531	fail	tactic	1032	Duper failed to solve the goal and determined that it will be unable to do so with the current configuration of options and selection of premises	x < (l + (r - l) / 2) * (l + (r - l) / 2)
velvet	duper	5a1180338958908323a921255a8d158cf1f26c95	5a1180338958908323a921255a8d158cf1f26c95	leanprover/lean4:v4.32.2	1	Velvet/Examples/Recursion.lean	complex_measure_binsearch_correct	4049183095434299843	4049183095434299843	pass	-	2	-	l * l ≤ x
velvet	duper	5a1180338958908323a921255a8d158cf1f26c95	5a1180338958908323a921255a8d158cf1f26c95	leanprover/lean4:v4.32.2	1	Velvet/Examples/Recursion.lean	complex_measure_binsearch_correct	4851910658932930142	4851910658932930142	pass	-	2	-	x ≤ (x_1 + 1) * (x_1 + 1)
velvet	duper	5a1180338958908323a921255a8d158cf1f26c95	5a1180338958908323a921255a8d158cf1f26c95	leanprover/lean4:v4.32.2	1	Velvet/Examples/Recursion.lean	complex_measure_binsearch_correct	7656706852135243209	7656706852135243209	pass	-	2	-	x_1 * x_1 ≤ x
velvet	duper	5a1180338958908323a921255a8d158cf1f26c95	5a1180338958908323a921255a8d158cf1f26c95	leanprover/lean4:v4.32.2	1	Velvet/Examples/Recursion.lean	pow2_correct	5804668677648722939	5804668677648722939	pass	-	65	-	2 ^ n = 1
velvet	duper	5a1180338958908323a921255a8d158cf1f26c95	5a1180338958908323a921255a8d158cf1f26c95	leanprover/lean4:v4.32.2	1	Velvet/Examples/Recursion.lean	pow2_correct	5360899794933563671	5360899794933563671	pass	-	152	-	i + 1 ≤ n
velvet	duper	5a1180338958908323a921255a8d158cf1f26c95	5a1180338958908323a921255a8d158cf1f26c95	leanprover/lean4:v4.32.2	1	Velvet/Examples/Recursion.lean	pow2_correct	2669204144888843361	2669204144888843361	pass	-	132	-	2 ^ (i + 1) = ans + x
velvet	duper	5a1180338958908323a921255a8d158cf1f26c95	5a1180338958908323a921255a8d158cf1f26c95	leanprover/lean4:v4.32.2	1	Velvet/Examples/Recursion.lean	pow2_correct	17426933449823366573	17426933449823366573	fail	tactic	3650	Duper failed to solve the goal and determined that it will be unable to do so with the current configuration of options and selection of premises	n - (i + 1) < n - i
velvet	duper	5a1180338958908323a921255a8d158cf1f26c95	5a1180338958908323a921255a8d158cf1f26c95	leanprover/lean4:v4.32.2	1	Velvet/Examples/Recursion.lean	pow2_correct	8436330743851721663	8436330743851721663	pass	-	2	-	i ≤ n
velvet	duper	5a1180338958908323a921255a8d158cf1f26c95	5a1180338958908323a921255a8d158cf1f26c95	leanprover/lean4:v4.32.2	1	Velvet/Examples/Recursion.lean	pow2_correct	50664709297785488	50664709297785488	pass	-	2	-	2 ^ i = ans
velvet	duper	5a1180338958908323a921255a8d158cf1f26c95	5a1180338958908323a921255a8d158cf1f26c95	leanprover/lean4:v4.32.2	1	Velvet/Examples/Recursion.lean	pow2_correct	3040060259141493307	3040060259141493307	pass	-	145	-	¬i < n
velvet	duper	5a1180338958908323a921255a8d158cf1f26c95	5a1180338958908323a921255a8d158cf1f26c95	leanprover/lean4:v4.32.2	1	Velvet/Examples/Recursion.lean	pow2_correct	8843960039229350233	8843960039229350233	pass	-	332	-	0 ≤ n
velvet	duper	5a1180338958908323a921255a8d158cf1f26c95	5a1180338958908323a921255a8d158cf1f26c95	leanprover/lean4:v4.32.2	1	Velvet/Examples/Recursion.lean	pow2_correct	11033618788013063028	11033618788013063028	pass	-	65	-	2 ^ 0 = 1
velvet	duper	5a1180338958908323a921255a8d158cf1f26c95	5a1180338958908323a921255a8d158cf1f26c95	leanprover/lean4:v4.32.2	1	Velvet/Examples/Recursion.lean	pow2_correct	12960500676855313787	12960500676855313787	fail	tactic	3612	Duper failed to solve the goal and determined that it will be unable to do so with the current configuration of options and selection of premises	2 ^ n = i_1
velvet	duper	5a1180338958908323a921255a8d158cf1f26c95	5a1180338958908323a921255a8d158cf1f26c95	leanprover/lean4:v4.32.2	1	Velvet/Examples/SmallHeartBeats.lean	LeftmostMaximalDigit_correct	15016508801900672495	15016508801900672495	fail	timeout	9274	Duper encountered a (deterministic) timeout. The maximum number of heartbeats 1000000 has been reached (use 'set_option maxHeartbeats <num>' to set the limit)	∀ (pos len : ℕ),   len > 0 →     pos + len ≤ i + 1 →       (∀ j < len, isDigit input[pos + j]! = true) →         pos = 0 ∨ ¬isDigit input[pos - 1]! = true →           pos + len = i + 1 ∨ pos + len < i + 1 ∧ ¬isDigit input[pos + len]! = true → len ≤ bestLen
velvet	duper	5a1180338958908323a921255a8d158cf1f26c95	5a1180338958908323a921255a8d158cf1f26c95	leanprover/lean4:v4.32.2	1	Velvet/Examples/SmallHeartBeats.lean	LeftmostMaximalDigit_correct	15016508801900672495	15016508801900672495	fail	timeout	29392	Duper encountered a (deterministic) timeout. The maximum number of heartbeats 1000000 has been reached (use 'set_option maxHeartbeats <num>' to set the limit)	∀ (pos len : ℕ),   len > 0 →     pos + len ≤ i + 1 →       (∀ j < len, isDigit input[pos + j]! = true) →         pos = 0 ∨ ¬isDigit input[pos - 1]! = true →           pos + len = i + 1 ∨ pos + len < i + 1 ∧ ¬isDigit input[pos + len]! = true → len ≤ bestLen
velvet	duper	5a1180338958908323a921255a8d158cf1f26c95	5a1180338958908323a921255a8d158cf1f26c95	leanprover/lean4:v4.32.2	1	Velvet/Examples/SmallHeartBeats.lean	LeftmostMaximalDigit_correct	2028202278093280602	2028202278093280602	fail	timeout	11333	Duper encountered a (deterministic) timeout. The maximum number of heartbeats 1000000 has been reached (use 'set_option maxHeartbeats <num>' to set the limit)	∀ (pos len : ℕ),   len > 0 →     pos + len ≤ i + 1 →       (∀ j < len, isDigit input[pos + j]! = true) →         pos = 0 ∨ ¬isDigit input[pos - 1]! = true →           pos + len = i + 1 ∨ pos + len < i + 1 ∧ ¬isDigit input[pos + len]! = true → len ≤ currentLen
velvet	duper	5a1180338958908323a921255a8d158cf1f26c95	5a1180338958908323a921255a8d158cf1f26c95	leanprover/lean4:v4.32.2	1	Velvet/Examples/SmallHeartBeats.lean	LeftmostMaximalDigit_correct	15016508801900672495	15016508801900672495	fail	timeout	23370	Duper encountered a (deterministic) timeout. The maximum number of heartbeats 1000000 has been reached (use 'set_option maxHeartbeats <num>' to set the limit)	∀ (pos len : ℕ),   len > 0 →     pos + len ≤ i + 1 →       (∀ j < len, isDigit input[pos + j]! = true) →         pos = 0 ∨ ¬isDigit input[pos - 1]! = true →           pos + len = i + 1 ∨ pos + len < i + 1 ∧ ¬isDigit input[pos + len]! = true → len ≤ bestLen
velvet	duper	5a1180338958908323a921255a8d158cf1f26c95	5a1180338958908323a921255a8d158cf1f26c95	leanprover/lean4:v4.32.2	1	Velvet/Examples/SmallHeartBeats.lean	LeftmostMaximalDigit_correct	15016508801900672495	15016508801900672495	fail	timeout	107024	Duper encountered a (deterministic) timeout. The maximum number of heartbeats 1000000 has been reached (use 'set_option maxHeartbeats <num>' to set the limit)	∀ (pos len : ℕ),   len > 0 →     pos + len ≤ i + 1 →       (∀ j < len, isDigit input[pos + j]! = true) →         pos = 0 ∨ ¬isDigit input[pos - 1]! = true →           pos + len = i + 1 ∨ pos + len < i + 1 ∧ ¬isDigit input[pos + len]! = true → len ≤ bestLen
velvet	duper	5a1180338958908323a921255a8d158cf1f26c95	5a1180338958908323a921255a8d158cf1f26c95	leanprover/lean4:v4.32.2	1	Velvet/Examples/SmallHeartBeats.lean	LeftmostMaximalDigit_correct	3737123472131748703	3737123472131748703	pass	-	3910	-	∀ (pos len : ℕ),   len > 0 →     pos + len ≤ i →       (∀ j < len, isDigit input[pos + j]! = true) →         pos = 0 ∨ ¬isDigit input[pos - 1]! = true →           pos + len = i ∨ pos + len < i ∧ ¬isDigit input[pos + len]! = true → len ≤ bestLen
velvet	duper	5a1180338958908323a921255a8d158cf1f26c95	5a1180338958908323a921255a8d158cf1f26c95	leanprover/lean4:v4.32.2	1	Velvet/Examples/SmallHeartBeats.lean	LeftmostMaximalDigit_correct	7513237505621560861	7513237505621560861	pass	-	200	-	¬i < input.size
velvet	duper	5a1180338958908323a921255a8d158cf1f26c95	5a1180338958908323a921255a8d158cf1f26c95	leanprover/lean4:v4.32.2	1	Velvet/Examples/SmallHeartBeats.lean	LeftmostMaximalDigit_correct	8096766621563827002	8096766621563827002	fail	tactic	1259	Duper failed to solve the goal and determined that it will be unable to do so with the current configuration of options and selection of premises	∀ (pos len : ℕ),   len > 0 →     pos + len ≤ 0 →       (∀ j < len, isDigit input[pos + j]! = true) →         pos = 0 ∨ ¬isDigit input[pos - 1]! = true →           pos + len = 0 ∨ pos + len < 0 ∧ ¬isDigit input[pos + len]! = true → len ≤ 0
velvet	duper	5a1180338958908323a921255a8d158cf1f26c95	5a1180338958908323a921255a8d158cf1f26c95	leanprover/lean4:v4.32.2	1	Velvet/Examples/SmallHeartBeats.lean	LeftmostMaximalDigit_correct	18343663110535115658	18343663110535115658	fail	timeout	8866	Duper encountered a (deterministic) timeout. The maximum number of heartbeats 1000000 has been reached (use 'set_option maxHeartbeats <num>' to set the limit)	(input.extract i_2 (i_2 + i_1)).size > 0 →   ∀ (pos : ℕ),     appearsAt input (input.extract i_2 (i_2 + i_1)) pos →       ∀ pos' < pos,         ¬(pos' + (input.extract i_2 (i_2 + i_1)).size ≤ input.size ∧             (∀ i < (input.extract i_2 (i_2 + i_1)).size, isDigit input[pos' + i]! = true) ∧               (pos' = 0 ∨ ¬isDigit input[pos' - 1]! = true) ∧                 (pos' + (input.extract i_2 (i_2 + i_1)).size = input.size ∨                   ¬isDigit input[pos' + (input.extract i_2 (i_2 + i_1)).size]! = true))
velvet	duper	5a1180338958908323a921255a8d158cf1f26c95	5a1180338958908323a921255a8d158cf1f26c95	leanprover/lean4:v4.32.2	1	Velvet/Examples/SmallHeartBeats.lean	LeftmostMaximalDigit_correct	15016508801900672495	15016508801900672495	fail	timeout	9274	Duper encountered a (deterministic) timeout. The maximum number of heartbeats 1000000 has been reached (use 'set_option maxHeartbeats <num>' to set the limit)	∀ (pos len : ℕ),   len > 0 →     pos + len ≤ i + 1 →       (∀ j < len, isDigit input[pos + j]! = true) →         pos = 0 ∨ ¬isDigit input[pos - 1]! = true →           pos + len = i + 1 ∨ pos + len < i + 1 ∧ ¬isDigit input[pos + len]! = true → len ≤ bestLen
velvet	duper	5a1180338958908323a921255a8d158cf1f26c95	5a1180338958908323a921255a8d158cf1f26c95	leanprover/lean4:v4.32.2	1	Velvet/Examples/SmallHeartBeats.lean	LeftmostMaximalDigit_correct	15016508801900672495	15016508801900672495	fail	timeout	29392	Duper encountered a (deterministic) timeout. The maximum number of heartbeats 1000000 has been reached (use 'set_option maxHeartbeats <num>' to set the limit)	∀ (pos len : ℕ),   len > 0 →     pos + len ≤ i + 1 →       (∀ j < len, isDigit input[pos + j]! = true) →         pos = 0 ∨ ¬isDigit input[pos - 1]! = true →           pos + len = i + 1 ∨ pos + len < i + 1 ∧ ¬isDigit input[pos + len]! = true → len ≤ bestLen
velvet	duper	5a1180338958908323a921255a8d158cf1f26c95	5a1180338958908323a921255a8d158cf1f26c95	leanprover/lean4:v4.32.2	1	Velvet/Examples/SmallHeartBeats.lean	LeftmostMaximalDigit_correct	2028202278093280602	2028202278093280602	fail	timeout	11333	Duper encountered a (deterministic) timeout. The maximum number of heartbeats 1000000 has been reached (use 'set_option maxHeartbeats <num>' to set the limit)	∀ (pos len : ℕ),   len > 0 →     pos + len ≤ i + 1 →       (∀ j < len, isDigit input[pos + j]! = true) →         pos = 0 ∨ ¬isDigit input[pos - 1]! = true →           pos + len = i + 1 ∨ pos + len < i + 1 ∧ ¬isDigit input[pos + len]! = true → len ≤ currentLen
velvet	duper	5a1180338958908323a921255a8d158cf1f26c95	5a1180338958908323a921255a8d158cf1f26c95	leanprover/lean4:v4.32.2	1	Velvet/Examples/SmallHeartBeats.lean	LeftmostMaximalDigit_correct	15016508801900672495	15016508801900672495	fail	timeout	23370	Duper encountered a (deterministic) timeout. The maximum number of heartbeats 1000000 has been reached (use 'set_option maxHeartbeats <num>' to set the limit)	∀ (pos len : ℕ),   len > 0 →     pos + len ≤ i + 1 →       (∀ j < len, isDigit input[pos + j]! = true) →         pos = 0 ∨ ¬isDigit input[pos - 1]! = true →           pos + len = i + 1 ∨ pos + len < i + 1 ∧ ¬isDigit input[pos + len]! = true → len ≤ bestLen
velvet	duper	5a1180338958908323a921255a8d158cf1f26c95	5a1180338958908323a921255a8d158cf1f26c95	leanprover/lean4:v4.32.2	1	Velvet/Examples/SmallHeartBeats.lean	LeftmostMaximalDigit_correct	15016508801900672495	15016508801900672495	fail	timeout	107024	Duper encountered a (deterministic) timeout. The maximum number of heartbeats 1000000 has been reached (use 'set_option maxHeartbeats <num>' to set the limit)	∀ (pos len : ℕ),   len > 0 →     pos + len ≤ i + 1 →       (∀ j < len, isDigit input[pos + j]! = true) →         pos = 0 ∨ ¬isDigit input[pos - 1]! = true →           pos + len = i + 1 ∨ pos + len < i + 1 ∧ ¬isDigit input[pos + len]! = true → len ≤ bestLen
velvet	duper	5a1180338958908323a921255a8d158cf1f26c95	5a1180338958908323a921255a8d158cf1f26c95	leanprover/lean4:v4.32.2	1	Velvet/Examples/SmallHeartBeats.lean	LeftmostMaximalDigit_correct	3737123472131748703	3737123472131748703	pass	-	3910	-	∀ (pos len : ℕ),   len > 0 →     pos + len ≤ i →       (∀ j < len, isDigit input[pos + j]! = true) →         pos = 0 ∨ ¬isDigit input[pos - 1]! = true →           pos + len = i ∨ pos + len < i ∧ ¬isDigit input[pos + len]! = true → len ≤ bestLen
velvet	duper	5a1180338958908323a921255a8d158cf1f26c95	5a1180338958908323a921255a8d158cf1f26c95	leanprover/lean4:v4.32.2	1	Velvet/Examples/SmallHeartBeats.lean	LeftmostMaximalDigit_correct	7513237505621560861	7513237505621560861	pass	-	200	-	¬i < input.size
velvet	duper	5a1180338958908323a921255a8d158cf1f26c95	5a1180338958908323a921255a8d158cf1f26c95	leanprover/lean4:v4.32.2	1	Velvet/Examples/SmallHeartBeats.lean	LeftmostMaximalDigit_correct	8096766621563827002	8096766621563827002	fail	tactic	1259	Duper failed to solve the goal and determined that it will be unable to do so with the current configuration of options and selection of premises	∀ (pos len : ℕ),   len > 0 →     pos + len ≤ 0 →       (∀ j < len, isDigit input[pos + j]! = true) →         pos = 0 ∨ ¬isDigit input[pos - 1]! = true →           pos + len = 0 ∨ pos + len < 0 ∧ ¬isDigit input[pos + len]! = true → len ≤ 0
velvet	duper	5a1180338958908323a921255a8d158cf1f26c95	5a1180338958908323a921255a8d158cf1f26c95	leanprover/lean4:v4.32.2	1	Velvet/Examples/SmallHeartBeats.lean	LeftmostMaximalDigit_correct	18343663110535115658	18343663110535115658	fail	timeout	8866	Duper encountered a (deterministic) timeout. The maximum number of heartbeats 1000000 has been reached (use 'set_option maxHeartbeats <num>' to set the limit)	(input.extract i_2 (i_2 + i_1)).size > 0 →   ∀ (pos : ℕ),     appearsAt input (input.extract i_2 (i_2 + i_1)) pos →       ∀ pos' < pos,         ¬(pos' + (input.extract i_2 (i_2 + i_1)).size ≤ input.size ∧             (∀ i < (input.extract i_2 (i_2 + i_1)).size, isDigit input[pos' + i]! = true) ∧               (pos' = 0 ∨ ¬isDigit input[pos' - 1]! = true) ∧                 (pos' + (input.extract i_2 (i_2 + i_1)).size = input.size ∨                   ¬isDigit input[pos' + (input.extract i_2 (i_2 + i_1)).size]! = true))
velvet	duper	5a1180338958908323a921255a8d158cf1f26c95	5a1180338958908323a921255a8d158cf1f26c95	leanprover/lean4:v4.32.2	1	Velvet/Examples/SpMSpV_Example.lean	VSpV_correct	1967192165379400567	1967192165379400567	pass	-	3	-	(out.set! 0 (out[0]! + spv.val[ind]! * arr[spv.ind[ind]!]!)).size = 1
velvet	duper	5a1180338958908323a921255a8d158cf1f26c95	5a1180338958908323a921255a8d158cf1f26c95	leanprover/lean4:v4.32.2	1	Velvet/Examples/SpMSpV_Example.lean	VSpV_correct	8738685113314976701	8738685113314976701	fail	timeout	5458	Duper encountered a (deterministic) timeout. The maximum number of heartbeats 1000000 has been reached (use 'set_option maxHeartbeats <num>' to set the limit)	ind + 1 ≤ spv.size
velvet	duper	5a1180338958908323a921255a8d158cf1f26c95	5a1180338958908323a921255a8d158cf1f26c95	leanprover/lean4:v4.32.2	1	Velvet/Examples/SpMSpV_Example.lean	VSpV_correct	3203096880704497577	3203096880704497577	fail	timeout	5586	Duper encountered a (deterministic) timeout. The maximum number of heartbeats 1000000 has been reached (use 'set_option maxHeartbeats <num>' to set the limit)	(out.set! 0 (out[0]! + spv.val[ind]! * arr[spv.ind[ind]!]!))[0]! = sumUpTo spv arr (ind + 1)
velvet	duper	5a1180338958908323a921255a8d158cf1f26c95	5a1180338958908323a921255a8d158cf1f26c95	leanprover/lean4:v4.32.2	1	Velvet/Examples/SpMSpV_Example.lean	VSpV_correct	13561229236986007424	13561229236986007424	pass	-	2	-	out.size = 1
velvet	duper	5a1180338958908323a921255a8d158cf1f26c95	5a1180338958908323a921255a8d158cf1f26c95	leanprover/lean4:v4.32.2	1	Velvet/Examples/SpMSpV_Example.lean	VSpV_correct	4023749508134620518	4023749508134620518	pass	-	2	-	ind ≤ spv.size
velvet	duper	5a1180338958908323a921255a8d158cf1f26c95	5a1180338958908323a921255a8d158cf1f26c95	leanprover/lean4:v4.32.2	1	Velvet/Examples/SpMSpV_Example.lean	VSpV_correct	6516497319029947851	6516497319029947851	pass	-	2	-	out[0]! = sumUpTo spv arr ind
velvet	duper	5a1180338958908323a921255a8d158cf1f26c95	5a1180338958908323a921255a8d158cf1f26c95	leanprover/lean4:v4.32.2	1	Velvet/Examples/SpMSpV_Example.lean	VSpV_correct	6511268073169614694	6511268073169614694	pass	-	398	-	ind = spv.size
velvet	duper	5a1180338958908323a921255a8d158cf1f26c95	5a1180338958908323a921255a8d158cf1f26c95	leanprover/lean4:v4.32.2	1	Velvet/Examples/SpMSpV_Example.lean	VSpV_correct	3467184461832131134	3467184461832131134	pass	-	0	-	(Array.replicate 1 0).size = 1
velvet	duper	5a1180338958908323a921255a8d158cf1f26c95	5a1180338958908323a921255a8d158cf1f26c95	leanprover/lean4:v4.32.2	1	Velvet/Examples/SpMSpV_Example.lean	VSpV_correct	975338514235632457	975338514235632457	pass	-	330	-	0 ≤ spv.size
velvet	duper	5a1180338958908323a921255a8d158cf1f26c95	5a1180338958908323a921255a8d158cf1f26c95	leanprover/lean4:v4.32.2	1	Velvet/Examples/SpMSpV_Example.lean	VSpV_correct	12341185047943028706	12341185047943028706	pass	-	349	-	(Array.replicate 1 0)[0]! = sumUpTo spv arr 0
velvet	duper	5a1180338958908323a921255a8d158cf1f26c95	5a1180338958908323a921255a8d158cf1f26c95	leanprover/lean4:v4.32.2	1	Velvet/Examples/SpMSpV_Example.lean	VSpV_correct	17907350532264535304	17907350532264535304	pass	-	3	-	out_1[0]! = sumUpTo spv arr spv.size
velvet	duper	5a1180338958908323a921255a8d158cf1f26c95	5a1180338958908323a921255a8d158cf1f26c95	leanprover/lean4:v4.32.2	1	Velvet/Examples/SpMSpV_Example.lean	VSpV_correct	6948348975417913427	6948348975417913427	pass	-	2	-	out_1.size = 1
velvet	duper	5a1180338958908323a921255a8d158cf1f26c95	5a1180338958908323a921255a8d158cf1f26c95	leanprover/lean4:v4.32.2	1	Velvet/Examples/SpMSpV_Example.lean	spmv_correct	2560064229450187973	2560064229450187973	pass	-	6	-	(arrInd.set! i (arrInd[i]! + 1)).size = spm.size
velvet	duper	5a1180338958908323a921255a8d158cf1f26c95	5a1180338958908323a921255a8d158cf1f26c95	leanprover/lean4:v4.32.2	1	Velvet/Examples/SpMSpV_Example.lean	spmv_correct	11268031057524734514	11268031057524734514	pass	-	6	-	(out.set! i (out[i]! + spm[i]!.val[arrInd[i]!]! * arr[spm[i]!.ind[arrInd[i]!]!]!)).size = spm.size
velvet	duper	5a1180338958908323a921255a8d158cf1f26c95	5a1180338958908323a921255a8d158cf1f26c95	leanprover/lean4:v4.32.2	1	Velvet/Examples/SpMSpV_Example.lean	spmv_correct	10035930273513517515	10035930273513517515	fail	timeout	6222	Duper encountered a (deterministic) timeout. The maximum number of heartbeats 1000000 has been reached (use 'set_option maxHeartbeats <num>' to set the limit)	∀ i_1 < (arrInd.set! i (arrInd[i]! + 1)).size, (arrInd.set! i (arrInd[i]! + 1))[i_1]! ≤ spm[i_1]!.size
velvet	duper	5a1180338958908323a921255a8d158cf1f26c95	5a1180338958908323a921255a8d158cf1f26c95	leanprover/lean4:v4.32.2	1	Velvet/Examples/SpMSpV_Example.lean	spmv_correct	4828757563640441921	4828757563640441921	fail	timeout	21689	Duper encountered a (deterministic) timeout. The maximum number of heartbeats 1000000 has been reached (use 'set_option maxHeartbeats <num>' to set the limit)	∀ i_1 < (arrInd.set! i (arrInd[i]! + 1)).size,   (out.set! i (out[i]! + spm[i]!.val[arrInd[i]!]! * arr[spm[i]!.ind[arrInd[i]!]!]!))[i_1]! =     sumUpTo spm[i_1]! arr (arrInd.set! i (arrInd[i]! + 1))[i_1]!
velvet	duper	5a1180338958908323a921255a8d158cf1f26c95	5a1180338958908323a921255a8d158cf1f26c95	leanprover/lean4:v4.32.2	1	Velvet/Examples/SpMSpV_Example.lean	spmv_correct	11230331504797547582	11230331504797547582	pass	-	5	-	arrInd.size = spm.size
velvet	duper	5a1180338958908323a921255a8d158cf1f26c95	5a1180338958908323a921255a8d158cf1f26c95	leanprover/lean4:v4.32.2	1	Velvet/Examples/SpMSpV_Example.lean	spmv_correct	17578923063843270768	17578923063843270768	pass	-	4	-	out.size = spm.size
velvet	duper	5a1180338958908323a921255a8d158cf1f26c95	5a1180338958908323a921255a8d158cf1f26c95	leanprover/lean4:v4.32.2	1	Velvet/Examples/SpMSpV_Example.lean	spmv_correct	9723121325275610683	9723121325275610683	pass	-	947	-	∀ i < arrInd.size, arrInd[i]! ≤ spm[i]!.size
velvet	duper	5a1180338958908323a921255a8d158cf1f26c95	5a1180338958908323a921255a8d158cf1f26c95	leanprover/lean4:v4.32.2	1	Velvet/Examples/SpMSpV_Example.lean	spmv_correct	17138153512408342530	17138153512408342530	fail	timeout	5678	Duper encountered a (deterministic) timeout. The maximum number of heartbeats 1000000 has been reached (use 'set_option maxHeartbeats <num>' to set the limit)	∀ i < arrInd.size, out[i]! = sumUpTo spm[i]! arr arrInd[i]!
velvet	duper	5a1180338958908323a921255a8d158cf1f26c95	5a1180338958908323a921255a8d158cf1f26c95	leanprover/lean4:v4.32.2	1	Velvet/Examples/SpMSpV_Example.lean	spmv_correct	1779879977175361606	1779879977175361606	fail	timeout	7202	Duper encountered a (deterministic) timeout. The maximum number of heartbeats 1000000 has been reached (use 'set_option maxHeartbeats <num>' to set the limit)	∀ i < arrInd.size, arrInd[i]! = spm[i]!.size
velvet	duper	5a1180338958908323a921255a8d158cf1f26c95	5a1180338958908323a921255a8d158cf1f26c95	leanprover/lean4:v4.32.2	1	Velvet/Examples/SpMSpV_Example.lean	spmv_correct	1927473323286999035	1927473323286999035	pass	-	3	-	(Array.replicate spm.size 0).size = spm.size
velvet	duper	5a1180338958908323a921255a8d158cf1f26c95	5a1180338958908323a921255a8d158cf1f26c95	leanprover/lean4:v4.32.2	1	Velvet/Examples/SpMSpV_Example.lean	spmv_correct	1927473323286999035	1927473323286999035	pass	-	2	-	(Array.replicate spm.size 0).size = spm.size
velvet	duper	5a1180338958908323a921255a8d158cf1f26c95	5a1180338958908323a921255a8d158cf1f26c95	leanprover/lean4:v4.32.2	1	Velvet/Examples/SpMSpV_Example.lean	spmv_correct	3184815126966959579	3184815126966959579	fail	timeout	8338	Duper encountered a (deterministic) timeout. The maximum number of heartbeats 1000000 has been reached (use 'set_option maxHeartbeats <num>' to set the limit)	∀ i < (Array.replicate spm.size 0).size, (Array.replicate spm.size 0)[i]! ≤ spm[i]!.size
velvet	duper	5a1180338958908323a921255a8d158cf1f26c95	5a1180338958908323a921255a8d158cf1f26c95	leanprover/lean4:v4.32.2	1	Velvet/Examples/SpMSpV_Example.lean	spmv_correct	1119395027554635835	1119395027554635835	fail	timeout	7322	Duper encountered a (deterministic) timeout. The maximum number of heartbeats 1000000 has been reached (use 'set_option maxHeartbeats <num>' to set the limit)	∀ i < (Array.replicate spm.size 0).size,   (Array.replicate spm.size 0)[i]! = sumUpTo spm[i]! arr (Array.replicate spm.size 0)[i]!
velvet	duper	5a1180338958908323a921255a8d158cf1f26c95	5a1180338958908323a921255a8d158cf1f26c95	leanprover/lean4:v4.32.2	1	Velvet/Examples/SpMSpV_Example.lean	spmv_correct	2867453267844152322	2867453267844152322	fail	timeout	7933	Duper encountered a (deterministic) timeout. The maximum number of heartbeats 1000000 has been reached (use 'set_option maxHeartbeats <num>' to set the limit)	∀ i < spm.size, out_1[i]! = sumUpTo spm[i]! arr spm[i]!.size
velvet	duper	5a1180338958908323a921255a8d158cf1f26c95	5a1180338958908323a921255a8d158cf1f26c95	leanprover/lean4:v4.32.2	1	Velvet/Examples/SpMSpV_Example.lean	spmv_correct	16615537408723427288	16615537408723427288	pass	-	35	-	spm.size = out_1.size
velvet	duper	5a1180338958908323a921255a8d158cf1f26c95	5a1180338958908323a921255a8d158cf1f26c95	leanprover/lean4:v4.32.2	1	Velvet/Examples/SpMSpV_Example.lean	SpVSpV_correct	7752079179715214779	7752079179715214779	pass	-	17	-	(out.set! 0 (out[0]! + spv1.val[pnt1]! * spv2.val[pnt2]!)).size = 1
velvet	duper	5a1180338958908323a921255a8d158cf1f26c95	5a1180338958908323a921255a8d158cf1f26c95	leanprover/lean4:v4.32.2	1	Velvet/Examples/SpMSpV_Example.lean	SpVSpV_correct	12365816836206760017	12365816836206760017	fail	timeout	115099	Duper encountered a (deterministic) timeout. The maximum number of heartbeats 1000000 has been reached (use 'set_option maxHeartbeats <num>' to set the limit)	pnt1 + 1 ≤ spv1.size ∧ pnt2 + 1 ≤ spv2.size
velvet	duper	5a1180338958908323a921255a8d158cf1f26c95	5a1180338958908323a921255a8d158cf1f26c95	leanprover/lean4:v4.32.2	1	Velvet/Examples/SpMSpV_Example.lean	SpVSpV_correct	14837198768818932204	14837198768818932204	fail	timeout	5648	Duper encountered a (deterministic) timeout. The maximum number of heartbeats 1000000 has been reached (use 'set_option maxHeartbeats <num>' to set the limit)	(out.set! 0 (out[0]! + spv1.val[pnt1]! * spv2.val[pnt2]!))[0]! + spv_dot spv1 spv2 (pnt1 + 1) (pnt2 + 1) =   spv_dot spv1 spv2 0 0
velvet	duper	5a1180338958908323a921255a8d158cf1f26c95	5a1180338958908323a921255a8d158cf1f26c95	leanprover/lean4:v4.32.2	1	Velvet/Examples/SpMSpV_Example.lean	SpVSpV_correct	13561229236986007424	13561229236986007424	pass	-	3	-	out.size = 1
velvet	duper	5a1180338958908323a921255a8d158cf1f26c95	5a1180338958908323a921255a8d158cf1f26c95	leanprover/lean4:v4.32.2	1	Velvet/Examples/SpMSpV_Example.lean	SpVSpV_correct	15323100967004739210	15323100967004739210	fail	timeout	5657	Duper encountered a (deterministic) timeout. The maximum number of heartbeats 1000000 has been reached (use 'set_option maxHeartbeats <num>' to set the limit)	pnt1 + 1 ≤ spv1.size ∧ pnt2 ≤ spv2.size
velvet	duper	5a1180338958908323a921255a8d158cf1f26c95	5a1180338958908323a921255a8d158cf1f26c95	leanprover/lean4:v4.32.2	1	Velvet/Examples/SpMSpV_Example.lean	SpVSpV_correct	10656169208955874266	10656169208955874266	fail	timeout	5666	Duper encountered a (deterministic) timeout. The maximum number of heartbeats 1000000 has been reached (use 'set_option maxHeartbeats <num>' to set the limit)	out[0]! + spv_dot spv1 spv2 (pnt1 + 1) pnt2 = spv_dot spv1 spv2 0 0
velvet	duper	5a1180338958908323a921255a8d158cf1f26c95	5a1180338958908323a921255a8d158cf1f26c95	leanprover/lean4:v4.32.2	1	Velvet/Examples/SpMSpV_Example.lean	SpVSpV_correct	13561229236986007424	13561229236986007424	pass	-	3	-	out.size = 1
velvet	duper	5a1180338958908323a921255a8d158cf1f26c95	5a1180338958908323a921255a8d158cf1f26c95	leanprover/lean4:v4.32.2	1	Velvet/Examples/SpMSpV_Example.lean	SpVSpV_correct	9762937465648280212	9762937465648280212	fail	timeout	5616	Duper encountered a (deterministic) timeout. The maximum number of heartbeats 1000000 has been reached (use 'set_option maxHeartbeats <num>' to set the limit)	pnt1 ≤ spv1.size ∧ pnt2 + 1 ≤ spv2.size
velvet	duper	5a1180338958908323a921255a8d158cf1f26c95	5a1180338958908323a921255a8d158cf1f26c95	leanprover/lean4:v4.32.2	1	Velvet/Examples/SpMSpV_Example.lean	SpVSpV_correct	2195194365498566470	2195194365498566470	fail	timeout	5512	Duper encountered a (deterministic) timeout. The maximum number of heartbeats 1000000 has been reached (use 'set_option maxHeartbeats <num>' to set the limit)	out[0]! + spv_dot spv1 spv2 pnt1 (pnt2 + 1) = spv_dot spv1 spv2 0 0
velvet	duper	5a1180338958908323a921255a8d158cf1f26c95	5a1180338958908323a921255a8d158cf1f26c95	leanprover/lean4:v4.32.2	1	Velvet/Examples/SpMSpV_Example.lean	SpVSpV_correct	13561229236986007424	13561229236986007424	pass	-	2	-	out.size = 1
velvet	duper	5a1180338958908323a921255a8d158cf1f26c95	5a1180338958908323a921255a8d158cf1f26c95	leanprover/lean4:v4.32.2	1	Velvet/Examples/SpMSpV_Example.lean	SpVSpV_correct	11853401597336712609	11853401597336712609	pass	-	1695	-	pnt1 ≤ spv1.size ∧ pnt2 ≤ spv2.size
velvet	duper	5a1180338958908323a921255a8d158cf1f26c95	5a1180338958908323a921255a8d158cf1f26c95	leanprover/lean4:v4.32.2	1	Velvet/Examples/SpMSpV_Example.lean	SpVSpV_correct	8906564304959696025	8906564304959696025	pass	-	2	-	out[0]! + spv_dot spv1 spv2 pnt1 pnt2 = spv_dot spv1 spv2 0 0
velvet	duper	5a1180338958908323a921255a8d158cf1f26c95	5a1180338958908323a921255a8d158cf1f26c95	leanprover/lean4:v4.32.2	1	Velvet/Examples/SpMSpV_Example.lean	SpVSpV_correct	2836632441074815746	2836632441074815746	pass	-	1684	-	pnt1 = spv1.size ∨ pnt2 = spv2.size
velvet	duper	5a1180338958908323a921255a8d158cf1f26c95	5a1180338958908323a921255a8d158cf1f26c95	leanprover/lean4:v4.32.2	1	Velvet/Examples/SpMSpV_Example.lean	SpVSpV_correct	3467184461832131134	3467184461832131134	pass	-	1	-	(Array.replicate 1 0).size = 1
velvet	duper	5a1180338958908323a921255a8d158cf1f26c95	5a1180338958908323a921255a8d158cf1f26c95	leanprover/lean4:v4.32.2	1	Velvet/Examples/SpMSpV_Example.lean	SpVSpV_correct	9157999431728333977	9157999431728333977	pass	-	703	-	0 ≤ spv1.size ∧ 0 ≤ spv2.size
velvet	duper	5a1180338958908323a921255a8d158cf1f26c95	5a1180338958908323a921255a8d158cf1f26c95	leanprover/lean4:v4.32.2	1	Velvet/Examples/SpMSpV_Example.lean	SpVSpV_correct	12484676100150332319	12484676100150332319	fail	timeout	6052	Duper encountered a (deterministic) timeout. The maximum number of heartbeats 1000000 has been reached (use 'set_option maxHeartbeats <num>' to set the limit)	(Array.replicate 1 0)[0]! + spv_dot spv1 spv2 0 0 = spv_dot spv1 spv2 0 0
velvet	duper	5a1180338958908323a921255a8d158cf1f26c95	5a1180338958908323a921255a8d158cf1f26c95	leanprover/lean4:v4.32.2	1	Velvet/Examples/SpMSpV_Example.lean	SpVSpV_correct	6547543738413559297	6547543738413559297	fail	timeout	19808	Duper encountered a (deterministic) timeout. The maximum number of heartbeats 1000000 has been reached (use 'set_option maxHeartbeats <num>' to set the limit)	i[0]! = spv_dot spv1 spv2 0 0
velvet	duper	5a1180338958908323a921255a8d158cf1f26c95	5a1180338958908323a921255a8d158cf1f26c95	leanprover/lean4:v4.32.2	1	Velvet/Examples/SpMSpV_Example.lean	SpVSpV_correct	4428589781148415831	4428589781148415831	pass	-	4	-	i.size = 1
velvet	duper	5a1180338958908323a921255a8d158cf1f26c95	5a1180338958908323a921255a8d158cf1f26c95	leanprover/lean4:v4.32.2	1	Velvet/Examples/SpMSpV_Example.lean	SpMSpV_correct	10600388612998636634	10600388612998636634	pass	-	9	-	(spvInd.set! i (spvInd[i]! + 1)).size = spm.size
velvet	duper	5a1180338958908323a921255a8d158cf1f26c95	5a1180338958908323a921255a8d158cf1f26c95	leanprover/lean4:v4.32.2	1	Velvet/Examples/SpMSpV_Example.lean	SpMSpV_correct	12568830336983413194	12568830336983413194	pass	-	8	-	(spmInd.set! i (spmInd[i]! + 1)).size = spm.size
velvet	duper	5a1180338958908323a921255a8d158cf1f26c95	5a1180338958908323a921255a8d158cf1f26c95	leanprover/lean4:v4.32.2	1	Velvet/Examples/SpMSpV_Example.lean	SpMSpV_correct	326977185203169709	326977185203169709	pass	-	8	-	(out.set! i (out[i]! + spm[i]!.val[spmInd[i]!]! * spv.val[spvInd[i]!]!)).size = spm.size
velvet	duper	5a1180338958908323a921255a8d158cf1f26c95	5a1180338958908323a921255a8d158cf1f26c95	leanprover/lean4:v4.32.2	1	Velvet/Examples/SpMSpV_Example.lean	SpMSpV_correct	16599719904663808863	16599719904663808863	fail	timeout	5794	Duper encountered a (deterministic) timeout. The maximum number of heartbeats 1000000 has been reached (use 'set_option maxHeartbeats <num>' to set the limit)	∀ i_1 < (spmInd.set! i (spmInd[i]! + 1)).size, (spmInd.set! i (spmInd[i]! + 1))[i_1]! ≤ spm[i_1]!.size
velvet	duper	5a1180338958908323a921255a8d158cf1f26c95	5a1180338958908323a921255a8d158cf1f26c95	leanprover/lean4:v4.32.2	1	Velvet/Examples/SpMSpV_Example.lean	SpMSpV_correct	9413868035314052637	9413868035314052637	fail	timeout	5883	Duper encountered a (deterministic) timeout. The maximum number of heartbeats 1000000 has been reached (use 'set_option maxHeartbeats <num>' to set the limit)	∀ i_1 < (spvInd.set! i (spvInd[i]! + 1)).size, (spvInd.set! i (spvInd[i]! + 1))[i_1]! ≤ spv.size
velvet	duper	5a1180338958908323a921255a8d158cf1f26c95	5a1180338958908323a921255a8d158cf1f26c95	leanprover/lean4:v4.32.2	1	Velvet/Examples/SpMSpV_Example.lean	SpMSpV_correct	11331147013392176036	11331147013392176036	fail	timeout	5770	Duper encountered a (deterministic) timeout. The maximum number of heartbeats 1000000 has been reached (use 'set_option maxHeartbeats <num>' to set the limit)	∀ i_1 < spm.size,   (out.set! i (out[i]! + spm[i]!.val[spmInd[i]!]! * spv.val[spvInd[i]!]!))[i_1]! +       spv_dot spm[i_1]! spv (spmInd.set! i (spmInd[i]! + 1))[i_1]! (spvInd.set! i (spvInd[i]! + 1))[i_1]! =     spv_dot spm[i_1]! spv 0 0
velvet	duper	5a1180338958908323a921255a8d158cf1f26c95	5a1180338958908323a921255a8d158cf1f26c95	leanprover/lean4:v4.32.2	1	Velvet/Examples/SpMSpV_Example.lean	SpMSpV_correct	3439126561156933339	3439126561156933339	pass	-	9	-	spvInd.size = spm.size
velvet	duper	5a1180338958908323a921255a8d158cf1f26c95	5a1180338958908323a921255a8d158cf1f26c95	leanprover/lean4:v4.32.2	1	Velvet/Examples/SpMSpV_Example.lean	SpMSpV_correct	12568830336983413194	12568830336983413194	pass	-	9	-	(spmInd.set! i (spmInd[i]! + 1)).size = spm.size
velvet	duper	5a1180338958908323a921255a8d158cf1f26c95	5a1180338958908323a921255a8d158cf1f26c95	leanprover/lean4:v4.32.2	1	Velvet/Examples/SpMSpV_Example.lean	SpMSpV_correct	17578923063843270768	17578923063843270768	pass	-	8	-	out.size = spm.size
velvet	duper	5a1180338958908323a921255a8d158cf1f26c95	5a1180338958908323a921255a8d158cf1f26c95	leanprover/lean4:v4.32.2	1	Velvet/Examples/SpMSpV_Example.lean	SpMSpV_correct	16599719904663808863	16599719904663808863	fail	timeout	5975	Duper encountered a (deterministic) timeout. The maximum number of heartbeats 1000000 has been reached (use 'set_option maxHeartbeats <num>' to set the limit)	∀ i_1 < (spmInd.set! i (spmInd[i]! + 1)).size, (spmInd.set! i (spmInd[i]! + 1))[i_1]! ≤ spm[i_1]!.size
velvet	duper	5a1180338958908323a921255a8d158cf1f26c95	5a1180338958908323a921255a8d158cf1f26c95	leanprover/lean4:v4.32.2	1	Velvet/Examples/SpMSpV_Example.lean	SpMSpV_correct	14915918579342464454	14915918579342464454	fail	timeout	5735	Duper encountered a (deterministic) timeout. The maximum number of heartbeats 1000000 has been reached (use 'set_option maxHeartbeats <num>' to set the limit)	∀ i < spvInd.size, spvInd[i]! ≤ spv.size
velvet	duper	5a1180338958908323a921255a8d158cf1f26c95	5a1180338958908323a921255a8d158cf1f26c95	leanprover/lean4:v4.32.2	1	Velvet/Examples/SpMSpV_Example.lean	SpMSpV_correct	9290686424640906065	9290686424640906065	fail	timeout	5793	Duper encountered a (deterministic) timeout. The maximum number of heartbeats 1000000 has been reached (use 'set_option maxHeartbeats <num>' to set the limit)	∀ i_1 < spm.size,   out[i_1]! + spv_dot spm[i_1]! spv (spmInd.set! i (spmInd[i]! + 1))[i_1]! spvInd[i_1]! = spv_dot spm[i_1]! spv 0 0
velvet	duper	5a1180338958908323a921255a8d158cf1f26c95	5a1180338958908323a921255a8d158cf1f26c95	leanprover/lean4:v4.32.2	1	Velvet/Examples/SpMSpV_Example.lean	SpMSpV_correct	10600388612998636634	10600388612998636634	pass	-	10	-	(spvInd.set! i (spvInd[i]! + 1)).size = spm.size
velvet	duper	5a1180338958908323a921255a8d158cf1f26c95	5a1180338958908323a921255a8d158cf1f26c95	leanprover/lean4:v4.32.2	1	Velvet/Examples/SpMSpV_Example.lean	SpMSpV_correct	4457183463164791376	4457183463164791376	pass	-	9	-	spmInd.size = spm.size
velvet	duper	5a1180338958908323a921255a8d158cf1f26c95	5a1180338958908323a921255a8d158cf1f26c95	leanprover/lean4:v4.32.2	1	Velvet/Examples/SpMSpV_Example.lean	SpMSpV_correct	17578923063843270768	17578923063843270768	pass	-	9	-	out.size = spm.size
velvet	duper	5a1180338958908323a921255a8d158cf1f26c95	5a1180338958908323a921255a8d158cf1f26c95	leanprover/lean4:v4.32.2	1	Velvet/Examples/SpMSpV_Example.lean	SpMSpV_correct	4823872097887552574	4823872097887552574	fail	timeout	5835	Duper encountered a (deterministic) timeout. The maximum number of heartbeats 1000000 has been reached (use 'set_option maxHeartbeats <num>' to set the limit)	∀ i < spmInd.size, spmInd[i]! ≤ spm[i]!.size
velvet	duper	5a1180338958908323a921255a8d158cf1f26c95	5a1180338958908323a921255a8d158cf1f26c95	leanprover/lean4:v4.32.2	1	Velvet/Examples/SpMSpV_Example.lean	SpMSpV_correct	9413868035314052637	9413868035314052637	fail	timeout	20518	Duper encountered a (deterministic) timeout. The maximum number of heartbeats 1000000 has been reached (use 'set_option maxHeartbeats <num>' to set the limit)	∀ i_1 < (spvInd.set! i (spvInd[i]! + 1)).size, (spvInd.set! i (spvInd[i]! + 1))[i_1]! ≤ spv.size
velvet	duper	5a1180338958908323a921255a8d158cf1f26c95	5a1180338958908323a921255a8d158cf1f26c95	leanprover/lean4:v4.32.2	1	Velvet/Examples/SpMSpV_Example.lean	SpMSpV_correct	4033875047981720732	4033875047981720732	fail	timeout	5810	Duper encountered a (deterministic) timeout. The maximum number of heartbeats 1000000 has been reached (use 'set_option maxHeartbeats <num>' to set the limit)	∀ i_1 < spm.size,   out[i_1]! + spv_dot spm[i_1]! spv spmInd[i_1]! (spvInd.set! i (spvInd[i]! + 1))[i_1]! = spv_dot spm[i_1]! spv 0 0
velvet	duper	5a1180338958908323a921255a8d158cf1f26c95	5a1180338958908323a921255a8d158cf1f26c95	leanprover/lean4:v4.32.2	1	Velvet/Examples/SpMSpV_Example.lean	SpMSpV_correct	3439126561156933339	3439126561156933339	pass	-	7	-	spvInd.size = spm.size
velvet	duper	5a1180338958908323a921255a8d158cf1f26c95	5a1180338958908323a921255a8d158cf1f26c95	leanprover/lean4:v4.32.2	1	Velvet/Examples/SpMSpV_Example.lean	SpMSpV_correct	4457183463164791376	4457183463164791376	pass	-	5	-	spmInd.size = spm.size
velvet	duper	5a1180338958908323a921255a8d158cf1f26c95	5a1180338958908323a921255a8d158cf1f26c95	leanprover/lean4:v4.32.2	1	Velvet/Examples/SpMSpV_Example.lean	SpMSpV_correct	17578923063843270768	17578923063843270768	pass	-	6	-	out.size = spm.size
velvet	duper	5a1180338958908323a921255a8d158cf1f26c95	5a1180338958908323a921255a8d158cf1f26c95	leanprover/lean4:v4.32.2	1	Velvet/Examples/SpMSpV_Example.lean	SpMSpV_correct	4823872097887552574	4823872097887552574	fail	timeout	5886	Duper encountered a (deterministic) timeout. The maximum number of heartbeats 1000000 has been reached (use 'set_option maxHeartbeats <num>' to set the limit)	∀ i < spmInd.size, spmInd[i]! ≤ spm[i]!.size
velvet	duper	5a1180338958908323a921255a8d158cf1f26c95	5a1180338958908323a921255a8d158cf1f26c95	leanprover/lean4:v4.32.2	1	Velvet/Examples/SpMSpV_Example.lean	SpMSpV_correct	14915918579342464454	14915918579342464454	fail	timeout	8785	Duper encountered a (deterministic) timeout. The maximum number of heartbeats 1000000 has been reached (use 'set_option maxHeartbeats <num>' to set the limit)	∀ i < spvInd.size, spvInd[i]! ≤ spv.size
velvet	duper	5a1180338958908323a921255a8d158cf1f26c95	5a1180338958908323a921255a8d158cf1f26c95	leanprover/lean4:v4.32.2	1	Velvet/Examples/SpMSpV_Example.lean	SpMSpV_correct	10972595422634862877	10972595422634862877	fail	timeout	8688	Duper encountered a (deterministic) timeout. The maximum number of heartbeats 1000000 has been reached (use 'set_option maxHeartbeats <num>' to set the limit)	∀ i < spm.size, out[i]! + spv_dot spm[i]! spv spmInd[i]! spvInd[i]! = spv_dot spm[i]! spv 0 0
velvet	duper	5a1180338958908323a921255a8d158cf1f26c95	5a1180338958908323a921255a8d158cf1f26c95	leanprover/lean4:v4.32.2	1	Velvet/Examples/SpMSpV_Example.lean	SpMSpV_correct	8550776788309984180	8550776788309984180	fail	timeout	8778	Duper encountered a (deterministic) timeout. The maximum number of heartbeats 1000000 has been reached (use 'set_option maxHeartbeats <num>' to set the limit)	∀ i < spm.size, spmInd[i]! = spm[i]!.size ∨ spvInd[i]! = spv.size
velvet	duper	5a1180338958908323a921255a8d158cf1f26c95	5a1180338958908323a921255a8d158cf1f26c95	leanprover/lean4:v4.32.2	1	Velvet/Examples/SpMSpV_Example.lean	SpMSpV_correct	1927473323286999035	1927473323286999035	pass	-	3	-	(Array.replicate spm.size 0).size = spm.size
velvet	duper	5a1180338958908323a921255a8d158cf1f26c95	5a1180338958908323a921255a8d158cf1f26c95	leanprover/lean4:v4.32.2	1	Velvet/Examples/SpMSpV_Example.lean	SpMSpV_correct	1927473323286999035	1927473323286999035	pass	-	2	-	(Array.replicate spm.size 0).size = spm.size
velvet	duper	5a1180338958908323a921255a8d158cf1f26c95	5a1180338958908323a921255a8d158cf1f26c95	leanprover/lean4:v4.32.2	1	Velvet/Examples/SpMSpV_Example.lean	SpMSpV_correct	1927473323286999035	1927473323286999035	pass	-	2	-	(Array.replicate spm.size 0).size = spm.size
velvet	duper	5a1180338958908323a921255a8d158cf1f26c95	5a1180338958908323a921255a8d158cf1f26c95	leanprover/lean4:v4.32.2	1	Velvet/Examples/SpMSpV_Example.lean	SpMSpV_correct	3184815126966959579	3184815126966959579	fail	timeout	54763	Duper encountered a (deterministic) timeout. The maximum number of heartbeats 1000000 has been reached (use 'set_option maxHeartbeats <num>' to set the limit)	∀ i < (Array.replicate spm.size 0).size, (Array.replicate spm.size 0)[i]! ≤ spm[i]!.size
velvet	duper	5a1180338958908323a921255a8d158cf1f26c95	5a1180338958908323a921255a8d158cf1f26c95	leanprover/lean4:v4.32.2	1	Velvet/Examples/SpMSpV_Example.lean	SpMSpV_correct	5592904318722155373	5592904318722155373	fail	timeout	6034	Duper encountered a (deterministic) timeout. The maximum number of heartbeats 1000000 has been reached (use 'set_option maxHeartbeats <num>' to set the limit)	∀ i < (Array.replicate spm.size 0).size, (Array.replicate spm.size 0)[i]! ≤ spv.size
velvet	duper	5a1180338958908323a921255a8d158cf1f26c95	5a1180338958908323a921255a8d158cf1f26c95	leanprover/lean4:v4.32.2	1	Velvet/Examples/SpMSpV_Example.lean	SpMSpV_correct	9139246173028146264	9139246173028146264	fail	timeout	6251	Duper encountered a (deterministic) timeout. The maximum number of heartbeats 1000000 has been reached (use 'set_option maxHeartbeats <num>' to set the limit)	∀ i < spm.size,   (Array.replicate spm.size 0)[i]! +       spv_dot spm[i]! spv (Array.replicate spm.size 0)[i]! (Array.replicate spm.size 0)[i]! =     spv_dot spm[i]! spv 0 0
velvet	duper	5a1180338958908323a921255a8d158cf1f26c95	5a1180338958908323a921255a8d158cf1f26c95	leanprover/lean4:v4.32.2	1	Velvet/Examples/SpMSpV_Example.lean	SpMSpV_correct	1600226093076966364	1600226093076966364	fail	timeout	5527	Duper encountered a (deterministic) timeout. The maximum number of heartbeats 1000000 has been reached (use 'set_option maxHeartbeats <num>' to set the limit)	∀ i_3 < spm.size, i[i_3]! = spv_dot spm[i_3]! spv 0 0
velvet	duper	5a1180338958908323a921255a8d158cf1f26c95	5a1180338958908323a921255a8d158cf1f26c95	leanprover/lean4:v4.32.2	1	Velvet/Examples/SpMSpV_Example.lean	SpMSpV_correct	16615823506960250981	16615823506960250981	pass	-	10	-	i.size = spm.size
velvet	duper	5a1180338958908323a921255a8d158cf1f26c95	5a1180338958908323a921255a8d158cf1f26c95	leanprover/lean4:v4.32.2	1	Velvet/Examples/SubstringSearch.lean	SubstringSearch_correct	18217664312208415458	18217664312208415458	fail	tactic	178	Duper failed to solve the goal and determined that it will be unable to do so with the current configuration of options and selection of premises	¬false = true → ∀ i < s.size, ¬p s[i]! = true
velvet	duper	5a1180338958908323a921255a8d158cf1f26c95	5a1180338958908323a921255a8d158cf1f26c95	leanprover/lean4:v4.32.2	1	Velvet/Examples/SubstringSearch.lean	SubstringSearch_correct	14717207787831772510	14717207787831772510	fail	tactic	757	Duper failed to solve the goal and determined that it will be unable to do so with the current configuration of options and selection of premises	false = true → ∀ (l₁ r₁ : ℕ), CorrectSubstring s p l₁ r₁ → r₁ - l₁ + 1 = 0 - 0 + 1 ∧ 0 ≤ r₁ ∨ r₁ - l₁ + 1 < 0 - 0 + 1
velvet	duper	5a1180338958908323a921255a8d158cf1f26c95	5a1180338958908323a921255a8d158cf1f26c95	leanprover/lean4:v4.32.2	1	Velvet/Examples/SubstringSearch.lean	SubstringSearch_correct	10323933724704776680	10323933724704776680	fail	tactic	588	Duper failed to solve the goal and determined that it will be unable to do so with the current configuration of options and selection of premises	false = true → CorrectSubstring s p 0 0
velvet	duper	5a1180338958908323a921255a8d158cf1f26c95	5a1180338958908323a921255a8d158cf1f26c95	leanprover/lean4:v4.32.2	1	Velvet/Examples/SubstringSearch.lean	SubstringSearch_correct	8391554914672281118	8391554914672281118	pass	-	30	-	0 < s.size → 0 < s.size
velvet	duper	5a1180338958908323a921255a8d158cf1f26c95	5a1180338958908323a921255a8d158cf1f26c95	leanprover/lean4:v4.32.2	1	Velvet/Examples/SubstringSearch.lean	SubstringSearch_correct	6640297411548399355	6640297411548399355	pass	-	35	-	0 ≤ 0
velvet	duper	5a1180338958908323a921255a8d158cf1f26c95	5a1180338958908323a921255a8d158cf1f26c95	leanprover/lean4:v4.32.2	1	Velvet/Examples/SubstringSearch.lean	SubstringSearch_correct	4492008039209323302	4492008039209323302	pass	-	2404	-	0 ≤ cnt + 1
velvet	duper	5a1180338958908323a921255a8d158cf1f26c95	5a1180338958908323a921255a8d158cf1f26c95	leanprover/lean4:v4.32.2	1	Velvet/Examples/SubstringSearch.lean	SubstringSearch_correct	16506446102682745284	16506446102682745284	fail	timeout	8048	Duper encountered a (deterministic) timeout. The maximum number of heartbeats 1000000 has been reached (use 'set_option maxHeartbeats <num>' to set the limit)	cnt + 1 ≤ pnt + 1
velvet	duper	5a1180338958908323a921255a8d158cf1f26c95	5a1180338958908323a921255a8d158cf1f26c95	leanprover/lean4:v4.32.2	1	Velvet/Examples/SubstringSearch.lean	SubstringSearch_correct	4056255141881592010	4056255141881592010	pass	-	342	-	pnt + 1 ≤ s.size
velvet	duper	5a1180338958908323a921255a8d158cf1f26c95	5a1180338958908323a921255a8d158cf1f26c95	leanprover/lean4:v4.32.2	1	Velvet/Examples/SubstringSearch.lean	SubstringSearch_correct	10653939026877543916	10653939026877543916	fail	timeout	270961	Duper encountered a (deterministic) timeout. The maximum number of heartbeats 1000000 has been reached (use 'set_option maxHeartbeats <num>' to set the limit)	pnt + 1 - (cnt + 1) ≤ pnt
velvet	duper	5a1180338958908323a921255a8d158cf1f26c95	5a1180338958908323a921255a8d158cf1f26c95	leanprover/lean4:v4.32.2	1	Velvet/Examples/SubstringSearch.lean	SubstringSearch_correct	11759649870705798849	11759649870705798849	pass	-	20	-	pnt < s.size
velvet	duper	5a1180338958908323a921255a8d158cf1f26c95	5a1180338958908323a921255a8d158cf1f26c95	leanprover/lean4:v4.32.2	1	Velvet/Examples/SubstringSearch.lean	SubstringSearch_correct	18143633401136980304	18143633401136980304	fail	timeout	8784	Duper encountered a (deterministic) timeout. The maximum number of heartbeats 1000000 has been reached (use 'set_option maxHeartbeats <num>' to set the limit)	cnt + 1 ≤ cnt + 1
velvet	duper	5a1180338958908323a921255a8d158cf1f26c95	5a1180338958908323a921255a8d158cf1f26c95	leanprover/lean4:v4.32.2	1	Velvet/Examples/SubstringSearch.lean	SubstringSearch_correct	16856248441874989194	16856248441874989194	fail	timeout	7799	Duper encountered a (deterministic) timeout. The maximum number of heartbeats 1000000 has been reached (use 'set_option maxHeartbeats <num>' to set the limit)	pnt ≤ pnt + 1
velvet	duper	5a1180338958908323a921255a8d158cf1f26c95	5a1180338958908323a921255a8d158cf1f26c95	leanprover/lean4:v4.32.2	1	Velvet/Examples/SubstringSearch.lean	SubstringSearch_correct	1598574868652780333	1598574868652780333	fail	timeout	7871	Duper encountered a (deterministic) timeout. The maximum number of heartbeats 1000000 has been reached (use 'set_option maxHeartbeats <num>' to set the limit)	∀ (j : ℕ), pnt + 1 - (cnt + 1) ≤ j → j < pnt + 1 → p s[j]! = true
velvet	duper	5a1180338958908323a921255a8d158cf1f26c95	5a1180338958908323a921255a8d158cf1f26c95	leanprover/lean4:v4.32.2	1	Velvet/Examples/SubstringSearch.lean	SubstringSearch_correct	6083540873046640352	6083540873046640352	fail	timeout	8397	Duper encountered a (deterministic) timeout. The maximum number of heartbeats 1000000 has been reached (use 'set_option maxHeartbeats <num>' to set the limit)	cnt + 1 > 0 → cnt + 1 = pnt - (pnt + 1 - (cnt + 1)) + 1 ∧ CorrectSubstring s p (pnt + 1 - (cnt + 1)) pnt
velvet	duper	5a1180338958908323a921255a8d158cf1f26c95	5a1180338958908323a921255a8d158cf1f26c95	leanprover/lean4:v4.32.2	1	Velvet/Examples/SubstringSearch.lean	SubstringSearch_correct	18314524564682266162	18314524564682266162	pass	-	1182	-	cnt + 1 = 0 → ∀ i < pnt + 1, ¬p s[i]! = true
velvet	duper	5a1180338958908323a921255a8d158cf1f26c95	5a1180338958908323a921255a8d158cf1f26c95	leanprover/lean4:v4.32.2	1	Velvet/Examples/SubstringSearch.lean	SubstringSearch_correct	14859665284842375974	14859665284842375974	fail	timeout	7614	Duper encountered a (deterministic) timeout. The maximum number of heartbeats 1000000 has been reached (use 'set_option maxHeartbeats <num>' to set the limit)	cnt + 1 < pnt + 1 → ¬p s[pnt + 1 - (cnt + 1) - 1]! = true
velvet	duper	5a1180338958908323a921255a8d158cf1f26c95	5a1180338958908323a921255a8d158cf1f26c95	leanprover/lean4:v4.32.2	1	Velvet/Examples/SubstringSearch.lean	SubstringSearch_correct	16859604855349517182	16859604855349517182	fail	timeout	82813	Duper encountered a (deterministic) timeout. The maximum number of heartbeats 1000000 has been reached (use 'set_option maxHeartbeats <num>' to set the limit)	∀ (l₁ r₁ : ℕ), CorrectSubstring s p l₁ r₁ → r₁ < pnt + 1 → r₁ - l₁ + 1 = cnt + 1 ∧ pnt ≤ r₁ ∨ r₁ - l₁ + 1 < cnt + 1
velvet	duper	5a1180338958908323a921255a8d158cf1f26c95	5a1180338958908323a921255a8d158cf1f26c95	leanprover/lean4:v4.32.2	1	Velvet/Examples/SubstringSearch.lean	SubstringSearch_correct	12762377925475098934	12762377925475098934	fail	timeout	7828	Duper encountered a (deterministic) timeout. The maximum number of heartbeats 1000000 has been reached (use 'set_option maxHeartbeats <num>' to set the limit)	s.size - (pnt + 1) < s.size - pnt
velvet	duper	5a1180338958908323a921255a8d158cf1f26c95	5a1180338958908323a921255a8d158cf1f26c95	leanprover/lean4:v4.32.2	1	Velvet/Examples/SubstringSearch.lean	SubstringSearch_correct	4492008039209323302	4492008039209323302	pass	-	2365	-	0 ≤ cnt + 1
velvet	duper	5a1180338958908323a921255a8d158cf1f26c95	5a1180338958908323a921255a8d158cf1f26c95	leanprover/lean4:v4.32.2	1	Velvet/Examples/SubstringSearch.lean	SubstringSearch_correct	16506446102682745284	16506446102682745284	fail	timeout	7922	Duper encountered a (deterministic) timeout. The maximum number of heartbeats 1000000 has been reached (use 'set_option maxHeartbeats <num>' to set the limit)	cnt + 1 ≤ pnt + 1
velvet	duper	5a1180338958908323a921255a8d158cf1f26c95	5a1180338958908323a921255a8d158cf1f26c95	leanprover/lean4:v4.32.2	1	Velvet/Examples/SubstringSearch.lean	SubstringSearch_correct	4056255141881592010	4056255141881592010	pass	-	346	-	pnt + 1 ≤ s.size
velvet	duper	5a1180338958908323a921255a8d158cf1f26c95	5a1180338958908323a921255a8d158cf1f26c95	leanprover/lean4:v4.32.2	1	Velvet/Examples/SubstringSearch.lean	SubstringSearch_correct	18313498382677451279	18313498382677451279	pass	-	16	-	l_ans ≤ r_ans
velvet	duper	5a1180338958908323a921255a8d158cf1f26c95	5a1180338958908323a921255a8d158cf1f26c95	leanprover/lean4:v4.32.2	1	Velvet/Examples/SubstringSearch.lean	SubstringSearch_correct	5902668824617064985	5902668824617064985	pass	-	15	-	r_ans < s.size
velvet	duper	5a1180338958908323a921255a8d158cf1f26c95	5a1180338958908323a921255a8d158cf1f26c95	leanprover/lean4:v4.32.2	1	Velvet/Examples/SubstringSearch.lean	SubstringSearch_correct	18214680451177329292	18214680451177329292	fail	timeout	7968	Duper encountered a (deterministic) timeout. The maximum number of heartbeats 1000000 has been reached (use 'set_option maxHeartbeats <num>' to set the limit)	cnt + 1 ≤ ans
velvet	duper	5a1180338958908323a921255a8d158cf1f26c95	5a1180338958908323a921255a8d158cf1f26c95	leanprover/lean4:v4.32.2	1	Velvet/Examples/SubstringSearch.lean	SubstringSearch_correct	4587180649363296126	4587180649363296126	fail	timeout	7893	Duper encountered a (deterministic) timeout. The maximum number of heartbeats 1000000 has been reached (use 'set_option maxHeartbeats <num>' to set the limit)	r_ans ≤ pnt + 1
velvet	duper	5a1180338958908323a921255a8d158cf1f26c95	5a1180338958908323a921255a8d158cf1f26c95	leanprover/lean4:v4.32.2	1	Velvet/Examples/SubstringSearch.lean	SubstringSearch_correct	1598574868652780333	1598574868652780333	fail	timeout	7914	Duper encountered a (deterministic) timeout. The maximum number of heartbeats 1000000 has been reached (use 'set_option maxHeartbeats <num>' to set the limit)	∀ (j : ℕ), pnt + 1 - (cnt + 1) ≤ j → j < pnt + 1 → p s[j]! = true
velvet	duper	5a1180338958908323a921255a8d158cf1f26c95	5a1180338958908323a921255a8d158cf1f26c95	leanprover/lean4:v4.32.2	1	Velvet/Examples/SubstringSearch.lean	SubstringSearch_correct	7138545743425854663	7138545743425854663	pass	-	717	-	ans > 0 → ans = r_ans - l_ans + 1 ∧ CorrectSubstring s p l_ans r_ans
velvet	duper	5a1180338958908323a921255a8d158cf1f26c95	5a1180338958908323a921255a8d158cf1f26c95	leanprover/lean4:v4.32.2	1	Velvet/Examples/SubstringSearch.lean	SubstringSearch_correct	4681422515724674825	4681422515724674825	pass	-	2276	-	ans = 0 → ∀ i < pnt + 1, ¬p s[i]! = true
velvet	duper	5a1180338958908323a921255a8d158cf1f26c95	5a1180338958908323a921255a8d158cf1f26c95	leanprover/lean4:v4.32.2	1	Velvet/Examples/SubstringSearch.lean	SubstringSearch_correct	14859665284842375974	14859665284842375974	fail	timeout	115387	Duper encountered a (deterministic) timeout. The maximum number of heartbeats 1000000 has been reached (use 'set_option maxHeartbeats <num>' to set the limit)	cnt + 1 < pnt + 1 → ¬p s[pnt + 1 - (cnt + 1) - 1]! = true
velvet	duper	5a1180338958908323a921255a8d158cf1f26c95	5a1180338958908323a921255a8d158cf1f26c95	leanprover/lean4:v4.32.2	1	Velvet/Examples/SubstringSearch.lean	SubstringSearch_correct	15621397202025328223	15621397202025328223	fail	timeout	8399	Duper encountered a (deterministic) timeout. The maximum number of heartbeats 1000000 has been reached (use 'set_option maxHeartbeats <num>' to set the limit)	∀ (l₁ r₁ : ℕ), CorrectSubstring s p l₁ r₁ → r₁ < pnt + 1 → r₁ - l₁ + 1 = ans ∧ r_ans ≤ r₁ ∨ r₁ - l₁ + 1 < ans
velvet	duper	5a1180338958908323a921255a8d158cf1f26c95	5a1180338958908323a921255a8d158cf1f26c95	leanprover/lean4:v4.32.2	1	Velvet/Examples/SubstringSearch.lean	SubstringSearch_correct	12762377925475098934	12762377925475098934	fail	timeout	7578	Duper encountered a (deterministic) timeout. The maximum number of heartbeats 1000000 has been reached (use 'set_option maxHeartbeats <num>' to set the limit)	s.size - (pnt + 1) < s.size - pnt
velvet	duper	5a1180338958908323a921255a8d158cf1f26c95	5a1180338958908323a921255a8d158cf1f26c95	leanprover/lean4:v4.32.2	1	Velvet/Examples/SubstringSearch.lean	SubstringSearch_correct	6640297411548399355	6640297411548399355	pass	-	2406	-	0 ≤ 0
velvet	duper	5a1180338958908323a921255a8d158cf1f26c95	5a1180338958908323a921255a8d158cf1f26c95	leanprover/lean4:v4.32.2	1	Velvet/Examples/SubstringSearch.lean	SubstringSearch_correct	12035722151280848636	12035722151280848636	pass	-	2517	-	0 ≤ pnt + 1
velvet	duper	5a1180338958908323a921255a8d158cf1f26c95	5a1180338958908323a921255a8d158cf1f26c95	leanprover/lean4:v4.32.2	1	Velvet/Examples/SubstringSearch.lean	SubstringSearch_correct	4056255141881592010	4056255141881592010	pass	-	163	-	pnt + 1 ≤ s.size
velvet	duper	5a1180338958908323a921255a8d158cf1f26c95	5a1180338958908323a921255a8d158cf1f26c95	leanprover/lean4:v4.32.2	1	Velvet/Examples/SubstringSearch.lean	SubstringSearch_correct	18313498382677451279	18313498382677451279	pass	-	14	-	l_ans ≤ r_ans
velvet	duper	5a1180338958908323a921255a8d158cf1f26c95	5a1180338958908323a921255a8d158cf1f26c95	leanprover/lean4:v4.32.2	1	Velvet/Examples/SubstringSearch.lean	SubstringSearch_correct	5902668824617064985	5902668824617064985	pass	-	14	-	r_ans < s.size
velvet	duper	5a1180338958908323a921255a8d158cf1f26c95	5a1180338958908323a921255a8d158cf1f26c95	leanprover/lean4:v4.32.2	1	Velvet/Examples/SubstringSearch.lean	SubstringSearch_correct	11007454110672083430	11007454110672083430	pass	-	2394	-	0 ≤ ans
velvet	duper	5a1180338958908323a921255a8d158cf1f26c95	5a1180338958908323a921255a8d158cf1f26c95	leanprover/lean4:v4.32.2	1	Velvet/Examples/SubstringSearch.lean	SubstringSearch_correct	4587180649363296126	4587180649363296126	fail	timeout	7667	Duper encountered a (deterministic) timeout. The maximum number of heartbeats 1000000 has been reached (use 'set_option maxHeartbeats <num>' to set the limit)	r_ans ≤ pnt + 1
velvet	duper	5a1180338958908323a921255a8d158cf1f26c95	5a1180338958908323a921255a8d158cf1f26c95	leanprover/lean4:v4.32.2	1	Velvet/Examples/SubstringSearch.lean	SubstringSearch_correct	4995387128902807839	4995387128902807839	fail	timeout	7677	Duper encountered a (deterministic) timeout. The maximum number of heartbeats 1000000 has been reached (use 'set_option maxHeartbeats <num>' to set the limit)	∀ (j : ℕ), pnt + 1 - 0 ≤ j → j < pnt + 1 → p s[j]! = true
velvet	duper	5a1180338958908323a921255a8d158cf1f26c95	5a1180338958908323a921255a8d158cf1f26c95	leanprover/lean4:v4.32.2	1	Velvet/Examples/SubstringSearch.lean	SubstringSearch_correct	7138545743425854663	7138545743425854663	pass	-	817	-	ans > 0 → ans = r_ans - l_ans + 1 ∧ CorrectSubstring s p l_ans r_ans
velvet	duper	5a1180338958908323a921255a8d158cf1f26c95	5a1180338958908323a921255a8d158cf1f26c95	leanprover/lean4:v4.32.2	1	Velvet/Examples/SubstringSearch.lean	SubstringSearch_correct	4681422515724674825	4681422515724674825	fail	timeout	176069	Duper encountered a (deterministic) timeout. The maximum number of heartbeats 1000000 has been reached (use 'set_option maxHeartbeats <num>' to set the limit)	ans = 0 → ∀ i < pnt + 1, ¬p s[i]! = true
velvet	duper	5a1180338958908323a921255a8d158cf1f26c95	5a1180338958908323a921255a8d158cf1f26c95	leanprover/lean4:v4.32.2	1	Velvet/Examples/SubstringSearch.lean	SubstringSearch_correct	9257442500105266102	9257442500105266102	pass	-	392	-	0 < pnt + 1 → ¬p s[pnt + 1 - 0 - 1]! = true
velvet	duper	5a1180338958908323a921255a8d158cf1f26c95	5a1180338958908323a921255a8d158cf1f26c95	leanprover/lean4:v4.32.2	1	Velvet/Examples/SubstringSearch.lean	SubstringSearch_correct	15621397202025328223	15621397202025328223	fail	timeout	8477	Duper encountered a (deterministic) timeout. The maximum number of heartbeats 1000000 has been reached (use 'set_option maxHeartbeats <num>' to set the limit)	∀ (l₁ r₁ : ℕ), CorrectSubstring s p l₁ r₁ → r₁ < pnt + 1 → r₁ - l₁ + 1 = ans ∧ r_ans ≤ r₁ ∨ r₁ - l₁ + 1 < ans
velvet	duper	5a1180338958908323a921255a8d158cf1f26c95	5a1180338958908323a921255a8d158cf1f26c95	leanprover/lean4:v4.32.2	1	Velvet/Examples/SubstringSearch.lean	SubstringSearch_correct	12762377925475098934	12762377925475098934	fail	timeout	7496	Duper encountered a (deterministic) timeout. The maximum number of heartbeats 1000000 has been reached (use 'set_option maxHeartbeats <num>' to set the limit)	s.size - (pnt + 1) < s.size - pnt
velvet	duper	5a1180338958908323a921255a8d158cf1f26c95	5a1180338958908323a921255a8d158cf1f26c95	leanprover/lean4:v4.32.2	1	Velvet/Examples/SubstringSearch.lean	SubstringSearch_correct	14757371069243260877	14757371069243260877	pass	-	14	-	0 ≤ cnt
velvet	duper	5a1180338958908323a921255a8d158cf1f26c95	5a1180338958908323a921255a8d158cf1f26c95	leanprover/lean4:v4.32.2	1	Velvet/Examples/SubstringSearch.lean	SubstringSearch_correct	10355523733004803458	10355523733004803458	pass	-	13	-	cnt ≤ pnt
velvet	duper	5a1180338958908323a921255a8d158cf1f26c95	5a1180338958908323a921255a8d158cf1f26c95	leanprover/lean4:v4.32.2	1	Velvet/Examples/SubstringSearch.lean	SubstringSearch_correct	802985032057732284	802985032057732284	pass	-	13	-	pnt ≤ s.size
velvet	duper	5a1180338958908323a921255a8d158cf1f26c95	5a1180338958908323a921255a8d158cf1f26c95	leanprover/lean4:v4.32.2	1	Velvet/Examples/SubstringSearch.lean	SubstringSearch_correct	18313498382677451279	18313498382677451279	pass	-	13	-	l_ans ≤ r_ans
velvet	duper	5a1180338958908323a921255a8d158cf1f26c95	5a1180338958908323a921255a8d158cf1f26c95	leanprover/lean4:v4.32.2	1	Velvet/Examples/SubstringSearch.lean	SubstringSearch_correct	5902668824617064985	5902668824617064985	pass	-	13	-	r_ans < s.size
velvet	duper	5a1180338958908323a921255a8d158cf1f26c95	5a1180338958908323a921255a8d158cf1f26c95	leanprover/lean4:v4.32.2	1	Velvet/Examples/SubstringSearch.lean	SubstringSearch_correct	6469834297383728061	6469834297383728061	pass	-	13	-	cnt ≤ ans
velvet	duper	5a1180338958908323a921255a8d158cf1f26c95	5a1180338958908323a921255a8d158cf1f26c95	leanprover/lean4:v4.32.2	1	Velvet/Examples/SubstringSearch.lean	SubstringSearch_correct	529893491977289627	529893491977289627	pass	-	13	-	r_ans ≤ pnt
velvet	duper	5a1180338958908323a921255a8d158cf1f26c95	5a1180338958908323a921255a8d158cf1f26c95	leanprover/lean4:v4.32.2	1	Velvet/Examples/SubstringSearch.lean	SubstringSearch_correct	7110337632391962636	7110337632391962636	pass	-	420	-	∀ (j : ℕ), pnt - cnt ≤ j → j < pnt → p s[j]! = true
velvet	duper	5a1180338958908323a921255a8d158cf1f26c95	5a1180338958908323a921255a8d158cf1f26c95	leanprover/lean4:v4.32.2	1	Velvet/Examples/SubstringSearch.lean	SubstringSearch_correct	7138545743425854663	7138545743425854663	pass	-	502	-	ans > 0 → ans = r_ans - l_ans + 1 ∧ CorrectSubstring s p l_ans r_ans
velvet	duper	5a1180338958908323a921255a8d158cf1f26c95	5a1180338958908323a921255a8d158cf1f26c95	leanprover/lean4:v4.32.2	1	Velvet/Examples/SubstringSearch.lean	SubstringSearch_correct	12240785285064077065	12240785285064077065	pass	-	300	-	ans = 0 → ∀ i < pnt, ¬p s[i]! = true
velvet	duper	5a1180338958908323a921255a8d158cf1f26c95	5a1180338958908323a921255a8d158cf1f26c95	leanprover/lean4:v4.32.2	1	Velvet/Examples/SubstringSearch.lean	SubstringSearch_correct	8901178409804151575	8901178409804151575	pass	-	255	-	cnt < pnt → ¬p s[pnt - cnt - 1]! = true
velvet	duper	5a1180338958908323a921255a8d158cf1f26c95	5a1180338958908323a921255a8d158cf1f26c95	leanprover/lean4:v4.32.2	1	Velvet/Examples/SubstringSearch.lean	SubstringSearch_correct	8890844706151052704	8890844706151052704	pass	-	2316	-	∀ (l₁ r₁ : ℕ), CorrectSubstring s p l₁ r₁ → r₁ < pnt → r₁ - l₁ + 1 = ans ∧ r_ans ≤ r₁ ∨ r₁ - l₁ + 1 < ans
velvet	duper	5a1180338958908323a921255a8d158cf1f26c95	5a1180338958908323a921255a8d158cf1f26c95	leanprover/lean4:v4.32.2	1	Velvet/Examples/SubstringSearch.lean	SubstringSearch_correct	8801584380004644131	8801584380004644131	pass	-	212	-	¬pnt < s.size
velvet	duper	5a1180338958908323a921255a8d158cf1f26c95	5a1180338958908323a921255a8d158cf1f26c95	leanprover/lean4:v4.32.2	1	Velvet/Examples/SubstringSearch.lean	SubstringSearch_correct	6640297411548399355	6640297411548399355	pass	-	33	-	0 ≤ 0
velvet	duper	5a1180338958908323a921255a8d158cf1f26c95	5a1180338958908323a921255a8d158cf1f26c95	leanprover/lean4:v4.32.2	1	Velvet/Examples/SubstringSearch.lean	SubstringSearch_correct	6640297411548399355	6640297411548399355	pass	-	32	-	0 ≤ 0
velvet	duper	5a1180338958908323a921255a8d158cf1f26c95	5a1180338958908323a921255a8d158cf1f26c95	leanprover/lean4:v4.32.2	1	Velvet/Examples/SubstringSearch.lean	SubstringSearch_correct	17707774690084689736	17707774690084689736	pass	-	35	-	0 ≤ s.size
velvet	duper	5a1180338958908323a921255a8d158cf1f26c95	5a1180338958908323a921255a8d158cf1f26c95	leanprover/lean4:v4.32.2	1	Velvet/Examples/SubstringSearch.lean	SubstringSearch_correct	6640297411548399355	6640297411548399355	pass	-	32	-	0 ≤ 0
velvet	duper	5a1180338958908323a921255a8d158cf1f26c95	5a1180338958908323a921255a8d158cf1f26c95	leanprover/lean4:v4.32.2	1	Velvet/Examples/SubstringSearch.lean	SubstringSearch_correct	4974301628068507188	4974301628068507188	fail	tactic	59	Duper failed to solve the goal and determined that it will be unable to do so with the current configuration of options and selection of premises	0 < s.size
velvet	duper	5a1180338958908323a921255a8d158cf1f26c95	5a1180338958908323a921255a8d158cf1f26c95	leanprover/lean4:v4.32.2	1	Velvet/Examples/SubstringSearch.lean	SubstringSearch_correct	6640297411548399355	6640297411548399355	pass	-	32	-	0 ≤ 0
velvet	duper	5a1180338958908323a921255a8d158cf1f26c95	5a1180338958908323a921255a8d158cf1f26c95	leanprover/lean4:v4.32.2	1	Velvet/Examples/SubstringSearch.lean	SubstringSearch_correct	6640297411548399355	6640297411548399355	pass	-	33	-	0 ≤ 0
velvet	duper	5a1180338958908323a921255a8d158cf1f26c95	5a1180338958908323a921255a8d158cf1f26c95	leanprover/lean4:v4.32.2	1	Velvet/Examples/SubstringSearch.lean	SubstringSearch_correct	577474350103851300	577474350103851300	pass	-	171	-	∀ (j : ℕ), 0 - 0 ≤ j → j < 0 → p s[j]! = true
velvet	duper	5a1180338958908323a921255a8d158cf1f26c95	5a1180338958908323a921255a8d158cf1f26c95	leanprover/lean4:v4.32.2	1	Velvet/Examples/SubstringSearch.lean	SubstringSearch_correct	12819951545662893426	12819951545662893426	pass	-	429	-	0 > 0 → 0 = 0 - 0 + 1 ∧ CorrectSubstring s p 0 0
velvet	duper	5a1180338958908323a921255a8d158cf1f26c95	5a1180338958908323a921255a8d158cf1f26c95	leanprover/lean4:v4.32.2	1	Velvet/Examples/SubstringSearch.lean	SubstringSearch_correct	16471188947338966842	16471188947338966842	pass	-	64	-	∀ i < 0, ¬p s[i]! = true
velvet	duper	5a1180338958908323a921255a8d158cf1f26c95	5a1180338958908323a921255a8d158cf1f26c95	leanprover/lean4:v4.32.2	1	Velvet/Examples/SubstringSearch.lean	SubstringSearch_correct	9975741777879173881	9975741777879173881	pass	-	88	-	0 < 0 → ¬p s[0 - 0 - 1]! = true
velvet	duper	5a1180338958908323a921255a8d158cf1f26c95	5a1180338958908323a921255a8d158cf1f26c95	leanprover/lean4:v4.32.2	1	Velvet/Examples/SubstringSearch.lean	SubstringSearch_correct	88332911118243609	88332911118243609	pass	-	319	-	∀ (l₁ r₁ : ℕ), CorrectSubstring s p l₁ r₁ → r₁ < 0 → r₁ - l₁ + 1 = 0 ∧ 0 ≤ r₁ ∨ r₁ - l₁ + 1 < 0
velvet	duper	5a1180338958908323a921255a8d158cf1f26c95	5a1180338958908323a921255a8d158cf1f26c95	leanprover/lean4:v4.32.2	1	Velvet/Examples/SubstringSearch.lean	SubstringSearch_correct	4316548289593557355	4316548289593557355	fail	timeout	7616	Duper encountered a (deterministic) timeout. The maximum number of heartbeats 1000000 has been reached (use 'set_option maxHeartbeats <num>' to set the limit)	¬decide (i > 0) = true → ∀ i < s.size, ¬p s[i]! = true
velvet	duper	5a1180338958908323a921255a8d158cf1f26c95	5a1180338958908323a921255a8d158cf1f26c95	leanprover/lean4:v4.32.2	1	Velvet/Examples/SubstringSearch.lean	SubstringSearch_correct	1800578837535211584	1800578837535211584	fail	timeout	7983	Duper encountered a (deterministic) timeout. The maximum number of heartbeats 1000000 has been reached (use 'set_option maxHeartbeats <num>' to set the limit)	decide (i > 0) = true →   ∀ (l₁ r₁ : ℕ),     CorrectSubstring s p l₁ r₁ → r₁ - l₁ + 1 = r_ans_1 - i_2 + 1 ∧ r_ans_1 ≤ r₁ ∨ r₁ - l₁ + 1 < r_ans_1 - i_2 + 1
velvet	duper	5a1180338958908323a921255a8d158cf1f26c95	5a1180338958908323a921255a8d158cf1f26c95	leanprover/lean4:v4.32.2	1	Velvet/Examples/SubstringSearch.lean	SubstringSearch_correct	10230862668540398183	10230862668540398183	fail	timeout	8000	Duper encountered a (deterministic) timeout. The maximum number of heartbeats 1000000 has been reached (use 'set_option maxHeartbeats <num>' to set the limit)	decide (i > 0) = true → CorrectSubstring s p i_2 r_ans_1
velvet	duper	5a1180338958908323a921255a8d158cf1f26c95	5a1180338958908323a921255a8d158cf1f26c95	leanprover/lean4:v4.32.2	1	Velvet/Examples/SubstringSearch.lean	SubstringSearch_correct	16982021311738439252	16982021311738439252	pass	-	382	-	0 < s.size → r_ans_1 < s.size
velvet	duper	5a1180338958908323a921255a8d158cf1f26c95	5a1180338958908323a921255a8d158cf1f26c95	leanprover/lean4:v4.32.2	1	Velvet/Examples/SubstringSearch.lean	SubstringSearch_correct	2906785913913327379	2906785913913327379	pass	-	43	-	i_2 ≤ r_ans_1
velvet	duper	5a1180338958908323a921255a8d158cf1f26c95	5a1180338958908323a921255a8d158cf1f26c95	leanprover/lean4:v4.32.2	1	Velvet/Examples/SumOfDigits.lean	SumOfDigits_correct	4887343456502517186	4887343456502517186	fail	tactic	887	Duper failed to solve the goal and determined that it will be unable to do so with the current configuration of options and selection of premises	sum + n % 10 + SumDigits (n / 10) = SumDigits number
velvet	duper	5a1180338958908323a921255a8d158cf1f26c95	5a1180338958908323a921255a8d158cf1f26c95	leanprover/lean4:v4.32.2	1	Velvet/Examples/SumOfDigits.lean	SumOfDigits_correct	5431800701729144158	5431800701729144158	pass	-	696	-	0 ≤ sum + n % 10
velvet	duper	5a1180338958908323a921255a8d158cf1f26c95	5a1180338958908323a921255a8d158cf1f26c95	leanprover/lean4:v4.32.2	1	Velvet/Examples/SumOfDigits.lean	SumOfDigits_correct	3012699503639543524	3012699503639543524	pass	-	2	-	sum + SumDigits n = SumDigits number
velvet	duper	5a1180338958908323a921255a8d158cf1f26c95	5a1180338958908323a921255a8d158cf1f26c95	leanprover/lean4:v4.32.2	1	Velvet/Examples/SumOfDigits.lean	SumOfDigits_correct	12835711844832851839	12835711844832851839	pass	-	1	-	0 ≤ sum
velvet	duper	5a1180338958908323a921255a8d158cf1f26c95	5a1180338958908323a921255a8d158cf1f26c95	leanprover/lean4:v4.32.2	1	Velvet/Examples/SumOfDigits.lean	SumOfDigits_correct	7475080825861972690	7475080825861972690	fail	tactic	621	Duper failed to solve the goal and determined that it will be unable to do so with the current configuration of options and selection of premises	n = 0
velvet	duper	5a1180338958908323a921255a8d158cf1f26c95	5a1180338958908323a921255a8d158cf1f26c95	leanprover/lean4:v4.32.2	1	Velvet/Examples/SumOfDigits.lean	SumOfDigits_correct	15970435702129902192	15970435702129902192	fail	tactic	319	Duper failed to solve the goal and determined that it will be unable to do so with the current configuration of options and selection of premises	0 + SumDigits number = SumDigits number
velvet	duper	5a1180338958908323a921255a8d158cf1f26c95	5a1180338958908323a921255a8d158cf1f26c95	leanprover/lean4:v4.32.2	1	Velvet/Examples/SumOfDigits.lean	SumOfDigits_correct	6640297411548399355	6640297411548399355	pass	-	315	-	0 ≤ 0
velvet	duper	5a1180338958908323a921255a8d158cf1f26c95	5a1180338958908323a921255a8d158cf1f26c95	leanprover/lean4:v4.32.2	1	Velvet/Examples/SumOfDigits.lean	SumOfDigits_correct	3871074223281074707	3871074223281074707	fail	tactic	897	Duper failed to solve the goal and determined that it will be unable to do so with the current configuration of options and selection of premises	sum_1 = SumDigits number
velvet	duper	5a1180338958908323a921255a8d158cf1f26c95	5a1180338958908323a921255a8d158cf1f26c95	leanprover/lean4:v4.32.2	1	Velvet/Examples/TestLoopControl.lean	test1_correct	4791612905070682933	4791612905070682933	fail	tactic	278	Duper failed to solve the goal and determined that it will be unable to do so with the current configuration of options and selection of premises	x + 1 + (t - 1) = a
velvet	duper	5a1180338958908323a921255a8d158cf1f26c95	5a1180338958908323a921255a8d158cf1f26c95	leanprover/lean4:v4.32.2	1	Velvet/Examples/TestLoopControl.lean	test1_correct	4635955882467741603	4635955882467741603	pass	-	49	-	x + 1 = 10 ∨ t - 1 = 0
velvet	duper	5a1180338958908323a921255a8d158cf1f26c95	5a1180338958908323a921255a8d158cf1f26c95	leanprover/lean4:v4.32.2	1	Velvet/Examples/TestLoopControl.lean	test1_correct	4791612905070682933	4791612905070682933	fail	tactic	245	Duper failed to solve the goal and determined that it will be unable to do so with the current configuration of options and selection of premises	x + 1 + (t - 1) = a
velvet	duper	5a1180338958908323a921255a8d158cf1f26c95	5a1180338958908323a921255a8d158cf1f26c95	leanprover/lean4:v4.32.2	1	Velvet/Examples/TestLoopControl.lean	test1_correct	8037191589732674397	8037191589732674397	pass	-	1	-	x + t = a
velvet	duper	5a1180338958908323a921255a8d158cf1f26c95	5a1180338958908323a921255a8d158cf1f26c95	leanprover/lean4:v4.32.2	1	Velvet/Examples/TestLoopControl.lean	test1_correct	4982008840348523404	4982008840348523404	fail	tactic	118	Duper failed to solve the goal and determined that it will be unable to do so with the current configuration of options and selection of premises	x = 10 ∨ t = 0
velvet	duper	5a1180338958908323a921255a8d158cf1f26c95	5a1180338958908323a921255a8d158cf1f26c95	leanprover/lean4:v4.32.2	1	Velvet/Examples/TestLoopControl.lean	test1_correct	14929476196725773389	14929476196725773389	fail	tactic	69	Duper failed to solve the goal and determined that it will be unable to do so with the current configuration of options and selection of premises	0 + a = a
velvet	duper	5a1180338958908323a921255a8d158cf1f26c95	5a1180338958908323a921255a8d158cf1f26c95	leanprover/lean4:v4.32.2	1	Velvet/Examples/TestLoopControl.lean	test1_correct	2311107858308393802	2311107858308393802	fail	tactic	199	Duper failed to solve the goal and determined that it will be unable to do so with the current configuration of options and selection of premises	x_1 > 0
velvet	duper	5a1180338958908323a921255a8d158cf1f26c95	5a1180338958908323a921255a8d158cf1f26c95	leanprover/lean4:v4.32.2	1	Velvet/Examples/TestLoopControl.lean	test2_correct	8037191589732674397	8037191589732674397	pass	-	2	-	x + t = a
velvet	duper	5a1180338958908323a921255a8d158cf1f26c95	5a1180338958908323a921255a8d158cf1f26c95	leanprover/lean4:v4.32.2	1	Velvet/Examples/TestLoopControl.lean	test2_correct	4791612905070682933	4791612905070682933	fail	tactic	275	Duper failed to solve the goal and determined that it will be unable to do so with the current configuration of options and selection of premises	x + 1 + (t - 1) = a
velvet	duper	5a1180338958908323a921255a8d158cf1f26c95	5a1180338958908323a921255a8d158cf1f26c95	leanprover/lean4:v4.32.2	1	Velvet/Examples/TestLoopControl.lean	test2_correct	8037191589732674397	8037191589732674397	pass	-	2	-	x + t = a
velvet	duper	5a1180338958908323a921255a8d158cf1f26c95	5a1180338958908323a921255a8d158cf1f26c95	leanprover/lean4:v4.32.2	1	Velvet/Examples/TestLoopControl.lean	test2_correct	817407402121334710	817407402121334710	fail	tactic	95	Duper failed to solve the goal and determined that it will be unable to do so with the current configuration of options and selection of premises	t = 0
velvet	duper	5a1180338958908323a921255a8d158cf1f26c95	5a1180338958908323a921255a8d158cf1f26c95	leanprover/lean4:v4.32.2	1	Velvet/Examples/TestLoopControl.lean	test2_correct	14929476196725773389	14929476196725773389	fail	tactic	68	Duper failed to solve the goal and determined that it will be unable to do so with the current configuration of options and selection of premises	0 + a = a
velvet	duper	5a1180338958908323a921255a8d158cf1f26c95	5a1180338958908323a921255a8d158cf1f26c95	leanprover/lean4:v4.32.2	1	Velvet/Examples/TestLoopControl.lean	test2_correct	2311107858308393802	2311107858308393802	fail	tactic	173	Duper failed to solve the goal and determined that it will be unable to do so with the current configuration of options and selection of premises	x_1 > 0
velvet	duper	5a1180338958908323a921255a8d158cf1f26c95	5a1180338958908323a921255a8d158cf1f26c95	leanprover/lean4:v4.32.2	1	Velvet/Examples/TestLoopControl.lean	sum_even_correct	8140981983620881888	8140981983620881888	fail	timeout	12050	Duper encountered a (deterministic) timeout. The maximum number of heartbeats 1000000 has been reached (use 'set_option maxHeartbeats <num>' to set the limit)	i + 1 ≤ arr.size
velvet	duper	5a1180338958908323a921255a8d158cf1f26c95	5a1180338958908323a921255a8d158cf1f26c95	leanprover/lean4:v4.32.2	1	Velvet/Examples/TestLoopControl.lean	sum_even_correct	13972406881857011341	13972406881857011341	fail	timeout	13152	Duper encountered a (deterministic) timeout. The maximum number of heartbeats 1000000 has been reached (use 'set_option maxHeartbeats <num>' to set the limit)	s = (Array.filter (fun x => decide (x % 2 = 0)) (arr.extract 0 (i + 1))).sum
velvet	duper	5a1180338958908323a921255a8d158cf1f26c95	5a1180338958908323a921255a8d158cf1f26c95	leanprover/lean4:v4.32.2	1	Velvet/Examples/TestLoopControl.lean	sum_even_correct	8140981983620881888	8140981983620881888	fail	timeout	17788	Duper encountered a (deterministic) timeout. The maximum number of heartbeats 1000000 has been reached (use 'set_option maxHeartbeats <num>' to set the limit)	i + 1 ≤ arr.size
velvet	duper	5a1180338958908323a921255a8d158cf1f26c95	5a1180338958908323a921255a8d158cf1f26c95	leanprover/lean4:v4.32.2	1	Velvet/Examples/TestLoopControl.lean	sum_even_correct	2763434902891560151	2763434902891560151	fail	timeout	19582	Duper encountered a (deterministic) timeout. The maximum number of heartbeats 1000000 has been reached (use 'set_option maxHeartbeats <num>' to set the limit)	s + arr[i]! = (Array.filter (fun x => decide (x % 2 = 0)) (arr.extract 0 (i + 1))).sum
velvet	duper	5a1180338958908323a921255a8d158cf1f26c95	5a1180338958908323a921255a8d158cf1f26c95	leanprover/lean4:v4.32.2	1	Velvet/Examples/TestLoopControl.lean	sum_even_correct	9560710549938607088	9560710549938607088	pass	-	3	-	i ≤ arr.size
velvet	duper	5a1180338958908323a921255a8d158cf1f26c95	5a1180338958908323a921255a8d158cf1f26c95	leanprover/lean4:v4.32.2	1	Velvet/Examples/TestLoopControl.lean	sum_even_correct	4016036276427276962	4016036276427276962	pass	-	3	-	s = (Array.filter (fun x => decide (x % 2 = 0)) (arr.extract 0 i)).sum
velvet	duper	5a1180338958908323a921255a8d158cf1f26c95	5a1180338958908323a921255a8d158cf1f26c95	leanprover/lean4:v4.32.2	1	Velvet/Examples/TestLoopControl.lean	sum_even_correct	12910903814107581038	12910903814107581038	fail	timeout	16524	Duper encountered a (deterministic) timeout. The maximum number of heartbeats 1000000 has been reached (use 'set_option maxHeartbeats <num>' to set the limit)	s = (Array.filter (fun x => decide (x % 2 = 0)) arr).sum
velvet	duper	5a1180338958908323a921255a8d158cf1f26c95	5a1180338958908323a921255a8d158cf1f26c95	leanprover/lean4:v4.32.2	1	Velvet/Examples/TestLoopControl.lean	sum_even_correct	8811351339800985865	8811351339800985865	pass	-	163	-	0 ≤ arr.size
velvet	duper	5a1180338958908323a921255a8d158cf1f26c95	5a1180338958908323a921255a8d158cf1f26c95	leanprover/lean4:v4.32.2	1	Velvet/Examples/TestLoopControl.lean	sum_even_correct	8466542615974342579	8466542615974342579	pass	-	1	-	0 = (Array.filter (fun x => decide (x % 2 = 0)) (arr.extract 0 0)).sum
velvet	duper	5a1180338958908323a921255a8d158cf1f26c95	5a1180338958908323a921255a8d158cf1f26c95	leanprover/lean4:v4.32.2	1	Velvet/Examples/TestLoopControl.lean	sum_even_correct	10603200310498800727	10603200310498800727	pass	-	9	-	s_1 = (Array.filter (fun x => decide (x % 2 = 0)) arr).sum
velvet	duper	5a1180338958908323a921255a8d158cf1f26c95	5a1180338958908323a921255a8d158cf1f26c95	leanprover/lean4:v4.32.2	1	Velvet/Examples/TestMatch.lean	test1_correct	7475080825861972690	7475080825861972690	pass	-	1	-	n = 0
velvet	duper	5a1180338958908323a921255a8d158cf1f26c95	5a1180338958908323a921255a8d158cf1f26c95	leanprover/lean4:v4.32.2	1	Velvet/Examples/TestMatch.lean	test1_correct	12712313322610564863	12712313322610564863	pass	-	1	-	n = x.succ
velvet	duper	5a1180338958908323a921255a8d158cf1f26c95	5a1180338958908323a921255a8d158cf1f26c95	leanprover/lean4:v4.32.2	1	Velvet/Examples/TestMatch.lean	test2_correct	10112861571242978892	10112861571242978892	pass	-	2	-	0 = l.length
velvet	duper	5a1180338958908323a921255a8d158cf1f26c95	5a1180338958908323a921255a8d158cf1f26c95	leanprover/lean4:v4.32.2	1	Velvet/Examples/TestMatch.lean	test2_correct	9817662802794804509	9817662802794804509	pass	-	1	-	Nat.succ 0 = l.length
velvet	duper	5a1180338958908323a921255a8d158cf1f26c95	5a1180338958908323a921255a8d158cf1f26c95	leanprover/lean4:v4.32.2	1	Velvet/Examples/TestMatch.lean	test2_correct	18226621409008708882	18226621409008708882	pass	-	2	-	x.succ.succ = l.length
velvet	duper	5a1180338958908323a921255a8d158cf1f26c95	5a1180338958908323a921255a8d158cf1f26c95	leanprover/lean4:v4.32.2	1	Velvet/Examples/TestMatch.lean	test3_correct	12313593517213863317	12313593517213863317	pass	-	85	-	10 > 9
velvet	duper	5a1180338958908323a921255a8d158cf1f26c95	5a1180338958908323a921255a8d158cf1f26c95	leanprover/lean4:v4.32.2	1	Velvet/Examples/TestMatch.lean	test3_correct	5915416142655103160	5915416142655103160	pass	-	147	-	a + b + c + 10 > 9
velvet	duper	5a1180338958908323a921255a8d158cf1f26c95	5a1180338958908323a921255a8d158cf1f26c95	leanprover/lean4:v4.32.2	1	Velvet/Examples/Total_Partial_example.lean	insertionSort_part_correct	1993702872115081742	1993702872115081742	fail	timeout	5768	Duper encountered a (deterministic) timeout. The maximum number of heartbeats 1000000 has been reached (use 'set_option maxHeartbeats <num>' to set the limit)	∀ (i j : ℕ), 0 ≤ i → i ≤ j → j < arrOld.size → arrOld[i]! ≤ arrOld[j]!
velvet	duper	5a1180338958908323a921255a8d158cf1f26c95	5a1180338958908323a921255a8d158cf1f26c95	leanprover/lean4:v4.32.2	1	Velvet/Examples/Total_Partial_example.lean	insertionSort_part_correct	8793228589483947084	8793228589483947084	pass	-	6	-	((arr_1.set! mind arr_1[mind - 1]!).set! (mind - 1) arr_1[mind]!).size = arrOld.size
velvet	duper	5a1180338958908323a921255a8d158cf1f26c95	5a1180338958908323a921255a8d158cf1f26c95	leanprover/lean4:v4.32.2	1	Velvet/Examples/Total_Partial_example.lean	insertionSort_part_correct	1066791641437412485	1066791641437412485	fail	timeout	7238	Duper encountered a (deterministic) timeout. The maximum number of heartbeats 1000000 has been reached (use 'set_option maxHeartbeats <num>' to set the limit)	mind - 1 ≤ n
velvet	duper	5a1180338958908323a921255a8d158cf1f26c95	5a1180338958908323a921255a8d158cf1f26c95	leanprover/lean4:v4.32.2	1	Velvet/Examples/Total_Partial_example.lean	insertionSort_part_correct	8472930623785656869	8472930623785656869	fail	timeout	9126	Duper encountered a (deterministic) timeout. The maximum number of heartbeats 1000000 has been reached (use 'set_option maxHeartbeats <num>' to set the limit)	∀ (i j : ℕ),   0 ≤ i →     i < j →       j ≤ n →         j ≠ mind - 1 →           ((arr_1.set! mind arr_1[mind - 1]!).set! (mind - 1) arr_1[mind]!)[i]! ≤             ((arr_1.set! mind arr_1[mind - 1]!).set! (mind - 1) arr_1[mind]!)[j]!
velvet	duper	5a1180338958908323a921255a8d158cf1f26c95	5a1180338958908323a921255a8d158cf1f26c95	leanprover/lean4:v4.32.2	1	Velvet/Examples/Total_Partial_example.lean	insertionSort_part_correct	2816846931760221370	2816846931760221370	fail	timeout	7297	Duper encountered a (deterministic) timeout. The maximum number of heartbeats 1000000 has been reached (use 'set_option maxHeartbeats <num>' to set the limit)	((arr_1.set! mind arr_1[mind - 1]!).set! (mind - 1) arr_1[mind]!).toMultiset = arrOld.toMultiset
velvet	duper	5a1180338958908323a921255a8d158cf1f26c95	5a1180338958908323a921255a8d158cf1f26c95	leanprover/lean4:v4.32.2	1	Velvet/Examples/Total_Partial_example.lean	insertionSort_part_correct	5794584936190196715	5794584936190196715	pass	-	6	-	arr_1.size = arrOld.size
velvet	duper	5a1180338958908323a921255a8d158cf1f26c95	5a1180338958908323a921255a8d158cf1f26c95	leanprover/lean4:v4.32.2	1	Velvet/Examples/Total_Partial_example.lean	insertionSort_part_correct	1066791641437412485	1066791641437412485	fail	timeout	7139	Duper encountered a (deterministic) timeout. The maximum number of heartbeats 1000000 has been reached (use 'set_option maxHeartbeats <num>' to set the limit)	mind - 1 ≤ n
velvet	duper	5a1180338958908323a921255a8d158cf1f26c95	5a1180338958908323a921255a8d158cf1f26c95	leanprover/lean4:v4.32.2	1	Velvet/Examples/Total_Partial_example.lean	insertionSort_part_correct	14825588553610653054	14825588553610653054	fail	timeout	7582	Duper encountered a (deterministic) timeout. The maximum number of heartbeats 1000000 has been reached (use 'set_option maxHeartbeats <num>' to set the limit)	∀ (i j : ℕ), 0 ≤ i → i < j → j ≤ n → j ≠ mind - 1 → arr_1[i]! ≤ arr_1[j]!
velvet	duper	5a1180338958908323a921255a8d158cf1f26c95	5a1180338958908323a921255a8d158cf1f26c95	leanprover/lean4:v4.32.2	1	Velvet/Examples/Total_Partial_example.lean	insertionSort_part_correct	15257391885382474665	15257391885382474665	pass	-	6	-	arr_1.toMultiset = arrOld.toMultiset
velvet	duper	5a1180338958908323a921255a8d158cf1f26c95	5a1180338958908323a921255a8d158cf1f26c95	leanprover/lean4:v4.32.2	1	Velvet/Examples/Total_Partial_example.lean	insertionSort_part_correct	5794584936190196715	5794584936190196715	pass	-	6	-	arr_1.size = arrOld.size
velvet	duper	5a1180338958908323a921255a8d158cf1f26c95	5a1180338958908323a921255a8d158cf1f26c95	leanprover/lean4:v4.32.2	1	Velvet/Examples/Total_Partial_example.lean	insertionSort_part_correct	12031026870814429192	12031026870814429192	pass	-	5	-	mind ≤ n
velvet	duper	5a1180338958908323a921255a8d158cf1f26c95	5a1180338958908323a921255a8d158cf1f26c95	leanprover/lean4:v4.32.2	1	Velvet/Examples/Total_Partial_example.lean	insertionSort_part_correct	16465886849738339639	16465886849738339639	pass	-	393	-	∀ (i j : ℕ), 0 ≤ i → i < j → j ≤ n → j ≠ mind → arr_1[i]! ≤ arr_1[j]!
velvet	duper	5a1180338958908323a921255a8d158cf1f26c95	5a1180338958908323a921255a8d158cf1f26c95	leanprover/lean4:v4.32.2	1	Velvet/Examples/Total_Partial_example.lean	insertionSort_part_correct	15257391885382474665	15257391885382474665	pass	-	6	-	arr_1.toMultiset = arrOld.toMultiset
velvet	duper	5a1180338958908323a921255a8d158cf1f26c95	5a1180338958908323a921255a8d158cf1f26c95	leanprover/lean4:v4.32.2	1	Velvet/Examples/Total_Partial_example.lean	insertionSort_part_correct	5918835836158453730	5918835836158453730	pass	-	187	-	¬mind ≠ 0
velvet	duper	5a1180338958908323a921255a8d158cf1f26c95	5a1180338958908323a921255a8d158cf1f26c95	leanprover/lean4:v4.32.2	1	Velvet/Examples/Total_Partial_example.lean	insertionSort_part_correct	5964899400721509044	5964899400721509044	pass	-	3	-	arr.size = arrOld.size
velvet	duper	5a1180338958908323a921255a8d158cf1f26c95	5a1180338958908323a921255a8d158cf1f26c95	leanprover/lean4:v4.32.2	1	Velvet/Examples/Total_Partial_example.lean	insertionSort_part_correct	12155028420956038391	12155028420956038391	fail	timeout	5651	Duper encountered a (deterministic) timeout. The maximum number of heartbeats 1000000 has been reached (use 'set_option maxHeartbeats <num>' to set the limit)	n ≤ n
velvet	duper	5a1180338958908323a921255a8d158cf1f26c95	5a1180338958908323a921255a8d158cf1f26c95	leanprover/lean4:v4.32.2	1	Velvet/Examples/Total_Partial_example.lean	insertionSort_part_correct	14852526092468225565	14852526092468225565	fail	timeout	6307	Duper encountered a (deterministic) timeout. The maximum number of heartbeats 1000000 has been reached (use 'set_option maxHeartbeats <num>' to set the limit)	∀ (i j : ℕ), 0 ≤ i → i < j → j ≤ n → j ≠ n → arr[i]! ≤ arr[j]!
velvet	duper	5a1180338958908323a921255a8d158cf1f26c95	5a1180338958908323a921255a8d158cf1f26c95	leanprover/lean4:v4.32.2	1	Velvet/Examples/Total_Partial_example.lean	insertionSort_termination_correct	8793228589483947084	8793228589483947084	pass	-	3	-	((arr_1.set! mind arr_1[mind - 1]!).set! (mind - 1) arr_1[mind]!).size = arrOld.size
velvet	duper	5a1180338958908323a921255a8d158cf1f26c95	5a1180338958908323a921255a8d158cf1f26c95	leanprover/lean4:v4.32.2	1	Velvet/Examples/Total_Partial_example.lean	insertionSort_termination_correct	11568103068982921353	11568103068982921353	fail	timeout	6023	Duper encountered a (deterministic) timeout. The maximum number of heartbeats 1000000 has been reached (use 'set_option maxHeartbeats <num>' to set the limit)	mind - 1 < mind
velvet	duper	5a1180338958908323a921255a8d158cf1f26c95	5a1180338958908323a921255a8d158cf1f26c95	leanprover/lean4:v4.32.2	1	Velvet/Examples/Total_Partial_example.lean	insertionSort_termination_correct	5794584936190196715	5794584936190196715	pass	-	3	-	arr_1.size = arrOld.size
velvet	duper	5a1180338958908323a921255a8d158cf1f26c95	5a1180338958908323a921255a8d158cf1f26c95	leanprover/lean4:v4.32.2	1	Velvet/Examples/Total_Partial_example.lean	insertionSort_termination_correct	11568103068982921353	11568103068982921353	fail	timeout	5723	Duper encountered a (deterministic) timeout. The maximum number of heartbeats 1000000 has been reached (use 'set_option maxHeartbeats <num>' to set the limit)	mind - 1 < mind
velvet	duper	5a1180338958908323a921255a8d158cf1f26c95	5a1180338958908323a921255a8d158cf1f26c95	leanprover/lean4:v4.32.2	1	Velvet/Examples/Total_Partial_example.lean	insertionSort_termination_correct	5794584936190196715	5794584936190196715	pass	-	3	-	arr_1.size = arrOld.size
velvet	duper	5a1180338958908323a921255a8d158cf1f26c95	5a1180338958908323a921255a8d158cf1f26c95	leanprover/lean4:v4.32.2	1	Velvet/Examples/Total_Partial_example.lean	insertionSort_termination_correct	5918835836158453730	5918835836158453730	pass	-	137	-	¬mind ≠ 0
velvet	duper	5a1180338958908323a921255a8d158cf1f26c95	5a1180338958908323a921255a8d158cf1f26c95	leanprover/lean4:v4.32.2	1	Velvet/Examples/Total_Partial_example.lean	insertionSort_termination_correct	5964899400721509044	5964899400721509044	pass	-	2	-	arr.size = arrOld.size
velvet	duper	5a1180338958908323a921255a8d158cf1f26c95	5a1180338958908323a921255a8d158cf1f26c95	leanprover/lean4:v4.32.2	1	Velvet/Examples/Total_Partial_example.lean	insertionSort_termination_correct	5288706169439222084	5288706169439222084	pass	-	4	-	i.size = arrOld.size
velvet	duper	5a1180338958908323a921255a8d158cf1f26c95	5a1180338958908323a921255a8d158cf1f26c95	leanprover/lean4:v4.32.2	1	Velvet/Examples/Total_Partial_example.lean	insertionSort_termination_correct	4477598582358312981	4477598582358312981	fail	timeout	5716	Duper encountered a (deterministic) timeout. The maximum number of heartbeats 1000000 has been reached (use 'set_option maxHeartbeats <num>' to set the limit)	n + 1 ≤ i.size
velvet	duper	5a1180338958908323a921255a8d158cf1f26c95	5a1180338958908323a921255a8d158cf1f26c95	leanprover/lean4:v4.32.2	1	Velvet/Examples/Total_Partial_example.lean	insertionSort_termination_correct	18088860687919872176	18088860687919872176	fail	timeout	5734	Duper encountered a (deterministic) timeout. The maximum number of heartbeats 1000000 has been reached (use 'set_option maxHeartbeats <num>' to set the limit)	i.size - (n + 1) < arr.size - n
velvet	duper	5a1180338958908323a921255a8d158cf1f26c95	5a1180338958908323a921255a8d158cf1f26c95	leanprover/lean4:v4.32.2	1	Velvet/Examples/Total_Partial_example.lean	insertionSort_termination_correct	5964899400721509044	5964899400721509044	pass	-	2	-	arr.size = arrOld.size
velvet	duper	5a1180338958908323a921255a8d158cf1f26c95	5a1180338958908323a921255a8d158cf1f26c95	leanprover/lean4:v4.32.2	1	Velvet/Examples/Total_Partial_example.lean	insertionSort_termination_correct	16800718018059787263	16800718018059787263	pass	-	2	-	n ≤ arr.size
velvet	duper	5a1180338958908323a921255a8d158cf1f26c95	5a1180338958908323a921255a8d158cf1f26c95	leanprover/lean4:v4.32.2	1	Velvet/Examples/Total_Partial_example.lean	insertionSort_termination_correct	6709257883257101731	6709257883257101731	pass	-	114	-	¬n ≠ arr.size
velvet	duper	5a1180338958908323a921255a8d158cf1f26c95	5a1180338958908323a921255a8d158cf1f26c95	leanprover/lean4:v4.32.2	1	Velvet/Examples/Total_Partial_example.lean	insertionSort_termination_correct	16576486626369642801	16576486626369642801	fail	timeout	5521	Duper encountered a (deterministic) timeout. The maximum number of heartbeats 1000000 has been reached (use 'set_option maxHeartbeats <num>' to set the limit)	1 ≤ arrOld.size
