suite	lane	repeat	vc_key	declaration	goal_hash	outcome	replay	detail	total_nanos	phases	metrics
loom	crush-verify	1	LoomBackend.lean|_example|16574041739855843339	_example	16574041739855843339	verified	not-requested	solver returned unsat; closed under the trust policy	99483668	collect=1055459,pre-reconstruct=3871417,normalize=551000,monomorphize=694333,instantiate=854125,translate=8846709,solve=83610625	
loom	crush-verify	1	LoomBackend.lean|_example|17176297989995940323	_example	3183364163658682212	verified	not-requested	solver returned unsat; closed under the trust policy	100916291	collect=471750,pre-reconstruct=1119958,normalize=1256791,monomorphize=18875,instantiate=30375,translate=2066125,solve=95952417	
loom	crush-verify	1	LoomBackend.lean|_example|773944412226978707	_example	10692569989160547002	verified	not-requested	solver returned unsat; closed under the trust policy	106215708	collect=108417,pre-reconstruct=861667,normalize=48417,monomorphize=15166,instantiate=28166,translate=1429333,solve=103724542	
loom	crush-verify	1	LoomBackend.lean|_example|11766715760782255510	_example	11766715760782255510	verified	not-requested	solver returned unsat; closed under the trust policy	34793623	collect=99083,pre-reconstruct=1778791,normalize=216000,monomorphize=12375,instantiate=27833,translate=1073000,solve=31586541	
loom	crush-core	1	LoomBackend.lean|_example|16574041739855843339	_example	16574041739855843339	core-reconstructed	not-attempted	core-directed reconstruction succeeded	47602835	collect=515375,pre-reconstruct=3158500,normalize=408584,monomorphize=110625,instantiate=235750,translate=4884500,solve=27588584,replay=37167,reconstruct=10663750	
loom	crush-core	1	LoomBackend.lean|_example|17176297989995940323	_example	3183364163658682212	core-reconstructed	not-attempted	core-directed reconstruction succeeded	115530957	collect=454750,pre-reconstruct=2237708,normalize=1225250,monomorphize=18000,instantiate=26958,translate=2094708,solve=84652583,replay=5167,reconstruct=24815833	
loom	crush-core	1	LoomBackend.lean|_example|773944412226978707	_example	10692569989160547002	core-reconstructed	not-attempted	core-directed reconstruction succeeded	100485875	collect=118542,pre-reconstruct=890042,normalize=53083,monomorphize=16875,instantiate=25458,translate=1443167,solve=75156083,replay=5125,reconstruct=22777500	
loom	crush-core	1	LoomBackend.lean|_example|11766715760782255510	_example	11766715760782255510	core-reconstructed	not-attempted	core-directed reconstruction succeeded	49616042	collect=100959,pre-reconstruct=1840416,normalize=221459,monomorphize=12250,instantiate=25583,translate=1089583,solve=35276625,replay=4709,reconstruct=11044458	
loom	crush-alethe	1	LoomBackend.lean|_example|16574041739855843339	_example	16574041739855843339	alethe-reconstructed	success	Alethe certificate replay succeeded	119843209	collect=490500,normalize=374792,monomorphize=87000,instantiate=214917,translate=4589583,solve=28280042,replay=85806375	certificate_commands=14,certificate_assumes=2,certificate_steps=12,certificate_anchors=0,certificate_sexp_nodes=252,certificate_bytes=1112
loom	crush-alethe	1	LoomBackend.lean|_example|17176297989995940323	_example	3183364163658682212	alethe-reconstructed	success	Alethe certificate replay succeeded	8552460417	collect=1344458,normalize=1191042,monomorphize=20917,instantiate=26958,translate=2039750,solve=86659625,replay=8461177667	certificate_commands=673,certificate_assumes=42,certificate_steps=613,certificate_anchors=18,certificate_sexp_nodes=10551,certificate_bytes=51991
loom	crush-alethe	1	LoomBackend.lean|_example|773944412226978707	_example	10692569989160547002	alethe-reconstructed	success	Alethe certificate replay succeeded	3846650291	collect=120458,normalize=51917,monomorphize=18125,instantiate=27625,translate=1492375,solve=78809916,replay=3766129875	certificate_commands=512,certificate_assumes=34,certificate_steps=462,certificate_anchors=16,certificate_sexp_nodes=8765,certificate_bytes=42000
loom	crush-alethe	1	LoomBackend.lean|_example|11766715760782255510	_example	11766715760782255510	alethe-reconstructed	success	Alethe certificate replay succeeded	112459042	collect=109750,normalize=174167,monomorphize=11792,instantiate=27209,translate=1070916,solve=31372667,replay=79692541	certificate_commands=16,certificate_assumes=3,certificate_steps=13,certificate_anchors=0,certificate_sexp_nodes=282,certificate_bytes=1231
loom	crush-portfolio	1	LoomBackend.lean|_example|16574041739855843339	_example	16574041739855843339	alethe-reconstructed	success	Alethe certificate replay succeeded	125820168	collect=492250,pre-reconstruct=3054125,normalize=367000,monomorphize=92625,instantiate=218250,translate=4652667,solve=33621834,replay=83321417	certificate_commands=14,certificate_assumes=2,certificate_steps=12,certificate_anchors=0,certificate_sexp_nodes=252,certificate_bytes=1112
loom	crush-portfolio	1	LoomBackend.lean|_example|17176297989995940323	_example	3183364163658682212	alethe-reconstructed	success	Alethe certificate replay succeeded	8613605416	collect=531458,pre-reconstruct=2577750,normalize=1360291,monomorphize=18917,instantiate=28250,translate=2179791,solve=107333750,replay=8499575209	certificate_commands=673,certificate_assumes=42,certificate_steps=613,certificate_anchors=18,certificate_sexp_nodes=10551,certificate_bytes=51991
loom	crush-portfolio	1	LoomBackend.lean|_example|773944412226978707	_example	10692569989160547002	alethe-reconstructed	success	Alethe certificate replay succeeded	3902128250	collect=118167,pre-reconstruct=937375,normalize=51667,monomorphize=15333,instantiate=27500,translate=1500792,solve=93026458,replay=3806450958	certificate_commands=512,certificate_assumes=34,certificate_steps=462,certificate_anchors=16,certificate_sexp_nodes=8765,certificate_bytes=42000
loom	crush-portfolio	1	LoomBackend.lean|_example|11766715760782255510	_example	11766715760782255510	alethe-reconstructed	success	Alethe certificate replay succeeded	124094334	collect=109458,pre-reconstruct=1851792,normalize=232875,monomorphize=13834,instantiate=27333,translate=1154583,solve=41559250,replay=79145209	certificate_commands=16,certificate_assumes=3,certificate_steps=13,certificate_anchors=0,certificate_sexp_nodes=282,certificate_bytes=1231
cashmere	crush-verify	1	CaseStudies/Cashmere/Cashmere.lean|withdraw_correct|1631738648950044227	withdraw_correct	1631738648950044227	verified	not-requested	solver returned unsat; closed under the trust policy	95808041	collect=798666,pre-reconstruct=3633959,normalize=1631458,monomorphize=109083,instantiate=16219500,translate=13975167,solve=59440208	
cashmere	crush-verify	1	CaseStudies/Cashmere/Cashmere.lean|withdrawSession_correct|11756138257855701010	withdrawSession_correct	11756138257855701010	verified	not-requested	solver returned unsat; closed under the trust policy	264453044	collect=204167,pre-reconstruct=26192459,normalize=1088167,monomorphize=26917,instantiate=182917959,translate=12753500,solve=41269875	
cashmere	crush-verify	1	CaseStudies/Cashmere/Cashmere.lean|withdrawSession_correct|14833385480787993856	withdrawSession_correct	14833385480787993856	selected-fact	not-attempted	closed from a selected Lean fact	176875	collect=176875	
cashmere	crush-verify	1	CaseStudies/Cashmere/Cashmere.lean|withdrawSession_correct|15214630116673553496	withdrawSession_correct	15214630116673553496	verified	not-requested	solver returned unsat; closed under the trust policy	162769167	collect=277250,pre-reconstruct=2333042,normalize=2849375,monomorphize=22875,instantiate=108194125,translate=10223667,solve=38868833	
cashmere	crush-verify	1	CaseStudies/Cashmere/Cashmere.lean|withdrawSessionTot_correct|11756138257855701010	withdrawSessionTot_correct	11756138257855701010	verified	not-requested	solver returned unsat; closed under the trust policy	268657250	collect=193417,pre-reconstruct=24199833,normalize=1095042,monomorphize=20500,instantiate=189298375,translate=12152500,solve=41697583	
cashmere	crush-verify	1	CaseStudies/Cashmere/Cashmere.lean|withdrawSessionTot_correct|2592897230707726799	withdrawSessionTot_correct	2592897230707726799	verified	not-requested	solver returned unsat; closed under the trust policy	201025584	collect=188584,pre-reconstruct=116250,normalize=869583,monomorphize=20375,instantiate=146665208,translate=10545584,solve=42620000	
cashmere	crush-verify	1	CaseStudies/Cashmere/Cashmere.lean|withdrawSessionTot_correct|14833385480787993856	withdrawSessionTot_correct	14833385480787993856	selected-fact	not-attempted	closed from a selected Lean fact	183792	collect=183792	
cashmere	crush-verify	1	CaseStudies/Cashmere/Cashmere.lean|withdrawSessionTot_correct|15214630116673553496	withdrawSessionTot_correct	15214630116673553496	verified	not-requested	solver returned unsat; closed under the trust policy	152661166	collect=183417,pre-reconstruct=1612083,normalize=1014292,monomorphize=19500,instantiate=108299250,translate=9770208,solve=31762416	
cashmere	crush-verify	1	CaseStudies/Cashmere/Cashmere.lean|withdrawSessionExcept_correct|12346872860079934512	withdrawSessionExcept_correct	12346872860079934512	verified	not-requested	solver returned unsat; closed under the trust policy	183386334	collect=1608459,pre-reconstruct=277166,normalize=1736417,monomorphize=21334,instantiate=134826250,translate=10452000,solve=34464708	
cashmere	crush-verify	1	CaseStudies/Cashmere/Cashmere.lean|withdrawSessionExcept_correct|11756138257855701010	withdrawSessionExcept_correct	11756138257855701010	verified	not-requested	solver returned unsat; closed under the trust policy	254719501	collect=262167,pre-reconstruct=27367375,normalize=1948459,monomorphize=22084,instantiate=172231208,translate=12128500,solve=40759708	
cashmere	crush-verify	1	CaseStudies/Cashmere/Cashmere.lean|withdrawSessionExcept_correct|12800241106604992563	withdrawSessionExcept_correct	12800241106604992563	verified	not-requested	solver returned unsat; closed under the trust policy	213358333	collect=253083,pre-reconstruct=132334,normalize=2040125,monomorphize=21958,instantiate=163118125,translate=11060625,solve=36732083	
cashmere	crush-verify	1	CaseStudies/Cashmere/Cashmere.lean|withdrawSessionExcept_correct|2592897230707726799	withdrawSessionExcept_correct	2592897230707726799	verified	not-requested	solver returned unsat; closed under the trust policy	184684041	collect=249083,pre-reconstruct=126334,normalize=1726708,monomorphize=19875,instantiate=134448583,translate=10305125,solve=37808333	
cashmere	crush-verify	1	CaseStudies/Cashmere/Cashmere.lean|withdrawSessionExcept_correct|14833385480787993856	withdrawSessionExcept_correct	14833385480787993856	selected-fact	not-attempted	closed from a selected Lean fact	247500	collect=247500	
cashmere	crush-verify	1	CaseStudies/Cashmere/Cashmere.lean|withdrawSessionExcept_correct|15214630116673553496	withdrawSessionExcept_correct	15214630116673553496	verified	not-requested	solver returned unsat; closed under the trust policy	151362417	collect=218000,pre-reconstruct=1774875,normalize=1539583,monomorphize=21083,instantiate=100694709,translate=9629458,solve=37484709	
cashmere	crush-verify	1	CaseStudies/Cashmere/Cashmere.lean|withdrawSessionExcept_correct|684110104125275636	withdrawSessionExcept_correct	684110104125275636	verified	not-requested	solver returned unsat; closed under the trust policy	148599334	collect=245000,pre-reconstruct=129125,normalize=1520083,monomorphize=20792,instantiate=102151959,translate=9435875,solve=35096500	
cashmere	crush-verify	1	CaseStudies/Cashmere/Cashmere.lean|withdrawSessionNonDet_correct|10455387604875970312	withdrawSessionNonDet_correct	10455387604875970312	pre-reconstructed	not-attempted	closed before SMT translation	1076727667	collect=1303250,pre-reconstruct=1075424417	
cashmere	crush-verify	1	CaseStudies/Cashmere/Cashmere.lean|withdrawSessionNonDet_correct|12346872860079934512	withdrawSessionNonDet_correct	12346872860079934512	verified	not-requested	solver returned unsat; closed under the trust policy	205877875	collect=443958,pre-reconstruct=130292,normalize=1594375,monomorphize=21208,instantiate=151703209,translate=10875833,solve=41109000	
cashmere	crush-verify	1	CaseStudies/Cashmere/Cashmere.lean|withdrawSessionNonDet_correct|9920644537135092340	withdrawSessionNonDet_correct	9920644537135092340	verified	not-requested	solver returned unsat; closed under the trust policy	277789251	collect=286375,pre-reconstruct=26184750,normalize=1857333,monomorphize=22292,instantiate=192796292,translate=12986209,solve=43656000	
cashmere	crush-verify	1	CaseStudies/Cashmere/Cashmere.lean|withdrawSessionNonDet_correct|2592897230707726799	withdrawSessionNonDet_correct	2592897230707726799	verified	not-requested	solver returned unsat; closed under the trust policy	230171374	collect=279125,pre-reconstruct=128125,normalize=1690666,monomorphize=20708,instantiate=177880625,translate=12145250,solve=38026875	
cashmere	crush-verify	1	CaseStudies/Cashmere/Cashmere.lean|withdrawSessionNonDet_correct|14833385480787993856	withdrawSessionNonDet_correct	14833385480787993856	selected-fact	not-attempted	closed from a selected Lean fact	252958	collect=252958	
cashmere	crush-verify	1	CaseStudies/Cashmere/Cashmere.lean|withdrawSessionNonDet_correct|5928940248694370277	withdrawSessionNonDet_correct	5928940248694370277	verified	not-requested	solver returned unsat; closed under the trust policy	198999542	collect=202625,pre-reconstruct=1796042,normalize=1488833,monomorphize=21375,instantiate=143965000,translate=11233417,solve=40292250	
cashmere	crush-verify	1	CaseStudies/Cashmere/Cashmere.lean|withdrawSessionNonDet_correct|12566989642252477834	withdrawSessionNonDet_correct	12566989642252477834	verified	not-requested	solver returned unsat; closed under the trust policy	189388207	collect=257667,pre-reconstruct=130916,normalize=1426708,monomorphize=21375,instantiate=139308041,translate=11224708,solve=37018792	
cashmere	crush-verify	1	CaseStudies/Cashmere/CashmereIncorrectnessLogic.lean|withdrawSessionAngelic_correct|1587904245978985587	withdrawSessionAngelic_correct	1587904245978985587	verified	not-requested	solver returned unsat; closed under the trust policy	486801418	collect=1776709,pre-reconstruct=648583,normalize=2383375,monomorphize=102084,instantiate=390232917,translate=49255208,solve=42402542	
cashmere	crush-verify	1	CaseStudies/Cashmere/CashmereIncorrectnessLogic.lean|withdrawSessionAngelic_correct|12290697138917920290	withdrawSessionAngelic_correct	12290697138917920290	verified	not-requested	solver returned unsat; closed under the trust policy	490259500	collect=242500,pre-reconstruct=140542,normalize=1709541,monomorphize=21625,instantiate=395390292,translate=50583667,solve=42171333	
cashmere	crush-verify	1	CaseStudies/Cashmere/CashmereIncorrectnessLogic.lean|withdrawSessionAngelic_correct|6449264834289021715	withdrawSessionAngelic_correct	6449264834289021715	verified	not-requested	solver returned unsat; closed under the trust policy	386244750	collect=241291,pre-reconstruct=135667,normalize=1622709,monomorphize=22666,instantiate=302340625,translate=36057125,solve=45824667	
cashmere	crush-verify	1	CaseStudies/Cashmere/CashmereIncorrectnessLogic.lean|withdrawSessionAngelic_correct|7126761714196821540	withdrawSessionAngelic_correct	7126761714196821540	selected-fact	not-attempted	closed from a selected Lean fact	237542	collect=237542	
cashmere	crush-verify	1	CaseStudies/Cashmere/CashmereIncorrectnessLogic.lean|withdrawSessionAngelic_correct|2232656262363782188	withdrawSessionAngelic_correct	2232656262363782188	verified	not-requested	solver returned unsat; closed under the trust policy	181826585	collect=177125,pre-reconstruct=124417,normalize=1278375,monomorphize=19917,instantiate=122254084,translate=16599125,solve=41373542	
cashmere	crush-verify	1	CaseStudies/Cashmere/CashmereIncorrectnessLogic.lean|withdrawSessionAngelic_correct|15183118018364320695	withdrawSessionAngelic_correct	15183118018364320695	verified	not-requested	solver returned unsat; closed under the trust policy	213643750	collect=224208,pre-reconstruct=17754542,normalize=1163833,monomorphize=25167,instantiate=122126167,translate=17672833,solve=54677000	
cashmere	crush-verify	1	CaseStudies/Cashmere/CashmereIncorrectnessLogic.lean|withdrawSessionAngelic_correct|12346872860079934512	withdrawSessionAngelic_correct	12346872860079934512	verified	not-requested	solver returned unsat; closed under the trust policy	356272083	collect=239625,pre-reconstruct=122583,normalize=1368375,monomorphize=22125,instantiate=283919625,translate=33682208,solve=36917542	
cashmere	crush-core	1	CaseStudies/Cashmere/Cashmere.lean|withdraw_correct|1631738648950044227	withdraw_correct	1631738648950044227	core-reconstructed	not-attempted	core-directed reconstruction succeeded	87359082	collect=717250,pre-reconstruct=4947125,normalize=1668250,monomorphize=104375,instantiate=14378208,translate=12530500,solve=40560083,replay=42041,reconstruct=12411250	
cashmere	crush-core	1	CaseStudies/Cashmere/Cashmere.lean|withdrawSession_correct|11756138257855701010	withdrawSession_correct	11756138257855701010	core-reconstructed	not-attempted	core-directed reconstruction succeeded	313109125	collect=202791,pre-reconstruct=25423292,normalize=1093500,monomorphize=21667,instantiate=179407167,translate=12087334,solve=61610792,replay=5416,reconstruct=33257166	
cashmere	crush-core	1	CaseStudies/Cashmere/Cashmere.lean|withdrawSession_correct|14833385480787993856	withdrawSession_correct	14833385480787993856	selected-fact	not-attempted	closed from a selected Lean fact	163541	collect=163541	
cashmere	crush-core	1	CaseStudies/Cashmere/Cashmere.lean|withdrawSession_correct|15214630116673553496	withdrawSession_correct	15214630116673553496	core-reconstructed	not-attempted	core-directed reconstruction succeeded	167144291	collect=167583,pre-reconstruct=2275958,normalize=990833,monomorphize=19041,instantiate=96120584,translate=9297250,solve=39047750,replay=4333,reconstruct=19220959	
cashmere	crush-core	1	CaseStudies/Cashmere/Cashmere.lean|withdrawSessionTot_correct|11756138257855701010	withdrawSessionTot_correct	11756138257855701010	core-reconstructed	not-attempted	core-directed reconstruction succeeded	506197374	collect=197167,pre-reconstruct=24887333,normalize=1084333,monomorphize=20750,instantiate=181293041,translate=12392125,solve=40644125,replay=8083,reconstruct=245670417	
cashmere	crush-core	1	CaseStudies/Cashmere/Cashmere.lean|withdrawSessionTot_correct|2592897230707726799	withdrawSessionTot_correct	2592897230707726799	pre-reconstructed	not-attempted	closed before SMT translation	1063375	collect=191958,pre-reconstruct=871417	
cashmere	crush-core	1	CaseStudies/Cashmere/Cashmere.lean|withdrawSessionTot_correct|14833385480787993856	withdrawSessionTot_correct	14833385480787993856	selected-fact	not-attempted	closed from a selected Lean fact	115709	collect=115709	
cashmere	crush-core	1	CaseStudies/Cashmere/Cashmere.lean|withdrawSessionTot_correct|15214630116673553496	withdrawSessionTot_correct	15214630116673553496	core-reconstructed	not-attempted	core-directed reconstruction succeeded	166719502	collect=121250,pre-reconstruct=2182875,normalize=974084,monomorphize=18334,instantiate=96432125,translate=9082084,solve=37674458,replay=3917,reconstruct=20230375	
cashmere	crush-core	1	CaseStudies/Cashmere/Cashmere.lean|withdrawSessionExcept_correct|12346872860079934512	withdrawSessionExcept_correct	12346872860079934512	core-reconstructed	not-attempted	core-directed reconstruction succeeded	632319043	collect=1369292,pre-reconstruct=683625,normalize=1727584,monomorphize=22042,instantiate=131741416,translate=10373375,solve=38941459,replay=3833,reconstruct=447456417	
cashmere	crush-core	1	CaseStudies/Cashmere/Cashmere.lean|withdrawSessionExcept_correct|11756138257855701010	withdrawSessionExcept_correct	11756138257855701010	core-reconstructed	not-attempted	core-directed reconstruction succeeded	248504707	collect=232958,pre-reconstruct=26067000,normalize=1785333,monomorphize=21000,instantiate=145063708,translate=11240083,solve=38730000,replay=4833,reconstruct=25359792	
cashmere	crush-core	1	CaseStudies/Cashmere/Cashmere.lean|withdrawSessionExcept_correct|12800241106604992563	withdrawSessionExcept_correct	12800241106604992563	core-reconstructed	not-attempted	core-directed reconstruction succeeded	214061666	collect=263916,pre-reconstruct=673125,normalize=2008958,monomorphize=19958,instantiate=143993750,translate=10783583,solve=32663500,replay=4459,reconstruct=23650417	
cashmere	crush-core	1	CaseStudies/Cashmere/Cashmere.lean|withdrawSessionExcept_correct|2592897230707726799	withdrawSessionExcept_correct	2592897230707726799	pre-reconstructed	not-attempted	closed before SMT translation	1068666	collect=233916,pre-reconstruct=834750	
cashmere	crush-core	1	CaseStudies/Cashmere/Cashmere.lean|withdrawSessionExcept_correct|14833385480787993856	withdrawSessionExcept_correct	14833385480787993856	selected-fact	not-attempted	closed from a selected Lean fact	170333	collect=170333	
cashmere	crush-core	1	CaseStudies/Cashmere/Cashmere.lean|withdrawSessionExcept_correct|15214630116673553496	withdrawSessionExcept_correct	15214630116673553496	core-reconstructed	not-attempted	core-directed reconstruction succeeded	171439248	collect=178875,pre-reconstruct=2484417,normalize=1472208,monomorphize=20333,instantiate=97903083,translate=9584041,solve=39185000,replay=4708,reconstruct=20606583	
cashmere	crush-core	1	CaseStudies/Cashmere/Cashmere.lean|withdrawSessionExcept_correct|684110104125275636	withdrawSessionExcept_correct	684110104125275636	core-reconstructed	not-attempted	core-directed reconstruction succeeded	163238250	collect=227750,pre-reconstruct=621625,normalize=1428834,monomorphize=19958,instantiate=96159708,translate=9388042,solve=38984083,replay=3750,reconstruct=16404500	
cashmere	crush-core	1	CaseStudies/Cashmere/Cashmere.lean|withdrawSessionNonDet_correct|10455387604875970312	withdrawSessionNonDet_correct	10455387604875970312	pre-reconstructed	not-attempted	closed before SMT translation	1359912543	collect=1280584,pre-reconstruct=1358631959	
cashmere	crush-core	1	CaseStudies/Cashmere/Cashmere.lean|withdrawSessionNonDet_correct|12346872860079934512	withdrawSessionNonDet_correct	12346872860079934512	core-reconstructed	not-attempted	core-directed reconstruction succeeded	226437668	collect=420208,pre-reconstruct=549125,normalize=1548083,monomorphize=22542,instantiate=146971792,translate=10595250,solve=38695750,replay=3959,reconstruct=27630959	
cashmere	crush-core	1	CaseStudies/Cashmere/Cashmere.lean|withdrawSessionNonDet_correct|9920644537135092340	withdrawSessionNonDet_correct	9920644537135092340	core-reconstructed	not-attempted	core-directed reconstruction succeeded	285984085	collect=264583,pre-reconstruct=25907875,normalize=1701667,monomorphize=22209,instantiate=184763958,translate=12966709,solve=33591292,replay=4375,reconstruct=26761417	
cashmere	crush-core	1	CaseStudies/Cashmere/Cashmere.lean|withdrawSessionNonDet_correct|2592897230707726799	withdrawSessionNonDet_correct	2592897230707726799	pre-reconstructed	not-attempted	closed before SMT translation	1090916	collect=237666,pre-reconstruct=853250	
cashmere	crush-core	1	CaseStudies/Cashmere/Cashmere.lean|withdrawSessionNonDet_correct|14833385480787993856	withdrawSessionNonDet_correct	14833385480787993856	selected-fact	not-attempted	closed from a selected Lean fact	163541	collect=163541	
cashmere	crush-core	1	CaseStudies/Cashmere/Cashmere.lean|withdrawSessionNonDet_correct|5928940248694370277	withdrawSessionNonDet_correct	5928940248694370277	core-reconstructed	not-attempted	core-directed reconstruction succeeded	212223500	collect=154792,pre-reconstruct=2317375,normalize=1397125,monomorphize=21541,instantiate=138334542,translate=11131667,solve=38652458,replay=4416,reconstruct=20209584	
cashmere	crush-core	1	CaseStudies/Cashmere/Cashmere.lean|withdrawSessionNonDet_correct|12566989642252477834	withdrawSessionNonDet_correct	12566989642252477834	core-reconstructed	not-attempted	core-directed reconstruction succeeded	206437169	collect=229542,pre-reconstruct=618709,normalize=1322292,monomorphize=20584,instantiate=132655167,translate=10858958,solve=39925417,replay=4375,reconstruct=20802125	
cashmere	crush-core	1	CaseStudies/Cashmere/CashmereIncorrectnessLogic.lean|withdrawSessionAngelic_correct|1587904245978985587	withdrawSessionAngelic_correct	1587904245978985587	core-reconstructed	not-attempted	core-directed reconstruction succeeded	492760457	collect=1687667,pre-reconstruct=2860792,normalize=2363250,monomorphize=103125,instantiate=379432791,translate=47699833,solve=41005000,replay=26333,reconstruct=17581666	
cashmere	crush-core	1	CaseStudies/Cashmere/CashmereIncorrectnessLogic.lean|withdrawSessionAngelic_correct|12290697138917920290	withdrawSessionAngelic_correct	12290697138917920290	core-reconstructed	not-attempted	core-directed reconstruction succeeded	507610210	collect=233042,pre-reconstruct=11132375,normalize=1727917,monomorphize=22125,instantiate=385302125,translate=49544500,solve=33662417,replay=4667,reconstruct=25981042	
cashmere	crush-core	1	CaseStudies/Cashmere/CashmereIncorrectnessLogic.lean|withdrawSessionAngelic_correct|6449264834289021715	withdrawSessionAngelic_correct	6449264834289021715	pre-reconstructed	not-attempted	closed before SMT translation	1280126	collect=225709,pre-reconstruct=1054417	
cashmere	crush-core	1	CaseStudies/Cashmere/CashmereIncorrectnessLogic.lean|withdrawSessionAngelic_correct|7126761714196821540	withdrawSessionAngelic_correct	7126761714196821540	selected-fact	not-attempted	closed from a selected Lean fact	198333	collect=198333	
cashmere	crush-core	1	CaseStudies/Cashmere/CashmereIncorrectnessLogic.lean|withdrawSessionAngelic_correct|2232656262363782188	withdrawSessionAngelic_correct	2232656262363782188	core-reconstructed	not-attempted	core-directed reconstruction succeeded	186024666	collect=136208,pre-reconstruct=975041,normalize=1259792,monomorphize=20583,instantiate=116914125,translate=16158959,solve=39081042,replay=3833,reconstruct=11475083	
cashmere	crush-core	1	CaseStudies/Cashmere/CashmereIncorrectnessLogic.lean|withdrawSessionAngelic_correct|15183118018364320695	withdrawSessionAngelic_correct	15183118018364320695	core-reconstructed	not-attempted	core-directed reconstruction succeeded	244887375	collect=214708,pre-reconstruct=15951459,normalize=1101875,monomorphize=19875,instantiate=117077542,translate=16352041,solve=48491958,replay=4417,reconstruct=45673500	
cashmere	crush-core	1	CaseStudies/Cashmere/CashmereIncorrectnessLogic.lean|withdrawSessionAngelic_correct|12346872860079934512	withdrawSessionAngelic_correct	12346872860079934512	core-reconstructed	not-attempted	core-directed reconstruction succeeded	383431750	collect=227167,pre-reconstruct=558208,normalize=1312292,monomorphize=21000,instantiate=275877667,translate=32484292,solve=54801250,replay=4708,reconstruct=18145166	
cashmere	crush-alethe	1	CaseStudies/Cashmere/Cashmere.lean|withdraw_correct|1631738648950044227	withdraw_correct	1631738648950044227	reconstruction-failed	certificate-error	Proof unsupported by Alethe: contains operator DUMMY_SKOLEM	64505832	collect=679916,normalize=1673417,monomorphize=105833,instantiate=13756125,translate=12526125,solve=35625250,replay=139166	
cashmere	crush-alethe	1	CaseStudies/Cashmere/Cashmere.lean|withdrawSession_correct|11756138257855701010	withdrawSession_correct	11756138257855701010	reconstruction-failed	certificate-error	Proof unsupported by Alethe: contains operator DUMMY_SKOLEM	229914667	collect=200542,normalize=1055208,monomorphize=20416,instantiate=177611542,translate=11866000,solve=39146959,replay=14000	
cashmere	crush-alethe	1	CaseStudies/Cashmere/Cashmere.lean|withdrawSession_correct|14833385480787993856	withdrawSession_correct	14833385480787993856	reconstruction-failed	certificate-error	Proof unsupported by Alethe: contains operator DUMMY_SKOLEM	177848292	collect=186417,normalize=819375,monomorphize=20625,instantiate=127535958,translate=9526042,solve=39744125,replay=15750	
cashmere	crush-alethe	1	CaseStudies/Cashmere/Cashmere.lean|withdrawSession_correct|15214630116673553496	withdrawSession_correct	15214630116673553496	reconstruction-failed	certificate-error	Proof unsupported by Alethe: contains operator DUMMY_SKOLEM	173873749	collect=190500,normalize=979833,monomorphize=20583,instantiate=128055541,translate=11512542,solve=33101500,replay=13250	
cashmere	crush-alethe	1	CaseStudies/Cashmere/Cashmere.lean|withdrawSessionTot_correct|11756138257855701010	withdrawSessionTot_correct	11756138257855701010	reconstruction-failed	certificate-error	Proof unsupported by Alethe: contains operator DUMMY_SKOLEM	225697669	collect=191875,normalize=1058584,monomorphize=20542,instantiate=179091500,translate=11593459,solve=33727417,replay=14292	
cashmere	crush-alethe	1	CaseStudies/Cashmere/Cashmere.lean|withdrawSessionTot_correct|2592897230707726799	withdrawSessionTot_correct	2592897230707726799	reconstruction-failed	certificate-error	Proof unsupported by Alethe: contains operator DUMMY_SKOLEM	228841415	collect=171792,normalize=861208,monomorphize=19958,instantiate=176557083,translate=10848916,solve=40366208,replay=16250	
cashmere	crush-alethe	1	CaseStudies/Cashmere/Cashmere.lean|withdrawSessionTot_correct|14833385480787993856	withdrawSessionTot_correct	14833385480787993856	reconstruction-failed	certificate-error	Proof unsupported by Alethe: contains operator DUMMY_SKOLEM	180574333	collect=177541,normalize=857416,monomorphize=20500,instantiate=134002125,translate=9664875,solve=35837334,replay=14542	
cashmere	crush-alethe	1	CaseStudies/Cashmere/Cashmere.lean|withdrawSessionTot_correct|15214630116673553496	withdrawSessionTot_correct	15214630116673553496	reconstruction-failed	certificate-error	Proof unsupported by Alethe: contains operator DUMMY_SKOLEM	166880542	collect=199167,normalize=975500,monomorphize=21083,instantiate=121025125,translate=9811792,solve=34832042,replay=15833	
cashmere	crush-alethe	1	CaseStudies/Cashmere/Cashmere.lean|withdrawSessionExcept_correct|12346872860079934512	withdrawSessionExcept_correct	12346872860079934512	reconstruction-failed	certificate-error	Proof unsupported by Alethe: contains operator DUMMY_SKOLEM	191391875	collect=1522209,normalize=1771416,monomorphize=25084,instantiate=133754583,translate=10868458,solve=43436333,replay=13792	
cashmere	crush-alethe	1	CaseStudies/Cashmere/Cashmere.lean|withdrawSessionExcept_correct|11756138257855701010	withdrawSessionExcept_correct	11756138257855701010	reconstruction-failed	certificate-error	Proof unsupported by Alethe: contains operator DUMMY_SKOLEM	240381707	collect=516500,normalize=2025583,monomorphize=24958,instantiate=188759792,translate=12937583,solve=36101500,replay=15791	
cashmere	crush-alethe	1	CaseStudies/Cashmere/Cashmere.lean|withdrawSessionExcept_correct|12800241106604992563	withdrawSessionExcept_correct	12800241106604992563	reconstruction-failed	certificate-error	Proof unsupported by Alethe: contains operator DUMMY_SKOLEM	238667668	collect=503542,normalize=2260917,monomorphize=23958,instantiate=184354750,translate=12229459,solve=39273625,replay=21417	
cashmere	crush-alethe	1	CaseStudies/Cashmere/Cashmere.lean|withdrawSessionExcept_correct|2592897230707726799	withdrawSessionExcept_correct	2592897230707726799	reconstruction-failed	certificate-error	Proof unsupported by Alethe: contains operator DUMMY_SKOLEM	218986208	collect=491041,normalize=1839833,monomorphize=25584,instantiate=164553916,translate=11237417,solve=40824667,replay=13750	
cashmere	crush-alethe	1	CaseStudies/Cashmere/Cashmere.lean|withdrawSessionExcept_correct|14833385480787993856	withdrawSessionExcept_correct	14833385480787993856	reconstruction-failed	certificate-error	Proof unsupported by Alethe: contains operator DUMMY_SKOLEM	166609667	collect=393375,normalize=1481625,monomorphize=21750,instantiate=120728750,translate=9444459,solve=34526458,replay=13250	
cashmere	crush-alethe	1	CaseStudies/Cashmere/Cashmere.lean|withdrawSessionExcept_correct|15214630116673553496	withdrawSessionExcept_correct	15214630116673553496	reconstruction-failed	certificate-error	Proof unsupported by Alethe: contains operator DUMMY_SKOLEM	169366750	collect=400542,normalize=1466084,monomorphize=21541,instantiate=121126375,translate=10058458,solve=36279958,replay=13792	
cashmere	crush-alethe	1	CaseStudies/Cashmere/Cashmere.lean|withdrawSessionExcept_correct|684110104125275636	withdrawSessionExcept_correct	684110104125275636	reconstruction-failed	certificate-error	Proof unsupported by Alethe: contains operator DUMMY_SKOLEM	165674626	collect=389125,normalize=1555584,monomorphize=22708,instantiate=118111792,translate=11208000,solve=34373500,replay=13917	
cashmere	crush-alethe	1	CaseStudies/Cashmere/Cashmere.lean|withdrawSessionNonDet_correct|10455387604875970312	withdrawSessionNonDet_correct	10455387604875970312	reconstruction-failed	certificate-error	Proof unsupported by Alethe: contains operator DUMMY_SKOLEM	52211626	collect=2416625,normalize=1049167,monomorphize=20750,instantiate=11001542,translate=3820958,solve=33888209,replay=14375	
cashmere	crush-alethe	1	CaseStudies/Cashmere/Cashmere.lean|withdrawSessionNonDet_correct|12346872860079934512	withdrawSessionNonDet_correct	12346872860079934512	reconstruction-failed	certificate-error	Proof unsupported by Alethe: contains operator DUMMY_SKOLEM	230855916	collect=511417,normalize=1667833,monomorphize=25417,instantiate=173830333,translate=12041750,solve=42765583,replay=13583	
cashmere	crush-alethe	1	CaseStudies/Cashmere/Cashmere.lean|withdrawSessionNonDet_correct|9920644537135092340	withdrawSessionNonDet_correct	9920644537135092340	reconstruction-failed	certificate-error	Proof unsupported by Alethe: contains operator DUMMY_SKOLEM	283775000	collect=507167,normalize=1926917,monomorphize=26292,instantiate=229081708,translate=14113000,solve=38106083,replay=13833	
cashmere	crush-alethe	1	CaseStudies/Cashmere/Cashmere.lean|withdrawSessionNonDet_correct|2592897230707726799	withdrawSessionNonDet_correct	2592897230707726799	reconstruction-failed	certificate-error	Proof unsupported by Alethe: contains operator DUMMY_SKOLEM	253811167	collect=467667,normalize=1775625,monomorphize=23667,instantiate=205648000,translate=12499500,solve=33382458,replay=14250	
cashmere	crush-alethe	1	CaseStudies/Cashmere/Cashmere.lean|withdrawSessionNonDet_correct|14833385480787993856	withdrawSessionNonDet_correct	14833385480787993856	reconstruction-failed	certificate-error	Proof unsupported by Alethe: contains operator DUMMY_SKOLEM	199888708	collect=393042,normalize=1238000,monomorphize=22250,instantiate=158215667,translate=11090833,solve=28915125,replay=13791	
cashmere	crush-alethe	1	CaseStudies/Cashmere/Cashmere.lean|withdrawSessionNonDet_correct|5928940248694370277	withdrawSessionNonDet_correct	5928940248694370277	reconstruction-failed	certificate-error	Proof unsupported by Alethe: contains operator DUMMY_SKOLEM	208642666	collect=413417,normalize=1547916,monomorphize=28791,instantiate=161610125,translate=11767875,solve=33259333,replay=15209	
cashmere	crush-alethe	1	CaseStudies/Cashmere/Cashmere.lean|withdrawSessionNonDet_correct|12566989642252477834	withdrawSessionNonDet_correct	12566989642252477834	reconstruction-failed	certificate-error	Proof unsupported by Alethe: contains operator DUMMY_SKOLEM	201707290	collect=390542,normalize=1450541,monomorphize=22250,instantiate=152014958,translate=11102625,solve=36711541,replay=14833	
cashmere	crush-alethe	1	CaseStudies/Cashmere/CashmereIncorrectnessLogic.lean|withdrawSessionAngelic_correct|1587904245978985587	withdrawSessionAngelic_correct	1587904245978985587	reconstruction-failed	certificate-error	Proof unsupported by Alethe: contains operator DUMMY_SKOLEM	471368001	collect=1632458,normalize=2554875,monomorphize=116917,instantiate=380508500,translate=46319334,solve=40125584,replay=110333	
cashmere	crush-alethe	1	CaseStudies/Cashmere/CashmereIncorrectnessLogic.lean|withdrawSessionAngelic_correct|12290697138917920290	withdrawSessionAngelic_correct	12290697138917920290	reconstruction-failed	certificate-error	Proof unsupported by Alethe: contains operator DUMMY_SKOLEM	557305417	collect=484417,normalize=1736042,monomorphize=23000,instantiate=464871209,translate=48809458,solve=41367708,replay=13583	
cashmere	crush-alethe	1	CaseStudies/Cashmere/CashmereIncorrectnessLogic.lean|withdrawSessionAngelic_correct|6449264834289021715	withdrawSessionAngelic_correct	6449264834289021715	reconstruction-failed	certificate-error	Proof unsupported by Alethe: contains operator DUMMY_SKOLEM	455145542	collect=463375,normalize=1599167,monomorphize=21792,instantiate=373068000,translate=39310125,solve=40662708,replay=20375	
cashmere	crush-alethe	1	CaseStudies/Cashmere/CashmereIncorrectnessLogic.lean|withdrawSessionAngelic_correct|7126761714196821540	withdrawSessionAngelic_correct	7126761714196821540	reconstruction-failed	certificate-error	Proof unsupported by Alethe: contains operator DUMMY_SKOLEM	440895374	collect=559167,normalize=1610125,monomorphize=27916,instantiate=373278750,translate=34653000,solve=30747583,replay=18833	
cashmere	crush-alethe	1	CaseStudies/Cashmere/CashmereIncorrectnessLogic.lean|withdrawSessionAngelic_correct|2232656262363782188	withdrawSessionAngelic_correct	2232656262363782188	reconstruction-failed	certificate-error	Proof unsupported by Alethe: contains operator DUMMY_SKOLEM	231840582	collect=516791,normalize=1567500,monomorphize=25875,instantiate=182230750,translate=16310708,solve=31171375,replay=17583	
cashmere	crush-alethe	1	CaseStudies/Cashmere/CashmereIncorrectnessLogic.lean|withdrawSessionAngelic_correct|15183118018364320695	withdrawSessionAngelic_correct	15183118018364320695	reconstruction-failed	certificate-error	Proof unsupported by Alethe: contains operator DUMMY_SKOLEM	233421668	collect=345667,normalize=1153459,monomorphize=23709,instantiate=166017750,translate=16428583,solve=49438167,replay=14333	
cashmere	crush-alethe	1	CaseStudies/Cashmere/CashmereIncorrectnessLogic.lean|withdrawSessionAngelic_correct|12346872860079934512	withdrawSessionAngelic_correct	12346872860079934512	reconstruction-failed	certificate-error	Proof unsupported by Alethe: contains operator DUMMY_SKOLEM	412750665	collect=462375,normalize=1371500,monomorphize=23916,instantiate=339044958,translate=33843875,solve=37989875,replay=14166	
cashmere	crush-portfolio	1	CaseStudies/Cashmere/Cashmere.lean|withdraw_correct|1631738648950044227	withdraw_correct	1631738648950044227	core-reconstructed	certificate-error	core-directed reconstruction succeeded	82631167	collect=796167,pre-reconstruct=5199625,normalize=1719833,monomorphize=121667,instantiate=14397167,translate=14731875,solve=32417875,replay=146708,reconstruct=13100250	
cashmere	crush-portfolio	1	CaseStudies/Cashmere/Cashmere.lean|withdrawSession_correct|11756138257855701010	withdrawSession_correct	11756138257855701010	core-reconstructed	certificate-error	core-directed reconstruction succeeded	303402251	collect=209541,pre-reconstruct=25944875,normalize=1096292,monomorphize=19542,instantiate=186327958,translate=12366250,solve=44750584,replay=13792,reconstruct=32673417	
cashmere	crush-portfolio	1	CaseStudies/Cashmere/Cashmere.lean|withdrawSession_correct|14833385480787993856	withdrawSession_correct	14833385480787993856	selected-fact	not-attempted	closed from a selected Lean fact	171458	collect=171458	
cashmere	crush-portfolio	1	CaseStudies/Cashmere/Cashmere.lean|withdrawSession_correct|15214630116673553496	withdrawSession_correct	15214630116673553496	core-reconstructed	certificate-error	core-directed reconstruction succeeded	157821209	collect=138292,pre-reconstruct=2285209,normalize=951667,monomorphize=19250,instantiate=96340500,translate=9145958,solve=29102083,replay=15708,reconstruct=19822542	
cashmere	crush-portfolio	1	CaseStudies/Cashmere/Cashmere.lean|withdrawSessionTot_correct|11756138257855701010	withdrawSessionTot_correct	11756138257855701010	core-reconstructed	certificate-error	core-directed reconstruction succeeded	490363332	collect=193791,pre-reconstruct=25660666,normalize=1105958,monomorphize=21417,instantiate=187552583,translate=12434792,solve=33261500,replay=16625,reconstruct=230116000	
cashmere	crush-portfolio	1	CaseStudies/Cashmere/Cashmere.lean|withdrawSessionTot_correct|2592897230707726799	withdrawSessionTot_correct	2592897230707726799	pre-reconstructed	not-attempted	closed before SMT translation	956459	collect=175167,pre-reconstruct=781292	
cashmere	crush-portfolio	1	CaseStudies/Cashmere/Cashmere.lean|withdrawSessionTot_correct|14833385480787993856	withdrawSessionTot_correct	14833385480787993856	selected-fact	not-attempted	closed from a selected Lean fact	122458	collect=122458	
cashmere	crush-portfolio	1	CaseStudies/Cashmere/Cashmere.lean|withdrawSessionTot_correct|15214630116673553496	withdrawSessionTot_correct	15214630116673553496	core-reconstructed	certificate-error	core-directed reconstruction succeeded	165499919	collect=132459,pre-reconstruct=2262458,normalize=937250,monomorphize=18583,instantiate=101166834,translate=9371500,solve=30384792,replay=15834,reconstruct=21210209	
cashmere	crush-portfolio	1	CaseStudies/Cashmere/Cashmere.lean|withdrawSessionExcept_correct|12346872860079934512	withdrawSessionExcept_correct	12346872860079934512	core-reconstructed	certificate-error	core-directed reconstruction succeeded	621850752	collect=1381000,pre-reconstruct=674875,normalize=1739917,monomorphize=22042,instantiate=129968959,translate=12437959,solve=32417500,replay=14000,reconstruct=443194500	
cashmere	crush-portfolio	1	CaseStudies/Cashmere/Cashmere.lean|withdrawSessionExcept_correct|11756138257855701010	withdrawSessionExcept_correct	11756138257855701010	core-reconstructed	certificate-error	core-directed reconstruction succeeded	246083417	collect=246458,pre-reconstruct=27637875,normalize=1850917,monomorphize=21292,instantiate=146886750,translate=11107792,solve=32212583,replay=16083,reconstruct=26103667	
cashmere	crush-portfolio	1	CaseStudies/Cashmere/Cashmere.lean|withdrawSessionExcept_correct|12800241106604992563	withdrawSessionExcept_correct	12800241106604992563	core-reconstructed	certificate-error	core-directed reconstruction succeeded	213789834	collect=241417,pre-reconstruct=625917,normalize=1952542,monomorphize=21083,instantiate=147229750,translate=10767084,solve=30417208,replay=15916,reconstruct=22518917	
cashmere	crush-portfolio	1	CaseStudies/Cashmere/Cashmere.lean|withdrawSessionExcept_correct|2592897230707726799	withdrawSessionExcept_correct	2592897230707726799	pre-reconstructed	not-attempted	closed before SMT translation	1081542	collect=227333,pre-reconstruct=854209	
cashmere	crush-portfolio	1	CaseStudies/Cashmere/Cashmere.lean|withdrawSessionExcept_correct|14833385480787993856	withdrawSessionExcept_correct	14833385480787993856	selected-fact	not-attempted	closed from a selected Lean fact	161750	collect=161750	
cashmere	crush-portfolio	1	CaseStudies/Cashmere/Cashmere.lean|withdrawSessionExcept_correct|15214630116673553496	withdrawSessionExcept_correct	15214630116673553496	core-reconstructed	certificate-error	core-directed reconstruction succeeded	162133793	collect=157917,pre-reconstruct=2333500,normalize=1542458,monomorphize=19834,instantiate=98985542,translate=9621500,solve=29984417,replay=15875,reconstruct=19472750	
cashmere	crush-portfolio	1	CaseStudies/Cashmere/Cashmere.lean|withdrawSessionExcept_correct|684110104125275636	withdrawSessionExcept_correct	684110104125275636	core-reconstructed	certificate-error	core-directed reconstruction succeeded	155114375	collect=221833,pre-reconstruct=622625,normalize=1407583,monomorphize=19625,instantiate=96286209,translate=9218125,solve=30064042,replay=15166,reconstruct=17259167	
cashmere	crush-portfolio	1	CaseStudies/Cashmere/Cashmere.lean|withdrawSessionNonDet_correct|10455387604875970312	withdrawSessionNonDet_correct	10455387604875970312	pre-reconstructed	not-attempted	closed before SMT translation	1327081417	collect=1292333,pre-reconstruct=1325789084	
cashmere	crush-portfolio	1	CaseStudies/Cashmere/Cashmere.lean|withdrawSessionNonDet_correct|12346872860079934512	withdrawSessionNonDet_correct	12346872860079934512	core-reconstructed	certificate-error	core-directed reconstruction succeeded	221844250	collect=410125,pre-reconstruct=540250,normalize=1584250,monomorphize=20542,instantiate=148603667,translate=10825291,solve=31866625,replay=14875,reconstruct=27978625	
cashmere	crush-portfolio	1	CaseStudies/Cashmere/Cashmere.lean|withdrawSessionNonDet_correct|9920644537135092340	withdrawSessionNonDet_correct	9920644537135092340	core-reconstructed	certificate-error	core-directed reconstruction succeeded	284456751	collect=251875,pre-reconstruct=26314542,normalize=1760167,monomorphize=22041,instantiate=185294375,translate=12746167,solve=32008542,replay=17500,reconstruct=26041542	
cashmere	crush-portfolio	1	CaseStudies/Cashmere/Cashmere.lean|withdrawSessionNonDet_correct|2592897230707726799	withdrawSessionNonDet_correct	2592897230707726799	pre-reconstructed	not-attempted	closed before SMT translation	1089250	collect=232750,pre-reconstruct=856500	
cashmere	crush-portfolio	1	CaseStudies/Cashmere/Cashmere.lean|withdrawSessionNonDet_correct|14833385480787993856	withdrawSessionNonDet_correct	14833385480787993856	selected-fact	not-attempted	closed from a selected Lean fact	161584	collect=161584	
cashmere	crush-portfolio	1	CaseStudies/Cashmere/Cashmere.lean|withdrawSessionNonDet_correct|5928940248694370277	withdrawSessionNonDet_correct	5928940248694370277	core-reconstructed	certificate-error	core-directed reconstruction succeeded	200693541	collect=213167,pre-reconstruct=2384750,normalize=1490291,monomorphize=21708,instantiate=135880500,translate=11291333,solve=29620584,replay=14625,reconstruct=19776583	
cashmere	crush-portfolio	1	CaseStudies/Cashmere/Cashmere.lean|withdrawSessionNonDet_correct|12566989642252477834	withdrawSessionNonDet_correct	12566989642252477834	core-reconstructed	certificate-error	core-directed reconstruction succeeded	197491833	collect=234958,pre-reconstruct=639791,normalize=1336708,monomorphize=20000,instantiate=132467834,translate=11171667,solve=30712750,replay=14750,reconstruct=20893375	
cashmere	crush-portfolio	1	CaseStudies/Cashmere/CashmereIncorrectnessLogic.lean|withdrawSessionAngelic_correct|1587904245978985587	withdrawSessionAngelic_correct	1587904245978985587	core-reconstructed	certificate-error	core-directed reconstruction succeeded	496034959	collect=1618583,pre-reconstruct=2817167,normalize=2372292,monomorphize=100084,instantiate=384300542,translate=46668416,solve=40636584,replay=113416,reconstruct=17407875	
cashmere	crush-portfolio	1	CaseStudies/Cashmere/CashmereIncorrectnessLogic.lean|withdrawSessionAngelic_correct|12290697138917920290	withdrawSessionAngelic_correct	12290697138917920290	core-reconstructed	certificate-error	core-directed reconstruction succeeded	513786960	collect=239542,pre-reconstruct=11203042,normalize=1734917,monomorphize=21458,instantiate=385150583,translate=48832375,solve=41432375,replay=14334,reconstruct=25158334	
cashmere	crush-portfolio	1	CaseStudies/Cashmere/CashmereIncorrectnessLogic.lean|withdrawSessionAngelic_correct|6449264834289021715	withdrawSessionAngelic_correct	6449264834289021715	pre-reconstructed	not-attempted	closed before SMT translation	1323167	collect=230750,pre-reconstruct=1092417	
cashmere	crush-portfolio	1	CaseStudies/Cashmere/CashmereIncorrectnessLogic.lean|withdrawSessionAngelic_correct|7126761714196821540	withdrawSessionAngelic_correct	7126761714196821540	selected-fact	not-attempted	closed from a selected Lean fact	192166	collect=192166	
cashmere	crush-portfolio	1	CaseStudies/Cashmere/CashmereIncorrectnessLogic.lean|withdrawSessionAngelic_correct|2232656262363782188	withdrawSessionAngelic_correct	2232656262363782188	core-reconstructed	certificate-error	core-directed reconstruction succeeded	187739668	collect=140750,pre-reconstruct=991209,normalize=1236250,monomorphize=19792,instantiate=118299167,translate=16173917,solve=39752208,replay=14625,reconstruct=11111750	
cashmere	crush-portfolio	1	CaseStudies/Cashmere/CashmereIncorrectnessLogic.lean|withdrawSessionAngelic_correct|15183118018364320695	withdrawSessionAngelic_correct	15183118018364320695	core-reconstructed	certificate-error	core-directed reconstruction succeeded	255927376	collect=237166,pre-reconstruct=16910500,normalize=1107750,monomorphize=20167,instantiate=118458875,translate=16620334,solve=57041084,replay=15708,reconstruct=45515792	
cashmere	crush-portfolio	1	CaseStudies/Cashmere/CashmereIncorrectnessLogic.lean|withdrawSessionAngelic_correct|12346872860079934512	withdrawSessionAngelic_correct	12346872860079934512	core-reconstructed	certificate-error	core-directed reconstruction succeeded	368050584	collect=224916,pre-reconstruct=561083,normalize=1311125,monomorphize=20459,instantiate=274648833,translate=32508333,solve=41056959,replay=16959,reconstruct=17701917	
velvet	crush-verify	1	Velvet/Examples/EncodeDecodeStr.lean|decodeStr'_correct|4325354716326072573	decodeStr'_correct	4325354716326072573	verified	not-requested	solver returned unsat; closed under the trust policy	117427334	collect=2872792,pre-reconstruct=4408625,normalize=2049917,monomorphize=712292,instantiate=854250,translate=16930375,solve=89599083	
velvet	crush-verify	1	Velvet/Examples/EncodeDecodeStr.lean|decodeStr'_correct|3233717574493770211	decodeStr'_correct	16298341802593511044	unknown	not-attempted	solver exited without a verdict	5063502916	collect=203667,pre-reconstruct=8124875,normalize=2012125,monomorphize=18958,instantiate=34875,translate=11003000,solve=5042105416	
velvet	crush-verify	1	Velvet/Examples/EncodeDecodeStr.lean|decodeStr'_correct|14557075163885871591	decodeStr'_correct	14557075163885871591	verified	not-requested	solver returned unsat; closed under the trust policy	47124334	collect=180584,pre-reconstruct=932583,normalize=1397916,monomorphize=16959,instantiate=30292,translate=6324875,solve=38241125	
velvet	crush-verify	1	Velvet/Examples/EncodeDecodeStr.lean|decodeStr'_correct|13851523499043008614	decodeStr'_correct	13851523499043008614	verified	not-requested	solver returned unsat; closed under the trust policy	45376959	collect=180000,pre-reconstruct=337292,normalize=1245958,monomorphize=16083,instantiate=32042,translate=6305917,solve=37259667	
velvet	crush-verify	1	Velvet/Examples/EncodeDecodeStr.lean|decodeStr'_correct|8816666150414203262	decodeStr'_correct	8816666150414203262	verified	not-requested	solver returned unsat; closed under the trust policy	54676252	collect=170917,pre-reconstruct=842958,normalize=1100542,monomorphize=14875,instantiate=32709,translate=2919584,solve=49594667	
velvet	crush-verify	1	Velvet/Examples/EncodeDecodeStr.lean|decodeStr'_correct|7432640679462075544	decodeStr'_correct	1656677057252754089	unknown	not-attempted	no reason given	117801875	collect=161000,pre-reconstruct=1479042,normalize=2129000,monomorphize=15083,instantiate=29875,translate=4623458,solve=109364417	
velvet	crush-verify	1	Velvet/Examples/EncodeDecodeStr.lean|decodeStr'_correct|9639754685172097330	decodeStr'_correct	9639754685172097330	unknown	not-attempted	solver exited without a verdict	5066167707	collect=190584,pre-reconstruct=1393000,normalize=1429708,monomorphize=19833,instantiate=33208,translate=6953416,solve=5056147958	
velvet	crush-verify	1	Velvet/Examples/EncodeDecodeStr.lean|encodeStr_correct|10203002127808532242	encodeStr_correct	10203002127808532242	verified	not-requested	solver returned unsat; closed under the trust policy	75558791	collect=1077625,pre-reconstruct=2479208,normalize=3349417,monomorphize=22167,instantiate=31291,translate=7775000,solve=60824083	
velvet	crush-verify	1	Velvet/Examples/EncodeDecodeStr.lean|encodeStr_correct|15527439877898811686	encodeStr_correct	9685533339980702200	verified	not-requested	solver returned unsat; closed under the trust policy	68982040	collect=251583,pre-reconstruct=2277250,normalize=3514541,monomorphize=22417,instantiate=33208,translate=8288916,solve=54594125	
velvet	crush-verify	1	Velvet/Examples/EncodeDecodeStr.lean|encodeStr_correct|4253526900314070824	encodeStr_correct	4253526900314070824	verified	not-requested	solver returned unsat; closed under the trust policy	49974291	collect=226500,pre-reconstruct=1204167,normalize=3496750,monomorphize=20916,instantiate=31583,translate=7268375,solve=37726000	
velvet	crush-verify	1	Velvet/Examples/EncodeDecodeStr.lean|encodeStr_correct|17087698223479619887	encodeStr_correct	9685533339980702200	verified	not-requested	solver returned unsat; closed under the trust policy	67736084	collect=238750,pre-reconstruct=2052416,normalize=3320917,monomorphize=21000,instantiate=33292,translate=8068917,solve=54000792	
velvet	crush-verify	1	Velvet/Examples/EncodeDecodeStr.lean|encodeStr_correct|13168721855841554394	encodeStr_correct	13168721855841554394	selected-fact	not-attempted	closed from a selected Lean fact	218875	collect=218875	
velvet	crush-verify	1	Velvet/Examples/EncodeDecodeStr.lean|encodeStr_correct|8050235650381385355	encodeStr_correct	8050235650381385355	verified	not-requested	solver returned unsat; closed under the trust policy	44578958	collect=128791,pre-reconstruct=1663084,normalize=1756167,monomorphize=18958,instantiate=34916,translate=4519250,solve=36457792	
velvet	crush-verify	1	Velvet/Examples/EncodeDecodeStr.lean|encodeStr_correct|3874562368415809942	encodeStr_correct	9685533339980702200	verified	not-requested	solver returned unsat; closed under the trust policy	63553333	collect=217666,pre-reconstruct=1743708,normalize=1809625,monomorphize=20709,instantiate=32917,translate=5595875,solve=54132833	
velvet	crush-verify	1	Velvet/Examples/EncodeDecodeStr.lean|encodeStr_correct|16403843650363689650	encodeStr_correct	16403843650363689650	verified	not-requested	solver returned unsat; closed under the trust policy	48807875	collect=225042,pre-reconstruct=1110209,normalize=3252125,monomorphize=19917,instantiate=31166,translate=7180875,solve=36988541	
velvet	crush-verify	1	Velvet/Examples/EncodeDecodeStr.lean|encodeStr_correct|17528322019345720798	encodeStr_correct	17528322019345720798	unknown	not-attempted	solver exited without a verdict	5073641875	collect=241417,pre-reconstruct=5141292,normalize=3821458,monomorphize=20292,instantiate=33583,translate=8520416,solve=5055863417	
velvet	crush-verify	1	Velvet/Examples/EncodeDecodeStr.lean|encodeStr_correct|14846570717984605519	encodeStr_correct	14846570717984605519	verified	not-requested	solver returned unsat; closed under the trust policy	60932293	collect=251167,pre-reconstruct=530792,normalize=4255583,monomorphize=24250,instantiate=39250,translate=10258959,solve=45572292	
velvet	crush-verify	1	Velvet/Examples/EncodeDecodeStr.lean|encodeStr_correct|17345521196864181404	encodeStr_correct	17345521196864181404	verified	not-requested	solver returned unsat; closed under the trust policy	55687710	collect=205834,pre-reconstruct=994125,normalize=1577959,monomorphize=20959,instantiate=35625,translate=4501375,solve=48351833	
velvet	crush-verify	1	Velvet/Examples/EncodeDecodeStr.lean|encodeStr_correct|16873295595722686018	encodeStr_correct	16873295595722686018	selected-fact	not-attempted	closed from a selected Lean fact	192542	collect=192542	
velvet	crush-verify	1	Velvet/Examples/EncodeDecodeStr.lean|encodeStr_correct|5769627519083430677	encodeStr_correct	5769627519083430677	selected-fact	not-attempted	closed from a selected Lean fact	145917	collect=145917	
velvet	crush-verify	1	Velvet/Examples/EncodeDecodeStr.lean|encodeStr_correct|15630242782200619292	encodeStr_correct	15630242782200619292	verified	not-requested	solver returned unsat; closed under the trust policy	51192126	collect=63750,pre-reconstruct=862334,normalize=44667,monomorphize=10333,instantiate=34667,translate=1449542,solve=48726833	
velvet	crush-verify	1	Velvet/Examples/EncodeDecodeStr.lean|encodeStr_correct|4098508629850130765	encodeStr_correct	4098508629850130765	unknown	not-attempted	no reason given	46846376	collect=180083,pre-reconstruct=81209,normalize=1041750,monomorphize=13000,instantiate=35000,translate=4375084,solve=41120250	
velvet	crush-verify	1	Velvet/Examples/EncodeDecodeStr.lean|encodeStr_correct|6449688271898666716	encodeStr_correct	6449688271898666716	unknown	not-attempted	solver exited without a verdict	5050634793	collect=198375,pre-reconstruct=365417,normalize=1500792,monomorphize=19667,instantiate=31500,translate=4516042,solve=5044003000	
velvet	crush-verify	1	Velvet/Examples/EncodeDecodeStr.lean|encodeStr_correct|3108445719328028112	encodeStr_correct	3108445719328028112	verified	not-requested	solver returned unsat; closed under the trust policy	43206583	collect=257750,pre-reconstruct=145000,normalize=2121208,monomorphize=21208,instantiate=40125,translate=5231250,solve=35390042	
velvet	crush-verify	1	Velvet/Examples/Examples.lean|insertionSort_correct|1066791641437412485	insertionSort_correct	1066791641437412485	verified	not-requested	solver returned unsat; closed under the trust policy	154921582	collect=747750,pre-reconstruct=3550250,normalize=2521417,monomorphize=11029916,instantiate=59473083,translate=21851166,solve=55748000	
velvet	crush-verify	1	Velvet/Examples/Examples.lean|insertionSort_correct|9866248891257573647	insertionSort_correct	12810594954652992486	verified	not-requested	solver returned unsat; closed under the trust policy	2555763500	collect=266833,pre-reconstruct=700072417,normalize=2591917,monomorphize=25959291,instantiate=166041917,translate=50910042,solve=1609921083	
velvet	crush-verify	1	Velvet/Examples/Examples.lean|insertionSort_correct|18360837223612973524	insertionSort_correct	18360837223612973524	verified	not-requested	solver returned unsat; closed under the trust policy	148007415	collect=246375,pre-reconstruct=7552083,normalize=2521083,monomorphize=12398708,instantiate=62404083,translate=17391708,solve=45493375	
velvet	crush-verify	1	Velvet/Examples/Examples.lean|insertionSort_correct|1066791641437412485	insertionSort_correct	1066791641437412485	verified	not-requested	solver returned unsat; closed under the trust policy	131455667	collect=245875,pre-reconstruct=2429125,normalize=2024792,monomorphize=10097459,instantiate=58730250,translate=15774708,solve=42153458	
velvet	crush-verify	1	Velvet/Examples/Examples.lean|insertionSort_correct|14825588553610653054	insertionSort_correct	13858382852922432078	unknown	not-attempted	solver exited without a verdict	10382069750	collect=259250,pre-reconstruct=9652875,normalize=2404250,monomorphize=11581375,instantiate=203546375,translate=43555833,solve=5032030333,translate-fallback=43926959,solve-fallback=5035112500	
velvet	crush-verify	1	Velvet/Examples/Examples.lean|insertionSort_correct|16465886849738339639	insertionSort_correct	13858382852922432078	verified	not-requested	solver returned unsat; closed under the trust policy	175600958	collect=266042,pre-reconstruct=9809000,normalize=2426750,monomorphize=10577083,instantiate=43790291,translate=15352875,solve=93378917	
velvet	crush-verify	1	Velvet/Examples/Examples.lean|insertionSort_correct|2438232962388206336	insertionSort_correct	2438232962388206336	verified	not-requested	solver returned unsat; closed under the trust policy	54115875	collect=283000,pre-reconstruct=1168875,normalize=2119125,monomorphize=8356042,instantiate=1665375,translate=8521500,solve=32001958	
velvet	crush-verify	1	Velvet/Examples/Examples.lean|insertionSort_correct|12155028420956038391	insertionSort_correct	12155028420956038391	verified	not-requested	solver returned unsat; closed under the trust policy	46893749	collect=209208,pre-reconstruct=893458,normalize=1282875,monomorphize=6137917,instantiate=1231708,translate=6346583,solve=30792000	
velvet	crush-verify	1	Velvet/Examples/Examples.lean|insertionSort_correct|14852526092468225565	insertionSort_correct	139088297960392149	verified	not-requested	solver returned unsat; closed under the trust policy	167550417	collect=246292,pre-reconstruct=526625,normalize=1734917,monomorphize=8474958,instantiate=45175208,translate=14079708,solve=97312709	
velvet	crush-verify	1	Velvet/Examples/Examples.lean|insertionSort_correct|12688677688377801211	insertionSort_correct	12688677688377801211	verified	not-requested	solver returned unsat; closed under the trust policy	76702709	collect=312583,pre-reconstruct=5633834,normalize=4217417,monomorphize=10829334,instantiate=2388000,translate=10999125,solve=42322416	
velvet	crush-verify	1	Velvet/Examples/Examples.lean|insertionSort_correct|7903702650473013145	insertionSort_correct	17272444315034915638	verified	not-requested	solver returned unsat; closed under the trust policy	239247917	collect=483667,pre-reconstruct=19125709,normalize=2305875,monomorphize=12132416,instantiate=50627458,translate=16488084,solve=138084708	
velvet	crush-verify	1	Velvet/Examples/Examples.lean|insertionSort_correct|5379360585891885096	insertionSort_correct	5379360585891885096	verified	not-requested	solver returned unsat; closed under the trust policy	55349207	collect=252208,pre-reconstruct=1640166,normalize=1676958,monomorphize=7082875,instantiate=1392166,translate=7335875,solve=35968959	
velvet	crush-verify	1	Velvet/Examples/Examples.lean|insertionSort_correct|11248877774576345437	insertionSort_correct	139088297960392149	verified	not-requested	solver returned unsat; closed under the trust policy	161119417	collect=258417,pre-reconstruct=446084,normalize=1443500,monomorphize=7708042,instantiate=43599208,translate=12565666,solve=95098500	
velvet	crush-verify	1	Velvet/Examples/Examples.lean|insertionSort_correct|11532741708565178815	insertionSort_correct	11532741708565178815	verified	not-requested	solver returned unsat; closed under the trust policy	54059166	collect=216458,pre-reconstruct=598208,normalize=1223333,monomorphize=6059958,instantiate=1173583,translate=6613084,solve=38174542	
velvet	crush-verify	1	Velvet/Examples/Examples.lean|insertionSort_correct|13894794097547967513	insertionSort_correct	13894794097547967513	verified	not-requested	solver returned unsat; closed under the trust policy	38054708	collect=142125,pre-reconstruct=905000,normalize=101916,monomorphize=2588750,instantiate=696208,translate=3894875,solve=29725834	
velvet	crush-verify	1	Velvet/Examples/Examples.lean|insertionSort_correct|11235314628722112900	insertionSort_correct	14354530589729947841	verified	not-requested	solver returned unsat; closed under the trust policy	94321334	collect=164000,pre-reconstruct=119625,normalize=136667,monomorphize=4914417,instantiate=42294250,translate=10122875,solve=36569500	
velvet	crush-verify	1	Velvet/Examples/Examples.lean|insertionSort_correct|18214290959922115111	insertionSort_correct	17272444315034915638	verified	not-requested	solver returned unsat; closed under the trust policy	158714500	collect=192250,pre-reconstruct=9434208,normalize=219583,monomorphize=7622750,instantiate=40025792,translate=12675000,solve=88544917	
velvet	crush-verify	1	Velvet/Examples/Examples.lean|sqrt_correct|17119794831572106230	sqrt_correct	5307985127850147097	verified	not-requested	solver returned unsat; closed under the trust policy	34183042	collect=653875,pre-reconstruct=109792,normalize=465375,monomorphize=12708,instantiate=32167,translate=1078208,solve=31830917	
velvet	crush-verify	1	Velvet/Examples/Examples.lean|sqrt_correct|16395326812896940336	sqrt_correct	3661544389526892522	verified	not-requested	solver returned unsat; closed under the trust policy	35351958	collect=148667,pre-reconstruct=104625,normalize=494917,monomorphize=13875,instantiate=36291,translate=1115583,solve=33438000	
velvet	crush-verify	1	Velvet/Examples/Examples.lean|sqrt_correct|4559485301326837329	sqrt_correct	4559485301326837329	verified	not-requested	solver returned unsat; closed under the trust policy	39206833	collect=165916,pre-reconstruct=98917,normalize=442958,monomorphize=13292,instantiate=32583,translate=970333,solve=37482834	
velvet	crush-verify	1	Velvet/Examples/Examples.lean|sqrt_correct|15833581759277421577	sqrt_correct	9636917653559417038	verified	not-requested	solver returned unsat; closed under the trust policy	131215416	collect=163792,pre-reconstruct=323416,normalize=688000,monomorphize=16250,instantiate=31208,translate=1616500,solve=128376250	
velvet	crush-verify	1	Velvet/Examples/Examples.lean|sqrt_correct|7228731597997214785	sqrt_correct	9636917653559417038	verified	not-requested	solver returned unsat; closed under the trust policy	83069832	collect=174000,pre-reconstruct=340000,normalize=662708,monomorphize=16291,instantiate=32833,translate=1615000,solve=80229000	
velvet	crush-verify	1	Velvet/Examples/Examples.lean|sqrt_correct|17256355208408803011	sqrt_correct	17256355208408803011	verified	not-requested	solver returned unsat; closed under the trust policy	36191290	collect=155583,pre-reconstruct=416083,normalize=634958,monomorphize=14125,instantiate=29000,translate=1356458,solve=33585083	
velvet	crush-verify	1	Velvet/Examples/Examples.lean|sqrt_correct|13635698331308129878	sqrt_correct	9636917653559417038	verified	not-requested	solver returned unsat; closed under the trust policy	32126459	collect=148000,pre-reconstruct=107792,normalize=510500,monomorphize=11625,instantiate=28375,translate=1044417,solve=30275750	
velvet	crush-verify	1	Velvet/Examples/Examples.lean|sqrt_correct|10800841518550636949	sqrt_correct	123143008762622395	verified	not-requested	solver returned unsat; closed under the trust policy	153909708	collect=178583,pre-reconstruct=396792,normalize=674708,monomorphize=16084,instantiate=30167,translate=1623291,solve=150990083	
velvet	crush-verify	1	Velvet/Examples/Examples.lean|sqrt_correct|12457966505053151830	sqrt_correct	3661544389526892522	verified	not-requested	solver returned unsat; closed under the trust policy	133691750	collect=181541,pre-reconstruct=345125,normalize=749959,monomorphize=16667,instantiate=35291,translate=1744417,solve=130618750	
velvet	crush-verify	1	Velvet/Examples/Examples.lean|sqrt_correct|17578352201394481400	sqrt_correct	17578352201394481400	verified	not-requested	solver returned unsat; closed under the trust policy	152666458	collect=163833,pre-reconstruct=380541,normalize=741666,monomorphize=19167,instantiate=40625,translate=1846834,solve=149473792	
velvet	crush-verify	1	Velvet/Examples/Examples_Total.lean|insertionSort_total_correct|1066791641437412485	insertionSort_total_correct	1066791641437412485	verified	not-requested	solver returned unsat; closed under the trust policy	176296084	collect=764250,pre-reconstruct=3491458,normalize=2452417,monomorphize=11051792,instantiate=58181709,translate=21161958,solve=79192500	
velvet	crush-verify	1	Velvet/Examples/Examples_Total.lean|insertionSort_total_correct|9866248891257573647	insertionSort_total_correct	12810594954652992486	verified	not-requested	solver returned unsat; closed under the trust policy	2811683624	collect=269667,pre-reconstruct=694308250,normalize=2811708,monomorphize=26711291,instantiate=161538125,translate=49451042,solve=1876593541	
velvet	crush-verify	1	Velvet/Examples/Examples_Total.lean|insertionSort_total_correct|18360837223612973524	insertionSort_total_correct	18360837223612973524	verified	not-requested	solver returned unsat; closed under the trust policy	178242502	collect=282042,pre-reconstruct=9693334,normalize=2728917,monomorphize=14233584,instantiate=81264458,translate=28580083,solve=41460084	
velvet	crush-verify	1	Velvet/Examples/Examples_Total.lean|insertionSort_total_correct|11568103068982921353	insertionSort_total_correct	11568103068982921353	verified	not-requested	solver returned unsat; closed under the trust policy	139568416	collect=316125,pre-reconstruct=625166,normalize=2544834,monomorphize=11672875,instantiate=78484458,translate=16853333,solve=29071625	
velvet	crush-verify	1	Velvet/Examples/Examples_Total.lean|insertionSort_total_correct|1066791641437412485	insertionSort_total_correct	1066791641437412485	verified	not-requested	solver returned unsat; closed under the trust policy	126114789	collect=252583,pre-reconstruct=2713375,normalize=2200708,monomorphize=10258833,instantiate=60988583,translate=16139291,solve=33561416	
velvet	crush-verify	1	Velvet/Examples/Examples_Total.lean|insertionSort_total_correct|14825588553610653054	insertionSort_total_correct	13858382852922432078	unknown	not-attempted	solver exited without a verdict	10377098416	collect=296666,pre-reconstruct=9939000,normalize=2778917,monomorphize=12454875,instantiate=205698250,translate=41958042,solve=5029710292,translate-fallback=45994041,solve-fallback=5028268333	
velvet	crush-verify	1	Velvet/Examples/Examples_Total.lean|insertionSort_total_correct|11568103068982921353	insertionSort_total_correct	11568103068982921353	verified	not-requested	solver returned unsat; closed under the trust policy	127379501	collect=242375,pre-reconstruct=530459,normalize=2021625,monomorphize=9940959,instantiate=59175875,translate=16689083,solve=38779125	
velvet	crush-verify	1	Velvet/Examples/Examples_Total.lean|insertionSort_total_correct|16465886849738339639	insertionSort_total_correct	13858382852922432078	verified	not-requested	solver returned unsat; closed under the trust policy	166114206	collect=263708,pre-reconstruct=9272166,normalize=2175416,monomorphize=9619292,instantiate=38165541,translate=14405625,solve=92212458	
velvet	crush-verify	1	Velvet/Examples/Examples_Total.lean|insertionSort_total_correct|5918835836158453730	insertionSort_total_correct	5918835836158453730	selected-fact	not-attempted	closed from a selected Lean fact	226333	collect=226333	
velvet	crush-verify	1	Velvet/Examples/Examples_Total.lean|insertionSort_total_correct|12155028420956038391	insertionSort_total_correct	12155028420956038391	verified	not-requested	solver returned unsat; closed under the trust policy	47553124	collect=172417,pre-reconstruct=817458,normalize=1097083,monomorphize=5717541,instantiate=1244875,translate=6144250,solve=32359500	
velvet	crush-verify	1	Velvet/Examples/Examples_Total.lean|insertionSort_total_correct|14852526092468225565	insertionSort_total_correct	139088297960392149	verified	not-requested	solver returned unsat; closed under the trust policy	142528457	collect=218417,pre-reconstruct=418500,normalize=1371416,monomorphize=7337833,instantiate=37768875,translate=12224250,solve=83189166	
velvet	crush-verify	1	Velvet/Examples/Examples_Total.lean|insertionSort_total_correct|12688677688377801211	insertionSort_total_correct	12688677688377801211	verified	not-requested	solver returned unsat; closed under the trust policy	64517542	collect=234375,pre-reconstruct=2891584,normalize=2198875,monomorphize=9879375,instantiate=1780541,translate=9223750,solve=38309042	
velvet	crush-verify	1	Velvet/Examples/Examples_Total.lean|insertionSort_total_correct|7903702650473013145	insertionSort_total_correct	17272444315034915638	verified	not-requested	solver returned unsat; closed under the trust policy	175444708	collect=276833,pre-reconstruct=18924208,normalize=2245792,monomorphize=10911167,instantiate=38319125,translate=14647042,solve=90120541	
velvet	crush-verify	1	Velvet/Examples/Examples_Total.lean|insertionSort_total_correct|18088860687919872176	insertionSort_total_correct	18088860687919872176	verified	not-requested	solver returned unsat; closed under the trust policy	90299706	collect=279125,pre-reconstruct=633916,normalize=2378041,monomorphize=9953458,instantiate=1786416,translate=9294334,solve=65974416	
velvet	crush-verify	1	Velvet/Examples/Examples_Total.lean|insertionSort_total_correct|5379360585891885096	insertionSort_total_correct	5379360585891885096	verified	not-requested	solver returned unsat; closed under the trust policy	56712210	collect=209334,pre-reconstruct=1269292,normalize=1334209,monomorphize=6001291,instantiate=1189834,translate=6867375,solve=39840875	
velvet	crush-verify	1	Velvet/Examples/Examples_Total.lean|insertionSort_total_correct|11248877774576345437	insertionSort_total_correct	139088297960392149	verified	not-requested	solver returned unsat; closed under the trust policy	157013793	collect=215792,pre-reconstruct=418875,normalize=1293000,monomorphize=7296292,instantiate=37593334,translate=12188542,solve=98007958	
velvet	crush-verify	1	Velvet/Examples/Examples_Total.lean|insertionSort_total_correct|6709257883257101731	insertionSort_total_correct	6709257883257101731	selected-fact	not-attempted	closed from a selected Lean fact	197959	collect=197959	
velvet	crush-verify	1	Velvet/Examples/Examples_Total.lean|insertionSort_total_correct|13894794097547967513	insertionSort_total_correct	13894794097547967513	verified	not-requested	solver returned unsat; closed under the trust policy	53276792	collect=81167,pre-reconstruct=871750,normalize=100542,monomorphize=2474583,instantiate=700375,translate=3758959,solve=45289416	
velvet	crush-verify	1	Velvet/Examples/Examples_Total.lean|insertionSort_total_correct|11235314628722112900	insertionSort_total_correct	14354530589729947841	verified	not-requested	solver returned unsat; closed under the trust policy	89556918	collect=167292,pre-reconstruct=118583,normalize=131500,monomorphize=4819834,instantiate=37309584,translate=9624250,solve=37385875	
velvet	crush-verify	1	Velvet/Examples/Examples_Total.lean|insertionSort_total_correct|18214290959922115111	insertionSort_total_correct	17272444315034915638	verified	not-requested	solver returned unsat; closed under the trust policy	178755374	collect=222583,pre-reconstruct=9188125,normalize=1346542,monomorphize=7764625,instantiate=38321083,translate=12636000,solve=109276416	
velvet	crush-verify	1	Velvet/Examples/Examples_Total.lean|sqrt_total_correct|17119794831572106230	sqrt_total_correct	5307985127850147097	verified	not-requested	solver returned unsat; closed under the trust policy	40922291	collect=141958,pre-reconstruct=96333,normalize=97708,monomorphize=843459,instantiate=79375,translate=3974417,solve=35689041	
velvet	crush-verify	1	Velvet/Examples/Examples_Total.lean|sqrt_total_correct|16395326812896940336	sqrt_total_correct	3661544389526892522	verified	not-requested	solver returned unsat; closed under the trust policy	56809667	collect=143667,pre-reconstruct=94667,normalize=96041,monomorphize=852875,instantiate=81125,translate=3847334,solve=51693958	
velvet	crush-verify	1	Velvet/Examples/Examples_Total.lean|sqrt_total_correct|4559485301326837329	sqrt_total_correct	4559485301326837329	verified	not-requested	solver returned unsat; closed under the trust policy	36059542	collect=139541,pre-reconstruct=91875,normalize=94167,monomorphize=835542,instantiate=74417,translate=3670750,solve=31153250	
velvet	crush-verify	1	Velvet/Examples/Examples_Total.lean|sqrt_total_correct|15833581759277421577	sqrt_total_correct	9636917653559417038	verified	not-requested	solver returned unsat; closed under the trust policy	64825084	collect=160625,pre-reconstruct=337042,normalize=128500,monomorphize=1618834,instantiate=79125,translate=4390833,solve=58110125	
velvet	crush-verify	1	Velvet/Examples/Examples_Total.lean|sqrt_total_correct|17892696244691966181	sqrt_total_correct	17892696244691966181	verified	not-requested	solver returned unsat; closed under the trust policy	70295583	collect=157750,pre-reconstruct=393375,normalize=141500,monomorphize=2171334,instantiate=77500,translate=4569041,solve=62785083	
velvet	crush-verify	1	Velvet/Examples/Examples_Total.lean|sqrt_total_correct|7228731597997214785	sqrt_total_correct	9636917653559417038	verified	not-requested	solver returned unsat; closed under the trust policy	69406457	collect=154875,pre-reconstruct=319500,normalize=120291,monomorphize=1312583,instantiate=78125,translate=4283750,solve=63137333	
velvet	crush-verify	1	Velvet/Examples/Examples_Total.lean|sqrt_total_correct|13073343856082995605	sqrt_total_correct	13073343856082995605	selected-fact	not-attempted	closed from a selected Lean fact	165125	collect=165125	
velvet	crush-verify	1	Velvet/Examples/Examples_Total.lean|sqrt_total_correct|13635698331308129878	sqrt_total_correct	9636917653559417038	verified	not-requested	solver returned unsat; closed under the trust policy	53487169	collect=85667,pre-reconstruct=93542,normalize=98167,monomorphize=900417,instantiate=80417,translate=3977917,solve=48251042	
velvet	crush-verify	1	Velvet/Examples/Examples_Total.lean|sqrt_total_correct|10800841518550636949	sqrt_total_correct	123143008762622395	verified	not-requested	solver returned unsat; closed under the trust policy	71612165	collect=163041,pre-reconstruct=411125,normalize=127500,monomorphize=1701708,instantiate=89166,translate=5113500,solve=64006125	
velvet	crush-verify	1	Velvet/Examples/Examples_Total.lean|sqrt_total_correct|12457966505053151830	sqrt_total_correct	3661544389526892522	verified	not-requested	solver returned unsat; closed under the trust policy	80377290	collect=165708,pre-reconstruct=365791,normalize=155541,monomorphize=1768792,instantiate=85458,translate=5246666,solve=72589334	
velvet	crush-verify	1	Velvet/Examples/Examples_Total.lean|sqrt_total_correct|17578352201394481400	sqrt_total_correct	17578352201394481400	verified	not-requested	solver returned unsat; closed under the trust policy	64401918	collect=152042,pre-reconstruct=324167,normalize=132083,monomorphize=1866125,instantiate=89584,translate=4668542,solve=57169375	
velvet	crush-verify	1	Velvet/Examples/Examples_Total.lean|cbrt_correct|628191952620585962	cbrt_correct	5307985127850147097	verified	not-requested	solver returned unsat; closed under the trust policy	43408708	collect=143875,pre-reconstruct=98666,normalize=103000,monomorphize=937500,instantiate=80750,translate=4010458,solve=38034459	
velvet	crush-verify	1	Velvet/Examples/Examples_Total.lean|cbrt_correct|5408980950461060684	cbrt_correct	6765116615704103050	verified	not-requested	solver returned unsat; closed under the trust policy	52888168	collect=152584,pre-reconstruct=100084,normalize=108458,monomorphize=1000625,instantiate=80709,translate=4008375,solve=47437333	
velvet	crush-verify	1	Velvet/Examples/Examples_Total.lean|cbrt_correct|17796805544787031687	cbrt_correct	17796805544787031687	verified	not-requested	solver returned unsat; closed under the trust policy	35441250	collect=141209,pre-reconstruct=100250,normalize=116458,monomorphize=1010291,instantiate=82167,translate=3918500,solve=30072375	
velvet	crush-verify	1	Velvet/Examples/Examples_Total.lean|cbrt_correct|12597585967811959528	cbrt_correct	6259749615389096762	verified	not-requested	solver returned unsat; closed under the trust policy	66893251	collect=155459,pre-reconstruct=335084,normalize=142208,monomorphize=1976125,instantiate=86042,translate=4739458,solve=59458875	
velvet	crush-verify	1	Velvet/Examples/Examples_Total.lean|cbrt_correct|17892696244691966181	cbrt_correct	17892696244691966181	verified	not-requested	solver returned unsat; closed under the trust policy	72710624	collect=157500,pre-reconstruct=394708,normalize=155042,monomorphize=2382416,instantiate=80125,translate=4665541,solve=64875292	
velvet	crush-verify	1	Velvet/Examples/Examples_Total.lean|cbrt_correct|11504389341422214604	cbrt_correct	6259749615389096762	unknown	not-attempted	solver exited without a verdict	5039584917	collect=151709,pre-reconstruct=333583,normalize=135500,monomorphize=1749667,instantiate=108166,translate=5042250,solve=5032064042	
velvet	crush-verify	1	Velvet/Examples/Examples_Total.lean|cbrt_correct|1828175149019549874	cbrt_correct	1828175149019549874	selected-fact	not-attempted	closed from a selected Lean fact	155208	collect=155208	
velvet	crush-verify	1	Velvet/Examples/Examples_Total.lean|cbrt_correct|8027176826117333927	cbrt_correct	6259749615389096762	verified	not-requested	solver returned unsat; closed under the trust policy	59517752	collect=97459,pre-reconstruct=102417,normalize=104167,monomorphize=1081709,instantiate=90667,translate=4251125,solve=53790208	
velvet	crush-verify	1	Velvet/Examples/Examples_Total.lean|cbrt_correct|8642365996124661698	cbrt_correct	123143008762622395	verified	not-requested	solver returned unsat; closed under the trust policy	74644625	collect=169042,pre-reconstruct=436083,normalize=148542,monomorphize=2092500,instantiate=83583,translate=4722750,solve=66992125	
velvet	crush-verify	1	Velvet/Examples/Examples_Total.lean|cbrt_correct|1031468476226669362	cbrt_correct	6765116615704103050	verified	not-requested	solver returned unsat; closed under the trust policy	185353001	collect=160834,pre-reconstruct=340708,normalize=144292,monomorphize=2027167,instantiate=81583,translate=4695042,solve=177903375	
velvet	crush-verify	1	Velvet/Examples/Examples_Total.lean|cbrt_correct|9859620190106577091	cbrt_correct	9859620190106577091	verified	not-requested	solver returned unsat; closed under the trust policy	94725667	collect=156958,pre-reconstruct=333292,normalize=154000,monomorphize=2374708,instantiate=82000,translate=4780292,solve=86844417	
velvet	crush-verify	1	Velvet/Examples/Examples_Total.lean|sqrt_bn_correct|17809363630590163151	sqrt_bn_correct	3661544389526892522	verified	not-requested	solver returned unsat; closed under the trust policy	77191251	collect=196083,pre-reconstruct=395542,normalize=170459,monomorphize=3468125,instantiate=83458,translate=6469750,solve=66407834	
velvet	crush-verify	1	Velvet/Examples/Examples_Total.lean|sqrt_bn_correct|3756677303263535492	sqrt_bn_correct	3756677303263535492	verified	not-requested	solver returned unsat; closed under the trust policy	74563791	collect=197417,pre-reconstruct=502166,normalize=182500,monomorphize=3660083,instantiate=104125,translate=6217125,solve=63700375	
velvet	crush-verify	1	Velvet/Examples/Examples_Total.lean|sqrt_bn_correct|845228717509319176	sqrt_bn_correct	845228717509319176	verified	not-requested	solver returned unsat; closed under the trust policy	46150292	collect=193875,pre-reconstruct=436542,normalize=178458,monomorphize=3639167,instantiate=81459,translate=5519041,solve=36101750	
velvet	crush-verify	1	Velvet/Examples/Examples_Total.lean|sqrt_bn_correct|14080923781397173690	sqrt_bn_correct	3661544389526892522	verified	not-requested	solver returned unsat; closed under the trust policy	82298834	collect=194292,pre-reconstruct=379417,normalize=158750,monomorphize=3022917,instantiate=91042,translate=5724375,solve=72728041	
velvet	crush-verify	1	Velvet/Examples/Examples_Total.lean|sqrt_bn_correct|2013384436827156188	sqrt_bn_correct	2013384436827156188	verified	not-requested	solver returned unsat; closed under the trust policy	50185042	collect=206625,pre-reconstruct=543916,normalize=181417,monomorphize=3737833,instantiate=94625,translate=6035459,solve=39385167	
velvet	crush-verify	1	Velvet/Examples/Examples_Total.lean|sqrt_bn_correct|14080923781397173690	sqrt_bn_correct	3661544389526892522	verified	not-requested	solver returned unsat; closed under the trust policy	73521333	collect=177083,pre-reconstruct=365000,normalize=130833,monomorphize=1929084,instantiate=90541,translate=5066375,solve=65762417	
velvet	crush-verify	1	Velvet/Examples/Examples_Total.lean|sqrt_bn_correct|5112937323286018014	sqrt_bn_correct	5112937323286018014	selected-fact	not-attempted	closed from a selected Lean fact	166291	collect=166291	
velvet	crush-verify	1	Velvet/Examples/Examples_Total.lean|sqrt_bn_correct|4559485301326837329	sqrt_bn_correct	4559485301326837329	verified	not-requested	solver returned unsat; closed under the trust policy	57846583	collect=80917,pre-reconstruct=89959,normalize=90916,monomorphize=973708,instantiate=77542,translate=4279375,solve=52254166	
velvet	crush-verify	1	Velvet/Examples/Examples_Total.lean|sqrt_bn_correct|16395326812896940336	sqrt_bn_correct	3661544389526892522	verified	not-requested	solver returned unsat; closed under the trust policy	41948249	collect=159833,pre-reconstruct=101291,normalize=91333,monomorphize=967709,instantiate=82875,translate=4015666,solve=36529542	
velvet	crush-verify	1	Velvet/Examples/Examples_Total.lean|sqrt_bn_correct|18362062349273978007	sqrt_bn_correct	7232745374090633776	verified	not-requested	solver returned unsat; closed under the trust policy	88109126	collect=172417,pre-reconstruct=427459,normalize=136375,monomorphize=1983666,instantiate=78042,translate=4974542,solve=80336625	
velvet	crush-verify	1	Velvet/Examples/Examples_Total.lean|sqrt_bn_correct|8802921734925604215	sqrt_bn_correct	3661544389526892522	verified	not-requested	solver returned unsat; closed under the trust policy	76062749	collect=168875,pre-reconstruct=379000,normalize=138542,monomorphize=2077458,instantiate=79625,translate=5040958,solve=68178291	
velvet	crush-verify	1	Velvet/Examples/GCD.lean|gcd_correct|9601099415740649235	gcd_correct	9601099415740649235	verified	not-requested	solver returned unsat; closed under the trust policy	76708459	collect=1869375,pre-reconstruct=658500,normalize=1389833,monomorphize=92584,instantiate=2049041,translate=5079417,solve=65569709	
velvet	crush-verify	1	Velvet/Examples/IsNonPrime.lean|IsNonPrime_correct|3150397294412475763	IsNonPrime_correct	3150397294412475763	sat	not-attempted	solver returned sat	54837583	collect=601750,pre-reconstruct=2529750,normalize=241375,monomorphize=124541,instantiate=258584,translate=5861792,solve=45219791	
velvet	crush-verify	1	Velvet/Examples/IsNonPrime.lean|IsNonPrime_correct|8498703091421742660	IsNonPrime_correct	8498703091421742660	verified	not-requested	solver returned unsat; closed under the trust policy	61444083	collect=231500,pre-reconstruct=105417,normalize=1239208,monomorphize=13750,instantiate=30000,translate=3204125,solve=56620083	
velvet	crush-verify	1	Velvet/Examples/IsNonPrime.lean|IsNonPrime_correct|15405612526479945524	IsNonPrime_correct	15405612526479945524	verified	not-requested	solver returned unsat; closed under the trust policy	91558708	collect=182541,pre-reconstruct=2611500,normalize=1439000,monomorphize=14792,instantiate=30416,translate=8836500,solve=78443959	
velvet	crush-verify	1	Velvet/Examples/IsNonPrime.lean|IsNonPrime_correct|3635621084297233985	IsNonPrime_correct	3635621084297233985	selected-fact	not-attempted	closed from a selected Lean fact	259125	collect=259125	
velvet	crush-verify	1	Velvet/Examples/IsNonPrime.lean|IsNonPrime_correct|8498703091421742660	IsNonPrime_correct	8498703091421742660	verified	not-requested	solver returned unsat; closed under the trust policy	53795291	collect=176250,pre-reconstruct=105708,normalize=873042,monomorphize=14541,instantiate=28667,translate=2350583,solve=50246500	
velvet	crush-verify	1	Velvet/Examples/IsNonPrime.lean|IsNonPrime_correct|15497101072354692966	IsNonPrime_correct	15497101072354692966	unknown	not-attempted	solver exited without a verdict	5056155291	collect=183375,pre-reconstruct=15081042,normalize=1315917,monomorphize=14416,instantiate=32125,translate=2732791,solve=5036795625	
velvet	crush-verify	1	Velvet/Examples/IsNonPrime.lean|IsNonPrime_correct|3635621084297233985	IsNonPrime_correct	3635621084297233985	selected-fact	not-attempted	closed from a selected Lean fact	192250	collect=192250	
velvet	crush-verify	1	Velvet/Examples/IsNonPrime.lean|IsNonPrime_correct|16017810969246570786	IsNonPrime_correct	16017810969246570786	selected-fact	not-attempted	closed from a selected Lean fact	126000	collect=126000	
velvet	crush-verify	1	Velvet/Examples/IsNonPrime.lean|IsNonPrime_correct|12543135627460772462	IsNonPrime_correct	12543135627460772462	verified	not-requested	solver returned unsat; closed under the trust policy	36752667	collect=50500,pre-reconstruct=87333,normalize=38000,monomorphize=10667,instantiate=30750,translate=679792,solve=35855625	
velvet	crush-verify	1	Velvet/Examples/IsNonPrime.lean|IsNonPrime_correct|1572539502098385654	IsNonPrime_correct	1572539502098385654	verified	not-requested	solver returned unsat; closed under the trust policy	53283458	collect=149083,pre-reconstruct=1258292,normalize=691250,monomorphize=11375,instantiate=28917,translate=1248708,solve=49895833	
velvet	crush-verify	1	Velvet/Examples/IsNonPrime.lean|IsNonPrime_correct|11076373139303988464	IsNonPrime_correct	11076373139303988464	verified	not-requested	solver returned unsat; closed under the trust policy	50671583	collect=114333,pre-reconstruct=94042,normalize=65292,monomorphize=11042,instantiate=29666,translate=1201208,solve=49156000	
velvet	crush-verify	1	Velvet/Examples/IsNonPrime.lean|IsNonPrime_correct|15559572021364972958	IsNonPrime_correct	15559572021364972958	unknown	not-attempted	solver exited without a verdict	5160142502	collect=181250,pre-reconstruct=119676542,normalize=834667,monomorphize=17667,instantiate=35750,translate=2469959,solve=5036926667	
velvet	crush-verify	1	Velvet/Examples/IsSorted.lean|IsSorted_correct|11207960766534651515	IsSorted_correct	11207960766534651515	verified	not-requested	solver returned unsat; closed under the trust policy	621801540	collect=2369375,pre-reconstruct=4301291,normalize=3170666,monomorphize=107583,instantiate=534252042,translate=37667292,solve=39933291	
velvet	crush-verify	1	Velvet/Examples/IsSorted.lean|IsSorted_correct|4413675682266163545	IsSorted_correct	7061492355100973697	verified	not-requested	solver returned unsat; closed under the trust policy	1857343000	collect=292583,pre-reconstruct=601375,normalize=2783583,monomorphize=23667,instantiate=1745015583,translate=70346167,solve=38280042	
velvet	crush-verify	1	Velvet/Examples/IsSorted.lean|IsSorted_correct|9518487208184120090	IsSorted_correct	9518487208184120090	pre-reconstructed	not-attempted	closed before SMT translation	18752833	collect=266583,pre-reconstruct=18486250	
velvet	crush-verify	1	Velvet/Examples/IsSorted.lean|IsSorted_correct|11207960766534651515	IsSorted_correct	11207960766534651515	verified	not-requested	solver returned unsat; closed under the trust policy	581878333	collect=249250,pre-reconstruct=2408958,normalize=2507083,monomorphize=21042,instantiate=508934584,translate=32057541,solve=35699875	
velvet	crush-verify	1	Velvet/Examples/IsSorted.lean|IsSorted_correct|16465854614385299804	IsSorted_correct	7061492355100973697	verified	not-requested	solver returned unsat; closed under the trust policy	1877724624	collect=277208,pre-reconstruct=472500,normalize=2762167,monomorphize=21916,instantiate=1749574791,translate=70487083,solve=54128959	
velvet	crush-verify	1	Velvet/Examples/IsSorted.lean|IsSorted_correct|1749803822950348457	IsSorted_correct	9518487208184120090	verified	not-requested	solver returned unsat; closed under the trust policy	1563585500	collect=270958,pre-reconstruct=986397542,normalize=3117792,monomorphize=22458,instantiate=503253875,translate=31693000,solve=38829875	
velvet	crush-verify	1	Velvet/Examples/IsSorted.lean|IsSorted_correct|6461838523585744673	IsSorted_correct	6461838523585744673	verified	not-requested	solver returned unsat; closed under the trust policy	265113375	collect=248916,pre-reconstruct=1754500,normalize=2247417,monomorphize=20625,instantiate=212543583,translate=14979834,solve=33318500	
velvet	crush-verify	1	Velvet/Examples/IsSorted.lean|IsSorted_correct|5698263445699273715	IsSorted_correct	7061492355100973697	verified	not-requested	solver returned unsat; closed under the trust policy	936109208	collect=266500,pre-reconstruct=414625,normalize=2368291,monomorphize=20500,instantiate=854140292,translate=40208042,solve=38690958	
velvet	crush-verify	1	Velvet/Examples/IsSorted.lean|IsSorted_correct|1749803822950348457	IsSorted_correct	9518487208184120090	verified	not-requested	solver returned unsat; closed under the trust policy	965802794	collect=266875,pre-reconstruct=640053542,normalize=2885709,monomorphize=24750,instantiate=242520542,translate=17911459,solve=62139917	
velvet	crush-verify	1	Velvet/Examples/IsSorted.lean|IsSorted_correct|16458001095677251802	IsSorted_correct	16458001095677251802	verified	not-requested	solver returned unsat; closed under the trust policy	305718582	collect=250000,pre-reconstruct=38353666,normalize=2269542,monomorphize=20916,instantiate=217807916,translate=15341667,solve=31674875	
velvet	crush-verify	1	Velvet/Examples/IsSorted.lean|IsSorted_correct|11716511832970583731	IsSorted_correct	11716511832970583731	verified	not-requested	solver returned unsat; closed under the trust policy	201343960	collect=205875,pre-reconstruct=1308584,normalize=1246375,monomorphize=17083,instantiate=147576417,translate=12069167,solve=38920459	
velvet	crush-verify	1	Velvet/Examples/IsSorted.lean|IsSorted_correct|13412663338101939313	IsSorted_correct	7061492355100973697	verified	not-requested	solver returned unsat; closed under the trust policy	441793084	collect=204334,pre-reconstruct=112458,normalize=1230209,monomorphize=15875,instantiate=380184416,translate=23223125,solve=36822667	
velvet	crush-verify	1	Velvet/Examples/IsSorted.lean|IsSorted_correct|10877051663303345536	IsSorted_correct	9518487208184120090	pre-reconstructed	not-attempted	closed before SMT translation	6942416	collect=207333,pre-reconstruct=6735083	
velvet	crush-verify	1	Velvet/Examples/IsSorted.lean|IsSorted_correct|2102916384874846137	IsSorted_correct	2102916384874846137	verified	not-requested	solver returned unsat; closed under the trust policy	5535704209	collect=219208,pre-reconstruct=146408875,normalize=2451916,monomorphize=21750,instantiate=89207167,translate=13027042,solve=5030757209,translate-fallback=17330833,solve-fallback=236280209	
velvet	crush-verify	1	Velvet/Examples/MaxElem.lean|maxElem_correct|6189042491608852705	maxElem_correct	6189042491608852705	verified	not-requested	solver returned unsat; closed under the trust policy	55117751	collect=1876875,pre-reconstruct=3691416,normalize=2235375,monomorphize=104667,instantiate=225084,translate=11006084,solve=35978250	
velvet	crush-verify	1	Velvet/Examples/MaxElem.lean|maxElem_correct|13979591039540523316	maxElem_correct	8435436090805571502	verified	not-requested	solver returned unsat; closed under the trust policy	45448000	collect=342625,pre-reconstruct=2096625,normalize=2283542,monomorphize=26000,instantiate=35917,translate=5484208,solve=35179083	
velvet	crush-verify	1	Velvet/Examples/MaxElem.lean|maxElem_correct|6189042491608852705	maxElem_correct	6189042491608852705	verified	not-requested	solver returned unsat; closed under the trust policy	47833582	collect=224708,pre-reconstruct=1806292,normalize=1695583,monomorphize=17583,instantiate=29125,translate=3962333,solve=40097958	
velvet	crush-verify	1	Velvet/Examples/MaxElem.lean|maxElem_correct|3496913807798796367	maxElem_correct	3368518466434627767	verified	not-requested	solver returned unsat; closed under the trust policy	40749624	collect=254167,pre-reconstruct=457125,normalize=1873541,monomorphize=20084,instantiate=30958,translate=4297708,solve=33816041	
velvet	crush-verify	1	Velvet/Examples/MaxElem.lean|maxElem_correct|13935834157065255340	maxElem_correct	13935834157065255340	verified	not-requested	solver returned unsat; closed under the trust policy	36272209	collect=197833,pre-reconstruct=1115083,normalize=1430834,monomorphize=18375,instantiate=28917,translate=3103375,solve=30377792	
velvet	crush-verify	1	Velvet/Examples/MaxElem.lean|maxElem_correct|10716558625718226994	maxElem_correct	3368518466434627767	verified	not-requested	solver returned unsat; closed under the trust policy	54527417	collect=201583,pre-reconstruct=337000,normalize=1447708,monomorphize=16875,instantiate=28334,translate=3422959,solve=49072958	
velvet	crush-verify	1	Velvet/Examples/MaxElem.lean|maxElem_correct|12429897440204793908	maxElem_correct	12429897440204793908	verified	not-requested	solver returned unsat; closed under the trust policy	42597874	collect=195333,pre-reconstruct=511042,normalize=1263666,monomorphize=15792,instantiate=29833,translate=3045208,solve=37537000	
velvet	crush-verify	1	Velvet/Examples/MaxElem.lean|maxElem_correct|6662270672118944889	maxElem_correct	6662270672118944889	verified	not-requested	solver returned unsat; closed under the trust policy	39253666	collect=163583,pre-reconstruct=1575750,normalize=471375,monomorphize=11083,instantiate=26334,translate=1716708,solve=35288833	
velvet	crush-verify	1	Velvet/Examples/MaxElem.lean|maxElem_correct|10294878435885712953	maxElem_correct	4988386822408839803	verified	not-requested	solver returned unsat; closed under the trust policy	48888209	collect=180000,pre-reconstruct=107667,normalize=842250,monomorphize=11750,instantiate=27708,translate=2592625,solve=45126209	
velvet	crush-verify	1	Velvet/Examples/MaxElem.lean|maxElem_correct|15821608085576758365	maxElem_correct	14098165805487489891	verified	not-requested	solver returned unsat; closed under the trust policy	45484917	collect=220000,pre-reconstruct=676375,normalize=1453583,monomorphize=18375,instantiate=27500,translate=3696542,solve=39392542	
velvet	crush-verify	1	Velvet/Examples/MemAlloc.lean|mem_alloc_correct|633235845480694220	mem_alloc_correct	13644601314536403191	pre-reconstructed	not-attempted	closed before SMT translation	5479471834	collect=24949792,pre-reconstruct=5454522042	
velvet	crush-verify	1	Velvet/Examples/MemAlloc.lean|mem_alloc_correct|12262280732602434251	mem_alloc_correct	17594606446654630769	pre-reconstructed	not-attempted	closed before SMT translation	21367751	collect=212292,pre-reconstruct=21155459	
velvet	crush-verify	1	Velvet/Examples/MemAlloc.lean|mem_alloc_correct|5395433166570123997	mem_alloc_correct	5395433166570123997	verified	not-requested	solver returned unsat; closed under the trust policy	89395999	collect=216083,pre-reconstruct=646458,normalize=3164000,monomorphize=96916,instantiate=218708,translate=10227709,solve=74826125	
velvet	crush-verify	1	Velvet/Examples/MemAlloc.lean|mem_alloc_correct|7858921023181799469	mem_alloc_correct	7858921023181799469	unknown	not-attempted	no reason given	347297667	collect=263500,pre-reconstruct=262383583,normalize=2830584,monomorphize=22584,instantiate=32666,translate=4789083,solve=76975667	
velvet	crush-verify	1	Velvet/Examples/MemAlloc.lean|mem_alloc_correct|12307778664191690486	mem_alloc_correct	12307778664191690486	verified	not-requested	solver returned unsat; closed under the trust policy	226356584	collect=241292,pre-reconstruct=151686167,normalize=2777584,monomorphize=22000,instantiate=33083,translate=4529250,solve=67067208	
velvet	crush-verify	1	Velvet/Examples/MemAlloc.lean|mem_alloc_correct|14651957694487509304	mem_alloc_correct	14651957694487509304	selected-fact	not-attempted	closed from a selected Lean fact	248750	collect=248750	
velvet	crush-verify	1	Velvet/Examples/MemAlloc.lean|mem_alloc_correct|5395433166570123997	mem_alloc_correct	5395433166570123997	verified	not-requested	solver returned unsat; closed under the trust policy	74670251	collect=169125,pre-reconstruct=561000,normalize=2573458,monomorphize=17084,instantiate=29417,translate=4377625,solve=66942542	
velvet	crush-verify	1	Velvet/Examples/MemAlloc.lean|mem_alloc_correct|7320909626913503829	mem_alloc_correct	7320909626913503829	selected-fact	not-attempted	closed from a selected Lean fact	244375	collect=244375	
velvet	crush-verify	1	Velvet/Examples/MemAlloc.lean|mem_alloc_correct|13680370559755953061	mem_alloc_correct	13680370559755953061	selected-fact	not-attempted	closed from a selected Lean fact	171000	collect=171000	
velvet	crush-verify	1	Velvet/Examples/MemAlloc.lean|mem_alloc_correct|5395433166570123997	mem_alloc_correct	5395433166570123997	verified	not-requested	solver returned unsat; closed under the trust policy	61823209	collect=125958,pre-reconstruct=495375,normalize=1123917,monomorphize=12625,instantiate=29833,translate=2405042,solve=57630459	
velvet	crush-verify	1	Velvet/Examples/MemAlloc.lean|mem_alloc_correct|9725332222063365643	mem_alloc_correct	9725332222063365643	pre-reconstructed	not-attempted	closed before SMT translation	139633542	collect=231583,pre-reconstruct=139401959	
velvet	crush-verify	1	Velvet/Examples/MemAlloc.lean|mem_alloc_correct|400422252958227942	mem_alloc_correct	400422252958227942	pre-reconstructed	not-attempted	closed before SMT translation	18223583	collect=189208,pre-reconstruct=18034375	
velvet	crush-verify	1	Velvet/Examples/MemAlloc.lean|mem_alloc_correct|880346177993498408	mem_alloc_correct	880346177993498408	selected-fact	not-attempted	closed from a selected Lean fact	150541	collect=150541	
velvet	crush-verify	1	Velvet/Examples/MemAlloc.lean|mem_alloc_correct|15369885961681168000	mem_alloc_correct	4370218357807814088	unknown	not-attempted	no reason given	107774582	collect=202083,pre-reconstruct=31395083,normalize=4182833,monomorphize=24000,instantiate=42625,translate=7738000,solve=64189958	
velvet	crush-verify	1	Velvet/Examples/MemAlloc.lean|mem_alloc_correct|633235845480694220	mem_alloc_correct	13644601314536403191	unknown	not-attempted	no reason given	108769665	collect=274416,pre-reconstruct=36891625,normalize=3502708,monomorphize=20250,instantiate=32458,translate=6260333,solve=61787875	
velvet	crush-verify	1	Velvet/Examples/Recursion.lean|simple_recursion_correct|16321134497628070328	simple_recursion_correct	16321134497628070328	verified	not-requested	solver returned unsat; closed under the trust policy	77864374	collect=520958,pre-reconstruct=3327667,normalize=266875,monomorphize=122208,instantiate=227333,translate=4979791,solve=68419542	
velvet	crush-verify	1	Velvet/Examples/Recursion.lean|pickGreater_correct|15399959404188881270	pickGreater_correct	15399959404188881270	pre-reconstructed	not-attempted	closed before SMT translation	147559666	collect=488833,pre-reconstruct=147070833	
velvet	crush-verify	1	Velvet/Examples/Recursion.lean|pickGreater_correct|6729724634728447689	pickGreater_correct	6729724634728447689	verified	not-requested	solver returned unsat; closed under the trust policy	56544002	collect=203458,pre-reconstruct=304250,normalize=1282834,monomorphize=15917,instantiate=39334,translate=1351167,solve=53347042	
velvet	crush-verify	1	Velvet/Examples/Recursion.lean|pickGreaterN_correct|6331840417009367668	pickGreaterN_correct	6331840417009367668	verified	not-requested	solver returned unsat; closed under the trust policy	32085458	collect=678583,pre-reconstruct=117041,normalize=665959,monomorphize=13375,instantiate=36334,translate=1059833,solve=29514333	
velvet	crush-verify	1	Velvet/Examples/Recursion.lean|pickGreaterN_correct|928177310960349346	pickGreaterN_correct	928177310960349346	verified	not-requested	solver returned unsat; closed under the trust policy	56934794	collect=367584,pre-reconstruct=150917,normalize=1134667,monomorphize=13583,instantiate=38167,translate=1755584,solve=53474292	
velvet	crush-verify	1	Velvet/Examples/Recursion.lean|calc_fact_correct|14502607232842720358	calc_fact_correct	14502607232842720358	verified	not-requested	solver returned unsat; closed under the trust policy	69485873	collect=803625,pre-reconstruct=478458,normalize=938333,monomorphize=30250,instantiate=19102416,translate=2322041,solve=45810750	
velvet	crush-verify	1	Velvet/Examples/Recursion.lean|calc_fact_correct|5360899794933563671	calc_fact_correct	5360899794933563671	selected-fact	not-attempted	closed from a selected Lean fact	192209	collect=192209	
velvet	crush-verify	1	Velvet/Examples/Recursion.lean|calc_fact_correct|16083086069592683677	calc_fact_correct	16083086069592683677	verified	not-requested	solver returned unsat; closed under the trust policy	69496501	collect=122792,pre-reconstruct=2503875,normalize=1004209,monomorphize=16500,instantiate=27785375,translate=3274625,solve=34789125	
velvet	crush-verify	1	Velvet/Examples/Recursion.lean|calc_fact_correct|17426933449823366573	calc_fact_correct	17426933449823366573	verified	not-requested	solver returned unsat; closed under the trust policy	90729083	collect=223000,pre-reconstruct=116459,normalize=1075500,monomorphize=17416,instantiate=28348708,translate=3281625,solve=57666375	
velvet	crush-verify	1	Velvet/Examples/Recursion.lean|calc_fact_correct|3040060259141493307	calc_fact_correct	3040060259141493307	selected-fact	not-attempted	closed from a selected Lean fact	190500	collect=190500	
velvet	crush-verify	1	Velvet/Examples/Recursion.lean|calc_fact_correct|8843960039229350233	calc_fact_correct	8843960039229350233	verified	not-requested	solver returned unsat; closed under the trust policy	63533209	collect=98417,pre-reconstruct=91208,normalize=692500,monomorphize=15667,instantiate=26152583,translate=2541375,solve=33941459	
velvet	crush-verify	1	Velvet/Examples/Recursion.lean|calc_fact_correct|414362943496193222	calc_fact_correct	414362943496193222	verified	not-requested	solver returned unsat; closed under the trust policy	61120209	collect=188458,pre-reconstruct=1013750,normalize=815875,monomorphize=15625,instantiate=26401625,translate=2748667,solve=29936209	
velvet	crush-verify	1	Velvet/Examples/Recursion.lean|calc_fact_correct|17682712502848666117	calc_fact_correct	17682712502848666117	verified	not-requested	solver returned unsat; closed under the trust policy	86512625	collect=256292,pre-reconstruct=386875,normalize=1138750,monomorphize=21667,instantiate=30205375,translate=3333750,solve=51169916	
velvet	crush-verify	1	Velvet/Examples/Recursion.lean|SimpleOption_correct|10153057550358142642	SimpleOption_correct	10153057550358142642	verified	not-requested	solver returned unsat; closed under the trust policy	56775626	collect=322791,pre-reconstruct=90292,normalize=868459,monomorphize=14334,instantiate=16897084,translate=1405750,solve=37176916	
velvet	crush-verify	1	Velvet/Examples/Recursion.lean|SimpleOption_correct|1511426402368662420	SimpleOption_correct	1511426402368662420	verified	not-requested	solver returned unsat; closed under the trust policy	86339085	collect=158000,pre-reconstruct=98917,normalize=813750,monomorphize=13875,instantiate=39288917,translate=1770334,solve=44195292	
velvet	crush-verify	1	Velvet/Examples/Recursion.lean|SimpleList_correct|12303175613740643342	SimpleList_correct	12303175613740643342	verified	not-requested	solver returned unsat; closed under the trust policy	86890417	collect=421209,pre-reconstruct=113333,normalize=1020209,monomorphize=15875,instantiate=41844375,translate=4671083,solve=38804333	
velvet	crush-verify	1	Velvet/Examples/Recursion.lean|SimpleList_correct|10153057550358142642	SimpleList_correct	10153057550358142642	verified	not-requested	solver returned unsat; closed under the trust policy	51662167	collect=174791,pre-reconstruct=86917,normalize=854667,monomorphize=14542,instantiate=15049333,translate=2000208,solve=33481709	
velvet	crush-verify	1	Velvet/Examples/Recursion.lean|insertTree_correct|419217539048902517	insertTree_correct	6124558152003517874	verified	not-requested	solver returned unsat; closed under the trust policy	52669874	collect=596666,pre-reconstruct=744750,normalize=1120792,monomorphize=5001500,instantiate=7812875,translate=4137083,solve=33256208	
velvet	crush-verify	1	Velvet/Examples/Recursion.lean|insertTree_correct|14100858011260313832	insertTree_correct	10921538662002129566	verified	not-requested	solver returned unsat; closed under the trust policy	60027126	collect=268291,pre-reconstruct=766625,normalize=1232000,monomorphize=4640209,instantiate=6493625,translate=4098917,solve=42527459	
velvet	crush-verify	1	Velvet/Examples/Recursion.lean|insertTree_correct|5439148242694091386	insertTree_correct	5439148242694091386	verified	not-requested	solver returned unsat; closed under the trust policy	58801167	collect=274042,pre-reconstruct=1160417,normalize=1645875,monomorphize=4372125,instantiate=6440917,translate=4100583,solve=40807208	
velvet	crush-verify	1	Velvet/Examples/Recursion.lean|insertTree_correct|13358020527010658417	insertTree_correct	13358020527010658417	verified	not-requested	solver returned unsat; closed under the trust policy	53147668	collect=266292,pre-reconstruct=548375,normalize=1167833,monomorphize=4093334,instantiate=6425792,translate=3837333,solve=36808709	
velvet	crush-verify	1	Velvet/Examples/Recursion.lean|insertTree_correct|8603391761408256204	insertTree_correct	11864513577345326864	verified	not-requested	solver returned unsat; closed under the trust policy	56150665	collect=434417,pre-reconstruct=823666,normalize=1482583,monomorphize=4916125,instantiate=6832917,translate=4688666,solve=36972291	
velvet	crush-verify	1	Velvet/Examples/Recursion.lean|insertTree_correct|403261720200322615	insertTree_correct	403261720200322615	verified	not-requested	solver returned unsat; closed under the trust policy	57815667	collect=400667,pre-reconstruct=1263125,normalize=1958833,monomorphize=4912959,instantiate=7717375,translate=4446667,solve=37116041	
velvet	crush-verify	1	Velvet/Examples/Recursion.lean|insertTree_correct|13334821868243949956	insertTree_correct	13334821868243949956	verified	not-requested	solver returned unsat; closed under the trust policy	54175875	collect=315834,pre-reconstruct=661458,normalize=1469458,monomorphize=4781583,instantiate=7675917,translate=4496125,solve=34775500	
velvet	crush-verify	1	Velvet/Examples/Recursion.lean|insertTree_correct|10034441991535992553	insertTree_correct	2266607705858558304	verified	not-requested	solver returned unsat; closed under the trust policy	49836000	collect=291084,pre-reconstruct=686709,normalize=1402208,monomorphize=4778417,instantiate=7522666,translate=4419458,solve=30735458	
velvet	crush-verify	1	Velvet/Examples/Recursion.lean|insertTree_correct|8410732340261024813	insertTree_correct	18206415606574627385	verified	not-requested	solver returned unsat; closed under the trust policy	67341167	collect=324375,pre-reconstruct=1749459,normalize=1971334,monomorphize=10105083,instantiate=7080958,translate=6535583,solve=39574375	
velvet	crush-verify	1	Velvet/Examples/Recursion.lean|insertTree_correct|13887296291903300382	insertTree_correct	13887296291903300382	verified	not-requested	solver returned unsat; closed under the trust policy	74461207	collect=366167,pre-reconstruct=1308500,normalize=2015208,monomorphize=10331541,instantiate=7163458,translate=6075250,solve=47201083	
velvet	crush-verify	1	Velvet/Examples/Recursion.lean|insertTree_correct|6517665507579609563	insertTree_correct	6517665507579609563	verified	not-requested	solver returned unsat; closed under the trust policy	63132669	collect=345250,pre-reconstruct=1322209,normalize=1894459,monomorphize=9826375,instantiate=7424834,translate=6109333,solve=36210209	
velvet	crush-verify	1	Velvet/Examples/Recursion.lean|insertTree_correct|4691160922418792609	insertTree_correct	3724966807215875960	verified	not-requested	solver returned unsat; closed under the trust policy	72525917	collect=384292,pre-reconstruct=1979375,normalize=2330958,monomorphize=11822375,instantiate=7407250,translate=7405167,solve=41196500	
velvet	crush-verify	1	Velvet/Examples/Recursion.lean|insertTree_correct|5459752633259142580	insertTree_correct	5459752633259142580	verified	not-requested	solver returned unsat; closed under the trust policy	73302833	collect=361958,pre-reconstruct=1439708,normalize=2207042,monomorphize=10834458,instantiate=7524542,translate=6727125,solve=44208000	
velvet	crush-verify	1	Velvet/Examples/Recursion.lean|insertTree_correct|14235806948139691359	insertTree_correct	14235806948139691359	verified	not-requested	solver returned unsat; closed under the trust policy	71573124	collect=351500,pre-reconstruct=1465750,normalize=2196625,monomorphize=10870458,instantiate=7251791,translate=6668375,solve=42768625	
velvet	crush-verify	1	Velvet/Examples/Recursion.lean|insertTree_correct|7037529583856086989	insertTree_correct	14769059022653274503	verified	not-requested	solver returned unsat; closed under the trust policy	75817583	collect=343625,pre-reconstruct=1987875,normalize=2259542,monomorphize=12690041,instantiate=7497083,translate=7049292,solve=43990125	
velvet	crush-verify	1	Velvet/Examples/Recursion.lean|insertTree_correct|5348143843544294657	insertTree_correct	5348143843544294657	verified	not-requested	solver returned unsat; closed under the trust policy	75579585	collect=359042,pre-reconstruct=1449875,normalize=2194125,monomorphize=10908334,instantiate=7354292,translate=6779500,solve=46534417	
velvet	crush-verify	1	Velvet/Examples/Recursion.lean|insertTree_correct|11865403806314311412	insertTree_correct	11865403806314311412	verified	not-requested	solver returned unsat; closed under the trust policy	66180584	collect=347625,pre-reconstruct=1520209,normalize=2228083,monomorphize=10981625,instantiate=7319417,translate=6892458,solve=36891167	
velvet	crush-verify	1	Velvet/Examples/Recursion.lean|complex_measure_binsearch_correct|4528940613904177901	complex_measure_binsearch_correct	4528940613904177901	unknown	not-attempted	solver exited without a verdict	10072404208	collect=547000,pre-reconstruct=107750,normalize=1162916,monomorphize=15500,instantiate=7833167,translate=2041333,solve=5032641834,translate-fallback=2241250,solve-fallback=5025813458	
velvet	crush-verify	1	Velvet/Examples/Recursion.lean|complex_measure_binsearch_correct|9897963110172432531	complex_measure_binsearch_correct	9897963110172432531	verified	not-requested	solver returned unsat; closed under the trust policy	55708457	collect=612667,pre-reconstruct=112333,normalize=1636625,monomorphize=17916,instantiate=8424125,translate=3029416,solve=41875375	
velvet	crush-verify	1	Velvet/Examples/Recursion.lean|pow2_correct|5804668677648722939	pow2_correct	5804668677648722939	verified	not-requested	solver returned unsat; closed under the trust policy	58487419	collect=603875,pre-reconstruct=1383583,normalize=1296834,monomorphize=16834,instantiate=13632292,translate=2467709,solve=39086292	
velvet	crush-verify	1	Velvet/Examples/Recursion.lean|pow2_correct|5360899794933563671	pow2_correct	5360899794933563671	selected-fact	not-attempted	closed from a selected Lean fact	287125	collect=287125	
velvet	crush-verify	1	Velvet/Examples/Recursion.lean|pow2_correct|2669204144888843361	pow2_correct	2669204144888843361	verified	not-requested	solver returned unsat; closed under the trust policy	59857374	collect=178416,pre-reconstruct=2308792,normalize=1673417,monomorphize=18917,instantiate=14382166,translate=3698166,solve=37597500	
velvet	crush-verify	1	Velvet/Examples/Recursion.lean|pow2_correct|17426933449823366573	pow2_correct	17426933449823366573	verified	not-requested	solver returned unsat; closed under the trust policy	74558458	collect=292375,pre-reconstruct=109333,normalize=1554375,monomorphize=17958,instantiate=12568875,translate=3113167,solve=56902375	
velvet	crush-verify	1	Velvet/Examples/Recursion.lean|pow2_correct|3040060259141493307	pow2_correct	3040060259141493307	selected-fact	not-attempted	closed from a selected Lean fact	271958	collect=271958	
velvet	crush-verify	1	Velvet/Examples/Recursion.lean|pow2_correct|8843960039229350233	pow2_correct	8843960039229350233	verified	not-requested	solver returned unsat; closed under the trust policy	48915998	collect=143875,pre-reconstruct=88959,normalize=1164041,monomorphize=17000,instantiate=10548416,translate=1864541,solve=35089166	
velvet	crush-verify	1	Velvet/Examples/Recursion.lean|pow2_correct|11033618788013063028	pow2_correct	11033618788013063028	selected-fact	not-attempted	closed from a selected Lean fact	263209	collect=263209	
velvet	crush-verify	1	Velvet/Examples/Recursion.lean|pow2_correct|12960500676855313787	pow2_correct	12960500676855313787	verified	not-requested	solver returned unsat; closed under the trust policy	69364540	collect=175708,pre-reconstruct=1508750,normalize=1512583,monomorphize=18333,instantiate=14164000,translate=3545458,solve=48439708	
velvet	crush-verify	1	Velvet/Examples/SmallHeartBeats.lean|LeftmostMaximalDigit_correct|15016508801900672495	LeftmostMaximalDigit_correct	15236574120941310609	unknown	not-attempted	solver exited without a verdict	5055563623	collect=3304291,pre-reconstruct=1636125,normalize=5737000,monomorphize=107875,instantiate=228000,translate=16365791,solve=5028184541	
velvet	crush-verify	1	Velvet/Examples/SmallHeartBeats.lean|LeftmostMaximalDigit_correct|15016508801900672495	LeftmostMaximalDigit_correct	15236574120941310609	unknown	not-attempted	solver exited without a verdict	5054546291	collect=438625,pre-reconstruct=564791,normalize=5764209,monomorphize=26750,instantiate=43833,translate=11157041,solve=5036551042	
velvet	crush-verify	1	Velvet/Examples/SmallHeartBeats.lean|LeftmostMaximalDigit_correct|2028202278093280602	LeftmostMaximalDigit_correct	6121938255858659784	verified	not-requested	solver returned unsat; closed under the trust policy	2783493416	collect=390042,pre-reconstruct=499959,normalize=5077500,monomorphize=20000,instantiate=30833,translate=8280791,solve=2769194291	
velvet	crush-verify	1	Velvet/Examples/SmallHeartBeats.lean|LeftmostMaximalDigit_correct|15016508801900672495	LeftmostMaximalDigit_correct	15236574120941310609	verified	not-requested	solver returned unsat; closed under the trust policy	3146322125	collect=239375,pre-reconstruct=446958,normalize=4692083,monomorphize=19542,instantiate=32166,translate=8311334,solve=3132580667	
velvet	crush-verify	1	Velvet/Examples/SmallHeartBeats.lean|LeftmostMaximalDigit_correct|15016508801900672495	LeftmostMaximalDigit_correct	15236574120941310609	verified	not-requested	solver returned unsat; closed under the trust policy	3106090791	collect=247500,pre-reconstruct=453708,normalize=4954292,monomorphize=21416,instantiate=37125,translate=8891333,solve=3091485417	
velvet	crush-verify	1	Velvet/Examples/SmallHeartBeats.lean|LeftmostMaximalDigit_correct|3737123472131748703	LeftmostMaximalDigit_correct	15236574120941310609	verified	not-requested	solver returned unsat; closed under the trust policy	3601877916	collect=221666,pre-reconstruct=397500,normalize=3895708,monomorphize=19583,instantiate=33667,translate=7687709,solve=3589622083	
velvet	crush-verify	1	Velvet/Examples/SmallHeartBeats.lean|LeftmostMaximalDigit_correct|7513237505621560861	LeftmostMaximalDigit_correct	7513237505621560861	selected-fact	not-attempted	closed from a selected Lean fact	202750	collect=202750	
velvet	crush-verify	1	Velvet/Examples/SmallHeartBeats.lean|LeftmostMaximalDigit_correct|8096766621563827002	LeftmostMaximalDigit_correct	17680906660210225647	verified	not-requested	solver returned unsat; closed under the trust policy	40238708	collect=171208,pre-reconstruct=305833,normalize=2694375,monomorphize=16959,instantiate=33583,translate=4668875,solve=32347875	
velvet	crush-verify	1	Velvet/Examples/SmallHeartBeats.lean|LeftmostMaximalDigit_correct|18343663110535115658	LeftmostMaximalDigit_correct	5956152800418677151	unknown	not-attempted	solver exited without a verdict	5058394127	collect=255292,pre-reconstruct=10857584,normalize=4925875,monomorphize=19709,instantiate=37459,translate=12630083,solve=5029668125	
velvet	crush-verify	1	Velvet/Examples/SmallHeartBeats.lean|LeftmostMaximalDigit_correct|15016508801900672495	LeftmostMaximalDigit_correct	15236574120941310609	unknown	not-attempted	solver exited without a verdict	5055563623	collect=3304291,pre-reconstruct=1636125,normalize=5737000,monomorphize=107875,instantiate=228000,translate=16365791,solve=5028184541	
velvet	crush-verify	1	Velvet/Examples/SmallHeartBeats.lean|LeftmostMaximalDigit_correct|15016508801900672495	LeftmostMaximalDigit_correct	15236574120941310609	unknown	not-attempted	solver exited without a verdict	5054546291	collect=438625,pre-reconstruct=564791,normalize=5764209,monomorphize=26750,instantiate=43833,translate=11157041,solve=5036551042	
velvet	crush-verify	1	Velvet/Examples/SmallHeartBeats.lean|LeftmostMaximalDigit_correct|2028202278093280602	LeftmostMaximalDigit_correct	6121938255858659784	verified	not-requested	solver returned unsat; closed under the trust policy	2783493416	collect=390042,pre-reconstruct=499959,normalize=5077500,monomorphize=20000,instantiate=30833,translate=8280791,solve=2769194291	
velvet	crush-verify	1	Velvet/Examples/SmallHeartBeats.lean|LeftmostMaximalDigit_correct|15016508801900672495	LeftmostMaximalDigit_correct	15236574120941310609	verified	not-requested	solver returned unsat; closed under the trust policy	3146322125	collect=239375,pre-reconstruct=446958,normalize=4692083,monomorphize=19542,instantiate=32166,translate=8311334,solve=3132580667	
velvet	crush-verify	1	Velvet/Examples/SmallHeartBeats.lean|LeftmostMaximalDigit_correct|15016508801900672495	LeftmostMaximalDigit_correct	15236574120941310609	verified	not-requested	solver returned unsat; closed under the trust policy	3106090791	collect=247500,pre-reconstruct=453708,normalize=4954292,monomorphize=21416,instantiate=37125,translate=8891333,solve=3091485417	
velvet	crush-verify	1	Velvet/Examples/SmallHeartBeats.lean|LeftmostMaximalDigit_correct|3737123472131748703	LeftmostMaximalDigit_correct	15236574120941310609	verified	not-requested	solver returned unsat; closed under the trust policy	3601877916	collect=221666,pre-reconstruct=397500,normalize=3895708,monomorphize=19583,instantiate=33667,translate=7687709,solve=3589622083	
velvet	crush-verify	1	Velvet/Examples/SmallHeartBeats.lean|LeftmostMaximalDigit_correct|7513237505621560861	LeftmostMaximalDigit_correct	7513237505621560861	selected-fact	not-attempted	closed from a selected Lean fact	202750	collect=202750	
velvet	crush-verify	1	Velvet/Examples/SmallHeartBeats.lean|LeftmostMaximalDigit_correct|8096766621563827002	LeftmostMaximalDigit_correct	17680906660210225647	verified	not-requested	solver returned unsat; closed under the trust policy	40238708	collect=171208,pre-reconstruct=305833,normalize=2694375,monomorphize=16959,instantiate=33583,translate=4668875,solve=32347875	
velvet	crush-verify	1	Velvet/Examples/SmallHeartBeats.lean|LeftmostMaximalDigit_correct|18343663110535115658	LeftmostMaximalDigit_correct	5956152800418677151	unknown	not-attempted	solver exited without a verdict	5058394127	collect=255292,pre-reconstruct=10857584,normalize=4925875,monomorphize=19709,instantiate=37459,translate=12630083,solve=5029668125	
velvet	crush-verify	1	Velvet/Examples/SpMSpV_Example.lean|VSpV_correct|8738685113314976701	VSpV_correct	8738685113314976701	verified	not-requested	solver returned unsat; closed under the trust policy	110497791	collect=725292,pre-reconstruct=625083,normalize=2139792,monomorphize=15002667,instantiate=8594708,translate=19913916,solve=63496333	
velvet	crush-verify	1	Velvet/Examples/SpMSpV_Example.lean|VSpV_correct|3203096880704497577	VSpV_correct	3203096880704497577	verified	not-requested	solver returned unsat; closed under the trust policy	130850709	collect=250500,pre-reconstruct=8601459,normalize=1912916,monomorphize=18505667,instantiate=28863583,translate=21287209,solve=51429375	
velvet	crush-verify	1	Velvet/Examples/SpMSpV_Example.lean|VSpV_correct|6511268073169614694	VSpV_correct	6511268073169614694	verified	not-requested	solver returned unsat; closed under the trust policy	69046333	collect=287084,pre-reconstruct=801500,normalize=1882041,monomorphize=13698125,instantiate=8201750,translate=12726000,solve=31449833	
velvet	crush-verify	1	Velvet/Examples/SpMSpV_Example.lean|VSpV_correct|975338514235632457	VSpV_correct	975338514235632457	verified	not-requested	solver returned unsat; closed under the trust policy	51271790	collect=227708,pre-reconstruct=115291,normalize=184166,monomorphize=10745042,instantiate=1492625,translate=8266500,solve=30240458	
velvet	crush-verify	1	Velvet/Examples/SpMSpV_Example.lean|VSpV_correct|12341185047943028706	VSpV_correct	12341185047943028706	verified	not-requested	solver returned unsat; closed under the trust policy	76055373	collect=236000,pre-reconstruct=2510291,normalize=215916,monomorphize=12479750,instantiate=10992958,translate=11431667,solve=38188791	
velvet	crush-verify	1	Velvet/Examples/SpMSpV_Example.lean|spmv_correct|10035930273513517515	spmv_correct	16911588290658345398	verified	not-requested	solver returned unsat; closed under the trust policy	139347334	collect=319375,pre-reconstruct=10907791,normalize=413542,monomorphize=26652459,instantiate=22573334,translate=24491250,solve=53989583	
velvet	crush-verify	1	Velvet/Examples/SpMSpV_Example.lean|spmv_correct|4828757563640441921	spmv_correct	17150622328021244237	verified	not-requested	solver returned unsat; closed under the trust policy	270297917	collect=305167,pre-reconstruct=22153375,normalize=622875,monomorphize=48075042,instantiate=56082000,translate=58120875,solve=84938583	
velvet	crush-verify	1	Velvet/Examples/SpMSpV_Example.lean|spmv_correct|9723121325275610683	spmv_correct	5118812006968681161	verified	not-requested	solver returned unsat; closed under the trust policy	87664083	collect=291667,pre-reconstruct=569416,normalize=351208,monomorphize=22887916,instantiate=3832084,translate=17894750,solve=41837042	
velvet	crush-verify	1	Velvet/Examples/SpMSpV_Example.lean|spmv_correct|17138153512408342530	spmv_correct	10058067986739430896	verified	not-requested	solver returned unsat; closed under the trust policy	111048418	collect=342208,pre-reconstruct=4159667,normalize=362917,monomorphize=26659459,instantiate=12923667,translate=24858167,solve=41742333	
velvet	crush-verify	1	Velvet/Examples/SpMSpV_Example.lean|spmv_correct|1779879977175361606	spmv_correct	9652275006870831740	verified	not-requested	solver returned unsat; closed under the trust policy	98249750	collect=358125,pre-reconstruct=3879666,normalize=371125,monomorphize=25416125,instantiate=4748542,translate=20065709,solve=43410458	
velvet	crush-verify	1	Velvet/Examples/SpMSpV_Example.lean|spmv_correct|3184815126966959579	spmv_correct	4431820435980120265	verified	not-requested	solver returned unsat; closed under the trust policy	75983625	collect=225667,pre-reconstruct=119209,normalize=221875,monomorphize=17543458,instantiate=2966333,translate=13624500,solve=41282583	
velvet	crush-verify	1	Velvet/Examples/SpMSpV_Example.lean|spmv_correct|1119395027554635835	spmv_correct	13937701322092251966	verified	not-requested	solver returned unsat; closed under the trust policy	113195542	collect=251792,pre-reconstruct=3509167,normalize=250125,monomorphize=22324917,instantiate=13419666,translate=23919209,solve=49520666	
velvet	crush-verify	1	Velvet/Examples/SpMSpV_Example.lean|spmv_correct|2867453267844152322	spmv_correct	4156424914757912501	verified	not-requested	solver returned unsat; closed under the trust policy	139109833	collect=263334,pre-reconstruct=6166875,normalize=383416,monomorphize=33670542,instantiate=12653375,translate=27372416,solve=58599875	
velvet	crush-verify	1	Velvet/Examples/SpMSpV_Example.lean|SpVSpV_correct|12365816836206760017	SpVSpV_correct	12365816836206760017	verified	not-requested	solver returned unsat; closed under the trust policy	171832750	collect=363500,pre-reconstruct=3197625,normalize=5505125,monomorphize=40441959,instantiate=46086875,translate=34055208,solve=42182458	
velvet	crush-verify	1	Velvet/Examples/SpMSpV_Example.lean|SpVSpV_correct|14837198768818932204	SpVSpV_correct	16126165560622542066	verified	not-requested	solver returned unsat; closed under the trust policy	285091709	collect=458916,pre-reconstruct=9037917,normalize=6090584,monomorphize=46367375,instantiate=119318708,translate=56109667,solve=47708542	
velvet	crush-verify	1	Velvet/Examples/SpMSpV_Example.lean|SpVSpV_correct|15323100967004739210	SpVSpV_correct	15323100967004739210	verified	not-requested	solver returned unsat; closed under the trust policy	173363669	collect=492750,pre-reconstruct=2321125,normalize=6187334,monomorphize=38960334,instantiate=46934709,translate=35371459,solve=43095958	
velvet	crush-verify	1	Velvet/Examples/SpMSpV_Example.lean|SpVSpV_correct|10656169208955874266	SpVSpV_correct	10656169208955874266	verified	not-requested	solver returned unsat; closed under the trust policy	220841165	collect=442750,pre-reconstruct=4728458,normalize=5445834,monomorphize=41141833,instantiate=75741166,translate=45504791,solve=47836333	
velvet	crush-verify	1	Velvet/Examples/SpMSpV_Example.lean|SpVSpV_correct|9762937465648280212	SpVSpV_correct	9762937465648280212	verified	not-requested	solver returned unsat; closed under the trust policy	177497709	collect=506417,pre-reconstruct=2459792,normalize=5340292,monomorphize=39940375,instantiate=50283500,translate=33871916,solve=45095417	
velvet	crush-verify	1	Velvet/Examples/SpMSpV_Example.lean|SpVSpV_correct|2195194365498566470	SpVSpV_correct	2195194365498566470	verified	not-requested	solver returned unsat; closed under the trust policy	214411043	collect=449375,pre-reconstruct=4614375,normalize=5655417,monomorphize=38537334,instantiate=74585125,translate=43512584,solve=47056833	
velvet	crush-verify	1	Velvet/Examples/SpMSpV_Example.lean|SpVSpV_correct|11853401597336712609	SpVSpV_correct	11853401597336712609	verified	not-requested	solver returned unsat; closed under the trust policy	157791666	collect=397125,pre-reconstruct=1171583,normalize=5009709,monomorphize=33715125,instantiate=47199791,translate=31646875,solve=38651458	
velvet	crush-verify	1	Velvet/Examples/SpMSpV_Example.lean|SpVSpV_correct|2836632441074815746	SpVSpV_correct	2836632441074815746	verified	not-requested	solver returned unsat; closed under the trust policy	168044166	collect=454458,pre-reconstruct=836875,normalize=5149625,monomorphize=36085000,instantiate=45810083,translate=33191000,solve=46517125	
velvet	crush-verify	1	Velvet/Examples/SpMSpV_Example.lean|SpVSpV_correct|9157999431728333977	SpVSpV_correct	9157999431728333977	verified	not-requested	solver returned unsat; closed under the trust policy	103510584	collect=413292,pre-reconstruct=1257417,normalize=4305458,monomorphize=29375750,instantiate=5910417,translate=18146084,solve=44102166	
velvet	crush-verify	1	Velvet/Examples/SpMSpV_Example.lean|SpVSpV_correct|12484676100150332319	SpVSpV_correct	12484676100150332319	verified	not-requested	solver returned unsat; closed under the trust policy	186900374	collect=416875,pre-reconstruct=3191875,normalize=4507125,monomorphize=30232583,instantiate=68146500,translate=27249208,solve=53156208	
velvet	crush-verify	1	Velvet/Examples/SpMSpV_Example.lean|SpVSpV_correct|6547543738413559297	SpVSpV_correct	6547543738413559297	verified	not-requested	solver returned unsat; closed under the trust policy	179228915	collect=396167,pre-reconstruct=2488625,normalize=4818416,monomorphize=39849958,instantiate=48073041,translate=35230083,solve=48372625	
velvet	crush-verify	1	Velvet/Examples/SpMSpV_Example.lean|SpMSpV_correct|16599719904663808863	SpMSpV_correct	6207658206744569200	verified	not-requested	solver returned unsat; closed under the trust policy	197914377	collect=424792,pre-reconstruct=17540209,normalize=5346459,monomorphize=57409875,instantiate=22421875,translate=36087917,solve=58683250	
velvet	crush-verify	1	Velvet/Examples/SpMSpV_Example.lean|SpMSpV_correct|9413868035314052637	SpMSpV_correct	954402073916344576	verified	not-requested	solver returned unsat; closed under the trust policy	196240167	collect=480917,pre-reconstruct=17793708,normalize=5319667,monomorphize=57480208,instantiate=21309750,translate=35568042,solve=58287875	
velvet	crush-verify	1	Velvet/Examples/SpMSpV_Example.lean|SpMSpV_correct|11331147013392176036	SpMSpV_correct	1456818390559341560	verified	not-requested	solver returned unsat; closed under the trust policy	535637875	collect=475875,pre-reconstruct=43419250,normalize=6783959,monomorphize=72057291,instantiate=154955167,translate=151156833,solve=106789500	
velvet	crush-verify	1	Velvet/Examples/SpMSpV_Example.lean|SpMSpV_correct|16599719904663808863	SpMSpV_correct	6207658206744569200	verified	not-requested	solver returned unsat; closed under the trust policy	205874916	collect=496125,pre-reconstruct=18115083,normalize=5591875,monomorphize=62433875,instantiate=22420875,translate=38053958,solve=58763125	
velvet	crush-verify	1	Velvet/Examples/SpMSpV_Example.lean|SpMSpV_correct|14915918579342464454	SpMSpV_correct	14801354580617985578	verified	not-requested	solver returned unsat; closed under the trust policy	175482000	collect=550375,pre-reconstruct=2627708,normalize=5616834,monomorphize=58358000,instantiate=17780625,translate=37079083,solve=53469375	
velvet	crush-verify	1	Velvet/Examples/SpMSpV_Example.lean|SpMSpV_correct|9290686424640906065	SpMSpV_correct	4686021491981357338	verified	not-requested	solver returned unsat; closed under the trust policy	563989250	collect=499875,pre-reconstruct=21854375,normalize=6706792,monomorphize=67192250,instantiate=105319708,translate=91412875,solve=271003375	
velvet	crush-verify	1	Velvet/Examples/SpMSpV_Example.lean|SpMSpV_correct|4823872097887552574	SpMSpV_correct	14465487365256530385	verified	not-requested	solver returned unsat; closed under the trust policy	172540416	collect=509333,pre-reconstruct=2447250,normalize=5629500,monomorphize=58037083,instantiate=14864458,translate=35350375,solve=55702417	
velvet	crush-verify	1	Velvet/Examples/SpMSpV_Example.lean|SpMSpV_correct|9413868035314052637	SpMSpV_correct	954402073916344576	verified	not-requested	solver returned unsat; closed under the trust policy	200763375	collect=531875,pre-reconstruct=18026625,normalize=5937541,monomorphize=60453125,instantiate=21850042,translate=38471667,solve=55492500	
velvet	crush-verify	1	Velvet/Examples/SpMSpV_Example.lean|SpMSpV_correct|4033875047981720732	SpMSpV_correct	6105912413912116647	verified	not-requested	solver returned unsat; closed under the trust policy	621621001	collect=502042,pre-reconstruct=20946250,normalize=6427542,monomorphize=67217417,instantiate=97475292,translate=87177625,solve=341874833	
velvet	crush-verify	1	Velvet/Examples/SpMSpV_Example.lean|SpMSpV_correct|4823872097887552574	SpMSpV_correct	14465487365256530385	verified	not-requested	solver returned unsat; closed under the trust policy	141525625	collect=422625,pre-reconstruct=2279833,normalize=4650958,monomorphize=48106167,instantiate=9396459,translate=27828125,solve=48841458	
velvet	crush-verify	1	Velvet/Examples/SpMSpV_Example.lean|SpMSpV_correct|14915918579342464454	SpMSpV_correct	14801354580617985578	verified	not-requested	solver returned unsat; closed under the trust policy	138763166	collect=434125,pre-reconstruct=2318375,normalize=4626750,monomorphize=47281208,instantiate=8148708,translate=27419125,solve=48534875	
velvet	crush-verify	1	Velvet/Examples/SpMSpV_Example.lean|SpMSpV_correct|10972595422634862877	SpMSpV_correct	282711820722505660	verified	not-requested	solver returned unsat; closed under the trust policy	248788083	collect=453541,pre-reconstruct=7965958,normalize=5916583,monomorphize=51839458,instantiate=62853834,translate=67193584,solve=52565125	
velvet	crush-verify	1	Velvet/Examples/SpMSpV_Example.lean|SpMSpV_correct|8550776788309984180	SpMSpV_correct	11199427504012316075	verified	not-requested	solver returned unsat; closed under the trust policy	187865709	collect=444250,pre-reconstruct=3754958,normalize=4893459,monomorphize=51869833,instantiate=30079667,translate=39678833,solve=57144709	
velvet	crush-verify	1	Velvet/Examples/SpMSpV_Example.lean|SpMSpV_correct|3184815126966959579	SpMSpV_correct	4431820435980120265	verified	not-requested	solver returned unsat; closed under the trust policy	121824625	collect=405750,pre-reconstruct=120959,normalize=4042792,monomorphize=37156500,instantiate=6476416,translate=21343666,solve=52278542	
velvet	crush-verify	1	Velvet/Examples/SpMSpV_Example.lean|SpMSpV_correct|5592904318722155373	SpMSpV_correct	14215810846060684506	verified	not-requested	solver returned unsat; closed under the trust policy	118936501	collect=450834,pre-reconstruct=115958,normalize=3991666,monomorphize=34942084,instantiate=6194167,translate=20624000,solve=52617792	
velvet	crush-verify	1	Velvet/Examples/SpMSpV_Example.lean|SpMSpV_correct|9139246173028146264	SpMSpV_correct	17952347404366761422	verified	not-requested	solver returned unsat; closed under the trust policy	249672499	collect=377125,pre-reconstruct=5454750,normalize=4929041,monomorphize=40575625,instantiate=65113834,translate=77079083,solve=56143041	
velvet	crush-verify	1	Velvet/Examples/SpMSpV_Example.lean|SpMSpV_correct|1600226093076966364	SpMSpV_correct	16517394122866365312	verified	not-requested	solver returned unsat; closed under the trust policy	283829708	collect=447500,pre-reconstruct=4854375,normalize=5150084,monomorphize=62257750,instantiate=16260458,translate=35296250,solve=159563291	
velvet	crush-verify	1	Velvet/Examples/SubstringSearch.lean|SubstringSearch_correct|18217664312208415458	SubstringSearch_correct	174702952739697047	verified	not-requested	solver returned unsat; closed under the trust policy	49174000	collect=532875,pre-reconstruct=4947917,normalize=339500,monomorphize=109250,instantiate=213666,translate=8789917,solve=34240875	
velvet	crush-verify	1	Velvet/Examples/SubstringSearch.lean|SubstringSearch_correct|14717207787831772510	SubstringSearch_correct	16168922198445788	verified	not-requested	solver returned unsat; closed under the trust policy	43127208	collect=178708,pre-reconstruct=4443083,normalize=1607166,monomorphize=15084,instantiate=34625,translate=4428625,solve=32419917	
velvet	crush-verify	1	Velvet/Examples/SubstringSearch.lean|SubstringSearch_correct|10323933724704776680	SubstringSearch_correct	12116471866077996373	verified	not-requested	solver returned unsat; closed under the trust policy	54471959	collect=137625,pre-reconstruct=1872042,normalize=104000,monomorphize=16333,instantiate=35500,translate=2886167,solve=49420292	
velvet	crush-verify	1	Velvet/Examples/SubstringSearch.lean|SubstringSearch_correct|8391554914672281118	SubstringSearch_correct	4974301628068507188	selected-fact	not-attempted	closed from a selected Lean fact	116125	collect=116125	
velvet	crush-verify	1	Velvet/Examples/SubstringSearch.lean|SubstringSearch_correct|6640297411548399355	SubstringSearch_correct	6640297411548399355	verified	not-requested	solver returned unsat; closed under the trust policy	42409208	collect=69334,pre-reconstruct=104250,normalize=46750,monomorphize=12916,instantiate=37000,translate=1401375,solve=40737583	
velvet	crush-verify	1	Velvet/Examples/SubstringSearch.lean|SubstringSearch_correct|4492008039209323302	SubstringSearch_correct	4492008039209323302	verified	not-requested	solver returned unsat; closed under the trust policy	74298333	collect=832250,pre-reconstruct=887417,normalize=3034042,monomorphize=39125,instantiate=41375,translate=10608333,solve=58855791	
velvet	crush-verify	1	Velvet/Examples/SubstringSearch.lean|SubstringSearch_correct|16506446102682745284	SubstringSearch_correct	16506446102682745284	verified	not-requested	solver returned unsat; closed under the trust policy	64846083	collect=346792,pre-reconstruct=583500,normalize=2814250,monomorphize=36500,instantiate=36708,translate=10198458,solve=50829875	
velvet	crush-verify	1	Velvet/Examples/SubstringSearch.lean|SubstringSearch_correct|4056255141881592010	SubstringSearch_correct	4056255141881592010	selected-fact	not-attempted	closed from a selected Lean fact	303500	collect=303500	
velvet	crush-verify	1	Velvet/Examples/SubstringSearch.lean|SubstringSearch_correct|10653939026877543916	SubstringSearch_correct	10653939026877543916	verified	not-requested	solver returned unsat; closed under the trust policy	74581332	collect=313834,pre-reconstruct=597708,normalize=2867375,monomorphize=39666,instantiate=40500,translate=10191833,solve=60530416	
velvet	crush-verify	1	Velvet/Examples/SubstringSearch.lean|SubstringSearch_correct|18143633401136980304	SubstringSearch_correct	18143633401136980304	verified	not-requested	solver returned unsat; closed under the trust policy	73565125	collect=327500,pre-reconstruct=921667,normalize=4041666,monomorphize=55583,instantiate=51292,translate=17088750,solve=51078667	
velvet	crush-verify	1	Velvet/Examples/SubstringSearch.lean|SubstringSearch_correct|16856248441874989194	SubstringSearch_correct	16856248441874989194	verified	not-requested	solver returned unsat; closed under the trust policy	47884749	collect=410791,pre-reconstruct=777750,normalize=3232917,monomorphize=49167,instantiate=44958,translate=12552250,solve=30816916	
velvet	crush-verify	1	Velvet/Examples/SubstringSearch.lean|SubstringSearch_correct|1598574868652780333	SubstringSearch_correct	2623082850227027838	verified	not-requested	solver returned unsat; closed under the trust policy	55921084	collect=360709,pre-reconstruct=2608833,normalize=3359500,monomorphize=41417,instantiate=42500,translate=11933792,solve=37574333	
velvet	crush-verify	1	Velvet/Examples/SubstringSearch.lean|SubstringSearch_correct|6083540873046640352	SubstringSearch_correct	14001892521180047693	verified	not-requested	solver returned unsat; closed under the trust policy	67568834	collect=370875,pre-reconstruct=7583625,normalize=4280792,monomorphize=43208,instantiate=38417,translate=13493250,solve=41758667	
velvet	crush-verify	1	Velvet/Examples/SubstringSearch.lean|SubstringSearch_correct|18314524564682266162	SubstringSearch_correct	174702952739697047	verified	not-requested	solver returned unsat; closed under the trust policy	65106790	collect=341625,pre-reconstruct=4117417,normalize=3388458,monomorphize=45625,instantiate=42291,translate=13694041,solve=43477333	
velvet	crush-verify	1	Velvet/Examples/SubstringSearch.lean|SubstringSearch_correct|14859665284842375974	SubstringSearch_correct	14695100313578779437	verified	not-requested	solver returned unsat; closed under the trust policy	68521958	collect=292750,pre-reconstruct=5972791,normalize=2941667,monomorphize=39417,instantiate=39250,translate=12150958,solve=47085125	
velvet	crush-verify	1	Velvet/Examples/SubstringSearch.lean|SubstringSearch_correct|16859604855349517182	SubstringSearch_correct	5978146869369588613	verified	not-requested	solver returned unsat; closed under the trust policy	4927461248	collect=351708,pre-reconstruct=5522416,normalize=3932958,monomorphize=49000,instantiate=46250,translate=13482666,solve=4904076250	
velvet	crush-verify	1	Velvet/Examples/SubstringSearch.lean|SubstringSearch_correct|12762377925475098934	SubstringSearch_correct	12762377925475098934	verified	not-requested	solver returned unsat; closed under the trust policy	72193291	collect=271875,pre-reconstruct=580750,normalize=2507666,monomorphize=31666,instantiate=33709,translate=9701625,solve=59066000	
velvet	crush-verify	1	Velvet/Examples/SubstringSearch.lean|SubstringSearch_correct|4492008039209323302	SubstringSearch_correct	4492008039209323302	verified	not-requested	solver returned unsat; closed under the trust policy	70541626	collect=290583,pre-reconstruct=559417,normalize=2504583,monomorphize=31917,instantiate=31250,translate=9149709,solve=57974167	
velvet	crush-verify	1	Velvet/Examples/SubstringSearch.lean|SubstringSearch_correct|16506446102682745284	SubstringSearch_correct	16506446102682745284	verified	not-requested	solver returned unsat; closed under the trust policy	52486461	collect=273917,pre-reconstruct=573709,normalize=2440500,monomorphize=37209,instantiate=35292,translate=9086875,solve=40038959	
velvet	crush-verify	1	Velvet/Examples/SubstringSearch.lean|SubstringSearch_correct|4056255141881592010	SubstringSearch_correct	4056255141881592010	selected-fact	not-attempted	closed from a selected Lean fact	262375	collect=262375	
velvet	crush-verify	1	Velvet/Examples/SubstringSearch.lean|SubstringSearch_correct|18214680451177329292	SubstringSearch_correct	18214680451177329292	verified	not-requested	solver returned unsat; closed under the trust policy	75763251	collect=250250,pre-reconstruct=734375,normalize=2895125,monomorphize=38000,instantiate=36583,translate=9376084,solve=62432834	
velvet	crush-verify	1	Velvet/Examples/SubstringSearch.lean|SubstringSearch_correct|4587180649363296126	SubstringSearch_correct	4587180649363296126	verified	not-requested	solver returned unsat; closed under the trust policy	65379500	collect=335708,pre-reconstruct=640208,normalize=2689125,monomorphize=37375,instantiate=41625,translate=10086250,solve=51549209	
velvet	crush-verify	1	Velvet/Examples/SubstringSearch.lean|SubstringSearch_correct|1598574868652780333	SubstringSearch_correct	2623082850227027838	verified	not-requested	solver returned unsat; closed under the trust policy	86539793	collect=344334,pre-reconstruct=2140042,normalize=2893166,monomorphize=39959,instantiate=35792,translate=10620167,solve=70466333	
velvet	crush-verify	1	Velvet/Examples/SubstringSearch.lean|SubstringSearch_correct|7138545743425854663	SubstringSearch_correct	5155269417983951744	verified	not-requested	solver returned unsat; closed under the trust policy	83283250	collect=297042,pre-reconstruct=4609875,normalize=3184500,monomorphize=37125,instantiate=40416,translate=11034167,solve=64080125	
velvet	crush-verify	1	Velvet/Examples/SubstringSearch.lean|SubstringSearch_correct|4681422515724674825	SubstringSearch_correct	174702952739697047	verified	not-requested	solver returned unsat; closed under the trust policy	55114834	collect=347875,pre-reconstruct=3176583,normalize=2907625,monomorphize=36334,instantiate=34875,translate=10644625,solve=37966917	
velvet	crush-verify	1	Velvet/Examples/SubstringSearch.lean|SubstringSearch_correct|14859665284842375974	SubstringSearch_correct	14695100313578779437	verified	not-requested	solver returned unsat; closed under the trust policy	63603789	collect=281166,pre-reconstruct=5771125,normalize=2939666,monomorphize=35541,instantiate=34041,translate=10028167,solve=44514083	
velvet	crush-verify	1	Velvet/Examples/SubstringSearch.lean|SubstringSearch_correct|15621397202025328223	SubstringSearch_correct	16429357329401941578	verified	not-requested	solver returned unsat; closed under the trust policy	3497158668	collect=297459,pre-reconstruct=3622500,normalize=2967167,monomorphize=35208,instantiate=34500,translate=10664042,solve=3479537792	
velvet	crush-verify	1	Velvet/Examples/SubstringSearch.lean|SubstringSearch_correct|12762377925475098934	SubstringSearch_correct	12762377925475098934	verified	not-requested	solver returned unsat; closed under the trust policy	68882876	collect=318584,pre-reconstruct=641250,normalize=2698500,monomorphize=34542,instantiate=34334,translate=10002333,solve=55153333	
velvet	crush-verify	1	Velvet/Examples/SubstringSearch.lean|SubstringSearch_correct|6640297411548399355	SubstringSearch_correct	6640297411548399355	verified	not-requested	solver returned unsat; closed under the trust policy	62803001	collect=261584,pre-reconstruct=522166,normalize=2331917,monomorphize=31708,instantiate=31709,translate=9007209,solve=50616708	
velvet	crush-verify	1	Velvet/Examples/SubstringSearch.lean|SubstringSearch_correct|12035722151280848636	SubstringSearch_correct	12035722151280848636	verified	not-requested	solver returned unsat; closed under the trust policy	77585375	collect=278833,pre-reconstruct=548166,normalize=2403792,monomorphize=33333,instantiate=37667,translate=9119875,solve=65163709	
velvet	crush-verify	1	Velvet/Examples/SubstringSearch.lean|SubstringSearch_correct|4056255141881592010	SubstringSearch_correct	4056255141881592010	selected-fact	not-attempted	closed from a selected Lean fact	271041	collect=271041	
velvet	crush-verify	1	Velvet/Examples/SubstringSearch.lean|SubstringSearch_correct|11007454110672083430	SubstringSearch_correct	11007454110672083430	verified	not-requested	solver returned unsat; closed under the trust policy	62526668	collect=277875,pre-reconstruct=584125,normalize=2578917,monomorphize=34917,instantiate=35292,translate=10361167,solve=48654375	
velvet	crush-verify	1	Velvet/Examples/SubstringSearch.lean|SubstringSearch_correct|4587180649363296126	SubstringSearch_correct	4587180649363296126	verified	not-requested	solver returned unsat; closed under the trust policy	70555708	collect=281583,pre-reconstruct=600833,normalize=2827667,monomorphize=44167,instantiate=42500,translate=10508958,solve=56250000	
velvet	crush-verify	1	Velvet/Examples/SubstringSearch.lean|SubstringSearch_correct|4995387128902807839	SubstringSearch_correct	2623082850227027838	verified	not-requested	solver returned unsat; closed under the trust policy	51948042	collect=308875,pre-reconstruct=2046167,normalize=2707500,monomorphize=34417,instantiate=35708,translate=10073792,solve=36741583	
velvet	crush-verify	1	Velvet/Examples/SubstringSearch.lean|SubstringSearch_correct|7138545743425854663	SubstringSearch_correct	5155269417983951744	verified	not-requested	solver returned unsat; closed under the trust policy	63405166	collect=284125,pre-reconstruct=4448667,normalize=2928458,monomorphize=34208,instantiate=34250,translate=10586875,solve=45088583	
velvet	crush-verify	1	Velvet/Examples/SubstringSearch.lean|SubstringSearch_correct|4681422515724674825	SubstringSearch_correct	174702952739697047	verified	not-requested	solver returned unsat; closed under the trust policy	72338416	collect=274666,pre-reconstruct=3007083,normalize=2692375,monomorphize=34625,instantiate=33000,translate=9535667,solve=56761000	
velvet	crush-verify	1	Velvet/Examples/SubstringSearch.lean|SubstringSearch_correct|9257442500105266102	SubstringSearch_correct	11774711000685261052	selected-fact	not-attempted	closed from a selected Lean fact	316333	collect=316333	
velvet	crush-verify	1	Velvet/Examples/SubstringSearch.lean|SubstringSearch_correct|15621397202025328223	SubstringSearch_correct	16429357329401941578	verified	not-requested	solver returned unsat; closed under the trust policy	2085294376	collect=301125,pre-reconstruct=4040917,normalize=3211917,monomorphize=45791,instantiate=41459,translate=11451625,solve=2066201542	
velvet	crush-verify	1	Velvet/Examples/SubstringSearch.lean|SubstringSearch_correct|12762377925475098934	SubstringSearch_correct	12762377925475098934	verified	not-requested	solver returned unsat; closed under the trust policy	71308375	collect=269459,pre-reconstruct=615916,normalize=2492667,monomorphize=32000,instantiate=32708,translate=9461125,solve=58404500	
velvet	crush-verify	1	Velvet/Examples/SubstringSearch.lean|SubstringSearch_correct|7110337632391962636	SubstringSearch_correct	2623082850227027838	verified	not-requested	solver returned unsat; closed under the trust policy	75570292	collect=272416,pre-reconstruct=2033375,normalize=2622375,monomorphize=34750,instantiate=33292,translate=9156375,solve=61417709	
velvet	crush-verify	1	Velvet/Examples/SubstringSearch.lean|SubstringSearch_correct|7138545743425854663	SubstringSearch_correct	5155269417983951744	verified	not-requested	solver returned unsat; closed under the trust policy	56324875	collect=283542,pre-reconstruct=4269917,normalize=2857833,monomorphize=34250,instantiate=34375,translate=9716042,solve=39128916	
velvet	crush-verify	1	Velvet/Examples/SubstringSearch.lean|SubstringSearch_correct|12240785285064077065	SubstringSearch_correct	174702952739697047	verified	not-requested	solver returned unsat; closed under the trust policy	80080291	collect=274666,pre-reconstruct=2955417,normalize=2554875,monomorphize=33708,instantiate=32833,translate=8976667,solve=65252125	
velvet	crush-verify	1	Velvet/Examples/SubstringSearch.lean|SubstringSearch_correct|8901178409804151575	SubstringSearch_correct	6856589615962544519	verified	not-requested	solver returned unsat; closed under the trust policy	48432499	collect=276917,pre-reconstruct=3085375,normalize=2589791,monomorphize=34333,instantiate=33333,translate=9281458,solve=33131292	
velvet	crush-verify	1	Velvet/Examples/SubstringSearch.lean|SubstringSearch_correct|8890844706151052704	SubstringSearch_correct	16429357329401941578	verified	not-requested	solver returned unsat; closed under the trust policy	943399250	collect=271083,pre-reconstruct=3603500,normalize=2859000,monomorphize=34500,instantiate=32208,translate=9983584,solve=926615375	
velvet	crush-verify	1	Velvet/Examples/SubstringSearch.lean|SubstringSearch_correct|8801584380004644131	SubstringSearch_correct	8801584380004644131	selected-fact	not-attempted	closed from a selected Lean fact	251709	collect=251709	
velvet	crush-verify	1	Velvet/Examples/SubstringSearch.lean|SubstringSearch_correct|6640297411548399355	SubstringSearch_correct	6640297411548399355	verified	not-requested	solver returned unsat; closed under the trust policy	33623959	collect=58917,pre-reconstruct=83625,normalize=43667,monomorphize=10583,instantiate=27708,translate=1316875,solve=32082584	
velvet	crush-verify	1	Velvet/Examples/SubstringSearch.lean|SubstringSearch_correct|6640297411548399355	SubstringSearch_correct	6640297411548399355	verified	not-requested	solver returned unsat; closed under the trust policy	45601333	collect=104000,pre-reconstruct=90416,normalize=44375,monomorphize=11667,instantiate=27375,translate=1329917,solve=43993583	
velvet	crush-verify	1	Velvet/Examples/SubstringSearch.lean|SubstringSearch_correct|17707774690084689736	SubstringSearch_correct	17707774690084689736	verified	not-requested	solver returned unsat; closed under the trust policy	48211957	collect=101250,pre-reconstruct=94416,normalize=42250,monomorphize=11250,instantiate=27083,translate=1530125,solve=46405583	
velvet	crush-verify	1	Velvet/Examples/SubstringSearch.lean|SubstringSearch_correct|6640297411548399355	SubstringSearch_correct	6640297411548399355	verified	not-requested	solver returned unsat; closed under the trust policy	28850043	collect=99542,pre-reconstruct=84417,normalize=47167,monomorphize=11500,instantiate=26125,translate=1267167,solve=27314125	
velvet	crush-verify	1	Velvet/Examples/SubstringSearch.lean|SubstringSearch_correct|4974301628068507188	SubstringSearch_correct	4974301628068507188	verified	not-requested	solver returned unsat; closed under the trust policy	47721957	collect=105542,pre-reconstruct=101542,normalize=43750,monomorphize=11625,instantiate=27416,translate=1645791,solve=45786291	
velvet	crush-verify	1	Velvet/Examples/SubstringSearch.lean|SubstringSearch_correct|6640297411548399355	SubstringSearch_correct	6640297411548399355	verified	not-requested	solver returned unsat; closed under the trust policy	33453333	collect=113500,pre-reconstruct=98000,normalize=46500,monomorphize=13250,instantiate=32167,translate=1339875,solve=31810041	
velvet	crush-verify	1	Velvet/Examples/SubstringSearch.lean|SubstringSearch_correct|6640297411548399355	SubstringSearch_correct	6640297411548399355	verified	not-requested	solver returned unsat; closed under the trust policy	48649834	collect=100958,pre-reconstruct=89208,normalize=44917,monomorphize=11667,instantiate=28625,translate=1300875,solve=47073584	
velvet	crush-verify	1	Velvet/Examples/SubstringSearch.lean|SubstringSearch_correct|577474350103851300	SubstringSearch_correct	2623082850227027838	verified	not-requested	solver returned unsat; closed under the trust policy	39312336	collect=141000,pre-reconstruct=1520917,normalize=81334,monomorphize=14209,instantiate=32209,translate=2613917,solve=34908750	
velvet	crush-verify	1	Velvet/Examples/SubstringSearch.lean|SubstringSearch_correct|12819951545662893426	SubstringSearch_correct	13993715444541763638	verified	not-requested	solver returned unsat; closed under the trust policy	54058124	collect=181875,pre-reconstruct=2537666,normalize=1018458,monomorphize=12500,instantiate=30542,translate=3250167,solve=47026916	
velvet	crush-verify	1	Velvet/Examples/SubstringSearch.lean|SubstringSearch_correct|16471188947338966842	SubstringSearch_correct	174702952739697047	verified	not-requested	solver returned unsat; closed under the trust policy	33387002	collect=141667,pre-reconstruct=1395917,normalize=69542,monomorphize=12375,instantiate=44875,translate=2254292,solve=29468334	
velvet	crush-verify	1	Velvet/Examples/SubstringSearch.lean|SubstringSearch_correct|9975741777879173881	SubstringSearch_correct	11118364135432655742	verified	not-requested	solver returned unsat; closed under the trust policy	33860540	collect=123041,pre-reconstruct=1936875,normalize=111541,monomorphize=13291,instantiate=33833,translate=2930834,solve=28711125	
velvet	crush-verify	1	Velvet/Examples/SubstringSearch.lean|SubstringSearch_correct|88332911118243609	SubstringSearch_correct	8191945800170699187	verified	not-requested	solver returned unsat; closed under the trust policy	59582999	collect=147416,pre-reconstruct=2563333,normalize=157584,monomorphize=14458,instantiate=31625,translate=3807958,solve=52860625	
velvet	crush-verify	1	Velvet/Examples/SubstringSearch.lean|SubstringSearch_correct|4316548289593557355	SubstringSearch_correct	174702952739697047	verified	not-requested	solver returned unsat; closed under the trust policy	78026583	collect=350709,pre-reconstruct=3213125,normalize=2834875,monomorphize=34584,instantiate=33416,translate=10245708,solve=61314166	
velvet	crush-verify	1	Velvet/Examples/SubstringSearch.lean|SubstringSearch_correct|1800578837535211584	SubstringSearch_correct	16427404187394994162	verified	not-requested	solver returned unsat; closed under the trust policy	3876085126	collect=308334,pre-reconstruct=5256541,normalize=3449167,monomorphize=35375,instantiate=32667,translate=10736542,solve=3856266500	
velvet	crush-verify	1	Velvet/Examples/SubstringSearch.lean|SubstringSearch_correct|10230862668540398183	SubstringSearch_correct	17040693118540766639	verified	not-requested	solver returned unsat; closed under the trust policy	61828458	collect=297750,pre-reconstruct=2797000,normalize=3176375,monomorphize=38417,instantiate=37166,translate=10685292,solve=44796458	
velvet	crush-verify	1	Velvet/Examples/SubstringSearch.lean|SubstringSearch_correct|16982021311738439252	SubstringSearch_correct	10055357480764853091	verified	not-requested	solver returned unsat; closed under the trust policy	69108249	collect=287458,pre-reconstruct=624625,normalize=2495083,monomorphize=37042,instantiate=33125,translate=9588291,solve=56042625	
velvet	crush-verify	1	Velvet/Examples/SumOfDigits.lean|SumOfDigits_correct|4887343456502517186	SumOfDigits_correct	4887343456502517186	verified	not-requested	solver returned unsat; closed under the trust policy	92252875	collect=1305792,pre-reconstruct=4490125,normalize=1790666,monomorphize=103667,instantiate=26614167,translate=7679750,solve=50268708	
velvet	crush-verify	1	Velvet/Examples/SumOfDigits.lean|SumOfDigits_correct|5431800701729144158	SumOfDigits_correct	5431800701729144158	verified	not-requested	solver returned unsat; closed under the trust policy	77332957	collect=184708,pre-reconstruct=235875,normalize=1032875,monomorphize=16916,instantiate=13092542,translate=2767250,solve=60002791	
velvet	crush-verify	1	Velvet/Examples/SumOfDigits.lean|SumOfDigits_correct|7475080825861972690	SumOfDigits_correct	7475080825861972690	verified	not-requested	solver returned unsat; closed under the trust policy	88041001	collect=195750,pre-reconstruct=523167,normalize=1010042,monomorphize=17750,instantiate=14325792,translate=2712250,solve=69256250	
velvet	crush-verify	1	Velvet/Examples/SumOfDigits.lean|SumOfDigits_correct|15970435702129902192	SumOfDigits_correct	15970435702129902192	verified	not-requested	solver returned unsat; closed under the trust policy	50267001	collect=184792,pre-reconstruct=1189083,normalize=908458,monomorphize=15375,instantiate=8894292,translate=2101209,solve=36973792	
velvet	crush-verify	1	Velvet/Examples/SumOfDigits.lean|SumOfDigits_correct|6640297411548399355	SumOfDigits_correct	6640297411548399355	verified	not-requested	solver returned unsat; closed under the trust policy	39913001	collect=186709,pre-reconstruct=82958,normalize=795958,monomorphize=15500,instantiate=3102250,translate=1423417,solve=34306209	
velvet	crush-verify	1	Velvet/Examples/SumOfDigits.lean|SumOfDigits_correct|3871074223281074707	SumOfDigits_correct	3871074223281074707	verified	not-requested	solver returned unsat; closed under the trust policy	61502958	collect=187958,pre-reconstruct=532459,normalize=914083,monomorphize=16833,instantiate=13516500,translate=3145958,solve=43189167	
velvet	crush-verify	1	Velvet/Examples/TestLoopControl.lean|test1_correct|4791612905070682933	test1_correct	4791612905070682933	verified	not-requested	solver returned unsat; closed under the trust policy	58875127	collect=2070209,pre-reconstruct=3545250,normalize=1814667,monomorphize=96042,instantiate=212834,translate=5245334,solve=45890791	
velvet	crush-verify	1	Velvet/Examples/TestLoopControl.lean|test1_correct|4635955882467741603	test1_correct	4635955882467741603	verified	not-requested	solver returned unsat; closed under the trust policy	36486208	collect=172292,pre-reconstruct=1865375,normalize=1488250,monomorphize=19833,instantiate=33875,translate=1513000,solve=31393583	
velvet	crush-verify	1	Velvet/Examples/TestLoopControl.lean|test1_correct|4791612905070682933	test1_correct	4791612905070682933	verified	not-requested	solver returned unsat; closed under the trust policy	43192127	collect=164667,pre-reconstruct=2006292,normalize=1148917,monomorphize=14709,instantiate=33292,translate=1558917,solve=38265333	
velvet	crush-verify	1	Velvet/Examples/TestLoopControl.lean|test1_correct|4982008840348523404	test1_correct	4982008840348523404	verified	not-requested	solver returned unsat; closed under the trust policy	46029082	collect=161250,pre-reconstruct=728708,normalize=741625,monomorphize=14000,instantiate=33833,translate=1203083,solve=43146583	
velvet	crush-verify	1	Velvet/Examples/TestLoopControl.lean|test1_correct|14929476196725773389	test1_correct	14929476196725773389	verified	not-requested	solver returned unsat; closed under the trust policy	40083668	collect=141500,pre-reconstruct=863209,normalize=583875,monomorphize=12292,instantiate=30375,translate=938917,solve=37513500	
velvet	crush-verify	1	Velvet/Examples/TestLoopControl.lean|test1_correct|2311107858308393802	test1_correct	2311107858308393802	verified	not-requested	solver returned unsat; closed under the trust policy	52741792	collect=174542,pre-reconstruct=176375,normalize=763250,monomorphize=14542,instantiate=38125,translate=1370167,solve=50204791	
velvet	crush-verify	1	Velvet/Examples/TestLoopControl.lean|test2_correct|4791612905070682933	test2_correct	4791612905070682933	verified	not-requested	solver returned unsat; closed under the trust policy	50369834	collect=693958,pre-reconstruct=2207208,normalize=1267750,monomorphize=18542,instantiate=38209,translate=1978209,solve=44165958	
velvet	crush-verify	1	Velvet/Examples/TestLoopControl.lean|test2_correct|817407402121334710	test2_correct	817407402121334710	verified	not-requested	solver returned unsat; closed under the trust policy	39167875	collect=150125,pre-reconstruct=502458,normalize=675583,monomorphize=14167,instantiate=33417,translate=1144166,solve=36647959	
velvet	crush-verify	1	Velvet/Examples/TestLoopControl.lean|test2_correct|14929476196725773389	test2_correct	14929476196725773389	verified	not-requested	solver returned unsat; closed under the trust policy	36427126	collect=145375,pre-reconstruct=899333,normalize=595834,monomorphize=13792,instantiate=35417,translate=987625,solve=33749750	
velvet	crush-verify	1	Velvet/Examples/TestLoopControl.lean|test2_correct|2311107858308393802	test2_correct	2311107858308393802	verified	not-requested	solver returned unsat; closed under the trust policy	41313626	collect=161792,pre-reconstruct=123375,normalize=767417,monomorphize=14208,instantiate=44834,translate=1543084,solve=38658916	
velvet	crush-verify	1	Velvet/Examples/TestLoopControl.lean|sum_even_correct|8140981983620881888	sum_even_correct	8140981983620881888	selected-fact	not-attempted	closed from a selected Lean fact	216625	collect=216625	
velvet	crush-verify	1	Velvet/Examples/TestLoopControl.lean|sum_even_correct|13972406881857011341	sum_even_correct	13972406881857011341	verified	not-requested	solver returned unsat; closed under the trust policy	537682959	collect=233875,pre-reconstruct=6288083,normalize=870167,monomorphize=55542,instantiate=467188208,translate=19209709,solve=43837375	
velvet	crush-verify	1	Velvet/Examples/TestLoopControl.lean|sum_even_correct|8140981983620881888	sum_even_correct	8140981983620881888	selected-fact	not-attempted	closed from a selected Lean fact	217208	collect=217208	
velvet	crush-verify	1	Velvet/Examples/TestLoopControl.lean|sum_even_correct|2763434902891560151	sum_even_correct	2763434902891560151	verified	not-requested	solver returned unsat; closed under the trust policy	499980666	collect=181000,pre-reconstruct=5731542,normalize=1029125,monomorphize=24083,instantiate=430117375,translate=16718791,solve=46178750	
velvet	crush-verify	1	Velvet/Examples/TestLoopControl.lean|sum_even_correct|12910903814107581038	sum_even_correct	12910903814107581038	verified	not-requested	solver returned unsat; closed under the trust policy	305364790	collect=203291,pre-reconstruct=2499750,normalize=309250,monomorphize=24000,instantiate=248970458,translate=16220166,solve=37137875	
velvet	crush-verify	1	Velvet/Examples/TestLoopControl.lean|sum_even_correct|8811351339800985865	sum_even_correct	8811351339800985865	verified	not-requested	solver returned unsat; closed under the trust policy	42470125	collect=195500,pre-reconstruct=109708,normalize=201334,monomorphize=15292,instantiate=1472625,translate=6392083,solve=34083583	
velvet	crush-verify	1	Velvet/Examples/TestMatch.lean|test3_correct|12313593517213863317	test3_correct	12313593517213863317	verified	not-requested	solver returned unsat; closed under the trust policy	49675500	collect=2124083,pre-reconstruct=606000,normalize=1092167,monomorphize=92750,instantiate=224958,translate=4778875,solve=40756667	
velvet	crush-verify	1	Velvet/Examples/TestMatch.lean|test3_correct|5915416142655103160	test3_correct	5915416142655103160	verified	not-requested	solver returned unsat; closed under the trust policy	46124542	collect=259667,pre-reconstruct=1000542,normalize=589875,monomorphize=16291,instantiate=29792,translate=1699125,solve=42529250	
velvet	crush-verify	1	Velvet/Examples/Total_Partial_example.lean|insertionSort_part_correct|1993702872115081742	insertionSort_part_correct	14354530589729947841	verified	not-requested	solver returned unsat; closed under the trust policy	101015166	collect=652167,pre-reconstruct=693000,normalize=321125,monomorphize=5914834,instantiate=41276916,translate=16176333,solve=35980791	
velvet	crush-verify	1	Velvet/Examples/Total_Partial_example.lean|insertionSort_part_correct|1066791641437412485	insertionSort_part_correct	1066791641437412485	verified	not-requested	solver returned unsat; closed under the trust policy	139371000	collect=339250,pre-reconstruct=3136708,normalize=2720584,monomorphize=10246250,instantiate=66287875,translate=20233333,solve=36407000	
velvet	crush-verify	1	Velvet/Examples/Total_Partial_example.lean|insertionSort_part_correct|8472930623785656869	insertionSort_part_correct	18353889382475767599	verified	not-requested	solver returned unsat; closed under the trust policy	2691559791	collect=282292,pre-reconstruct=726518083,normalize=2825666,monomorphize=27256375,instantiate=175488125,translate=54807291,solve=1704381959	
velvet	crush-verify	1	Velvet/Examples/Total_Partial_example.lean|insertionSort_part_correct|2816846931760221370	insertionSort_part_correct	2816846931760221370	verified	not-requested	solver returned unsat; closed under the trust policy	139625707	collect=241791,pre-reconstruct=7546458,normalize=2427917,monomorphize=12401208,instantiate=59202791,translate=17102667,solve=40702875	
velvet	crush-verify	1	Velvet/Examples/Total_Partial_example.lean|insertionSort_part_correct|1066791641437412485	insertionSort_part_correct	1066791641437412485	verified	not-requested	solver returned unsat; closed under the trust policy	139313333	collect=254792,pre-reconstruct=2550208,normalize=2278875,monomorphize=10488333,instantiate=68875792,translate=19470542,solve=35394791	
velvet	crush-verify	1	Velvet/Examples/Total_Partial_example.lean|insertionSort_part_correct|14825588553610653054	insertionSort_part_correct	13858382852922432078	unknown	not-attempted	solver exited without a verdict	10437860292	collect=294666,pre-reconstruct=10113709,normalize=2560459,monomorphize=12492208,instantiate=244026458,translate=59191542,solve=5027714875,translate-fallback=46003583,solve-fallback=5035462792	
velvet	crush-verify	1	Velvet/Examples/Total_Partial_example.lean|insertionSort_part_correct|16465886849738339639	insertionSort_part_correct	13858382852922432078	verified	not-requested	solver returned unsat; closed under the trust policy	186704501	collect=251500,pre-reconstruct=10283208,normalize=2654167,monomorphize=10882292,instantiate=40520917,translate=14271542,solve=107840875	
velvet	crush-verify	1	Velvet/Examples/Total_Partial_example.lean|insertionSort_part_correct|5918835836158453730	insertionSort_part_correct	5918835836158453730	selected-fact	not-attempted	closed from a selected Lean fact	261500	collect=261500	
velvet	crush-verify	1	Velvet/Examples/Total_Partial_example.lean|insertionSort_part_correct|12155028420956038391	insertionSort_part_correct	12155028420956038391	verified	not-requested	solver returned unsat; closed under the trust policy	65795542	collect=156542,pre-reconstruct=836500,normalize=1092375,monomorphize=5670250,instantiate=1187875,translate=6255208,solve=50596792	
velvet	crush-verify	1	Velvet/Examples/Total_Partial_example.lean|insertionSort_part_correct|14852526092468225565	insertionSort_part_correct	139088297960392149	verified	not-requested	solver returned unsat; closed under the trust policy	192088209	collect=216916,pre-reconstruct=855917,normalize=1903875,monomorphize=7954625,instantiate=45368708,translate=12604959,solve=123183209	
velvet	crush-verify	1	Velvet/Examples/Total_Partial_example.lean|insertionSort_part_correct|4477598582358312981	insertionSort_part_correct	4477598582358312981	verified	not-requested	solver returned unsat; closed under the trust policy	63201082	collect=271708,pre-reconstruct=2269041,normalize=2197333,monomorphize=9700750,instantiate=1718792,translate=12289125,solve=34754333	
velvet	crush-verify	1	Velvet/Examples/Total_Partial_example.lean|insertionSort_part_correct|7903702650473013145	insertionSort_part_correct	17272444315034915638	verified	not-requested	solver returned unsat; closed under the trust policy	221175249	collect=318500,pre-reconstruct=24691708,normalize=4238625,monomorphize=14756250,instantiate=43083750,translate=16002416,solve=118084000	
velvet	crush-verify	1	Velvet/Examples/Total_Partial_example.lean|insertionSort_part_correct|11248877774576345437	insertionSort_part_correct	139088297960392149	verified	not-requested	solver returned unsat; closed under the trust policy	169405625	collect=230959,pre-reconstruct=455042,normalize=1400750,monomorphize=9236625,instantiate=53948000,translate=14528083,solve=89606166	
velvet	crush-verify	1	Velvet/Examples/Total_Partial_example.lean|insertionSort_part_correct|6709257883257101731	insertionSort_part_correct	6709257883257101731	selected-fact	not-attempted	closed from a selected Lean fact	306125	collect=306125	
velvet	crush-verify	1	Velvet/Examples/Total_Partial_example.lean|insertionSort_part_correct|16576486626369642801	insertionSort_part_correct	16576486626369642801	verified	not-requested	solver returned unsat; closed under the trust policy	45451500	collect=194667,pre-reconstruct=128458,normalize=96875,monomorphize=2747583,instantiate=794917,translate=4289958,solve=37199042	
velvet	crush-verify	1	Velvet/Examples/Total_Partial_example.lean|insertionSort_part_correct|11235314628722112900	insertionSort_part_correct	14354530589729947841	verified	not-requested	solver returned unsat; closed under the trust policy	95778083	collect=203458,pre-reconstruct=130083,normalize=135500,monomorphize=5298292,instantiate=42730916,translate=12998000,solve=34281834	
velvet	crush-verify	1	Velvet/Examples/Total_Partial_example.lean|insertionSort_part_correct|18214290959922115111	insertionSort_part_correct	17272444315034915638	verified	not-requested	solver returned unsat; closed under the trust policy	204475625	collect=1026750,pre-reconstruct=11796917,normalize=1949250,monomorphize=8875875,instantiate=54579625,translate=14828083,solve=111419125	
velvet	crush-verify	1	Velvet/Examples/Total_Partial_example.lean|insertionSort_termination_correct|11568103068982921353	insertionSort_termination_correct	11568103068982921353	verified	not-requested	solver returned unsat; closed under the trust policy	130107375	collect=216833,pre-reconstruct=130417,normalize=1230250,monomorphize=6062167,instantiate=69102875,translate=13832375,solve=39532458	
velvet	crush-verify	1	Velvet/Examples/Total_Partial_example.lean|insertionSort_termination_correct|11568103068982921353	insertionSort_termination_correct	11568103068982921353	verified	not-requested	solver returned unsat; closed under the trust policy	144197167	collect=239750,pre-reconstruct=125792,normalize=1284541,monomorphize=6065750,instantiate=78271916,translate=21649959,solve=36559459	
velvet	crush-verify	1	Velvet/Examples/Total_Partial_example.lean|insertionSort_termination_correct|5918835836158453730	insertionSort_termination_correct	5918835836158453730	selected-fact	not-attempted	closed from a selected Lean fact	241708	collect=241708	
velvet	crush-verify	1	Velvet/Examples/Total_Partial_example.lean|insertionSort_termination_correct|4477598582358312981	insertionSort_termination_correct	4477598582358312981	verified	not-requested	solver returned unsat; closed under the trust policy	46729500	collect=240834,pre-reconstruct=131500,normalize=1352291,monomorphize=5039542,instantiate=1357541,translate=7109375,solve=31498417	
velvet	crush-verify	1	Velvet/Examples/Total_Partial_example.lean|insertionSort_termination_correct|18088860687919872176	insertionSort_termination_correct	18088860687919872176	verified	not-requested	solver returned unsat; closed under the trust policy	56770749	collect=256417,pre-reconstruct=129583,normalize=1437833,monomorphize=5919209,instantiate=1411416,translate=9722333,solve=37893958	
velvet	crush-verify	1	Velvet/Examples/Total_Partial_example.lean|insertionSort_termination_correct|6709257883257101731	insertionSort_termination_correct	6709257883257101731	selected-fact	not-attempted	closed from a selected Lean fact	246584	collect=246584	
velvet	crush-verify	1	Velvet/Examples/Total_Partial_example.lean|insertionSort_termination_correct|16576486626369642801	insertionSort_termination_correct	16576486626369642801	verified	not-requested	solver returned unsat; closed under the trust policy	42830624	collect=163500,pre-reconstruct=116666,normalize=93500,monomorphize=3632208,instantiate=821500,translate=6171083,solve=31832167	
velvet	crush-core	1	Velvet/Examples/EncodeDecodeStr.lean|decodeStr'_correct|4325354716326072573	decodeStr'_correct	4325354716326072573	core-reconstructed	not-attempted	core-directed reconstruction succeeded	65580417	collect=2297833,pre-reconstruct=2971791,normalize=1945375,monomorphize=103500,instantiate=240417,translate=13332791,solve=31305334,replay=27709,reconstruct=13355667	
velvet	crush-core	1	Velvet/Examples/EncodeDecodeStr.lean|decodeStr'_correct|3233717574493770211	decodeStr'_correct	16298341802593511044	unknown	not-attempted	solver exited without a verdict	5048025956	collect=179792,pre-reconstruct=6768958,normalize=1659875,monomorphize=18083,instantiate=28791,translate=9812666,solve=5029557791	
velvet	crush-core	1	Velvet/Examples/EncodeDecodeStr.lean|decodeStr'_correct|14557075163885871591	decodeStr'_correct	14557075163885871591	core-reconstructed	not-attempted	core-directed reconstruction succeeded	51760665	collect=184375,pre-reconstruct=854291,normalize=1237166,monomorphize=16333,instantiate=30708,translate=6274750,solve=31923459,replay=4333,reconstruct=11235250	
velvet	crush-core	1	Velvet/Examples/EncodeDecodeStr.lean|decodeStr'_correct|13851523499043008614	decodeStr'_correct	13851523499043008614	core-reconstructed	not-attempted	core-directed reconstruction succeeded	52471625	collect=181042,pre-reconstruct=330666,normalize=1188917,monomorphize=16875,instantiate=27792,translate=6302167,solve=30864042,replay=4916,reconstruct=13555208	
velvet	crush-core	1	Velvet/Examples/EncodeDecodeStr.lean|decodeStr'_correct|8816666150414203262	decodeStr'_correct	8816666150414203262	core-reconstructed	not-attempted	core-directed reconstruction succeeded	43736709	collect=158959,pre-reconstruct=819958,normalize=1114833,monomorphize=14584,instantiate=29250,translate=3249083,solve=36127209,replay=4750,reconstruct=2218083	
velvet	crush-core	1	Velvet/Examples/EncodeDecodeStr.lean|decodeStr'_correct|7432640679462075544	decodeStr'_correct	1656677057252754089	unknown	not-attempted	no reason given	111636665	collect=145875,pre-reconstruct=1425666,normalize=2035875,monomorphize=15417,instantiate=25666,translate=4529375,solve=103458791	
velvet	crush-core	1	Velvet/Examples/EncodeDecodeStr.lean|decodeStr'_correct|9639754685172097330	decodeStr'_correct	9639754685172097330	unknown	not-attempted	solver exited without a verdict	5035815834	collect=189584,pre-reconstruct=1296292,normalize=1245125,monomorphize=16583,instantiate=30000,translate=6433167,solve=5026605083	
velvet	crush-core	1	Velvet/Examples/EncodeDecodeStr.lean|encodeStr_correct|10203002127808532242	encodeStr_correct	10203002127808532242	core-reconstructed	not-attempted	core-directed reconstruction succeeded	58133667	collect=1109625,pre-reconstruct=2490834,normalize=3399750,monomorphize=20958,instantiate=33000,translate=7755666,solve=29561709,replay=4875,reconstruct=13757250	
velvet	crush-core	1	Velvet/Examples/EncodeDecodeStr.lean|encodeStr_correct|15527439877898811686	encodeStr_correct	9685533339980702200	core-reconstructed	not-attempted	core-directed reconstruction succeeded	213391124	collect=261000,pre-reconstruct=10191708,normalize=3466583,monomorphize=22042,instantiate=31417,translate=8459083,solve=37099208,replay=4916,reconstruct=153855167	
velvet	crush-core	1	Velvet/Examples/EncodeDecodeStr.lean|encodeStr_correct|4253526900314070824	encodeStr_correct	4253526900314070824	core-reconstructed	not-attempted	core-directed reconstruction succeeded	57452707	collect=210208,pre-reconstruct=1173750,normalize=3360916,monomorphize=19792,instantiate=27792,translate=7138917,solve=30057208,replay=4583,reconstruct=15459541	
velvet	crush-core	1	Velvet/Examples/EncodeDecodeStr.lean|encodeStr_correct|17087698223479619887	encodeStr_correct	9685533339980702200	pre-reconstructed	not-attempted	closed before SMT translation	1127500	collect=240791,pre-reconstruct=886709	
velvet	crush-core	1	Velvet/Examples/EncodeDecodeStr.lean|encodeStr_correct|13168721855841554394	encodeStr_correct	13168721855841554394	selected-fact	not-attempted	closed from a selected Lean fact	208208	collect=208208	
velvet	crush-core	1	Velvet/Examples/EncodeDecodeStr.lean|encodeStr_correct|8050235650381385355	encodeStr_correct	8050235650381385355	core-reconstructed	not-attempted	core-directed reconstruction succeeded	52892542	collect=129750,pre-reconstruct=1827541,normalize=1756042,monomorphize=19250,instantiate=28750,translate=4710334,solve=31180833,replay=4709,reconstruct=13235333	
velvet	crush-core	1	Velvet/Examples/EncodeDecodeStr.lean|encodeStr_correct|3874562368415809942	encodeStr_correct	9685533339980702200	core-reconstructed	not-attempted	core-directed reconstruction succeeded	52999457	collect=216416,pre-reconstruct=1814625,normalize=1894959,monomorphize=18708,instantiate=28916,translate=5445000,solve=31825958,replay=4292,reconstruct=11750583	
velvet	crush-core	1	Velvet/Examples/EncodeDecodeStr.lean|encodeStr_correct|16403843650363689650	encodeStr_correct	16403843650363689650	core-reconstructed	not-attempted	core-directed reconstruction succeeded	53412167	collect=215583,pre-reconstruct=1162291,normalize=3212000,monomorphize=20125,instantiate=29875,translate=7480083,solve=30025959,replay=7417,reconstruct=11258834	
velvet	crush-core	1	Velvet/Examples/EncodeDecodeStr.lean|encodeStr_correct|17528322019345720798	encodeStr_correct	17528322019345720798	unknown	not-attempted	solver exited without a verdict	5044877501	collect=224459,pre-reconstruct=5131042,normalize=3660875,monomorphize=21000,instantiate=30209,translate=8481541,solve=5027328375	
velvet	crush-core	1	Velvet/Examples/EncodeDecodeStr.lean|encodeStr_correct|14846570717984605519	encodeStr_correct	14846570717984605519	core-reconstructed	not-attempted	core-directed reconstruction succeeded	103643794	collect=282542,pre-reconstruct=676208,normalize=4304917,monomorphize=20334,instantiate=34417,translate=10836083,solve=42646292,replay=4667,reconstruct=44838334	
velvet	crush-core	1	Velvet/Examples/EncodeDecodeStr.lean|encodeStr_correct|17345521196864181404	encodeStr_correct	17345521196864181404	core-reconstructed	not-attempted	core-directed reconstruction succeeded	52104000	collect=185375,pre-reconstruct=1010416,normalize=1567833,monomorphize=17000,instantiate=28000,translate=4707625,solve=36656000,replay=5167,reconstruct=7926584	
velvet	crush-core	1	Velvet/Examples/EncodeDecodeStr.lean|encodeStr_correct|16873295595722686018	encodeStr_correct	16873295595722686018	selected-fact	not-attempted	closed from a selected Lean fact	178334	collect=178334	
velvet	crush-core	1	Velvet/Examples/EncodeDecodeStr.lean|encodeStr_correct|5769627519083430677	encodeStr_correct	5769627519083430677	selected-fact	not-attempted	closed from a selected Lean fact	116541	collect=116541	
velvet	crush-core	1	Velvet/Examples/EncodeDecodeStr.lean|encodeStr_correct|15630242782200619292	encodeStr_correct	15630242782200619292	core-reconstructed	not-attempted	core-directed reconstruction succeeded	32212499	collect=43584,pre-reconstruct=832708,normalize=37375,monomorphize=10917,instantiate=29041,translate=1337333,solve=27628625,replay=4833,reconstruct=2288083	
velvet	crush-core	1	Velvet/Examples/EncodeDecodeStr.lean|encodeStr_correct|4098508629850130765	encodeStr_correct	4098508629850130765	unknown	not-attempted	no reason given	44221667	collect=179500,pre-reconstruct=87458,normalize=949458,monomorphize=11542,instantiate=25542,translate=4102417,solve=38865750	
velvet	crush-core	1	Velvet/Examples/EncodeDecodeStr.lean|encodeStr_correct|6449688271898666716	encodeStr_correct	6449688271898666716	unknown	not-attempted	solver exited without a verdict	5038530666	collect=219833,pre-reconstruct=379167,normalize=1554625,monomorphize=18083,instantiate=31750,translate=4400833,solve=5031926375	
velvet	crush-core	1	Velvet/Examples/EncodeDecodeStr.lean|encodeStr_correct|3108445719328028112	encodeStr_correct	3108445719328028112	core-reconstructed	not-attempted	core-directed reconstruction succeeded	51594793	collect=302584,pre-reconstruct=133833,normalize=2307417,monomorphize=21958,instantiate=41875,translate=6041959,solve=41040750,replay=6417,reconstruct=1698000	
velvet	crush-core	1	Velvet/Examples/Examples.lean|insertionSort_correct|1066791641437412485	insertionSort_correct	1066791641437412485	core-reconstructed	not-attempted	core-directed reconstruction succeeded	182087707	collect=789291,pre-reconstruct=4592583,normalize=2876291,monomorphize=12272417,instantiate=69054292,translate=24034375,solve=43761208,replay=28083,reconstruct=24679167	
velvet	crush-core	1	Velvet/Examples/Examples.lean|insertionSort_correct|9866248891257573647	insertionSort_correct	12810594954652992486	reconstruction-failed	not-attempted	core-directed reconstruction did not close the goal	5836569210	collect=277042,pre-reconstruct=729483625,normalize=6611125,monomorphize=43456000,instantiate=161614292,translate=49146083,solve=1553428292,replay=4292,reconstruct=3292548459	
velvet	crush-core	1	Velvet/Examples/Examples.lean|insertionSort_correct|18360837223612973524	insertionSort_correct	18360837223612973524	core-reconstructed	not-attempted	core-directed reconstruction succeeded	208433501	collect=251500,pre-reconstruct=4463084,normalize=2247708,monomorphize=12297834,instantiate=58540667,translate=16841083,solve=64336250,replay=4042,reconstruct=49451333	
velvet	crush-core	1	Velvet/Examples/Examples.lean|insertionSort_correct|1066791641437412485	insertionSort_correct	1066791641437412485	core-reconstructed	not-attempted	core-directed reconstruction succeeded	163197625	collect=229792,pre-reconstruct=2961000,normalize=2018583,monomorphize=9813459,instantiate=56377375,translate=15160000,solve=64783166,replay=4208,reconstruct=11850042	
velvet	crush-core	1	Velvet/Examples/Examples.lean|insertionSort_correct|14825588553610653054	insertionSort_correct	13858382852922432078	unknown	not-attempted	solver exited without a verdict	10445250583	collect=253625,pre-reconstruct=61943917,normalize=2677292,monomorphize=11530167,instantiate=199887916,translate=40825083,solve=5050927625,translate-fallback=48577375,solve-fallback=5028627583	
velvet	crush-core	1	Velvet/Examples/Examples.lean|insertionSort_correct|16465886849738339639	insertionSort_correct	13858382852922432078	core-reconstructed	not-attempted	core-directed reconstruction succeeded	207058917	collect=277041,pre-reconstruct=10939792,normalize=2416625,monomorphize=10521083,instantiate=43687959,translate=16401750,solve=106850667,replay=5708,reconstruct=15958292	
velvet	crush-core	1	Velvet/Examples/Examples.lean|insertionSort_correct|2438232962388206336	insertionSort_correct	2438232962388206336	core-reconstructed	not-attempted	core-directed reconstruction succeeded	66474958	collect=233709,pre-reconstruct=1556791,normalize=1985667,monomorphize=8440416,instantiate=1797458,translate=8373459,solve=33909875,replay=5792,reconstruct=10171791	
velvet	crush-core	1	Velvet/Examples/Examples.lean|insertionSort_correct|12155028420956038391	insertionSort_correct	12155028420956038391	core-reconstructed	not-attempted	core-directed reconstruction succeeded	56805624	collect=202750,pre-reconstruct=1335625,normalize=1199875,monomorphize=5761291,instantiate=1148333,translate=6482666,solve=37026875,replay=5334,reconstruct=3642875	
velvet	crush-core	1	Velvet/Examples/Examples.lean|insertionSort_correct|14852526092468225565	insertionSort_correct	139088297960392149	core-reconstructed	not-attempted	core-directed reconstruction succeeded	240297124	collect=219166,pre-reconstruct=4974042,normalize=1491250,monomorphize=7388958,instantiate=38617917,translate=12324833,solve=117112958,replay=5833,reconstruct=58162167	
velvet	crush-core	1	Velvet/Examples/Examples.lean|insertionSort_correct|12688677688377801211	insertionSort_correct	12688677688377801211	core-reconstructed	not-attempted	core-directed reconstruction succeeded	92103083	collect=340583,pre-reconstruct=3581916,normalize=2457000,monomorphize=11334334,instantiate=2082667,translate=11178375,solve=47037083,replay=4375,reconstruct=14086750	
velvet	crush-core	1	Velvet/Examples/Examples.lean|insertionSort_correct|7903702650473013145	insertionSort_correct	17272444315034915638	core-reconstructed	not-attempted	core-directed reconstruction succeeded	239467793	collect=281666,pre-reconstruct=22239834,normalize=2235625,monomorphize=11169542,instantiate=40935375,translate=15950500,solve=116112959,replay=4042,reconstruct=30538250	
velvet	crush-core	1	Velvet/Examples/Examples.lean|insertionSort_correct|5379360585891885096	insertionSort_correct	5379360585891885096	core-reconstructed	not-attempted	core-directed reconstruction succeeded	80673874	collect=210625,pre-reconstruct=1645708,normalize=1350083,monomorphize=6445125,instantiate=1281042,translate=6874000,solve=48026583,replay=4375,reconstruct=14836333	
velvet	crush-core	1	Velvet/Examples/Examples.lean|insertionSort_correct|11248877774576345437	insertionSort_correct	139088297960392149	core-reconstructed	not-attempted	core-directed reconstruction succeeded	174634667	collect=227333,pre-reconstruct=1275875,normalize=1372375,monomorphize=7349792,instantiate=39547834,translate=13257292,solve=94841250,replay=5000,reconstruct=16757916	
velvet	crush-core	1	Velvet/Examples/Examples.lean|insertionSort_correct|11532741708565178815	insertionSort_correct	11532741708565178815	core-reconstructed	not-attempted	core-directed reconstruction succeeded	73623416	collect=209083,pre-reconstruct=1083667,normalize=1309708,monomorphize=6137334,instantiate=1177291,translate=6459375,solve=54720541,replay=5584,reconstruct=2520833	
velvet	crush-core	1	Velvet/Examples/Examples.lean|insertionSort_correct|13894794097547967513	insertionSort_correct	13894794097547967513	core-reconstructed	not-attempted	core-directed reconstruction succeeded	72920082	collect=155292,pre-reconstruct=1218500,normalize=101375,monomorphize=2570041,instantiate=715708,translate=3804166,solve=51173917,replay=5667,reconstruct=13175416	
velvet	crush-core	1	Velvet/Examples/Examples.lean|insertionSort_correct|11235314628722112900	insertionSort_correct	14354530589729947841	core-reconstructed	not-attempted	core-directed reconstruction succeeded	124556000	collect=399875,pre-reconstruct=511375,normalize=131042,monomorphize=4833917,instantiate=40977375,translate=10418541,solve=51281000,replay=4583,reconstruct=15998292	
velvet	crush-core	1	Velvet/Examples/Examples.lean|insertionSort_correct|18214290959922115111	insertionSort_correct	17272444315034915638	core-reconstructed	not-attempted	core-directed reconstruction succeeded	1148051377	collect=192625,pre-reconstruct=9862209,normalize=243000,monomorphize=7910334,instantiate=40008416,translate=12891959,solve=90333042,replay=5750,reconstruct=986604042	
velvet	crush-core	1	Velvet/Examples/Examples.lean|sqrt_correct|17119794831572106230	sqrt_correct	5307985127850147097	core-reconstructed	not-attempted	core-directed reconstruction succeeded	74717791	collect=659208,pre-reconstruct=117125,normalize=555709,monomorphize=12250,instantiate=27958,translate=1092208,solve=61601291,replay=4625,reconstruct=10647417	
velvet	crush-core	1	Velvet/Examples/Examples.lean|sqrt_correct|16395326812896940336	sqrt_correct	3661544389526892522	core-reconstructed	not-attempted	core-directed reconstruction succeeded	54822293	collect=153959,pre-reconstruct=132959,normalize=498167,monomorphize=13500,instantiate=32875,translate=1148167,solve=40807416,replay=5875,reconstruct=12029375	
velvet	crush-core	1	Velvet/Examples/Examples.lean|sqrt_correct|4559485301326837329	sqrt_correct	4559485301326837329	core-reconstructed	not-attempted	core-directed reconstruction succeeded	33265333	collect=160208,pre-reconstruct=124250,normalize=498125,monomorphize=12666,instantiate=28833,translate=1014459,solve=28153833,replay=5917,reconstruct=3267042	
velvet	crush-core	1	Velvet/Examples/Examples.lean|sqrt_correct|15833581759277421577	sqrt_correct	9636917653559417038	core-reconstructed	not-attempted	core-directed reconstruction succeeded	148784624	collect=176250,pre-reconstruct=4744083,normalize=771000,monomorphize=21042,instantiate=33708,translate=1971625,solve=125807375,replay=5500,reconstruct=15254041	
velvet	crush-core	1	Velvet/Examples/Examples.lean|sqrt_correct|7228731597997214785	sqrt_correct	9636917653559417038	pre-reconstructed	not-attempted	closed before SMT translation	824042	collect=194417,pre-reconstruct=629625	
velvet	crush-core	1	Velvet/Examples/Examples.lean|sqrt_correct|17256355208408803011	sqrt_correct	17256355208408803011	core-reconstructed	not-attempted	core-directed reconstruction succeeded	66496750	collect=160625,pre-reconstruct=506042,normalize=710292,monomorphize=18417,instantiate=28333,translate=1613083,solve=45889500,replay=5500,reconstruct=17564958	
velvet	crush-core	1	Velvet/Examples/Examples.lean|sqrt_correct|13635698331308129878	sqrt_correct	9636917653559417038	core-reconstructed	not-attempted	core-directed reconstruction succeeded	44484042	collect=148625,pre-reconstruct=110000,normalize=510375,monomorphize=12709,instantiate=29875,translate=1066459,solve=39729500,replay=4708,reconstruct=2871791	
velvet	crush-core	1	Velvet/Examples/Examples.lean|sqrt_correct|10800841518550636949	sqrt_correct	123143008762622395	core-reconstructed	not-attempted	core-directed reconstruction succeeded	168767209	collect=193750,pre-reconstruct=450708,normalize=719750,monomorphize=17250,instantiate=32667,translate=1805750,solve=164237917,replay=5542,reconstruct=1303875	
velvet	crush-core	1	Velvet/Examples/Examples.lean|sqrt_correct|12457966505053151830	sqrt_correct	3661544389526892522	core-reconstructed	not-attempted	core-directed reconstruction succeeded	480139876	collect=167375,pre-reconstruct=4720125,normalize=651584,monomorphize=16666,instantiate=32417,translate=1692667,solve=150532833,replay=5375,reconstruct=322320834	
velvet	crush-core	1	Velvet/Examples/Examples.lean|sqrt_correct|17578352201394481400	sqrt_correct	17578352201394481400	core-reconstructed	not-attempted	core-directed reconstruction succeeded	211746751	collect=162917,pre-reconstruct=4341459,normalize=643041,monomorphize=16916,instantiate=28917,translate=1683209,solve=167734625,replay=5583,reconstruct=37130084	
velvet	crush-core	1	Velvet/Examples/Examples_Total.lean|insertionSort_total_correct|1066791641437412485	insertionSort_total_correct	1066791641437412485	core-reconstructed	not-attempted	core-directed reconstruction succeeded	190060082	collect=734542,pre-reconstruct=4289541,normalize=2509041,monomorphize=11456625,instantiate=60610375,translate=21667125,solve=63789917,replay=29041,reconstruct=24973875	
velvet	crush-core	1	Velvet/Examples/Examples_Total.lean|insertionSort_total_correct|9866248891257573647	insertionSort_total_correct	12810594954652992486	reconstruction-failed	not-attempted	core-directed reconstruction did not close the goal	5842830290	collect=325666,pre-reconstruct=693706500,normalize=2636666,monomorphize=25632458,instantiate=163930833,translate=49697292,solve=1573943958,replay=4375,reconstruct=3332952542	
velvet	crush-core	1	Velvet/Examples/Examples_Total.lean|insertionSort_total_correct|18360837223612973524	insertionSort_total_correct	18360837223612973524	core-reconstructed	not-attempted	core-directed reconstruction succeeded	200202042	collect=252542,pre-reconstruct=4646625,normalize=2330750,monomorphize=12473791,instantiate=59301416,translate=17668834,solve=54051375,replay=4917,reconstruct=49471792	
velvet	crush-core	1	Velvet/Examples/Examples_Total.lean|insertionSort_total_correct|11568103068982921353	insertionSort_total_correct	11568103068982921353	core-reconstructed	not-attempted	core-directed reconstruction succeeded	144735376	collect=239917,pre-reconstruct=1075959,normalize=1926250,monomorphize=9778583,instantiate=58206875,translate=15350792,solve=35430916,replay=4500,reconstruct=22721584	
velvet	crush-core	1	Velvet/Examples/Examples_Total.lean|insertionSort_total_correct|1066791641437412485	insertionSort_total_correct	1066791641437412485	core-reconstructed	not-attempted	core-directed reconstruction succeeded	140723708	collect=240000,pre-reconstruct=2973500,normalize=2081416,monomorphize=9783500,instantiate=58375292,translate=15363584,solve=39430541,replay=5250,reconstruct=12470625	
velvet	crush-core	1	Velvet/Examples/Examples_Total.lean|insertionSort_total_correct|14825588553610653054	insertionSort_total_correct	13858382852922432078	unknown	not-attempted	solver exited without a verdict	10435425004	collect=255209,pre-reconstruct=61273292,normalize=2253334,monomorphize=11386500,instantiate=202691292,translate=41342459,solve=5042379084,translate-fallback=47121792,solve-fallback=5026722042	
velvet	crush-core	1	Velvet/Examples/Examples_Total.lean|insertionSort_total_correct|11568103068982921353	insertionSort_total_correct	11568103068982921353	core-reconstructed	not-attempted	core-directed reconstruction succeeded	145855624	collect=265583,pre-reconstruct=1355208,normalize=2335417,monomorphize=10696375,instantiate=63797750,translate=17269083,solve=37483000,replay=4291,reconstruct=12648917	
velvet	crush-core	1	Velvet/Examples/Examples_Total.lean|insertionSort_total_correct|16465886849738339639	insertionSort_total_correct	13858382852922432078	core-reconstructed	not-attempted	core-directed reconstruction succeeded	178386499	collect=246250,pre-reconstruct=10571792,normalize=2169667,monomorphize=9867041,instantiate=39849250,translate=14462125,solve=85780583,replay=3833,reconstruct=15435958	
velvet	crush-core	1	Velvet/Examples/Examples_Total.lean|insertionSort_total_correct|5918835836158453730	insertionSort_total_correct	5918835836158453730	selected-fact	not-attempted	closed from a selected Lean fact	222083	collect=222083	
velvet	crush-core	1	Velvet/Examples/Examples_Total.lean|insertionSort_total_correct|12155028420956038391	insertionSort_total_correct	12155028420956038391	core-reconstructed	not-attempted	core-directed reconstruction succeeded	58108541	collect=150084,pre-reconstruct=1216167,normalize=1103500,monomorphize=5910416,instantiate=1248334,translate=6390666,solve=38343125,replay=4583,reconstruct=3741666	
velvet	crush-core	1	Velvet/Examples/Examples_Total.lean|insertionSort_total_correct|14852526092468225565	insertionSort_total_correct	139088297960392149	core-reconstructed	not-attempted	core-directed reconstruction succeeded	196289083	collect=223375,pre-reconstruct=5152417,normalize=1434792,monomorphize=7542500,instantiate=39248333,translate=12768458,solve=88299458,replay=5750,reconstruct=41614000	
velvet	crush-core	1	Velvet/Examples/Examples_Total.lean|insertionSort_total_correct|12688677688377801211	insertionSort_total_correct	12688677688377801211	core-reconstructed	not-attempted	core-directed reconstruction succeeded	79497874	collect=243750,pre-reconstruct=2963625,normalize=2183708,monomorphize=9951500,instantiate=1946792,translate=9577041,solve=39535333,replay=4708,reconstruct=13091417	
velvet	crush-core	1	Velvet/Examples/Examples_Total.lean|insertionSort_total_correct|7903702650473013145	insertionSort_total_correct	17272444315034915638	core-reconstructed	not-attempted	core-directed reconstruction succeeded	206155043	collect=258500,pre-reconstruct=19200459,normalize=2535125,monomorphize=11501542,instantiate=40273334,translate=15469833,solve=87585292,replay=4583,reconstruct=29326375	
velvet	crush-core	1	Velvet/Examples/Examples_Total.lean|insertionSort_total_correct|18088860687919872176	insertionSort_total_correct	18088860687919872176	core-reconstructed	not-attempted	core-directed reconstruction succeeded	102698126	collect=238959,pre-reconstruct=1092375,normalize=2026833,monomorphize=10127209,instantiate=1846333,translate=9753875,solve=38169542,replay=4292,reconstruct=39438708	
velvet	crush-core	1	Velvet/Examples/Examples_Total.lean|insertionSort_total_correct|5379360585891885096	insertionSort_total_correct	5379360585891885096	core-reconstructed	not-attempted	core-directed reconstruction succeeded	68068127	collect=221084,pre-reconstruct=1683916,normalize=1315250,monomorphize=6084750,instantiate=1210959,translate=7391042,solve=35520917,replay=4875,reconstruct=14635334	
velvet	crush-core	1	Velvet/Examples/Examples_Total.lean|insertionSort_total_correct|11248877774576345437	insertionSort_total_correct	139088297960392149	core-reconstructed	not-attempted	core-directed reconstruction succeeded	163007876	collect=226042,pre-reconstruct=1273209,normalize=1320959,monomorphize=7683584,instantiate=39438916,translate=12659250,solve=84621083,replay=4250,reconstruct=15780583	
velvet	crush-core	1	Velvet/Examples/Examples_Total.lean|insertionSort_total_correct|6709257883257101731	insertionSort_total_correct	6709257883257101731	selected-fact	not-attempted	closed from a selected Lean fact	202458	collect=202458	
velvet	crush-core	1	Velvet/Examples/Examples_Total.lean|insertionSort_total_correct|13894794097547967513	insertionSort_total_correct	13894794097547967513	core-reconstructed	not-attempted	core-directed reconstruction succeeded	55131957	collect=95625,pre-reconstruct=1178375,normalize=100917,monomorphize=2518125,instantiate=706000,translate=3822000,solve=34445666,replay=4916,reconstruct=12260333	
velvet	crush-core	1	Velvet/Examples/Examples_Total.lean|insertionSort_total_correct|11235314628722112900	insertionSort_total_correct	14354530589729947841	core-reconstructed	not-attempted	core-directed reconstruction succeeded	106478794	collect=156250,pre-reconstruct=490834,normalize=137625,monomorphize=4816584,instantiate=38787209,translate=9861375,solve=36823167,replay=4042,reconstruct=15401708	
velvet	crush-core	1	Velvet/Examples/Examples_Total.lean|insertionSort_total_correct|18214290959922115111	insertionSort_total_correct	17272444315034915638	core-reconstructed	not-attempted	core-directed reconstruction succeeded	1621953874	collect=232750,pre-reconstruct=10384958,normalize=1544083,monomorphize=9067666,instantiate=62653167,translate=14716375,solve=95816041,replay=5667,reconstruct=1427533167	
velvet	crush-core	1	Velvet/Examples/Examples_Total.lean|sqrt_total_correct|17119794831572106230	sqrt_total_correct	5307985127850147097	core-reconstructed	not-attempted	core-directed reconstruction succeeded	59301333	collect=154958,pre-reconstruct=391250,normalize=108708,monomorphize=844500,instantiate=77125,translate=3927250,solve=39920708,replay=4417,reconstruct=13872417	
velvet	crush-core	1	Velvet/Examples/Examples_Total.lean|sqrt_total_correct|16395326812896940336	sqrt_total_correct	3661544389526892522	core-reconstructed	not-attempted	core-directed reconstruction succeeded	62473293	collect=143000,pre-reconstruct=363208,normalize=116375,monomorphize=843834,instantiate=73917,translate=3922417,solve=39895875,replay=4250,reconstruct=17110417	
velvet	crush-core	1	Velvet/Examples/Examples_Total.lean|sqrt_total_correct|4559485301326837329	sqrt_total_correct	4559485301326837329	core-reconstructed	not-attempted	core-directed reconstruction succeeded	43025335	collect=130834,pre-reconstruct=359625,normalize=101084,monomorphize=820583,instantiate=70833,translate=3741334,solve=35087250,replay=4125,reconstruct=2709667	
velvet	crush-core	1	Velvet/Examples/Examples_Total.lean|sqrt_total_correct|15833581759277421577	sqrt_total_correct	9636917653559417038	core-reconstructed	not-attempted	core-directed reconstruction succeeded	81877918	collect=156375,pre-reconstruct=5141542,normalize=121709,monomorphize=1657917,instantiate=77166,translate=4414125,solve=56932042,replay=3875,reconstruct=13373167	
velvet	crush-core	1	Velvet/Examples/Examples_Total.lean|sqrt_total_correct|17892696244691966181	sqrt_total_correct	17892696244691966181	core-reconstructed	not-attempted	core-directed reconstruction succeeded	580643333	collect=148000,pre-reconstruct=699083,normalize=139834,monomorphize=2141375,instantiate=71084,translate=4582875,solve=48507458,replay=4041,reconstruct=524349583	
velvet	crush-core	1	Velvet/Examples/Examples_Total.lean|sqrt_total_correct|7228731597997214785	sqrt_total_correct	9636917653559417038	core-reconstructed	not-attempted	core-directed reconstruction succeeded	74420208	collect=163167,pre-reconstruct=765583,normalize=115833,monomorphize=1323708,instantiate=77000,translate=4224459,solve=67122625,replay=4458,reconstruct=623375	
velvet	crush-core	1	Velvet/Examples/Examples_Total.lean|sqrt_total_correct|13073343856082995605	sqrt_total_correct	13073343856082995605	selected-fact	not-attempted	closed from a selected Lean fact	144875	collect=144875	
velvet	crush-core	1	Velvet/Examples/Examples_Total.lean|sqrt_total_correct|13635698331308129878	sqrt_total_correct	9636917653559417038	core-reconstructed	not-attempted	core-directed reconstruction succeeded	47484165	collect=106833,pre-reconstruct=404667,normalize=109375,monomorphize=926625,instantiate=77708,translate=3927875,solve=39446666,replay=4708,reconstruct=2479708	
velvet	crush-core	1	Velvet/Examples/Examples_Total.lean|sqrt_total_correct|10800841518550636949	sqrt_total_correct	123143008762622395	core-reconstructed	not-attempted	core-directed reconstruction succeeded	80294167	collect=159167,pre-reconstruct=690750,normalize=128875,monomorphize=1664292,instantiate=72250,translate=4455042,solve=56257708,replay=5541,reconstruct=16860542	
velvet	crush-core	1	Velvet/Examples/Examples_Total.lean|sqrt_total_correct|12457966505053151830	sqrt_total_correct	3661544389526892522	core-reconstructed	not-attempted	core-directed reconstruction succeeded	356564625	collect=151125,pre-reconstruct=5378250,normalize=126584,monomorphize=1712083,instantiate=73459,translate=4650375,solve=75922833,replay=4583,reconstruct=268545333	
velvet	crush-core	1	Velvet/Examples/Examples_Total.lean|sqrt_total_correct|17578352201394481400	sqrt_total_correct	17578352201394481400	core-reconstructed	not-attempted	core-directed reconstruction succeeded	295778917	collect=147542,pre-reconstruct=5004917,normalize=128125,monomorphize=1850917,instantiate=79666,translate=4366791,solve=42505458,replay=4834,reconstruct=241690667	
velvet	crush-core	1	Velvet/Examples/Examples_Total.lean|cbrt_correct|628191952620585962	cbrt_correct	5307985127850147097	core-reconstructed	not-attempted	core-directed reconstruction succeeded	61006292	collect=150209,pre-reconstruct=420958,normalize=107500,monomorphize=929875,instantiate=77291,translate=3930750,solve=41389250,replay=4334,reconstruct=13996125	
velvet	crush-core	1	Velvet/Examples/Examples_Total.lean|cbrt_correct|5408980950461060684	cbrt_correct	6765116615704103050	core-reconstructed	not-attempted	core-directed reconstruction succeeded	61727083	collect=139875,pre-reconstruct=386875,normalize=114042,monomorphize=1031375,instantiate=77542,translate=3979834,solve=37519916,replay=4416,reconstruct=18473208	
velvet	crush-core	1	Velvet/Examples/Examples_Total.lean|cbrt_correct|17796805544787031687	cbrt_correct	17796805544787031687	core-reconstructed	not-attempted	core-directed reconstruction succeeded	44809207	collect=132208,pre-reconstruct=370042,normalize=106833,monomorphize=929833,instantiate=69292,translate=3757291,solve=36580291,replay=4417,reconstruct=2859000	
velvet	crush-core	1	Velvet/Examples/Examples_Total.lean|cbrt_correct|12597585967811959528	cbrt_correct	6259749615389096762	core-reconstructed	not-attempted	core-directed reconstruction succeeded	87669207	collect=150125,pre-reconstruct=5035583,normalize=136041,monomorphize=1949958,instantiate=73208,translate=4468209,solve=62239666,replay=4500,reconstruct=13611917	
velvet	crush-core	1	Velvet/Examples/Examples_Total.lean|cbrt_correct|17892696244691966181	cbrt_correct	17892696244691966181	core-reconstructed	not-attempted	core-directed reconstruction succeeded	566013209	collect=158416,pre-reconstruct=764250,normalize=161625,monomorphize=2474917,instantiate=73583,translate=4638084,solve=51674250,replay=3917,reconstruct=506064167	
velvet	crush-core	1	Velvet/Examples/Examples_Total.lean|cbrt_correct|11504389341422214604	cbrt_correct	6259749615389096762	unknown	not-attempted	solver exited without a verdict	5032632834	collect=152708,pre-reconstruct=794459,normalize=130625,monomorphize=1619625,instantiate=78125,translate=4372000,solve=5025485292	
velvet	crush-core	1	Velvet/Examples/Examples_Total.lean|cbrt_correct|1828175149019549874	cbrt_correct	1828175149019549874	selected-fact	not-attempted	closed from a selected Lean fact	164916	collect=164916	
velvet	crush-core	1	Velvet/Examples/Examples_Total.lean|cbrt_correct|8027176826117333927	cbrt_correct	6259749615389096762	core-reconstructed	not-attempted	core-directed reconstruction succeeded	45013959	collect=131875,pre-reconstruct=436000,normalize=113042,monomorphize=1029500,instantiate=86875,translate=4466125,solve=35352584,replay=4625,reconstruct=3393333	
velvet	crush-core	1	Velvet/Examples/Examples_Total.lean|cbrt_correct|8642365996124661698	cbrt_correct	123143008762622395	core-reconstructed	not-attempted	core-directed reconstruction succeeded	84422335	collect=165792,pre-reconstruct=737583,normalize=143375,monomorphize=2070958,instantiate=79959,translate=4707625,solve=58089084,replay=4250,reconstruct=18423709	
velvet	crush-core	1	Velvet/Examples/Examples_Total.lean|cbrt_correct|1031468476226669362	cbrt_correct	6765116615704103050	core-reconstructed	not-attempted	core-directed reconstruction succeeded	469824043	collect=153708,pre-reconstruct=5463542,normalize=140167,monomorphize=2035333,instantiate=75709,translate=4529709,solve=175600584,replay=4000,reconstruct=281821291	
velvet	crush-core	1	Velvet/Examples/Examples_Total.lean|cbrt_correct|9859620190106577091	cbrt_correct	9859620190106577091	core-reconstructed	not-attempted	core-directed reconstruction succeeded	118337083	collect=159958,pre-reconstruct=5126292,normalize=150000,monomorphize=2401000,instantiate=77708,translate=4602708,solve=75773167,replay=4250,reconstruct=30042000	
velvet	crush-core	1	Velvet/Examples/Examples_Total.lean|sqrt_bn_correct|17809363630590163151	sqrt_bn_correct	3661544389526892522	core-reconstructed	not-attempted	core-directed reconstruction succeeded	71061125	collect=186084,pre-reconstruct=7419125,normalize=169916,monomorphize=3470667,instantiate=80709,translate=5548041,solve=52761625,replay=4583,reconstruct=1420375	
velvet	crush-core	1	Velvet/Examples/Examples_Total.lean|sqrt_bn_correct|3756677303263535492	sqrt_bn_correct	3756677303263535492	core-reconstructed	not-attempted	core-directed reconstruction succeeded	93946460	collect=196334,pre-reconstruct=897542,normalize=191625,monomorphize=3615917,instantiate=93417,translate=6141083,solve=41966458,replay=4917,reconstruct=40839167	
velvet	crush-core	1	Velvet/Examples/Examples_Total.lean|sqrt_bn_correct|845228717509319176	sqrt_bn_correct	845228717509319176	core-reconstructed	not-attempted	core-directed reconstruction succeeded	70908417	collect=194000,pre-reconstruct=935833,normalize=188250,monomorphize=3566084,instantiate=81208,translate=5535125,solve=38619750,replay=4542,reconstruct=21783625	
velvet	crush-core	1	Velvet/Examples/Examples_Total.lean|sqrt_bn_correct|14080923781397173690	sqrt_bn_correct	3661544389526892522	core-reconstructed	not-attempted	core-directed reconstruction succeeded	64991539	collect=172875,pre-reconstruct=915333,normalize=159416,monomorphize=3009250,instantiate=75792,translate=5376166,solve=54611500,replay=4041,reconstruct=667166	
velvet	crush-core	1	Velvet/Examples/Examples_Total.lean|sqrt_bn_correct|2013384436827156188	sqrt_bn_correct	2013384436827156188	core-reconstructed	not-attempted	core-directed reconstruction succeeded	95513790	collect=177666,pre-reconstruct=836583,normalize=176208,monomorphize=3613792,instantiate=81542,translate=5512708,solve=46364500,replay=5083,reconstruct=38745708	
velvet	crush-core	1	Velvet/Examples/Examples_Total.lean|sqrt_bn_correct|14080923781397173690	sqrt_bn_correct	3661544389526892522	core-reconstructed	not-attempted	core-directed reconstruction succeeded	66811458	collect=162917,pre-reconstruct=878916,normalize=127125,monomorphize=1808000,instantiate=77833,translate=4875000,solve=58225959,replay=6250,reconstruct=649458	
velvet	crush-core	1	Velvet/Examples/Examples_Total.lean|sqrt_bn_correct|5112937323286018014	sqrt_bn_correct	5112937323286018014	selected-fact	not-attempted	closed from a selected Lean fact	160583	collect=160583	
velvet	crush-core	1	Velvet/Examples/Examples_Total.lean|sqrt_bn_correct|4559485301326837329	sqrt_bn_correct	4559485301326837329	core-reconstructed	not-attempted	core-directed reconstruction succeeded	47209084	collect=79959,pre-reconstruct=371333,normalize=95875,monomorphize=962708,instantiate=75667,translate=3920084,solve=38668333,replay=5250,reconstruct=3029875	
velvet	crush-core	1	Velvet/Examples/Examples_Total.lean|sqrt_bn_correct|16395326812896940336	sqrt_bn_correct	3661544389526892522	core-reconstructed	not-attempted	core-directed reconstruction succeeded	64132875	collect=143041,pre-reconstruct=404500,normalize=96542,monomorphize=963792,instantiate=73583,translate=4060292,solve=38435917,replay=5125,reconstruct=19950083	
velvet	crush-core	1	Velvet/Examples/Examples_Total.lean|sqrt_bn_correct|18362062349273978007	sqrt_bn_correct	7232745374090633776	core-reconstructed	not-attempted	core-directed reconstruction succeeded	77604584	collect=170250,pre-reconstruct=798917,normalize=141917,monomorphize=2011083,instantiate=77625,translate=5033500,solve=66666916,replay=4542,reconstruct=2699834	
velvet	crush-core	1	Velvet/Examples/Examples_Total.lean|sqrt_bn_correct|8802921734925604215	sqrt_bn_correct	3661544389526892522	core-reconstructed	not-attempted	core-directed reconstruction succeeded	70337583	collect=172458,pre-reconstruct=2907750,normalize=140125,monomorphize=2172167,instantiate=97917,translate=5229167,solve=58251333,replay=5083,reconstruct=1361583	
velvet	crush-core	1	Velvet/Examples/GCD.lean|gcd_correct|9601099415740649235	gcd_correct	9601099415740649235	core-reconstructed	not-attempted	core-directed reconstruction succeeded	72452167	collect=1976917,pre-reconstruct=2514333,normalize=1603542,monomorphize=107417,instantiate=2261416,translate=5506458,solve=47250792,replay=26917,reconstruct=11204375	
velvet	crush-core	1	Velvet/Examples/IsNonPrime.lean|IsNonPrime_correct|3150397294412475763	IsNonPrime_correct	3150397294412475763	sat	not-attempted	solver returned sat	52181208	collect=540208,pre-reconstruct=2314333,normalize=208333,monomorphize=93875,instantiate=226167,translate=5074958,solve=43723334	
velvet	crush-core	1	Velvet/Examples/IsNonPrime.lean|IsNonPrime_correct|8498703091421742660	IsNonPrime_correct	8498703091421742660	core-reconstructed	not-attempted	core-directed reconstruction succeeded	3571001710	collect=270917,pre-reconstruct=124125,normalize=1374042,monomorphize=15917,instantiate=40417,translate=3207667,solve=72348333,replay=29042,reconstruct=3493591250	
velvet	crush-core	1	Velvet/Examples/IsNonPrime.lean|IsNonPrime_correct|15405612526479945524	IsNonPrime_correct	15405612526479945524	core-reconstructed	not-attempted	core-directed reconstruction succeeded	181533709	collect=183917,pre-reconstruct=2747500,normalize=1548250,monomorphize=14250,instantiate=27042,translate=2600333,solve=83828083,replay=4542,reconstruct=90579792	
velvet	crush-core	1	Velvet/Examples/IsNonPrime.lean|IsNonPrime_correct|3635621084297233985	IsNonPrime_correct	3635621084297233985	selected-fact	not-attempted	closed from a selected Lean fact	171708	collect=171708	
velvet	crush-core	1	Velvet/Examples/IsNonPrime.lean|IsNonPrime_correct|8498703091421742660	IsNonPrime_correct	8498703091421742660	core-reconstructed	not-attempted	core-directed reconstruction succeeded	70633876	collect=117417,pre-reconstruct=107834,normalize=856458,monomorphize=13250,instantiate=26041,translate=2244458,solve=53863459,replay=3667,reconstruct=13401292	
velvet	crush-core	1	Velvet/Examples/IsNonPrime.lean|IsNonPrime_correct|15497101072354692966	IsNonPrime_correct	15497101072354692966	unknown	not-attempted	solver exited without a verdict	5074854459	collect=187625,pre-reconstruct=14284667,normalize=1219625,monomorphize=14750,instantiate=31000,translate=2587167,solve=5056529625	
velvet	crush-core	1	Velvet/Examples/IsNonPrime.lean|IsNonPrime_correct|3635621084297233985	IsNonPrime_correct	3635621084297233985	selected-fact	not-attempted	closed from a selected Lean fact	198708	collect=198708	
velvet	crush-core	1	Velvet/Examples/IsNonPrime.lean|IsNonPrime_correct|16017810969246570786	IsNonPrime_correct	16017810969246570786	selected-fact	not-attempted	closed from a selected Lean fact	186250	collect=186250	
velvet	crush-core	1	Velvet/Examples/IsNonPrime.lean|IsNonPrime_correct|12543135627460772462	IsNonPrime_correct	12543135627460772462	core-reconstructed	not-attempted	core-directed reconstruction succeeded	57051874	collect=70750,pre-reconstruct=95458,normalize=41208,monomorphize=13417,instantiate=35791,translate=726000,solve=53227417,replay=4833,reconstruct=2837000	
velvet	crush-core	1	Velvet/Examples/IsNonPrime.lean|IsNonPrime_correct|1572539502098385654	IsNonPrime_correct	1572539502098385654	core-reconstructed	not-attempted	core-directed reconstruction succeeded	69194542	collect=144500,pre-reconstruct=1410417,normalize=708125,monomorphize=12875,instantiate=32834,translate=1423625,solve=45861958,replay=3916,reconstruct=19596292	
velvet	crush-core	1	Velvet/Examples/IsNonPrime.lean|IsNonPrime_correct|11076373139303988464	IsNonPrime_correct	11076373139303988464	core-reconstructed	not-attempted	core-directed reconstruction succeeded	77265374	collect=110083,pre-reconstruct=101625,normalize=58041,monomorphize=11000,instantiate=25166,translate=1106542,solve=58723333,replay=3917,reconstruct=17125667	
velvet	crush-core	1	Velvet/Examples/IsNonPrime.lean|IsNonPrime_correct|15559572021364972958	IsNonPrime_correct	15559572021364972958	unknown	not-attempted	solver exited without a verdict	5176002375	collect=179583,pre-reconstruct=128629500,normalize=837625,monomorphize=14708,instantiate=29750,translate=2404792,solve=5043906417	
velvet	crush-core	1	Velvet/Examples/IsSorted.lean|IsSorted_correct|11207960766534651515	IsSorted_correct	11207960766534651515	core-reconstructed	not-attempted	core-directed reconstruction succeeded	675983249	collect=2663417,pre-reconstruct=5251584,normalize=3078125,monomorphize=101541,instantiate=554768625,translate=38927792,solve=53140458,replay=27416,reconstruct=18024291	
velvet	crush-core	1	Velvet/Examples/IsSorted.lean|IsSorted_correct|4413675682266163545	IsSorted_correct	7061492355100973697	pre-reconstructed	not-attempted	closed before SMT translation	92926000	collect=335250,pre-reconstruct=92590750	
velvet	crush-core	1	Velvet/Examples/IsSorted.lean|IsSorted_correct|9518487208184120090	IsSorted_correct	9518487208184120090	pre-reconstructed	not-attempted	closed before SMT translation	111393834	collect=271792,pre-reconstruct=111122042	
velvet	crush-core	1	Velvet/Examples/IsSorted.lean|IsSorted_correct|11207960766534651515	IsSorted_correct	11207960766534651515	core-reconstructed	not-attempted	core-directed reconstruction succeeded	662413334	collect=263500,pre-reconstruct=3439334,normalize=2769875,monomorphize=22875,instantiate=558466708,translate=32178875,solve=50924208,replay=5334,reconstruct=14342625	
velvet	crush-core	1	Velvet/Examples/IsSorted.lean|IsSorted_correct|16465854614385299804	IsSorted_correct	7061492355100973697	core-reconstructed	not-attempted	core-directed reconstruction succeeded	2603487834	collect=294500,pre-reconstruct=264692625,normalize=2968833,monomorphize=25917,instantiate=1867086708,translate=74328083,solve=84465334,replay=4500,reconstruct=309621334	
velvet	crush-core	1	Velvet/Examples/IsSorted.lean|IsSorted_correct|1749803822950348457	IsSorted_correct	9518487208184120090	pre-reconstructed	not-attempted	closed before SMT translation	1277792	collect=283333,pre-reconstruct=994459	
velvet	crush-core	1	Velvet/Examples/IsSorted.lean|IsSorted_correct|6461838523585744673	IsSorted_correct	6461838523585744673	core-reconstructed	not-attempted	core-directed reconstruction succeeded	317846377	collect=225042,pre-reconstruct=2256334,normalize=2520167,monomorphize=24500,instantiate=221771125,translate=15251792,solve=59447042,replay=5875,reconstruct=16344500	
velvet	crush-core	1	Velvet/Examples/IsSorted.lean|IsSorted_correct|5698263445699273715	IsSorted_correct	7061492355100973697	pre-reconstructed	not-attempted	closed before SMT translation	1397501	collect=288292,pre-reconstruct=1109209	
velvet	crush-core	1	Velvet/Examples/IsSorted.lean|IsSorted_correct|1749803822950348457	IsSorted_correct	9518487208184120090	pre-reconstructed	not-attempted	closed before SMT translation	1110042	collect=250542,pre-reconstruct=859500	
velvet	crush-core	1	Velvet/Examples/IsSorted.lean|IsSorted_correct|16458001095677251802	IsSorted_correct	16458001095677251802	core-reconstructed	not-attempted	core-directed reconstruction succeeded	342703584	collect=196792,pre-reconstruct=39079083,normalize=2310583,monomorphize=22750,instantiate=224301625,translate=15377584,solve=39995167,replay=5125,reconstruct=21414875	
velvet	crush-core	1	Velvet/Examples/IsSorted.lean|IsSorted_correct|11716511832970583731	IsSorted_correct	11716511832970583731	core-reconstructed	not-attempted	core-directed reconstruction succeeded	222200793	collect=205708,pre-reconstruct=1734250,normalize=1290292,monomorphize=18917,instantiate=147260417,translate=11792834,solve=51868916,replay=5042,reconstruct=8024417	
velvet	crush-core	1	Velvet/Examples/IsSorted.lean|IsSorted_correct|13412663338101939313	IsSorted_correct	7061492355100973697	pre-reconstructed	not-attempted	closed before SMT translation	6271417	collect=241250,pre-reconstruct=6030167	
velvet	crush-core	1	Velvet/Examples/IsSorted.lean|IsSorted_correct|10877051663303345536	IsSorted_correct	9518487208184120090	pre-reconstructed	not-attempted	closed before SMT translation	7133000	collect=172917,pre-reconstruct=6960083	
velvet	crush-core	1	Velvet/Examples/IsSorted.lean|IsSorted_correct|2102916384874846137	IsSorted_correct	2102916384874846137	core-reconstructed	not-attempted	core-directed reconstruction succeeded	18569519958	collect=237625,pre-reconstruct=153990125,normalize=2758708,monomorphize=22500,instantiate=96841292,translate=16983667,solve=5055903458,translate-fallback=15330666,solve-fallback=229658250,replay=5417,reconstruct=12997788250	
velvet	crush-core	1	Velvet/Examples/MaxElem.lean|maxElem_correct|6189042491608852705	maxElem_correct	6189042491608852705	core-reconstructed	not-attempted	core-directed reconstruction succeeded	86089375	collect=1567375,pre-reconstruct=3561334,normalize=2123625,monomorphize=102916,instantiate=216333,translate=9588167,solve=54833959,replay=37500,reconstruct=14058166	
velvet	crush-core	1	Velvet/Examples/MaxElem.lean|maxElem_correct|13979591039540523316	maxElem_correct	8435436090805571502	core-reconstructed	not-attempted	core-directed reconstruction succeeded	78642083	collect=218750,pre-reconstruct=1776500,normalize=1927000,monomorphize=19292,instantiate=28833,translate=4562333,solve=42815750,replay=4958,reconstruct=27288667	
velvet	crush-core	1	Velvet/Examples/MaxElem.lean|maxElem_correct|6189042491608852705	maxElem_correct	6189042491608852705	core-reconstructed	not-attempted	core-directed reconstruction succeeded	75876375	collect=223583,pre-reconstruct=2088042,normalize=1716750,monomorphize=19833,instantiate=34125,translate=4030292,solve=57366583,replay=5875,reconstruct=10391292	
velvet	crush-core	1	Velvet/Examples/MaxElem.lean|maxElem_correct|3496913807798796367	maxElem_correct	3368518466434627767	core-reconstructed	not-attempted	core-directed reconstruction succeeded	162978542	collect=297125,pre-reconstruct=5944542,normalize=1703041,monomorphize=22584,instantiate=35584,translate=4156958,solve=36420250,replay=4792,reconstruct=114393666	
velvet	crush-core	1	Velvet/Examples/MaxElem.lean|maxElem_correct|13935834157065255340	maxElem_correct	13935834157065255340	core-reconstructed	not-attempted	core-directed reconstruction succeeded	68230294	collect=191750,pre-reconstruct=1131125,normalize=1270000,monomorphize=16625,instantiate=27084,translate=3032709,solve=51332084,replay=4667,reconstruct=11224250	
velvet	crush-core	1	Velvet/Examples/MaxElem.lean|maxElem_correct|10716558625718226994	maxElem_correct	3368518466434627767	pre-reconstructed	not-attempted	closed before SMT translation	824917	collect=199167,pre-reconstruct=625750	
velvet	crush-core	1	Velvet/Examples/MaxElem.lean|maxElem_correct|12429897440204793908	maxElem_correct	12429897440204793908	core-reconstructed	not-attempted	core-directed reconstruction succeeded	52886126	collect=122542,pre-reconstruct=446209,normalize=1126125,monomorphize=16583,instantiate=24833,translate=2886125,solve=36256833,replay=4417,reconstruct=12002459	
velvet	crush-core	1	Velvet/Examples/MaxElem.lean|maxElem_correct|6662270672118944889	maxElem_correct	6662270672118944889	core-reconstructed	not-attempted	core-directed reconstruction succeeded	58084960	collect=144750,pre-reconstruct=1404375,normalize=444334,monomorphize=11334,instantiate=24416,translate=1827250,solve=42603834,replay=6125,reconstruct=11618542	
velvet	crush-core	1	Velvet/Examples/MaxElem.lean|maxElem_correct|10294878435885712953	maxElem_correct	4988386822408839803	core-reconstructed	not-attempted	core-directed reconstruction succeeded	57390790	collect=180500,pre-reconstruct=110958,normalize=814583,monomorphize=12083,instantiate=27958,translate=2624125,solve=40317000,replay=4500,reconstruct=13299083	
velvet	crush-core	1	Velvet/Examples/MaxElem.lean|maxElem_correct|15821608085576758365	maxElem_correct	14098165805487489891	core-reconstructed	not-attempted	core-directed reconstruction succeeded	57278334	collect=251125,pre-reconstruct=731000,normalize=1458667,monomorphize=18667,instantiate=29667,translate=3871292,solve=49409583,replay=4250,reconstruct=1504083	
velvet	crush-core	1	Velvet/Examples/MemAlloc.lean|mem_alloc_correct|633235845480694220	mem_alloc_correct	13644601314536403191	pre-reconstructed	not-attempted	closed before SMT translation	5835112999	collect=21451916,pre-reconstruct=5813661083	
velvet	crush-core	1	Velvet/Examples/MemAlloc.lean|mem_alloc_correct|12262280732602434251	mem_alloc_correct	17594606446654630769	pre-reconstructed	not-attempted	closed before SMT translation	25180000	collect=236000,pre-reconstruct=24944000	
velvet	crush-core	1	Velvet/Examples/MemAlloc.lean|mem_alloc_correct|5395433166570123997	mem_alloc_correct	5395433166570123997	core-reconstructed	not-attempted	core-directed reconstruction succeeded	116648835	collect=253125,pre-reconstruct=698333,normalize=3633125,monomorphize=124334,instantiate=251125,translate=11413917,solve=89456542,replay=28334,reconstruct=10790000	
velvet	crush-core	1	Velvet/Examples/MemAlloc.lean|mem_alloc_correct|7858921023181799469	mem_alloc_correct	7858921023181799469	unknown	not-attempted	no reason given	363086416	collect=256500,pre-reconstruct=278950083,normalize=2991083,monomorphize=19375,instantiate=31791,translate=4914292,solve=75923292	
velvet	crush-core	1	Velvet/Examples/MemAlloc.lean|mem_alloc_correct|12307778664191690486	mem_alloc_correct	12307778664191690486	core-reconstructed	not-attempted	core-directed reconstruction succeeded	263990959	collect=285041,pre-reconstruct=160656209,normalize=2886250,monomorphize=20459,instantiate=38667,translate=4786125,solve=74304541,replay=4292,reconstruct=21009375	
velvet	crush-core	1	Velvet/Examples/MemAlloc.lean|mem_alloc_correct|14651957694487509304	mem_alloc_correct	14651957694487509304	selected-fact	not-attempted	closed from a selected Lean fact	243042	collect=243042	
velvet	crush-core	1	Velvet/Examples/MemAlloc.lean|mem_alloc_correct|5395433166570123997	mem_alloc_correct	5395433166570123997	core-reconstructed	not-attempted	core-directed reconstruction succeeded	73682749	collect=242417,pre-reconstruct=575375,normalize=2595583,monomorphize=17125,instantiate=29917,translate=4393083,solve=57193166,replay=5666,reconstruct=8630417	
velvet	crush-core	1	Velvet/Examples/MemAlloc.lean|mem_alloc_correct|7320909626913503829	mem_alloc_correct	7320909626913503829	selected-fact	not-attempted	closed from a selected Lean fact	248625	collect=248625	
velvet	crush-core	1	Velvet/Examples/MemAlloc.lean|mem_alloc_correct|13680370559755953061	mem_alloc_correct	13680370559755953061	selected-fact	not-attempted	closed from a selected Lean fact	185250	collect=185250	
velvet	crush-core	1	Velvet/Examples/MemAlloc.lean|mem_alloc_correct|5395433166570123997	mem_alloc_correct	5395433166570123997	core-reconstructed	not-attempted	core-directed reconstruction succeeded	71185836	collect=125959,pre-reconstruct=460542,normalize=1121584,monomorphize=12667,instantiate=27292,translate=2422958,solve=57830334,replay=6292,reconstruct=9178208	
velvet	crush-core	1	Velvet/Examples/MemAlloc.lean|mem_alloc_correct|9725332222063365643	mem_alloc_correct	9725332222063365643	pre-reconstructed	not-attempted	closed before SMT translation	216556875	collect=248292,pre-reconstruct=216308583	
velvet	crush-core	1	Velvet/Examples/MemAlloc.lean|mem_alloc_correct|400422252958227942	mem_alloc_correct	400422252958227942	pre-reconstructed	not-attempted	closed before SMT translation	22726834	collect=231417,pre-reconstruct=22495417	
velvet	crush-core	1	Velvet/Examples/MemAlloc.lean|mem_alloc_correct|880346177993498408	mem_alloc_correct	880346177993498408	selected-fact	not-attempted	closed from a selected Lean fact	213833	collect=213833	
velvet	crush-core	1	Velvet/Examples/MemAlloc.lean|mem_alloc_correct|15369885961681168000	mem_alloc_correct	4370218357807814088	unknown	not-attempted	no reason given	115781124	collect=298750,pre-reconstruct=34427583,normalize=3904583,monomorphize=23500,instantiate=37000,translate=8258875,solve=68830833	
velvet	crush-core	1	Velvet/Examples/MemAlloc.lean|mem_alloc_correct|633235845480694220	mem_alloc_correct	13644601314536403191	unknown	not-attempted	no reason given	121230832	collect=299083,pre-reconstruct=40358125,normalize=3947958,monomorphize=21542,instantiate=43833,translate=6888958,solve=69671333	
velvet	crush-core	1	Velvet/Examples/Recursion.lean|simple_recursion_correct|16321134497628070328	simple_recursion_correct	16321134497628070328	core-reconstructed	not-attempted	core-directed reconstruction succeeded	122950042	collect=3099542,pre-reconstruct=4331167,normalize=331500,monomorphize=575250,instantiate=896541,translate=23367084,solve=63328708,replay=27708,reconstruct=26992542	
velvet	crush-core	1	Velvet/Examples/Recursion.lean|pickGreater_correct|15399959404188881270	pickGreater_correct	15399959404188881270	pre-reconstructed	not-attempted	closed before SMT translation	69296000	collect=588125,pre-reconstruct=68707875	
velvet	crush-core	1	Velvet/Examples/Recursion.lean|pickGreater_correct|6729724634728447689	pickGreater_correct	6729724634728447689	core-reconstructed	not-attempted	core-directed reconstruction succeeded	93459209	collect=131958,pre-reconstruct=220000,normalize=1018667,monomorphize=10667,instantiate=26125,translate=954167,solve=72543000,replay=4500,reconstruct=18550125	
velvet	crush-core	1	Velvet/Examples/Recursion.lean|pickGreaterN_correct|6331840417009367668	pickGreaterN_correct	6331840417009367668	core-reconstructed	not-attempted	core-directed reconstruction succeeded	78969082	collect=581500,pre-reconstruct=121208,normalize=540791,monomorphize=13375,instantiate=35458,translate=1030833,solve=60705042,replay=4209,reconstruct=15936666	
velvet	crush-core	1	Velvet/Examples/Recursion.lean|pickGreaterN_correct|928177310960349346	pickGreaterN_correct	928177310960349346	core-reconstructed	not-attempted	core-directed reconstruction succeeded	113576583	collect=310750,pre-reconstruct=109375,normalize=904750,monomorphize=11959,instantiate=28125,translate=1423500,solve=76930833,replay=3791,reconstruct=33853500	
velvet	crush-core	1	Velvet/Examples/Recursion.lean|calc_fact_correct|14502607232842720358	calc_fact_correct	14502607232842720358	core-reconstructed	not-attempted	core-directed reconstruction succeeded	63275003	collect=689458,pre-reconstruct=927042,normalize=713834,monomorphize=25084,instantiate=16397667,translate=2033084,solve=34233375,replay=4542,reconstruct=8250917	
velvet	crush-core	1	Velvet/Examples/Recursion.lean|calc_fact_correct|5360899794933563671	calc_fact_correct	5360899794933563671	selected-fact	not-attempted	closed from a selected Lean fact	196542	collect=196542	
velvet	crush-core	1	Velvet/Examples/Recursion.lean|calc_fact_correct|16083086069592683677	calc_fact_correct	16083086069592683677	core-reconstructed	not-attempted	core-directed reconstruction succeeded	121919373	collect=124541,pre-reconstruct=2801083,normalize=1076416,monomorphize=16833,instantiate=27423000,translate=3313000,solve=62156417,replay=5416,reconstruct=25002667	
velvet	crush-core	1	Velvet/Examples/Recursion.lean|calc_fact_correct|17426933449823366573	calc_fact_correct	17426933449823366573	core-reconstructed	not-attempted	core-directed reconstruction succeeded	143134749	collect=215500,pre-reconstruct=460167,normalize=1077541,monomorphize=19041,instantiate=28258083,translate=3957625,solve=79058125,replay=4625,reconstruct=30084042	
velvet	crush-core	1	Velvet/Examples/Recursion.lean|calc_fact_correct|3040060259141493307	calc_fact_correct	3040060259141493307	selected-fact	not-attempted	closed from a selected Lean fact	207292	collect=207292	
velvet	crush-core	1	Velvet/Examples/Recursion.lean|calc_fact_correct|8843960039229350233	calc_fact_correct	8843960039229350233	core-reconstructed	not-attempted	core-directed reconstruction succeeded	81685667	collect=104375,pre-reconstruct=331667,normalize=737875,monomorphize=15916,instantiate=26567667,translate=2511334,solve=48783375,replay=4750,reconstruct=2628708	
velvet	crush-core	1	Velvet/Examples/Recursion.lean|calc_fact_correct|414362943496193222	calc_fact_correct	414362943496193222	core-reconstructed	not-attempted	core-directed reconstruction succeeded	70572500	collect=170292,pre-reconstruct=1135750,normalize=915166,monomorphize=16875,instantiate=27552125,translate=2663792,solve=35890917,replay=4583,reconstruct=2223000	
velvet	crush-core	1	Velvet/Examples/Recursion.lean|calc_fact_correct|17682712502848666117	calc_fact_correct	17682712502848666117	core-reconstructed	not-attempted	core-directed reconstruction succeeded	140556956	collect=184208,pre-reconstruct=589958,normalize=956083,monomorphize=17500,instantiate=27780208,translate=3289875,solve=82668041,replay=6458,reconstruct=25064625	
velvet	crush-core	1	Velvet/Examples/Recursion.lean|SimpleOption_correct|10153057550358142642	SimpleOption_correct	10153057550358142642	core-reconstructed	not-attempted	core-directed reconstruction succeeded	67377416	collect=322792,pre-reconstruct=276291,normalize=827250,monomorphize=14875,instantiate=16833458,translate=1401583,solve=45430917,replay=5125,reconstruct=2265125	
velvet	crush-core	1	Velvet/Examples/Recursion.lean|SimpleOption_correct|1511426402368662420	SimpleOption_correct	1511426402368662420	core-reconstructed	not-attempted	core-directed reconstruction succeeded	109092625	collect=198833,pre-reconstruct=338584,normalize=894750,monomorphize=14917,instantiate=40028458,translate=1797417,solve=62581666,replay=5375,reconstruct=3232625	
velvet	crush-core	1	Velvet/Examples/Recursion.lean|SimpleList_correct|12303175613740643342	SimpleList_correct	12303175613740643342	core-reconstructed	not-attempted	core-directed reconstruction succeeded	124607416	collect=513458,pre-reconstruct=425834,normalize=1223292,monomorphize=16083,instantiate=49582875,translate=4977708,solve=48681125,replay=4958,reconstruct=19182083	
velvet	crush-core	1	Velvet/Examples/Recursion.lean|SimpleList_correct|10153057550358142642	SimpleList_correct	10153057550358142642	core-reconstructed	not-attempted	core-directed reconstruction succeeded	48555793	collect=179042,pre-reconstruct=337625,normalize=867917,monomorphize=16958,instantiate=15860334,translate=2054792,solve=26836541,replay=4709,reconstruct=2397875	
velvet	crush-core	1	Velvet/Examples/Recursion.lean|insertTree_correct|419217539048902517	insertTree_correct	6124558152003517874	core-reconstructed	not-attempted	core-directed reconstruction succeeded	90166836	collect=690125,pre-reconstruct=1035917,normalize=1203292,monomorphize=5082792,instantiate=8138250,translate=4360667,solve=65416042,replay=5209,reconstruct=4234542	
velvet	crush-core	1	Velvet/Examples/Recursion.lean|insertTree_correct|14100858011260313832	insertTree_correct	10921538662002129566	core-reconstructed	not-attempted	core-directed reconstruction succeeded	67662249	collect=296333,pre-reconstruct=1042875,normalize=1300916,monomorphize=4724333,instantiate=6656667,translate=4191542,solve=44530333,replay=3875,reconstruct=4915375	
velvet	crush-core	1	Velvet/Examples/Recursion.lean|insertTree_correct|5439148242694091386	insertTree_correct	5439148242694091386	core-reconstructed	not-attempted	core-directed reconstruction succeeded	92943542	collect=260125,pre-reconstruct=1372125,normalize=1770000,monomorphize=4385083,instantiate=6788209,translate=4136458,solve=57724792,replay=4667,reconstruct=16502083	
velvet	crush-core	1	Velvet/Examples/Recursion.lean|insertTree_correct|13358020527010658417	insertTree_correct	13358020527010658417	core-reconstructed	not-attempted	core-directed reconstruction succeeded	71777958	collect=279667,pre-reconstruct=878375,normalize=1173125,monomorphize=4302125,instantiate=6916416,translate=4033958,solve=51419709,replay=4666,reconstruct=2769917	
velvet	crush-core	1	Velvet/Examples/Recursion.lean|insertTree_correct|8603391761408256204	insertTree_correct	11864513577345326864	core-reconstructed	not-attempted	core-directed reconstruction succeeded	57336749	collect=250083,pre-reconstruct=1023709,normalize=1240291,monomorphize=4707708,instantiate=6594834,translate=4203458,solve=34580125,replay=3833,reconstruct=4732708	
velvet	crush-core	1	Velvet/Examples/Recursion.lean|insertTree_correct|403261720200322615	insertTree_correct	403261720200322615	core-reconstructed	not-attempted	core-directed reconstruction succeeded	91662958	collect=250167,pre-reconstruct=1182500,normalize=1706750,monomorphize=4442958,instantiate=6487666,translate=4083125,solve=50581167,replay=4416,reconstruct=22924209	
velvet	crush-core	1	Velvet/Examples/Recursion.lean|insertTree_correct|13334821868243949956	insertTree_correct	13334821868243949956	core-reconstructed	not-attempted	core-directed reconstruction succeeded	69984209	collect=311458,pre-reconstruct=1007500,normalize=1376750,monomorphize=4310167,instantiate=6906958,translate=3994750,solve=49141625,replay=4209,reconstruct=2930792	
velvet	crush-core	1	Velvet/Examples/Recursion.lean|insertTree_correct|10034441991535992553	insertTree_correct	2266607705858558304	core-reconstructed	not-attempted	core-directed reconstruction succeeded	67489500	collect=252500,pre-reconstruct=797375,normalize=1120334,monomorphize=4131542,instantiate=6749333,translate=3890708,solve=47332625,replay=4250,reconstruct=3210833	
velvet	crush-core	1	Velvet/Examples/Recursion.lean|insertTree_correct|8410732340261024813	insertTree_correct	18206415606574627385	core-reconstructed	not-attempted	core-directed reconstruction succeeded	94458042	collect=396333,pre-reconstruct=2526000,normalize=2457875,monomorphize=11938208,instantiate=8600875,translate=7720417,solve=52957083,replay=5042,reconstruct=7856209	
velvet	crush-core	1	Velvet/Examples/Recursion.lean|insertTree_correct|13887296291903300382	insertTree_correct	13887296291903300382	core-reconstructed	not-attempted	core-directed reconstruction succeeded	90956834	collect=342792,pre-reconstruct=1933500,normalize=2272667,monomorphize=10579250,instantiate=8997584,translate=7326208,solve=40670083,replay=6167,reconstruct=18828583	
velvet	crush-core	1	Velvet/Examples/Recursion.lean|insertTree_correct|6517665507579609563	insertTree_correct	6517665507579609563	core-reconstructed	not-attempted	core-directed reconstruction succeeded	83490498	collect=391958,pre-reconstruct=2146083,normalize=2353875,monomorphize=11690833,instantiate=8852083,translate=7474041,solve=46172625,replay=5083,reconstruct=4403917	
velvet	crush-core	1	Velvet/Examples/Recursion.lean|insertTree_correct|4691160922418792609	insertTree_correct	3724966807215875960	core-reconstructed	not-attempted	core-directed reconstruction succeeded	91601960	collect=367375,pre-reconstruct=2616667,normalize=2500542,monomorphize=12005917,instantiate=7864250,translate=8048708,solve=48299167,replay=4917,reconstruct=9894417	
velvet	crush-core	1	Velvet/Examples/Recursion.lean|insertTree_correct|5459752633259142580	insertTree_correct	5459752633259142580	core-reconstructed	not-attempted	core-directed reconstruction succeeded	98249877	collect=345708,pre-reconstruct=2080334,normalize=2293209,monomorphize=11076583,instantiate=7658084,translate=6948125,solve=42339834,replay=4833,reconstruct=25503167	
velvet	crush-core	1	Velvet/Examples/Recursion.lean|insertTree_correct|14235806948139691359	insertTree_correct	14235806948139691359	core-reconstructed	not-attempted	core-directed reconstruction succeeded	91168916	collect=337166,pre-reconstruct=2103292,normalize=2676000,monomorphize=10707625,instantiate=7361250,translate=7416250,solve=56439583,replay=5083,reconstruct=4122667	
velvet	crush-core	1	Velvet/Examples/Recursion.lean|insertTree_correct|7037529583856086989	insertTree_correct	14769059022653274503	core-reconstructed	not-attempted	core-directed reconstruction succeeded	85262794	collect=342542,pre-reconstruct=2551375,normalize=2441417,monomorphize=12215042,instantiate=7700542,translate=7131167,solve=43146667,replay=4084,reconstruct=9729958	
velvet	crush-core	1	Velvet/Examples/Recursion.lean|insertTree_correct|5348143843544294657	insertTree_correct	5348143843544294657	core-reconstructed	not-attempted	core-directed reconstruction succeeded	126427417	collect=348834,pre-reconstruct=2045375,normalize=2242417,monomorphize=11087333,instantiate=7817250,translate=6824458,solve=65616250,replay=4417,reconstruct=30441083	
velvet	crush-core	1	Velvet/Examples/Recursion.lean|insertTree_correct|11865403806314311412	insertTree_correct	11865403806314311412	core-reconstructed	not-attempted	core-directed reconstruction succeeded	97147627	collect=341875,pre-reconstruct=2046125,normalize=2194834,monomorphize=11120459,instantiate=7886500,translate=7657209,solve=61711458,replay=4834,reconstruct=4184333	
velvet	crush-core	1	Velvet/Examples/Recursion.lean|complex_measure_binsearch_correct|4528940613904177901	complex_measure_binsearch_correct	4528940613904177901	unknown	not-attempted	solver exited without a verdict	10096381290	collect=562250,pre-reconstruct=368541,normalize=1150125,monomorphize=16208,instantiate=7869084,translate=2031833,solve=5035283083,translate-fallback=1965833,solve-fallback=5047134333	
velvet	crush-core	1	Velvet/Examples/Recursion.lean|complex_measure_binsearch_correct|9897963110172432531	complex_measure_binsearch_correct	9897963110172432531	core-reconstructed	not-attempted	core-directed reconstruction succeeded	105191417	collect=643500,pre-reconstruct=507375,normalize=1522292,monomorphize=16833,instantiate=9663208,translate=3512875,solve=59958959,replay=8500,reconstruct=29357875	
velvet	crush-core	1	Velvet/Examples/Recursion.lean|pow2_correct|5804668677648722939	pow2_correct	5804668677648722939	core-reconstructed	not-attempted	core-directed reconstruction succeeded	68742044	collect=729292,pre-reconstruct=2443334,normalize=1393667,monomorphize=17417,instantiate=13848875,translate=2486875,solve=35176250,replay=4042,reconstruct=12642292	
velvet	crush-core	1	Velvet/Examples/Recursion.lean|pow2_correct|5360899794933563671	pow2_correct	5360899794933563671	selected-fact	not-attempted	closed from a selected Lean fact	285208	collect=285208	
velvet	crush-core	1	Velvet/Examples/Recursion.lean|pow2_correct|2669204144888843361	pow2_correct	2669204144888843361	core-reconstructed	not-attempted	core-directed reconstruction succeeded	99420833	collect=200958,pre-reconstruct=3623792,normalize=2019500,monomorphize=19208,instantiate=14175250,translate=3744416,solve=53132625,replay=4709,reconstruct=22500375	
velvet	crush-core	1	Velvet/Examples/Recursion.lean|pow2_correct|17426933449823366573	pow2_correct	17426933449823366573	core-reconstructed	not-attempted	core-directed reconstruction succeeded	101217707	collect=283375,pre-reconstruct=490500,normalize=1585416,monomorphize=25166,instantiate=12737250,translate=3144709,solve=51943667,replay=4208,reconstruct=31003416	
velvet	crush-core	1	Velvet/Examples/Recursion.lean|pow2_correct|3040060259141493307	pow2_correct	3040060259141493307	selected-fact	not-attempted	closed from a selected Lean fact	272708	collect=272708	
velvet	crush-core	1	Velvet/Examples/Recursion.lean|pow2_correct|8843960039229350233	pow2_correct	8843960039229350233	core-reconstructed	not-attempted	core-directed reconstruction succeeded	76089458	collect=161417,pre-reconstruct=384959,normalize=1186541,monomorphize=18458,instantiate=10777250,translate=1894292,solve=59493750,replay=4750,reconstruct=2168041	
velvet	crush-core	1	Velvet/Examples/Recursion.lean|pow2_correct|11033618788013063028	pow2_correct	11033618788013063028	selected-fact	not-attempted	closed from a selected Lean fact	235208	collect=235208	
velvet	crush-core	1	Velvet/Examples/Recursion.lean|pow2_correct|12960500676855313787	pow2_correct	12960500676855313787	core-reconstructed	not-attempted	core-directed reconstruction succeeded	90671875	collect=182750,pre-reconstruct=2399666,normalize=1611125,monomorphize=19417,instantiate=13951250,translate=3532292,solve=51526000,replay=3708,reconstruct=17445667	
velvet	crush-core	1	Velvet/Examples/SmallHeartBeats.lean|LeftmostMaximalDigit_correct|15016508801900672495	LeftmostMaximalDigit_correct	15236574120941310609	unknown	not-attempted	solver exited without a verdict	5084515960	collect=3087750,pre-reconstruct=7583875,normalize=5242917,monomorphize=113250,instantiate=230000,translate=14531959,solve=5053726209	
velvet	crush-core	1	Velvet/Examples/SmallHeartBeats.lean|LeftmostMaximalDigit_correct|15016508801900672495	LeftmostMaximalDigit_correct	15236574120941310609	unknown	not-attempted	solver exited without a verdict	5071829082	collect=498792,pre-reconstruct=6140083,normalize=5564208,monomorphize=30833,instantiate=57083,translate=9396208,solve=5050141875	
velvet	crush-core	1	Velvet/Examples/SmallHeartBeats.lean|LeftmostMaximalDigit_correct|2028202278093280602	LeftmostMaximalDigit_correct	6121938255858659784	reconstruction-failed	not-attempted	core-directed reconstruction did not close the goal	17024111667	collect=413875,pre-reconstruct=777875,normalize=5526417,monomorphize=23625,instantiate=40917,translate=8940041,solve=2995899958,replay=33500,reconstruct=14012455459	
velvet	crush-core	1	Velvet/Examples/SmallHeartBeats.lean|LeftmostMaximalDigit_correct|15016508801900672495	LeftmostMaximalDigit_correct	15236574120941310609	reconstruction-failed	not-attempted	core-directed reconstruction did not close the goal	15765340334	collect=451541,pre-reconstruct=6210375,normalize=5284125,monomorphize=24000,instantiate=34959,translate=8934375,solve=3152752250,replay=5459,reconstruct=12591643250	
velvet	crush-core	1	Velvet/Examples/SmallHeartBeats.lean|LeftmostMaximalDigit_correct|15016508801900672495	LeftmostMaximalDigit_correct	15236574120941310609	reconstruction-failed	not-attempted	core-directed reconstruction did not close the goal	15974048751	collect=367500,pre-reconstruct=5249500,normalize=4608958,monomorphize=20500,instantiate=29792,translate=8133875,solve=2926052334,replay=4792,reconstruct=13029581500	
velvet	crush-core	1	Velvet/Examples/SmallHeartBeats.lean|LeftmostMaximalDigit_correct|3737123472131748703	LeftmostMaximalDigit_correct	15236574120941310609	pre-reconstructed	not-attempted	closed before SMT translation	2746584	collect=369042,pre-reconstruct=2377542	
velvet	crush-core	1	Velvet/Examples/SmallHeartBeats.lean|LeftmostMaximalDigit_correct|7513237505621560861	LeftmostMaximalDigit_correct	7513237505621560861	selected-fact	not-attempted	closed from a selected Lean fact	137416	collect=137416	
velvet	crush-core	1	Velvet/Examples/SmallHeartBeats.lean|LeftmostMaximalDigit_correct|8096766621563827002	LeftmostMaximalDigit_correct	17680906660210225647	core-reconstructed	not-attempted	core-directed reconstruction succeeded	117600334	collect=187792,pre-reconstruct=414917,normalize=2526625,monomorphize=17958,instantiate=29250,translate=4414375,solve=95861375,replay=6417,reconstruct=14141625	
velvet	crush-core	1	Velvet/Examples/SmallHeartBeats.lean|LeftmostMaximalDigit_correct|18343663110535115658	LeftmostMaximalDigit_correct	5956152800418677151	unknown	not-attempted	solver exited without a verdict	5087692667	collect=262750,pre-reconstruct=9918166,normalize=4783250,monomorphize=21834,instantiate=40958,translate=12308417,solve=5060357292	
velvet	crush-core	1	Velvet/Examples/SmallHeartBeats.lean|LeftmostMaximalDigit_correct|15016508801900672495	LeftmostMaximalDigit_correct	15236574120941310609	unknown	not-attempted	solver exited without a verdict	5084515960	collect=3087750,pre-reconstruct=7583875,normalize=5242917,monomorphize=113250,instantiate=230000,translate=14531959,solve=5053726209	
velvet	crush-core	1	Velvet/Examples/SmallHeartBeats.lean|LeftmostMaximalDigit_correct|15016508801900672495	LeftmostMaximalDigit_correct	15236574120941310609	unknown	not-attempted	solver exited without a verdict	5071829082	collect=498792,pre-reconstruct=6140083,normalize=5564208,monomorphize=30833,instantiate=57083,translate=9396208,solve=5050141875	
velvet	crush-core	1	Velvet/Examples/SmallHeartBeats.lean|LeftmostMaximalDigit_correct|2028202278093280602	LeftmostMaximalDigit_correct	6121938255858659784	reconstruction-failed	not-attempted	core-directed reconstruction did not close the goal	17024111667	collect=413875,pre-reconstruct=777875,normalize=5526417,monomorphize=23625,instantiate=40917,translate=8940041,solve=2995899958,replay=33500,reconstruct=14012455459	
velvet	crush-core	1	Velvet/Examples/SmallHeartBeats.lean|LeftmostMaximalDigit_correct|15016508801900672495	LeftmostMaximalDigit_correct	15236574120941310609	reconstruction-failed	not-attempted	core-directed reconstruction did not close the goal	15765340334	collect=451541,pre-reconstruct=6210375,normalize=5284125,monomorphize=24000,instantiate=34959,translate=8934375,solve=3152752250,replay=5459,reconstruct=12591643250	
velvet	crush-core	1	Velvet/Examples/SmallHeartBeats.lean|LeftmostMaximalDigit_correct|15016508801900672495	LeftmostMaximalDigit_correct	15236574120941310609	reconstruction-failed	not-attempted	core-directed reconstruction did not close the goal	15974048751	collect=367500,pre-reconstruct=5249500,normalize=4608958,monomorphize=20500,instantiate=29792,translate=8133875,solve=2926052334,replay=4792,reconstruct=13029581500	
velvet	crush-core	1	Velvet/Examples/SmallHeartBeats.lean|LeftmostMaximalDigit_correct|3737123472131748703	LeftmostMaximalDigit_correct	15236574120941310609	pre-reconstructed	not-attempted	closed before SMT translation	2746584	collect=369042,pre-reconstruct=2377542	
velvet	crush-core	1	Velvet/Examples/SmallHeartBeats.lean|LeftmostMaximalDigit_correct|7513237505621560861	LeftmostMaximalDigit_correct	7513237505621560861	selected-fact	not-attempted	closed from a selected Lean fact	137416	collect=137416	
velvet	crush-core	1	Velvet/Examples/SmallHeartBeats.lean|LeftmostMaximalDigit_correct|8096766621563827002	LeftmostMaximalDigit_correct	17680906660210225647	core-reconstructed	not-attempted	core-directed reconstruction succeeded	117600334	collect=187792,pre-reconstruct=414917,normalize=2526625,monomorphize=17958,instantiate=29250,translate=4414375,solve=95861375,replay=6417,reconstruct=14141625	
velvet	crush-core	1	Velvet/Examples/SmallHeartBeats.lean|LeftmostMaximalDigit_correct|18343663110535115658	LeftmostMaximalDigit_correct	5956152800418677151	unknown	not-attempted	solver exited without a verdict	5087692667	collect=262750,pre-reconstruct=9918166,normalize=4783250,monomorphize=21834,instantiate=40958,translate=12308417,solve=5060357292	
velvet	crush-core	1	Velvet/Examples/SpMSpV_Example.lean|VSpV_correct|8738685113314976701	VSpV_correct	8738685113314976701	core-reconstructed	not-attempted	core-directed reconstruction succeeded	112776792	collect=846375,pre-reconstruct=1935500,normalize=2242583,monomorphize=14919250,instantiate=10443000,translate=19357042,solve=48228208,replay=35417,reconstruct=14769417	
velvet	crush-core	1	Velvet/Examples/SpMSpV_Example.lean|VSpV_correct|3203096880704497577	VSpV_correct	3203096880704497577	core-reconstructed	not-attempted	core-directed reconstruction succeeded	203175334	collect=265833,pre-reconstruct=23812459,normalize=2401542,monomorphize=20333167,instantiate=32747042,translate=22897875,solve=55498583,replay=4333,reconstruct=45214500	
velvet	crush-core	1	Velvet/Examples/SpMSpV_Example.lean|VSpV_correct|6511268073169614694	VSpV_correct	6511268073169614694	core-reconstructed	not-attempted	core-directed reconstruction succeeded	84233207	collect=249667,pre-reconstruct=5371125,normalize=1862041,monomorphize=12764875,instantiate=8451333,translate=12122958,solve=41208625,replay=4333,reconstruct=2198250	
velvet	crush-core	1	Velvet/Examples/SpMSpV_Example.lean|VSpV_correct|975338514235632457	VSpV_correct	975338514235632457	core-reconstructed	not-attempted	core-directed reconstruction succeeded	64167915	collect=207708,pre-reconstruct=538750,normalize=161000,monomorphize=10802000,instantiate=1562041,translate=8359250,solve=39888625,replay=4125,reconstruct=2644416	
velvet	crush-core	1	Velvet/Examples/SpMSpV_Example.lean|VSpV_correct|12341185047943028706	VSpV_correct	12341185047943028706	core-reconstructed	not-attempted	core-directed reconstruction succeeded	180955334	collect=205541,pre-reconstruct=35811792,normalize=224750,monomorphize=13705292,instantiate=11159500,translate=12658458,solve=76861792,replay=5667,reconstruct=30322542	
velvet	crush-core	1	Velvet/Examples/SpMSpV_Example.lean|spmv_correct|10035930273513517515	spmv_correct	16911588290658345398	core-reconstructed	not-attempted	core-directed reconstruction succeeded	288357625	collect=324500,pre-reconstruct=15076250,normalize=437375,monomorphize=31538875,instantiate=61669416,translate=39928625,solve=71863250,replay=4000,reconstruct=67515334	
velvet	crush-core	1	Velvet/Examples/SpMSpV_Example.lean|spmv_correct|4828757563640441921	spmv_correct	17150622328021244237	core-reconstructed	not-attempted	core-directed reconstruction succeeded	393701709	collect=273500,pre-reconstruct=41230458,normalize=587708,monomorphize=46393917,instantiate=57430584,translate=58747708,solve=75043708,replay=4042,reconstruct=113990084	
velvet	crush-core	1	Velvet/Examples/SpMSpV_Example.lean|spmv_correct|9723121325275610683	spmv_correct	5118812006968681161	core-reconstructed	not-attempted	core-directed reconstruction succeeded	120665957	collect=269792,pre-reconstruct=1604666,normalize=331416,monomorphize=23803666,instantiate=3829000,translate=16583625,solve=73197292,replay=4875,reconstruct=1041625	
velvet	crush-core	1	Velvet/Examples/SpMSpV_Example.lean|spmv_correct|17138153512408342530	spmv_correct	10058067986739430896	core-reconstructed	not-attempted	core-directed reconstruction succeeded	128632752	collect=300084,pre-reconstruct=26161375,normalize=387959,monomorphize=23962625,instantiate=11948209,translate=21840167,solve=43142500,replay=3875,reconstruct=885958	
velvet	crush-core	1	Velvet/Examples/SpMSpV_Example.lean|spmv_correct|1779879977175361606	spmv_correct	9652275006870831740	core-reconstructed	not-attempted	core-directed reconstruction succeeded	166866043	collect=257417,pre-reconstruct=25582834,normalize=342333,monomorphize=22126667,instantiate=3953709,translate=16473000,solve=70046750,replay=6417,reconstruct=28076916	
velvet	crush-core	1	Velvet/Examples/SpMSpV_Example.lean|spmv_correct|3184815126966959579	spmv_correct	4431820435980120265	core-reconstructed	not-attempted	core-directed reconstruction succeeded	111518792	collect=223750,pre-reconstruct=611916,normalize=211333,monomorphize=17062167,instantiate=2635542,translate=12104625,solve=48859209,replay=4417,reconstruct=29805833	
velvet	crush-core	1	Velvet/Examples/SpMSpV_Example.lean|spmv_correct|1119395027554635835	spmv_correct	13937701322092251966	core-reconstructed	not-attempted	core-directed reconstruction succeeded	218352084	collect=224500,pre-reconstruct=41182917,normalize=236667,monomorphize=22013333,instantiate=15297667,translate=27055250,solve=81166708,replay=4750,reconstruct=31170292	
velvet	crush-core	1	Velvet/Examples/SpMSpV_Example.lean|spmv_correct|2867453267844152322	spmv_correct	4156424914757912501	core-reconstructed	not-attempted	core-directed reconstruction succeeded	203039333	collect=282084,pre-reconstruct=28639334,normalize=366375,monomorphize=32910208,instantiate=12401583,translate=28600166,solve=58319666,replay=6667,reconstruct=41513250	
velvet	crush-core	1	Velvet/Examples/SpMSpV_Example.lean|SpVSpV_correct|12365816836206760017	SpVSpV_correct	12365816836206760017	core-reconstructed	not-attempted	core-directed reconstruction succeeded	214571417	collect=432500,pre-reconstruct=4167791,normalize=5252209,monomorphize=36644500,instantiate=47239792,translate=35312291,solve=69962333,replay=4667,reconstruct=15555334	
velvet	crush-core	1	Velvet/Examples/SpMSpV_Example.lean|SpVSpV_correct|14837198768818932204	SpVSpV_correct	16126165560622542066	core-reconstructed	not-attempted	core-directed reconstruction succeeded	543045792	collect=419083,pre-reconstruct=185729125,normalize=5909834,monomorphize=42385667,instantiate=118972083,translate=54378167,solve=60302041,replay=4167,reconstruct=74945625	
velvet	crush-core	1	Velvet/Examples/SpMSpV_Example.lean|SpVSpV_correct|15323100967004739210	SpVSpV_correct	15323100967004739210	core-reconstructed	not-attempted	core-directed reconstruction succeeded	180067125	collect=455375,pre-reconstruct=3132000,normalize=5424667,monomorphize=38086958,instantiate=43853750,translate=32903917,solve=40659417,replay=3625,reconstruct=15547416	
velvet	crush-core	1	Velvet/Examples/SpMSpV_Example.lean|SpVSpV_correct|10656169208955874266	SpVSpV_correct	10656169208955874266	core-reconstructed	not-attempted	core-directed reconstruction succeeded	303399875	collect=399375,pre-reconstruct=28191333,normalize=5559375,monomorphize=38138250,instantiate=74894750,translate=44347833,solve=74407084,replay=4500,reconstruct=37457375	
velvet	crush-core	1	Velvet/Examples/SpMSpV_Example.lean|SpVSpV_correct|9762937465648280212	SpVSpV_correct	9762937465648280212	core-reconstructed	not-attempted	core-directed reconstruction succeeded	187329042	collect=465333,pre-reconstruct=3318750,normalize=5664875,monomorphize=38978250,instantiate=47228250,translate=33478333,solve=40638084,replay=4708,reconstruct=17552459	
velvet	crush-core	1	Velvet/Examples/SpMSpV_Example.lean|SpVSpV_correct|2195194365498566470	SpVSpV_correct	2195194365498566470	core-reconstructed	not-attempted	core-directed reconstruction succeeded	324979123	collect=400500,pre-reconstruct=29813625,normalize=5601250,monomorphize=38387291,instantiate=77504833,translate=45322000,solve=66142875,replay=18416,reconstruct=61788333	
velvet	crush-core	1	Velvet/Examples/SpMSpV_Example.lean|SpVSpV_correct|11853401597336712609	SpVSpV_correct	11853401597336712609	core-reconstructed	not-attempted	core-directed reconstruction succeeded	173822248	collect=624375,pre-reconstruct=2412833,normalize=6306458,monomorphize=37026875,instantiate=47643208,translate=33183958,solve=32507500,replay=7083,reconstruct=14109958	
velvet	crush-core	1	Velvet/Examples/SpMSpV_Example.lean|SpVSpV_correct|2836632441074815746	SpVSpV_correct	2836632441074815746	core-reconstructed	not-attempted	core-directed reconstruction succeeded	178706874	collect=378041,pre-reconstruct=1530458,normalize=4780083,monomorphize=34636750,instantiate=52232458,translate=33171959,solve=48984917,replay=3833,reconstruct=2988375	
velvet	crush-core	1	Velvet/Examples/SpMSpV_Example.lean|SpVSpV_correct|9157999431728333977	SpVSpV_correct	9157999431728333977	core-reconstructed	not-attempted	core-directed reconstruction succeeded	110231208	collect=340167,pre-reconstruct=1825458,normalize=3788208,monomorphize=28223916,instantiate=5591959,translate=16787791,solve=51125292,replay=4375,reconstruct=2544042	
velvet	crush-core	1	Velvet/Examples/SpMSpV_Example.lean|SpVSpV_correct|12484676100150332319	SpVSpV_correct	12484676100150332319	core-reconstructed	not-attempted	core-directed reconstruction succeeded	243978583	collect=364750,pre-reconstruct=16236125,normalize=4679583,monomorphize=30839458,instantiate=72490333,translate=27350583,solve=67149375,replay=4042,reconstruct=24864334	
velvet	crush-core	1	Velvet/Examples/SpMSpV_Example.lean|SpVSpV_correct|6547543738413559297	SpVSpV_correct	6547543738413559297	core-reconstructed	not-attempted	core-directed reconstruction succeeded	228968124	collect=390000,pre-reconstruct=26482416,normalize=5006541,monomorphize=41326542,instantiate=48503500,translate=36821708,solve=48978792,replay=4750,reconstruct=21453875	
velvet	crush-core	1	Velvet/Examples/SpMSpV_Example.lean|SpMSpV_correct|16599719904663808863	SpMSpV_correct	6207658206744569200	core-reconstructed	not-attempted	core-directed reconstruction succeeded	295088873	collect=447791,pre-reconstruct=21338041,normalize=5380292,monomorphize=59150417,instantiate=22765250,translate=42936375,solve=74041458,replay=4166,reconstruct=69025083	
velvet	crush-core	1	Velvet/Examples/SpMSpV_Example.lean|SpMSpV_correct|9413868035314052637	SpMSpV_correct	954402073916344576	core-reconstructed	not-attempted	core-directed reconstruction succeeded	277043249	collect=474750,pre-reconstruct=23113500,normalize=5662541,monomorphize=62236792,instantiate=24121666,translate=43308459,solve=65796708,replay=4833,reconstruct=52324000	
velvet	crush-core	1	Velvet/Examples/SpMSpV_Example.lean|SpMSpV_correct|11331147013392176036	SpMSpV_correct	1456818390559341560	core-reconstructed	not-attempted	core-directed reconstruction succeeded	819280834	collect=470708,pre-reconstruct=147985792,normalize=7200459,monomorphize=77639542,instantiate=150665584,translate=134507916,solve=115140042,replay=4416,reconstruct=185666375	
velvet	crush-core	1	Velvet/Examples/SpMSpV_Example.lean|SpMSpV_correct|16599719904663808863	SpMSpV_correct	6207658206744569200	core-reconstructed	not-attempted	core-directed reconstruction succeeded	294258416	collect=539625,pre-reconstruct=20455416,normalize=5757000,monomorphize=62963750,instantiate=22836417,translate=38990458,solve=86654833,replay=4167,reconstruct=56056750	
velvet	crush-core	1	Velvet/Examples/SpMSpV_Example.lean|SpMSpV_correct|14915918579342464454	SpMSpV_correct	14801354580617985578	core-reconstructed	not-attempted	core-directed reconstruction succeeded	183499751	collect=507083,pre-reconstruct=4914292,normalize=5974416,monomorphize=60770209,instantiate=17847500,translate=34824250,solve=57670084,replay=4208,reconstruct=987709	
velvet	crush-core	1	Velvet/Examples/SubstringSearch.lean|SubstringSearch_correct|18217664312208415458	SubstringSearch_correct	174702952739697047	core-reconstructed	not-attempted	core-directed reconstruction succeeded	76871836	collect=581125,pre-reconstruct=4532708,normalize=278209,monomorphize=99042,instantiate=206167,translate=8208792,solve=48546292,replay=33667,reconstruct=14385834	
velvet	crush-core	1	Velvet/Examples/SubstringSearch.lean|SubstringSearch_correct|14717207787831772510	SubstringSearch_correct	16168922198445788	core-reconstructed	not-attempted	core-directed reconstruction succeeded	54156876	collect=139625,pre-reconstruct=4007000,normalize=1341834,monomorphize=14417,instantiate=27500,translate=3968958,solve=42437667,replay=5333,reconstruct=2214542	
velvet	crush-core	1	Velvet/Examples/SubstringSearch.lean|SubstringSearch_correct|10323933724704776680	SubstringSearch_correct	12116471866077996373	core-reconstructed	not-attempted	core-directed reconstruction succeeded	39617417	collect=126708,pre-reconstruct=1572625,normalize=90875,monomorphize=11750,instantiate=27917,translate=2640416,solve=33518334,replay=4334,reconstruct=1624458	
velvet	crush-core	1	Velvet/Examples/SubstringSearch.lean|SubstringSearch_correct|8391554914672281118	SubstringSearch_correct	4974301628068507188	selected-fact	not-attempted	closed from a selected Lean fact	110166	collect=110166	
velvet	crush-core	1	Velvet/Examples/SubstringSearch.lean|SubstringSearch_correct|6640297411548399355	SubstringSearch_correct	6640297411548399355	core-reconstructed	not-attempted	core-directed reconstruction succeeded	40880374	collect=52083,pre-reconstruct=90000,normalize=43291,monomorphize=11875,instantiate=25250,translate=1275250,solve=37468958,replay=3792,reconstruct=1909875	
velvet	crush-core	1	Velvet/Examples/SubstringSearch.lean|SubstringSearch_correct|4492008039209323302	SubstringSearch_correct	4492008039209323302	core-reconstructed	not-attempted	core-directed reconstruction succeeded	56029208	collect=680083,pre-reconstruct=1121250,normalize=2766042,monomorphize=33833,instantiate=30500,translate=9507083,solve=39512250,replay=4250,reconstruct=2373917	
velvet	crush-core	1	Velvet/Examples/SubstringSearch.lean|SubstringSearch_correct|16506446102682745284	SubstringSearch_correct	16506446102682745284	core-reconstructed	not-attempted	core-directed reconstruction succeeded	63128667	collect=259125,pre-reconstruct=772375,normalize=2441917,monomorphize=32958,instantiate=29583,translate=9246042,solve=38762333,replay=3959,reconstruct=11580375	
velvet	crush-core	1	Velvet/Examples/SubstringSearch.lean|SubstringSearch_correct|4056255141881592010	SubstringSearch_correct	4056255141881592010	selected-fact	not-attempted	closed from a selected Lean fact	249458	collect=249458	
velvet	crush-core	1	Velvet/Examples/SubstringSearch.lean|SubstringSearch_correct|10653939026877543916	SubstringSearch_correct	10653939026877543916	core-reconstructed	not-attempted	core-directed reconstruction succeeded	77617834	collect=235625,pre-reconstruct=766667,normalize=2416875,monomorphize=32208,instantiate=28792,translate=9497375,solve=45273334,replay=5208,reconstruct=19361750	
velvet	crush-core	1	Velvet/Examples/SubstringSearch.lean|SubstringSearch_correct|18143633401136980304	SubstringSearch_correct	18143633401136980304	core-reconstructed	not-attempted	core-directed reconstruction succeeded	55211293	collect=257125,pre-reconstruct=763500,normalize=2387417,monomorphize=33167,instantiate=29250,translate=9078584,solve=38558000,replay=3750,reconstruct=4100500	
velvet	crush-core	1	Velvet/Examples/SubstringSearch.lean|SubstringSearch_correct|16856248441874989194	SubstringSearch_correct	16856248441874989194	core-reconstructed	not-attempted	core-directed reconstruction succeeded	48395792	collect=268833,pre-reconstruct=767917,normalize=2409917,monomorphize=32125,instantiate=29750,translate=9273667,solve=31802792,replay=4583,reconstruct=3806208	
velvet	crush-core	1	Velvet/Examples/SubstringSearch.lean|SubstringSearch_correct|1598574868652780333	SubstringSearch_correct	2623082850227027838	core-reconstructed	not-attempted	core-directed reconstruction succeeded	373303918	collect=287250,pre-reconstruct=90450500,normalize=2879625,monomorphize=37459,instantiate=32500,translate=10517083,solve=44506625,replay=4209,reconstruct=224588667	
velvet	crush-core	1	Velvet/Examples/SubstringSearch.lean|SubstringSearch_correct|6083540873046640352	SubstringSearch_correct	14001892521180047693	core-reconstructed	not-attempted	core-directed reconstruction succeeded	124403498	collect=283500,pre-reconstruct=7003750,normalize=3357292,monomorphize=35708,instantiate=32250,translate=10761458,solve=55680708,replay=5041,reconstruct=47243791	
velvet	crush-core	1	Velvet/Examples/SubstringSearch.lean|SubstringSearch_correct|18314524564682266162	SubstringSearch_correct	174702952739697047	pre-reconstructed	not-attempted	closed before SMT translation	11690292	collect=278000,pre-reconstruct=11412292	
velvet	crush-core	1	Velvet/Examples/SubstringSearch.lean|SubstringSearch_correct|14859665284842375974	SubstringSearch_correct	14695100313578779437	core-reconstructed	not-attempted	core-directed reconstruction succeeded	147703917	collect=273667,pre-reconstruct=77338083,normalize=2950084,monomorphize=36875,instantiate=30375,translate=10181458,solve=40973750,replay=4750,reconstruct=15914875	
velvet	crush-core	1	Velvet/Examples/SumOfDigits.lean|SumOfDigits_correct|4887343456502517186	SumOfDigits_correct	4887343456502517186	core-reconstructed	not-attempted	core-directed reconstruction succeeded	114919958	collect=1143541,pre-reconstruct=5005875,normalize=1733250,monomorphize=99542,instantiate=25577875,translate=7726666,solve=48990958,replay=25084,reconstruct=24617167	
velvet	crush-core	1	Velvet/Examples/SumOfDigits.lean|SumOfDigits_correct|5431800701729144158	SumOfDigits_correct	5431800701729144158	core-reconstructed	not-attempted	core-directed reconstruction succeeded	95803708	collect=171625,pre-reconstruct=459333,normalize=937375,monomorphize=16833,instantiate=13699375,translate=2756709,solve=69438125,replay=4208,reconstruct=8320125	
velvet	crush-core	1	Velvet/Examples/SumOfDigits.lean|SumOfDigits_correct|7475080825861972690	SumOfDigits_correct	7475080825861972690	core-reconstructed	not-attempted	core-directed reconstruction succeeded	75850293	collect=185042,pre-reconstruct=673708,normalize=951667,monomorphize=16625,instantiate=12645375,translate=2593542,solve=46926792,replay=4333,reconstruct=11853209	
velvet	crush-core	1	Velvet/Examples/SumOfDigits.lean|SumOfDigits_correct|15970435702129902192	SumOfDigits_correct	15970435702129902192	core-reconstructed	not-attempted	core-directed reconstruction succeeded	68595582	collect=158666,pre-reconstruct=1243500,normalize=860750,monomorphize=14416,instantiate=8486666,translate=1981625,solve=52952625,replay=4834,reconstruct=2892500	
velvet	crush-core	1	Velvet/Examples/SumOfDigits.lean|SumOfDigits_correct|6640297411548399355	SumOfDigits_correct	6640297411548399355	core-reconstructed	not-attempted	core-directed reconstruction succeeded	43312291	collect=145375,pre-reconstruct=255500,normalize=664709,monomorphize=13625,instantiate=2941750,translate=1406666,solve=36250208,replay=4625,reconstruct=1629833	
velvet	crush-core	1	Velvet/Examples/SumOfDigits.lean|SumOfDigits_correct|3871074223281074707	SumOfDigits_correct	3871074223281074707	core-reconstructed	not-attempted	core-directed reconstruction succeeded	67060374	collect=174083,pre-reconstruct=712292,normalize=907166,monomorphize=18208,instantiate=13208750,translate=2848500,solve=35662292,replay=4250,reconstruct=13524833	
velvet	crush-core	1	Velvet/Examples/TestLoopControl.lean|test1_correct|4791612905070682933	test1_correct	4791612905070682933	core-reconstructed	not-attempted	core-directed reconstruction succeeded	100369501	collect=2400166,pre-reconstruct=3541125,normalize=1795625,monomorphize=92917,instantiate=210167,translate=5178750,solve=56776667,replay=25750,reconstruct=30348334	
velvet	crush-core	1	Velvet/Examples/TestLoopControl.lean|test1_correct|4635955882467741603	test1_correct	4635955882467741603	core-reconstructed	not-attempted	core-directed reconstruction succeeded	51511835	collect=187667,pre-reconstruct=2085459,normalize=1526833,monomorphize=15625,instantiate=27209,translate=1363625,solve=35672750,replay=4625,reconstruct=10628042	
velvet	crush-core	1	Velvet/Examples/TestLoopControl.lean|test1_correct|4791612905070682933	test1_correct	4791612905070682933	core-reconstructed	not-attempted	core-directed reconstruction succeeded	54782377	collect=149875,pre-reconstruct=2078417,normalize=1249875,monomorphize=15417,instantiate=30084,translate=1564709,solve=37051167,replay=5500,reconstruct=12637333	
velvet	crush-core	1	Velvet/Examples/TestLoopControl.lean|test1_correct|4982008840348523404	test1_correct	4982008840348523404	core-reconstructed	not-attempted	core-directed reconstruction succeeded	58657083	collect=164375,pre-reconstruct=736750,normalize=798083,monomorphize=13708,instantiate=27833,translate=1171958,solve=42519542,replay=4917,reconstruct=13219917	
velvet	crush-core	1	Velvet/Examples/TestLoopControl.lean|test1_correct|14929476196725773389	test1_correct	14929476196725773389	core-reconstructed	not-attempted	core-directed reconstruction succeeded	39469000	collect=129792,pre-reconstruct=865708,normalize=502750,monomorphize=13125,instantiate=25959,translate=850916,solve=34041917,replay=5125,reconstruct=3033708	
velvet	crush-core	1	Velvet/Examples/TestLoopControl.lean|test1_correct|2311107858308393802	test1_correct	2311107858308393802	core-reconstructed	not-attempted	core-directed reconstruction succeeded	69763043	collect=144917,pre-reconstruct=144625,normalize=671125,monomorphize=13209,instantiate=31125,translate=1264084,solve=47476250,replay=4542,reconstruct=20013166	
velvet	crush-core	1	Velvet/Examples/TestLoopControl.lean|test2_correct|4791612905070682933	test2_correct	4791612905070682933	core-reconstructed	not-attempted	core-directed reconstruction succeeded	79349876	collect=712125,pre-reconstruct=2257083,normalize=1323500,monomorphize=16416,instantiate=35167,translate=2054042,solve=45917959,replay=5292,reconstruct=27028292	
velvet	crush-core	1	Velvet/Examples/TestLoopControl.lean|test2_correct|817407402121334710	test2_correct	817407402121334710	core-reconstructed	not-attempted	core-directed reconstruction succeeded	56533999	collect=175500,pre-reconstruct=499208,normalize=734375,monomorphize=15416,instantiate=32042,translate=1140708,solve=42002000,replay=4750,reconstruct=11930000	
velvet	crush-core	1	Velvet/Examples/TestLoopControl.lean|test2_correct|14929476196725773389	test2_correct	14929476196725773389	core-reconstructed	not-attempted	core-directed reconstruction succeeded	36268625	collect=141792,pre-reconstruct=996917,normalize=542208,monomorphize=12625,instantiate=27833,translate=926000,solve=30617375,replay=5791,reconstruct=2998084	
velvet	crush-core	1	Velvet/Examples/TestLoopControl.lean|test2_correct|2311107858308393802	test2_correct	2311107858308393802	core-reconstructed	not-attempted	core-directed reconstruction succeeded	48835998	collect=154541,pre-reconstruct=114042,normalize=718541,monomorphize=13875,instantiate=33041,translate=1385666,solve=44861667,replay=5000,reconstruct=1549625	
velvet	crush-core	1	Velvet/Examples/TestLoopControl.lean|sum_even_correct|8140981983620881888	sum_even_correct	8140981983620881888	selected-fact	not-attempted	closed from a selected Lean fact	242000	collect=242000	
velvet	crush-core	1	Velvet/Examples/TestLoopControl.lean|sum_even_correct|13972406881857011341	sum_even_correct	13972406881857011341	core-reconstructed	not-attempted	core-directed reconstruction succeeded	673140666	collect=226875,pre-reconstruct=64067042,normalize=852583,monomorphize=37792,instantiate=454447333,translate=19178417,solve=40798125,replay=4916,reconstruct=93527583	
velvet	crush-core	1	Velvet/Examples/TestLoopControl.lean|sum_even_correct|8140981983620881888	sum_even_correct	8140981983620881888	selected-fact	not-attempted	closed from a selected Lean fact	204916	collect=204916	
velvet	crush-core	1	Velvet/Examples/TestLoopControl.lean|sum_even_correct|2763434902891560151	sum_even_correct	2763434902891560151	core-reconstructed	not-attempted	core-directed reconstruction succeeded	840427377	collect=222375,pre-reconstruct=263983459,normalize=1098834,monomorphize=21041,instantiate=471387084,translate=18016250,solve=52510000,replay=4250,reconstruct=33184084	
velvet	crush-core	1	Velvet/Examples/TestLoopControl.lean|sum_even_correct|12910903814107581038	sum_even_correct	12910903814107581038	core-reconstructed	not-attempted	core-directed reconstruction succeeded	405625834	collect=224542,pre-reconstruct=57136833,normalize=325417,monomorphize=23709,instantiate=263666125,translate=15842375,solve=35542625,replay=6375,reconstruct=32857833	
velvet	crush-core	1	Velvet/Examples/TestLoopControl.lean|sum_even_correct|8811351339800985865	sum_even_correct	8811351339800985865	core-reconstructed	not-attempted	core-directed reconstruction succeeded	42400335	collect=167750,pre-reconstruct=448292,normalize=184584,monomorphize=14667,instantiate=1403000,translate=6206583,solve=31770000,replay=5750,reconstruct=2199709	
velvet	crush-core	1	Velvet/Examples/TestMatch.lean|test3_correct|12313593517213863317	test3_correct	12313593517213863317	core-reconstructed	not-attempted	core-directed reconstruction succeeded	47314249	collect=1972417,pre-reconstruct=639000,normalize=1056708,monomorphize=90541,instantiate=211083,translate=4445667,solve=35997542,replay=26166,reconstruct=2875125	
velvet	crush-core	1	Velvet/Examples/TestMatch.lean|test3_correct|5915416142655103160	test3_correct	5915416142655103160	core-reconstructed	not-attempted	core-directed reconstruction succeeded	49849042	collect=144209,pre-reconstruct=684125,normalize=598125,monomorphize=17292,instantiate=29666,translate=1976459,solve=44438250,replay=4250,reconstruct=1956666	
velvet	crush-core	1	Velvet/Examples/Total_Partial_example.lean|insertionSort_part_correct|1993702872115081742	insertionSort_part_correct	14354530589729947841	core-reconstructed	not-attempted	core-directed reconstruction succeeded	141982416	collect=801167,pre-reconstruct=2300208,normalize=401875,monomorphize=6834584,instantiate=45960666,translate=17993250,solve=39200166,replay=28667,reconstruct=28461833	
velvet	crush-core	1	Velvet/Examples/Total_Partial_example.lean|insertionSort_part_correct|1066791641437412485	insertionSort_part_correct	1066791641437412485	core-reconstructed	not-attempted	core-directed reconstruction succeeded	152868626	collect=332834,pre-reconstruct=2980250,normalize=2373708,monomorphize=10168708,instantiate=57439209,translate=15784708,solve=41083084,replay=4583,reconstruct=22701542	
velvet	crush-core	1	Velvet/Examples/Total_Partial_example.lean|insertionSort_part_correct|8472930623785656869	insertionSort_part_correct	18353889382475767599	reconstruction-failed	not-attempted	core-directed reconstruction did not close the goal	6808456251	collect=255042,pre-reconstruct=702041667,normalize=2756625,monomorphize=25682500,instantiate=173658292,translate=50182542,solve=2190249667,replay=3958,reconstruct=3663625958	
velvet	crush-core	1	Velvet/Examples/Total_Partial_example.lean|insertionSort_part_correct|2816846931760221370	insertionSort_part_correct	2816846931760221370	core-reconstructed	not-attempted	core-directed reconstruction succeeded	187715542	collect=255583,pre-reconstruct=4793708,normalize=2378125,monomorphize=12533584,instantiate=60062750,translate=17179000,solve=41737084,replay=4375,reconstruct=48771333	
velvet	crush-core	1	Velvet/Examples/Total_Partial_example.lean|insertionSort_part_correct|1066791641437412485	insertionSort_part_correct	1066791641437412485	core-reconstructed	not-attempted	core-directed reconstruction succeeded	142873875	collect=241625,pre-reconstruct=2964542,normalize=1987750,monomorphize=9781500,instantiate=59310166,translate=15615583,solve=40444292,replay=4458,reconstruct=12523959	
velvet	crush-core	1	Velvet/Examples/Total_Partial_example.lean|insertionSort_part_correct|14825588553610653054	insertionSort_part_correct	13858382852922432078	unknown	not-attempted	solver exited without a verdict	10463398917	collect=249334,pre-reconstruct=60479583,normalize=2244666,monomorphize=11588792,instantiate=203802209,translate=44029416,solve=5047192042,translate-fallback=55489750,solve-fallback=5038323125	
velvet	crush-core	1	Velvet/Examples/Total_Partial_example.lean|insertionSort_part_correct|16465886849738339639	insertionSort_part_correct	13858382852922432078	core-reconstructed	not-attempted	core-directed reconstruction succeeded	182361876	collect=255792,pre-reconstruct=10938916,normalize=2284708,monomorphize=10019417,instantiate=41609334,translate=15340709,solve=86925667,replay=4750,reconstruct=14982583	
velvet	crush-core	1	Velvet/Examples/Total_Partial_example.lean|insertionSort_part_correct|5918835836158453730	insertionSort_part_correct	5918835836158453730	selected-fact	not-attempted	closed from a selected Lean fact	232667	collect=232667	
velvet	crush-core	1	Velvet/Examples/Total_Partial_example.lean|insertionSort_part_correct|12155028420956038391	insertionSort_part_correct	12155028420956038391	core-reconstructed	not-attempted	core-directed reconstruction succeeded	56830170	collect=180834,pre-reconstruct=1221667,normalize=1075959,monomorphize=5788917,instantiate=1253042,translate=6321417,solve=37099583,replay=4584,reconstruct=3884167	
velvet	crush-core	1	Velvet/Examples/Total_Partial_example.lean|insertionSort_part_correct|14852526092468225565	insertionSort_part_correct	139088297960392149	core-reconstructed	not-attempted	core-directed reconstruction succeeded	231859125	collect=220333,pre-reconstruct=5346834,normalize=1468000,monomorphize=7614458,instantiate=39106334,translate=12521250,solve=114854250,replay=4583,reconstruct=50723083	
velvet	crush-core	1	Velvet/Examples/Total_Partial_example.lean|insertionSort_part_correct|4477598582358312981	insertionSort_part_correct	4477598582358312981	core-reconstructed	not-attempted	core-directed reconstruction succeeded	78988624	collect=282708,pre-reconstruct=2750625,normalize=2096166,monomorphize=9327125,instantiate=1677875,translate=8927084,solve=40910125,replay=4458,reconstruct=13012458	
velvet	crush-core	1	Velvet/Examples/Total_Partial_example.lean|insertionSort_part_correct|7903702650473013145	insertionSort_part_correct	17272444315034915638	core-reconstructed	not-attempted	core-directed reconstruction succeeded	215267918	collect=255375,pre-reconstruct=18294292,normalize=2234833,monomorphize=10946917,instantiate=39683584,translate=15160167,solve=98430542,replay=4500,reconstruct=30257708	
velvet	crush-core	1	Velvet/Examples/Total_Partial_example.lean|insertionSort_part_correct|11248877774576345437	insertionSort_part_correct	139088297960392149	core-reconstructed	not-attempted	core-directed reconstruction succeeded	184360584	collect=217417,pre-reconstruct=1213500,normalize=1243208,monomorphize=7345208,instantiate=38254334,translate=12855792,solve=107464875,replay=5000,reconstruct=15761250	
velvet	crush-core	1	Velvet/Examples/Total_Partial_example.lean|insertionSort_part_correct|6709257883257101731	insertionSort_part_correct	6709257883257101731	selected-fact	not-attempted	closed from a selected Lean fact	189791	collect=189791	
velvet	crush-core	1	Velvet/Examples/Total_Partial_example.lean|insertionSort_part_correct|16576486626369642801	insertionSort_part_correct	16576486626369642801	core-reconstructed	not-attempted	core-directed reconstruction succeeded	58957374	collect=77958,pre-reconstruct=365875,normalize=90625,monomorphize=2493416,instantiate=711875,translate=3707000,solve=39454583,replay=5000,reconstruct=12051042	
velvet	crush-core	1	Velvet/Examples/Total_Partial_example.lean|insertionSort_part_correct|11235314628722112900	insertionSort_part_correct	14354530589729947841	core-reconstructed	not-attempted	core-directed reconstruction succeeded	130122165	collect=160458,pre-reconstruct=482875,normalize=128791,monomorphize=4567542,instantiate=37751333,translate=9829750,solve=62663333,replay=4167,reconstruct=14533916	
velvet	crush-core	1	Velvet/Examples/Total_Partial_example.lean|insertionSort_part_correct|18214290959922115111	insertionSort_part_correct	17272444315034915638	core-reconstructed	not-attempted	core-directed reconstruction succeeded	1712596542	collect=220542,pre-reconstruct=9701750,normalize=1318833,monomorphize=7649417,instantiate=39136833,translate=12792292,solve=102138833,replay=3917,reconstruct=1539634125	
velvet	crush-core	1	Velvet/Examples/Total_Partial_example.lean|insertionSort_termination_correct|11568103068982921353	insertionSort_termination_correct	11568103068982921353	core-reconstructed	not-attempted	core-directed reconstruction succeeded	158998582	collect=199375,pre-reconstruct=509958,normalize=1112542,monomorphize=5691125,instantiate=55594458,translate=12888584,solve=61818333,replay=4791,reconstruct=21179416	
velvet	crush-core	1	Velvet/Examples/Total_Partial_example.lean|insertionSort_termination_correct|11568103068982921353	insertionSort_termination_correct	11568103068982921353	core-reconstructed	not-attempted	core-directed reconstruction succeeded	126973877	collect=205584,pre-reconstruct=499375,normalize=1155250,monomorphize=5743042,instantiate=55658416,translate=12426625,solve=40071084,replay=4292,reconstruct=11210209	
velvet	crush-core	1	Velvet/Examples/Total_Partial_example.lean|insertionSort_termination_correct|5918835836158453730	insertionSort_termination_correct	5918835836158453730	selected-fact	not-attempted	closed from a selected Lean fact	205208	collect=205208	
velvet	crush-core	1	Velvet/Examples/Total_Partial_example.lean|insertionSort_termination_correct|4477598582358312981	insertionSort_termination_correct	4477598582358312981	core-reconstructed	not-attempted	core-directed reconstruction succeeded	90895249	collect=171291,pre-reconstruct=471958,normalize=1087167,monomorphize=4200958,instantiate=1152792,translate=6112209,solve=63391041,replay=4250,reconstruct=14303583	
velvet	crush-core	1	Velvet/Examples/Total_Partial_example.lean|insertionSort_termination_correct|18088860687919872176	insertionSort_termination_correct	18088860687919872176	core-reconstructed	not-attempted	core-directed reconstruction succeeded	93232915	collect=211958,pre-reconstruct=495208,normalize=1188958,monomorphize=5074458,instantiate=1264916,translate=6507917,solve=39731042,replay=4750,reconstruct=38753708	
velvet	crush-core	1	Velvet/Examples/Total_Partial_example.lean|insertionSort_termination_correct|6709257883257101731	insertionSort_termination_correct	6709257883257101731	selected-fact	not-attempted	closed from a selected Lean fact	180292	collect=180292	
velvet	crush-core	1	Velvet/Examples/Total_Partial_example.lean|insertionSort_termination_correct|16576486626369642801	insertionSort_termination_correct	16576486626369642801	core-reconstructed	not-attempted	core-directed reconstruction succeeded	79780750	collect=88458,pre-reconstruct=399416,normalize=100542,monomorphize=2520667,instantiate=709208,translate=3703833,solve=60485250,replay=4334,reconstruct=11769042	
velvet	crush-alethe	1	Velvet/Examples/EncodeDecodeStr.lean|decodeStr'_correct|4325354716326072573	decodeStr'_correct	4325354716326072573	reconstruction-failed	certificate-error	Proof unsupported by Alethe: contains operator DUMMY_SKOLEM	72971000	collect=2335417,normalize=1923958,monomorphize=118875,instantiate=229625,translate=13765042,solve=53463708,replay=1134375	
velvet	crush-alethe	1	Velvet/Examples/EncodeDecodeStr.lean|decodeStr'_correct|3233717574493770211	decodeStr'_correct	16298341802593511044	unknown	not-attempted	solver exited without a verdict	5060771082	collect=476500,normalize=1786625,monomorphize=19583,instantiate=30041,translate=9907708,solve=5048550625	
velvet	crush-alethe	1	Velvet/Examples/EncodeDecodeStr.lean|decodeStr'_correct|14557075163885871591	decodeStr'_correct	14557075163885871591	reconstruction-failed	certificate-error	Proof unsupported by Alethe: contains operator DUMMY_SKOLEM	60139749	collect=496625,normalize=1733875,monomorphize=24875,instantiate=36166,translate=7504625,solve=50324333,replay=19250	
velvet	crush-alethe	1	Velvet/Examples/EncodeDecodeStr.lean|decodeStr'_correct|13851523499043008614	decodeStr'_correct	13851523499043008614	reconstruction-failed	certificate-error	Proof unsupported by Alethe: contains operator DUMMY_SKOLEM	46780501	collect=1034042,normalize=2754584,monomorphize=40417,instantiate=56875,translate=9805708,solve=33072750,replay=16125	
velvet	crush-alethe	1	Velvet/Examples/EncodeDecodeStr.lean|decodeStr'_correct|8816666150414203262	decodeStr'_correct	8816666150414203262	reconstruction-failed	certificate-error	Proof unsupported by Alethe: contains operator DUMMY_SKOLEM	55532709	collect=455000,normalize=1623334,monomorphize=22041,instantiate=34375,translate=3388708,solve=49988584,replay=20667	
velvet	crush-alethe	1	Velvet/Examples/EncodeDecodeStr.lean|decodeStr'_correct|7432640679462075544	decodeStr'_correct	1656677057252754089	unknown	not-attempted	no reason given	147771542	collect=822791,normalize=4914334,monomorphize=77167,instantiate=50208,translate=10213250,solve=131693792	
velvet	crush-alethe	1	Velvet/Examples/EncodeDecodeStr.lean|decodeStr'_correct|9639754685172097330	decodeStr'_correct	9639754685172097330	unknown	not-attempted	solver exited without a verdict	5052967709	collect=701417,normalize=1632833,monomorphize=23125,instantiate=37542,translate=11307542,solve=5039265250	
velvet	crush-alethe	1	Velvet/Examples/EncodeDecodeStr.lean|encodeStr_correct|10203002127808532242	encodeStr_correct	10203002127808532242	reconstruction-failed	certificate-error	Proof unsupported by Alethe: contains operator DUMMY_SKOLEM	44411500	collect=1124625,normalize=3371000,monomorphize=24291,instantiate=31459,translate=7800292,solve=32043583,replay=16250	
velvet	crush-alethe	1	Velvet/Examples/EncodeDecodeStr.lean|encodeStr_correct|15527439877898811686	encodeStr_correct	9685533339980702200	reconstruction-failed	certificate-error	Proof unsupported by Alethe: contains operator DUMMY_SKOLEM	63230917	collect=527584,normalize=3582333,monomorphize=24792,instantiate=33250,translate=8335541,solve=50711292,replay=16125	
velvet	crush-alethe	1	Velvet/Examples/EncodeDecodeStr.lean|encodeStr_correct|4253526900314070824	encodeStr_correct	4253526900314070824	reconstruction-failed	certificate-error	Proof unsupported by Alethe: contains operator DUMMY_SKOLEM	57551832	collect=534958,normalize=3677750,monomorphize=25791,instantiate=36208,translate=7684667,solve=45576875,replay=15583	
velvet	crush-alethe	1	Velvet/Examples/EncodeDecodeStr.lean|encodeStr_correct|17087698223479619887	encodeStr_correct	9685533339980702200	reconstruction-failed	certificate-error	Proof unsupported by Alethe: contains operator DUMMY_SKOLEM	62034208	collect=496500,normalize=3543916,monomorphize=24708,instantiate=32584,translate=8266667,solve=49654500,replay=15333	
velvet	crush-alethe	1	Velvet/Examples/EncodeDecodeStr.lean|encodeStr_correct|13168721855841554394	encodeStr_correct	13168721855841554394	reconstruction-failed	certificate-error	Proof unsupported by Alethe: contains operator DUMMY_SKOLEM	60798166	collect=486167,normalize=4623000,monomorphize=25166,instantiate=35375,translate=8230125,solve=47382792,replay=15541	
velvet	crush-alethe	1	Velvet/Examples/EncodeDecodeStr.lean|encodeStr_correct|8050235650381385355	encodeStr_correct	8050235650381385355	reconstruction-failed	certificate-error	Proof unsupported by Alethe: contains operator DUMMY_SKOLEM	104978292	collect=454875,normalize=1624375,monomorphize=19625,instantiate=31500,translate=4540250,solve=98286250,replay=21417	
velvet	crush-alethe	1	Velvet/Examples/EncodeDecodeStr.lean|encodeStr_correct|3874562368415809942	encodeStr_correct	9685533339980702200	reconstruction-failed	certificate-error	Proof unsupported by Alethe: contains operator DUMMY_SKOLEM	42867709	collect=531583,normalize=2065417,monomorphize=25500,instantiate=37166,translate=5886834,solve=34303000,replay=18209	
velvet	crush-alethe	1	Velvet/Examples/EncodeDecodeStr.lean|encodeStr_correct|16403843650363689650	encodeStr_correct	16403843650363689650	reconstruction-failed	certificate-error	Proof unsupported by Alethe: contains operator DUMMY_SKOLEM	58048751	collect=566125,normalize=3631625,monomorphize=27625,instantiate=38917,translate=7953042,solve=45815125,replay=16292	
velvet	crush-alethe	1	Velvet/Examples/EncodeDecodeStr.lean|encodeStr_correct|17528322019345720798	encodeStr_correct	17528322019345720798	unknown	not-attempted	solver exited without a verdict	5039869166	collect=503375,normalize=3996333,monomorphize=26625,instantiate=36708,translate=8863292,solve=5026442833	
velvet	crush-alethe	1	Velvet/Examples/EncodeDecodeStr.lean|encodeStr_correct|14846570717984605519	encodeStr_correct	14846570717984605519	reconstruction-failed	certificate-error	Proof unsupported by Alethe: contains operator DUMMY_SKOLEM	80549999	collect=508000,normalize=4602625,monomorphize=24000,instantiate=33708,translate=10411250,solve=64954416,replay=16000	
velvet	crush-alethe	1	Velvet/Examples/EncodeDecodeStr.lean|encodeStr_correct|17345521196864181404	encodeStr_correct	17345521196864181404	reconstruction-failed	certificate-error	Proof unsupported by Alethe: contains operator DUMMY_SKOLEM	41020792	collect=476709,normalize=1988084,monomorphize=22875,instantiate=33916,translate=4814791,solve=33669375,replay=15042	
velvet	crush-alethe	1	Velvet/Examples/EncodeDecodeStr.lean|encodeStr_correct|16873295595722686018	encodeStr_correct	16873295595722686018	reconstruction-failed	certificate-error	Proof unsupported by Alethe: contains operator DUMMY_SKOLEM	47111374	collect=454417,normalize=2452791,monomorphize=22708,instantiate=36125,translate=4976000,solve=39153292,replay=16041	
velvet	crush-alethe	1	Velvet/Examples/EncodeDecodeStr.lean|encodeStr_correct|5769627519083430677	encodeStr_correct	5769627519083430677	reconstruction-failed	certificate-error	Proof unsupported by Alethe: contains operator DUMMY_SKOLEM	57078335	collect=408375,normalize=1694084,monomorphize=20458,instantiate=31167,translate=4291375,solve=50617959,replay=14917	
velvet	crush-alethe	1	Velvet/Examples/EncodeDecodeStr.lean|encodeStr_correct|15630242782200619292	encodeStr_correct	15630242782200619292	reconstruction-failed	certificate-error	Proof unsupported by Alethe: contains operator DUMMY_SKOLEM	31252208	collect=92208,normalize=37417,monomorphize=11208,instantiate=26917,translate=1296750,solve=29773833,replay=13875	
velvet	crush-alethe	1	Velvet/Examples/EncodeDecodeStr.lean|encodeStr_correct|4098508629850130765	encodeStr_correct	4098508629850130765	unknown	not-attempted	no reason given	38996917	collect=462917,normalize=1140250,monomorphize=12333,instantiate=35917,translate=4267750,solve=33077750	
velvet	crush-alethe	1	Velvet/Examples/EncodeDecodeStr.lean|encodeStr_correct|6449688271898666716	encodeStr_correct	6449688271898666716	unknown	not-attempted	solver exited without a verdict	5044549835	collect=483709,normalize=1940709,monomorphize=22500,instantiate=36875,translate=5268292,solve=5036797750	
velvet	crush-alethe	1	Velvet/Examples/EncodeDecodeStr.lean|encodeStr_correct|3108445719328028112	encodeStr_correct	3108445719328028112	reconstruction-failed	certificate-error	Proof unsupported by Alethe: contains operator DUMMY_SKOLEM	46847459	collect=488292,normalize=2382334,monomorphize=21625,instantiate=32167,translate=5165125,solve=38741875,replay=16041	
velvet	crush-alethe	1	Velvet/Examples/Examples.lean|insertionSort_correct|1066791641437412485	insertionSort_correct	1066791641437412485	reconstruction-failed	certificate-error	Proof unsupported by Alethe: contains operator DUMMY_SKOLEM	134667586	collect=739375,normalize=2608417,monomorphize=11475959,instantiate=60017959,translate=21404542,solve=38311750,replay=109584	
velvet	crush-alethe	1	Velvet/Examples/Examples.lean|insertionSort_correct|9866248891257573647	insertionSort_correct	12810594954652992486	reconstruction-failed	certificate-error	Proof unsupported by Alethe: contains operator DUMMY_SKOLEM	1858029249	collect=272333,normalize=2355416,monomorphize=25714083,instantiate=161329000,translate=49864625,solve=1618477667,replay=16125	
velvet	crush-alethe	1	Velvet/Examples/Examples.lean|insertionSort_correct|18360837223612973524	insertionSort_correct	18360837223612973524	reconstruction-failed	certificate-error	Proof unsupported by Alethe: contains operator DUMMY_SKOLEM	138463791	collect=244333,normalize=2171625,monomorphize=12471917,instantiate=59598459,translate=17343041,solve=46619708,replay=14708	
velvet	crush-alethe	1	Velvet/Examples/Examples.lean|insertionSort_correct|1066791641437412485	insertionSort_correct	1066791641437412485	reconstruction-failed	certificate-error	Proof unsupported by Alethe: contains operator DUMMY_SKOLEM	126800251	collect=241500,normalize=1934959,monomorphize=9966458,instantiate=58261250,translate=15370541,solve=41008834,replay=16709	
velvet	crush-alethe	1	Velvet/Examples/Examples.lean|insertionSort_correct|14825588553610653054	insertionSort_correct	13858382852922432078	unknown	not-attempted	solver exited without a verdict	10361416333	collect=254833,normalize=2223458,monomorphize=11569542,instantiate=202367916,translate=42886125,solve=5032504792,translate-fallback=44907042,solve-fallback=5024702625	
velvet	crush-alethe	1	Velvet/Examples/Examples.lean|insertionSort_correct|16465886849738339639	insertionSort_correct	13858382852922432078	reconstruction-failed	certificate-error	Proof unsupported by Alethe: contains operator DUMMY_SKOLEM	149586373	collect=254500,normalize=2174541,monomorphize=9749333,instantiate=40069417,translate=14342541,solve=82980875,replay=15166	
velvet	crush-alethe	1	Velvet/Examples/Examples.lean|insertionSort_correct|2438232962388206336	insertionSort_correct	2438232962388206336	reconstruction-failed	certificate-error	Proof unsupported by Alethe: contains operator DUMMY_SKOLEM	55268124	collect=231000,normalize=1852083,monomorphize=8409458,instantiate=1634042,translate=8591416,solve=34534083,replay=16042	
velvet	crush-alethe	1	Velvet/Examples/Examples.lean|insertionSort_correct|12155028420956038391	insertionSort_correct	12155028420956038391	reconstruction-failed	certificate-error	Proof unsupported by Alethe: contains operator DUMMY_SKOLEM	49997666	collect=198250,normalize=1083583,monomorphize=5939000,instantiate=1232417,translate=6273458,solve=35253583,replay=17375	
velvet	crush-alethe	1	Velvet/Examples/Examples.lean|insertionSort_correct|14852526092468225565	insertionSort_correct	139088297960392149	reconstruction-failed	certificate-error	Proof unsupported by Alethe: contains operator DUMMY_SKOLEM	149213582	collect=222291,normalize=1396833,monomorphize=7401458,instantiate=41055333,translate=12276417,solve=86845417,replay=15833	
velvet	crush-alethe	1	Velvet/Examples/Examples.lean|insertionSort_correct|12688677688377801211	insertionSort_correct	12688677688377801211	reconstruction-failed	certificate-error	Proof unsupported by Alethe: contains operator DUMMY_SKOLEM	63671333	collect=244583,normalize=1790250,monomorphize=9699209,instantiate=1867208,translate=9480333,solve=40574625,replay=15125	
velvet	crush-alethe	1	Velvet/Examples/Examples.lean|insertionSort_correct|7903702650473013145	insertionSort_correct	17272444315034915638	reconstruction-failed	certificate-error	Proof unsupported by Alethe: contains operator DUMMY_SKOLEM	166960917	collect=260792,normalize=1902500,monomorphize=11233083,instantiate=40132667,translate=15530250,solve=97886500,replay=15125	
velvet	crush-alethe	1	Velvet/Examples/Examples.lean|insertionSort_correct|5379360585891885096	insertionSort_correct	5379360585891885096	reconstruction-failed	certificate-error	Proof unsupported by Alethe: contains operator DUMMY_SKOLEM	49660999	collect=207458,normalize=1188625,monomorphize=6067375,instantiate=1238000,translate=6875458,solve=34068458,replay=15625	
velvet	crush-alethe	1	Velvet/Examples/Examples.lean|insertionSort_correct|11248877774576345437	insertionSort_correct	139088297960392149	reconstruction-failed	certificate-error	Proof unsupported by Alethe: contains operator DUMMY_SKOLEM	145630334	collect=217125,normalize=1237958,monomorphize=7489250,instantiate=39434167,translate=12500875,solve=84733667,replay=17292	
velvet	crush-alethe	1	Velvet/Examples/Examples.lean|insertionSort_correct|11532741708565178815	insertionSort_correct	11532741708565178815	reconstruction-failed	certificate-error	Proof unsupported by Alethe: contains operator DUMMY_SKOLEM	54278418	collect=230875,normalize=1245583,monomorphize=5982209,instantiate=1299500,translate=6618584,solve=38878250,replay=23417	
velvet	crush-alethe	1	Velvet/Examples/Examples.lean|insertionSort_correct|13894794097547967513	insertionSort_correct	13894794097547967513	reconstruction-failed	certificate-error	Proof unsupported by Alethe: contains operator DUMMY_SKOLEM	41996708	collect=154458,normalize=100625,monomorphize=2523375,instantiate=703250,translate=3847792,solve=34650958,replay=16250	
velvet	crush-alethe	1	Velvet/Examples/Examples.lean|insertionSort_correct|11235314628722112900	insertionSort_correct	14354530589729947841	reconstruction-failed	certificate-error	Proof unsupported by Alethe: contains operator DUMMY_SKOLEM	86671250	collect=156417,normalize=123875,monomorphize=4651542,instantiate=40010458,translate=9809125,solve=31904541,replay=15292	
velvet	crush-alethe	1	Velvet/Examples/Examples.lean|insertionSort_correct|18214290959922115111	insertionSort_correct	17272444315034915638	reconstruction-failed	certificate-error	Proof unsupported by Alethe: contains operator DUMMY_SKOLEM	159064042	collect=203875,normalize=213458,monomorphize=8066250,instantiate=43446334,translate=13788500,solve=93328792,replay=16833	
velvet	crush-alethe	1	Velvet/Examples/Examples.lean|sqrt_correct|17119794831572106230	sqrt_correct	5307985127850147097	alethe-reconstructed	success	Alethe certificate replay succeeded	212734666	collect=1567958,normalize=507917,monomorphize=13042,instantiate=31083,translate=1055833,solve=34668750,replay=174890083	certificate_commands=25,certificate_assumes=6,certificate_steps=19,certificate_anchors=0,certificate_sexp_nodes=385,certificate_bytes=1596
velvet	crush-alethe	1	Velvet/Examples/Examples.lean|sqrt_correct|16395326812896940336	sqrt_correct	3661544389526892522	alethe-reconstructed	success	Alethe certificate replay succeeded	171515000	collect=139625,normalize=420208,monomorphize=11459,instantiate=25958,translate=1032958,solve=41716542,replay=128168250	certificate_commands=25,certificate_assumes=6,certificate_steps=19,certificate_anchors=0,certificate_sexp_nodes=385,certificate_bytes=1596
velvet	crush-alethe	1	Velvet/Examples/Examples.lean|sqrt_correct|4559485301326837329	sqrt_correct	4559485301326837329	alethe-reconstructed	success	Alethe certificate replay succeeded	73917875	collect=135417,normalize=405666,monomorphize=11291,instantiate=26042,translate=973500,solve=30500334,replay=41865625	certificate_commands=13,certificate_assumes=4,certificate_steps=9,certificate_anchors=0,certificate_sexp_nodes=187,certificate_bytes=764
velvet	crush-alethe	1	Velvet/Examples/Examples.lean|sqrt_correct|15833581759277421577	sqrt_correct	9636917653559417038	reconstruction-failed	rule-gap	decoded SMT assumption was not derivable from its Lean source fact	228285167	collect=177917,normalize=705833,monomorphize=21250,instantiate=38208,translate=1769583,solve=123031667,replay=102540709	
velvet	crush-alethe	1	Velvet/Examples/Examples.lean|sqrt_correct|7228731597997214785	sqrt_correct	9636917653559417038	reconstruction-failed	rule-gap	decoded SMT assumption was not derivable from its Lean source fact	154959335	collect=157833,normalize=600584,monomorphize=17250,instantiate=27834,translate=1464584,solve=68580417,replay=84110833	
velvet	crush-alethe	1	Velvet/Examples/Examples.lean|sqrt_correct|17256355208408803011	sqrt_correct	17256355208408803011	reconstruction-failed	rule-gap	decoded SMT assumption was not derivable from its Lean source fact	116221375	collect=148583,normalize=605875,monomorphize=16708,instantiate=27959,translate=1415958,solve=31509834,replay=82496458	
velvet	crush-alethe	1	Velvet/Examples/Examples.lean|sqrt_correct|13635698331308129878	sqrt_correct	9636917653559417038	alethe-reconstructed	success	Alethe certificate replay succeeded	141886790	collect=142541,normalize=543500,monomorphize=20958,instantiate=32333,translate=1119625,solve=39246458,replay=100781375	certificate_commands=10,certificate_assumes=6,certificate_steps=4,certificate_anchors=0,certificate_sexp_nodes=122,certificate_bytes=538
velvet	crush-alethe	1	Velvet/Examples/Examples.lean|sqrt_correct|10800841518550636949	sqrt_correct	123143008762622395	reconstruction-failed	rule-gap	decoded SMT assumption was not derivable from its Lean source fact	263396125	collect=163833,normalize=676417,monomorphize=18791,instantiate=30750,translate=1834875,solve=158371417,replay=102300042	
velvet	crush-alethe	1	Velvet/Examples/Examples.lean|sqrt_correct|12457966505053151830	sqrt_correct	3661544389526892522	reconstruction-failed	rule-gap	decoded SMT assumption was not derivable from its Lean source fact	243075375	collect=193750,normalize=761292,monomorphize=19375,instantiate=36000,translate=1897167,solve=132394708,replay=107773083	
velvet	crush-alethe	1	Velvet/Examples/Examples.lean|sqrt_correct|17578352201394481400	sqrt_correct	17578352201394481400	reconstruction-failed	rule-gap	decoded SMT assumption was not derivable from its Lean source fact	289651249	collect=172958,normalize=753416,monomorphize=19333,instantiate=32417,translate=1687250,solve=159309792,replay=127676083	
velvet	crush-alethe	1	Velvet/Examples/Examples_Total.lean|insertionSort_total_correct|1066791641437412485	insertionSort_total_correct	1066791641437412485	reconstruction-failed	certificate-error	Proof unsupported by Alethe: contains operator DUMMY_SKOLEM	136526417	collect=755333,normalize=2465000,monomorphize=11690708,instantiate=61567584,translate=22084625,solve=37852209,replay=110958	
velvet	crush-alethe	1	Velvet/Examples/Examples_Total.lean|insertionSort_total_correct|9866248891257573647	insertionSort_total_correct	12810594954652992486	reconstruction-failed	certificate-error	Proof unsupported by Alethe: contains operator DUMMY_SKOLEM	2045385959	collect=272833,normalize=2418375,monomorphize=25948083,instantiate=169245667,translate=51859792,solve=1795624917,replay=16292	
velvet	crush-alethe	1	Velvet/Examples/Examples_Total.lean|insertionSort_total_correct|18360837223612973524	insertionSort_total_correct	18360837223612973524	reconstruction-failed	certificate-error	Proof unsupported by Alethe: contains operator DUMMY_SKOLEM	156715750	collect=255917,normalize=2121041,monomorphize=12697916,instantiate=67948584,translate=20454625,solve=53223459,replay=14208	
velvet	crush-alethe	1	Velvet/Examples/Examples_Total.lean|insertionSort_total_correct|11568103068982921353	insertionSort_total_correct	11568103068982921353	reconstruction-failed	certificate-error	Proof unsupported by Alethe: contains operator DUMMY_SKOLEM	160530917	collect=1004292,normalize=3683292,monomorphize=13053292,instantiate=76028333,translate=23157791,solve=43588917,replay=15000	
velvet	crush-alethe	1	Velvet/Examples/Examples_Total.lean|insertionSort_total_correct|1066791641437412485	insertionSort_total_correct	1066791641437412485	reconstruction-failed	certificate-error	Proof unsupported by Alethe: contains operator DUMMY_SKOLEM	246204583	collect=284333,normalize=2117042,monomorphize=11415791,instantiate=74289417,translate=68542541,solve=89524167,replay=31292	
velvet	crush-alethe	1	Velvet/Examples/Examples_Total.lean|insertionSort_total_correct|14825588553610653054	insertionSort_total_correct	13858382852922432078	unknown	not-attempted	solver exited without a verdict	10479266709	collect=387459,normalize=3452750,monomorphize=13941750,instantiate=297892083,translate=52184583,solve=5033104042,translate-fallback=46116208,solve-fallback=5032187834	
velvet	crush-alethe	1	Velvet/Examples/Examples_Total.lean|insertionSort_total_correct|11568103068982921353	insertionSort_total_correct	11568103068982921353	reconstruction-failed	certificate-error	Proof unsupported by Alethe: contains operator DUMMY_SKOLEM	146255792	collect=281084,normalize=2129416,monomorphize=10939917,instantiate=69711375,translate=17801625,solve=45375917,replay=16458	
velvet	crush-alethe	1	Velvet/Examples/Examples_Total.lean|insertionSort_total_correct|16465886849738339639	insertionSort_total_correct	13858382852922432078	reconstruction-failed	certificate-error	Proof unsupported by Alethe: contains operator DUMMY_SKOLEM	160058500	collect=271000,normalize=2230750,monomorphize=9975375,instantiate=42285958,translate=14894167,solve=90385167,replay=16083	
velvet	crush-alethe	1	Velvet/Examples/Examples_Total.lean|insertionSort_total_correct|5918835836158453730	insertionSort_total_correct	5918835836158453730	reconstruction-failed	certificate-error	Proof unsupported by Alethe: contains operator DUMMY_SKOLEM	56650708	collect=242208,normalize=2222958,monomorphize=8420208,instantiate=1647042,translate=8924917,solve=35177625,replay=15750	
velvet	crush-alethe	1	Velvet/Examples/Examples_Total.lean|insertionSort_total_correct|12155028420956038391	insertionSort_total_correct	12155028420956038391	reconstruction-failed	certificate-error	Proof unsupported by Alethe: contains operator DUMMY_SKOLEM	47962168	collect=225042,normalize=1133667,monomorphize=5882709,instantiate=1198417,translate=6727125,solve=32780958,replay=14250	
velvet	crush-alethe	1	Velvet/Examples/Examples_Total.lean|insertionSort_total_correct|14852526092468225565	insertionSort_total_correct	139088297960392149	reconstruction-failed	certificate-error	Proof unsupported by Alethe: contains operator DUMMY_SKOLEM	151724834	collect=230625,normalize=1488083,monomorphize=7561208,instantiate=42620875,translate=13204959,solve=86602709,replay=16375	
velvet	crush-alethe	1	Velvet/Examples/Examples_Total.lean|insertionSort_total_correct|12688677688377801211	insertionSort_total_correct	12688677688377801211	reconstruction-failed	certificate-error	Proof unsupported by Alethe: contains operator DUMMY_SKOLEM	58936792	collect=255500,normalize=1966083,monomorphize=10029333,instantiate=1825791,translate=9401459,solve=35442459,replay=16167	
velvet	crush-alethe	1	Velvet/Examples/Examples_Total.lean|insertionSort_total_correct|7903702650473013145	insertionSort_total_correct	17272444315034915638	reconstruction-failed	certificate-error	Proof unsupported by Alethe: contains operator DUMMY_SKOLEM	164668168	collect=260292,normalize=2133292,monomorphize=11578041,instantiate=42572000,translate=15463959,solve=92645709,replay=14875	
velvet	crush-alethe	1	Velvet/Examples/Examples_Total.lean|insertionSort_total_correct|18088860687919872176	insertionSort_total_correct	18088860687919872176	reconstruction-failed	certificate-error	Proof unsupported by Alethe: contains operator DUMMY_SKOLEM	73825876	collect=268084,normalize=2113083,monomorphize=10246125,instantiate=1862459,translate=9590500,solve=49730500,replay=15125	
velvet	crush-alethe	1	Velvet/Examples/Examples_Total.lean|insertionSort_total_correct|5379360585891885096	insertionSort_total_correct	5379360585891885096	reconstruction-failed	certificate-error	Proof unsupported by Alethe: contains operator DUMMY_SKOLEM	52245916	collect=234458,normalize=1235375,monomorphize=6330750,instantiate=1271750,translate=7281541,solve=35876000,replay=16042	
velvet	crush-alethe	1	Velvet/Examples/Examples_Total.lean|insertionSort_total_correct|11248877774576345437	insertionSort_total_correct	139088297960392149	reconstruction-failed	certificate-error	Proof unsupported by Alethe: contains operator DUMMY_SKOLEM	150061873	collect=242875,normalize=1465333,monomorphize=7575083,instantiate=42401791,translate=13165625,solve=85196916,replay=14250	
velvet	crush-alethe	1	Velvet/Examples/Examples_Total.lean|insertionSort_total_correct|6709257883257101731	insertionSort_total_correct	6709257883257101731	reconstruction-failed	certificate-error	Proof unsupported by Alethe: contains operator DUMMY_SKOLEM	49933417	collect=212500,normalize=1338375,monomorphize=6209500,instantiate=1179375,translate=7056459,solve=33922916,replay=14292	
velvet	crush-alethe	1	Velvet/Examples/Examples_Total.lean|insertionSort_total_correct|13894794097547967513	insertionSort_total_correct	13894794097547967513	reconstruction-failed	certificate-error	Proof unsupported by Alethe: contains operator DUMMY_SKOLEM	44832333	collect=137708,normalize=96125,monomorphize=2564292,instantiate=685625,translate=3908000,solve=37419500,replay=21083	
velvet	crush-alethe	1	Velvet/Examples/Examples_Total.lean|insertionSort_total_correct|11235314628722112900	insertionSort_total_correct	14354530589729947841	reconstruction-failed	certificate-error	Proof unsupported by Alethe: contains operator DUMMY_SKOLEM	94186876	collect=168334,normalize=129125,monomorphize=5023875,instantiate=39969208,translate=9997083,solve=38882959,replay=16292	
velvet	crush-alethe	1	Velvet/Examples/Examples_Total.lean|insertionSort_total_correct|18214290959922115111	insertionSort_total_correct	17272444315034915638	reconstruction-failed	certificate-error	Proof unsupported by Alethe: contains operator DUMMY_SKOLEM	150653501	collect=239209,normalize=1414708,monomorphize=8232583,instantiate=39751292,translate=12953875,solve=88044959,replay=16875	
velvet	crush-alethe	1	Velvet/Examples/Examples_Total.lean|sqrt_total_correct|17119794831572106230	sqrt_total_correct	5307985127850147097	reconstruction-failed	certificate-error	Proof unsupported by Alethe: contains operator DUMMY_SKOLEM	44715501	collect=157375,normalize=105834,monomorphize=938333,instantiate=86167,translate=4447541,solve=38962792,replay=17459	
velvet	crush-alethe	1	Velvet/Examples/Examples_Total.lean|sqrt_total_correct|16395326812896940336	sqrt_total_correct	3661544389526892522	reconstruction-failed	certificate-error	Proof unsupported by Alethe: contains operator DUMMY_SKOLEM	39854791	collect=158458,normalize=100625,monomorphize=926708,instantiate=87333,translate=4547500,solve=34019083,replay=15084	
velvet	crush-alethe	1	Velvet/Examples/Examples_Total.lean|sqrt_total_correct|4559485301326837329	sqrt_total_correct	4559485301326837329	reconstruction-failed	certificate-error	Proof unsupported by Alethe: contains operator DUMMY_SKOLEM	38732292	collect=156625,normalize=104750,monomorphize=902791,instantiate=83750,translate=4016042,solve=33449667,replay=18667	
velvet	crush-alethe	1	Velvet/Examples/Examples_Total.lean|sqrt_total_correct|15833581759277421577	sqrt_total_correct	9636917653559417038	reconstruction-failed	certificate-error	Proof unsupported by Alethe: contains operator DUMMY_SKOLEM	61948043	collect=172084,normalize=129500,monomorphize=1766333,instantiate=94625,translate=4782167,solve=54983292,replay=20042	
velvet	crush-alethe	1	Velvet/Examples/Examples_Total.lean|sqrt_total_correct|17892696244691966181	sqrt_total_correct	17892696244691966181	reconstruction-failed	certificate-error	Proof unsupported by Alethe: contains operator DUMMY_SKOLEM	55775416	collect=191375,normalize=152500,monomorphize=2512875,instantiate=94333,translate=5667250,solve=47142250,replay=14833	
velvet	crush-alethe	1	Velvet/Examples/Examples_Total.lean|sqrt_total_correct|7228731597997214785	sqrt_total_correct	9636917653559417038	reconstruction-failed	certificate-error	Proof unsupported by Alethe: contains operator DUMMY_SKOLEM	67341375	collect=153084,normalize=118458,monomorphize=1414208,instantiate=84708,translate=4409875,solve=61145167,replay=15875	
velvet	crush-alethe	1	Velvet/Examples/Examples_Total.lean|sqrt_total_correct|13073343856082995605	sqrt_total_correct	13073343856082995605	reconstruction-failed	certificate-error	Proof unsupported by Alethe: contains operator DUMMY_SKOLEM	44881834	collect=159042,normalize=115750,monomorphize=1365791,instantiate=91500,translate=4547334,solve=38587917,replay=14500	
velvet	crush-alethe	1	Velvet/Examples/Examples_Total.lean|sqrt_total_correct|13635698331308129878	sqrt_total_correct	9636917653559417038	reconstruction-failed	certificate-error	Proof unsupported by Alethe: contains operator DUMMY_SKOLEM	39555249	collect=145291,normalize=117583,monomorphize=988625,instantiate=86250,translate=4105166,solve=34098167,replay=14167	
velvet	crush-alethe	1	Velvet/Examples/Examples_Total.lean|sqrt_total_correct|10800841518550636949	sqrt_total_correct	123143008762622395	reconstruction-failed	certificate-error	Proof unsupported by Alethe: contains operator DUMMY_SKOLEM	61646332	collect=161000,normalize=129500,monomorphize=1819541,instantiate=88958,translate=4822333,solve=54610333,replay=14667	
velvet	crush-alethe	1	Velvet/Examples/Examples_Total.lean|sqrt_total_correct|12457966505053151830	sqrt_total_correct	3661544389526892522	reconstruction-failed	certificate-error	Proof unsupported by Alethe: contains operator DUMMY_SKOLEM	86100875	collect=156542,normalize=124209,monomorphize=1749709,instantiate=82875,translate=4581416,solve=79389208,replay=16916	
velvet	crush-alethe	1	Velvet/Examples/Examples_Total.lean|sqrt_total_correct|17578352201394481400	sqrt_total_correct	17578352201394481400	reconstruction-failed	certificate-error	Proof unsupported by Alethe: contains operator DUMMY_SKOLEM	59625584	collect=155208,normalize=134833,monomorphize=1964375,instantiate=89334,translate=4632750,solve=52634167,replay=14917	
velvet	crush-alethe	1	Velvet/Examples/Examples_Total.lean|cbrt_correct|628191952620585962	cbrt_correct	5307985127850147097	reconstruction-failed	certificate-error	Proof unsupported by Alethe: contains operator DUMMY_SKOLEM	46785250	collect=163250,normalize=119500,monomorphize=1023500,instantiate=82791,translate=4038667,solve=41344167,replay=13375	
velvet	crush-alethe	1	Velvet/Examples/Examples_Total.lean|cbrt_correct|5408980950461060684	cbrt_correct	6765116615704103050	reconstruction-failed	certificate-error	Proof unsupported by Alethe: contains operator DUMMY_SKOLEM	45119542	collect=166792,normalize=110750,monomorphize=1065375,instantiate=84833,translate=4134417,solve=39543125,replay=14250	
velvet	crush-alethe	1	Velvet/Examples/Examples_Total.lean|cbrt_correct|17796805544787031687	cbrt_correct	17796805544787031687	reconstruction-failed	certificate-error	Proof unsupported by Alethe: contains operator DUMMY_SKOLEM	36106582	collect=165333,normalize=117666,monomorphize=1028583,instantiate=83917,translate=3998875,solve=30690375,replay=21833	
velvet	crush-alethe	1	Velvet/Examples/Examples_Total.lean|cbrt_correct|12597585967811959528	cbrt_correct	6259749615389096762	reconstruction-failed	certificate-error	Proof unsupported by Alethe: contains operator DUMMY_SKOLEM	67396167	collect=187000,normalize=142792,monomorphize=2086375,instantiate=91625,translate=4792792,solve=60076833,replay=18750	
velvet	crush-alethe	1	Velvet/Examples/Examples_Total.lean|cbrt_correct|17892696244691966181	cbrt_correct	17892696244691966181	reconstruction-failed	certificate-error	Proof unsupported by Alethe: contains operator DUMMY_SKOLEM	56519416	collect=170667,normalize=155250,monomorphize=2590041,instantiate=90667,translate=5357125,solve=48140666,replay=15000	
velvet	crush-alethe	1	Velvet/Examples/Examples_Total.lean|cbrt_correct|11504389341422214604	cbrt_correct	6259749615389096762	unknown	not-attempted	solver exited without a verdict	5040606125	collect=167500,normalize=129708,monomorphize=1701167,instantiate=85916,translate=4614209,solve=5033907625	
velvet	crush-alethe	1	Velvet/Examples/Examples_Total.lean|cbrt_correct|1828175149019549874	cbrt_correct	1828175149019549874	reconstruction-failed	certificate-error	Proof unsupported by Alethe: contains operator DUMMY_SKOLEM	44852249	collect=180833,normalize=139083,monomorphize=1782208,instantiate=99375,translate=4784750,solve=37851375,replay=14625	
velvet	crush-alethe	1	Velvet/Examples/Examples_Total.lean|cbrt_correct|8027176826117333927	cbrt_correct	6259749615389096762	reconstruction-failed	certificate-error	Proof unsupported by Alethe: contains operator DUMMY_SKOLEM	38210750	collect=159250,normalize=112542,monomorphize=1142292,instantiate=92625,translate=4610792,solve=32077416,replay=15833	
velvet	crush-alethe	1	Velvet/Examples/Examples_Total.lean|cbrt_correct|8642365996124661698	cbrt_correct	123143008762622395	reconstruction-failed	certificate-error	Proof unsupported by Alethe: contains operator DUMMY_SKOLEM	66231584	collect=209583,normalize=151250,monomorphize=2341375,instantiate=105542,translate=5619250,solve=57789959,replay=14625	
velvet	crush-alethe	1	Velvet/Examples/Examples_Total.lean|cbrt_correct|1031468476226669362	cbrt_correct	6765116615704103050	reconstruction-failed	certificate-error	Proof unsupported by Alethe: contains operator DUMMY_SKOLEM	195794002	collect=168167,normalize=155333,monomorphize=2192250,instantiate=88542,translate=4994584,solve=188179917,replay=15209	
velvet	crush-alethe	1	Velvet/Examples/Examples_Total.lean|cbrt_correct|9859620190106577091	cbrt_correct	9859620190106577091	reconstruction-failed	certificate-error	Proof unsupported by Alethe: contains operator DUMMY_SKOLEM	82600585	collect=164000,normalize=149959,monomorphize=2550417,instantiate=91625,translate=4810708,solve=74813209,replay=20667	
velvet	crush-alethe	1	Velvet/Examples/Examples_Total.lean|sqrt_bn_correct|17809363630590163151	sqrt_bn_correct	3661544389526892522	reconstruction-failed	certificate-error	Proof unsupported by Alethe: contains operator DUMMY_SKOLEM	64054624	collect=182541,normalize=169042,monomorphize=3484292,instantiate=83000,translate=5521291,solve=54599292,replay=15166	
velvet	crush-alethe	1	Velvet/Examples/Examples_Total.lean|sqrt_bn_correct|3756677303263535492	sqrt_bn_correct	3756677303263535492	reconstruction-failed	certificate-error	Proof unsupported by Alethe: contains operator DUMMY_SKOLEM	51543750	collect=181000,normalize=171792,monomorphize=3581917,instantiate=86042,translate=5713375,solve=41794416,replay=15208	
velvet	crush-alethe	1	Velvet/Examples/Examples_Total.lean|sqrt_bn_correct|845228717509319176	sqrt_bn_correct	845228717509319176	reconstruction-failed	certificate-error	Proof unsupported by Alethe: contains operator DUMMY_SKOLEM	40428417	collect=181542,normalize=181333,monomorphize=3867042,instantiate=81625,translate=5611083,solve=30491000,replay=14792	
velvet	crush-alethe	1	Velvet/Examples/Examples_Total.lean|sqrt_bn_correct|14080923781397173690	sqrt_bn_correct	3661544389526892522	reconstruction-failed	certificate-error	Proof unsupported by Alethe: contains operator DUMMY_SKOLEM	62674998	collect=192208,normalize=171458,monomorphize=3186583,instantiate=81208,translate=5392583,solve=53636083,replay=14875	
velvet	crush-alethe	1	Velvet/Examples/Examples_Total.lean|sqrt_bn_correct|2013384436827156188	sqrt_bn_correct	2013384436827156188	reconstruction-failed	certificate-error	Proof unsupported by Alethe: contains operator DUMMY_SKOLEM	49262459	collect=180916,normalize=170167,monomorphize=3936084,instantiate=109625,translate=6044125,solve=38805625,replay=15917	
velvet	crush-alethe	1	Velvet/Examples/Examples_Total.lean|sqrt_bn_correct|14080923781397173690	sqrt_bn_correct	3661544389526892522	reconstruction-failed	certificate-error	Proof unsupported by Alethe: contains operator DUMMY_SKOLEM	64203624	collect=169875,normalize=131625,monomorphize=1957583,instantiate=83375,translate=4870333,solve=56976042,replay=14791	
velvet	crush-alethe	1	Velvet/Examples/Examples_Total.lean|sqrt_bn_correct|5112937323286018014	sqrt_bn_correct	5112937323286018014	reconstruction-failed	certificate-error	Proof unsupported by Alethe: contains operator DUMMY_SKOLEM	40333958	collect=170875,normalize=127416,monomorphize=1924375,instantiate=85750,translate=5071833,solve=32939500,replay=14209	
velvet	crush-alethe	1	Velvet/Examples/Examples_Total.lean|sqrt_bn_correct|4559485301326837329	sqrt_bn_correct	4559485301326837329	reconstruction-failed	certificate-error	Proof unsupported by Alethe: contains operator DUMMY_SKOLEM	37760126	collect=146042,normalize=92667,monomorphize=977417,instantiate=76917,translate=3849500,solve=32602875,replay=14708	
velvet	crush-alethe	1	Velvet/Examples/Examples_Total.lean|sqrt_bn_correct|16395326812896940336	sqrt_bn_correct	3661544389526892522	reconstruction-failed	certificate-error	Proof unsupported by Alethe: contains operator DUMMY_SKOLEM	41588457	collect=174417,normalize=99500,monomorphize=1194791,instantiate=90291,translate=4269333,solve=35745583,replay=14542	
velvet	crush-alethe	1	Velvet/Examples/Examples_Total.lean|sqrt_bn_correct|18362062349273978007	sqrt_bn_correct	7232745374090633776	reconstruction-failed	certificate-error	Proof unsupported by Alethe: contains operator DUMMY_SKOLEM	73584376	collect=170833,normalize=139583,monomorphize=2119125,instantiate=101042,translate=5345500,solve=65692959,replay=15334	
velvet	crush-alethe	1	Velvet/Examples/Examples_Total.lean|sqrt_bn_correct|8802921734925604215	sqrt_bn_correct	3661544389526892522	reconstruction-failed	certificate-error	Proof unsupported by Alethe: contains operator DUMMY_SKOLEM	61086373	collect=176125,normalize=138791,monomorphize=2112416,instantiate=80042,translate=5142583,solve=53422875,replay=13541	
velvet	crush-alethe	1	Velvet/Examples/GCD.lean|gcd_correct|9601099415740649235	gcd_correct	9601099415740649235	reconstruction-failed	rule-gap	decoded SMT assumption was not derivable from its Lean source fact	122669251	collect=1961125,normalize=1428750,monomorphize=106000,instantiate=2181875,translate=5709917,solve=44796375,replay=66485209	
velvet	crush-alethe	1	Velvet/Examples/IsNonPrime.lean|IsNonPrime_correct|3150397294412475763	IsNonPrime_correct	3150397294412475763	sat	not-attempted	solver returned sat	52728083	collect=733750,normalize=206125,monomorphize=111083,instantiate=260958,translate=5114792,solve=46301375	
velvet	crush-alethe	1	Velvet/Examples/IsNonPrime.lean|IsNonPrime_correct|8498703091421742660	IsNonPrime_correct	8498703091421742660	reconstruction-failed	rule-gap	decoded SMT assumption was not derivable from its Lean source fact	4406493959	collect=314542,normalize=1633125,monomorphize=18000,instantiate=37750,translate=4706125,solve=61197250,replay=4338587167	
velvet	crush-alethe	1	Velvet/Examples/IsNonPrime.lean|IsNonPrime_correct|15405612526479945524	IsNonPrime_correct	15405612526479945524	reconstruction-failed	rule-gap	decoded SMT assumption was not derivable from its Lean source fact	571794333	collect=221875,normalize=1242417,monomorphize=15166,instantiate=34083,translate=2569000,solve=79485792,replay=488226000	
velvet	crush-alethe	1	Velvet/Examples/IsNonPrime.lean|IsNonPrime_correct|3635621084297233985	IsNonPrime_correct	3635621084297233985	reconstruction-failed	rule-gap	decoded SMT assumption was not derivable from its Lean source fact	550008541	collect=181125,normalize=882917,monomorphize=14000,instantiate=27500,translate=2433000,solve=72474916,replay=473995083	
velvet	crush-alethe	1	Velvet/Examples/IsNonPrime.lean|IsNonPrime_correct|8498703091421742660	IsNonPrime_correct	8498703091421742660	reconstruction-failed	rule-gap	decoded SMT assumption was not derivable from its Lean source fact	513120124	collect=171291,normalize=867625,monomorphize=13667,instantiate=26500,translate=2181958,solve=58315708,replay=451543375	
velvet	crush-alethe	1	Velvet/Examples/IsNonPrime.lean|IsNonPrime_correct|15497101072354692966	IsNonPrime_correct	15497101072354692966	unknown	not-attempted	solver exited without a verdict	5035099459	collect=180875,normalize=1172875,monomorphize=13542,instantiate=26709,translate=2504666,solve=5031200792	
velvet	crush-alethe	1	Velvet/Examples/IsNonPrime.lean|IsNonPrime_correct|3635621084297233985	IsNonPrime_correct	3635621084297233985	reconstruction-failed	rule-gap	decoded SMT assumption was not derivable from its Lean source fact	544230500	collect=204584,normalize=1003458,monomorphize=13958,instantiate=33292,translate=2645375,solve=79683958,replay=460645875	
velvet	crush-alethe	1	Velvet/Examples/IsNonPrime.lean|IsNonPrime_correct|16017810969246570786	IsNonPrime_correct	16017810969246570786	reconstruction-failed	rule-gap	decoded SMT assumption was not derivable from its Lean source fact	502737250	collect=169625,normalize=724250,monomorphize=13000,instantiate=27500,translate=2112000,solve=41981250,replay=457709625	
velvet	crush-alethe	1	Velvet/Examples/IsNonPrime.lean|IsNonPrime_correct|12543135627460772462	IsNonPrime_correct	12543135627460772462	alethe-reconstructed	success	Alethe certificate replay succeeded	107872626	collect=96875,normalize=37917,monomorphize=10334,instantiate=23542,translate=636000,solve=43973250,replay=63094708	certificate_commands=11,certificate_assumes=3,certificate_steps=8,certificate_anchors=0,certificate_sexp_nodes=143,certificate_bytes=592
velvet	crush-alethe	1	Velvet/Examples/IsNonPrime.lean|IsNonPrime_correct|1572539502098385654	IsNonPrime_correct	1572539502098385654	alethe-reconstructed	success	Alethe certificate replay succeeded	1080643583	collect=135000,normalize=533083,monomorphize=11500,instantiate=24375,translate=1120750,solve=41003833,replay=1037815042	certificate_commands=46,certificate_assumes=3,certificate_steps=40,certificate_anchors=3,certificate_sexp_nodes=1255,certificate_bytes=4792
velvet	crush-alethe	1	Velvet/Examples/IsNonPrime.lean|IsNonPrime_correct|11076373139303988464	IsNonPrime_correct	11076373139303988464	alethe-reconstructed	success	Alethe certificate replay succeeded	908799291	collect=104792,normalize=56333,monomorphize=10333,instantiate=25458,translate=1102083,solve=53749875,replay=853750417	certificate_commands=134,certificate_assumes=8,certificate_steps=123,certificate_anchors=3,certificate_sexp_nodes=2022,certificate_bytes=9523
velvet	crush-alethe	1	Velvet/Examples/IsNonPrime.lean|IsNonPrime_correct|15559572021364972958	IsNonPrime_correct	15559572021364972958	unknown	not-attempted	solver exited without a verdict	5039569750	collect=170375,normalize=750625,monomorphize=13500,instantiate=26875,translate=2352667,solve=5036255708	
velvet	crush-alethe	1	Velvet/Examples/IsSorted.lean|IsSorted_correct|11207960766534651515	IsSorted_correct	11207960766534651515	reconstruction-failed	certificate-error	Proof unsupported by Alethe: contains operator DUMMY_SKOLEM	644690042	collect=2490459,normalize=3022042,monomorphize=108375,instantiate=560454125,translate=38149208,solve=40353375,replay=112458	
velvet	crush-alethe	1	Velvet/Examples/IsSorted.lean|IsSorted_correct|4413675682266163545	IsSorted_correct	7061492355100973697	reconstruction-failed	certificate-error	Proof unsupported by Alethe: contains operator DUMMY_SKOLEM	1911084542	collect=441708,normalize=2795209,monomorphize=26125,instantiate=1801189000,translate=71605375,solve=35012625,replay=14500	
velvet	crush-alethe	1	Velvet/Examples/IsSorted.lean|IsSorted_correct|9518487208184120090	IsSorted_correct	9518487208184120090	reconstruction-failed	certificate-error	Proof unsupported by Alethe: contains operator DUMMY_SKOLEM	612124667	collect=445042,normalize=3200417,monomorphize=23708,instantiate=532259792,translate=31584333,solve=44596250,replay=15125	
velvet	crush-alethe	1	Velvet/Examples/IsSorted.lean|IsSorted_correct|11207960766534651515	IsSorted_correct	11207960766534651515	reconstruction-failed	certificate-error	Proof unsupported by Alethe: contains operator DUMMY_SKOLEM	594320627	collect=419083,normalize=2533209,monomorphize=22917,instantiate=519711334,translate=30192875,solve=41425959,replay=15250	
velvet	crush-alethe	1	Velvet/Examples/IsSorted.lean|IsSorted_correct|16465854614385299804	IsSorted_correct	7061492355100973697	reconstruction-failed	certificate-error	Proof unsupported by Alethe: contains operator DUMMY_SKOLEM	1919823584	collect=438500,normalize=2757709,monomorphize=28250,instantiate=1790196250,translate=71014625,solve=55373000,replay=15250	
velvet	crush-alethe	1	Velvet/Examples/IsSorted.lean|IsSorted_correct|1749803822950348457	IsSorted_correct	9518487208184120090	reconstruction-failed	certificate-error	Proof unsupported by Alethe: contains operator DUMMY_SKOLEM	607884790	collect=445833,normalize=3056916,monomorphize=25083,instantiate=535380500,translate=32102458,solve=36859000,replay=15000	
velvet	crush-alethe	1	Velvet/Examples/IsSorted.lean|IsSorted_correct|6461838523585744673	IsSorted_correct	6461838523585744673	reconstruction-failed	certificate-error	Proof unsupported by Alethe: contains operator DUMMY_SKOLEM	286953126	collect=399250,normalize=2268959,monomorphize=41750,instantiate=229261667,translate=15074083,solve=39891542,replay=15875	
velvet	crush-alethe	1	Velvet/Examples/IsSorted.lean|IsSorted_correct|5698263445699273715	IsSorted_correct	7061492355100973697	reconstruction-failed	certificate-error	Proof unsupported by Alethe: contains operator DUMMY_SKOLEM	1036709167	collect=422250,normalize=2338292,monomorphize=23833,instantiate=925149250,translate=45891208,solve=62865042,replay=19292	
velvet	crush-alethe	1	Velvet/Examples/IsSorted.lean|IsSorted_correct|1749803822950348457	IsSorted_correct	9518487208184120090	reconstruction-failed	certificate-error	Proof unsupported by Alethe: contains operator DUMMY_SKOLEM	337104957	collect=446750,normalize=3010916,monomorphize=26625,instantiate=281681250,translate=19681875,solve=32237708,replay=19833	
velvet	crush-alethe	1	Velvet/Examples/IsSorted.lean|IsSorted_correct|16458001095677251802	IsSorted_correct	16458001095677251802	reconstruction-failed	certificate-error	Proof unsupported by Alethe: contains operator DUMMY_SKOLEM	294201668	collect=432250,normalize=2416792,monomorphize=25125,instantiate=244126750,translate=15342209,solve=31839292,replay=19250	
velvet	crush-alethe	1	Velvet/Examples/IsSorted.lean|IsSorted_correct|11716511832970583731	IsSorted_correct	11716511832970583731	reconstruction-failed	certificate-error	Proof unsupported by Alethe: contains operator DUMMY_SKOLEM	205293250	collect=343792,normalize=1163458,monomorphize=17042,instantiate=146767375,translate=11769208,solve=45216667,replay=15708	
velvet	crush-alethe	1	Velvet/Examples/IsSorted.lean|IsSorted_correct|13412663338101939313	IsSorted_correct	7061492355100973697	reconstruction-failed	certificate-error	Proof unsupported by Alethe: contains operator DUMMY_SKOLEM	451974832	collect=351125,normalize=1297708,monomorphize=17333,instantiate=396546375,translate=23645958,solve=30100541,replay=15792	
velvet	crush-alethe	1	Velvet/Examples/IsSorted.lean|IsSorted_correct|10877051663303345536	IsSorted_correct	9518487208184120090	reconstruction-failed	certificate-error	Proof unsupported by Alethe: contains operator DUMMY_SKOLEM	100536709	collect=357125,normalize=1835584,monomorphize=23125,instantiate=53689625,translate=6434625,solve=38181375,replay=15250	
velvet	crush-alethe	1	Velvet/Examples/IsSorted.lean|IsSorted_correct|2102916384874846137	IsSorted_correct	2102916384874846137	reconstruction-failed	certificate-error	Proof unsupported by Alethe: contains operator DUMMY_SKOLEM	5379546083	collect=439375,normalize=2468625,monomorphize=28167,instantiate=97713541,translate=13092167,solve=5034341833,translate-fallback=15457292,solve-fallback=215987458,replay=17625	
velvet	crush-alethe	1	Velvet/Examples/MaxElem.lean|maxElem_correct|6189042491608852705	maxElem_correct	6189042491608852705	reconstruction-failed	certificate-error	Proof unsupported by Alethe: contains operator DUMMY_SKOLEM	74521584	collect=1616459,normalize=2037542,monomorphize=113541,instantiate=224208,translate=9544292,solve=60868834,replay=116708	
velvet	crush-alethe	1	Velvet/Examples/MaxElem.lean|maxElem_correct|13979591039540523316	maxElem_correct	8435436090805571502	reconstruction-failed	certificate-error	Proof unsupported by Alethe: contains operator DUMMY_SKOLEM	51337959	collect=494500,normalize=1995875,monomorphize=24167,instantiate=34417,translate=4783875,solve=43988542,replay=16583	
velvet	crush-alethe	1	Velvet/Examples/MaxElem.lean|maxElem_correct|6189042491608852705	maxElem_correct	6189042491608852705	reconstruction-failed	certificate-error	Proof unsupported by Alethe: contains operator DUMMY_SKOLEM	42415083	collect=486041,normalize=1649583,monomorphize=21625,instantiate=31750,translate=4092500,solve=36118792,replay=14792	
velvet	crush-alethe	1	Velvet/Examples/MaxElem.lean|maxElem_correct|3496913807798796367	maxElem_correct	3368518466434627767	reconstruction-failed	certificate-error	Proof unsupported by Alethe: contains operator DUMMY_SKOLEM	57774334	collect=411208,normalize=1792084,monomorphize=20875,instantiate=29833,translate=4079667,solve=51425000,replay=15667	
velvet	crush-alethe	1	Velvet/Examples/MaxElem.lean|maxElem_correct|13935834157065255340	maxElem_correct	13935834157065255340	reconstruction-failed	certificate-error	Proof unsupported by Alethe: contains operator DUMMY_SKOLEM	40874791	collect=420375,normalize=1313125,monomorphize=19500,instantiate=28541,translate=2988500,solve=36090250,replay=14500	
velvet	crush-alethe	1	Velvet/Examples/MaxElem.lean|maxElem_correct|10716558625718226994	maxElem_correct	3368518466434627767	reconstruction-failed	certificate-error	Proof unsupported by Alethe: contains operator DUMMY_SKOLEM	37443414	collect=442916,normalize=1467917,monomorphize=20083,instantiate=30166,translate=3301916,solve=32165791,replay=14625	
velvet	crush-alethe	1	Velvet/Examples/MaxElem.lean|maxElem_correct|12429897440204793908	maxElem_correct	12429897440204793908	reconstruction-failed	certificate-error	Proof unsupported by Alethe: contains operator DUMMY_SKOLEM	41103251	collect=425417,normalize=1271583,monomorphize=19625,instantiate=28959,translate=2966334,solve=36372833,replay=18500	
velvet	crush-alethe	1	Velvet/Examples/MaxElem.lean|maxElem_correct|6662270672118944889	maxElem_correct	6662270672118944889	reconstruction-failed	certificate-error	Proof unsupported by Alethe: contains operator DUMMY_SKOLEM	37271041	collect=296250,normalize=501833,monomorphize=11917,instantiate=28833,translate=1784791,solve=34632667,replay=14750	
velvet	crush-alethe	1	Velvet/Examples/MaxElem.lean|maxElem_correct|10294878435885712953	maxElem_correct	4988386822408839803	reconstruction-failed	certificate-error	Proof unsupported by Alethe: contains operator DUMMY_SKOLEM	46553374	collect=384167,normalize=884625,monomorphize=12208,instantiate=27291,translate=2647708,solve=42583125,replay=14250	
velvet	crush-alethe	1	Velvet/Examples/MaxElem.lean|maxElem_correct|15821608085576758365	maxElem_correct	14098165805487489891	reconstruction-failed	certificate-error	Proof unsupported by Alethe: contains operator DUMMY_SKOLEM	38918458	collect=594500,normalize=1579292,monomorphize=20041,instantiate=29792,translate=3645083,solve=33035125,replay=14625	
velvet	crush-alethe	1	Velvet/Examples/MemAlloc.lean|mem_alloc_correct|633235845480694220	mem_alloc_correct	13644601314536403191	unknown	not-attempted	no reason given	97945376	collect=27637667,normalize=4298292,monomorphize=209375,instantiate=359416,translate=16056834,solve=49383792	
velvet	crush-alethe	1	Velvet/Examples/MemAlloc.lean|mem_alloc_correct|12262280732602434251	mem_alloc_correct	17594606446654630769	unknown	not-attempted	no reason given	56163834	collect=2213500,normalize=2311792,monomorphize=15084,instantiate=33000,translate=4915541,solve=46674917	
velvet	crush-alethe	1	Velvet/Examples/MemAlloc.lean|mem_alloc_correct|5395433166570123997	mem_alloc_correct	5395433166570123997	reconstruction-failed	term-gap	selected SMT assumption could not be decoded	5761912249	collect=2353625,normalize=4049834,monomorphize=21625,instantiate=47916,translate=6048791,solve=42647000,replay=5706743458	
velvet	crush-alethe	1	Velvet/Examples/MemAlloc.lean|mem_alloc_correct|7858921023181799469	mem_alloc_correct	7858921023181799469	unknown	not-attempted	no reason given	71628708	collect=2071792,normalize=3542041,monomorphize=20208,instantiate=33542,translate=4966584,solve=60994541	
velvet	crush-alethe	1	Velvet/Examples/MemAlloc.lean|mem_alloc_correct|12307778664191690486	mem_alloc_correct	12307778664191690486	reconstruction-failed	term-gap	selected SMT assumption could not be decoded	138667500	collect=1943500,normalize=3773125,monomorphize=20875,instantiate=38958,translate=4746875,solve=72671792,replay=55472375	
velvet	crush-alethe	1	Velvet/Examples/MemAlloc.lean|mem_alloc_correct|14651957694487509304	mem_alloc_correct	14651957694487509304	reconstruction-failed	term-gap	selected SMT assumption could not be decoded	127783416	collect=1962292,normalize=3019542,monomorphize=20458,instantiate=35666,translate=4386083,solve=47869208,replay=70490167	
velvet	crush-alethe	1	Velvet/Examples/MemAlloc.lean|mem_alloc_correct|5395433166570123997	mem_alloc_correct	5395433166570123997	reconstruction-failed	term-gap	selected SMT assumption could not be decoded	118798959	collect=2329750,normalize=3500000,monomorphize=24042,instantiate=47292,translate=7106042,solve=40918792,replay=64873041	
velvet	crush-alethe	1	Velvet/Examples/MemAlloc.lean|mem_alloc_correct|7320909626913503829	mem_alloc_correct	7320909626913503829	reconstruction-failed	term-gap	selected SMT assumption could not be decoded	107334165	collect=2337208,normalize=3483541,monomorphize=21166,instantiate=37333,translate=4814167,solve=39064250,replay=57576500	
velvet	crush-alethe	1	Velvet/Examples/MemAlloc.lean|mem_alloc_correct|13680370559755953061	mem_alloc_correct	13680370559755953061	reconstruction-failed	term-gap	selected SMT assumption could not be decoded	111776957	collect=2125458,normalize=3123750,monomorphize=16750,instantiate=34875,translate=4672583,solve=43616083,replay=58187458	
velvet	crush-alethe	1	Velvet/Examples/MemAlloc.lean|mem_alloc_correct|5395433166570123997	mem_alloc_correct	5395433166570123997	alethe-reconstructed	success	Alethe certificate replay succeeded	122255957	collect=2202667,normalize=1801583,monomorphize=15875,instantiate=36125,translate=2871333,solve=44859791,replay=70468583	certificate_commands=11,certificate_assumes=9,certificate_steps=2,certificate_anchors=0,certificate_sexp_nodes=139,certificate_bytes=704
velvet	crush-alethe	1	Velvet/Examples/MemAlloc.lean|mem_alloc_correct|9725332222063365643	mem_alloc_correct	9725332222063365643	unknown	not-attempted	no reason given	54344626	collect=359334,normalize=1825417,monomorphize=13917,instantiate=30166,translate=3438042,solve=48677750	
velvet	crush-alethe	1	Velvet/Examples/MemAlloc.lean|mem_alloc_correct|400422252958227942	mem_alloc_correct	400422252958227942	unknown	not-attempted	no reason given	46801582	collect=262750,normalize=1704500,monomorphize=16708,instantiate=38250,translate=2809416,solve=41969958	
velvet	crush-alethe	1	Velvet/Examples/MemAlloc.lean|mem_alloc_correct|880346177993498408	mem_alloc_correct	880346177993498408	alethe-reconstructed	success	Alethe certificate replay succeeded	119053999	collect=245209,normalize=1259666,monomorphize=14833,instantiate=36083,translate=2697792,solve=40053625,replay=74746791	certificate_commands=13,certificate_assumes=9,certificate_steps=4,certificate_anchors=0,certificate_sexp_nodes=166,certificate_bytes=830
velvet	crush-alethe	1	Velvet/Examples/MemAlloc.lean|mem_alloc_correct|15369885961681168000	mem_alloc_correct	4370218357807814088	unknown	not-attempted	no reason given	77526874	collect=318958,normalize=4008333,monomorphize=24542,instantiate=39541,translate=8543167,solve=64592333	
velvet	crush-alethe	1	Velvet/Examples/MemAlloc.lean|mem_alloc_correct|633235845480694220	mem_alloc_correct	13644601314536403191	unknown	not-attempted	no reason given	61094543	collect=388709,normalize=4749417,monomorphize=27833,instantiate=50458,translate=7926167,solve=47951959	
velvet	crush-alethe	1	Velvet/Examples/Recursion.lean|simple_recursion_correct|16321134497628070328	simple_recursion_correct	16321134497628070328	alethe-reconstructed	success	Alethe certificate replay succeeded	994631291	collect=506166,normalize=296083,monomorphize=90625,instantiate=220834,translate=5232583,solve=49881208,replay=938403792	certificate_commands=147,certificate_assumes=11,certificate_steps=134,certificate_anchors=2,certificate_sexp_nodes=2272,certificate_bytes=10265
velvet	crush-alethe	1	Velvet/Examples/Recursion.lean|pickGreater_correct|15399959404188881270	pickGreater_correct	15399959404188881270	reconstruction-failed	rule-gap	decoded SMT assumption was not derivable from its Lean source fact	167606290	collect=1514708,normalize=1007208,monomorphize=11042,instantiate=25875,translate=1095833,solve=42861666,replay=121089958	
velvet	crush-alethe	1	Velvet/Examples/Recursion.lean|pickGreater_correct|6729724634728447689	pickGreater_correct	6729724634728447689	alethe-reconstructed	success	Alethe certificate replay succeeded	1353261208	collect=322792,normalize=617375,monomorphize=13000,instantiate=27875,translate=969042,solve=47273541,replay=1304037583	certificate_commands=129,certificate_assumes=9,certificate_steps=117,certificate_anchors=3,certificate_sexp_nodes=1948,certificate_bytes=9256
velvet	crush-alethe	1	Velvet/Examples/Recursion.lean|pickGreaterN_correct|6331840417009367668	pickGreaterN_correct	6331840417009367668	reconstruction-failed	term-gap	certificate clause could not be decoded as a Lean proposition	157785292	collect=597125,normalize=589667,monomorphize=13250,instantiate=28417,translate=956084,solve=38660166,replay=116940583	
velvet	crush-alethe	1	Velvet/Examples/Recursion.lean|pickGreaterN_correct|928177310960349346	pickGreaterN_correct	928177310960349346	alethe-reconstructed	success	Alethe certificate replay succeeded	7195479834	collect=405041,normalize=927000,monomorphize=12125,instantiate=26000,translate=1497375,solve=59918459,replay=7132693834	certificate_commands=275,certificate_assumes=20,certificate_steps=250,certificate_anchors=5,certificate_sexp_nodes=4247,certificate_bytes=20110
velvet	crush-alethe	1	Velvet/Examples/Recursion.lean|calc_fact_correct|14502607232842720358	calc_fact_correct	14502607232842720358	reconstruction-failed	rule-gap	decoded SMT assumption was not derivable from its Lean source fact	279526957	collect=768500,normalize=674291,monomorphize=20750,instantiate=15784375,translate=1931292,solve=38509708,replay=221838041	
velvet	crush-alethe	1	Velvet/Examples/Recursion.lean|calc_fact_correct|5360899794933563671	calc_fact_correct	5360899794933563671	reconstruction-failed	rule-gap	decoded SMT assumption was not derivable from its Lean source fact	245233209	collect=563792,normalize=1051583,monomorphize=21208,instantiate=30174667,translate=3182000,solve=32135542,replay=178104417	
velvet	crush-alethe	1	Velvet/Examples/Recursion.lean|calc_fact_correct|16083086069592683677	calc_fact_correct	16083086069592683677	reconstruction-failed	rule-gap	decoded SMT assumption was not derivable from its Lean source fact	259654540	collect=414166,normalize=1036458,monomorphize=18958,instantiate=31822666,translate=3383292,solve=63408000,replay=159571000	
velvet	crush-alethe	1	Velvet/Examples/Recursion.lean|calc_fact_correct|17426933449823366573	calc_fact_correct	17426933449823366573	reconstruction-failed	rule-gap	decoded SMT assumption was not derivable from its Lean source fact	260586709	collect=419625,normalize=1063791,monomorphize=18292,instantiate=30847083,translate=3537584,solve=59635917,replay=165064417	
velvet	crush-alethe	1	Velvet/Examples/Recursion.lean|calc_fact_correct|3040060259141493307	calc_fact_correct	3040060259141493307	reconstruction-failed	rule-gap	decoded SMT assumption was not derivable from its Lean source fact	234531666	collect=407042,normalize=934583,monomorphize=18000,instantiate=30529792,translate=2899458,solve=39139083,replay=160603708	
velvet	crush-alethe	1	Velvet/Examples/Recursion.lean|calc_fact_correct|8843960039229350233	calc_fact_correct	8843960039229350233	reconstruction-failed	rule-gap	decoded SMT assumption was not derivable from its Lean source fact	258552250	collect=375166,normalize=727334,monomorphize=16583,instantiate=29863459,translate=2676708,solve=62675875,replay=162217125	
velvet	crush-alethe	1	Velvet/Examples/Recursion.lean|calc_fact_correct|414362943496193222	calc_fact_correct	414362943496193222	reconstruction-failed	rule-gap	decoded SMT assumption was not derivable from its Lean source fact	243750666	collect=394000,normalize=872083,monomorphize=19625,instantiate=31442958,translate=2657667,solve=38355875,replay=170008458	
velvet	crush-alethe	1	Velvet/Examples/Recursion.lean|calc_fact_correct|17682712502848666117	calc_fact_correct	17682712502848666117	reconstruction-failed	rule-gap	decoded SMT assumption was not derivable from its Lean source fact	292067292	collect=491000,normalize=967667,monomorphize=21125,instantiate=30659625,translate=3165250,solve=85304417,replay=171458208	
velvet	crush-alethe	1	Velvet/Examples/Recursion.lean|SimpleOption_correct|10153057550358142642	SimpleOption_correct	10153057550358142642	alethe-reconstructed	success	Alethe certificate replay succeeded	116569209	collect=313708,normalize=904084,monomorphize=16000,instantiate=17890000,translate=1489250,solve=38580084,replay=57376083	certificate_commands=13,certificate_assumes=5,certificate_steps=8,certificate_anchors=0,certificate_sexp_nodes=192,certificate_bytes=763
velvet	crush-alethe	1	Velvet/Examples/Recursion.lean|SimpleOption_correct|1511426402368662420	SimpleOption_correct	1511426402368662420	reconstruction-failed	rule-gap	decoded SMT assumption was not derivable from its Lean source fact	237688459	collect=158292,normalize=820084,monomorphize=15000,instantiate=40747333,translate=1827125,solve=64994125,replay=129126500	
velvet	crush-alethe	1	Velvet/Examples/Recursion.lean|SimpleList_correct|12303175613740643342	SimpleList_correct	12303175613740643342	reconstruction-failed	certificate-error	Proof unsupported by Alethe: contains operator DUMMY_SKOLEM	87864915	collect=435125,normalize=1013083,monomorphize=17041,instantiate=42809875,translate=4739375,solve=38799875,replay=50541	
velvet	crush-alethe	1	Velvet/Examples/Recursion.lean|SimpleList_correct|10153057550358142642	SimpleList_correct	10153057550358142642	reconstruction-failed	certificate-error	Proof unsupported by Alethe: contains operator DUMMY_SKOLEM	77130041	collect=337375,normalize=930334,monomorphize=16542,instantiate=17628083,translate=2117708,solve=56084833,replay=15166	
velvet	crush-alethe	1	Velvet/Examples/Recursion.lean|insertTree_correct|419217539048902517	insertTree_correct	6124558152003517874	reconstruction-failed	certificate-error	Proof unsupported by Alethe: contains operator DUMMY_SKOLEM	62313749	collect=616375,normalize=1104875,monomorphize=5084458,instantiate=8810250,translate=4209083,solve=42474958,replay=13750	
velvet	crush-alethe	1	Velvet/Examples/Recursion.lean|insertTree_correct|14100858011260313832	insertTree_correct	10921538662002129566	reconstruction-failed	certificate-error	Proof unsupported by Alethe: contains operator DUMMY_SKOLEM	57409875	collect=456958,normalize=1335250,monomorphize=4798667,instantiate=8199292,translate=4126167,solve=38479583,replay=13958	
velvet	crush-alethe	1	Velvet/Examples/Recursion.lean|insertTree_correct|5439148242694091386	insertTree_correct	5439148242694091386	reconstruction-failed	certificate-error	Proof unsupported by Alethe: contains operator DUMMY_SKOLEM	70976499	collect=431333,normalize=1680291,monomorphize=4477417,instantiate=8276250,translate=4277416,solve=51818459,replay=15333	
velvet	crush-alethe	1	Velvet/Examples/Recursion.lean|insertTree_correct|13358020527010658417	insertTree_correct	13358020527010658417	reconstruction-failed	certificate-error	Proof unsupported by Alethe: contains operator DUMMY_SKOLEM	59209458	collect=421166,normalize=1246792,monomorphize=4342250,instantiate=8063416,translate=3840375,solve=41280000,replay=15459	
velvet	crush-alethe	1	Velvet/Examples/Recursion.lean|insertTree_correct|8603391761408256204	insertTree_correct	11864513577345326864	reconstruction-failed	certificate-error	Proof unsupported by Alethe: contains operator DUMMY_SKOLEM	73989625	collect=421167,normalize=1294042,monomorphize=4663041,instantiate=7972583,translate=4102792,solve=55519917,replay=16083	
velvet	crush-alethe	1	Velvet/Examples/Recursion.lean|insertTree_correct|403261720200322615	insertTree_correct	403261720200322615	reconstruction-failed	certificate-error	Proof unsupported by Alethe: contains operator DUMMY_SKOLEM	57224000	collect=423333,normalize=1607250,monomorphize=4418875,instantiate=7998792,translate=4460750,solve=38298750,replay=16250	
velvet	crush-alethe	1	Velvet/Examples/Recursion.lean|insertTree_correct|13334821868243949956	insertTree_correct	13334821868243949956	reconstruction-failed	certificate-error	Proof unsupported by Alethe: contains operator DUMMY_SKOLEM	80204710	collect=406709,normalize=1289542,monomorphize=4363750,instantiate=8057958,translate=3907667,solve=62142334,replay=36750	
velvet	crush-alethe	1	Velvet/Examples/Recursion.lean|insertTree_correct|10034441991535992553	insertTree_correct	2266607705858558304	reconstruction-failed	certificate-error	Proof unsupported by Alethe: contains operator DUMMY_SKOLEM	54269417	collect=539709,normalize=1265041,monomorphize=4181208,instantiate=8438000,translate=3945500,solve=35883750,replay=16209	
velvet	crush-alethe	1	Velvet/Examples/Recursion.lean|insertTree_correct|8410732340261024813	insertTree_correct	18206415606574627385	reconstruction-failed	certificate-error	Proof unsupported by Alethe: contains operator DUMMY_SKOLEM	81867084	collect=655709,normalize=2021250,monomorphize=10094417,instantiate=8655917,translate=7022708,solve=53401375,replay=15708	
velvet	crush-alethe	1	Velvet/Examples/Recursion.lean|insertTree_correct|13887296291903300382	insertTree_correct	13887296291903300382	reconstruction-failed	certificate-error	Proof unsupported by Alethe: contains operator DUMMY_SKOLEM	72246458	collect=531875,normalize=2277208,monomorphize=9715000,instantiate=9460250,translate=6484583,solve=43756500,replay=21042	
velvet	crush-alethe	1	Velvet/Examples/Recursion.lean|insertTree_correct|6517665507579609563	insertTree_correct	6517665507579609563	reconstruction-failed	certificate-error	Proof unsupported by Alethe: contains operator DUMMY_SKOLEM	63218666	collect=524833,normalize=2036417,monomorphize=10153417,instantiate=9792583,translate=6885458,solve=33809250,replay=16708	
velvet	crush-alethe	1	Velvet/Examples/Recursion.lean|insertTree_correct|4691160922418792609	insertTree_correct	3724966807215875960	reconstruction-failed	certificate-error	Proof unsupported by Alethe: contains operator DUMMY_SKOLEM	75282084	collect=717375,normalize=2954250,monomorphize=13055791,instantiate=10890209,translate=8290792,solve=39357834,replay=15833	
velvet	crush-alethe	1	Velvet/Examples/Recursion.lean|insertTree_correct|5459752633259142580	insertTree_correct	5459752633259142580	reconstruction-failed	certificate-error	Proof unsupported by Alethe: contains operator DUMMY_SKOLEM	109475751	collect=625375,normalize=3328333,monomorphize=12687041,instantiate=10975417,translate=7632709,solve=74209709,replay=17167	
velvet	crush-alethe	1	Velvet/Examples/Recursion.lean|insertTree_correct|14235806948139691359	insertTree_correct	14235806948139691359	reconstruction-failed	certificate-error	Proof unsupported by Alethe: contains operator DUMMY_SKOLEM	64387000	collect=616291,normalize=2945542,monomorphize=11332917,instantiate=10067917,translate=7617000,solve=31788333,replay=19000	
velvet	crush-alethe	1	Velvet/Examples/Recursion.lean|insertTree_correct|7037529583856086989	insertTree_correct	14769059022653274503	reconstruction-failed	certificate-error	Proof unsupported by Alethe: contains operator DUMMY_SKOLEM	69856793	collect=570459,normalize=2649542,monomorphize=13153459,instantiate=10935250,translate=7886000,solve=34646250,replay=15833	
velvet	crush-alethe	1	Velvet/Examples/Recursion.lean|insertTree_correct|5348143843544294657	insertTree_correct	5348143843544294657	reconstruction-failed	certificate-error	Proof unsupported by Alethe: contains operator DUMMY_SKOLEM	76556042	collect=604792,normalize=2563500,monomorphize=11375416,instantiate=10789500,translate=8024000,solve=43180834,replay=18000	
velvet	crush-alethe	1	Velvet/Examples/Recursion.lean|insertTree_correct|11865403806314311412	insertTree_correct	11865403806314311412	reconstruction-failed	certificate-error	Proof unsupported by Alethe: contains operator DUMMY_SKOLEM	68586501	collect=629875,normalize=2793292,monomorphize=12248583,instantiate=11944542,translate=8019500,solve=32934875,replay=15834	
velvet	crush-alethe	1	Velvet/Examples/Recursion.lean|complex_measure_binsearch_correct|4528940613904177901	complex_measure_binsearch_correct	4528940613904177901	unknown	not-attempted	solver exited without a verdict	10081038332	collect=693292,normalize=1240666,monomorphize=17792,instantiate=9080541,translate=2172708,solve=5031039041,translate-fallback=2021792,solve-fallback=5034772500	
velvet	crush-alethe	1	Velvet/Examples/Recursion.lean|complex_measure_binsearch_correct|9897963110172432531	complex_measure_binsearch_correct	9897963110172432531	alethe-reconstructed	success	Alethe certificate replay succeeded	1089883416	collect=621833,normalize=1607250,monomorphize=20458,instantiate=9387417,translate=3381875,solve=43689375,replay=1031175208	certificate_commands=49,certificate_assumes=11,certificate_steps=38,certificate_anchors=0,certificate_sexp_nodes=912,certificate_bytes=3709
velvet	crush-alethe	1	Velvet/Examples/Recursion.lean|pow2_correct|5804668677648722939	pow2_correct	5804668677648722939	reconstruction-failed	term-gap	selected SMT assumption could not be decoded	69397709	collect=767334,normalize=1453208,monomorphize=19084,instantiate=13916833,translate=2528917,solve=34028750,replay=16683583	
velvet	crush-alethe	1	Velvet/Examples/Recursion.lean|pow2_correct|5360899794933563671	pow2_correct	5360899794933563671	reconstruction-failed	term-gap	selected SMT assumption could not be decoded	91472833	collect=491083,normalize=1508166,monomorphize=20542,instantiate=15772500,translate=3259250,solve=44412500,replay=26008792	
velvet	crush-alethe	1	Velvet/Examples/Recursion.lean|pow2_correct|2669204144888843361	pow2_correct	2669204144888843361	reconstruction-failed	term-gap	selected SMT assumption could not be decoded	91841208	collect=457416,normalize=1739375,monomorphize=28708,instantiate=17223583,translate=4114750,solve=41180209,replay=27097167	
velvet	crush-alethe	1	Velvet/Examples/Recursion.lean|pow2_correct|17426933449823366573	pow2_correct	17426933449823366573	reconstruction-failed	term-gap	selected SMT assumption could not be decoded	111322166	collect=482916,normalize=1794500,monomorphize=23792,instantiate=15350958,translate=3279667,solve=61395500,replay=28994833	
velvet	crush-alethe	1	Velvet/Examples/Recursion.lean|pow2_correct|3040060259141493307	pow2_correct	3040060259141493307	reconstruction-failed	term-gap	selected SMT assumption could not be decoded	80618624	collect=475708,normalize=1479666,monomorphize=20000,instantiate=14555625,translate=2991875,solve=37944542,replay=23151208	
velvet	crush-alethe	1	Velvet/Examples/Recursion.lean|pow2_correct|8843960039229350233	pow2_correct	8843960039229350233	reconstruction-failed	term-gap	selected SMT assumption could not be decoded	66213210	collect=460584,normalize=1282500,monomorphize=18042,instantiate=12754292,translate=1988667,solve=32336917,replay=17372208	
velvet	crush-alethe	1	Velvet/Examples/Recursion.lean|pow2_correct|11033618788013063028	pow2_correct	11033618788013063028	reconstruction-failed	term-gap	selected SMT assumption could not be decoded	73010875	collect=428708,normalize=1284084,monomorphize=18625,instantiate=13013458,translate=2272250,solve=36638875,replay=19354875	
velvet	crush-alethe	1	Velvet/Examples/Recursion.lean|pow2_correct|12960500676855313787	pow2_correct	12960500676855313787	reconstruction-failed	term-gap	selected SMT assumption could not be decoded	101156292	collect=522375,normalize=1736500,monomorphize=22750,instantiate=16738625,translate=4058125,solve=49197167,replay=28880750	
velvet	crush-alethe	1	Velvet/Examples/SmallHeartBeats.lean|LeftmostMaximalDigit_correct|15016508801900672495	LeftmostMaximalDigit_correct	15236574120941310609	unknown	not-attempted	solver exited without a verdict	5053696668	collect=3001417,normalize=5170583,monomorphize=102584,instantiate=218500,translate=13886667,solve=5031316917	
velvet	crush-alethe	1	Velvet/Examples/SmallHeartBeats.lean|LeftmostMaximalDigit_correct|15016508801900672495	LeftmostMaximalDigit_correct	15236574120941310609	unknown	not-attempted	solver exited without a verdict	5045116583	collect=405958,normalize=5019375,monomorphize=26167,instantiate=35916,translate=8411875,solve=5031217292	
velvet	crush-alethe	1	Velvet/Examples/SmallHeartBeats.lean|LeftmostMaximalDigit_correct|2028202278093280602	LeftmostMaximalDigit_correct	6121938255858659784	reconstruction-failed	certificate-error	Proof unsupported by Alethe: contains operator DUMMY_SKOLEM	2814067083	collect=430666,normalize=5088125,monomorphize=24459,instantiate=36458,translate=8383625,solve=2799973875,replay=129875	
velvet	crush-alethe	1	Velvet/Examples/SmallHeartBeats.lean|LeftmostMaximalDigit_correct|15016508801900672495	LeftmostMaximalDigit_correct	15236574120941310609	reconstruction-failed	certificate-error	Proof unsupported by Alethe: contains operator DUMMY_SKOLEM	2950006709	collect=443709,normalize=5434958,monomorphize=25750,instantiate=42000,translate=8722417,solve=2935320792,replay=17083	
velvet	crush-alethe	1	Velvet/Examples/SmallHeartBeats.lean|LeftmostMaximalDigit_correct|15016508801900672495	LeftmostMaximalDigit_correct	15236574120941310609	reconstruction-failed	certificate-error	Proof unsupported by Alethe: contains operator DUMMY_SKOLEM	2839339666	collect=384375,normalize=4691583,monomorphize=21750,instantiate=31667,translate=8216041,solve=2825978625,replay=15625	
velvet	crush-alethe	1	Velvet/Examples/SmallHeartBeats.lean|LeftmostMaximalDigit_correct|3737123472131748703	LeftmostMaximalDigit_correct	15236574120941310609	reconstruction-failed	certificate-error	Proof unsupported by Alethe: contains operator DUMMY_SKOLEM	3310947250	collect=399375,normalize=3976291,monomorphize=22875,instantiate=35959,translate=7583458,solve=3298910917,replay=18375	
velvet	crush-alethe	1	Velvet/Examples/SmallHeartBeats.lean|LeftmostMaximalDigit_correct|7513237505621560861	LeftmostMaximalDigit_correct	7513237505621560861	reconstruction-failed	certificate-error	Proof unsupported by Alethe: contains operator DUMMY_SKOLEM	49833669	collect=419292,normalize=2026459,monomorphize=26167,instantiate=43250,translate=6109542,solve=41190625,replay=18334	
velvet	crush-alethe	1	Velvet/Examples/SmallHeartBeats.lean|LeftmostMaximalDigit_correct|8096766621563827002	LeftmostMaximalDigit_correct	17680906660210225647	reconstruction-failed	certificate-error	Proof unsupported by Alethe: contains operator DUMMY_SKOLEM	36970333	collect=510083,normalize=3105833,monomorphize=24375,instantiate=39875,translate=5564167,solve=27707542,replay=18458	
velvet	crush-alethe	1	Velvet/Examples/SmallHeartBeats.lean|LeftmostMaximalDigit_correct|18343663110535115658	LeftmostMaximalDigit_correct	5956152800418677151	unknown	not-attempted	solver exited without a verdict	5052599541	collect=571875,normalize=5080416,monomorphize=27250,instantiate=37833,translate=13097792,solve=5033784375	
velvet	crush-alethe	1	Velvet/Examples/SmallHeartBeats.lean|LeftmostMaximalDigit_correct|15016508801900672495	LeftmostMaximalDigit_correct	15236574120941310609	unknown	not-attempted	solver exited without a verdict	5053696668	collect=3001417,normalize=5170583,monomorphize=102584,instantiate=218500,translate=13886667,solve=5031316917	
velvet	crush-alethe	1	Velvet/Examples/SmallHeartBeats.lean|LeftmostMaximalDigit_correct|15016508801900672495	LeftmostMaximalDigit_correct	15236574120941310609	unknown	not-attempted	solver exited without a verdict	5045116583	collect=405958,normalize=5019375,monomorphize=26167,instantiate=35916,translate=8411875,solve=5031217292	
velvet	crush-alethe	1	Velvet/Examples/SmallHeartBeats.lean|LeftmostMaximalDigit_correct|2028202278093280602	LeftmostMaximalDigit_correct	6121938255858659784	reconstruction-failed	certificate-error	Proof unsupported by Alethe: contains operator DUMMY_SKOLEM	2814067083	collect=430666,normalize=5088125,monomorphize=24459,instantiate=36458,translate=8383625,solve=2799973875,replay=129875	
velvet	crush-alethe	1	Velvet/Examples/SmallHeartBeats.lean|LeftmostMaximalDigit_correct|15016508801900672495	LeftmostMaximalDigit_correct	15236574120941310609	reconstruction-failed	certificate-error	Proof unsupported by Alethe: contains operator DUMMY_SKOLEM	2950006709	collect=443709,normalize=5434958,monomorphize=25750,instantiate=42000,translate=8722417,solve=2935320792,replay=17083	
velvet	crush-alethe	1	Velvet/Examples/SmallHeartBeats.lean|LeftmostMaximalDigit_correct|15016508801900672495	LeftmostMaximalDigit_correct	15236574120941310609	reconstruction-failed	certificate-error	Proof unsupported by Alethe: contains operator DUMMY_SKOLEM	2839339666	collect=384375,normalize=4691583,monomorphize=21750,instantiate=31667,translate=8216041,solve=2825978625,replay=15625	
velvet	crush-alethe	1	Velvet/Examples/SmallHeartBeats.lean|LeftmostMaximalDigit_correct|3737123472131748703	LeftmostMaximalDigit_correct	15236574120941310609	reconstruction-failed	certificate-error	Proof unsupported by Alethe: contains operator DUMMY_SKOLEM	3310947250	collect=399375,normalize=3976291,monomorphize=22875,instantiate=35959,translate=7583458,solve=3298910917,replay=18375	
velvet	crush-alethe	1	Velvet/Examples/SmallHeartBeats.lean|LeftmostMaximalDigit_correct|7513237505621560861	LeftmostMaximalDigit_correct	7513237505621560861	reconstruction-failed	certificate-error	Proof unsupported by Alethe: contains operator DUMMY_SKOLEM	49833669	collect=419292,normalize=2026459,monomorphize=26167,instantiate=43250,translate=6109542,solve=41190625,replay=18334	
velvet	crush-alethe	1	Velvet/Examples/SmallHeartBeats.lean|LeftmostMaximalDigit_correct|8096766621563827002	LeftmostMaximalDigit_correct	17680906660210225647	reconstruction-failed	certificate-error	Proof unsupported by Alethe: contains operator DUMMY_SKOLEM	36970333	collect=510083,normalize=3105833,monomorphize=24375,instantiate=39875,translate=5564167,solve=27707542,replay=18458	
velvet	crush-alethe	1	Velvet/Examples/SmallHeartBeats.lean|LeftmostMaximalDigit_correct|18343663110535115658	LeftmostMaximalDigit_correct	5956152800418677151	unknown	not-attempted	solver exited without a verdict	5052599541	collect=571875,normalize=5080416,monomorphize=27250,instantiate=37833,translate=13097792,solve=5033784375	
velvet	crush-alethe	1	Velvet/Examples/SpMSpV_Example.lean|VSpV_correct|8738685113314976701	VSpV_correct	8738685113314976701	reconstruction-failed	certificate-error	Proof unsupported by Alethe: contains operator DUMMY_SKOLEM	104241460	collect=702167,normalize=2026167,monomorphize=14247125,instantiate=8593709,translate=16902042,solve=61661375,replay=108875	
velvet	crush-alethe	1	Velvet/Examples/SpMSpV_Example.lean|VSpV_correct|3203096880704497577	VSpV_correct	3203096880704497577	reconstruction-failed	certificate-error	Proof unsupported by Alethe: contains operator DUMMY_SKOLEM	135529832	collect=252666,normalize=1776791,monomorphize=18551167,instantiate=29901750,translate=21661791,solve=63370625,replay=15042	
velvet	crush-alethe	1	Velvet/Examples/SpMSpV_Example.lean|VSpV_correct|6511268073169614694	VSpV_correct	6511268073169614694	reconstruction-failed	certificate-error	Proof unsupported by Alethe: contains operator DUMMY_SKOLEM	62906875	collect=247958,normalize=1559583,monomorphize=12059417,instantiate=6986209,translate=10888250,solve=31151542,replay=13916	
velvet	crush-alethe	1	Velvet/Examples/SpMSpV_Example.lean|VSpV_correct|975338514235632457	VSpV_correct	975338514235632457	reconstruction-failed	certificate-error	Proof unsupported by Alethe: contains operator DUMMY_SKOLEM	78370583	collect=204958,normalize=152416,monomorphize=10070750,instantiate=1423500,translate=7744833,solve=58760959,replay=13167	
velvet	crush-alethe	1	Velvet/Examples/SpMSpV_Example.lean|VSpV_correct|12341185047943028706	VSpV_correct	12341185047943028706	reconstruction-failed	certificate-error	Proof unsupported by Alethe: contains operator DUMMY_SKOLEM	74142168	collect=198584,normalize=172458,monomorphize=11498000,instantiate=10083167,translate=10953542,solve=41221625,replay=14792	
velvet	crush-alethe	1	Velvet/Examples/SpMSpV_Example.lean|spmv_correct|10035930273513517515	spmv_correct	16911588290658345398	reconstruction-failed	certificate-error	Proof unsupported by Alethe: contains operator DUMMY_SKOLEM	146518711	collect=261334,normalize=356209,monomorphize=25677875,instantiate=19673208,translate=23115834,solve=77420209,replay=14042	
velvet	crush-alethe	1	Velvet/Examples/SpMSpV_Example.lean|spmv_correct|4828757563640441921	spmv_correct	17150622328021244237	reconstruction-failed	certificate-error	Proof unsupported by Alethe: contains operator DUMMY_SKOLEM	243134583	collect=288625,normalize=497375,monomorphize=46520667,instantiate=51182625,translate=52303166,solve=92328250,replay=13875	
velvet	crush-alethe	1	Velvet/Examples/SpMSpV_Example.lean|spmv_correct|9723121325275610683	spmv_correct	5118812006968681161	reconstruction-failed	certificate-error	Proof unsupported by Alethe: contains operator DUMMY_SKOLEM	101094459	collect=248167,normalize=303959,monomorphize=22222584,instantiate=3723583,translate=16034208,solve=58547708,replay=14250	
velvet	crush-alethe	1	Velvet/Examples/SpMSpV_Example.lean|spmv_correct|17138153512408342530	spmv_correct	10058067986739430896	reconstruction-failed	certificate-error	Proof unsupported by Alethe: contains operator DUMMY_SKOLEM	108633125	collect=252875,normalize=319083,monomorphize=23878542,instantiate=12132875,translate=22699375,solve=49334667,replay=15708	
velvet	crush-alethe	1	Velvet/Examples/SpMSpV_Example.lean|spmv_correct|1779879977175361606	spmv_correct	9652275006870831740	reconstruction-failed	certificate-error	Proof unsupported by Alethe: contains operator DUMMY_SKOLEM	90664417	collect=253042,normalize=305959,monomorphize=21695250,instantiate=3974291,translate=16072375,solve=48345125,replay=18375	
velvet	crush-alethe	1	Velvet/Examples/SpMSpV_Example.lean|spmv_correct|3184815126966959579	spmv_correct	4431820435980120265	reconstruction-failed	certificate-error	Proof unsupported by Alethe: contains operator DUMMY_SKOLEM	103450000	collect=204959,normalize=181208,monomorphize=16005166,instantiate=2790833,translate=11707667,solve=72544375,replay=15792	
velvet	crush-alethe	1	Velvet/Examples/SpMSpV_Example.lean|spmv_correct|1119395027554635835	spmv_correct	13937701322092251966	reconstruction-failed	certificate-error	Proof unsupported by Alethe: contains operator DUMMY_SKOLEM	106614124	collect=216625,normalize=208541,monomorphize=20461083,instantiate=11183167,translate=19621917,solve=54908291,replay=14500	
velvet	crush-alethe	1	Velvet/Examples/SpMSpV_Example.lean|spmv_correct|2867453267844152322	spmv_correct	4156424914757912501	reconstruction-failed	certificate-error	Proof unsupported by Alethe: contains operator DUMMY_SKOLEM	156619414	collect=262083,normalize=332708,monomorphize=32447166,instantiate=11872208,translate=27006250,solve=84683833,replay=15166	
velvet	crush-alethe	1	Velvet/Examples/SpMSpV_Example.lean|SpVSpV_correct|12365816836206760017	SpVSpV_correct	12365816836206760017	reconstruction-failed	certificate-error	Proof unsupported by Alethe: contains operator DUMMY_SKOLEM	183014085	collect=365709,normalize=4595417,monomorphize=36485875,instantiate=43326500,translate=31906750,solve=66319459,replay=14375	
velvet	crush-alethe	1	Velvet/Examples/SpMSpV_Example.lean|SpVSpV_correct|14837198768818932204	SpVSpV_correct	16126165560622542066	reconstruction-failed	certificate-error	Proof unsupported by Alethe: contains operator DUMMY_SKOLEM	265619668	collect=402125,normalize=5745375,monomorphize=43041250,instantiate=111072209,translate=54524917,solve=50819542,replay=14250	
velvet	crush-alethe	1	Velvet/Examples/SpMSpV_Example.lean|SpVSpV_correct|15323100967004739210	SpVSpV_correct	15323100967004739210	reconstruction-failed	certificate-error	Proof unsupported by Alethe: contains operator DUMMY_SKOLEM	187275959	collect=427125,normalize=5102917,monomorphize=36467084,instantiate=44798792,translate=33251625,solve=67213291,replay=15125	
velvet	crush-alethe	1	Velvet/Examples/SpMSpV_Example.lean|SpVSpV_correct|10656169208955874266	SpVSpV_correct	10656169208955874266	reconstruction-failed	certificate-error	Proof unsupported by Alethe: contains operator DUMMY_SKOLEM	229206666	collect=422083,normalize=4997750,monomorphize=37766083,instantiate=72192458,translate=42072500,solve=71740042,replay=15750	
velvet	crush-alethe	1	Velvet/Examples/SpMSpV_Example.lean|SpVSpV_correct|9762937465648280212	SpVSpV_correct	9762937465648280212	reconstruction-failed	certificate-error	Proof unsupported by Alethe: contains operator DUMMY_SKOLEM	182379707	collect=382166,normalize=4854708,monomorphize=37052333,instantiate=43514834,translate=33601041,solve=62959125,replay=15500	
velvet	crush-alethe	1	Velvet/Examples/SpMSpV_Example.lean|SpVSpV_correct|2195194365498566470	SpVSpV_correct	2195194365498566470	reconstruction-failed	certificate-error	Proof unsupported by Alethe: contains operator DUMMY_SKOLEM	212558917	collect=422583,normalize=5169375,monomorphize=37561166,instantiate=68611083,translate=43341167,solve=57434209,replay=19334	
velvet	crush-alethe	1	Velvet/Examples/SpMSpV_Example.lean|SpVSpV_correct|11853401597336712609	SpVSpV_correct	11853401597336712609	reconstruction-failed	certificate-error	Proof unsupported by Alethe: contains operator DUMMY_SKOLEM	176212334	collect=368334,normalize=4447459,monomorphize=37084000,instantiate=50815583,translate=31561833,solve=51920209,replay=14916	
velvet	crush-alethe	1	Velvet/Examples/SpMSpV_Example.lean|SpVSpV_correct|2836632441074815746	SpVSpV_correct	2836632441074815746	reconstruction-failed	certificate-error	Proof unsupported by Alethe: contains operator DUMMY_SKOLEM	150961043	collect=384750,normalize=5215917,monomorphize=33194125,instantiate=43832625,translate=31525084,solve=36793500,replay=15042	
velvet	crush-alethe	1	Velvet/Examples/SpMSpV_Example.lean|SpVSpV_correct|9157999431728333977	SpVSpV_correct	9157999431728333977	reconstruction-failed	certificate-error	Proof unsupported by Alethe: contains operator DUMMY_SKOLEM	116315250	collect=337334,normalize=3779833,monomorphize=28301708,instantiate=5660708,translate=18637458,solve=59579959,replay=18250	
velvet	crush-alethe	1	Velvet/Examples/SpMSpV_Example.lean|SpVSpV_correct|12484676100150332319	SpVSpV_correct	12484676100150332319	reconstruction-failed	certificate-error	Proof unsupported by Alethe: contains operator DUMMY_SKOLEM	172759833	collect=449834,normalize=4683000,monomorphize=30355708,instantiate=64484541,translate=26302250,solve=46470000,replay=14500	
velvet	crush-alethe	1	Velvet/Examples/SpMSpV_Example.lean|SpVSpV_correct|6547543738413559297	SpVSpV_correct	6547543738413559297	reconstruction-failed	certificate-error	Proof unsupported by Alethe: contains operator DUMMY_SKOLEM	188063666	collect=410333,normalize=4492459,monomorphize=40188250,instantiate=44451125,translate=33823083,solve=64684083,replay=14333	
velvet	crush-alethe	1	Velvet/Examples/SpMSpV_Example.lean|SpMSpV_correct|16599719904663808863	SpMSpV_correct	6207658206744569200	reconstruction-failed	certificate-error	Proof unsupported by Alethe: contains operator DUMMY_SKOLEM	203313458	collect=471583,normalize=5120042,monomorphize=57441500,instantiate=22083750,translate=37729666,solve=80451417,replay=15500	
velvet	crush-alethe	1	Velvet/Examples/SpMSpV_Example.lean|SpMSpV_correct|9413868035314052637	SpMSpV_correct	954402073916344576	reconstruction-failed	certificate-error	Proof unsupported by Alethe: contains operator DUMMY_SKOLEM	205633624	collect=483708,normalize=5083541,monomorphize=57143917,instantiate=21427750,translate=35280792,solve=86197333,replay=16583	
velvet	crush-alethe	1	Velvet/Examples/SpMSpV_Example.lean|SpMSpV_correct|11331147013392176036	SpMSpV_correct	1456818390559341560	reconstruction-failed	certificate-error	Proof unsupported by Alethe: contains operator DUMMY_SKOLEM	472108292	collect=468250,normalize=6412209,monomorphize=73151208,instantiate=139483208,translate=129038083,solve=123540459,replay=14875	
velvet	crush-alethe	1	Velvet/Examples/SpMSpV_Example.lean|SpMSpV_correct|16599719904663808863	SpMSpV_correct	6207658206744569200	reconstruction-failed	certificate-error	Proof unsupported by Alethe: contains operator DUMMY_SKOLEM	212844792	collect=467333,normalize=5512459,monomorphize=60107458,instantiate=21786500,translate=42283834,solve=82670833,replay=16375	
velvet	crush-alethe	1	Velvet/Examples/SpMSpV_Example.lean|SpMSpV_correct|14915918579342464454	SpMSpV_correct	14801354580617985578	reconstruction-failed	certificate-error	Proof unsupported by Alethe: contains operator DUMMY_SKOLEM	199342126	collect=475041,normalize=5343709,monomorphize=60074375,instantiate=20120250,translate=36047292,solve=77265500,replay=15959	
velvet	crush-alethe	1	Velvet/Examples/SpMSpV_Example.lean|SpMSpV_correct|9290686424640906065	SpMSpV_correct	4686021491981357338	reconstruction-failed	certificate-error	Proof unsupported by Alethe: contains operator DUMMY_SKOLEM	539119166	collect=512000,normalize=6021083,monomorphize=65458041,instantiate=102034959,translate=88531875,solve=276545041,replay=16167	
velvet	crush-alethe	1	Velvet/Examples/SpMSpV_Example.lean|SpMSpV_correct|4823872097887552574	SpMSpV_correct	14465487365256530385	reconstruction-failed	certificate-error	Proof unsupported by Alethe: contains operator DUMMY_SKOLEM	179862125	collect=487208,normalize=5376084,monomorphize=59749875,instantiate=15193666,translate=35149500,solve=63891167,replay=14625	
velvet	crush-alethe	1	Velvet/Examples/SpMSpV_Example.lean|SpMSpV_correct|9413868035314052637	SpMSpV_correct	954402073916344576	reconstruction-failed	certificate-error	Proof unsupported by Alethe: contains operator DUMMY_SKOLEM	189170916	collect=489875,normalize=5557042,monomorphize=63517625,instantiate=22397458,translate=38665250,solve=58527791,replay=15875	
velvet	crush-alethe	1	Velvet/Examples/SpMSpV_Example.lean|SpMSpV_correct|4033875047981720732	SpMSpV_correct	6105912413912116647	reconstruction-failed	certificate-error	Proof unsupported by Alethe: contains operator DUMMY_SKOLEM	636189541	collect=468791,normalize=6303041,monomorphize=69309625,instantiate=97374459,translate=92192250,solve=370525875,replay=15500	
velvet	crush-alethe	1	Velvet/Examples/SpMSpV_Example.lean|SpMSpV_correct|4823872097887552574	SpMSpV_correct	14465487365256530385	reconstruction-failed	certificate-error	Proof unsupported by Alethe: contains operator DUMMY_SKOLEM	157460043	collect=423875,normalize=4677167,monomorphize=47968000,instantiate=9379042,translate=29165667,solve=65829125,replay=17167	
velvet	crush-alethe	1	Velvet/Examples/SpMSpV_Example.lean|SpMSpV_correct|14915918579342464454	SpMSpV_correct	14801354580617985578	reconstruction-failed	certificate-error	Proof unsupported by Alethe: contains operator DUMMY_SKOLEM	145257917	collect=474834,normalize=4932083,monomorphize=48392541,instantiate=8417459,translate=27920000,solve=55102208,replay=18792	
velvet	crush-alethe	1	Velvet/Examples/SpMSpV_Example.lean|SpMSpV_correct|10972595422634862877	SpMSpV_correct	282711820722505660	reconstruction-failed	certificate-error	Proof unsupported by Alethe: contains operator DUMMY_SKOLEM	244178248	collect=520625,normalize=5428250,monomorphize=51865166,instantiate=59445375,translate=66690083,solve=60212458,replay=16291	
velvet	crush-alethe	1	Velvet/Examples/SpMSpV_Example.lean|SpMSpV_correct|8550776788309984180	SpMSpV_correct	11199427504012316075	reconstruction-failed	certificate-error	Proof unsupported by Alethe: contains operator DUMMY_SKOLEM	200677792	collect=439542,normalize=4797625,monomorphize=51450917,instantiate=27944375,translate=39962375,solve=76066167,replay=16791	
velvet	crush-alethe	1	Velvet/Examples/SpMSpV_Example.lean|SpMSpV_correct|3184815126966959579	SpMSpV_correct	4431820435980120265	reconstruction-failed	certificate-error	Proof unsupported by Alethe: contains operator DUMMY_SKOLEM	117526000	collect=365375,normalize=3889792,monomorphize=35715291,instantiate=6223084,translate=20711333,solve=50606916,replay=14209	
velvet	crush-alethe	1	Velvet/Examples/SpMSpV_Example.lean|SpMSpV_correct|5592904318722155373	SpMSpV_correct	14215810846060684506	reconstruction-failed	certificate-error	Proof unsupported by Alethe: contains operator DUMMY_SKOLEM	144018209	collect=370000,normalize=4118084,monomorphize=36232458,instantiate=6325292,translate=20863958,solve=76091292,replay=17125	
velvet	crush-alethe	1	Velvet/Examples/SpMSpV_Example.lean|SpMSpV_correct|9139246173028146264	SpMSpV_correct	17952347404366761422	reconstruction-failed	certificate-error	Proof unsupported by Alethe: contains operator DUMMY_SKOLEM	248576333	collect=397209,normalize=4711958,monomorphize=40676791,instantiate=62397250,translate=76171042,solve=64206458,replay=15625	
velvet	crush-alethe	1	Velvet/Examples/SpMSpV_Example.lean|SpMSpV_correct|1600226093076966364	SpMSpV_correct	16517394122866365312	reconstruction-failed	certificate-error	Proof unsupported by Alethe: contains operator DUMMY_SKOLEM	296036250	collect=412625,normalize=4901292,monomorphize=61594333,instantiate=15696500,translate=34202459,solve=179213791,replay=15250	
velvet	crush-alethe	1	Velvet/Examples/SubstringSearch.lean|SubstringSearch_correct|18217664312208415458	SubstringSearch_correct	174702952739697047	reconstruction-failed	certificate-error	Proof unsupported by Alethe: contains operator DUMMY_SKOLEM	63585667	collect=530250,normalize=284458,monomorphize=93792,instantiate=216875,translate=8776959,solve=53566500,replay=116833	
velvet	crush-alethe	1	Velvet/Examples/SubstringSearch.lean|SubstringSearch_correct|14717207787831772510	SubstringSearch_correct	16168922198445788	reconstruction-failed	certificate-error	Proof unsupported by Alethe: contains operator DUMMY_SKOLEM	40765000	collect=148375,normalize=1349125,monomorphize=13042,instantiate=29208,translate=4093959,solve=35116416,replay=14875	
velvet	crush-alethe	1	Velvet/Examples/SubstringSearch.lean|SubstringSearch_correct|10323933724704776680	SubstringSearch_correct	12116471866077996373	reconstruction-failed	certificate-error	Proof unsupported by Alethe: contains operator DUMMY_SKOLEM	43022125	collect=128291,normalize=96250,monomorphize=12625,instantiate=32792,translate=2880000,solve=39856167,replay=16000	
velvet	crush-alethe	1	Velvet/Examples/SubstringSearch.lean|SubstringSearch_correct|8391554914672281118	SubstringSearch_correct	4974301628068507188	reconstruction-failed	certificate-error	Proof unsupported by Alethe: contains operator DUMMY_SKOLEM	39043666	collect=107541,normalize=50625,monomorphize=11834,instantiate=26958,translate=1795542,solve=37037291,replay=13875	
velvet	crush-alethe	1	Velvet/Examples/SubstringSearch.lean|SubstringSearch_correct|6640297411548399355	SubstringSearch_correct	6640297411548399355	reconstruction-failed	certificate-error	Proof unsupported by Alethe: contains operator DUMMY_SKOLEM	39086085	collect=102375,normalize=45667,monomorphize=10792,instantiate=26333,translate=1291792,solve=37593834,replay=15292	
velvet	crush-alethe	1	Velvet/Examples/SubstringSearch.lean|SubstringSearch_correct|4492008039209323302	SubstringSearch_correct	4492008039209323302	reconstruction-failed	certificate-error	Proof unsupported by Alethe: contains operator DUMMY_SKOLEM	57316042	collect=2564959,normalize=3109541,monomorphize=41500,instantiate=37167,translate=9665583,solve=41879125,replay=18167	
velvet	crush-alethe	1	Velvet/Examples/SubstringSearch.lean|SubstringSearch_correct|16506446102682745284	SubstringSearch_correct	16506446102682745284	reconstruction-failed	certificate-error	Proof unsupported by Alethe: contains operator DUMMY_SKOLEM	42804792	collect=702500,normalize=3156375,monomorphize=46291,instantiate=38250,translate=10305459,solve=28539125,replay=16792	
velvet	crush-alethe	1	Velvet/Examples/SubstringSearch.lean|SubstringSearch_correct|4056255141881592010	SubstringSearch_correct	4056255141881592010	reconstruction-failed	certificate-error	Proof unsupported by Alethe: contains operator DUMMY_SKOLEM	56541124	collect=515833,normalize=2927375,monomorphize=46666,instantiate=42667,translate=11037125,solve=41954958,replay=16500	
velvet	crush-alethe	1	Velvet/Examples/SubstringSearch.lean|SubstringSearch_correct|10653939026877543916	SubstringSearch_correct	10653939026877543916	reconstruction-failed	certificate-error	Proof unsupported by Alethe: contains operator DUMMY_SKOLEM	41865999	collect=498375,normalize=2773958,monomorphize=39291,instantiate=35125,translate=9796708,solve=28706917,replay=15625	
velvet	crush-alethe	1	Velvet/Examples/SubstringSearch.lean|SubstringSearch_correct|18143633401136980304	SubstringSearch_correct	18143633401136980304	reconstruction-failed	certificate-error	Proof unsupported by Alethe: contains operator DUMMY_SKOLEM	59281334	collect=530458,normalize=2774959,monomorphize=41792,instantiate=35375,translate=9635250,solve=46248042,replay=15458	
velvet	crush-alethe	1	Velvet/Examples/SubstringSearch.lean|SubstringSearch_correct|16856248441874989194	SubstringSearch_correct	16856248441874989194	reconstruction-failed	certificate-error	Proof unsupported by Alethe: contains operator DUMMY_SKOLEM	50718376	collect=482917,normalize=2752000,monomorphize=42042,instantiate=36417,translate=9888250,solve=37501125,replay=15625	
velvet	crush-alethe	1	Velvet/Examples/SubstringSearch.lean|SubstringSearch_correct|1598574868652780333	SubstringSearch_correct	2623082850227027838	reconstruction-failed	certificate-error	Proof unsupported by Alethe: contains operator DUMMY_SKOLEM	76279542	collect=493042,normalize=3003458,monomorphize=41792,instantiate=35667,translate=10363833,solve=62327458,replay=14292	
velvet	crush-alethe	1	Velvet/Examples/SubstringSearch.lean|SubstringSearch_correct|6083540873046640352	SubstringSearch_correct	14001892521180047693	reconstruction-failed	certificate-error	Proof unsupported by Alethe: contains operator DUMMY_SKOLEM	76735126	collect=558000,normalize=3749208,monomorphize=42917,instantiate=35333,translate=11337417,solve=60995917,replay=16334	
velvet	crush-alethe	1	Velvet/Examples/SubstringSearch.lean|SubstringSearch_correct|18314524564682266162	SubstringSearch_correct	174702952739697047	reconstruction-failed	certificate-error	Proof unsupported by Alethe: contains operator DUMMY_SKOLEM	63081041	collect=494333,normalize=2969458,monomorphize=40000,instantiate=35291,translate=10310917,solve=49215250,replay=15792	
velvet	crush-alethe	1	Velvet/Examples/SubstringSearch.lean|SubstringSearch_correct|14859665284842375974	SubstringSearch_correct	14695100313578779437	reconstruction-failed	certificate-error	Proof unsupported by Alethe: contains operator DUMMY_SKOLEM	64188999	collect=494625,normalize=2937000,monomorphize=40583,instantiate=35250,translate=10498750,solve=50166541,replay=16250	
velvet	crush-alethe	1	Velvet/Examples/SubstringSearch.lean|SubstringSearch_correct|16859604855349517182	SubstringSearch_correct	5978146869369588613	reconstruction-failed	certificate-error	Proof unsupported by Alethe: contains operator DUMMY_SKOLEM	5024488291	collect=507458,normalize=3481500,monomorphize=43959,instantiate=35041,translate=11252208,solve=5009151167,replay=16958	
velvet	crush-alethe	1	Velvet/Examples/SubstringSearch.lean|SubstringSearch_correct|12762377925475098934	SubstringSearch_correct	12762377925475098934	reconstruction-failed	certificate-error	Proof unsupported by Alethe: contains operator DUMMY_SKOLEM	80873291	collect=470291,normalize=2776542,monomorphize=38625,instantiate=34458,translate=10142708,solve=67393542,replay=17125	
velvet	crush-alethe	1	Velvet/Examples/SubstringSearch.lean|SubstringSearch_correct|4492008039209323302	SubstringSearch_correct	4492008039209323302	reconstruction-failed	certificate-error	Proof unsupported by Alethe: contains operator DUMMY_SKOLEM	50460957	collect=489041,normalize=2757333,monomorphize=40542,instantiate=34125,translate=9604250,solve=37520708,replay=14958	
velvet	crush-alethe	1	Velvet/Examples/SubstringSearch.lean|SubstringSearch_correct|16506446102682745284	SubstringSearch_correct	16506446102682745284	reconstruction-failed	certificate-error	Proof unsupported by Alethe: contains operator DUMMY_SKOLEM	65893711	collect=498500,normalize=2772417,monomorphize=40084,instantiate=37542,translate=9632792,solve=52892084,replay=20292	
velvet	crush-alethe	1	Velvet/Examples/SubstringSearch.lean|SubstringSearch_correct|4056255141881592010	SubstringSearch_correct	4056255141881592010	reconstruction-failed	certificate-error	Proof unsupported by Alethe: contains operator DUMMY_SKOLEM	48739207	collect=444250,normalize=2692208,monomorphize=39583,instantiate=34791,translate=9768625,solve=35744167,replay=15583	
velvet	crush-alethe	1	Velvet/Examples/SubstringSearch.lean|SubstringSearch_correct|18214680451177329292	SubstringSearch_correct	18214680451177329292	reconstruction-failed	certificate-error	Proof unsupported by Alethe: contains operator DUMMY_SKOLEM	72203917	collect=514917,normalize=2746375,monomorphize=38833,instantiate=34292,translate=9605834,solve=59248541,replay=15125	
velvet	crush-alethe	1	Velvet/Examples/SubstringSearch.lean|SubstringSearch_correct|4587180649363296126	SubstringSearch_correct	4587180649363296126	reconstruction-failed	certificate-error	Proof unsupported by Alethe: contains operator DUMMY_SKOLEM	54984335	collect=499666,normalize=2830209,monomorphize=41584,instantiate=35375,translate=9729375,solve=41827334,replay=20792	
velvet	crush-alethe	1	Velvet/Examples/SubstringSearch.lean|SubstringSearch_correct|1598574868652780333	SubstringSearch_correct	2623082850227027838	reconstruction-failed	certificate-error	Proof unsupported by Alethe: contains operator DUMMY_SKOLEM	78133794	collect=488709,normalize=2918708,monomorphize=41625,instantiate=34709,translate=10293584,solve=64338167,replay=18292	
velvet	crush-alethe	1	Velvet/Examples/SubstringSearch.lean|SubstringSearch_correct|7138545743425854663	SubstringSearch_correct	5155269417983951744	reconstruction-failed	certificate-error	Proof unsupported by Alethe: contains operator DUMMY_SKOLEM	79642249	collect=502125,normalize=3175500,monomorphize=39208,instantiate=34958,translate=10742333,solve=65131750,replay=16375	
velvet	crush-alethe	1	Velvet/Examples/SubstringSearch.lean|SubstringSearch_correct|4681422515724674825	SubstringSearch_correct	174702952739697047	reconstruction-failed	certificate-error	Proof unsupported by Alethe: contains operator DUMMY_SKOLEM	66499251	collect=488416,normalize=2899167,monomorphize=42709,instantiate=34959,translate=10422750,solve=52595125,replay=16125	
velvet	crush-alethe	1	Velvet/Examples/SubstringSearch.lean|SubstringSearch_correct|14859665284842375974	SubstringSearch_correct	14695100313578779437	reconstruction-failed	certificate-error	Proof unsupported by Alethe: contains operator DUMMY_SKOLEM	51601041	collect=515291,normalize=3012208,monomorphize=41125,instantiate=34667,translate=10719834,solve=37261416,replay=16500	
velvet	crush-alethe	1	Velvet/Examples/SubstringSearch.lean|SubstringSearch_correct|15621397202025328223	SubstringSearch_correct	16429357329401941578	reconstruction-failed	certificate-error	Proof unsupported by Alethe: contains operator DUMMY_SKOLEM	3446009791	collect=488792,normalize=3244375,monomorphize=43500,instantiate=35791,translate=11120708,solve=3431060000,replay=16625	
velvet	crush-alethe	1	Velvet/Examples/SubstringSearch.lean|SubstringSearch_correct|12762377925475098934	SubstringSearch_correct	12762377925475098934	reconstruction-failed	certificate-error	Proof unsupported by Alethe: contains operator DUMMY_SKOLEM	72496790	collect=486041,normalize=2827750,monomorphize=42791,instantiate=37167,translate=10722541,solve=58363250,replay=17250	
velvet	crush-alethe	1	Velvet/Examples/SubstringSearch.lean|SubstringSearch_correct|6640297411548399355	SubstringSearch_correct	6640297411548399355	reconstruction-failed	certificate-error	Proof unsupported by Alethe: contains operator DUMMY_SKOLEM	45810874	collect=449833,normalize=2581750,monomorphize=38375,instantiate=32750,translate=9481125,solve=33211208,replay=15833	
velvet	crush-alethe	1	Velvet/Examples/SubstringSearch.lean|SubstringSearch_correct|12035722151280848636	SubstringSearch_correct	12035722151280848636	reconstruction-failed	certificate-error	Proof unsupported by Alethe: contains operator DUMMY_SKOLEM	66541042	collect=469583,normalize=2653750,monomorphize=40209,instantiate=36000,translate=9601125,solve=53724542,replay=15833	
velvet	crush-alethe	1	Velvet/Examples/SubstringSearch.lean|SubstringSearch_correct|4056255141881592010	SubstringSearch_correct	4056255141881592010	reconstruction-failed	certificate-error	Proof unsupported by Alethe: contains operator DUMMY_SKOLEM	48162041	collect=479500,normalize=2635000,monomorphize=38875,instantiate=33500,translate=9534042,solve=35425041,replay=16083	
velvet	crush-alethe	1	Velvet/Examples/SubstringSearch.lean|SubstringSearch_correct|11007454110672083430	SubstringSearch_correct	11007454110672083430	reconstruction-failed	certificate-error	Proof unsupported by Alethe: contains operator DUMMY_SKOLEM	49966874	collect=503916,normalize=2568625,monomorphize=39334,instantiate=34500,translate=9298917,solve=37505666,replay=15916	
velvet	crush-alethe	1	Velvet/Examples/SubstringSearch.lean|SubstringSearch_correct|4587180649363296126	SubstringSearch_correct	4587180649363296126	reconstruction-failed	certificate-error	Proof unsupported by Alethe: contains operator DUMMY_SKOLEM	46156375	collect=465292,normalize=2644375,monomorphize=39083,instantiate=34916,translate=9374750,solve=33582667,replay=15292	
velvet	crush-alethe	1	Velvet/Examples/SubstringSearch.lean|SubstringSearch_correct|4995387128902807839	SubstringSearch_correct	2623082850227027838	reconstruction-failed	certificate-error	Proof unsupported by Alethe: contains operator DUMMY_SKOLEM	56422250	collect=496750,normalize=2804125,monomorphize=39417,instantiate=34292,translate=10442708,solve=42586833,replay=18125	
velvet	crush-alethe	1	Velvet/Examples/SubstringSearch.lean|SubstringSearch_correct|7138545743425854663	SubstringSearch_correct	5155269417983951744	reconstruction-failed	certificate-error	Proof unsupported by Alethe: contains operator DUMMY_SKOLEM	56237168	collect=502000,normalize=3143417,monomorphize=43125,instantiate=39458,translate=10559584,solve=41934542,replay=15042	
velvet	crush-alethe	1	Velvet/Examples/SubstringSearch.lean|SubstringSearch_correct|4681422515724674825	SubstringSearch_correct	174702952739697047	reconstruction-failed	certificate-error	Proof unsupported by Alethe: contains operator DUMMY_SKOLEM	67105416	collect=530667,normalize=2889958,monomorphize=46750,instantiate=40167,translate=10174750,solve=53403041,replay=20083	
velvet	crush-alethe	1	Velvet/Examples/SubstringSearch.lean|SubstringSearch_correct|9257442500105266102	SubstringSearch_correct	11774711000685261052	reconstruction-failed	certificate-error	Proof unsupported by Alethe: contains operator DUMMY_SKOLEM	59369709	collect=479708,normalize=2865709,monomorphize=39959,instantiate=35500,translate=10291541,solve=45641792,replay=15500	
velvet	crush-alethe	1	Velvet/Examples/SubstringSearch.lean|SubstringSearch_correct|15621397202025328223	SubstringSearch_correct	16429357329401941578	reconstruction-failed	certificate-error	Proof unsupported by Alethe: contains operator DUMMY_SKOLEM	2196137457	collect=527125,normalize=3149916,monomorphize=41875,instantiate=35333,translate=10972750,solve=2181393583,replay=16875	
velvet	crush-alethe	1	Velvet/Examples/SubstringSearch.lean|SubstringSearch_correct|12762377925475098934	SubstringSearch_correct	12762377925475098934	reconstruction-failed	certificate-error	Proof unsupported by Alethe: contains operator DUMMY_SKOLEM	54026376	collect=460083,normalize=2660792,monomorphize=37334,instantiate=33125,translate=9741000,solve=41077292,replay=16750	
velvet	crush-alethe	1	Velvet/Examples/SubstringSearch.lean|SubstringSearch_correct|7110337632391962636	SubstringSearch_correct	2623082850227027838	reconstruction-failed	certificate-error	Proof unsupported by Alethe: contains operator DUMMY_SKOLEM	57652375	collect=633208,normalize=2627917,monomorphize=41708,instantiate=34292,translate=9890084,solve=44407583,replay=17583	
velvet	crush-alethe	1	Velvet/Examples/SubstringSearch.lean|SubstringSearch_correct|7138545743425854663	SubstringSearch_correct	5155269417983951744	reconstruction-failed	certificate-error	Proof unsupported by Alethe: contains operator DUMMY_SKOLEM	57447124	collect=480125,normalize=2928541,monomorphize=47333,instantiate=44792,translate=10251583,solve=43678792,replay=15958	
velvet	crush-alethe	1	Velvet/Examples/SubstringSearch.lean|SubstringSearch_correct|12240785285064077065	SubstringSearch_correct	174702952739697047	reconstruction-failed	certificate-error	Proof unsupported by Alethe: contains operator DUMMY_SKOLEM	54121456	collect=479958,normalize=2801833,monomorphize=40041,instantiate=33667,translate=9551708,solve=41187083,replay=27166	
velvet	crush-alethe	1	Velvet/Examples/SubstringSearch.lean|SubstringSearch_correct|8901178409804151575	SubstringSearch_correct	6856589615962544519	reconstruction-failed	certificate-error	Proof unsupported by Alethe: contains operator DUMMY_SKOLEM	50572167	collect=463250,normalize=2751166,monomorphize=38167,instantiate=34125,translate=9970125,solve=37299209,replay=16125	
velvet	crush-alethe	1	Velvet/Examples/SubstringSearch.lean|SubstringSearch_correct|8890844706151052704	SubstringSearch_correct	16429357329401941578	reconstruction-failed	certificate-error	Proof unsupported by Alethe: contains operator DUMMY_SKOLEM	1028593916	collect=480042,normalize=2937666,monomorphize=39833,instantiate=35083,translate=11318000,solve=1013766750,replay=16542	
velvet	crush-alethe	1	Velvet/Examples/SubstringSearch.lean|SubstringSearch_correct|8801584380004644131	SubstringSearch_correct	8801584380004644131	reconstruction-failed	certificate-error	Proof unsupported by Alethe: contains operator DUMMY_SKOLEM	45566208	collect=456334,normalize=2521750,monomorphize=37875,instantiate=32917,translate=9149333,solve=33351291,replay=16708	
velvet	crush-alethe	1	Velvet/Examples/SubstringSearch.lean|SubstringSearch_correct|6640297411548399355	SubstringSearch_correct	6640297411548399355	reconstruction-failed	certificate-error	Proof unsupported by Alethe: contains operator DUMMY_SKOLEM	35668126	collect=109500,normalize=48750,monomorphize=11042,instantiate=27000,translate=1372542,solve=34084375,replay=14917	
velvet	crush-alethe	1	Velvet/Examples/SubstringSearch.lean|SubstringSearch_correct|6640297411548399355	SubstringSearch_correct	6640297411548399355	reconstruction-failed	certificate-error	Proof unsupported by Alethe: contains operator DUMMY_SKOLEM	35495542	collect=110625,normalize=48208,monomorphize=12125,instantiate=28625,translate=1437875,solve=33843500,replay=14584	
velvet	crush-alethe	1	Velvet/Examples/SubstringSearch.lean|SubstringSearch_correct|17707774690084689736	SubstringSearch_correct	17707774690084689736	reconstruction-failed	certificate-error	Proof unsupported by Alethe: contains operator DUMMY_SKOLEM	32840998	collect=117083,normalize=49791,monomorphize=11416,instantiate=29875,translate=1665000,solve=30951917,replay=15916	
velvet	crush-alethe	1	Velvet/Examples/SubstringSearch.lean|SubstringSearch_correct|6640297411548399355	SubstringSearch_correct	6640297411548399355	reconstruction-failed	certificate-error	Proof unsupported by Alethe: contains operator DUMMY_SKOLEM	39056958	collect=108833,normalize=49833,monomorphize=11500,instantiate=29042,translate=1384750,solve=37458125,replay=14875	
velvet	crush-alethe	1	Velvet/Examples/SubstringSearch.lean|SubstringSearch_correct|4974301628068507188	SubstringSearch_correct	4974301628068507188	reconstruction-failed	certificate-error	Proof unsupported by Alethe: contains operator DUMMY_SKOLEM	36112291	collect=105167,normalize=45750,monomorphize=11500,instantiate=28083,translate=1639666,solve=34267917,replay=14208	
velvet	crush-alethe	1	Velvet/Examples/SubstringSearch.lean|SubstringSearch_correct|6640297411548399355	SubstringSearch_correct	6640297411548399355	reconstruction-failed	certificate-error	Proof unsupported by Alethe: contains operator DUMMY_SKOLEM	37199832	collect=105375,normalize=50166,monomorphize=11208,instantiate=31167,translate=1482375,solve=35504833,replay=14708	
velvet	crush-alethe	1	Velvet/Examples/SubstringSearch.lean|SubstringSearch_correct|6640297411548399355	SubstringSearch_correct	6640297411548399355	reconstruction-failed	certificate-error	Proof unsupported by Alethe: contains operator DUMMY_SKOLEM	39035459	collect=106375,normalize=48125,monomorphize=10792,instantiate=27500,translate=1462084,solve=37365625,replay=14958	
velvet	crush-alethe	1	Velvet/Examples/SubstringSearch.lean|SubstringSearch_correct|577474350103851300	SubstringSearch_correct	2623082850227027838	reconstruction-failed	certificate-error	Proof unsupported by Alethe: contains operator DUMMY_SKOLEM	34729501	collect=141459,normalize=88042,monomorphize=13083,instantiate=31916,translate=2744834,solve=31695709,replay=14458	
velvet	crush-alethe	1	Velvet/Examples/SubstringSearch.lean|SubstringSearch_correct|12819951545662893426	SubstringSearch_correct	13993715444541763638	reconstruction-failed	certificate-error	Proof unsupported by Alethe: contains operator DUMMY_SKOLEM	34012334	collect=352792,normalize=927542,monomorphize=13250,instantiate=29667,translate=3332500,solve=29333375,replay=23208	
velvet	crush-alethe	1	Velvet/Examples/SubstringSearch.lean|SubstringSearch_correct|16471188947338966842	SubstringSearch_correct	174702952739697047	reconstruction-failed	certificate-error	Proof unsupported by Alethe: contains operator DUMMY_SKOLEM	39053125	collect=120709,normalize=73166,monomorphize=12750,instantiate=28708,translate=2409917,solve=36392250,replay=15625	
velvet	crush-alethe	1	Velvet/Examples/SubstringSearch.lean|SubstringSearch_correct|9975741777879173881	SubstringSearch_correct	11118364135432655742	reconstruction-failed	certificate-error	Proof unsupported by Alethe: contains operator DUMMY_SKOLEM	41273165	collect=127833,normalize=88917,monomorphize=17791,instantiate=37083,translate=2848500,solve=38136708,replay=16333	
velvet	crush-alethe	1	Velvet/Examples/SubstringSearch.lean|SubstringSearch_correct|88332911118243609	SubstringSearch_correct	8191945800170699187	reconstruction-failed	certificate-error	Proof unsupported by Alethe: contains operator DUMMY_SKOLEM	40347000	collect=143125,normalize=136667,monomorphize=13792,instantiate=30208,translate=3826041,solve=36181542,replay=15625	
velvet	crush-alethe	1	Velvet/Examples/SubstringSearch.lean|SubstringSearch_correct|4316548289593557355	SubstringSearch_correct	174702952739697047	reconstruction-failed	certificate-error	Proof unsupported by Alethe: contains operator DUMMY_SKOLEM	56823207	collect=636083,normalize=2995875,monomorphize=41083,instantiate=36250,translate=11461209,solve=41637541,replay=15166	
velvet	crush-alethe	1	Velvet/Examples/SubstringSearch.lean|SubstringSearch_correct|1800578837535211584	SubstringSearch_correct	16427404187394994162	reconstruction-failed	certificate-error	Proof unsupported by Alethe: contains operator DUMMY_SKOLEM	4173075624	collect=533125,normalize=3544542,monomorphize=42250,instantiate=34916,translate=11103083,solve=4157801583,replay=16125	
velvet	crush-alethe	1	Velvet/Examples/SubstringSearch.lean|SubstringSearch_correct|10230862668540398183	SubstringSearch_correct	17040693118540766639	reconstruction-failed	certificate-error	Proof unsupported by Alethe: contains operator DUMMY_SKOLEM	62521875	collect=519000,normalize=2903875,monomorphize=38209,instantiate=34792,translate=10474083,solve=48536625,replay=15291	
velvet	crush-alethe	1	Velvet/Examples/SubstringSearch.lean|SubstringSearch_correct|16982021311738439252	SubstringSearch_correct	10055357480764853091	reconstruction-failed	certificate-error	Proof unsupported by Alethe: contains operator DUMMY_SKOLEM	56337957	collect=535458,normalize=2729166,monomorphize=38416,instantiate=34750,translate=9449792,solve=43535375,replay=15000	
velvet	crush-alethe	1	Velvet/Examples/SumOfDigits.lean|SumOfDigits_correct|4887343456502517186	SumOfDigits_correct	4887343456502517186	reconstruction-failed	rule-gap	decoded SMT assumption was not derivable from its Lean source fact	295876417	collect=1162208,normalize=1719958,monomorphize=101959,instantiate=26558042,translate=7588625,solve=45160250,replay=213585375	
velvet	crush-alethe	1	Velvet/Examples/SumOfDigits.lean|SumOfDigits_correct|5431800701729144158	SumOfDigits_correct	5431800701729144158	reconstruction-failed	rule-gap	decoded SMT assumption was not derivable from its Lean source fact	292646709	collect=397458,normalize=1118833,monomorphize=23042,instantiate=14702459,translate=2764417,solve=59329125,replay=214311375	
velvet	crush-alethe	1	Velvet/Examples/SumOfDigits.lean|SumOfDigits_correct|7475080825861972690	SumOfDigits_correct	7475080825861972690	reconstruction-failed	rule-gap	decoded SMT assumption was not derivable from its Lean source fact	262727708	collect=431125,normalize=1060625,monomorphize=20083,instantiate=14519417,translate=2633833,solve=46450167,replay=197612458	
velvet	crush-alethe	1	Velvet/Examples/SumOfDigits.lean|SumOfDigits_correct|15970435702129902192	SumOfDigits_correct	15970435702129902192	reconstruction-failed	rule-gap	decoded SMT assumption was not derivable from its Lean source fact	202944167	collect=414209,normalize=820958,monomorphize=17334,instantiate=9060625,translate=2022625,solve=38262083,replay=152346333	
velvet	crush-alethe	1	Velvet/Examples/SumOfDigits.lean|SumOfDigits_correct|6640297411548399355	SumOfDigits_correct	6640297411548399355	alethe-reconstructed	success	Alethe certificate replay succeeded	75024874	collect=435875,normalize=770000,monomorphize=17208,instantiate=3520166,translate=1447000,solve=39212458,replay=29622167	certificate_commands=12,certificate_assumes=4,certificate_steps=8,certificate_anchors=0,certificate_sexp_nodes=194,certificate_bytes=778
velvet	crush-alethe	1	Velvet/Examples/SumOfDigits.lean|SumOfDigits_correct|3871074223281074707	SumOfDigits_correct	3871074223281074707	reconstruction-failed	rule-gap	decoded SMT assumption was not derivable from its Lean source fact	270464916	collect=174500,normalize=845875,monomorphize=18334,instantiate=12641166,translate=2820333,solve=40606208,replay=213358500	
velvet	crush-alethe	1	Velvet/Examples/TestLoopControl.lean|test1_correct|4791612905070682933	test1_correct	4791612905070682933	alethe-reconstructed	success	Alethe certificate replay succeeded	918654751	collect=2205834,normalize=1820083,monomorphize=91750,instantiate=215917,translate=5449750,solve=46622667,replay=862248750	certificate_commands=89,certificate_assumes=8,certificate_steps=81,certificate_anchors=0,certificate_sexp_nodes=1516,certificate_bytes=6272
velvet	crush-alethe	1	Velvet/Examples/TestLoopControl.lean|test1_correct|4635955882467741603	test1_correct	4635955882467741603	alethe-reconstructed	success	Alethe certificate replay succeeded	221681542	collect=151083,normalize=1208917,monomorphize=13750,instantiate=27750,translate=1338709,solve=39102167,replay=179839166	certificate_commands=24,certificate_assumes=8,certificate_steps=16,certificate_anchors=0,certificate_sexp_nodes=373,certificate_bytes=1486
velvet	crush-alethe	1	Velvet/Examples/TestLoopControl.lean|test1_correct|4791612905070682933	test1_correct	4791612905070682933	alethe-reconstructed	success	Alethe certificate replay succeeded	725727209	collect=165625,normalize=1105209,monomorphize=12500,instantiate=26875,translate=1421459,solve=36112333,replay=686883208	certificate_commands=83,certificate_assumes=8,certificate_steps=75,certificate_anchors=0,certificate_sexp_nodes=1400,certificate_bytes=5787
velvet	crush-alethe	1	Velvet/Examples/TestLoopControl.lean|test1_correct|4982008840348523404	test1_correct	4982008840348523404	alethe-reconstructed	success	Alethe certificate replay succeeded	433533917	collect=142042,normalize=638334,monomorphize=12833,instantiate=26500,translate=1121167,solve=40343375,replay=391249666	certificate_commands=66,certificate_assumes=10,certificate_steps=55,certificate_anchors=1,certificate_sexp_nodes=995,certificate_bytes=4472
velvet	crush-alethe	1	Velvet/Examples/TestLoopControl.lean|test1_correct|14929476196725773389	test1_correct	14929476196725773389	alethe-reconstructed	success	Alethe certificate replay succeeded	67303958	collect=150375,normalize=558708,monomorphize=14167,instantiate=32209,translate=975500,solve=30955083,replay=34617916	certificate_commands=15,certificate_assumes=3,certificate_steps=12,certificate_anchors=0,certificate_sexp_nodes=201,certificate_bytes=830
velvet	crush-alethe	1	Velvet/Examples/TestLoopControl.lean|test1_correct|2311107858308393802	test1_correct	2311107858308393802	alethe-reconstructed	success	Alethe certificate replay succeeded	1232779250	collect=185083,normalize=842125,monomorphize=15292,instantiate=33625,translate=1823458,solve=48186125,replay=1181693542	certificate_commands=219,certificate_assumes=20,certificate_steps=193,certificate_anchors=6,certificate_sexp_nodes=3211,certificate_bytes=15527
velvet	crush-alethe	1	Velvet/Examples/TestLoopControl.lean|test2_correct|4791612905070682933	test2_correct	4791612905070682933	alethe-reconstructed	success	Alethe certificate replay succeeded	928831167	collect=603042,normalize=1104167,monomorphize=14916,instantiate=29042,translate=1772375,solve=45817750,replay=879489875	certificate_commands=84,certificate_assumes=9,certificate_steps=75,certificate_anchors=0,certificate_sexp_nodes=1424,certificate_bytes=5867
velvet	crush-alethe	1	Velvet/Examples/TestLoopControl.lean|test2_correct|817407402121334710	test2_correct	817407402121334710	alethe-reconstructed	success	Alethe certificate replay succeeded	493252292	collect=149375,normalize=667083,monomorphize=16875,instantiate=34834,translate=1128625,solve=43419125,replay=447836375	certificate_commands=84,certificate_assumes=13,certificate_steps=69,certificate_anchors=2,certificate_sexp_nodes=1193,certificate_bytes=5491
velvet	crush-alethe	1	Velvet/Examples/TestLoopControl.lean|test2_correct|14929476196725773389	test2_correct	14929476196725773389	alethe-reconstructed	success	Alethe certificate replay succeeded	63460750	collect=130083,normalize=454375,monomorphize=12000,instantiate=26000,translate=843500,solve=34879750,replay=27115042	certificate_commands=15,certificate_assumes=3,certificate_steps=12,certificate_anchors=0,certificate_sexp_nodes=201,certificate_bytes=830
velvet	crush-alethe	1	Velvet/Examples/TestLoopControl.lean|test2_correct|2311107858308393802	test2_correct	2311107858308393802	alethe-reconstructed	success	Alethe certificate replay succeeded	267890958	collect=146708,normalize=669459,monomorphize=14041,instantiate=27291,translate=1345917,solve=33500667,replay=232186875	certificate_commands=49,certificate_assumes=12,certificate_steps=37,certificate_anchors=0,certificate_sexp_nodes=799,certificate_bytes=3363
velvet	crush-alethe	1	Velvet/Examples/TestLoopControl.lean|sum_even_correct|8140981983620881888	sum_even_correct	8140981983620881888	reconstruction-failed	certificate-error	Proof unsupported by Alethe: contains operator DUMMY_SKOLEM	271532291	collect=213500,normalize=704708,monomorphize=23417,instantiate=223550500,translate=13840833,solve=33145791,replay=53542	
velvet	crush-alethe	1	Velvet/Examples/TestLoopControl.lean|sum_even_correct|13972406881857011341	sum_even_correct	13972406881857011341	reconstruction-failed	certificate-error	Proof unsupported by Alethe: contains operator DUMMY_SKOLEM	497456959	collect=248500,normalize=849750,monomorphize=23334,instantiate=434710792,translate=16280208,solve=45328833,replay=15542	
velvet	crush-alethe	1	Velvet/Examples/TestLoopControl.lean|sum_even_correct|8140981983620881888	sum_even_correct	8140981983620881888	reconstruction-failed	certificate-error	Proof unsupported by Alethe: contains operator DUMMY_SKOLEM	269486500	collect=232709,normalize=754916,monomorphize=22958,instantiate=221481667,translate=11450458,solve=35527083,replay=16709	
velvet	crush-alethe	1	Velvet/Examples/TestLoopControl.lean|sum_even_correct|2763434902891560151	sum_even_correct	2763434902891560151	reconstruction-failed	certificate-error	Proof unsupported by Alethe: contains operator DUMMY_SKOLEM	505332750	collect=257875,normalize=1037500,monomorphize=22209,instantiate=433860333,translate=17157333,solve=52978416,replay=19084	
velvet	crush-alethe	1	Velvet/Examples/TestLoopControl.lean|sum_even_correct|12910903814107581038	sum_even_correct	12910903814107581038	reconstruction-failed	certificate-error	Proof unsupported by Alethe: contains operator DUMMY_SKOLEM	309384126	collect=258250,normalize=311375,monomorphize=24584,instantiate=257340917,translate=15819250,solve=35613167,replay=16583	
velvet	crush-alethe	1	Velvet/Examples/TestLoopControl.lean|sum_even_correct|8811351339800985865	sum_even_correct	8811351339800985865	reconstruction-failed	certificate-error	Proof unsupported by Alethe: contains operator DUMMY_SKOLEM	41187208	collect=183708,normalize=185167,monomorphize=20167,instantiate=1444500,translate=6330250,solve=33007583,replay=15833	
velvet	crush-alethe	1	Velvet/Examples/TestMatch.lean|test3_correct|12313593517213863317	test3_correct	12313593517213863317	alethe-reconstructed	success	Alethe certificate replay succeeded	87884917	collect=2038875,normalize=1130875,monomorphize=91458,instantiate=210375,translate=4530334,solve=32784833,replay=47098167	certificate_commands=15,certificate_assumes=7,certificate_steps=8,certificate_anchors=0,certificate_sexp_nodes=169,certificate_bytes=695
velvet	crush-alethe	1	Velvet/Examples/TestMatch.lean|test3_correct|5915416142655103160	test3_correct	5915416142655103160	alethe-reconstructed	success	Alethe certificate replay succeeded	1017955541	collect=136542,normalize=539625,monomorphize=21458,instantiate=31583,translate=1731125,solve=41199000,replay=974296208	certificate_commands=121,certificate_assumes=16,certificate_steps=103,certificate_anchors=2,certificate_sexp_nodes=1874,certificate_bytes=8797
velvet	crush-alethe	1	Velvet/Examples/Total_Partial_example.lean|insertionSort_part_correct|1993702872115081742	insertionSort_part_correct	14354530589729947841	reconstruction-failed	certificate-error	Proof unsupported by Alethe: contains operator DUMMY_SKOLEM	116956333	collect=560459,normalize=281125,monomorphize=5624250,instantiate=38640833,translate=15755000,solve=55980750,replay=113916	
velvet	crush-alethe	1	Velvet/Examples/Total_Partial_example.lean|insertionSort_part_correct|1066791641437412485	insertionSort_part_correct	1066791641437412485	reconstruction-failed	certificate-error	Proof unsupported by Alethe: contains operator DUMMY_SKOLEM	129508207	collect=313125,normalize=2260875,monomorphize=9911000,instantiate=57525208,translate=21916083,solve=37566208,replay=15708	
velvet	crush-alethe	1	Velvet/Examples/Total_Partial_example.lean|insertionSort_part_correct|8472930623785656869	insertionSort_part_correct	18353889382475767599	reconstruction-failed	certificate-error	Proof unsupported by Alethe: contains operator DUMMY_SKOLEM	2025768834	collect=267833,normalize=2416292,monomorphize=28884250,instantiate=170066667,translate=50239000,solve=1773880000,replay=14792	
velvet	crush-alethe	1	Velvet/Examples/Total_Partial_example.lean|insertionSort_part_correct|2816846931760221370	insertionSort_part_correct	2816846931760221370	reconstruction-failed	certificate-error	Proof unsupported by Alethe: contains operator DUMMY_SKOLEM	149454750	collect=251833,normalize=2123042,monomorphize=12246583,instantiate=58294500,translate=17626917,solve=58896083,replay=15792	
velvet	crush-alethe	1	Velvet/Examples/Total_Partial_example.lean|insertionSort_part_correct|1066791641437412485	insertionSort_part_correct	1066791641437412485	reconstruction-failed	certificate-error	Proof unsupported by Alethe: contains operator DUMMY_SKOLEM	127128126	collect=234916,normalize=1901250,monomorphize=9730667,instantiate=57238542,translate=15528667,solve=42479292,replay=14792	
velvet	crush-alethe	1	Velvet/Examples/Total_Partial_example.lean|insertionSort_part_correct|14825588553610653054	insertionSort_part_correct	13858382852922432078	unknown	not-attempted	solver exited without a verdict	10428178916	collect=275333,normalize=2217375,monomorphize=11631167,instantiate=216242125,translate=44090000,solve=5056651833,translate-fallback=45881042,solve-fallback=5051190041	
velvet	crush-alethe	1	Velvet/Examples/Total_Partial_example.lean|insertionSort_part_correct|16465886849738339639	insertionSort_part_correct	13858382852922432078	reconstruction-failed	certificate-error	Proof unsupported by Alethe: contains operator DUMMY_SKOLEM	153161416	collect=329042,normalize=2243166,monomorphize=10167417,instantiate=40119958,translate=15113000,solve=85167625,replay=21208	
velvet	crush-alethe	1	Velvet/Examples/Total_Partial_example.lean|insertionSort_part_correct|5918835836158453730	insertionSort_part_correct	5918835836158453730	reconstruction-failed	certificate-error	Proof unsupported by Alethe: contains operator DUMMY_SKOLEM	58417123	collect=232041,normalize=2156000,monomorphize=8528833,instantiate=1680333,translate=8495167,solve=37307791,replay=16958	
velvet	crush-alethe	1	Velvet/Examples/Total_Partial_example.lean|insertionSort_part_correct|12155028420956038391	insertionSort_part_correct	12155028420956038391	reconstruction-failed	certificate-error	Proof unsupported by Alethe: contains operator DUMMY_SKOLEM	61204791	collect=208000,normalize=1076416,monomorphize=5867250,instantiate=1160584,translate=6316583,solve=46560167,replay=15791	
velvet	crush-alethe	1	Velvet/Examples/Total_Partial_example.lean|insertionSort_part_correct|14852526092468225565	insertionSort_part_correct	139088297960392149	reconstruction-failed	certificate-error	Proof unsupported by Alethe: contains operator DUMMY_SKOLEM	157268916	collect=215375,normalize=1377583,monomorphize=7420833,instantiate=39061666,translate=12947917,solve=96228875,replay=16667	
velvet	crush-alethe	1	Velvet/Examples/Total_Partial_example.lean|insertionSort_part_correct|4477598582358312981	insertionSort_part_correct	4477598582358312981	reconstruction-failed	certificate-error	Proof unsupported by Alethe: contains operator DUMMY_SKOLEM	69928167	collect=244500,normalize=1964750,monomorphize=9819459,instantiate=1719667,translate=9090625,solve=47066291,replay=22875	
velvet	crush-alethe	1	Velvet/Examples/Total_Partial_example.lean|insertionSort_part_correct|7903702650473013145	insertionSort_part_correct	17272444315034915638	reconstruction-failed	certificate-error	Proof unsupported by Alethe: contains operator DUMMY_SKOLEM	164701834	collect=271000,normalize=2095917,monomorphize=11163500,instantiate=39388584,translate=15374583,solve=96392042,replay=16208	
velvet	crush-alethe	1	Velvet/Examples/Total_Partial_example.lean|insertionSort_part_correct|11248877774576345437	insertionSort_part_correct	139088297960392149	reconstruction-failed	certificate-error	Proof unsupported by Alethe: contains operator DUMMY_SKOLEM	171810917	collect=228167,normalize=1279458,monomorphize=7465792,instantiate=40318333,translate=12516667,solve=109985375,replay=17125	
velvet	crush-alethe	1	Velvet/Examples/Total_Partial_example.lean|insertionSort_part_correct|6709257883257101731	insertionSort_part_correct	6709257883257101731	reconstruction-failed	certificate-error	Proof unsupported by Alethe: contains operator DUMMY_SKOLEM	68322458	collect=202875,normalize=1259792,monomorphize=5929334,instantiate=1140000,translate=6652208,solve=53122583,replay=15666	
velvet	crush-alethe	1	Velvet/Examples/Total_Partial_example.lean|insertionSort_part_correct|16576486626369642801	insertionSort_part_correct	16576486626369642801	reconstruction-failed	certificate-error	Proof unsupported by Alethe: contains operator DUMMY_SKOLEM	45803750	collect=147333,normalize=96209,monomorphize=2535791,instantiate=701125,translate=3936500,solve=38370708,replay=16084	
velvet	crush-alethe	1	Velvet/Examples/Total_Partial_example.lean|insertionSort_part_correct|11235314628722112900	insertionSort_part_correct	14354530589729947841	reconstruction-failed	certificate-error	Proof unsupported by Alethe: contains operator DUMMY_SKOLEM	109955373	collect=171500,normalize=132708,monomorphize=4833041,instantiate=38774791,translate=9857791,solve=56168958,replay=16584	
velvet	crush-alethe	1	Velvet/Examples/Total_Partial_example.lean|insertionSort_part_correct|18214290959922115111	insertionSort_part_correct	17272444315034915638	reconstruction-failed	certificate-error	Proof unsupported by Alethe: contains operator DUMMY_SKOLEM	156208541	collect=232250,normalize=1313875,monomorphize=7909416,instantiate=40545125,translate=13035500,solve=93156833,replay=15542	
velvet	crush-alethe	1	Velvet/Examples/Total_Partial_example.lean|insertionSort_termination_correct|11568103068982921353	insertionSort_termination_correct	11568103068982921353	reconstruction-failed	certificate-error	Proof unsupported by Alethe: contains operator DUMMY_SKOLEM	145250499	collect=201458,normalize=1166958,monomorphize=5876958,instantiate=59673125,translate=12806459,solve=65510541,replay=15000	
velvet	crush-alethe	1	Velvet/Examples/Total_Partial_example.lean|insertionSort_termination_correct|11568103068982921353	insertionSort_termination_correct	11568103068982921353	reconstruction-failed	certificate-error	Proof unsupported by Alethe: contains operator DUMMY_SKOLEM	124114709	collect=243375,normalize=1200625,monomorphize=5930458,instantiate=59178334,translate=13123792,solve=44422417,replay=15708	
velvet	crush-alethe	1	Velvet/Examples/Total_Partial_example.lean|insertionSort_termination_correct|5918835836158453730	insertionSort_termination_correct	5918835836158453730	reconstruction-failed	certificate-error	Proof unsupported by Alethe: contains operator DUMMY_SKOLEM	55589498	collect=190833,normalize=1212666,monomorphize=3306333,instantiate=984416,translate=5484625,solve=44392583,replay=18042	
velvet	crush-alethe	1	Velvet/Examples/Total_Partial_example.lean|insertionSort_termination_correct|4477598582358312981	insertionSort_termination_correct	4477598582358312981	reconstruction-failed	certificate-error	Proof unsupported by Alethe: contains operator DUMMY_SKOLEM	71957915	collect=208916,normalize=1191167,monomorphize=4336125,instantiate=1266458,translate=6601208,solve=58337833,replay=16208	
velvet	crush-alethe	1	Velvet/Examples/Total_Partial_example.lean|insertionSort_termination_correct|18088860687919872176	insertionSort_termination_correct	18088860687919872176	reconstruction-failed	certificate-error	Proof unsupported by Alethe: contains operator DUMMY_SKOLEM	59902625	collect=229667,normalize=1268666,monomorphize=5091458,instantiate=1328709,translate=6981625,solve=44984375,replay=18125	
velvet	crush-alethe	1	Velvet/Examples/Total_Partial_example.lean|insertionSort_termination_correct|6709257883257101731	insertionSort_termination_correct	6709257883257101731	reconstruction-failed	certificate-error	Proof unsupported by Alethe: contains operator DUMMY_SKOLEM	61653917	collect=193625,normalize=1127500,monomorphize=2902000,instantiate=851833,translate=5050084,solve=51513291,replay=15584	
velvet	crush-alethe	1	Velvet/Examples/Total_Partial_example.lean|insertionSort_termination_correct|16576486626369642801	insertionSort_termination_correct	16576486626369642801	reconstruction-failed	certificate-error	Proof unsupported by Alethe: contains operator DUMMY_SKOLEM	39753959	collect=160416,normalize=94750,monomorphize=2533542,instantiate=677084,translate=3820292,solve=32445000,replay=22875	
velvet	crush-portfolio	1	Velvet/Examples/EncodeDecodeStr.lean|decodeStr'_correct|4325354716326072573	decodeStr'_correct	4325354716326072573	core-reconstructed	certificate-error	core-directed reconstruction succeeded	92801917	collect=2374625,pre-reconstruct=3154792,normalize=2014167,monomorphize=98500,instantiate=233125,translate=12970541,solve=59206209,replay=117208,reconstruct=12632750	
velvet	crush-portfolio	1	Velvet/Examples/EncodeDecodeStr.lean|decodeStr'_correct|3233717574493770211	decodeStr'_correct	16298341802593511044	unknown	not-attempted	solver exited without a verdict	5076328168	collect=210917,pre-reconstruct=6793125,normalize=1799625,monomorphize=20833,instantiate=33042,translate=11254667,solve=5056215959	
velvet	crush-portfolio	1	Velvet/Examples/EncodeDecodeStr.lean|decodeStr'_correct|14557075163885871591	decodeStr'_correct	14557075163885871591	core-reconstructed	certificate-error	core-directed reconstruction succeeded	74248627	collect=208084,pre-reconstruct=1041792,normalize=1411500,monomorphize=17375,instantiate=31292,translate=6407708,solve=53533542,replay=16125,reconstruct=11581209	
velvet	crush-portfolio	1	Velvet/Examples/EncodeDecodeStr.lean|decodeStr'_correct|13851523499043008614	decodeStr'_correct	13851523499043008614	core-reconstructed	certificate-error	core-directed reconstruction succeeded	66890873	collect=177250,pre-reconstruct=368125,normalize=1238833,monomorphize=18209,instantiate=28666,translate=6230291,solve=45716666,replay=16833,reconstruct=13096000	
velvet	crush-portfolio	1	Velvet/Examples/EncodeDecodeStr.lean|decodeStr'_correct|8816666150414203262	decodeStr'_correct	8816666150414203262	core-reconstructed	certificate-error	core-directed reconstruction succeeded	41556164	collect=157167,pre-reconstruct=800916,normalize=924750,monomorphize=14041,instantiate=25041,translate=2721916,solve=34514208,replay=14917,reconstruct=2383208	
velvet	crush-portfolio	1	Velvet/Examples/EncodeDecodeStr.lean|decodeStr'_correct|7432640679462075544	decodeStr'_correct	1656677057252754089	unknown	not-attempted	no reason given	130213001	collect=158542,pre-reconstruct=1535792,normalize=2167000,monomorphize=17417,instantiate=28667,translate=4679208,solve=121626375	
velvet	crush-portfolio	1	Velvet/Examples/EncodeDecodeStr.lean|decodeStr'_correct|9639754685172097330	decodeStr'_correct	9639754685172097330	unknown	not-attempted	solver exited without a verdict	5041623834	collect=186750,pre-reconstruct=1353959,normalize=1433167,monomorphize=18000,instantiate=32375,translate=6623041,solve=5031976542	
velvet	crush-portfolio	1	Velvet/Examples/EncodeDecodeStr.lean|encodeStr_correct|10203002127808532242	encodeStr_correct	10203002127808532242	core-reconstructed	certificate-error	core-directed reconstruction succeeded	67033417	collect=1092708,pre-reconstruct=2345625,normalize=3347292,monomorphize=20708,instantiate=29250,translate=7513667,solve=39078125,replay=15459,reconstruct=13590583	
velvet	crush-portfolio	1	Velvet/Examples/EncodeDecodeStr.lean|encodeStr_correct|15527439877898811686	encodeStr_correct	9685533339980702200	core-reconstructed	certificate-error	core-directed reconstruction succeeded	215272122	collect=223166,pre-reconstruct=9997041,normalize=3612958,monomorphize=24375,instantiate=32500,translate=8399250,solve=39569583,replay=17041,reconstruct=153396208	
velvet	crush-portfolio	1	Velvet/Examples/EncodeDecodeStr.lean|encodeStr_correct|4253526900314070824	encodeStr_correct	4253526900314070824	core-reconstructed	certificate-error	core-directed reconstruction succeeded	68025334	collect=207500,pre-reconstruct=1284250,normalize=3380834,monomorphize=24292,instantiate=30167,translate=7523750,solve=39583667,replay=15041,reconstruct=15975833	
velvet	crush-portfolio	1	Velvet/Examples/EncodeDecodeStr.lean|encodeStr_correct|17087698223479619887	encodeStr_correct	9685533339980702200	pre-reconstructed	not-attempted	closed before SMT translation	1113416	collect=236583,pre-reconstruct=876833	
velvet	crush-portfolio	1	Velvet/Examples/EncodeDecodeStr.lean|encodeStr_correct|13168721855841554394	encodeStr_correct	13168721855841554394	selected-fact	not-attempted	closed from a selected Lean fact	161667	collect=161667	
velvet	crush-portfolio	1	Velvet/Examples/EncodeDecodeStr.lean|encodeStr_correct|8050235650381385355	encodeStr_correct	8050235650381385355	core-reconstructed	certificate-error	core-directed reconstruction succeeded	53893292	collect=116500,pre-reconstruct=1630958,normalize=1658542,monomorphize=18125,instantiate=29375,translate=4593041,solve=32529709,replay=16708,reconstruct=13300334	
velvet	crush-portfolio	1	Velvet/Examples/EncodeDecodeStr.lean|encodeStr_correct|3874562368415809942	encodeStr_correct	9685533339980702200	core-reconstructed	certificate-error	core-directed reconstruction succeeded	55442874	collect=191708,pre-reconstruct=1867750,normalize=1785250,monomorphize=19500,instantiate=29458,translate=5686500,solve=34250917,replay=15291,reconstruct=11596500	
velvet	crush-portfolio	1	Velvet/Examples/EncodeDecodeStr.lean|encodeStr_correct|16403843650363689650	encodeStr_correct	16403843650363689650	core-reconstructed	certificate-error	core-directed reconstruction succeeded	61443749	collect=254542,pre-reconstruct=1361250,normalize=3292125,monomorphize=19583,instantiate=28541,translate=7069583,solve=37507709,replay=16333,reconstruct=11894083	
velvet	crush-portfolio	1	Velvet/Examples/EncodeDecodeStr.lean|encodeStr_correct|17528322019345720798	encodeStr_correct	17528322019345720798	unknown	not-attempted	solver exited without a verdict	5047335417	collect=217083,pre-reconstruct=5459708,normalize=3622959,monomorphize=21334,instantiate=28250,translate=8611917,solve=5029374166	
velvet	crush-portfolio	1	Velvet/Examples/EncodeDecodeStr.lean|encodeStr_correct|14846570717984605519	encodeStr_correct	14846570717984605519	core-reconstructed	certificate-error	core-directed reconstruction succeeded	124821626	collect=270792,pre-reconstruct=708583,normalize=4574042,monomorphize=25500,instantiate=38708,translate=10480042,solve=67080792,replay=16292,reconstruct=41626875	
velvet	crush-portfolio	1	Velvet/Examples/EncodeDecodeStr.lean|encodeStr_correct|17345521196864181404	encodeStr_correct	17345521196864181404	core-reconstructed	certificate-error	core-directed reconstruction succeeded	54352625	collect=189875,pre-reconstruct=995042,normalize=1603375,monomorphize=17000,instantiate=27166,translate=4408042,solve=38509458,replay=15750,reconstruct=8586917	
velvet	crush-portfolio	1	Velvet/Examples/EncodeDecodeStr.lean|encodeStr_correct|16873295595722686018	encodeStr_correct	16873295595722686018	selected-fact	not-attempted	closed from a selected Lean fact	197084	collect=197084	
velvet	crush-portfolio	1	Velvet/Examples/EncodeDecodeStr.lean|encodeStr_correct|5769627519083430677	encodeStr_correct	5769627519083430677	selected-fact	not-attempted	closed from a selected Lean fact	114583	collect=114583	
velvet	crush-portfolio	1	Velvet/Examples/EncodeDecodeStr.lean|encodeStr_correct|15630242782200619292	encodeStr_correct	15630242782200619292	core-reconstructed	certificate-error	core-directed reconstruction succeeded	39189042	collect=52375,pre-reconstruct=813667,normalize=38500,monomorphize=10500,instantiate=30083,translate=1351459,solve=34493333,replay=16250,reconstruct=2382875	
velvet	crush-portfolio	1	Velvet/Examples/EncodeDecodeStr.lean|encodeStr_correct|4098508629850130765	encodeStr_correct	4098508629850130765	unknown	not-attempted	no reason given	47751501	collect=163083,pre-reconstruct=85250,normalize=924459,monomorphize=11459,instantiate=25875,translate=4137708,solve=42403667	
velvet	crush-portfolio	1	Velvet/Examples/EncodeDecodeStr.lean|encodeStr_correct|6449688271898666716	encodeStr_correct	6449688271898666716	unknown	not-attempted	solver exited without a verdict	5032000458	collect=199125,pre-reconstruct=423042,normalize=1557042,monomorphize=19458,instantiate=32791,translate=4612875,solve=5025156125	
velvet	crush-portfolio	1	Velvet/Examples/EncodeDecodeStr.lean|encodeStr_correct|3108445719328028112	encodeStr_correct	3108445719328028112	core-reconstructed	certificate-error	core-directed reconstruction succeeded	42549124	collect=220125,pre-reconstruct=116791,normalize=2085000,monomorphize=25291,instantiate=48875,translate=5399083,solve=33187000,replay=16709,reconstruct=1450250	
velvet	crush-portfolio	1	Velvet/Examples/Examples.lean|insertionSort_correct|1066791641437412485	insertionSort_correct	1066791641437412485	core-reconstructed	certificate-error	core-directed reconstruction succeeded	166812540	collect=695333,pre-reconstruct=4223375,normalize=2461041,monomorphize=11078916,instantiate=60383958,translate=21336125,solve=44527584,replay=109417,reconstruct=21996791	
velvet	crush-portfolio	1	Velvet/Examples/Examples.lean|insertionSort_correct|9866248891257573647	insertionSort_correct	12810594954652992486	reconstruction-failed	certificate-error	core-directed reconstruction did not close the goal	5734695330	collect=266541,pre-reconstruct=688698916,normalize=2538167,monomorphize=25704416,instantiate=162795041,translate=49707500,solve=1500570416,replay=15791,reconstruct=3304398542	
velvet	crush-portfolio	1	Velvet/Examples/Examples.lean|insertionSort_correct|18360837223612973524	insertionSort_correct	18360837223612973524	core-reconstructed	certificate-error	core-directed reconstruction succeeded	189090335	collect=239792,pre-reconstruct=4551542,normalize=2482375,monomorphize=12360708,instantiate=59876292,translate=18003750,solve=41247958,replay=14709,reconstruct=50313209	
velvet	crush-portfolio	1	Velvet/Examples/Examples.lean|insertionSort_correct|1066791641437412485	insertionSort_correct	1066791641437412485	core-reconstructed	certificate-error	core-directed reconstruction succeeded	138507792	collect=229958,pre-reconstruct=3010917,normalize=2050792,monomorphize=9895541,instantiate=56648500,translate=15438084,solve=39520583,replay=14375,reconstruct=11699042	
velvet	crush-portfolio	1	Velvet/Examples/Examples.lean|insertionSort_correct|14825588553610653054	insertionSort_correct	13858382852922432078	unknown	not-attempted	solver exited without a verdict	10415550707	collect=259375,pre-reconstruct=60910833,normalize=2279083,monomorphize=11310000,instantiate=200088083,translate=41037291,solve=5031879125,translate-fallback=44200958,solve-fallback=5023585959	
velvet	crush-portfolio	1	Velvet/Examples/Examples.lean|insertionSort_correct|16465886849738339639	insertionSort_correct	13858382852922432078	core-reconstructed	certificate-error	core-directed reconstruction succeeded	209412957	collect=283459,pre-reconstruct=11349875,normalize=2423375,monomorphize=10506833,instantiate=44091916,translate=16654791,solve=108396083,replay=15000,reconstruct=15691625	
velvet	crush-portfolio	1	Velvet/Examples/Examples.lean|insertionSort_correct|2438232962388206336	insertionSort_correct	2438232962388206336	core-reconstructed	certificate-error	core-directed reconstruction succeeded	70903041	collect=246416,pre-reconstruct=1651791,normalize=2165000,monomorphize=8381750,instantiate=1809416,translate=8874459,solve=36773459,replay=15542,reconstruct=10985208	
velvet	crush-portfolio	1	Velvet/Examples/Examples.lean|insertionSort_correct|12155028420956038391	insertionSort_correct	12155028420956038391	core-reconstructed	certificate-error	core-directed reconstruction succeeded	78590000	collect=209917,pre-reconstruct=1390625,normalize=1182333,monomorphize=6149584,instantiate=1154208,translate=7067458,solve=57539583,replay=17542,reconstruct=3878750	
velvet	crush-portfolio	1	Velvet/Examples/Examples.lean|insertionSort_correct|14852526092468225565	insertionSort_correct	139088297960392149	core-reconstructed	certificate-error	core-directed reconstruction succeeded	230642373	collect=241458,pre-reconstruct=5704750,normalize=1677916,monomorphize=7848500,instantiate=43183875,translate=13073875,solve=115693041,replay=32375,reconstruct=43186583	
velvet	crush-portfolio	1	Velvet/Examples/Examples.lean|insertionSort_correct|12688677688377801211	insertionSort_correct	12688677688377801211	core-reconstructed	certificate-error	core-directed reconstruction succeeded	108886166	collect=249750,pre-reconstruct=3148792,normalize=2255583,monomorphize=10051208,instantiate=1950291,translate=10224500,solve=66209709,replay=20125,reconstruct=14776208	
velvet	crush-portfolio	1	Velvet/Examples/Examples.lean|insertionSort_correct|7903702650473013145	insertionSort_correct	17272444315034915638	core-reconstructed	certificate-error	core-directed reconstruction succeeded	254596418	collect=272833,pre-reconstruct=19500833,normalize=2315667,monomorphize=11546250,instantiate=41975042,translate=15470709,solve=127479250,replay=26209,reconstruct=36009625	
velvet	crush-portfolio	1	Velvet/Examples/Examples.lean|insertionSort_correct|5379360585891885096	insertionSort_correct	5379360585891885096	core-reconstructed	certificate-error	core-directed reconstruction succeeded	87926418	collect=231084,pre-reconstruct=1823875,normalize=1319416,monomorphize=6440542,instantiate=1267292,translate=7589208,solve=52308834,replay=15917,reconstruct=16930250	
velvet	crush-portfolio	1	Velvet/Examples/Examples.lean|insertionSort_correct|11248877774576345437	insertionSort_correct	139088297960392149	core-reconstructed	certificate-error	core-directed reconstruction succeeded	187627333	collect=233459,pre-reconstruct=1266584,normalize=1306042,monomorphize=8163416,instantiate=42996291,translate=13213500,solve=103949958,replay=20041,reconstruct=16478042	
velvet	crush-portfolio	1	Velvet/Examples/Examples.lean|insertionSort_correct|11532741708565178815	insertionSort_correct	11532741708565178815	core-reconstructed	certificate-error	core-directed reconstruction succeeded	72281999	collect=219041,pre-reconstruct=1002833,normalize=1227458,monomorphize=6155208,instantiate=1193084,translate=7058542,solve=52914083,replay=20958,reconstruct=2490792	
velvet	crush-portfolio	1	Velvet/Examples/Examples.lean|insertionSort_correct|13894794097547967513	insertionSort_correct	13894794097547967513	core-reconstructed	certificate-error	core-directed reconstruction succeeded	67512250	collect=140833,pre-reconstruct=1255167,normalize=106375,monomorphize=2748500,instantiate=767292,translate=4245000,solve=45297208,replay=15500,reconstruct=12936375	
velvet	crush-portfolio	1	Velvet/Examples/Examples.lean|insertionSort_correct|11235314628722112900	insertionSort_correct	14354530589729947841	core-reconstructed	certificate-error	core-directed reconstruction succeeded	132059251	collect=161417,pre-reconstruct=461875,normalize=131166,monomorphize=4682167,instantiate=39539667,translate=10523417,solve=60782875,replay=16375,reconstruct=15760292	
velvet	crush-portfolio	1	Velvet/Examples/Examples.lean|insertionSort_correct|18214290959922115111	insertionSort_correct	17272444315034915638	core-reconstructed	certificate-error	core-directed reconstruction succeeded	1061018417	collect=203917,pre-reconstruct=10452584,normalize=267375,monomorphize=7848000,instantiate=40665792,translate=13047416,solve=98368417,replay=17333,reconstruct=890147583	
velvet	crush-portfolio	1	Velvet/Examples/Examples.lean|sqrt_correct|17119794831572106230	sqrt_correct	5307985127850147097	alethe-reconstructed	success	Alethe certificate replay succeeded	225534335	collect=633709,pre-reconstruct=106959,normalize=474042,monomorphize=13083,instantiate=29084,translate=1154125,solve=52679250,replay=170444083	certificate_commands=25,certificate_assumes=6,certificate_steps=19,certificate_anchors=0,certificate_sexp_nodes=385,certificate_bytes=1596
velvet	crush-portfolio	1	Velvet/Examples/Examples.lean|sqrt_correct|16395326812896940336	sqrt_correct	3661544389526892522	alethe-reconstructed	success	Alethe certificate replay succeeded	189051832	collect=144500,pre-reconstruct=102500,normalize=413583,monomorphize=11750,instantiate=27875,translate=1028666,solve=58246625,replay=129076333	certificate_commands=25,certificate_assumes=6,certificate_steps=19,certificate_anchors=0,certificate_sexp_nodes=385,certificate_bytes=1596
velvet	crush-portfolio	1	Velvet/Examples/Examples.lean|sqrt_correct|4559485301326837329	sqrt_correct	4559485301326837329	alethe-reconstructed	success	Alethe certificate replay succeeded	97409125	collect=134959,pre-reconstruct=98750,normalize=387583,monomorphize=11042,instantiate=26375,translate=908792,solve=54692583,replay=41149041	certificate_commands=13,certificate_assumes=4,certificate_steps=9,certificate_anchors=0,certificate_sexp_nodes=187,certificate_bytes=764
velvet	crush-portfolio	1	Velvet/Examples/Examples.lean|sqrt_correct|15833581759277421577	sqrt_correct	9636917653559417038	core-reconstructed	rule-gap	core-directed reconstruction succeeded	247409749	collect=152042,pre-reconstruct=3904875,normalize=620375,monomorphize=14833,instantiate=27875,translate=1603416,solve=130561375,replay=98144417,reconstruct=12380541	
velvet	crush-portfolio	1	Velvet/Examples/Examples.lean|sqrt_correct|7228731597997214785	sqrt_correct	9636917653559417038	pre-reconstructed	not-attempted	closed before SMT translation	656626	collect=155542,pre-reconstruct=501084	
velvet	crush-portfolio	1	Velvet/Examples/Examples.lean|sqrt_correct|17256355208408803011	sqrt_correct	17256355208408803011	core-reconstructed	rule-gap	core-directed reconstruction succeeded	152292582	collect=124958,pre-reconstruct=422625,normalize=656500,monomorphize=15875,instantiate=28583,translate=1491291,solve=53622583,replay=80103625,reconstruct=15826542	
velvet	crush-portfolio	1	Velvet/Examples/Examples.lean|sqrt_correct|13635698331308129878	sqrt_correct	9636917653559417038	alethe-reconstructed	success	Alethe certificate replay succeeded	145186875	collect=154500,pre-reconstruct=102083,normalize=477583,monomorphize=12250,instantiate=27708,translate=1042709,solve=53979500,replay=89390542	certificate_commands=10,certificate_assumes=6,certificate_steps=4,certificate_anchors=0,certificate_sexp_nodes=122,certificate_bytes=538
velvet	crush-portfolio	1	Velvet/Examples/Examples.lean|sqrt_correct|10800841518550636949	sqrt_correct	123143008762622395	core-reconstructed	rule-gap	core-directed reconstruction succeeded	272016376	collect=174167,pre-reconstruct=477125,normalize=713500,monomorphize=19042,instantiate=32250,translate=1709250,solve=159075667,replay=109053333,reconstruct=762042	
velvet	crush-portfolio	1	Velvet/Examples/Examples.lean|sqrt_correct|12457966505053151830	sqrt_correct	3661544389526892522	core-reconstructed	rule-gap	core-directed reconstruction succeeded	557112751	collect=157167,pre-reconstruct=4081333,normalize=674459,monomorphize=15750,instantiate=30125,translate=1742000,solve=157055125,replay=97556917,reconstruct=295799875	
velvet	crush-portfolio	1	Velvet/Examples/Examples.lean|sqrt_correct|17578352201394481400	sqrt_correct	17578352201394481400	core-reconstructed	rule-gap	core-directed reconstruction succeeded	288146334	collect=149250,pre-reconstruct=4327542,normalize=640250,monomorphize=16709,instantiate=30792,translate=1633000,solve=142580291,replay=109496750,reconstruct=29271750	
velvet	crush-portfolio	1	Velvet/Examples/Examples_Total.lean|insertionSort_total_correct|1066791641437412485	insertionSort_total_correct	1066791641437412485	core-reconstructed	certificate-error	core-directed reconstruction succeeded	198420167	collect=745708,pre-reconstruct=4341416,normalize=2657000,monomorphize=11428875,instantiate=62511959,translate=22454875,solve=67638875,replay=130375,reconstruct=26511084	
velvet	crush-portfolio	1	Velvet/Examples/Examples_Total.lean|insertionSort_total_correct|9866248891257573647	insertionSort_total_correct	12810594954652992486	reconstruction-failed	certificate-error	core-directed reconstruction did not close the goal	5960861667	collect=327750,pre-reconstruct=712288250,normalize=2694750,monomorphize=26130292,instantiate=164197458,translate=49808500,solve=1621983458,replay=14792,reconstruct=3383416417	
velvet	crush-portfolio	1	Velvet/Examples/Examples_Total.lean|insertionSort_total_correct|18360837223612973524	insertionSort_total_correct	18360837223612973524	core-reconstructed	certificate-error	core-directed reconstruction succeeded	192409377	collect=260125,pre-reconstruct=4771042,normalize=2530542,monomorphize=12300334,instantiate=60218042,translate=17258959,solve=43922791,replay=14875,reconstruct=51132667	
velvet	crush-portfolio	1	Velvet/Examples/Examples_Total.lean|insertionSort_total_correct|11568103068982921353	insertionSort_total_correct	11568103068982921353	core-reconstructed	certificate-error	core-directed reconstruction succeeded	156982333	collect=242083,pre-reconstruct=1098375,normalize=1970250,monomorphize=10365625,instantiate=64762625,translate=15834125,solve=37812542,replay=18125,reconstruct=24878583	
velvet	crush-portfolio	1	Velvet/Examples/Examples_Total.lean|insertionSort_total_correct|1066791641437412485	insertionSort_total_correct	1066791641437412485	core-reconstructed	certificate-error	core-directed reconstruction succeeded	145233415	collect=240708,pre-reconstruct=3185541,normalize=2159583,monomorphize=10225000,instantiate=61425792,translate=15802333,solve=39115125,replay=17500,reconstruct=13061833	
velvet	crush-portfolio	1	Velvet/Examples/Examples_Total.lean|insertionSort_total_correct|14825588553610653054	insertionSort_total_correct	13858382852922432078	unknown	not-attempted	solver exited without a verdict	10453382458	collect=285208,pre-reconstruct=64435167,normalize=2407166,monomorphize=11542500,instantiate=206476375,translate=40975750,solve=5053406250,translate-fallback=45272792,solve-fallback=5028581250	
velvet	crush-portfolio	1	Velvet/Examples/Examples_Total.lean|insertionSort_total_correct|11568103068982921353	insertionSort_total_correct	11568103068982921353	core-reconstructed	certificate-error	core-directed reconstruction succeeded	135710043	collect=246917,pre-reconstruct=1122292,normalize=2106875,monomorphize=10338042,instantiate=60500083,translate=15627375,solve=33528667,replay=15250,reconstruct=12224542	
velvet	crush-portfolio	1	Velvet/Examples/Examples_Total.lean|insertionSort_total_correct|16465886849738339639	insertionSort_total_correct	13858382852922432078	core-reconstructed	certificate-error	core-directed reconstruction succeeded	188578334	collect=261417,pre-reconstruct=10596833,normalize=2216833,monomorphize=9759833,instantiate=39709584,translate=14558792,solve=95757292,replay=14834,reconstruct=15702916	
velvet	crush-portfolio	1	Velvet/Examples/Examples_Total.lean|insertionSort_total_correct|5918835836158453730	insertionSort_total_correct	5918835836158453730	selected-fact	not-attempted	closed from a selected Lean fact	212542	collect=212542	
velvet	crush-portfolio	1	Velvet/Examples/Examples_Total.lean|insertionSort_total_correct|12155028420956038391	insertionSort_total_correct	12155028420956038391	core-reconstructed	certificate-error	core-directed reconstruction succeeded	58127997	collect=160583,pre-reconstruct=1318541,normalize=1252458,monomorphize=5874375,instantiate=1258083,translate=6199250,solve=38161041,replay=15666,reconstruct=3888000	
velvet	crush-portfolio	1	Velvet/Examples/Examples_Total.lean|insertionSort_total_correct|14852526092468225565	insertionSort_total_correct	139088297960392149	core-reconstructed	certificate-error	core-directed reconstruction succeeded	192329668	collect=234000,pre-reconstruct=5165250,normalize=1442417,monomorphize=7418042,instantiate=41339500,translate=13525334,solve=83648125,replay=15625,reconstruct=39541375	
velvet	crush-portfolio	1	Velvet/Examples/Examples_Total.lean|insertionSort_total_correct|12688677688377801211	insertionSort_total_correct	12688677688377801211	core-reconstructed	certificate-error	core-directed reconstruction succeeded	81584583	collect=250042,pre-reconstruct=2938542,normalize=2095834,monomorphize=9819500,instantiate=1829875,translate=9205291,solve=42468416,replay=15333,reconstruct=12961750	
velvet	crush-portfolio	1	Velvet/Examples/Examples_Total.lean|insertionSort_total_correct|7903702650473013145	insertionSort_total_correct	17272444315034915638	core-reconstructed	certificate-error	core-directed reconstruction succeeded	204824293	collect=261292,pre-reconstruct=18699875,normalize=2368625,monomorphize=11193875,instantiate=39314000,translate=15137292,solve=88821750,replay=15125,reconstruct=29012459	
velvet	crush-portfolio	1	Velvet/Examples/Examples_Total.lean|insertionSort_total_correct|18088860687919872176	insertionSort_total_correct	18088860687919872176	core-reconstructed	certificate-error	core-directed reconstruction succeeded	107754835	collect=260542,pre-reconstruct=1155750,normalize=2065917,monomorphize=9942833,instantiate=1806833,translate=9428584,solve=45172917,replay=16584,reconstruct=37904875	
velvet	crush-portfolio	1	Velvet/Examples/Examples_Total.lean|insertionSort_total_correct|5379360585891885096	insertionSort_total_correct	5379360585891885096	core-reconstructed	certificate-error	core-directed reconstruction succeeded	67013581	collect=208333,pre-reconstruct=1661583,normalize=1324125,monomorphize=6278583,instantiate=1305791,translate=6912000,solve=34742333,replay=16167,reconstruct=14564666	
velvet	crush-portfolio	1	Velvet/Examples/Examples_Total.lean|insertionSort_total_correct|11248877774576345437	insertionSort_total_correct	139088297960392149	core-reconstructed	certificate-error	core-directed reconstruction succeeded	164378875	collect=220500,pre-reconstruct=1234250,normalize=1329625,monomorphize=7658209,instantiate=39925709,translate=12371083,solve=86015958,replay=16000,reconstruct=15607541	
velvet	crush-portfolio	1	Velvet/Examples/Examples_Total.lean|insertionSort_total_correct|6709257883257101731	insertionSort_total_correct	6709257883257101731	selected-fact	not-attempted	closed from a selected Lean fact	194875	collect=194875	
velvet	crush-portfolio	1	Velvet/Examples/Examples_Total.lean|insertionSort_total_correct|13894794097547967513	insertionSort_total_correct	13894794097547967513	core-reconstructed	certificate-error	core-directed reconstruction succeeded	57673333	collect=89375,pre-reconstruct=1045709,normalize=98458,monomorphize=2518167,instantiate=713667,translate=3773083,solve=37758916,replay=16041,reconstruct=11659917	
velvet	crush-portfolio	1	Velvet/Examples/Examples_Total.lean|insertionSort_total_correct|11235314628722112900	insertionSort_total_correct	14354530589729947841	core-reconstructed	certificate-error	core-directed reconstruction succeeded	107060377	collect=160459,pre-reconstruct=471833,normalize=130250,monomorphize=4607000,instantiate=38503292,translate=11339500,solve=36728375,replay=17209,reconstruct=15102459	
velvet	crush-portfolio	1	Velvet/Examples/Examples_Total.lean|insertionSort_total_correct|18214290959922115111	insertionSort_total_correct	17272444315034915638	core-reconstructed	certificate-error	core-directed reconstruction succeeded	1544466252	collect=234750,pre-reconstruct=9953542,normalize=1449709,monomorphize=7770000,instantiate=39187875,translate=12716875,solve=92360542,replay=16334,reconstruct=1380776625	
velvet	crush-portfolio	1	Velvet/Examples/Examples_Total.lean|sqrt_total_correct|17119794831572106230	sqrt_total_correct	5307985127850147097	core-reconstructed	certificate-error	core-directed reconstruction succeeded	59549624	collect=166208,pre-reconstruct=453875,normalize=125916,monomorphize=1016458,instantiate=87250,translate=4350084,solve=39385875,replay=14333,reconstruct=13949625	
velvet	crush-portfolio	1	Velvet/Examples/Examples_Total.lean|sqrt_total_correct|16395326812896940336	sqrt_total_correct	3661544389526892522	core-reconstructed	certificate-error	core-directed reconstruction succeeded	59870751	collect=155083,pre-reconstruct=411750,normalize=109166,monomorphize=838667,instantiate=79792,translate=3898459,solve=36356167,replay=14083,reconstruct=18007584	
velvet	crush-portfolio	1	Velvet/Examples/Examples_Total.lean|sqrt_total_correct|4559485301326837329	sqrt_total_correct	4559485301326837329	core-reconstructed	certificate-error	core-directed reconstruction succeeded	44762667	collect=138542,pre-reconstruct=380958,normalize=105000,monomorphize=841500,instantiate=76417,translate=3841292,solve=36965458,replay=15166,reconstruct=2398334	
velvet	crush-portfolio	1	Velvet/Examples/Examples_Total.lean|sqrt_total_correct|15833581759277421577	sqrt_total_correct	9636917653559417038	core-reconstructed	certificate-error	core-directed reconstruction succeeded	83187624	collect=149292,pre-reconstruct=5071333,normalize=121500,monomorphize=1654541,instantiate=73750,translate=4551375,solve=57950042,replay=15875,reconstruct=13599916	
velvet	crush-portfolio	1	Velvet/Examples/Examples_Total.lean|sqrt_total_correct|17892696244691966181	sqrt_total_correct	17892696244691966181	core-reconstructed	certificate-error	core-directed reconstruction succeeded	571660625	collect=175250,pre-reconstruct=730375,normalize=142083,monomorphize=2155375,instantiate=74541,translate=4599959,solve=53599125,replay=15125,reconstruct=510168792	
velvet	crush-portfolio	1	Velvet/Examples/Examples_Total.lean|sqrt_total_correct|7228731597997214785	sqrt_total_correct	9636917653559417038	core-reconstructed	certificate-error	core-directed reconstruction succeeded	78502961	collect=148917,pre-reconstruct=764875,normalize=116334,monomorphize=1368500,instantiate=81834,translate=4415292,solve=70882833,replay=15584,reconstruct=708792	
velvet	crush-portfolio	1	Velvet/Examples/Examples_Total.lean|sqrt_total_correct|13073343856082995605	sqrt_total_correct	13073343856082995605	selected-fact	not-attempted	closed from a selected Lean fact	149375	collect=149375	
velvet	crush-portfolio	1	Velvet/Examples/Examples_Total.lean|sqrt_total_correct|13635698331308129878	sqrt_total_correct	9636917653559417038	core-reconstructed	certificate-error	core-directed reconstruction succeeded	45659792	collect=82917,pre-reconstruct=383500,normalize=109500,monomorphize=892583,instantiate=78917,translate=3921000,solve=37572792,replay=14583,reconstruct=2604000	
velvet	crush-portfolio	1	Velvet/Examples/Examples_Total.lean|sqrt_total_correct|10800841518550636949	sqrt_total_correct	123143008762622395	core-reconstructed	certificate-error	core-directed reconstruction succeeded	75086042	collect=156084,pre-reconstruct=690375,normalize=125791,monomorphize=1668000,instantiate=74625,translate=4707833,solve=50226458,replay=15209,reconstruct=17421667	
velvet	crush-portfolio	1	Velvet/Examples/Examples_Total.lean|sqrt_total_correct|12457966505053151830	sqrt_total_correct	3661544389526892522	core-reconstructed	certificate-error	core-directed reconstruction succeeded	368474333	collect=151417,pre-reconstruct=5296458,normalize=125666,monomorphize=1722667,instantiate=75875,translate=4423708,solve=77194458,replay=14417,reconstruct=279469667	
velvet	crush-portfolio	1	Velvet/Examples/Examples_Total.lean|sqrt_total_correct|17578352201394481400	sqrt_total_correct	17578352201394481400	core-reconstructed	certificate-error	core-directed reconstruction succeeded	310726916	collect=161167,pre-reconstruct=5160666,normalize=125959,monomorphize=1860416,instantiate=87084,translate=4409666,solve=50466542,replay=15125,reconstruct=248440291	
velvet	crush-portfolio	1	Velvet/Examples/Examples_Total.lean|cbrt_correct|628191952620585962	cbrt_correct	5307985127850147097	core-reconstructed	certificate-error	core-directed reconstruction succeeded	63069416	collect=150042,pre-reconstruct=392208,normalize=105958,monomorphize=919042,instantiate=81791,translate=3955542,solve=43496375,replay=14792,reconstruct=13953666	
velvet	crush-portfolio	1	Velvet/Examples/Examples_Total.lean|cbrt_correct|5408980950461060684	cbrt_correct	6765116615704103050	core-reconstructed	certificate-error	core-directed reconstruction succeeded	65990083	collect=135750,pre-reconstruct=378208,normalize=103667,monomorphize=934917,instantiate=72500,translate=4042250,solve=40677083,replay=15458,reconstruct=19630250	
velvet	crush-portfolio	1	Velvet/Examples/Examples_Total.lean|cbrt_correct|17796805544787031687	cbrt_correct	17796805544787031687	core-reconstructed	certificate-error	core-directed reconstruction succeeded	42482873	collect=155000,pre-reconstruct=448125,normalize=129250,monomorphize=1110791,instantiate=83125,translate=4201333,solve=33609333,replay=14750,reconstruct=2731166	
velvet	crush-portfolio	1	Velvet/Examples/Examples_Total.lean|cbrt_correct|12597585967811959528	cbrt_correct	6259749615389096762	core-reconstructed	certificate-error	core-directed reconstruction succeeded	94955250	collect=150917,pre-reconstruct=5419292,normalize=182750,monomorphize=2075417,instantiate=80166,translate=4720125,solve=67220083,replay=15625,reconstruct=15090875	
velvet	crush-portfolio	1	Velvet/Examples/Examples_Total.lean|cbrt_correct|17892696244691966181	cbrt_correct	17892696244691966181	core-reconstructed	certificate-error	core-directed reconstruction succeeded	577285002	collect=152000,pre-reconstruct=733417,normalize=151917,monomorphize=2412959,instantiate=75792,translate=4752542,solve=49393792,replay=17208,reconstruct=519595375	
velvet	crush-portfolio	1	Velvet/Examples/Examples_Total.lean|cbrt_correct|11504389341422214604	cbrt_correct	6259749615389096762	unknown	not-attempted	solver exited without a verdict	5040443875	collect=161167,pre-reconstruct=800666,normalize=127875,monomorphize=1647375,instantiate=82042,translate=4607000,solve=5033017750	
velvet	crush-portfolio	1	Velvet/Examples/Examples_Total.lean|cbrt_correct|1828175149019549874	cbrt_correct	1828175149019549874	selected-fact	not-attempted	closed from a selected Lean fact	153666	collect=153666	
velvet	crush-portfolio	1	Velvet/Examples/Examples_Total.lean|cbrt_correct|8027176826117333927	cbrt_correct	6259749615389096762	core-reconstructed	certificate-error	core-directed reconstruction succeeded	45173126	collect=91292,pre-reconstruct=385083,normalize=108125,monomorphize=1016584,instantiate=83042,translate=4189500,solve=35758375,replay=20291,reconstruct=3520834	
velvet	crush-portfolio	1	Velvet/Examples/Examples_Total.lean|cbrt_correct|8642365996124661698	cbrt_correct	123143008762622395	core-reconstructed	certificate-error	core-directed reconstruction succeeded	84950835	collect=162334,pre-reconstruct=781792,normalize=148917,monomorphize=2022500,instantiate=81084,translate=4782083,solve=57724542,replay=14250,reconstruct=19233333	
velvet	crush-portfolio	1	Velvet/Examples/Examples_Total.lean|cbrt_correct|1031468476226669362	cbrt_correct	6765116615704103050	core-reconstructed	certificate-error	core-directed reconstruction succeeded	497063998	collect=169083,pre-reconstruct=5685958,normalize=141208,monomorphize=2038458,instantiate=84375,translate=4618208,solve=187460167,replay=16875,reconstruct=296849666	
velvet	crush-portfolio	1	Velvet/Examples/Examples_Total.lean|cbrt_correct|9859620190106577091	cbrt_correct	9859620190106577091	core-reconstructed	certificate-error	core-directed reconstruction succeeded	124667750	collect=155000,pre-reconstruct=5163208,normalize=150833,monomorphize=2477000,instantiate=79709,translate=4797458,solve=80406708,replay=16292,reconstruct=31421542	
velvet	crush-portfolio	1	Velvet/Examples/Examples_Total.lean|sqrt_bn_correct|17809363630590163151	sqrt_bn_correct	3661544389526892522	core-reconstructed	certificate-error	core-directed reconstruction succeeded	80227125	collect=189084,pre-reconstruct=7242625,normalize=169000,monomorphize=3561250,instantiate=77875,translate=5597875,solve=61880291,replay=15167,reconstruct=1493958	
velvet	crush-portfolio	1	Velvet/Examples/Examples_Total.lean|sqrt_bn_correct|3756677303263535492	sqrt_bn_correct	3756677303263535492	core-reconstructed	certificate-error	core-directed reconstruction succeeded	93010584	collect=178250,pre-reconstruct=819583,normalize=174625,monomorphize=3473417,instantiate=93375,translate=5508208,solve=42424209,replay=15708,reconstruct=40323209	
velvet	crush-portfolio	1	Velvet/Examples/Examples_Total.lean|sqrt_bn_correct|845228717509319176	sqrt_bn_correct	845228717509319176	core-reconstructed	certificate-error	core-directed reconstruction succeeded	67226541	collect=189584,pre-reconstruct=861417,normalize=186417,monomorphize=3867708,instantiate=94708,translate=5669250,solve=36000000,replay=14916,reconstruct=20342541	
velvet	crush-portfolio	1	Velvet/Examples/Examples_Total.lean|sqrt_bn_correct|14080923781397173690	sqrt_bn_correct	3661544389526892522	core-reconstructed	certificate-error	core-directed reconstruction succeeded	65140375	collect=191042,pre-reconstruct=961083,normalize=162917,monomorphize=3083458,instantiate=86625,translate=6094333,solve=53882583,replay=16292,reconstruct=662042	
velvet	crush-portfolio	1	Velvet/Examples/Examples_Total.lean|sqrt_bn_correct|2013384436827156188	sqrt_bn_correct	2013384436827156188	core-reconstructed	certificate-error	core-directed reconstruction succeeded	88419918	collect=174125,pre-reconstruct=870042,normalize=186833,monomorphize=3615792,instantiate=98625,translate=5594792,solve=38297625,replay=15125,reconstruct=39566959	
velvet	crush-portfolio	1	Velvet/Examples/Examples_Total.lean|sqrt_bn_correct|14080923781397173690	sqrt_bn_correct	3661544389526892522	core-reconstructed	certificate-error	core-directed reconstruction succeeded	65164376	collect=169833,pre-reconstruct=847417,normalize=127084,monomorphize=1809291,instantiate=80250,translate=4786708,solve=56555167,replay=17834,reconstruct=770792	
velvet	crush-portfolio	1	Velvet/Examples/Examples_Total.lean|sqrt_bn_correct|5112937323286018014	sqrt_bn_correct	5112937323286018014	selected-fact	not-attempted	closed from a selected Lean fact	159000	collect=159000	
velvet	crush-portfolio	1	Velvet/Examples/Examples_Total.lean|sqrt_bn_correct|4559485301326837329	sqrt_bn_correct	4559485301326837329	core-reconstructed	certificate-error	core-directed reconstruction succeeded	41106461	collect=92292,pre-reconstruct=404250,normalize=96709,monomorphize=1009417,instantiate=86459,translate=4218375,solve=32292125,replay=16334,reconstruct=2890500	
velvet	crush-portfolio	1	Velvet/Examples/Examples_Total.lean|sqrt_bn_correct|16395326812896940336	sqrt_bn_correct	3661544389526892522	core-reconstructed	certificate-error	core-directed reconstruction succeeded	57437082	collect=148875,pre-reconstruct=404375,normalize=98791,monomorphize=951666,instantiate=73208,translate=5258458,solve=32990959,replay=14750,reconstruct=17496000	
velvet	crush-portfolio	1	Velvet/Examples/Examples_Total.lean|sqrt_bn_correct|18362062349273978007	sqrt_bn_correct	7232745374090633776	core-reconstructed	certificate-error	core-directed reconstruction succeeded	84599541	collect=173583,pre-reconstruct=793541,normalize=141042,monomorphize=2044042,instantiate=87333,translate=5815250,solve=73156833,replay=16750,reconstruct=2371167	
velvet	crush-portfolio	1	Velvet/Examples/Examples_Total.lean|sqrt_bn_correct|8802921734925604215	sqrt_bn_correct	3661544389526892522	core-reconstructed	certificate-error	core-directed reconstruction succeeded	68761999	collect=170916,pre-reconstruct=2694375,normalize=147458,monomorphize=2258083,instantiate=90208,translate=5153625,solve=56771917,replay=16250,reconstruct=1459167	
velvet	crush-portfolio	1	Velvet/Examples/GCD.lean|gcd_correct|9601099415740649235	gcd_correct	9601099415740649235	core-reconstructed	rule-gap	core-directed reconstruction succeeded	137826084	collect=2006500,pre-reconstruct=1958750,normalize=1409584,monomorphize=93041,instantiate=2198791,translate=5652709,solve=45450500,replay=68501625,reconstruct=10554584	
velvet	crush-portfolio	1	Velvet/Examples/IsNonPrime.lean|IsNonPrime_correct|3150397294412475763	IsNonPrime_correct	3150397294412475763	sat	not-attempted	solver returned sat	50598541	collect=507292,pre-reconstruct=2197083,normalize=201083,monomorphize=100750,instantiate=229750,translate=4903166,solve=42459417	
velvet	crush-portfolio	1	Velvet/Examples/IsNonPrime.lean|IsNonPrime_correct|8498703091421742660	IsNonPrime_correct	8498703091421742660	core-reconstructed	rule-gap	core-directed reconstruction succeeded	4064230957	collect=312916,pre-reconstruct=128167,normalize=1744875,monomorphize=21125,instantiate=47583,translate=3675041,solve=58065417,replay=3985033000,reconstruct=15202833	
velvet	crush-portfolio	1	Velvet/Examples/IsNonPrime.lean|IsNonPrime_correct|15405612526479945524	IsNonPrime_correct	15405612526479945524	core-reconstructed	rule-gap	core-directed reconstruction succeeded	660796374	collect=180708,pre-reconstruct=2794041,normalize=1456916,monomorphize=16250,instantiate=29250,translate=2731334,solve=75777000,replay=486234417,reconstruct=91576458	
velvet	crush-portfolio	1	Velvet/Examples/IsNonPrime.lean|IsNonPrime_correct|3635621084297233985	IsNonPrime_correct	3635621084297233985	selected-fact	not-attempted	closed from a selected Lean fact	228542	collect=228542	
velvet	crush-portfolio	1	Velvet/Examples/IsNonPrime.lean|IsNonPrime_correct|8498703091421742660	IsNonPrime_correct	8498703091421742660	core-reconstructed	rule-gap	core-directed reconstruction succeeded	527436917	collect=149459,pre-reconstruct=109250,normalize=857875,monomorphize=14083,instantiate=26792,translate=2276834,solve=52701958,replay=459796500,reconstruct=11504166	
velvet	crush-portfolio	1	Velvet/Examples/IsNonPrime.lean|IsNonPrime_correct|15497101072354692966	IsNonPrime_correct	15497101072354692966	unknown	not-attempted	solver exited without a verdict	5060027708	collect=201083,pre-reconstruct=15001625,normalize=1229875,monomorphize=16083,instantiate=30334,translate=2711291,solve=5040837417	
velvet	crush-portfolio	1	Velvet/Examples/IsNonPrime.lean|IsNonPrime_correct|3635621084297233985	IsNonPrime_correct	3635621084297233985	selected-fact	not-attempted	closed from a selected Lean fact	238833	collect=238833	
velvet	crush-portfolio	1	Velvet/Examples/IsNonPrime.lean|IsNonPrime_correct|16017810969246570786	IsNonPrime_correct	16017810969246570786	selected-fact	not-attempted	closed from a selected Lean fact	186125	collect=186125	
velvet	crush-portfolio	1	Velvet/Examples/IsNonPrime.lean|IsNonPrime_correct|12543135627460772462	IsNonPrime_correct	12543135627460772462	alethe-reconstructed	success	Alethe certificate replay succeeded	109000916	collect=57792,pre-reconstruct=91959,normalize=40917,monomorphize=10125,instantiate=28791,translate=650041,solve=40531375,replay=67589916	certificate_commands=11,certificate_assumes=3,certificate_steps=8,certificate_anchors=0,certificate_sexp_nodes=143,certificate_bytes=592
velvet	crush-portfolio	1	Velvet/Examples/IsNonPrime.lean|IsNonPrime_correct|1572539502098385654	IsNonPrime_correct	1572539502098385654	alethe-reconstructed	success	Alethe certificate replay succeeded	1139380543	collect=134167,pre-reconstruct=1242875,normalize=620167,monomorphize=11625,instantiate=26750,translate=1222958,solve=39998917,replay=1096123084	certificate_commands=46,certificate_assumes=3,certificate_steps=40,certificate_anchors=3,certificate_sexp_nodes=1255,certificate_bytes=4792
velvet	crush-portfolio	1	Velvet/Examples/IsNonPrime.lean|IsNonPrime_correct|11076373139303988464	IsNonPrime_correct	11076373139303988464	alethe-reconstructed	success	Alethe certificate replay succeeded	908445127	collect=106667,pre-reconstruct=93917,normalize=55500,monomorphize=10500,instantiate=24709,translate=1099708,solve=50690167,replay=856363959	certificate_commands=134,certificate_assumes=8,certificate_steps=123,certificate_anchors=3,certificate_sexp_nodes=2022,certificate_bytes=9523
velvet	crush-portfolio	1	Velvet/Examples/IsNonPrime.lean|IsNonPrime_correct|15559572021364972958	IsNonPrime_correct	15559572021364972958	unknown	not-attempted	solver exited without a verdict	5160582875	collect=183250,pre-reconstruct=124837709,normalize=835875,monomorphize=15292,instantiate=33000,translate=2411166,solve=5032266583	
velvet	crush-portfolio	1	Velvet/Examples/IsSorted.lean|IsSorted_correct|11207960766534651515	IsSorted_correct	11207960766534651515	core-reconstructed	certificate-error	core-directed reconstruction succeeded	649562791	collect=2557250,pre-reconstruct=5290792,normalize=3274083,monomorphize=108083,instantiate=549782042,translate=38897208,solve=31133708,replay=138875,reconstruct=18380750	
velvet	crush-portfolio	1	Velvet/Examples/IsSorted.lean|IsSorted_correct|4413675682266163545	IsSorted_correct	7061492355100973697	pre-reconstructed	not-attempted	closed before SMT translation	87626791	collect=278916,pre-reconstruct=87347875	
velvet	crush-portfolio	1	Velvet/Examples/IsSorted.lean|IsSorted_correct|9518487208184120090	IsSorted_correct	9518487208184120090	pre-reconstructed	not-attempted	closed before SMT translation	105807958	collect=241916,pre-reconstruct=105566042	
velvet	crush-portfolio	1	Velvet/Examples/IsSorted.lean|IsSorted_correct|11207960766534651515	IsSorted_correct	11207960766534651515	core-reconstructed	certificate-error	core-directed reconstruction succeeded	635298750	collect=258584,pre-reconstruct=3409166,normalize=3057417,monomorphize=27208,instantiate=547622875,translate=30762791,solve=36514000,replay=19292,reconstruct=13627417	
velvet	crush-portfolio	1	Velvet/Examples/IsSorted.lean|IsSorted_correct|16465854614385299804	IsSorted_correct	7061492355100973697	core-reconstructed	certificate-error	core-directed reconstruction succeeded	2504883665	collect=279708,pre-reconstruct=248491000,normalize=2746083,monomorphize=27958,instantiate=1811238666,translate=71089167,solve=56656958,replay=15458,reconstruct=314338667	
velvet	crush-portfolio	1	Velvet/Examples/IsSorted.lean|IsSorted_correct|1749803822950348457	IsSorted_correct	9518487208184120090	pre-reconstructed	not-attempted	closed before SMT translation	1284791	collect=288791,pre-reconstruct=996000	
velvet	crush-portfolio	1	Velvet/Examples/IsSorted.lean|IsSorted_correct|6461838523585744673	IsSorted_correct	6461838523585744673	core-reconstructed	certificate-error	core-directed reconstruction succeeded	296941794	collect=203958,pre-reconstruct=2219667,normalize=2191459,monomorphize=20250,instantiate=222251417,translate=16240167,solve=37637042,replay=15417,reconstruct=16162417	
velvet	crush-portfolio	1	Velvet/Examples/IsSorted.lean|IsSorted_correct|5698263445699273715	IsSorted_correct	7061492355100973697	pre-reconstructed	not-attempted	closed before SMT translation	1331500	collect=265500,pre-reconstruct=1066000	
velvet	crush-portfolio	1	Velvet/Examples/IsSorted.lean|IsSorted_correct|1749803822950348457	IsSorted_correct	9518487208184120090	pre-reconstructed	not-attempted	closed before SMT translation	1120126	collect=233167,pre-reconstruct=886959	
velvet	crush-portfolio	1	Velvet/Examples/IsSorted.lean|IsSorted_correct|16458001095677251802	IsSorted_correct	16458001095677251802	core-reconstructed	certificate-error	core-directed reconstruction succeeded	339058377	collect=180084,pre-reconstruct=38735209,normalize=2582084,monomorphize=23833,instantiate=220568542,translate=15319875,solve=39621250,replay=17500,reconstruct=22010000	
velvet	crush-portfolio	1	Velvet/Examples/IsSorted.lean|IsSorted_correct|11716511832970583731	IsSorted_correct	11716511832970583731	core-reconstructed	certificate-error	core-directed reconstruction succeeded	206019333	collect=176625,pre-reconstruct=1555208,normalize=1207375,monomorphize=18125,instantiate=144674958,translate=12188583,solve=38278917,replay=15542,reconstruct=7904000	
velvet	crush-portfolio	1	Velvet/Examples/IsSorted.lean|IsSorted_correct|13412663338101939313	IsSorted_correct	7061492355100973697	pre-reconstructed	not-attempted	closed before SMT translation	6464375	collect=198750,pre-reconstruct=6265625	
velvet	crush-portfolio	1	Velvet/Examples/IsSorted.lean|IsSorted_correct|10877051663303345536	IsSorted_correct	9518487208184120090	pre-reconstructed	not-attempted	closed before SMT translation	6826792	collect=167708,pre-reconstruct=6659084	
velvet	crush-portfolio	1	Velvet/Examples/IsSorted.lean|IsSorted_correct|2102916384874846137	IsSorted_correct	2102916384874846137	core-reconstructed	certificate-error	core-directed reconstruction succeeded	18164320541	collect=244167,pre-reconstruct=151667500,normalize=2665042,monomorphize=22166,instantiate=95979958,translate=13369250,solve=5037803000,translate-fallback=15429291,solve-fallback=214623292,replay=16625,reconstruct=12632500250	
velvet	crush-portfolio	1	Velvet/Examples/MaxElem.lean|maxElem_correct|6189042491608852705	maxElem_correct	6189042491608852705	core-reconstructed	certificate-error	core-directed reconstruction succeeded	74381666	collect=1604417,pre-reconstruct=3669250,normalize=2117625,monomorphize=103125,instantiate=223375,translate=9332333,solve=43369875,replay=105333,reconstruct=13856333	
velvet	crush-portfolio	1	Velvet/Examples/MaxElem.lean|maxElem_correct|13979591039540523316	maxElem_correct	8435436090805571502	core-reconstructed	certificate-error	core-directed reconstruction succeeded	77698041	collect=216958,pre-reconstruct=1716208,normalize=1897458,monomorphize=18042,instantiate=28208,translate=4426542,solve=41060500,replay=21750,reconstruct=28312375	
velvet	crush-portfolio	1	Velvet/Examples/MaxElem.lean|maxElem_correct|6189042491608852705	maxElem_correct	6189042491608852705	core-reconstructed	certificate-error	core-directed reconstruction succeeded	76825335	collect=256042,pre-reconstruct=2198041,normalize=1933959,monomorphize=24500,instantiate=34750,translate=4056792,solve=60097625,replay=22834,reconstruct=8200792	
velvet	crush-portfolio	1	Velvet/Examples/MaxElem.lean|maxElem_correct|3496913807798796367	maxElem_correct	3368518466434627767	core-reconstructed	certificate-error	core-directed reconstruction succeeded	173115667	collect=216834,pre-reconstruct=5843875,normalize=1686083,monomorphize=18667,instantiate=28333,translate=4252167,solve=42837458,replay=17916,reconstruct=118214334	
velvet	crush-portfolio	1	Velvet/Examples/MaxElem.lean|maxElem_correct|13935834157065255340	maxElem_correct	13935834157065255340	core-reconstructed	certificate-error	core-directed reconstruction succeeded	48493706	collect=202833,pre-reconstruct=1138583,normalize=1357208,monomorphize=17083,instantiate=26583,translate=3160333,solve=31630375,replay=15666,reconstruct=10945042	
velvet	crush-portfolio	1	Velvet/Examples/MaxElem.lean|maxElem_correct|10716558625718226994	maxElem_correct	3368518466434627767	pre-reconstructed	not-attempted	closed before SMT translation	844625	collect=204458,pre-reconstruct=640167	
velvet	crush-portfolio	1	Velvet/Examples/MaxElem.lean|maxElem_correct|12429897440204793908	maxElem_correct	12429897440204793908	core-reconstructed	certificate-error	core-directed reconstruction succeeded	50484456	collect=130291,pre-reconstruct=458416,normalize=1125792,monomorphize=19333,instantiate=36667,translate=3060791,solve=33889750,replay=17083,reconstruct=11746333	
velvet	crush-portfolio	1	Velvet/Examples/MaxElem.lean|maxElem_correct|6662270672118944889	maxElem_correct	6662270672118944889	core-reconstructed	certificate-error	core-directed reconstruction succeeded	51165961	collect=154334,pre-reconstruct=1459125,normalize=469792,monomorphize=12209,instantiate=25833,translate=1782792,solve=36359792,replay=14417,reconstruct=10887667	
velvet	crush-portfolio	1	Velvet/Examples/MaxElem.lean|maxElem_correct|10294878435885712953	maxElem_correct	4988386822408839803	core-reconstructed	certificate-error	core-directed reconstruction succeeded	55073791	collect=169458,pre-reconstruct=108917,normalize=836667,monomorphize=12541,instantiate=27625,translate=2615250,solve=37639958,replay=15500,reconstruct=13647875	
velvet	crush-portfolio	1	Velvet/Examples/MaxElem.lean|maxElem_correct|15821608085576758365	maxElem_correct	14098165805487489891	core-reconstructed	certificate-error	core-directed reconstruction succeeded	44468085	collect=206250,pre-reconstruct=723417,normalize=1417084,monomorphize=17958,instantiate=26042,translate=3670417,solve=36813334,replay=15583,reconstruct=1578000	
velvet	crush-portfolio	1	Velvet/Examples/MemAlloc.lean|mem_alloc_correct|633235845480694220	mem_alloc_correct	13644601314536403191	pre-reconstructed	not-attempted	closed before SMT translation	5855562417	collect=23199083,pre-reconstruct=5832363334	
velvet	crush-portfolio	1	Velvet/Examples/MemAlloc.lean|mem_alloc_correct|12262280732602434251	mem_alloc_correct	17594606446654630769	pre-reconstructed	not-attempted	closed before SMT translation	23053416	collect=231583,pre-reconstruct=22821833	
velvet	crush-portfolio	1	Velvet/Examples/MemAlloc.lean|mem_alloc_correct|5395433166570123997	mem_alloc_correct	5395433166570123997	core-reconstructed	term-gap	core-directed reconstruction succeeded	188915792	collect=261917,pre-reconstruct=712584,normalize=3305291,monomorphize=106083,instantiate=243334,translate=10785875,solve=107477042,replay=58744833,reconstruct=7278833	
velvet	crush-portfolio	1	Velvet/Examples/MemAlloc.lean|mem_alloc_correct|7858921023181799469	mem_alloc_correct	7858921023181799469	unknown	not-attempted	no reason given	348004501	collect=251542,pre-reconstruct=273692042,normalize=2918666,monomorphize=19584,instantiate=31875,translate=5341250,solve=65749542	
velvet	crush-portfolio	1	Velvet/Examples/MemAlloc.lean|mem_alloc_correct|12307778664191690486	mem_alloc_correct	12307778664191690486	core-reconstructed	term-gap	core-directed reconstruction succeeded	304732999	collect=253375,pre-reconstruct=156101250,normalize=2792625,monomorphize=19416,instantiate=36125,translate=4752417,solve=64640792,replay=56465041,reconstruct=19671958	
velvet	crush-portfolio	1	Velvet/Examples/MemAlloc.lean|mem_alloc_correct|14651957694487509304	mem_alloc_correct	14651957694487509304	selected-fact	not-attempted	closed from a selected Lean fact	263666	collect=263666	
velvet	crush-portfolio	1	Velvet/Examples/MemAlloc.lean|mem_alloc_correct|5395433166570123997	mem_alloc_correct	5395433166570123997	core-reconstructed	term-gap	core-directed reconstruction succeeded	111415374	collect=213833,pre-reconstruct=589375,normalize=2571792,monomorphize=17416,instantiate=30250,translate=4372208,solve=45004958,replay=52692459,reconstruct=5923083	
velvet	crush-portfolio	1	Velvet/Examples/MemAlloc.lean|mem_alloc_correct|7320909626913503829	mem_alloc_correct	7320909626913503829	selected-fact	not-attempted	closed from a selected Lean fact	265166	collect=265166	
velvet	crush-portfolio	1	Velvet/Examples/MemAlloc.lean|mem_alloc_correct|13680370559755953061	mem_alloc_correct	13680370559755953061	selected-fact	not-attempted	closed from a selected Lean fact	173667	collect=173667	
velvet	crush-portfolio	1	Velvet/Examples/MemAlloc.lean|mem_alloc_correct|5395433166570123997	mem_alloc_correct	5395433166570123997	alethe-reconstructed	success	Alethe certificate replay succeeded	112509500	collect=139667,pre-reconstruct=485125,normalize=1173208,monomorphize=12333,instantiate=29417,translate=2662875,solve=49080625,replay=58926250	certificate_commands=11,certificate_assumes=9,certificate_steps=2,certificate_anchors=0,certificate_sexp_nodes=139,certificate_bytes=704
velvet	crush-portfolio	1	Velvet/Examples/MemAlloc.lean|mem_alloc_correct|9725332222063365643	mem_alloc_correct	9725332222063365643	pre-reconstructed	not-attempted	closed before SMT translation	145937750	collect=221792,pre-reconstruct=145715958	
velvet	crush-portfolio	1	Velvet/Examples/MemAlloc.lean|mem_alloc_correct|400422252958227942	mem_alloc_correct	400422252958227942	pre-reconstructed	not-attempted	closed before SMT translation	19989291	collect=195583,pre-reconstruct=19793708	
velvet	crush-portfolio	1	Velvet/Examples/MemAlloc.lean|mem_alloc_correct|880346177993498408	mem_alloc_correct	880346177993498408	selected-fact	not-attempted	closed from a selected Lean fact	201334	collect=201334	
velvet	crush-portfolio	1	Velvet/Examples/MemAlloc.lean|mem_alloc_correct|15369885961681168000	mem_alloc_correct	4370218357807814088	unknown	not-attempted	no reason given	110961041	collect=311750,pre-reconstruct=35742958,normalize=4100708,monomorphize=19208,instantiate=34292,translate=8876958,solve=61875167	
velvet	crush-portfolio	1	Velvet/Examples/MemAlloc.lean|mem_alloc_correct|633235845480694220	mem_alloc_correct	13644601314536403191	unknown	not-attempted	no reason given	109091166	collect=314667,pre-reconstruct=40430125,normalize=3719541,monomorphize=19000,instantiate=39250,translate=6814500,solve=57754083	
velvet	crush-portfolio	1	Velvet/Examples/Recursion.lean|simple_recursion_correct|16321134497628070328	simple_recursion_correct	16321134497628070328	alethe-reconstructed	success	Alethe certificate replay succeeded	1003554251	collect=497542,pre-reconstruct=3641667,normalize=278500,monomorphize=95708,instantiate=223292,translate=4855875,solve=50458959,replay=943502708	certificate_commands=147,certificate_assumes=11,certificate_steps=134,certificate_anchors=2,certificate_sexp_nodes=2272,certificate_bytes=10265
velvet	crush-portfolio	1	Velvet/Examples/Recursion.lean|pickGreater_correct|15399959404188881270	pickGreater_correct	15399959404188881270	pre-reconstructed	not-attempted	closed before SMT translation	66488167	collect=477750,pre-reconstruct=66010417	
velvet	crush-portfolio	1	Velvet/Examples/Recursion.lean|pickGreater_correct|6729724634728447689	pickGreater_correct	6729724634728447689	alethe-reconstructed	success	Alethe certificate replay succeeded	1379469624	collect=123708,pre-reconstruct=246625,normalize=1036917,monomorphize=11125,instantiate=29333,translate=954125,solve=47272208,replay=1329795583	certificate_commands=129,certificate_assumes=9,certificate_steps=117,certificate_anchors=3,certificate_sexp_nodes=1948,certificate_bytes=9256
velvet	crush-portfolio	1	Velvet/Examples/Recursion.lean|pickGreaterN_correct|6331840417009367668	pickGreaterN_correct	6331840417009367668	core-reconstructed	term-gap	core-directed reconstruction succeeded	175257209	collect=518167,pre-reconstruct=101083,normalize=493750,monomorphize=13000,instantiate=35417,translate=985417,solve=43619667,replay=113889083,reconstruct=15601625	
velvet	crush-portfolio	1	Velvet/Examples/Recursion.lean|pickGreaterN_correct|928177310960349346	pickGreaterN_correct	928177310960349346	alethe-reconstructed	success	Alethe certificate replay succeeded	7220061459	collect=308625,pre-reconstruct=112375,normalize=870709,monomorphize=12042,instantiate=29458,translate=1511375,solve=53996500,replay=7163220375	certificate_commands=275,certificate_assumes=20,certificate_steps=250,certificate_anchors=5,certificate_sexp_nodes=4247,certificate_bytes=20110
velvet	crush-portfolio	1	Velvet/Examples/Recursion.lean|calc_fact_correct|14502607232842720358	calc_fact_correct	14502607232842720358	core-reconstructed	rule-gap	core-directed reconstruction succeeded	298747208	collect=742042,pre-reconstruct=928583,normalize=826875,monomorphize=22500,instantiate=17409125,translate=2177083,solve=39348000,replay=229793500,reconstruct=7499500	
velvet	crush-portfolio	1	Velvet/Examples/Recursion.lean|calc_fact_correct|5360899794933563671	calc_fact_correct	5360899794933563671	selected-fact	not-attempted	closed from a selected Lean fact	195666	collect=195666	
velvet	crush-portfolio	1	Velvet/Examples/Recursion.lean|calc_fact_correct|16083086069592683677	calc_fact_correct	16083086069592683677	core-reconstructed	rule-gap	core-directed reconstruction succeeded	279425666	collect=149542,pre-reconstruct=2847458,normalize=1166375,monomorphize=19125,instantiate=30630250,translate=3737833,solve=52362750,replay=165178083,reconstruct=23334250	
velvet	crush-portfolio	1	Velvet/Examples/Recursion.lean|calc_fact_correct|17426933449823366573	calc_fact_correct	17426933449823366573	core-reconstructed	rule-gap	core-directed reconstruction succeeded	282192793	collect=187292,pre-reconstruct=412542,normalize=1001584,monomorphize=16500,instantiate=28131000,translate=3319708,solve=51886958,replay=168514000,reconstruct=28723209	
velvet	crush-portfolio	1	Velvet/Examples/Recursion.lean|calc_fact_correct|3040060259141493307	calc_fact_correct	3040060259141493307	selected-fact	not-attempted	closed from a selected Lean fact	181000	collect=181000	
velvet	crush-portfolio	1	Velvet/Examples/Recursion.lean|calc_fact_correct|8843960039229350233	calc_fact_correct	8843960039229350233	core-reconstructed	rule-gap	core-directed reconstruction succeeded	232452833	collect=97167,pre-reconstruct=309500,normalize=687000,monomorphize=15250,instantiate=26619708,translate=2610041,solve=36178458,replay=164466709,reconstruct=1469000	
velvet	crush-portfolio	1	Velvet/Examples/Recursion.lean|calc_fact_correct|414362943496193222	calc_fact_correct	414362943496193222	core-reconstructed	rule-gap	core-directed reconstruction succeeded	237602292	collect=172000,pre-reconstruct=1196750,normalize=869500,monomorphize=16334,instantiate=27772125,translate=2811417,solve=37746250,replay=165660541,reconstruct=1357375	
velvet	crush-portfolio	1	Velvet/Examples/Recursion.lean|calc_fact_correct|17682712502848666117	calc_fact_correct	17682712502848666117	core-reconstructed	rule-gap	core-directed reconstruction succeeded	287101835	collect=180542,pre-reconstruct=592541,normalize=900959,monomorphize=16875,instantiate=27724792,translate=3154375,solve=64103875,replay=166679209,reconstruct=23748667	
velvet	crush-portfolio	1	Velvet/Examples/Recursion.lean|SimpleOption_correct|10153057550358142642	SimpleOption_correct	10153057550358142642	alethe-reconstructed	success	Alethe certificate replay succeeded	107431334	collect=336625,pre-reconstruct=286166,normalize=864250,monomorphize=13917,instantiate=18140750,translate=1431417,solve=29304834,replay=57053375	certificate_commands=13,certificate_assumes=5,certificate_steps=8,certificate_anchors=0,certificate_sexp_nodes=192,certificate_bytes=763
velvet	crush-portfolio	1	Velvet/Examples/Recursion.lean|SimpleOption_correct|1511426402368662420	SimpleOption_correct	1511426402368662420	core-reconstructed	rule-gap	core-directed reconstruction succeeded	218185292	collect=158541,pre-reconstruct=314750,normalize=793917,monomorphize=13500,instantiate=40351625,translate=1980208,solve=44353958,replay=128632084,reconstruct=1586709	
velvet	crush-portfolio	1	Velvet/Examples/Recursion.lean|SimpleList_correct|12303175613740643342	SimpleList_correct	12303175613740643342	core-reconstructed	certificate-error	core-directed reconstruction succeeded	111817668	collect=467667,pre-reconstruct=371833,normalize=1060084,monomorphize=15417,instantiate=44060166,translate=5322500,solve=41049250,replay=55542,reconstruct=19415209	
velvet	crush-portfolio	1	Velvet/Examples/Recursion.lean|SimpleList_correct|10153057550358142642	SimpleList_correct	10153057550358142642	core-reconstructed	certificate-error	core-directed reconstruction succeeded	51300291	collect=166333,pre-reconstruct=311167,normalize=820125,monomorphize=14458,instantiate=15465458,translate=2047542,solve=28966583,replay=16750,reconstruct=3491875	
velvet	crush-portfolio	1	Velvet/Examples/Recursion.lean|insertTree_correct|419217539048902517	insertTree_correct	6124558152003517874	core-reconstructed	certificate-error	core-directed reconstruction succeeded	63582834	collect=733250,pre-reconstruct=1035334,normalize=1279542,monomorphize=5047541,instantiate=8285375,translate=4550583,solve=38415250,replay=15917,reconstruct=4220042	
velvet	crush-portfolio	1	Velvet/Examples/Recursion.lean|insertTree_correct|14100858011260313832	insertTree_correct	10921538662002129566	core-reconstructed	certificate-error	core-directed reconstruction succeeded	58040458	collect=276667,pre-reconstruct=1029292,normalize=1249750,monomorphize=4840417,instantiate=6901416,translate=4271333,solve=34176042,replay=15833,reconstruct=5279708	
velvet	crush-portfolio	1	Velvet/Examples/Recursion.lean|insertTree_correct|5439148242694091386	insertTree_correct	5439148242694091386	core-reconstructed	certificate-error	core-directed reconstruction succeeded	77284958	collect=294916,pre-reconstruct=1426417,normalize=1891542,monomorphize=4575958,instantiate=7119666,translate=4173209,solve=40884167,replay=15125,reconstruct=16903958	
velvet	crush-portfolio	1	Velvet/Examples/Recursion.lean|insertTree_correct|13358020527010658417	insertTree_correct	13358020527010658417	core-reconstructed	certificate-error	core-directed reconstruction succeeded	60805291	collect=256250,pre-reconstruct=854334,normalize=1169458,monomorphize=4081833,instantiate=6552333,translate=3920958,solve=40825500,replay=14750,reconstruct=3129875	
velvet	crush-portfolio	1	Velvet/Examples/Recursion.lean|insertTree_correct|8603391761408256204	insertTree_correct	11864513577345326864	core-reconstructed	certificate-error	core-directed reconstruction succeeded	61045043	collect=253584,pre-reconstruct=1020625,normalize=1265792,monomorphize=4646334,instantiate=6756125,translate=4165583,solve=36864292,replay=17333,reconstruct=6055375	
velvet	crush-portfolio	1	Velvet/Examples/Recursion.lean|insertTree_correct|403261720200322615	insertTree_correct	403261720200322615	core-reconstructed	certificate-error	core-directed reconstruction succeeded	84844207	collect=268792,pre-reconstruct=1238333,normalize=1779666,monomorphize=4541833,instantiate=6738125,translate=4217667,solve=42976833,replay=15583,reconstruct=23067375	
velvet	crush-portfolio	1	Velvet/Examples/Recursion.lean|insertTree_correct|13334821868243949956	insertTree_correct	13334821868243949956	core-reconstructed	certificate-error	core-directed reconstruction succeeded	62311710	collect=264083,pre-reconstruct=887459,normalize=1276750,monomorphize=4391042,instantiate=6871042,translate=3999292,solve=41031625,replay=17000,reconstruct=3573417	
velvet	crush-portfolio	1	Velvet/Examples/Recursion.lean|insertTree_correct|10034441991535992553	insertTree_correct	2266607705858558304	core-reconstructed	certificate-error	core-directed reconstruction succeeded	59759544	collect=276584,pre-reconstruct=911000,normalize=1331875,monomorphize=4227959,instantiate=6624209,translate=3833000,solve=38818958,replay=15542,reconstruct=3720417	
velvet	crush-portfolio	1	Velvet/Examples/Recursion.lean|insertTree_correct|8410732340261024813	insertTree_correct	18206415606574627385	core-reconstructed	certificate-error	core-directed reconstruction succeeded	78353794	collect=340208,pre-reconstruct=2095208,normalize=2157709,monomorphize=10495250,instantiate=7476959,translate=6850542,solve=42113792,replay=17417,reconstruct=6806709	
velvet	crush-portfolio	1	Velvet/Examples/Recursion.lean|insertTree_correct|13887296291903300382	insertTree_correct	13887296291903300382	core-reconstructed	certificate-error	core-directed reconstruction succeeded	89609792	collect=313833,pre-reconstruct=1744292,normalize=1922000,monomorphize=9566667,instantiate=7495833,translate=6098417,solve=45601833,replay=15667,reconstruct=16851250	
velvet	crush-portfolio	1	Velvet/Examples/Recursion.lean|insertTree_correct|6517665507579609563	insertTree_correct	6517665507579609563	core-reconstructed	certificate-error	core-directed reconstruction succeeded	72777668	collect=361500,pre-reconstruct=2075041,normalize=2220667,monomorphize=10417709,instantiate=7202125,translate=6231834,solve=40373958,replay=15417,reconstruct=3879417	
velvet	crush-portfolio	1	Velvet/Examples/Recursion.lean|insertTree_correct|4691160922418792609	insertTree_correct	3724966807215875960	core-reconstructed	certificate-error	core-directed reconstruction succeeded	87557790	collect=353375,pre-reconstruct=2578416,normalize=2373125,monomorphize=12233209,instantiate=7908167,translate=7460166,solve=44527958,replay=21666,reconstruct=10101708	
velvet	crush-portfolio	1	Velvet/Examples/Recursion.lean|insertTree_correct|5459752633259142580	insertTree_correct	5459752633259142580	core-reconstructed	certificate-error	core-directed reconstruction succeeded	102314084	collect=341875,pre-reconstruct=2219625,normalize=2323084,monomorphize=10977666,instantiate=7633500,translate=6975167,solve=45466375,replay=18292,reconstruct=26358500	
velvet	crush-portfolio	1	Velvet/Examples/Recursion.lean|insertTree_correct|14235806948139691359	insertTree_correct	14235806948139691359	core-reconstructed	certificate-error	core-directed reconstruction succeeded	76650834	collect=334209,pre-reconstruct=2049208,normalize=2196917,monomorphize=11082792,instantiate=7749625,translate=7177417,solve=41855833,replay=17541,reconstruct=4187292	
velvet	crush-portfolio	1	Velvet/Examples/Recursion.lean|insertTree_correct|7037529583856086989	insertTree_correct	14769059022653274503	core-reconstructed	certificate-error	core-directed reconstruction succeeded	84351001	collect=355375,pre-reconstruct=2581250,normalize=2443584,monomorphize=12566333,instantiate=8069542,translate=7237583,solve=40287459,replay=15959,reconstruct=10793916	
velvet	crush-portfolio	1	Velvet/Examples/Recursion.lean|insertTree_correct|5348143843544294657	insertTree_correct	5348143843544294657	core-reconstructed	certificate-error	core-directed reconstruction succeeded	112759543	collect=383458,pre-reconstruct=2069542,normalize=2288042,monomorphize=11100542,instantiate=8126333,translate=7036708,solve=49255334,replay=16334,reconstruct=32483250	
velvet	crush-portfolio	1	Velvet/Examples/Recursion.lean|insertTree_correct|11865403806314311412	insertTree_correct	11865403806314311412	core-reconstructed	certificate-error	core-directed reconstruction succeeded	73739874	collect=353875,pre-reconstruct=2086291,normalize=2265625,monomorphize=11203500,instantiate=7846500,translate=7227250,solve=38557875,replay=15625,reconstruct=4183333	
velvet	crush-portfolio	1	Velvet/Examples/Recursion.lean|complex_measure_binsearch_correct|4528940613904177901	complex_measure_binsearch_correct	4528940613904177901	unknown	not-attempted	solver exited without a verdict	10075407332	collect=601750,pre-reconstruct=373375,normalize=1172958,monomorphize=15375,instantiate=7836500,translate=1987583,solve=5035257750,translate-fallback=1801666,solve-fallback=5026360375	
velvet	crush-portfolio	1	Velvet/Examples/Recursion.lean|complex_measure_binsearch_correct|9897963110172432531	complex_measure_binsearch_correct	9897963110172432531	alethe-reconstructed	success	Alethe certificate replay succeeded	1025832290	collect=642250,pre-reconstruct=479958,normalize=1590000,monomorphize=18167,instantiate=8551666,translate=3167375,solve=39423291,replay=971959583	certificate_commands=49,certificate_assumes=11,certificate_steps=38,certificate_anchors=0,certificate_sexp_nodes=912,certificate_bytes=3709
velvet	crush-portfolio	1	Velvet/Examples/Recursion.lean|pow2_correct|5804668677648722939	pow2_correct	5804668677648722939	core-reconstructed	term-gap	core-directed reconstruction succeeded	81568749	collect=677916,pre-reconstruct=2296792,normalize=1338667,monomorphize=16708,instantiate=14225333,translate=2591667,solve=33253083,replay=15995583,reconstruct=11173000	
velvet	crush-portfolio	1	Velvet/Examples/Recursion.lean|pow2_correct|5360899794933563671	pow2_correct	5360899794933563671	selected-fact	not-attempted	closed from a selected Lean fact	256958	collect=256958	
velvet	crush-portfolio	1	Velvet/Examples/Recursion.lean|pow2_correct|2669204144888843361	pow2_correct	2669204144888843361	core-reconstructed	term-gap	core-directed reconstruction succeeded	110487875	collect=190416,pre-reconstruct=3294250,normalize=1826458,monomorphize=19083,instantiate=14350084,translate=3794625,solve=40327417,replay=25236084,reconstruct=21449458	
velvet	crush-portfolio	1	Velvet/Examples/Recursion.lean|pow2_correct|17426933449823366573	pow2_correct	17426933449823366573	core-reconstructed	term-gap	core-directed reconstruction succeeded	142158000	collect=265750,pre-reconstruct=486750,normalize=1481125,monomorphize=18250,instantiate=12320833,translate=3275375,solve=68430917,replay=27189917,reconstruct=28689083	
velvet	crush-portfolio	1	Velvet/Examples/Recursion.lean|pow2_correct|3040060259141493307	pow2_correct	3040060259141493307	selected-fact	not-attempted	closed from a selected Lean fact	290042	collect=290042	
velvet	crush-portfolio	1	Velvet/Examples/Recursion.lean|pow2_correct|8843960039229350233	pow2_correct	8843960039229350233	core-reconstructed	term-gap	core-directed reconstruction succeeded	71169292	collect=224875,pre-reconstruct=396291,normalize=1174459,monomorphize=17167,instantiate=11226792,translate=2020833,solve=37739917,replay=16959792,reconstruct=1409166	
velvet	crush-portfolio	1	Velvet/Examples/Recursion.lean|pow2_correct|11033618788013063028	pow2_correct	11033618788013063028	selected-fact	not-attempted	closed from a selected Lean fact	243291	collect=243291	
velvet	crush-portfolio	1	Velvet/Examples/Recursion.lean|pow2_correct|12960500676855313787	pow2_correct	12960500676855313787	core-reconstructed	term-gap	core-directed reconstruction succeeded	114476084	collect=181834,pre-reconstruct=2252208,normalize=1546458,monomorphize=18125,instantiate=14254334,translate=3570458,solve=49596375,replay=25443792,reconstruct=17612500	
velvet	crush-portfolio	1	Velvet/Examples/SmallHeartBeats.lean|LeftmostMaximalDigit_correct|15016508801900672495	LeftmostMaximalDigit_correct	15236574120941310609	unknown	not-attempted	solver exited without a verdict	5087242499	collect=2989791,pre-reconstruct=7492750,normalize=5392292,monomorphize=102375,instantiate=221541,translate=14008792,solve=5057034958	
velvet	crush-portfolio	1	Velvet/Examples/SmallHeartBeats.lean|LeftmostMaximalDigit_correct|15016508801900672495	LeftmostMaximalDigit_correct	15236574120941310609	unknown	not-attempted	solver exited without a verdict	5050013500	collect=393958,pre-reconstruct=5649875,normalize=4928875,monomorphize=25125,instantiate=37292,translate=8297250,solve=5030681125	
velvet	crush-portfolio	1	Velvet/Examples/SmallHeartBeats.lean|LeftmostMaximalDigit_correct|2028202278093280602	LeftmostMaximalDigit_correct	6121938255858659784	reconstruction-failed	certificate-error	core-directed reconstruction did not close the goal	16174748500	collect=399250,pre-reconstruct=736083,normalize=5082542,monomorphize=21167,instantiate=32042,translate=8649292,solve=2658541375,replay=121333,reconstruct=13501165416	
velvet	crush-portfolio	1	Velvet/Examples/SmallHeartBeats.lean|LeftmostMaximalDigit_correct|15016508801900672495	LeftmostMaximalDigit_correct	15236574120941310609	reconstruction-failed	certificate-error	core-directed reconstruction did not close the goal	15811228334	collect=404125,pre-reconstruct=5869417,normalize=4977167,monomorphize=23625,instantiate=33125,translate=8934083,solve=2955085250,replay=15334,reconstruct=12835886208	
velvet	crush-portfolio	1	Velvet/Examples/SmallHeartBeats.lean|LeftmostMaximalDigit_correct|15016508801900672495	LeftmostMaximalDigit_correct	15236574120941310609	reconstruction-failed	certificate-error	core-directed reconstruction did not close the goal	16381854959	collect=444792,pre-reconstruct=5757791,normalize=5093500,monomorphize=22958,instantiate=35292,translate=8960542,solve=3168526709,replay=18167,reconstruct=13192995208	
velvet	crush-portfolio	1	Velvet/Examples/SmallHeartBeats.lean|LeftmostMaximalDigit_correct|3737123472131748703	LeftmostMaximalDigit_correct	15236574120941310609	pre-reconstructed	not-attempted	closed before SMT translation	2025501	collect=382917,pre-reconstruct=1642584	
velvet	crush-portfolio	1	Velvet/Examples/SmallHeartBeats.lean|LeftmostMaximalDigit_correct|7513237505621560861	LeftmostMaximalDigit_correct	7513237505621560861	selected-fact	not-attempted	closed from a selected Lean fact	155792	collect=155792	
velvet	crush-portfolio	1	Velvet/Examples/SmallHeartBeats.lean|LeftmostMaximalDigit_correct|8096766621563827002	LeftmostMaximalDigit_correct	17680906660210225647	core-reconstructed	certificate-error	core-directed reconstruction succeeded	73685625	collect=156375,pre-reconstruct=383750,normalize=2724000,monomorphize=19667,instantiate=28958,translate=4548167,solve=51948292,replay=17333,reconstruct=13859083	
velvet	crush-portfolio	1	Velvet/Examples/SmallHeartBeats.lean|LeftmostMaximalDigit_correct|18343663110535115658	LeftmostMaximalDigit_correct	5956152800418677151	unknown	not-attempted	solver exited without a verdict	5075527169	collect=245875,pre-reconstruct=10022167,normalize=4776000,monomorphize=20084,instantiate=34584,translate=11769167,solve=5048659292	
velvet	crush-portfolio	1	Velvet/Examples/SmallHeartBeats.lean|LeftmostMaximalDigit_correct|15016508801900672495	LeftmostMaximalDigit_correct	15236574120941310609	unknown	not-attempted	solver exited without a verdict	5087242499	collect=2989791,pre-reconstruct=7492750,normalize=5392292,monomorphize=102375,instantiate=221541,translate=14008792,solve=5057034958	
velvet	crush-portfolio	1	Velvet/Examples/SmallHeartBeats.lean|LeftmostMaximalDigit_correct|15016508801900672495	LeftmostMaximalDigit_correct	15236574120941310609	unknown	not-attempted	solver exited without a verdict	5050013500	collect=393958,pre-reconstruct=5649875,normalize=4928875,monomorphize=25125,instantiate=37292,translate=8297250,solve=5030681125	
velvet	crush-portfolio	1	Velvet/Examples/SmallHeartBeats.lean|LeftmostMaximalDigit_correct|2028202278093280602	LeftmostMaximalDigit_correct	6121938255858659784	reconstruction-failed	certificate-error	core-directed reconstruction did not close the goal	16174748500	collect=399250,pre-reconstruct=736083,normalize=5082542,monomorphize=21167,instantiate=32042,translate=8649292,solve=2658541375,replay=121333,reconstruct=13501165416	
velvet	crush-portfolio	1	Velvet/Examples/SmallHeartBeats.lean|LeftmostMaximalDigit_correct|15016508801900672495	LeftmostMaximalDigit_correct	15236574120941310609	reconstruction-failed	certificate-error	core-directed reconstruction did not close the goal	15811228334	collect=404125,pre-reconstruct=5869417,normalize=4977167,monomorphize=23625,instantiate=33125,translate=8934083,solve=2955085250,replay=15334,reconstruct=12835886208	
velvet	crush-portfolio	1	Velvet/Examples/SmallHeartBeats.lean|LeftmostMaximalDigit_correct|15016508801900672495	LeftmostMaximalDigit_correct	15236574120941310609	reconstruction-failed	certificate-error	core-directed reconstruction did not close the goal	16381854959	collect=444792,pre-reconstruct=5757791,normalize=5093500,monomorphize=22958,instantiate=35292,translate=8960542,solve=3168526709,replay=18167,reconstruct=13192995208	
velvet	crush-portfolio	1	Velvet/Examples/SmallHeartBeats.lean|LeftmostMaximalDigit_correct|3737123472131748703	LeftmostMaximalDigit_correct	15236574120941310609	pre-reconstructed	not-attempted	closed before SMT translation	2025501	collect=382917,pre-reconstruct=1642584	
velvet	crush-portfolio	1	Velvet/Examples/SmallHeartBeats.lean|LeftmostMaximalDigit_correct|7513237505621560861	LeftmostMaximalDigit_correct	7513237505621560861	selected-fact	not-attempted	closed from a selected Lean fact	155792	collect=155792	
velvet	crush-portfolio	1	Velvet/Examples/SmallHeartBeats.lean|LeftmostMaximalDigit_correct|8096766621563827002	LeftmostMaximalDigit_correct	17680906660210225647	core-reconstructed	certificate-error	core-directed reconstruction succeeded	73685625	collect=156375,pre-reconstruct=383750,normalize=2724000,monomorphize=19667,instantiate=28958,translate=4548167,solve=51948292,replay=17333,reconstruct=13859083	
velvet	crush-portfolio	1	Velvet/Examples/SmallHeartBeats.lean|LeftmostMaximalDigit_correct|18343663110535115658	LeftmostMaximalDigit_correct	5956152800418677151	unknown	not-attempted	solver exited without a verdict	5075527169	collect=245875,pre-reconstruct=10022167,normalize=4776000,monomorphize=20084,instantiate=34584,translate=11769167,solve=5048659292	
velvet	crush-portfolio	1	Velvet/Examples/SpMSpV_Example.lean|VSpV_correct|8738685113314976701	VSpV_correct	8738685113314976701	core-reconstructed	certificate-error	core-directed reconstruction succeeded	122481709	collect=704708,pre-reconstruct=1786709,normalize=2010208,monomorphize=14350167,instantiate=8572000,translate=17144666,solve=65078834,replay=115125,reconstruct=12719292	
velvet	crush-portfolio	1	Velvet/Examples/SpMSpV_Example.lean|VSpV_correct|3203096880704497577	VSpV_correct	3203096880704497577	core-reconstructed	certificate-error	core-directed reconstruction succeeded	182163458	collect=261750,pre-reconstruct=22022875,normalize=2032458,monomorphize=18490583,instantiate=29560375,translate=21608834,solve=45834333,replay=16292,reconstruct=42335958	
velvet	crush-portfolio	1	Velvet/Examples/SpMSpV_Example.lean|VSpV_correct|6511268073169614694	VSpV_correct	6511268073169614694	core-reconstructed	certificate-error	core-directed reconstruction succeeded	104054499	collect=228583,pre-reconstruct=4634625,normalize=1725791,monomorphize=11913792,instantiate=7158208,translate=11341833,solve=65121750,replay=15167,reconstruct=1914750	
velvet	crush-portfolio	1	Velvet/Examples/SpMSpV_Example.lean|VSpV_correct|975338514235632457	VSpV_correct	975338514235632457	core-reconstructed	certificate-error	core-directed reconstruction succeeded	63823373	collect=180625,pre-reconstruct=485333,normalize=150333,monomorphize=9961833,instantiate=1450708,translate=7870208,solve=41748042,replay=13500,reconstruct=1962791	
velvet	crush-portfolio	1	Velvet/Examples/SpMSpV_Example.lean|VSpV_correct|12341185047943028706	VSpV_correct	12341185047943028706	core-reconstructed	certificate-error	core-directed reconstruction succeeded	161315458	collect=180375,pre-reconstruct=33405625,normalize=192667,monomorphize=11507000,instantiate=9701833,translate=10782292,solve=71223541,replay=14500,reconstruct=24307625	
velvet	crush-portfolio	1	Velvet/Examples/SpMSpV_Example.lean|spmv_correct|10035930273513517515	spmv_correct	16911588290658345398	core-reconstructed	certificate-error	core-directed reconstruction succeeded	215184749	collect=273375,pre-reconstruct=10078291,normalize=369458,monomorphize=25156875,instantiate=20034125,translate=23176000,solve=72063167,replay=15416,reconstruct=64018042	
velvet	crush-portfolio	1	Velvet/Examples/SpMSpV_Example.lean|spmv_correct|4828757563640441921	spmv_correct	17150622328021244237	core-reconstructed	certificate-error	core-directed reconstruction succeeded	425608917	collect=273208,pre-reconstruct=40457334,normalize=543125,monomorphize=45723250,instantiate=53041333,translate=52158333,solve=91731167,replay=15458,reconstruct=141665709	
velvet	crush-portfolio	1	Velvet/Examples/SpMSpV_Example.lean|spmv_correct|9723121325275610683	spmv_correct	5118812006968681161	core-reconstructed	certificate-error	core-directed reconstruction succeeded	91916335	collect=254209,pre-reconstruct=1465583,normalize=338417,monomorphize=21564292,instantiate=3618708,translate=16081625,solve=47628709,replay=14500,reconstruct=950292	
velvet	crush-portfolio	1	Velvet/Examples/SpMSpV_Example.lean|spmv_correct|17138153512408342530	spmv_correct	10058067986739430896	core-reconstructed	certificate-error	core-directed reconstruction succeeded	127196333	collect=267834,pre-reconstruct=25201958,normalize=345125,monomorphize=23711750,instantiate=11706042,translate=22316500,solve=42650875,replay=14833,reconstruct=981416	
velvet	crush-portfolio	1	Velvet/Examples/SpMSpV_Example.lean|spmv_correct|1779879977175361606	spmv_correct	9652275006870831740	core-reconstructed	certificate-error	core-directed reconstruction succeeded	144021208	collect=241833,pre-reconstruct=25577417,normalize=366458,monomorphize=23016875,instantiate=3908958,translate=16166041,solve=49563667,replay=15292,reconstruct=25164667	
velvet	crush-portfolio	1	Velvet/Examples/SpMSpV_Example.lean|spmv_correct|3184815126966959579	spmv_correct	4431820435980120265	core-reconstructed	certificate-error	core-directed reconstruction succeeded	101022333	collect=199417,pre-reconstruct=531666,normalize=191708,monomorphize=16313750,instantiate=2503500,translate=11240125,solve=42504167,replay=15333,reconstruct=27522667	
velvet	crush-portfolio	1	Velvet/Examples/SpMSpV_Example.lean|spmv_correct|1119395027554635835	spmv_correct	13937701322092251966	core-reconstructed	certificate-error	core-directed reconstruction succeeded	171502876	collect=243792,pre-reconstruct=39337917,normalize=226375,monomorphize=20780417,instantiate=11651292,translate=19910666,solve=49177459,replay=18083,reconstruct=30156875	
velvet	crush-portfolio	1	Velvet/Examples/SpMSpV_Example.lean|spmv_correct|2867453267844152322	spmv_correct	4156424914757912501	core-reconstructed	certificate-error	core-directed reconstruction succeeded	195241626	collect=255584,pre-reconstruct=26823375,normalize=361625,monomorphize=31983708,instantiate=12455625,translate=27374166,solve=61909084,replay=13959,reconstruct=34064500	
velvet	crush-portfolio	1	Velvet/Examples/SpMSpV_Example.lean|SpVSpV_correct|12365816836206760017	SpVSpV_correct	12365816836206760017	core-reconstructed	certificate-error	core-directed reconstruction succeeded	189634249	collect=372750,pre-reconstruct=3882542,normalize=4945208,monomorphize=36813375,instantiate=46568625,translate=32577625,solve=50029042,replay=15166,reconstruct=14429916	
velvet	crush-portfolio	1	Velvet/Examples/SpMSpV_Example.lean|SpVSpV_correct|14837198768818932204	SpVSpV_correct	16126165560622542066	core-reconstructed	certificate-error	core-directed reconstruction succeeded	544289251	collect=411209,pre-reconstruct=187099584,normalize=5899584,monomorphize=42929958,instantiate=115412542,translate=55486042,solve=48480458,replay=17541,reconstruct=88552333	
velvet	crush-portfolio	1	Velvet/Examples/SpMSpV_Example.lean|SpVSpV_correct|15323100967004739210	SpVSpV_correct	15323100967004739210	core-reconstructed	certificate-error	core-directed reconstruction succeeded	204247125	collect=434375,pre-reconstruct=3300250,normalize=5940125,monomorphize=41483000,instantiate=55245041,translate=41918125,solve=39752667,replay=18042,reconstruct=16155500	
velvet	crush-portfolio	1	Velvet/Examples/SpMSpV_Example.lean|SpVSpV_correct|10656169208955874266	SpVSpV_correct	10656169208955874266	core-reconstructed	certificate-error	core-directed reconstruction succeeded	267356167	collect=409958,pre-reconstruct=28031875,normalize=5455500,monomorphize=38795625,instantiate=75589792,translate=42387417,solve=44602542,replay=15291,reconstruct=32068167	
velvet	crush-portfolio	1	Velvet/Examples/SpMSpV_Example.lean|SpVSpV_correct|9762937465648280212	SpVSpV_correct	9762937465648280212	core-reconstructed	certificate-error	core-directed reconstruction succeeded	185472959	collect=384042,pre-reconstruct=2897000,normalize=5188958,monomorphize=36468000,instantiate=46070000,translate=34489292,solve=44157084,replay=14500,reconstruct=15804083	
velvet	crush-portfolio	1	Velvet/Examples/SpMSpV_Example.lean|SpVSpV_correct|2195194365498566470	SpVSpV_correct	2195194365498566470	core-reconstructed	certificate-error	core-directed reconstruction succeeded	279833335	collect=394584,pre-reconstruct=29270250,normalize=5509958,monomorphize=37799792,instantiate=71960292,translate=42521542,solve=45784500,replay=14917,reconstruct=46577500	
velvet	crush-portfolio	1	Velvet/Examples/SpMSpV_Example.lean|SpVSpV_correct|11853401597336712609	SpVSpV_correct	11853401597336712609	core-reconstructed	certificate-error	core-directed reconstruction succeeded	168935002	collect=399375,pre-reconstruct=2055333,normalize=4660667,monomorphize=33680167,instantiate=43097792,translate=31370791,solve=40936959,replay=14959,reconstruct=12718959	
velvet	crush-portfolio	1	Velvet/Examples/SpMSpV_Example.lean|SpVSpV_correct|2836632441074815746	SpVSpV_correct	2836632441074815746	core-reconstructed	certificate-error	core-directed reconstruction succeeded	158311833	collect=418334,pre-reconstruct=1764334,normalize=5006125,monomorphize=33574208,instantiate=45635541,translate=31857167,solve=36671708,replay=15708,reconstruct=3368708	
velvet	crush-portfolio	1	Velvet/Examples/SpMSpV_Example.lean|SpVSpV_correct|9157999431728333977	SpVSpV_correct	9157999431728333977	core-reconstructed	certificate-error	core-directed reconstruction succeeded	105737084	collect=365917,pre-reconstruct=2056292,normalize=4396584,monomorphize=28317916,instantiate=5573625,translate=17294042,solve=45189583,replay=14125,reconstruct=2529000	
velvet	crush-portfolio	1	Velvet/Examples/SpMSpV_Example.lean|SpVSpV_correct|12484676100150332319	SpVSpV_correct	12484676100150332319	core-reconstructed	certificate-error	core-directed reconstruction succeeded	214683751	collect=339750,pre-reconstruct=15537459,normalize=4532250,monomorphize=30454584,instantiate=65172375,translate=27060125,solve=46840875,replay=18042,reconstruct=24728291	
velvet	crush-portfolio	1	Velvet/Examples/SpMSpV_Example.lean|SpVSpV_correct|6547543738413559297	SpVSpV_correct	6547543738413559297	core-reconstructed	certificate-error	core-directed reconstruction succeeded	224030084	collect=404041,pre-reconstruct=26680709,normalize=4706333,monomorphize=40407292,instantiate=47191875,translate=34164958,solve=51605959,replay=16500,reconstruct=18852417	
velvet	crush-portfolio	1	Velvet/Examples/SpMSpV_Example.lean|SpMSpV_correct|16599719904663808863	SpMSpV_correct	6207658206744569200	core-reconstructed	certificate-error	core-directed reconstruction succeeded	272508207	collect=467333,pre-reconstruct=20259416,normalize=5380292,monomorphize=58878000,instantiate=22223917,translate=36315583,solve=63260083,replay=16041,reconstruct=65707542	
velvet	crush-portfolio	1	Velvet/Examples/SpMSpV_Example.lean|SpMSpV_correct|9413868035314052637	SpMSpV_correct	954402073916344576	core-reconstructed	certificate-error	core-directed reconstruction succeeded	248663417	collect=445458,pre-reconstruct=19729292,normalize=5240417,monomorphize=57098083,instantiate=21361000,translate=35928583,solve=57353625,replay=15334,reconstruct=51491625	
velvet	crush-portfolio	1	Velvet/Examples/SpMSpV_Example.lean|SpMSpV_correct|11331147013392176036	SpMSpV_correct	1456818390559341560	core-reconstructed	certificate-error	core-directed reconstruction succeeded	787731041	collect=501084,pre-reconstruct=145704000,normalize=6964500,monomorphize=75422583,instantiate=144024500,translate=130848833,solve=108697750,replay=19875,reconstruct=175547916	
velvet	crush-portfolio	1	Velvet/Examples/SpMSpV_Example.lean|SpMSpV_correct|16599719904663808863	SpMSpV_correct	6207658206744569200	core-reconstructed	certificate-error	core-directed reconstruction succeeded	263415791	collect=455791,pre-reconstruct=19838417,normalize=5698500,monomorphize=61558459,instantiate=23264792,translate=40554291,solve=61169458,replay=16250,reconstruct=50859833	
velvet	crush-portfolio	1	Velvet/Examples/SpMSpV_Example.lean|SpMSpV_correct|14915918579342464454	SpMSpV_correct	14801354580617985578	core-reconstructed	certificate-error	core-directed reconstruction succeeded	181477293	collect=459792,pre-reconstruct=4687208,normalize=5600583,monomorphize=59030000,instantiate=17720584,translate=34831500,solve=58242875,replay=14667,reconstruct=890084	
velvet	crush-portfolio	1	Velvet/Examples/SubstringSearch.lean|SubstringSearch_correct|18217664312208415458	SubstringSearch_correct	174702952739697047	core-reconstructed	certificate-error	core-directed reconstruction succeeded	63202835	collect=513959,pre-reconstruct=4920208,normalize=295500,monomorphize=93834,instantiate=214750,translate=8280459,solve=33986333,replay=112042,reconstruct=14785750	
velvet	crush-portfolio	1	Velvet/Examples/SubstringSearch.lean|SubstringSearch_correct|14717207787831772510	SubstringSearch_correct	16168922198445788	core-reconstructed	certificate-error	core-directed reconstruction succeeded	65942708	collect=169584,pre-reconstruct=4686166,normalize=1654292,monomorphize=17875,instantiate=31916,translate=4997875,solve=52369916,replay=16709,reconstruct=1998375	
velvet	crush-portfolio	1	Velvet/Examples/SubstringSearch.lean|SubstringSearch_correct|10323933724704776680	SubstringSearch_correct	12116471866077996373	core-reconstructed	certificate-error	core-directed reconstruction succeeded	39267875	collect=127875,pre-reconstruct=1645708,normalize=106084,monomorphize=13959,instantiate=31000,translate=3080125,solve=32459000,replay=16458,reconstruct=1787666	
velvet	crush-portfolio	1	Velvet/Examples/SubstringSearch.lean|SubstringSearch_correct|8391554914672281118	SubstringSearch_correct	4974301628068507188	selected-fact	not-attempted	closed from a selected Lean fact	112541	collect=112541	
velvet	crush-portfolio	1	Velvet/Examples/SubstringSearch.lean|SubstringSearch_correct|6640297411548399355	SubstringSearch_correct	6640297411548399355	core-reconstructed	certificate-error	core-directed reconstruction succeeded	31923502	collect=53750,pre-reconstruct=91250,normalize=43166,monomorphize=11917,instantiate=22709,translate=1297458,solve=28571459,replay=15334,reconstruct=1816459	
velvet	crush-portfolio	1	Velvet/Examples/SubstringSearch.lean|SubstringSearch_correct|4492008039209323302	SubstringSearch_correct	4492008039209323302	core-reconstructed	certificate-error	core-directed reconstruction succeeded	65798875	collect=790250,pre-reconstruct=1130042,normalize=2957208,monomorphize=36791,instantiate=33125,translate=9477208,solve=49001292,replay=15750,reconstruct=2357209	
velvet	crush-portfolio	1	Velvet/Examples/SubstringSearch.lean|SubstringSearch_correct|16506446102682745284	SubstringSearch_correct	16506446102682745284	core-reconstructed	certificate-error	core-directed reconstruction succeeded	86389541	collect=258792,pre-reconstruct=778125,normalize=2436791,monomorphize=32875,instantiate=28541,translate=9568708,solve=59932958,replay=25959,reconstruct=13326792	
velvet	crush-portfolio	1	Velvet/Examples/SubstringSearch.lean|SubstringSearch_correct|4056255141881592010	SubstringSearch_correct	4056255141881592010	selected-fact	not-attempted	closed from a selected Lean fact	321500	collect=321500	
velvet	crush-portfolio	1	Velvet/Examples/SubstringSearch.lean|SubstringSearch_correct|10653939026877543916	SubstringSearch_correct	10653939026877543916	core-reconstructed	certificate-error	core-directed reconstruction succeeded	76766375	collect=275250,pre-reconstruct=828916,normalize=2526167,monomorphize=37000,instantiate=33416,translate=9426750,solve=44058167,replay=15584,reconstruct=19565125	
velvet	crush-portfolio	1	Velvet/Examples/SubstringSearch.lean|SubstringSearch_correct|18143633401136980304	SubstringSearch_correct	18143633401136980304	core-reconstructed	certificate-error	core-directed reconstruction succeeded	78969500	collect=262959,pre-reconstruct=795791,normalize=2433042,monomorphize=33833,instantiate=29833,translate=9410292,solve=61410875,replay=19250,reconstruct=4573625	
velvet	crush-portfolio	1	Velvet/Examples/SubstringSearch.lean|SubstringSearch_correct|16856248441874989194	SubstringSearch_correct	16856248441874989194	core-reconstructed	certificate-error	core-directed reconstruction succeeded	56678542	collect=336042,pre-reconstruct=1022291,normalize=3097417,monomorphize=41375,instantiate=39250,translate=11471958,solve=36885792,replay=15084,reconstruct=3769333	
velvet	crush-portfolio	1	Velvet/Examples/SubstringSearch.lean|SubstringSearch_correct|1598574868652780333	SubstringSearch_correct	2623082850227027838	core-reconstructed	certificate-error	core-directed reconstruction succeeded	406984874	collect=291458,pre-reconstruct=93482333,normalize=2800125,monomorphize=36375,instantiate=29917,translate=10082250,solve=67579416,replay=17750,reconstruct=232665250	
velvet	crush-portfolio	1	Velvet/Examples/SubstringSearch.lean|SubstringSearch_correct|6083540873046640352	SubstringSearch_correct	14001892521180047693	core-reconstructed	certificate-error	core-directed reconstruction succeeded	149213709	collect=306583,pre-reconstruct=7088292,normalize=3475958,monomorphize=36167,instantiate=29875,translate=11102500,solve=71790917,replay=15750,reconstruct=55367667	
velvet	crush-portfolio	1	Velvet/Examples/SubstringSearch.lean|SubstringSearch_correct|18314524564682266162	SubstringSearch_correct	174702952739697047	pre-reconstructed	not-attempted	closed before SMT translation	12526125	collect=279833,pre-reconstruct=12246292	
velvet	crush-portfolio	1	Velvet/Examples/SubstringSearch.lean|SubstringSearch_correct|14859665284842375974	SubstringSearch_correct	14695100313578779437	core-reconstructed	certificate-error	core-directed reconstruction succeeded	171558541	collect=269334,pre-reconstruct=79474250,normalize=2893042,monomorphize=36042,instantiate=30833,translate=10467291,solve=62366625,replay=16833,reconstruct=16004291	
velvet	crush-portfolio	1	Velvet/Examples/SumOfDigits.lean|SumOfDigits_correct|4887343456502517186	SumOfDigits_correct	4887343456502517186	core-reconstructed	rule-gap	core-directed reconstruction succeeded	378950417	collect=1409667,pre-reconstruct=6133875,normalize=2105584,monomorphize=125959,instantiate=27502375,translate=7632541,solve=93926625,replay=214031333,reconstruct=26082458	
velvet	crush-portfolio	1	Velvet/Examples/SumOfDigits.lean|SumOfDigits_correct|5431800701729144158	SumOfDigits_correct	5431800701729144158	core-reconstructed	rule-gap	core-directed reconstruction succeeded	335633209	collect=183250,pre-reconstruct=468042,normalize=963042,monomorphize=17375,instantiate=13267833,translate=2839167,solve=85741666,replay=222768584,reconstruct=9384250	
velvet	crush-portfolio	1	Velvet/Examples/SumOfDigits.lean|SumOfDigits_correct|7475080825861972690	SumOfDigits_correct	7475080825861972690	core-reconstructed	rule-gap	core-directed reconstruction succeeded	288516250	collect=203875,pre-reconstruct=834708,normalize=1211250,monomorphize=19917,instantiate=14320625,translate=2770500,solve=48570792,replay=208574833,reconstruct=12009750	
velvet	crush-portfolio	1	Velvet/Examples/SumOfDigits.lean|SumOfDigits_correct|15970435702129902192	SumOfDigits_correct	15970435702129902192	core-reconstructed	rule-gap	core-directed reconstruction succeeded	230085459	collect=176250,pre-reconstruct=1306042,normalize=963667,monomorphize=15750,instantiate=8853667,translate=2066750,solve=56382792,replay=157735916,reconstruct=2584625	
velvet	crush-portfolio	1	Velvet/Examples/SumOfDigits.lean|SumOfDigits_correct|6640297411548399355	SumOfDigits_correct	6640297411548399355	alethe-reconstructed	success	Alethe certificate replay succeeded	73277791	collect=178292,pre-reconstruct=298375,normalize=723916,monomorphize=16000,instantiate=3033041,translate=1456000,solve=38026875,replay=29545292	certificate_commands=12,certificate_assumes=4,certificate_steps=8,certificate_anchors=0,certificate_sexp_nodes=194,certificate_bytes=778
velvet	crush-portfolio	1	Velvet/Examples/SumOfDigits.lean|SumOfDigits_correct|3871074223281074707	SumOfDigits_correct	3871074223281074707	core-reconstructed	rule-gap	core-directed reconstruction succeeded	291987291	collect=175917,pre-reconstruct=705000,normalize=894583,monomorphize=17375,instantiate=13345750,translate=3173041,solve=61640833,replay=200185750,reconstruct=11849042	
velvet	crush-portfolio	1	Velvet/Examples/TestLoopControl.lean|test1_correct|4791612905070682933	test1_correct	4791612905070682933	alethe-reconstructed	success	Alethe certificate replay succeeded	951071335	collect=2527959,pre-reconstruct=4132584,normalize=2375083,monomorphize=119541,instantiate=266334,translate=6356250,solve=49221459,replay=886072125	certificate_commands=89,certificate_assumes=8,certificate_steps=81,certificate_anchors=0,certificate_sexp_nodes=1516,certificate_bytes=6272
velvet	crush-portfolio	1	Velvet/Examples/TestLoopControl.lean|test1_correct|4635955882467741603	test1_correct	4635955882467741603	alethe-reconstructed	success	Alethe certificate replay succeeded	248532794	collect=160292,pre-reconstruct=2115125,normalize=1355250,monomorphize=14084,instantiate=28709,translate=1401125,solve=58936917,replay=184521292	certificate_commands=24,certificate_assumes=8,certificate_steps=16,certificate_anchors=0,certificate_sexp_nodes=373,certificate_bytes=1486
velvet	crush-portfolio	1	Velvet/Examples/TestLoopControl.lean|test1_correct|4791612905070682933	test1_correct	4791612905070682933	alethe-reconstructed	success	Alethe certificate replay succeeded	809868834	collect=154459,pre-reconstruct=2090666,normalize=1171750,monomorphize=14083,instantiate=28084,translate=1425208,solve=40543709,replay=764440875	certificate_commands=83,certificate_assumes=8,certificate_steps=75,certificate_anchors=0,certificate_sexp_nodes=1400,certificate_bytes=5787
velvet	crush-portfolio	1	Velvet/Examples/TestLoopControl.lean|test1_correct|4982008840348523404	test1_correct	4982008840348523404	alethe-reconstructed	success	Alethe certificate replay succeeded	457607625	collect=152250,pre-reconstruct=927167,normalize=737000,monomorphize=13667,instantiate=30125,translate=1178125,solve=30622333,replay=423946958	certificate_commands=66,certificate_assumes=10,certificate_steps=55,certificate_anchors=1,certificate_sexp_nodes=995,certificate_bytes=4472
velvet	crush-portfolio	1	Velvet/Examples/TestLoopControl.lean|test1_correct|14929476196725773389	test1_correct	14929476196725773389	alethe-reconstructed	success	Alethe certificate replay succeeded	71439291	collect=131750,pre-reconstruct=1039292,normalize=528041,monomorphize=12166,instantiate=27833,translate=874417,solve=40901292,replay=27924500	certificate_commands=15,certificate_assumes=3,certificate_steps=12,certificate_anchors=0,certificate_sexp_nodes=201,certificate_bytes=830
velvet	crush-portfolio	1	Velvet/Examples/TestLoopControl.lean|test1_correct|2311107858308393802	test1_correct	2311107858308393802	alethe-reconstructed	success	Alethe certificate replay succeeded	1208378375	collect=156917,pre-reconstruct=158208,normalize=706166,monomorphize=12875,instantiate=34541,translate=1344084,solve=53920250,replay=1152045334	certificate_commands=219,certificate_assumes=20,certificate_steps=193,certificate_anchors=6,certificate_sexp_nodes=3211,certificate_bytes=15527
velvet	crush-portfolio	1	Velvet/Examples/TestLoopControl.lean|test2_correct|4791612905070682933	test2_correct	4791612905070682933	alethe-reconstructed	success	Alethe certificate replay succeeded	963539252	collect=620584,pre-reconstruct=1937584,normalize=1153917,monomorphize=14250,instantiate=28209,translate=1767291,solve=43807625,replay=914209792	certificate_commands=84,certificate_assumes=9,certificate_steps=75,certificate_anchors=0,certificate_sexp_nodes=1424,certificate_bytes=5867
velvet	crush-portfolio	1	Velvet/Examples/TestLoopControl.lean|test2_correct|817407402121334710	test2_correct	817407402121334710	alethe-reconstructed	success	Alethe certificate replay succeeded	509970292	collect=139875,pre-reconstruct=667083,normalize=633084,monomorphize=13209,instantiate=27291,translate=1065292,solve=43788291,replay=463636167	certificate_commands=84,certificate_assumes=13,certificate_steps=69,certificate_anchors=2,certificate_sexp_nodes=1193,certificate_bytes=5491
velvet	crush-portfolio	1	Velvet/Examples/TestLoopControl.lean|test2_correct|14929476196725773389	test2_correct	14929476196725773389	alethe-reconstructed	success	Alethe certificate replay succeeded	65916544	collect=131667,pre-reconstruct=1018917,normalize=495042,monomorphize=12292,instantiate=28792,translate=867167,solve=35421375,replay=27941292	certificate_commands=15,certificate_assumes=3,certificate_steps=12,certificate_anchors=0,certificate_sexp_nodes=201,certificate_bytes=830
velvet	crush-portfolio	1	Velvet/Examples/TestLoopControl.lean|test2_correct|2311107858308393802	test2_correct	2311107858308393802	alethe-reconstructed	success	Alethe certificate replay succeeded	283276458	collect=149250,pre-reconstruct=117792,normalize=677583,monomorphize=13708,instantiate=31417,translate=1338375,solve=42652417,replay=238295916	certificate_commands=49,certificate_assumes=12,certificate_steps=37,certificate_anchors=0,certificate_sexp_nodes=799,certificate_bytes=3363
velvet	crush-portfolio	1	Velvet/Examples/TestLoopControl.lean|sum_even_correct|8140981983620881888	sum_even_correct	8140981983620881888	selected-fact	not-attempted	closed from a selected Lean fact	210125	collect=210125	
velvet	crush-portfolio	1	Velvet/Examples/TestLoopControl.lean|sum_even_correct|13972406881857011341	sum_even_correct	13972406881857011341	core-reconstructed	certificate-error	core-directed reconstruction succeeded	649549917	collect=217042,pre-reconstruct=63586667,normalize=795417,monomorphize=41000,instantiate=436234125,translate=18895625,solve=39205583,replay=52958,reconstruct=90521500	
velvet	crush-portfolio	1	Velvet/Examples/TestLoopControl.lean|sum_even_correct|8140981983620881888	sum_even_correct	8140981983620881888	selected-fact	not-attempted	closed from a selected Lean fact	199500	collect=199500	
velvet	crush-portfolio	1	Velvet/Examples/TestLoopControl.lean|sum_even_correct|2763434902891560151	sum_even_correct	2763434902891560151	core-reconstructed	certificate-error	core-directed reconstruction succeeded	876620876	collect=171584,pre-reconstruct=261201125,normalize=1017791,monomorphize=19083,instantiate=485517708,translate=21824917,solve=68098459,replay=18917,reconstruct=38751292	
velvet	crush-portfolio	1	Velvet/Examples/TestLoopControl.lean|sum_even_correct|12910903814107581038	sum_even_correct	12910903814107581038	core-reconstructed	certificate-error	core-directed reconstruction succeeded	442800667	collect=328792,pre-reconstruct=66113875,normalize=372916,monomorphize=24292,instantiate=284400417,translate=18775708,solve=29977167,replay=18000,reconstruct=42789500	
velvet	crush-portfolio	1	Velvet/Examples/TestLoopControl.lean|sum_even_correct|8811351339800985865	sum_even_correct	8811351339800985865	core-reconstructed	certificate-error	core-directed reconstruction succeeded	42468624	collect=219625,pre-reconstruct=560042,normalize=206000,monomorphize=18083,instantiate=1611625,translate=8035458,solve=29028375,replay=17833,reconstruct=2771583	
velvet	crush-portfolio	1	Velvet/Examples/TestMatch.lean|test3_correct|12313593517213863317	test3_correct	12313593517213863317	alethe-reconstructed	success	Alethe certificate replay succeeded	97777249	collect=2070708,pre-reconstruct=611167,normalize=1119791,monomorphize=90083,instantiate=212084,translate=4746083,solve=40594750,replay=48332583	certificate_commands=15,certificate_assumes=7,certificate_steps=8,certificate_anchors=0,certificate_sexp_nodes=169,certificate_bytes=695
velvet	crush-portfolio	1	Velvet/Examples/TestMatch.lean|test3_correct|5915416142655103160	test3_correct	5915416142655103160	alethe-reconstructed	success	Alethe certificate replay succeeded	1065954043	collect=161125,pre-reconstruct=943750,normalize=522250,monomorphize=16042,instantiate=27125,translate=1778084,solve=48467542,replay=1014038125	certificate_commands=121,certificate_assumes=16,certificate_steps=103,certificate_anchors=2,certificate_sexp_nodes=1874,certificate_bytes=8797
velvet	crush-portfolio	1	Velvet/Examples/Total_Partial_example.lean|insertionSort_part_correct|1993702872115081742	insertionSort_part_correct	14354530589729947841	core-reconstructed	certificate-error	core-directed reconstruction succeeded	133030998	collect=558791,pre-reconstruct=2097375,normalize=286083,monomorphize=5876958,instantiate=41186083,translate=16168083,solve=38351042,replay=150500,reconstruct=28356083	
velvet	crush-portfolio	1	Velvet/Examples/Total_Partial_example.lean|insertionSort_part_correct|1066791641437412485	insertionSort_part_correct	1066791641437412485	core-reconstructed	certificate-error	core-directed reconstruction succeeded	158964875	collect=330875,pre-reconstruct=2947625,normalize=2364834,monomorphize=9882666,instantiate=61095083,translate=16482500,solve=41256917,replay=16084,reconstruct=24588291	
velvet	crush-portfolio	1	Velvet/Examples/Total_Partial_example.lean|insertionSort_part_correct|8472930623785656869	insertionSort_part_correct	18353889382475767599	reconstruction-failed	certificate-error	core-directed reconstruction did not close the goal	6410308624	collect=300042,pre-reconstruct=715434416,normalize=2676791,monomorphize=27644750,instantiate=179399875,translate=54453791,solve=1855216417,replay=14959,reconstruct=3575167583	
velvet	crush-portfolio	1	Velvet/Examples/Total_Partial_example.lean|insertionSort_part_correct|2816846931760221370	insertionSort_part_correct	2816846931760221370	core-reconstructed	certificate-error	core-directed reconstruction succeeded	189875708	collect=287416,pre-reconstruct=4658333,normalize=2318500,monomorphize=12058958,instantiate=62521583,translate=17811042,solve=38708209,replay=14625,reconstruct=51497042	
velvet	crush-portfolio	1	Velvet/Examples/Total_Partial_example.lean|insertionSort_part_correct|1066791641437412485	insertionSort_part_correct	1066791641437412485	core-reconstructed	certificate-error	core-directed reconstruction succeeded	150290459	collect=295125,pre-reconstruct=3812792,normalize=2510125,monomorphize=10799917,instantiate=69482833,translate=18737000,solve=31850959,replay=16500,reconstruct=12785208	
velvet	crush-portfolio	1	Velvet/Examples/Total_Partial_example.lean|insertionSort_part_correct|14825588553610653054	insertionSort_part_correct	13858382852922432078	unknown	not-attempted	solver exited without a verdict	10433347165	collect=261042,pre-reconstruct=65046583,normalize=2402958,monomorphize=11657625,instantiate=211728291,translate=41864500,solve=5028921750,translate-fallback=44346208,solve-fallback=5027118208	
velvet	crush-portfolio	1	Velvet/Examples/Total_Partial_example.lean|insertionSort_part_correct|16465886849738339639	insertionSort_part_correct	13858382852922432078	core-reconstructed	certificate-error	core-directed reconstruction succeeded	205708916	collect=269125,pre-reconstruct=11226041,normalize=2385291,monomorphize=10458333,instantiate=42371750,translate=15705833,solve=108490334,replay=15584,reconstruct=14786625	
velvet	crush-portfolio	1	Velvet/Examples/Total_Partial_example.lean|insertionSort_part_correct|5918835836158453730	insertionSort_part_correct	5918835836158453730	selected-fact	not-attempted	closed from a selected Lean fact	240292	collect=240292	
velvet	crush-portfolio	1	Velvet/Examples/Total_Partial_example.lean|insertionSort_part_correct|12155028420956038391	insertionSort_part_correct	12155028420956038391	core-reconstructed	certificate-error	core-directed reconstruction succeeded	79173375	collect=205209,pre-reconstruct=1222000,normalize=1141833,monomorphize=5852583,instantiate=1215542,translate=6296917,solve=58936875,replay=16250,reconstruct=4286166	
velvet	crush-portfolio	1	Velvet/Examples/Total_Partial_example.lean|insertionSort_part_correct|14852526092468225565	insertionSort_part_correct	139088297960392149	core-reconstructed	certificate-error	core-directed reconstruction succeeded	216086875	collect=236791,pre-reconstruct=6338083,normalize=1558209,monomorphize=8226833,instantiate=41250125,translate=12413875,solve=91758042,replay=15584,reconstruct=54289333	
velvet	crush-portfolio	1	Velvet/Examples/Total_Partial_example.lean|insertionSort_part_correct|4477598582358312981	insertionSort_part_correct	4477598582358312981	core-reconstructed	certificate-error	core-directed reconstruction succeeded	96749292	collect=278709,pre-reconstruct=3018375,normalize=2289500,monomorphize=10128959,instantiate=1858916,translate=10094709,solve=53744667,replay=16291,reconstruct=15319166	
velvet	crush-portfolio	1	Velvet/Examples/Total_Partial_example.lean|insertionSort_part_correct|7903702650473013145	insertionSort_part_correct	17272444315034915638	core-reconstructed	certificate-error	core-directed reconstruction succeeded	234291375	collect=292166,pre-reconstruct=19901833,normalize=2950000,monomorphize=11625750,instantiate=45912542,translate=16712750,solve=102082667,replay=17208,reconstruct=34796459	
velvet	crush-portfolio	1	Velvet/Examples/Total_Partial_example.lean|insertionSort_part_correct|11248877774576345437	insertionSort_part_correct	139088297960392149	core-reconstructed	certificate-error	core-directed reconstruction succeeded	197033792	collect=277125,pre-reconstruct=1335541,normalize=1442042,monomorphize=8129375,instantiate=45673375,translate=13645583,solve=109355750,replay=19292,reconstruct=17155709	
velvet	crush-portfolio	1	Velvet/Examples/Total_Partial_example.lean|insertionSort_part_correct|6709257883257101731	insertionSort_part_correct	6709257883257101731	selected-fact	not-attempted	closed from a selected Lean fact	214250	collect=214250	
velvet	crush-portfolio	1	Velvet/Examples/Total_Partial_example.lean|insertionSort_part_correct|16576486626369642801	insertionSort_part_correct	16576486626369642801	core-reconstructed	certificate-error	core-directed reconstruction succeeded	86068292	collect=108125,pre-reconstruct=369625,normalize=87000,monomorphize=2388917,instantiate=692000,translate=4033625,solve=63762500,replay=19750,reconstruct=14606750	
velvet	crush-portfolio	1	Velvet/Examples/Total_Partial_example.lean|insertionSort_part_correct|11235314628722112900	insertionSort_part_correct	14354530589729947841	core-reconstructed	certificate-error	core-directed reconstruction succeeded	131651334	collect=173917,pre-reconstruct=494083,normalize=123750,monomorphize=5217084,instantiate=44267958,translate=10224375,solve=55366750,replay=15750,reconstruct=15767667	
velvet	crush-portfolio	1	Velvet/Examples/Total_Partial_example.lean|insertionSort_part_correct|18214290959922115111	insertionSort_part_correct	17272444315034915638	core-reconstructed	certificate-error	core-directed reconstruction succeeded	1732074543	collect=239834,pre-reconstruct=10078708,normalize=1555583,monomorphize=7956542,instantiate=41988417,translate=13317542,solve=93524334,replay=14792,reconstruct=1563398791	
velvet	crush-portfolio	1	Velvet/Examples/Total_Partial_example.lean|insertionSort_termination_correct|11568103068982921353	insertionSort_termination_correct	11568103068982921353	core-reconstructed	certificate-error	core-directed reconstruction succeeded	144240293	collect=202417,pre-reconstruct=509916,normalize=1163917,monomorphize=5772334,instantiate=57639875,translate=13617125,solve=41734167,replay=15458,reconstruct=23585084	
velvet	crush-portfolio	1	Velvet/Examples/Total_Partial_example.lean|insertionSort_termination_correct|11568103068982921353	insertionSort_termination_correct	11568103068982921353	core-reconstructed	certificate-error	core-directed reconstruction succeeded	137366792	collect=213083,pre-reconstruct=546459,normalize=1204083,monomorphize=5867083,instantiate=59993500,translate=13147459,solve=42572667,replay=17458,reconstruct=13805000	
velvet	crush-portfolio	1	Velvet/Examples/Total_Partial_example.lean|insertionSort_termination_correct|5918835836158453730	insertionSort_termination_correct	5918835836158453730	selected-fact	not-attempted	closed from a selected Lean fact	206375	collect=206375	
velvet	crush-portfolio	1	Velvet/Examples/Total_Partial_example.lean|insertionSort_termination_correct|4477598582358312981	insertionSort_termination_correct	4477598582358312981	core-reconstructed	certificate-error	core-directed reconstruction succeeded	65469958	collect=180375,pre-reconstruct=487208,normalize=1197208,monomorphize=4388458,instantiate=1183000,translate=6532583,solve=37313000,replay=14084,reconstruct=14174042	
velvet	crush-portfolio	1	Velvet/Examples/Total_Partial_example.lean|insertionSort_termination_correct|18088860687919872176	insertionSort_termination_correct	18088860687919872176	core-reconstructed	certificate-error	core-directed reconstruction succeeded	97668791	collect=217958,pre-reconstruct=545708,normalize=1216166,monomorphize=5059083,instantiate=1256250,translate=6536417,solve=44682667,replay=16542,reconstruct=38138000	
velvet	crush-portfolio	1	Velvet/Examples/Total_Partial_example.lean|insertionSort_termination_correct|6709257883257101731	insertionSort_termination_correct	6709257883257101731	selected-fact	not-attempted	closed from a selected Lean fact	208541	collect=208541	
velvet	crush-portfolio	1	Velvet/Examples/Total_Partial_example.lean|insertionSort_termination_correct|16576486626369642801	insertionSort_termination_correct	16576486626369642801	core-reconstructed	certificate-error	core-directed reconstruction succeeded	56615209	collect=112292,pre-reconstruct=405000,normalize=88625,monomorphize=2439542,instantiate=683333,translate=3689917,solve=36646625,replay=20250,reconstruct=12529625	
