suite	backend	ref	commit	toolchain	repeat	file	proof	vc	goal_hash	status	category	milliseconds	message	goal
loom	auto	origin/master	78928abc9054b31d0bea85985496490baae95244	leanprover/lean4:v4.24.0	1	LoomBackend.lean	_example	16574041739855843339	16574041739855843339	pass	-	178	-	balance = oldBalance - amount
loom	auto	origin/master	78928abc9054b31d0bea85985496490baae95244	leanprover/lean4:v4.24.0	1	LoomBackend.lean	_example	17176297989995940323	17176297989995940323	pass	-	66	-	∀ j < i + 1, arr j ≤ mx'
loom	auto	origin/master	78928abc9054b31d0bea85985496490baae95244	leanprover/lean4:v4.24.0	1	LoomBackend.lean	_example	773944412226978707	773944412226978707	pass	-	63	-	∀ j ≤ i, arr' j ≤ key
loom	auto	origin/master	78928abc9054b31d0bea85985496490baae95244	leanprover/lean4:v4.24.0	1	LoomBackend.lean	_example	11766715760782255510	11766715760782255510	pass	-	45	-	sum + rest = total ∧ 0 ≤ sum
loom	crush	origin/crush-backend	ec16b95ff8bbd047248de031cabd3160847e4b1b	leanprover/lean4:v4.32.2	1	LoomBackend.lean	_example	16574041739855843339	16574041739855843339	pass	-	220	-	balance = oldBalance - amount
loom	crush	origin/crush-backend	ec16b95ff8bbd047248de031cabd3160847e4b1b	leanprover/lean4:v4.32.2	1	LoomBackend.lean	_example	17176297989995940323	17176297989995940323	pass	-	193	-	∀ j < i + 1, arr j ≤ mx'
loom	crush	origin/crush-backend	ec16b95ff8bbd047248de031cabd3160847e4b1b	leanprover/lean4:v4.32.2	1	LoomBackend.lean	_example	773944412226978707	773944412226978707	pass	-	210	-	∀ j ≤ i, arr' j ≤ key
loom	crush	origin/crush-backend	ec16b95ff8bbd047248de031cabd3160847e4b1b	leanprover/lean4:v4.32.2	1	LoomBackend.lean	_example	11766715760782255510	11766715760782255510	pass	-	92	-	sum + rest = total ∧ 0 ≤ sum
cashmere	auto	origin/master	78928abc9054b31d0bea85985496490baae95244	leanprover/lean4:v4.24.0	1	CaseStudies/Cashmere/Cashmere.lean	withdraw_correct	1631738648950044227	1631738648950044227	pass	-	187	-	x - ↑amount + ↑amount = balanceOld
cashmere	auto	origin/master	78928abc9054b31d0bea85985496490baae95244	leanprover/lean4:v4.24.0	1	CaseStudies/Cashmere/Cashmere.lean	withdrawSession_correct	11756138257855701010	11756138257855701010	fail	tactic	190	backend returned without closing the goal	balance - ↑tmp.head! + ↑amounts.sum = x + ↑tmp.tail.sum
cashmere	auto	origin/master	78928abc9054b31d0bea85985496490baae95244	leanprover/lean4:v4.24.0	1	CaseStudies/Cashmere/Cashmere.lean	withdrawSession_correct	2825169037077011539	2825169037077011539	pass	-	91	-	balance + ↑amounts.sum = x + ↑tmp.sum
cashmere	auto	origin/master	78928abc9054b31d0bea85985496490baae95244	leanprover/lean4:v4.24.0	1	CaseStudies/Cashmere/Cashmere.lean	withdrawSession_correct	14833385480787993856	14833385480787993856	pass	-	89	-	¬tmp.nonEmpty
cashmere	auto	origin/master	78928abc9054b31d0bea85985496490baae95244	leanprover/lean4:v4.24.0	1	CaseStudies/Cashmere/Cashmere.lean	withdrawSession_correct	15214630116673553496	15214630116673553496	fail	tactic	191	backend returned without closing the goal	i + ↑amounts.sum = balanceOld
cashmere	auto	origin/master	78928abc9054b31d0bea85985496490baae95244	leanprover/lean4:v4.24.0	1	CaseStudies/Cashmere/Cashmere.lean	withdrawSessionTot_correct	11756138257855701010	11756138257855701010	fail	tactic	181	backend returned without closing the goal	balance - ↑tmp.head! + ↑amounts.sum = x + ↑tmp.tail.sum
cashmere	auto	origin/master	78928abc9054b31d0bea85985496490baae95244	leanprover/lean4:v4.24.0	1	CaseStudies/Cashmere/Cashmere.lean	withdrawSessionTot_correct	2592897230707726799	2592897230707726799	fail	tactic	128	backend returned without closing the goal	tmp.tail.length < tmp.length
cashmere	auto	origin/master	78928abc9054b31d0bea85985496490baae95244	leanprover/lean4:v4.24.0	1	CaseStudies/Cashmere/Cashmere.lean	withdrawSessionTot_correct	2825169037077011539	2825169037077011539	pass	-	91	-	balance + ↑amounts.sum = x + ↑tmp.sum
cashmere	auto	origin/master	78928abc9054b31d0bea85985496490baae95244	leanprover/lean4:v4.24.0	1	CaseStudies/Cashmere/Cashmere.lean	withdrawSessionTot_correct	14833385480787993856	14833385480787993856	pass	-	89	-	¬tmp.nonEmpty
cashmere	auto	origin/master	78928abc9054b31d0bea85985496490baae95244	leanprover/lean4:v4.24.0	1	CaseStudies/Cashmere/Cashmere.lean	withdrawSessionTot_correct	15214630116673553496	15214630116673553496	fail	tactic	188	backend returned without closing the goal	i + ↑amounts.sum = balanceOld
cashmere	auto	origin/master	78928abc9054b31d0bea85985496490baae95244	leanprover/lean4:v4.24.0	1	CaseStudies/Cashmere/Cashmere.lean	withdrawSessionExcept_correct	12346872860079934512	12346872860079934512	fail	tactic	166	backend returned without closing the goal	False
cashmere	auto	origin/master	78928abc9054b31d0bea85985496490baae95244	leanprover/lean4:v4.24.0	1	CaseStudies/Cashmere/Cashmere.lean	withdrawSessionExcept_correct	11756138257855701010	11756138257855701010	fail	tactic	191	backend returned without closing the goal	balance - ↑tmp.head! + ↑amounts.sum = x + ↑tmp.tail.sum
cashmere	auto	origin/master	78928abc9054b31d0bea85985496490baae95244	leanprover/lean4:v4.24.0	1	CaseStudies/Cashmere/Cashmere.lean	withdrawSessionExcept_correct	12800241106604992563	12800241106604992563	fail	tactic	179	backend returned without closing the goal	balance - ↑tmp.head! ≥ ↑tmp.tail.sum
cashmere	auto	origin/master	78928abc9054b31d0bea85985496490baae95244	leanprover/lean4:v4.24.0	1	CaseStudies/Cashmere/Cashmere.lean	withdrawSessionExcept_correct	2592897230707726799	2592897230707726799	fail	tactic	184	backend returned without closing the goal	tmp.tail.length < tmp.length
cashmere	auto	origin/master	78928abc9054b31d0bea85985496490baae95244	leanprover/lean4:v4.24.0	1	CaseStudies/Cashmere/Cashmere.lean	withdrawSessionExcept_correct	2825169037077011539	2825169037077011539	pass	-	96	-	balance + ↑amounts.sum = x + ↑tmp.sum
cashmere	auto	origin/master	78928abc9054b31d0bea85985496490baae95244	leanprover/lean4:v4.24.0	1	CaseStudies/Cashmere/Cashmere.lean	withdrawSessionExcept_correct	14810769858554953377	14810769858554953377	pass	-	92	-	balance ≥ ↑tmp.sum
cashmere	auto	origin/master	78928abc9054b31d0bea85985496490baae95244	leanprover/lean4:v4.24.0	1	CaseStudies/Cashmere/Cashmere.lean	withdrawSessionExcept_correct	14833385480787993856	14833385480787993856	pass	-	92	-	¬tmp.nonEmpty
cashmere	auto	origin/master	78928abc9054b31d0bea85985496490baae95244	leanprover/lean4:v4.24.0	1	CaseStudies/Cashmere/Cashmere.lean	withdrawSessionExcept_correct	8275436438937433806	8275436438937433806	pass	-	60	-	x ≥ ↑amounts.sum
cashmere	auto	origin/master	78928abc9054b31d0bea85985496490baae95244	leanprover/lean4:v4.24.0	1	CaseStudies/Cashmere/Cashmere.lean	withdrawSessionExcept_correct	15214630116673553496	15214630116673553496	fail	tactic	185	backend returned without closing the goal	i + ↑amounts.sum = balanceOld
cashmere	auto	origin/master	78928abc9054b31d0bea85985496490baae95244	leanprover/lean4:v4.24.0	1	CaseStudies/Cashmere/Cashmere.lean	withdrawSessionExcept_correct	684110104125275636	684110104125275636	pass	-	161	-	i ≥ 0
cashmere	auto	origin/master	78928abc9054b31d0bea85985496490baae95244	leanprover/lean4:v4.24.0	1	CaseStudies/Cashmere/Cashmere.lean	withdrawSessionNonDet_correct	10455387604875970312	10455387604875970312	fail	tactic	84	backend returned without closing the goal	∃ h, ↑h.sum ≤ x
cashmere	auto	origin/master	78928abc9054b31d0bea85985496490baae95244	leanprover/lean4:v4.24.0	1	CaseStudies/Cashmere/Cashmere.lean	withdrawSessionNonDet_correct	12346872860079934512	12346872860079934512	fail	tactic	169	backend returned without closing the goal	False
cashmere	auto	origin/master	78928abc9054b31d0bea85985496490baae95244	leanprover/lean4:v4.24.0	1	CaseStudies/Cashmere/Cashmere.lean	withdrawSessionNonDet_correct	9920644537135092340	9920644537135092340	fail	tactic	194	backend returned without closing the goal	balance - ↑tmp.head! + ↑i_1.sum = x + ↑tmp.tail.sum
cashmere	auto	origin/master	78928abc9054b31d0bea85985496490baae95244	leanprover/lean4:v4.24.0	1	CaseStudies/Cashmere/Cashmere.lean	withdrawSessionNonDet_correct	2592897230707726799	2592897230707726799	fail	tactic	180	backend returned without closing the goal	tmp.tail.length < tmp.length
cashmere	auto	origin/master	78928abc9054b31d0bea85985496490baae95244	leanprover/lean4:v4.24.0	1	CaseStudies/Cashmere/Cashmere.lean	withdrawSessionNonDet_correct	8954427794409453576	8954427794409453576	pass	-	100	-	balance + ↑i_1.sum = x + ↑tmp.sum
cashmere	auto	origin/master	78928abc9054b31d0bea85985496490baae95244	leanprover/lean4:v4.24.0	1	CaseStudies/Cashmere/Cashmere.lean	withdrawSessionNonDet_correct	14833385480787993856	14833385480787993856	pass	-	99	-	¬tmp.nonEmpty
cashmere	auto	origin/master	78928abc9054b31d0bea85985496490baae95244	leanprover/lean4:v4.24.0	1	CaseStudies/Cashmere/Cashmere.lean	withdrawSessionNonDet_correct	5928940248694370277	5928940248694370277	fail	tactic	206	backend returned without closing the goal	i_3 + ↑i_1.sum = balanceOld
cashmere	auto	origin/master	78928abc9054b31d0bea85985496490baae95244	leanprover/lean4:v4.24.0	1	CaseStudies/Cashmere/Cashmere.lean	withdrawSessionNonDet_correct	12566989642252477834	12566989642252477834	pass	-	165	-	i_3 ≥ 0
cashmere	auto	origin/master	78928abc9054b31d0bea85985496490baae95244	leanprover/lean4:v4.24.0	1	CaseStudies/Cashmere/CashmereIncorrectnessLogic.lean	withdrawSessionAngelic_correct	9427426964918022923	9427426964918022923	fail	tactic	2	backend returned without closing the goal	True
cashmere	auto	origin/master	78928abc9054b31d0bea85985496490baae95244	leanprover/lean4:v4.24.0	1	CaseStudies/Cashmere/CashmereIncorrectnessLogic.lean	withdrawSessionAngelic_correct	1587904245978985587	1587904245978985587	pass	-	162	-	balance - ↑amounts.head! ≥ 0
cashmere	auto	origin/master	78928abc9054b31d0bea85985496490baae95244	leanprover/lean4:v4.24.0	1	CaseStudies/Cashmere/CashmereIncorrectnessLogic.lean	withdrawSessionAngelic_correct	12290697138917920290	12290697138917920290	fail	tactic	177	backend returned without closing the goal	balance - ↑amounts.head! < ↑amounts.tail.sum
cashmere	auto	origin/master	78928abc9054b31d0bea85985496490baae95244	leanprover/lean4:v4.24.0	1	CaseStudies/Cashmere/CashmereIncorrectnessLogic.lean	withdrawSessionAngelic_correct	6449264834289021715	6449264834289021715	fail	tactic	168	backend returned without closing the goal	amounts.tail.length < amounts.length
cashmere	auto	origin/master	78928abc9054b31d0bea85985496490baae95244	leanprover/lean4:v4.24.0	1	CaseStudies/Cashmere/CashmereIncorrectnessLogic.lean	withdrawSessionAngelic_correct	11664442347342473650	11664442347342473650	pass	-	111	-	balance ≥ 0
cashmere	auto	origin/master	78928abc9054b31d0bea85985496490baae95244	leanprover/lean4:v4.24.0	1	CaseStudies/Cashmere/CashmereIncorrectnessLogic.lean	withdrawSessionAngelic_correct	6579164554781296205	6579164554781296205	pass	-	112	-	balance < ↑amounts.sum
cashmere	auto	origin/master	78928abc9054b31d0bea85985496490baae95244	leanprover/lean4:v4.24.0	1	CaseStudies/Cashmere/CashmereIncorrectnessLogic.lean	withdrawSessionAngelic_correct	7126761714196821540	7126761714196821540	pass	-	111	-	¬amounts.nonEmpty
cashmere	auto	origin/master	78928abc9054b31d0bea85985496490baae95244	leanprover/lean4:v4.24.0	1	CaseStudies/Cashmere/CashmereIncorrectnessLogic.lean	withdrawSessionAngelic_correct	2232656262363782188	2232656262363782188	pass	-	58	-	x ≥ 0
cashmere	auto	origin/master	78928abc9054b31d0bea85985496490baae95244	leanprover/lean4:v4.24.0	1	CaseStudies/Cashmere/CashmereIncorrectnessLogic.lean	withdrawSessionAngelic_correct	15183118018364320695	15183118018364320695	fail	tactic	92	backend returned without closing the goal	∃ x_1, x < ↑x_1.sum
cashmere	auto	origin/master	78928abc9054b31d0bea85985496490baae95244	leanprover/lean4:v4.24.0	1	CaseStudies/Cashmere/CashmereIncorrectnessLogic.lean	withdrawSessionAngelic_correct	12346872860079934512	12346872860079934512	fail	tactic	211	backend returned without closing the goal	False
cashmere	crush	origin/crush-backend	ec16b95ff8bbd047248de031cabd3160847e4b1b	leanprover/lean4:v4.32.2	1	CaseStudies/Cashmere/Cashmere.lean	withdraw_correct	1631738648950044227	1631738648950044227	pass	-	174	-	x - ↑amount + ↑amount = balanceOld
cashmere	crush	origin/crush-backend	ec16b95ff8bbd047248de031cabd3160847e4b1b	leanprover/lean4:v4.32.2	1	CaseStudies/Cashmere/Cashmere.lean	withdrawSession_correct	11756138257855701010	11756138257855701010	pass	-	340	-	balance - ↑tmp.head! + ↑amounts.sum = x + ↑tmp.tail.sum
cashmere	crush	origin/crush-backend	ec16b95ff8bbd047248de031cabd3160847e4b1b	leanprover/lean4:v4.32.2	1	CaseStudies/Cashmere/Cashmere.lean	withdrawSession_correct	2825169037077011539	2825169037077011539	pass	-	3	-	balance + ↑amounts.sum = x + ↑tmp.sum
cashmere	crush	origin/crush-backend	ec16b95ff8bbd047248de031cabd3160847e4b1b	leanprover/lean4:v4.32.2	1	CaseStudies/Cashmere/Cashmere.lean	withdrawSession_correct	14833385480787993856	14833385480787993856	pass	-	3	-	¬tmp.nonEmpty
cashmere	crush	origin/crush-backend	ec16b95ff8bbd047248de031cabd3160847e4b1b	leanprover/lean4:v4.32.2	1	CaseStudies/Cashmere/Cashmere.lean	withdrawSession_correct	15214630116673553496	15214630116673553496	pass	-	248	-	i + ↑amounts.sum = balanceOld
cashmere	crush	origin/crush-backend	ec16b95ff8bbd047248de031cabd3160847e4b1b	leanprover/lean4:v4.32.2	1	CaseStudies/Cashmere/Cashmere.lean	withdrawSessionTot_correct	11756138257855701010	11756138257855701010	pass	-	339	-	balance - ↑tmp.head! + ↑amounts.sum = x + ↑tmp.tail.sum
cashmere	crush	origin/crush-backend	ec16b95ff8bbd047248de031cabd3160847e4b1b	leanprover/lean4:v4.32.2	1	CaseStudies/Cashmere/Cashmere.lean	withdrawSessionTot_correct	2592897230707726799	2592897230707726799	pass	-	3	-	tmp.tail.length < tmp.length
cashmere	crush	origin/crush-backend	ec16b95ff8bbd047248de031cabd3160847e4b1b	leanprover/lean4:v4.32.2	1	CaseStudies/Cashmere/Cashmere.lean	withdrawSessionTot_correct	2825169037077011539	2825169037077011539	pass	-	2	-	balance + ↑amounts.sum = x + ↑tmp.sum
cashmere	crush	origin/crush-backend	ec16b95ff8bbd047248de031cabd3160847e4b1b	leanprover/lean4:v4.32.2	1	CaseStudies/Cashmere/Cashmere.lean	withdrawSessionTot_correct	14833385480787993856	14833385480787993856	pass	-	3	-	¬tmp.nonEmpty
cashmere	crush	origin/crush-backend	ec16b95ff8bbd047248de031cabd3160847e4b1b	leanprover/lean4:v4.32.2	1	CaseStudies/Cashmere/Cashmere.lean	withdrawSessionTot_correct	15214630116673553496	15214630116673553496	pass	-	287	-	i + ↑amounts.sum = balanceOld
cashmere	crush	origin/crush-backend	ec16b95ff8bbd047248de031cabd3160847e4b1b	leanprover/lean4:v4.32.2	1	CaseStudies/Cashmere/Cashmere.lean	withdrawSessionExcept_correct	12346872860079934512	12346872860079934512	pass	-	307	-	False
cashmere	crush	origin/crush-backend	ec16b95ff8bbd047248de031cabd3160847e4b1b	leanprover/lean4:v4.32.2	1	CaseStudies/Cashmere/Cashmere.lean	withdrawSessionExcept_correct	11756138257855701010	11756138257855701010	pass	-	345	-	balance - ↑tmp.head! + ↑amounts.sum = x + ↑tmp.tail.sum
cashmere	crush	origin/crush-backend	ec16b95ff8bbd047248de031cabd3160847e4b1b	leanprover/lean4:v4.32.2	1	CaseStudies/Cashmere/Cashmere.lean	withdrawSessionExcept_correct	12800241106604992563	12800241106604992563	pass	-	295	-	balance - ↑tmp.head! ≥ ↑tmp.tail.sum
cashmere	crush	origin/crush-backend	ec16b95ff8bbd047248de031cabd3160847e4b1b	leanprover/lean4:v4.32.2	1	CaseStudies/Cashmere/Cashmere.lean	withdrawSessionExcept_correct	2592897230707726799	2592897230707726799	pass	-	6	-	tmp.tail.length < tmp.length
cashmere	crush	origin/crush-backend	ec16b95ff8bbd047248de031cabd3160847e4b1b	leanprover/lean4:v4.32.2	1	CaseStudies/Cashmere/Cashmere.lean	withdrawSessionExcept_correct	2825169037077011539	2825169037077011539	pass	-	3	-	balance + ↑amounts.sum = x + ↑tmp.sum
cashmere	crush	origin/crush-backend	ec16b95ff8bbd047248de031cabd3160847e4b1b	leanprover/lean4:v4.32.2	1	CaseStudies/Cashmere/Cashmere.lean	withdrawSessionExcept_correct	14810769858554953377	14810769858554953377	pass	-	2	-	balance ≥ ↑tmp.sum
cashmere	crush	origin/crush-backend	ec16b95ff8bbd047248de031cabd3160847e4b1b	leanprover/lean4:v4.32.2	1	CaseStudies/Cashmere/Cashmere.lean	withdrawSessionExcept_correct	14833385480787993856	14833385480787993856	pass	-	3	-	¬tmp.nonEmpty
cashmere	crush	origin/crush-backend	ec16b95ff8bbd047248de031cabd3160847e4b1b	leanprover/lean4:v4.32.2	1	CaseStudies/Cashmere/Cashmere.lean	withdrawSessionExcept_correct	8275436438937433806	8275436438937433806	pass	-	1	-	x ≥ ↑amounts.sum
cashmere	crush	origin/crush-backend	ec16b95ff8bbd047248de031cabd3160847e4b1b	leanprover/lean4:v4.32.2	1	CaseStudies/Cashmere/Cashmere.lean	withdrawSessionExcept_correct	15214630116673553496	15214630116673553496	pass	-	239	-	i + ↑amounts.sum = balanceOld
cashmere	crush	origin/crush-backend	ec16b95ff8bbd047248de031cabd3160847e4b1b	leanprover/lean4:v4.32.2	1	CaseStudies/Cashmere/Cashmere.lean	withdrawSessionExcept_correct	684110104125275636	684110104125275636	pass	-	230	-	i ≥ 0
cashmere	crush	origin/crush-backend	ec16b95ff8bbd047248de031cabd3160847e4b1b	leanprover/lean4:v4.32.2	1	CaseStudies/Cashmere/Cashmere.lean	withdrawSessionNonDet_correct	10455387604875970312	10455387604875970312	pass	-	10	-	∃ h, ↑h.sum ≤ x
cashmere	crush	origin/crush-backend	ec16b95ff8bbd047248de031cabd3160847e4b1b	leanprover/lean4:v4.32.2	1	CaseStudies/Cashmere/Cashmere.lean	withdrawSessionNonDet_correct	12346872860079934512	12346872860079934512	pass	-	351	-	False
cashmere	crush	origin/crush-backend	ec16b95ff8bbd047248de031cabd3160847e4b1b	leanprover/lean4:v4.32.2	1	CaseStudies/Cashmere/Cashmere.lean	withdrawSessionNonDet_correct	9920644537135092340	9920644537135092340	pass	-	416	-	balance - ↑tmp.head! + ↑i_1.sum = x + ↑tmp.tail.sum
cashmere	crush	origin/crush-backend	ec16b95ff8bbd047248de031cabd3160847e4b1b	leanprover/lean4:v4.32.2	1	CaseStudies/Cashmere/Cashmere.lean	withdrawSessionNonDet_correct	2592897230707726799	2592897230707726799	pass	-	5	-	tmp.tail.length < tmp.length
cashmere	crush	origin/crush-backend	ec16b95ff8bbd047248de031cabd3160847e4b1b	leanprover/lean4:v4.32.2	1	CaseStudies/Cashmere/Cashmere.lean	withdrawSessionNonDet_correct	8954427794409453576	8954427794409453576	pass	-	2	-	balance + ↑i_1.sum = x + ↑tmp.sum
cashmere	crush	origin/crush-backend	ec16b95ff8bbd047248de031cabd3160847e4b1b	leanprover/lean4:v4.32.2	1	CaseStudies/Cashmere/Cashmere.lean	withdrawSessionNonDet_correct	14833385480787993856	14833385480787993856	pass	-	3	-	¬tmp.nonEmpty
cashmere	crush	origin/crush-backend	ec16b95ff8bbd047248de031cabd3160847e4b1b	leanprover/lean4:v4.32.2	1	CaseStudies/Cashmere/Cashmere.lean	withdrawSessionNonDet_correct	5928940248694370277	5928940248694370277	pass	-	321	-	i_3 + ↑i_1.sum = balanceOld
cashmere	crush	origin/crush-backend	ec16b95ff8bbd047248de031cabd3160847e4b1b	leanprover/lean4:v4.32.2	1	CaseStudies/Cashmere/Cashmere.lean	withdrawSessionNonDet_correct	12566989642252477834	12566989642252477834	pass	-	293	-	i_3 ≥ 0
cashmere	crush	origin/crush-backend	ec16b95ff8bbd047248de031cabd3160847e4b1b	leanprover/lean4:v4.32.2	1	CaseStudies/Cashmere/CashmereIncorrectnessLogic.lean	withdrawSessionAngelic_correct	9427426964918022923	9427426964918022923	pass	-	2	-	True
cashmere	crush	origin/crush-backend	ec16b95ff8bbd047248de031cabd3160847e4b1b	leanprover/lean4:v4.32.2	1	CaseStudies/Cashmere/CashmereIncorrectnessLogic.lean	withdrawSessionAngelic_correct	1587904245978985587	1587904245978985587	pass	-	599	-	balance - ↑amounts.head! ≥ 0
cashmere	crush	origin/crush-backend	ec16b95ff8bbd047248de031cabd3160847e4b1b	leanprover/lean4:v4.32.2	1	CaseStudies/Cashmere/CashmereIncorrectnessLogic.lean	withdrawSessionAngelic_correct	12290697138917920290	12290697138917920290	pass	-	635	-	balance - ↑amounts.head! < ↑amounts.tail.sum
cashmere	crush	origin/crush-backend	ec16b95ff8bbd047248de031cabd3160847e4b1b	leanprover/lean4:v4.32.2	1	CaseStudies/Cashmere/CashmereIncorrectnessLogic.lean	withdrawSessionAngelic_correct	6449264834289021715	6449264834289021715	pass	-	6	-	amounts.tail.length < amounts.length
cashmere	crush	origin/crush-backend	ec16b95ff8bbd047248de031cabd3160847e4b1b	leanprover/lean4:v4.32.2	1	CaseStudies/Cashmere/CashmereIncorrectnessLogic.lean	withdrawSessionAngelic_correct	11664442347342473650	11664442347342473650	pass	-	2	-	balance ≥ 0
cashmere	crush	origin/crush-backend	ec16b95ff8bbd047248de031cabd3160847e4b1b	leanprover/lean4:v4.32.2	1	CaseStudies/Cashmere/CashmereIncorrectnessLogic.lean	withdrawSessionAngelic_correct	6579164554781296205	6579164554781296205	pass	-	2	-	balance < ↑amounts.sum
cashmere	crush	origin/crush-backend	ec16b95ff8bbd047248de031cabd3160847e4b1b	leanprover/lean4:v4.32.2	1	CaseStudies/Cashmere/CashmereIncorrectnessLogic.lean	withdrawSessionAngelic_correct	7126761714196821540	7126761714196821540	pass	-	2	-	¬amounts.nonEmpty
cashmere	crush	origin/crush-backend	ec16b95ff8bbd047248de031cabd3160847e4b1b	leanprover/lean4:v4.32.2	1	CaseStudies/Cashmere/CashmereIncorrectnessLogic.lean	withdrawSessionAngelic_correct	2232656262363782188	2232656262363782188	pass	-	244	-	x ≥ 0
cashmere	crush	origin/crush-backend	ec16b95ff8bbd047248de031cabd3160847e4b1b	leanprover/lean4:v4.32.2	1	CaseStudies/Cashmere/CashmereIncorrectnessLogic.lean	withdrawSessionAngelic_correct	15183118018364320695	15183118018364320695	pass	-	301	-	∃ x_1, x < ↑x_1.sum
cashmere	crush	origin/crush-backend	ec16b95ff8bbd047248de031cabd3160847e4b1b	leanprover/lean4:v4.32.2	1	CaseStudies/Cashmere/CashmereIncorrectnessLogic.lean	withdrawSessionAngelic_correct	12346872860079934512	12346872860079934512	pass	-	456	-	False
velvet	auto	origin/master	d254391d5e84546f96576e5b67dfb6bafe9fc301	leanprover/lean4:v4.24.0	1	Velvet/Examples/EncodeDecodeStr.lean	decodeStr'_correct	4325354716326072573	4325354716326072573	pass	-	272	-	0 ≤ i + 1 ∧ i + 1 ≤ encoded_str.size
velvet	auto	origin/master	d254391d5e84546f96576e5b67dfb6bafe9fc301	leanprover/lean4:v4.24.0	1	Velvet/Examples/EncodeDecodeStr.lean	decodeStr'_correct	3233717574493770211	3233717574493770211	fail	tactic	301	backend returned without closing the goal	(decoded ++ Array.replicate encoded_str[i]!.cnt encoded_str[i]!.c).size =   get_cnt_sum (encoded_str.extract 0 (i + 1)).toList
velvet	auto	origin/master	d254391d5e84546f96576e5b67dfb6bafe9fc301	leanprover/lean4:v4.24.0	1	Velvet/Examples/EncodeDecodeStr.lean	decodeStr'_correct	14557075163885871591	14557075163885871591	pass	-	148	-	0 ≤ i ∧ i ≤ encoded_str.size
velvet	auto	origin/master	d254391d5e84546f96576e5b67dfb6bafe9fc301	leanprover/lean4:v4.24.0	1	Velvet/Examples/EncodeDecodeStr.lean	decodeStr'_correct	6384732382134649439	6384732382134649439	pass	-	143	-	decoded.size = get_cnt_sum (encoded_str.extract 0 i).toList
velvet	auto	origin/master	d254391d5e84546f96576e5b67dfb6bafe9fc301	leanprover/lean4:v4.24.0	1	Velvet/Examples/EncodeDecodeStr.lean	decodeStr'_correct	13851523499043008614	13851523499043008614	pass	-	142	-	i = encoded_str.size
velvet	auto	origin/master	d254391d5e84546f96576e5b67dfb6bafe9fc301	leanprover/lean4:v4.24.0	1	Velvet/Examples/EncodeDecodeStr.lean	decodeStr'_correct	8816666150414203262	8816666150414203262	pass	-	93	-	0 ≤ 0 ∧ 0 ≤ encoded_str.size
velvet	auto	origin/master	d254391d5e84546f96576e5b67dfb6bafe9fc301	leanprover/lean4:v4.24.0	1	Velvet/Examples/EncodeDecodeStr.lean	decodeStr'_correct	7432640679462075544	7432640679462075544	fail	tactic	156	backend returned without closing the goal	(Array.replicate 0 'x').size = get_cnt_sum (encoded_str.extract 0 0).toList
velvet	auto	origin/master	d254391d5e84546f96576e5b67dfb6bafe9fc301	leanprover/lean4:v4.24.0	1	Velvet/Examples/EncodeDecodeStr.lean	decodeStr'_correct	9639754685172097330	9639754685172097330	fail	tactic	249	backend returned without closing the goal	i_1.size = get_cnt_sum encoded_str.toList
velvet	auto	origin/master	d254391d5e84546f96576e5b67dfb6bafe9fc301	leanprover/lean4:v4.24.0	1	Velvet/Examples/EncodeDecodeStr.lean	encodeStr_correct	10203002127808532242	10203002127808532242	pass	-	236	-	i < j + 1 ∧ j + 1 ≤ str.size
velvet	auto	origin/master	d254391d5e84546f96576e5b67dfb6bafe9fc301	leanprover/lean4:v4.24.0	1	Velvet/Examples/EncodeDecodeStr.lean	encodeStr_correct	15527439877898811686	15527439877898811686	fail	tactic	274	backend returned without closing the goal	∀ (k : ℕ), i ≤ k → k < j + 1 → str[k]! = str[i]!
velvet	auto	origin/master	d254391d5e84546f96576e5b67dfb6bafe9fc301	leanprover/lean4:v4.24.0	1	Velvet/Examples/EncodeDecodeStr.lean	encodeStr_correct	4253526900314070824	4253526900314070824	pass	-	210	-	i < j ∧ j ≤ str.size
velvet	auto	origin/master	d254391d5e84546f96576e5b67dfb6bafe9fc301	leanprover/lean4:v4.24.0	1	Velvet/Examples/EncodeDecodeStr.lean	encodeStr_correct	17087698223479619887	17087698223479619887	pass	-	222	-	∀ (k : ℕ), i ≤ k → k < j → str[k]! = str[i]!
velvet	auto	origin/master	d254391d5e84546f96576e5b67dfb6bafe9fc301	leanprover/lean4:v4.24.0	1	Velvet/Examples/EncodeDecodeStr.lean	encodeStr_correct	13168721855841554394	13168721855841554394	pass	-	225	-	¬(j < str.size ∧ (str[j]! == str[i]!) = true)
velvet	auto	origin/master	d254391d5e84546f96576e5b67dfb6bafe9fc301	leanprover/lean4:v4.24.0	1	Velvet/Examples/EncodeDecodeStr.lean	encodeStr_correct	8050235650381385355	8050235650381385355	pass	-	179	-	i < i + 1 ∧ i + 1 ≤ str.size
velvet	auto	origin/master	d254391d5e84546f96576e5b67dfb6bafe9fc301	leanprover/lean4:v4.24.0	1	Velvet/Examples/EncodeDecodeStr.lean	encodeStr_correct	3874562368415809942	3874562368415809942	pass	-	189	-	∀ (k : ℕ), i ≤ k → k < i + 1 → str[k]! = str[i]!
velvet	auto	origin/master	d254391d5e84546f96576e5b67dfb6bafe9fc301	leanprover/lean4:v4.24.0	1	Velvet/Examples/EncodeDecodeStr.lean	encodeStr_correct	16403843650363689650	16403843650363689650	pass	-	214	-	0 ≤ j ∧ j ≤ str.size
velvet	auto	origin/master	d254391d5e84546f96576e5b67dfb6bafe9fc301	leanprover/lean4:v4.24.0	1	Velvet/Examples/EncodeDecodeStr.lean	encodeStr_correct	17528322019345720798	17528322019345720798	fail	tactic	312	backend returned without closing the goal	decodeStrLean (encoding.push { cnt := j - i, c := str[i]! }) = str.extract 0 j
velvet	auto	origin/master	d254391d5e84546f96576e5b67dfb6bafe9fc301	leanprover/lean4:v4.24.0	1	Velvet/Examples/EncodeDecodeStr.lean	encodeStr_correct	14846570717984605519	14846570717984605519	fail	tactic	135	backend returned without closing the goal	is_valid_run_sequence (encoding.push { cnt := j - i, c := str[i]! })
velvet	auto	origin/master	d254391d5e84546f96576e5b67dfb6bafe9fc301	leanprover/lean4:v4.24.0	1	Velvet/Examples/EncodeDecodeStr.lean	encodeStr_correct	17345521196864181404	17345521196864181404	pass	-	163	-	0 ≤ i ∧ i ≤ str.size
velvet	auto	origin/master	d254391d5e84546f96576e5b67dfb6bafe9fc301	leanprover/lean4:v4.24.0	1	Velvet/Examples/EncodeDecodeStr.lean	encodeStr_correct	4720720642953332999	4720720642953332999	pass	-	186	-	decodeStrLean encoding = str.extract 0 i
velvet	auto	origin/master	d254391d5e84546f96576e5b67dfb6bafe9fc301	leanprover/lean4:v4.24.0	1	Velvet/Examples/EncodeDecodeStr.lean	encodeStr_correct	16873295595722686018	16873295595722686018	fail	tactic	75	backend returned without closing the goal	is_valid_run_sequence encoding
velvet	auto	origin/master	d254391d5e84546f96576e5b67dfb6bafe9fc301	leanprover/lean4:v4.24.0	1	Velvet/Examples/EncodeDecodeStr.lean	encodeStr_correct	5769627519083430677	5769627519083430677	pass	-	168	-	¬i < str.size
velvet	auto	origin/master	d254391d5e84546f96576e5b67dfb6bafe9fc301	leanprover/lean4:v4.24.0	1	Velvet/Examples/EncodeDecodeStr.lean	encodeStr_correct	15630242782200619292	15630242782200619292	pass	-	66	-	0 ≤ 0 ∧ 0 ≤ str.size
velvet	auto	origin/master	d254391d5e84546f96576e5b67dfb6bafe9fc301	leanprover/lean4:v4.24.0	1	Velvet/Examples/EncodeDecodeStr.lean	encodeStr_correct	4390242841053229048	4390242841053229048	fail	tactic	129	backend returned without closing the goal	decodeStrLean #[] = str.extract 0 0
velvet	auto	origin/master	d254391d5e84546f96576e5b67dfb6bafe9fc301	leanprover/lean4:v4.24.0	1	Velvet/Examples/EncodeDecodeStr.lean	encodeStr_correct	4098508629850130765	4098508629850130765	fail	tactic	11	backend returned without closing the goal	is_valid_run_sequence #[]
velvet	auto	origin/master	d254391d5e84546f96576e5b67dfb6bafe9fc301	leanprover/lean4:v4.24.0	1	Velvet/Examples/EncodeDecodeStr.lean	encodeStr_correct	6449688271898666716	6449688271898666716	fail	tactic	279	backend returned without closing the goal	decodeStrLean i_1 = str
velvet	auto	origin/master	d254391d5e84546f96576e5b67dfb6bafe9fc301	leanprover/lean4:v4.24.0	1	Velvet/Examples/EncodeDecodeStr.lean	encodeStr_correct	3108445719328028112	3108445719328028112	fail	tactic	100	backend returned without closing the goal	is_valid_run_sequence i_1
velvet	auto	origin/master	d254391d5e84546f96576e5b67dfb6bafe9fc301	leanprover/lean4:v4.24.0	1	Velvet/Examples/Examples.lean	insertionSort_correct	6162910358734672275	6162910358734672275	fail	tactic	337	backend returned without closing the goal	((arr_1.set! (mind - 1) arr_1[mind]!).set! mind arr_1[mind - 1]!).size = arrOld.size
velvet	auto	origin/master	d254391d5e84546f96576e5b67dfb6bafe9fc301	leanprover/lean4:v4.24.0	1	Velvet/Examples/Examples.lean	insertionSort_correct	1066791641437412485	1066791641437412485	pass	-	172	-	mind - 1 ≤ n
velvet	auto	origin/master	d254391d5e84546f96576e5b67dfb6bafe9fc301	leanprover/lean4:v4.24.0	1	Velvet/Examples/Examples.lean	insertionSort_correct	9866248891257573647	9866248891257573647	fail	tactic	286	backend returned without closing the goal	∀ (i j : ℕ),   0 ≤ i →     i < j →       j ≤ n →         j ≠ mind - 1 →           ((arr_1.set! (mind - 1) arr_1[mind]!).set! mind arr_1[mind - 1]!)[i]! ≤             ((arr_1.set! (mind - 1) arr_1[mind]!).set! mind arr_1[mind - 1]!)[j]!
velvet	auto	origin/master	d254391d5e84546f96576e5b67dfb6bafe9fc301	leanprover/lean4:v4.24.0	1	Velvet/Examples/Examples.lean	insertionSort_correct	18360837223612973524	18360837223612973524	fail	tactic	264	backend returned without closing the goal	((arr_1.set! (mind - 1) arr_1[mind]!).set! mind arr_1[mind - 1]!).toMultiset = arrOld.toMultiset
velvet	auto	origin/master	d254391d5e84546f96576e5b67dfb6bafe9fc301	leanprover/lean4:v4.24.0	1	Velvet/Examples/Examples.lean	insertionSort_correct	5794584936190196715	5794584936190196715	pass	-	171	-	arr_1.size = arrOld.size
velvet	auto	origin/master	d254391d5e84546f96576e5b67dfb6bafe9fc301	leanprover/lean4:v4.24.0	1	Velvet/Examples/Examples.lean	insertionSort_correct	1066791641437412485	1066791641437412485	pass	-	170	-	mind - 1 ≤ n
velvet	auto	origin/master	d254391d5e84546f96576e5b67dfb6bafe9fc301	leanprover/lean4:v4.24.0	1	Velvet/Examples/Examples.lean	insertionSort_correct	14825588553610653054	14825588553610653054	pass	-	163	-	∀ (i j : ℕ), 0 ≤ i → i < j → j ≤ n → j ≠ mind - 1 → arr_1[i]! ≤ arr_1[j]!
velvet	auto	origin/master	d254391d5e84546f96576e5b67dfb6bafe9fc301	leanprover/lean4:v4.24.0	1	Velvet/Examples/Examples.lean	insertionSort_correct	15257391885382474665	15257391885382474665	pass	-	169	-	arr_1.toMultiset = arrOld.toMultiset
velvet	auto	origin/master	d254391d5e84546f96576e5b67dfb6bafe9fc301	leanprover/lean4:v4.24.0	1	Velvet/Examples/Examples.lean	insertionSort_correct	5794584936190196715	5794584936190196715	pass	-	159	-	arr_1.size = arrOld.size
velvet	auto	origin/master	d254391d5e84546f96576e5b67dfb6bafe9fc301	leanprover/lean4:v4.24.0	1	Velvet/Examples/Examples.lean	insertionSort_correct	12031026870814429192	12031026870814429192	pass	-	163	-	mind ≤ n
velvet	auto	origin/master	d254391d5e84546f96576e5b67dfb6bafe9fc301	leanprover/lean4:v4.24.0	1	Velvet/Examples/Examples.lean	insertionSort_correct	16465886849738339639	16465886849738339639	pass	-	159	-	∀ (i j : ℕ), 0 ≤ i → i < j → j ≤ n → j ≠ mind → arr_1[i]! ≤ arr_1[j]!
velvet	auto	origin/master	d254391d5e84546f96576e5b67dfb6bafe9fc301	leanprover/lean4:v4.24.0	1	Velvet/Examples/Examples.lean	insertionSort_correct	15257391885382474665	15257391885382474665	pass	-	162	-	arr_1.toMultiset = arrOld.toMultiset
velvet	auto	origin/master	d254391d5e84546f96576e5b67dfb6bafe9fc301	leanprover/lean4:v4.24.0	1	Velvet/Examples/Examples.lean	insertionSort_correct	2438232962388206336	2438232962388206336	pass	-	164	-	mind = 0
velvet	auto	origin/master	d254391d5e84546f96576e5b67dfb6bafe9fc301	leanprover/lean4:v4.24.0	1	Velvet/Examples/Examples.lean	insertionSort_correct	5964899400721509044	5964899400721509044	pass	-	135	-	arr.size = arrOld.size
velvet	auto	origin/master	d254391d5e84546f96576e5b67dfb6bafe9fc301	leanprover/lean4:v4.24.0	1	Velvet/Examples/Examples.lean	insertionSort_correct	12155028420956038391	12155028420956038391	pass	-	129	-	n ≤ n
velvet	auto	origin/master	d254391d5e84546f96576e5b67dfb6bafe9fc301	leanprover/lean4:v4.24.0	1	Velvet/Examples/Examples.lean	insertionSort_correct	14852526092468225565	14852526092468225565	pass	-	146	-	∀ (i j : ℕ), 0 ≤ i → i < j → j ≤ n → j ≠ n → arr[i]! ≤ arr[j]!
velvet	auto	origin/master	d254391d5e84546f96576e5b67dfb6bafe9fc301	leanprover/lean4:v4.24.0	1	Velvet/Examples/Examples.lean	insertionSort_correct	17117294935281830098	17117294935281830098	pass	-	130	-	arr.toMultiset = arrOld.toMultiset
velvet	auto	origin/master	d254391d5e84546f96576e5b67dfb6bafe9fc301	leanprover/lean4:v4.24.0	1	Velvet/Examples/Examples.lean	insertionSort_correct	5288706169439222084	5288706169439222084	pass	-	202	-	i.size = arrOld.size
velvet	auto	origin/master	d254391d5e84546f96576e5b67dfb6bafe9fc301	leanprover/lean4:v4.24.0	1	Velvet/Examples/Examples.lean	insertionSort_correct	12688677688377801211	12688677688377801211	pass	-	195	-	1 ≤ n + 1 ∧ n + 1 ≤ i.size
velvet	auto	origin/master	d254391d5e84546f96576e5b67dfb6bafe9fc301	leanprover/lean4:v4.24.0	1	Velvet/Examples/Examples.lean	insertionSort_correct	7903702650473013145	7903702650473013145	pass	-	188	-	∀ (i_2 j : ℕ), 0 ≤ i_2 → i_2 < j → j ≤ n + 1 - 1 → i[i_2]! ≤ i[j]!
velvet	auto	origin/master	d254391d5e84546f96576e5b67dfb6bafe9fc301	leanprover/lean4:v4.24.0	1	Velvet/Examples/Examples.lean	insertionSort_correct	8905801618567038615	8905801618567038615	pass	-	201	-	i.toMultiset = arrOld.toMultiset
velvet	auto	origin/master	d254391d5e84546f96576e5b67dfb6bafe9fc301	leanprover/lean4:v4.24.0	1	Velvet/Examples/Examples.lean	insertionSort_correct	5964899400721509044	5964899400721509044	pass	-	134	-	arr.size = arrOld.size
velvet	auto	origin/master	d254391d5e84546f96576e5b67dfb6bafe9fc301	leanprover/lean4:v4.24.0	1	Velvet/Examples/Examples.lean	insertionSort_correct	5379360585891885096	5379360585891885096	pass	-	134	-	1 ≤ n ∧ n ≤ arr.size
velvet	auto	origin/master	d254391d5e84546f96576e5b67dfb6bafe9fc301	leanprover/lean4:v4.24.0	1	Velvet/Examples/Examples.lean	insertionSort_correct	11248877774576345437	11248877774576345437	pass	-	144	-	∀ (i j : ℕ), 0 ≤ i → i < j → j ≤ n - 1 → arr[i]! ≤ arr[j]!
velvet	auto	origin/master	d254391d5e84546f96576e5b67dfb6bafe9fc301	leanprover/lean4:v4.24.0	1	Velvet/Examples/Examples.lean	insertionSort_correct	17117294935281830098	17117294935281830098	pass	-	135	-	arr.toMultiset = arrOld.toMultiset
velvet	auto	origin/master	d254391d5e84546f96576e5b67dfb6bafe9fc301	leanprover/lean4:v4.24.0	1	Velvet/Examples/Examples.lean	insertionSort_correct	11532741708565178815	11532741708565178815	pass	-	132	-	n = arr.size
velvet	auto	origin/master	d254391d5e84546f96576e5b67dfb6bafe9fc301	leanprover/lean4:v4.24.0	1	Velvet/Examples/Examples.lean	insertionSort_correct	13894794097547967513	13894794097547967513	pass	-	63	-	1 ≤ 1 ∧ 1 ≤ arrOld.size
velvet	auto	origin/master	d254391d5e84546f96576e5b67dfb6bafe9fc301	leanprover/lean4:v4.24.0	1	Velvet/Examples/Examples.lean	insertionSort_correct	11235314628722112900	11235314628722112900	pass	-	87	-	∀ (i j : ℕ), 0 ≤ i → i < j → j ≤ 1 - 1 → arrOld[i]! ≤ arrOld[j]!
velvet	auto	origin/master	d254391d5e84546f96576e5b67dfb6bafe9fc301	leanprover/lean4:v4.24.0	1	Velvet/Examples/Examples.lean	insertionSort_correct	8905801618567038615	8905801618567038615	pass	-	213	-	i.toMultiset = arrOld.toMultiset
velvet	auto	origin/master	d254391d5e84546f96576e5b67dfb6bafe9fc301	leanprover/lean4:v4.24.0	1	Velvet/Examples/Examples.lean	insertionSort_correct	18214290959922115111	18214290959922115111	pass	-	195	-	∀ (i_2 j : ℕ), 0 ≤ i_2 → i_2 ≤ j → j < i.size → i[i_2]! ≤ i[j]!
velvet	auto	origin/master	d254391d5e84546f96576e5b67dfb6bafe9fc301	leanprover/lean4:v4.24.0	1	Velvet/Examples/Examples.lean	sqrt_correct	17119794831572106230	17119794831572106230	pass	-	75	-	∀ (i : ℕ), i * i ≤ x → i ≤ 0
velvet	auto	origin/master	d254391d5e84546f96576e5b67dfb6bafe9fc301	leanprover/lean4:v4.24.0	1	Velvet/Examples/Examples.lean	sqrt_correct	16395326812896940336	16395326812896940336	pass	-	73	-	∀ i ≤ 0, i * i ≤ x
velvet	auto	origin/master	d254391d5e84546f96576e5b67dfb6bafe9fc301	leanprover/lean4:v4.24.0	1	Velvet/Examples/Examples.lean	sqrt_correct	4559485301326837329	4559485301326837329	pass	-	70	-	0 * 0 ≤ x
velvet	auto	origin/master	d254391d5e84546f96576e5b67dfb6bafe9fc301	leanprover/lean4:v4.24.0	1	Velvet/Examples/Examples.lean	sqrt_correct	15833581759277421577	15833581759277421577	pass	-	98	-	∀ j < i + 1, j * j ≤ x
velvet	auto	origin/master	d254391d5e84546f96576e5b67dfb6bafe9fc301	leanprover/lean4:v4.24.0	1	Velvet/Examples/Examples.lean	sqrt_correct	7228731597997214785	7228731597997214785	pass	-	107	-	∀ j < i, j * j ≤ x
velvet	auto	origin/master	d254391d5e84546f96576e5b67dfb6bafe9fc301	leanprover/lean4:v4.24.0	1	Velvet/Examples/Examples.lean	sqrt_correct	17256355208408803011	17256355208408803011	pass	-	81	-	x < i * i
velvet	auto	origin/master	d254391d5e84546f96576e5b67dfb6bafe9fc301	leanprover/lean4:v4.24.0	1	Velvet/Examples/Examples.lean	sqrt_correct	13635698331308129878	13635698331308129878	pass	-	71	-	∀ j < 0, j * j ≤ x
velvet	auto	origin/master	d254391d5e84546f96576e5b67dfb6bafe9fc301	leanprover/lean4:v4.24.0	1	Velvet/Examples/Examples.lean	sqrt_correct	10800841518550636949	10800841518550636949	pass	-	98	-	∀ (i_1 : ℕ), i_1 * i_1 ≤ x → i_1 ≤ i - 1
velvet	auto	origin/master	d254391d5e84546f96576e5b67dfb6bafe9fc301	leanprover/lean4:v4.24.0	1	Velvet/Examples/Examples.lean	sqrt_correct	12457966505053151830	12457966505053151830	pass	-	101	-	∀ i_1 ≤ i - 1, i_1 * i_1 ≤ x
velvet	auto	origin/master	d254391d5e84546f96576e5b67dfb6bafe9fc301	leanprover/lean4:v4.24.0	1	Velvet/Examples/Examples.lean	sqrt_correct	17578352201394481400	17578352201394481400	pass	-	94	-	(i - 1) * (i - 1) ≤ x
velvet	auto	origin/master	d254391d5e84546f96576e5b67dfb6bafe9fc301	leanprover/lean4:v4.24.0	1	Velvet/Examples/Examples_Total.lean	insertionSort_total_correct	6162910358734672275	6162910358734672275	fail	tactic	342	backend returned without closing the goal	((arr_1.set! (mind - 1) arr_1[mind]!).set! mind arr_1[mind - 1]!).size = arrOld.size
velvet	auto	origin/master	d254391d5e84546f96576e5b67dfb6bafe9fc301	leanprover/lean4:v4.24.0	1	Velvet/Examples/Examples_Total.lean	insertionSort_total_correct	1066791641437412485	1066791641437412485	pass	-	170	-	mind - 1 ≤ n
velvet	auto	origin/master	d254391d5e84546f96576e5b67dfb6bafe9fc301	leanprover/lean4:v4.24.0	1	Velvet/Examples/Examples_Total.lean	insertionSort_total_correct	9866248891257573647	9866248891257573647	fail	tactic	283	backend returned without closing the goal	∀ (i j : ℕ),   0 ≤ i →     i < j →       j ≤ n →         j ≠ mind - 1 →           ((arr_1.set! (mind - 1) arr_1[mind]!).set! mind arr_1[mind - 1]!)[i]! ≤             ((arr_1.set! (mind - 1) arr_1[mind]!).set! mind arr_1[mind - 1]!)[j]!
velvet	auto	origin/master	d254391d5e84546f96576e5b67dfb6bafe9fc301	leanprover/lean4:v4.24.0	1	Velvet/Examples/Examples_Total.lean	insertionSort_total_correct	18360837223612973524	18360837223612973524	fail	tactic	255	backend returned without closing the goal	((arr_1.set! (mind - 1) arr_1[mind]!).set! mind arr_1[mind - 1]!).toMultiset = arrOld.toMultiset
velvet	auto	origin/master	d254391d5e84546f96576e5b67dfb6bafe9fc301	leanprover/lean4:v4.24.0	1	Velvet/Examples/Examples_Total.lean	insertionSort_total_correct	11568103068982921353	11568103068982921353	pass	-	173	-	mind - 1 < mind
velvet	auto	origin/master	d254391d5e84546f96576e5b67dfb6bafe9fc301	leanprover/lean4:v4.24.0	1	Velvet/Examples/Examples_Total.lean	insertionSort_total_correct	5794584936190196715	5794584936190196715	pass	-	172	-	arr_1.size = arrOld.size
velvet	auto	origin/master	d254391d5e84546f96576e5b67dfb6bafe9fc301	leanprover/lean4:v4.24.0	1	Velvet/Examples/Examples_Total.lean	insertionSort_total_correct	1066791641437412485	1066791641437412485	pass	-	164	-	mind - 1 ≤ n
velvet	auto	origin/master	d254391d5e84546f96576e5b67dfb6bafe9fc301	leanprover/lean4:v4.24.0	1	Velvet/Examples/Examples_Total.lean	insertionSort_total_correct	14825588553610653054	14825588553610653054	pass	-	166	-	∀ (i j : ℕ), 0 ≤ i → i < j → j ≤ n → j ≠ mind - 1 → arr_1[i]! ≤ arr_1[j]!
velvet	auto	origin/master	d254391d5e84546f96576e5b67dfb6bafe9fc301	leanprover/lean4:v4.24.0	1	Velvet/Examples/Examples_Total.lean	insertionSort_total_correct	15257391885382474665	15257391885382474665	pass	-	173	-	arr_1.toMultiset = arrOld.toMultiset
velvet	auto	origin/master	d254391d5e84546f96576e5b67dfb6bafe9fc301	leanprover/lean4:v4.24.0	1	Velvet/Examples/Examples_Total.lean	insertionSort_total_correct	11568103068982921353	11568103068982921353	pass	-	171	-	mind - 1 < mind
velvet	auto	origin/master	d254391d5e84546f96576e5b67dfb6bafe9fc301	leanprover/lean4:v4.24.0	1	Velvet/Examples/Examples_Total.lean	insertionSort_total_correct	5794584936190196715	5794584936190196715	pass	-	166	-	arr_1.size = arrOld.size
velvet	auto	origin/master	d254391d5e84546f96576e5b67dfb6bafe9fc301	leanprover/lean4:v4.24.0	1	Velvet/Examples/Examples_Total.lean	insertionSort_total_correct	12031026870814429192	12031026870814429192	pass	-	163	-	mind ≤ n
velvet	auto	origin/master	d254391d5e84546f96576e5b67dfb6bafe9fc301	leanprover/lean4:v4.24.0	1	Velvet/Examples/Examples_Total.lean	insertionSort_total_correct	16465886849738339639	16465886849738339639	pass	-	161	-	∀ (i j : ℕ), 0 ≤ i → i < j → j ≤ n → j ≠ mind → arr_1[i]! ≤ arr_1[j]!
velvet	auto	origin/master	d254391d5e84546f96576e5b67dfb6bafe9fc301	leanprover/lean4:v4.24.0	1	Velvet/Examples/Examples_Total.lean	insertionSort_total_correct	15257391885382474665	15257391885382474665	pass	-	165	-	arr_1.toMultiset = arrOld.toMultiset
velvet	auto	origin/master	d254391d5e84546f96576e5b67dfb6bafe9fc301	leanprover/lean4:v4.24.0	1	Velvet/Examples/Examples_Total.lean	insertionSort_total_correct	5918835836158453730	5918835836158453730	pass	-	164	-	¬mind ≠ 0
velvet	auto	origin/master	d254391d5e84546f96576e5b67dfb6bafe9fc301	leanprover/lean4:v4.24.0	1	Velvet/Examples/Examples_Total.lean	insertionSort_total_correct	5964899400721509044	5964899400721509044	pass	-	131	-	arr.size = arrOld.size
velvet	auto	origin/master	d254391d5e84546f96576e5b67dfb6bafe9fc301	leanprover/lean4:v4.24.0	1	Velvet/Examples/Examples_Total.lean	insertionSort_total_correct	12155028420956038391	12155028420956038391	pass	-	130	-	n ≤ n
velvet	auto	origin/master	d254391d5e84546f96576e5b67dfb6bafe9fc301	leanprover/lean4:v4.24.0	1	Velvet/Examples/Examples_Total.lean	insertionSort_total_correct	14852526092468225565	14852526092468225565	pass	-	147	-	∀ (i j : ℕ), 0 ≤ i → i < j → j ≤ n → j ≠ n → arr[i]! ≤ arr[j]!
velvet	auto	origin/master	d254391d5e84546f96576e5b67dfb6bafe9fc301	leanprover/lean4:v4.24.0	1	Velvet/Examples/Examples_Total.lean	insertionSort_total_correct	17117294935281830098	17117294935281830098	pass	-	134	-	arr.toMultiset = arrOld.toMultiset
velvet	auto	origin/master	d254391d5e84546f96576e5b67dfb6bafe9fc301	leanprover/lean4:v4.24.0	1	Velvet/Examples/Examples_Total.lean	insertionSort_total_correct	5288706169439222084	5288706169439222084	pass	-	202	-	i.size = arrOld.size
velvet	auto	origin/master	d254391d5e84546f96576e5b67dfb6bafe9fc301	leanprover/lean4:v4.24.0	1	Velvet/Examples/Examples_Total.lean	insertionSort_total_correct	12688677688377801211	12688677688377801211	pass	-	196	-	1 ≤ n + 1 ∧ n + 1 ≤ i.size
velvet	auto	origin/master	d254391d5e84546f96576e5b67dfb6bafe9fc301	leanprover/lean4:v4.24.0	1	Velvet/Examples/Examples_Total.lean	insertionSort_total_correct	7903702650473013145	7903702650473013145	pass	-	193	-	∀ (i_2 j : ℕ), 0 ≤ i_2 → i_2 < j → j ≤ n + 1 - 1 → i[i_2]! ≤ i[j]!
velvet	auto	origin/master	d254391d5e84546f96576e5b67dfb6bafe9fc301	leanprover/lean4:v4.24.0	1	Velvet/Examples/Examples_Total.lean	insertionSort_total_correct	8905801618567038615	8905801618567038615	pass	-	201	-	i.toMultiset = arrOld.toMultiset
velvet	auto	origin/master	d254391d5e84546f96576e5b67dfb6bafe9fc301	leanprover/lean4:v4.24.0	1	Velvet/Examples/Examples_Total.lean	insertionSort_total_correct	18088860687919872176	18088860687919872176	pass	-	196	-	i.size - (n + 1) < arr.size - n
velvet	auto	origin/master	d254391d5e84546f96576e5b67dfb6bafe9fc301	leanprover/lean4:v4.24.0	1	Velvet/Examples/Examples_Total.lean	insertionSort_total_correct	5964899400721509044	5964899400721509044	pass	-	133	-	arr.size = arrOld.size
velvet	auto	origin/master	d254391d5e84546f96576e5b67dfb6bafe9fc301	leanprover/lean4:v4.24.0	1	Velvet/Examples/Examples_Total.lean	insertionSort_total_correct	5379360585891885096	5379360585891885096	pass	-	138	-	1 ≤ n ∧ n ≤ arr.size
velvet	auto	origin/master	d254391d5e84546f96576e5b67dfb6bafe9fc301	leanprover/lean4:v4.24.0	1	Velvet/Examples/Examples_Total.lean	insertionSort_total_correct	11248877774576345437	11248877774576345437	pass	-	148	-	∀ (i j : ℕ), 0 ≤ i → i < j → j ≤ n - 1 → arr[i]! ≤ arr[j]!
velvet	auto	origin/master	d254391d5e84546f96576e5b67dfb6bafe9fc301	leanprover/lean4:v4.24.0	1	Velvet/Examples/Examples_Total.lean	insertionSort_total_correct	17117294935281830098	17117294935281830098	pass	-	138	-	arr.toMultiset = arrOld.toMultiset
velvet	auto	origin/master	d254391d5e84546f96576e5b67dfb6bafe9fc301	leanprover/lean4:v4.24.0	1	Velvet/Examples/Examples_Total.lean	insertionSort_total_correct	6709257883257101731	6709257883257101731	pass	-	131	-	¬n ≠ arr.size
velvet	auto	origin/master	d254391d5e84546f96576e5b67dfb6bafe9fc301	leanprover/lean4:v4.24.0	1	Velvet/Examples/Examples_Total.lean	insertionSort_total_correct	13894794097547967513	13894794097547967513	pass	-	63	-	1 ≤ 1 ∧ 1 ≤ arrOld.size
velvet	auto	origin/master	d254391d5e84546f96576e5b67dfb6bafe9fc301	leanprover/lean4:v4.24.0	1	Velvet/Examples/Examples_Total.lean	insertionSort_total_correct	11235314628722112900	11235314628722112900	pass	-	95	-	∀ (i j : ℕ), 0 ≤ i → i < j → j ≤ 1 - 1 → arrOld[i]! ≤ arrOld[j]!
velvet	auto	origin/master	d254391d5e84546f96576e5b67dfb6bafe9fc301	leanprover/lean4:v4.24.0	1	Velvet/Examples/Examples_Total.lean	insertionSort_total_correct	891049678225498279	891049678225498279	pass	-	194	-	arrOld.toMultiset = i.toMultiset
velvet	auto	origin/master	d254391d5e84546f96576e5b67dfb6bafe9fc301	leanprover/lean4:v4.24.0	1	Velvet/Examples/Examples_Total.lean	insertionSort_total_correct	18214290959922115111	18214290959922115111	pass	-	198	-	∀ (i_2 j : ℕ), 0 ≤ i_2 → i_2 ≤ j → j < i.size → i[i_2]! ≤ i[j]!
velvet	auto	origin/master	d254391d5e84546f96576e5b67dfb6bafe9fc301	leanprover/lean4:v4.24.0	1	Velvet/Examples/Examples_Total.lean	sqrt_total_correct	17119794831572106230	17119794831572106230	pass	-	46	-	∀ (i : ℕ), i * i ≤ x → i ≤ 0
velvet	auto	origin/master	d254391d5e84546f96576e5b67dfb6bafe9fc301	leanprover/lean4:v4.24.0	1	Velvet/Examples/Examples_Total.lean	sqrt_total_correct	16395326812896940336	16395326812896940336	pass	-	46	-	∀ i ≤ 0, i * i ≤ x
velvet	auto	origin/master	d254391d5e84546f96576e5b67dfb6bafe9fc301	leanprover/lean4:v4.24.0	1	Velvet/Examples/Examples_Total.lean	sqrt_total_correct	4559485301326837329	4559485301326837329	pass	-	41	-	0 * 0 ≤ x
velvet	auto	origin/master	d254391d5e84546f96576e5b67dfb6bafe9fc301	leanprover/lean4:v4.24.0	1	Velvet/Examples/Examples_Total.lean	sqrt_total_correct	15833581759277421577	15833581759277421577	pass	-	71	-	∀ j < i + 1, j * j ≤ x
velvet	auto	origin/master	d254391d5e84546f96576e5b67dfb6bafe9fc301	leanprover/lean4:v4.24.0	1	Velvet/Examples/Examples_Total.lean	sqrt_total_correct	17892696244691966181	17892696244691966181	pass	-	94	-	x + 8 - (i + 1) < x + 8 - i
velvet	auto	origin/master	d254391d5e84546f96576e5b67dfb6bafe9fc301	leanprover/lean4:v4.24.0	1	Velvet/Examples/Examples_Total.lean	sqrt_total_correct	7228731597997214785	7228731597997214785	pass	-	76	-	∀ j < i, j * j ≤ x
velvet	auto	origin/master	d254391d5e84546f96576e5b67dfb6bafe9fc301	leanprover/lean4:v4.24.0	1	Velvet/Examples/Examples_Total.lean	sqrt_total_correct	13073343856082995605	13073343856082995605	pass	-	54	-	¬i * i ≤ x
velvet	auto	origin/master	d254391d5e84546f96576e5b67dfb6bafe9fc301	leanprover/lean4:v4.24.0	1	Velvet/Examples/Examples_Total.lean	sqrt_total_correct	13635698331308129878	13635698331308129878	pass	-	54	-	∀ j < 0, j * j ≤ x
velvet	auto	origin/master	d254391d5e84546f96576e5b67dfb6bafe9fc301	leanprover/lean4:v4.24.0	1	Velvet/Examples/Examples_Total.lean	sqrt_total_correct	10800841518550636949	10800841518550636949	pass	-	80	-	∀ (i_1 : ℕ), i_1 * i_1 ≤ x → i_1 ≤ i - 1
velvet	auto	origin/master	d254391d5e84546f96576e5b67dfb6bafe9fc301	leanprover/lean4:v4.24.0	1	Velvet/Examples/Examples_Total.lean	sqrt_total_correct	12457966505053151830	12457966505053151830	pass	-	86	-	∀ i_1 ≤ i - 1, i_1 * i_1 ≤ x
velvet	auto	origin/master	d254391d5e84546f96576e5b67dfb6bafe9fc301	leanprover/lean4:v4.24.0	1	Velvet/Examples/Examples_Total.lean	sqrt_total_correct	17578352201394481400	17578352201394481400	pass	-	70	-	(i - 1) * (i - 1) ≤ x
velvet	auto	origin/master	d254391d5e84546f96576e5b67dfb6bafe9fc301	leanprover/lean4:v4.24.0	1	Velvet/Examples/Examples_Total.lean	cbrt_correct	628191952620585962	628191952620585962	pass	-	55	-	∀ (i : ℕ), i * i * i ≤ x → i ≤ 0
velvet	auto	origin/master	d254391d5e84546f96576e5b67dfb6bafe9fc301	leanprover/lean4:v4.24.0	1	Velvet/Examples/Examples_Total.lean	cbrt_correct	5408980950461060684	5408980950461060684	pass	-	44	-	∀ i ≤ 0, i * i * i ≤ x
velvet	auto	origin/master	d254391d5e84546f96576e5b67dfb6bafe9fc301	leanprover/lean4:v4.24.0	1	Velvet/Examples/Examples_Total.lean	cbrt_correct	17796805544787031687	17796805544787031687	pass	-	44	-	0 * 0 * 0 ≤ x
velvet	auto	origin/master	d254391d5e84546f96576e5b67dfb6bafe9fc301	leanprover/lean4:v4.24.0	1	Velvet/Examples/Examples_Total.lean	cbrt_correct	12597585967811959528	12597585967811959528	pass	-	77	-	∀ j < i + 1, j * j * j ≤ x
velvet	auto	origin/master	d254391d5e84546f96576e5b67dfb6bafe9fc301	leanprover/lean4:v4.24.0	1	Velvet/Examples/Examples_Total.lean	cbrt_correct	17892696244691966181	17892696244691966181	pass	-	92	-	x + 8 - (i + 1) < x + 8 - i
velvet	auto	origin/master	d254391d5e84546f96576e5b67dfb6bafe9fc301	leanprover/lean4:v4.24.0	1	Velvet/Examples/Examples_Total.lean	cbrt_correct	11504389341422214604	11504389341422214604	pass	-	5096	-	∀ j < i, j * j * j ≤ x
velvet	auto	origin/master	d254391d5e84546f96576e5b67dfb6bafe9fc301	leanprover/lean4:v4.24.0	1	Velvet/Examples/Examples_Total.lean	cbrt_correct	1828175149019549874	1828175149019549874	pass	-	63	-	¬i * i * i ≤ x
velvet	auto	origin/master	d254391d5e84546f96576e5b67dfb6bafe9fc301	leanprover/lean4:v4.24.0	1	Velvet/Examples/Examples_Total.lean	cbrt_correct	8027176826117333927	8027176826117333927	pass	-	52	-	∀ j < 0, j * j * j ≤ x
velvet	auto	origin/master	d254391d5e84546f96576e5b67dfb6bafe9fc301	leanprover/lean4:v4.24.0	1	Velvet/Examples/Examples_Total.lean	cbrt_correct	8642365996124661698	8642365996124661698	pass	-	81	-	∀ (i_1 : ℕ), i_1 * i_1 * i_1 ≤ x → i_1 ≤ i - 1
velvet	auto	origin/master	d254391d5e84546f96576e5b67dfb6bafe9fc301	leanprover/lean4:v4.24.0	1	Velvet/Examples/Examples_Total.lean	cbrt_correct	1031468476226669362	1031468476226669362	pass	-	190	-	∀ i_1 ≤ i - 1, i_1 * i_1 * i_1 ≤ x
velvet	auto	origin/master	d254391d5e84546f96576e5b67dfb6bafe9fc301	leanprover/lean4:v4.24.0	1	Velvet/Examples/Examples_Total.lean	cbrt_correct	9859620190106577091	9859620190106577091	pass	-	93	-	(i - 1) * (i - 1) * (i - 1) ≤ x
velvet	auto	origin/master	d254391d5e84546f96576e5b67dfb6bafe9fc301	leanprover/lean4:v4.24.0	1	Velvet/Examples/Examples_Total.lean	sqrt_bn_correct	7745518040588453633	7745518040588453633	pass	-	92	-	(r + l) / 2 * ((r + l) / 2) ≤ x
velvet	auto	origin/master	d254391d5e84546f96576e5b67dfb6bafe9fc301	leanprover/lean4:v4.24.0	1	Velvet/Examples/Examples_Total.lean	sqrt_bn_correct	7275559839122250210	7275559839122250210	pass	-	87	-	x < r * r
velvet	auto	origin/master	d254391d5e84546f96576e5b67dfb6bafe9fc301	leanprover/lean4:v4.24.0	1	Velvet/Examples/Examples_Total.lean	sqrt_bn_correct	17809363630590163151	17809363630590163151	pass	-	104	-	∀ i ≤ (r + l) / 2, i * i ≤ x
velvet	auto	origin/master	d254391d5e84546f96576e5b67dfb6bafe9fc301	leanprover/lean4:v4.24.0	1	Velvet/Examples/Examples_Total.lean	sqrt_bn_correct	3756677303263535492	3756677303263535492	pass	-	92	-	r - (r + l) / 2 < r - l
velvet	auto	origin/master	d254391d5e84546f96576e5b67dfb6bafe9fc301	leanprover/lean4:v4.24.0	1	Velvet/Examples/Examples_Total.lean	sqrt_bn_correct	4049183095434299843	4049183095434299843	pass	-	90	-	l * l ≤ x
velvet	auto	origin/master	d254391d5e84546f96576e5b67dfb6bafe9fc301	leanprover/lean4:v4.24.0	1	Velvet/Examples/Examples_Total.lean	sqrt_bn_correct	845228717509319176	845228717509319176	pass	-	93	-	x < (r + l) / 2 * ((r + l) / 2)
velvet	auto	origin/master	d254391d5e84546f96576e5b67dfb6bafe9fc301	leanprover/lean4:v4.24.0	1	Velvet/Examples/Examples_Total.lean	sqrt_bn_correct	14080923781397173690	14080923781397173690	pass	-	101	-	∀ i ≤ l, i * i ≤ x
velvet	auto	origin/master	d254391d5e84546f96576e5b67dfb6bafe9fc301	leanprover/lean4:v4.24.0	1	Velvet/Examples/Examples_Total.lean	sqrt_bn_correct	2013384436827156188	2013384436827156188	pass	-	96	-	(r + l) / 2 - l < r - l
velvet	auto	origin/master	d254391d5e84546f96576e5b67dfb6bafe9fc301	leanprover/lean4:v4.24.0	1	Velvet/Examples/Examples_Total.lean	sqrt_bn_correct	4049183095434299843	4049183095434299843	pass	-	74	-	l * l ≤ x
velvet	auto	origin/master	d254391d5e84546f96576e5b67dfb6bafe9fc301	leanprover/lean4:v4.24.0	1	Velvet/Examples/Examples_Total.lean	sqrt_bn_correct	7275559839122250210	7275559839122250210	pass	-	70	-	x < r * r
velvet	auto	origin/master	d254391d5e84546f96576e5b67dfb6bafe9fc301	leanprover/lean4:v4.24.0	1	Velvet/Examples/Examples_Total.lean	sqrt_bn_correct	14080923781397173690	14080923781397173690	pass	-	84	-	∀ i ≤ l, i * i ≤ x
velvet	auto	origin/master	d254391d5e84546f96576e5b67dfb6bafe9fc301	leanprover/lean4:v4.24.0	1	Velvet/Examples/Examples_Total.lean	sqrt_bn_correct	5112937323286018014	5112937323286018014	pass	-	75	-	¬1 < r - l
velvet	auto	origin/master	d254391d5e84546f96576e5b67dfb6bafe9fc301	leanprover/lean4:v4.24.0	1	Velvet/Examples/Examples_Total.lean	sqrt_bn_correct	4559485301326837329	4559485301326837329	pass	-	56	-	0 * 0 ≤ x
velvet	auto	origin/master	d254391d5e84546f96576e5b67dfb6bafe9fc301	leanprover/lean4:v4.24.0	1	Velvet/Examples/Examples_Total.lean	sqrt_bn_correct	6911359079999020658	6911359079999020658	pass	-	42	-	x < bnd * bnd
velvet	auto	origin/master	d254391d5e84546f96576e5b67dfb6bafe9fc301	leanprover/lean4:v4.24.0	1	Velvet/Examples/Examples_Total.lean	sqrt_bn_correct	16395326812896940336	16395326812896940336	pass	-	58	-	∀ i ≤ 0, i * i ≤ x
velvet	auto	origin/master	d254391d5e84546f96576e5b67dfb6bafe9fc301	leanprover/lean4:v4.24.0	1	Velvet/Examples/Examples_Total.lean	sqrt_bn_correct	18362062349273978007	18362062349273978007	pass	-	143	-	∀ (i_2 : ℕ), i_2 * i_2 ≤ x → i_2 ≤ i
velvet	auto	origin/master	d254391d5e84546f96576e5b67dfb6bafe9fc301	leanprover/lean4:v4.24.0	1	Velvet/Examples/Examples_Total.lean	sqrt_bn_correct	8802921734925604215	8802921734925604215	pass	-	143	-	∀ i_2 ≤ i, i_2 * i_2 ≤ x
velvet	auto	origin/master	d254391d5e84546f96576e5b67dfb6bafe9fc301	leanprover/lean4:v4.24.0	1	Velvet/Examples/Examples_Total.lean	sqrt_bn_correct	8723303018838369810	8723303018838369810	pass	-	133	-	i * i ≤ x
velvet	auto	origin/master	d254391d5e84546f96576e5b67dfb6bafe9fc301	leanprover/lean4:v4.24.0	1	Velvet/Examples/GCD.lean	gcd_correct	4384199359441751320	4384199359441751320	pass	-	84	-	a > 0
velvet	auto	origin/master	d254391d5e84546f96576e5b67dfb6bafe9fc301	leanprover/lean4:v4.24.0	1	Velvet/Examples/GCD.lean	gcd_correct	9601099415740649235	9601099415740649235	pass	-	55	-	b > 0
velvet	auto	origin/master	d254391d5e84546f96576e5b67dfb6bafe9fc301	leanprover/lean4:v4.24.0	1	Velvet/Examples/GCD.lean	gcd_correct	1185000637665826843	1185000637665826843	pass	-	54	-	x > 0
velvet	auto	origin/master	d254391d5e84546f96576e5b67dfb6bafe9fc301	leanprover/lean4:v4.24.0	1	Velvet/Examples/IsNonPrime.lean	IsNonPrime_correct	3150397294412475763	3150397294412475763	fail	tactic	77	backend returned without closing the goal	True ↔ ¬isPrime n
velvet	auto	origin/master	d254391d5e84546f96576e5b67dfb6bafe9fc301	leanprover/lean4:v4.24.0	1	Velvet/Examples/IsNonPrime.lean	IsNonPrime_correct	8498703091421742660	8498703091421742660	pass	-	114	-	2 ≤ i + 1
velvet	auto	origin/master	d254391d5e84546f96576e5b67dfb6bafe9fc301	leanprover/lean4:v4.24.0	1	Velvet/Examples/IsNonPrime.lean	IsNonPrime_correct	15405612526479945524	15405612526479945524	pass	-	109	-	true = false ↔ ∀ (d : ℕ), 2 ≤ d → d < i + 1 → n % d ≠ 0
velvet	auto	origin/master	d254391d5e84546f96576e5b67dfb6bafe9fc301	leanprover/lean4:v4.24.0	1	Velvet/Examples/IsNonPrime.lean	IsNonPrime_correct	3635621084297233985	3635621084297233985	pass	-	118	-	(i + 1 - 1) * (i + 1 - 1) ≤ n
velvet	auto	origin/master	d254391d5e84546f96576e5b67dfb6bafe9fc301	leanprover/lean4:v4.24.0	1	Velvet/Examples/IsNonPrime.lean	IsNonPrime_correct	8498703091421742660	8498703091421742660	pass	-	107	-	2 ≤ i + 1
velvet	auto	origin/master	d254391d5e84546f96576e5b67dfb6bafe9fc301	leanprover/lean4:v4.24.0	1	Velvet/Examples/IsNonPrime.lean	IsNonPrime_correct	15497101072354692966	15497101072354692966	pass	-	113	-	ret = false ↔ ∀ (d : ℕ), 2 ≤ d → d < i + 1 → n % d ≠ 0
velvet	auto	origin/master	d254391d5e84546f96576e5b67dfb6bafe9fc301	leanprover/lean4:v4.24.0	1	Velvet/Examples/IsNonPrime.lean	IsNonPrime_correct	3635621084297233985	3635621084297233985	pass	-	111	-	(i + 1 - 1) * (i + 1 - 1) ≤ n
velvet	auto	origin/master	d254391d5e84546f96576e5b67dfb6bafe9fc301	leanprover/lean4:v4.24.0	1	Velvet/Examples/IsNonPrime.lean	IsNonPrime_correct	8419734978408419013	8419734978408419013	pass	-	100	-	2 ≤ i
velvet	auto	origin/master	d254391d5e84546f96576e5b67dfb6bafe9fc301	leanprover/lean4:v4.24.0	1	Velvet/Examples/IsNonPrime.lean	IsNonPrime_correct	18150307703072330979	18150307703072330979	pass	-	104	-	ret = false ↔ ∀ (d : ℕ), 2 ≤ d → d < i → n % d ≠ 0
velvet	auto	origin/master	d254391d5e84546f96576e5b67dfb6bafe9fc301	leanprover/lean4:v4.24.0	1	Velvet/Examples/IsNonPrime.lean	IsNonPrime_correct	1456886557593529150	1456886557593529150	pass	-	100	-	(i - 1) * (i - 1) ≤ n
velvet	auto	origin/master	d254391d5e84546f96576e5b67dfb6bafe9fc301	leanprover/lean4:v4.24.0	1	Velvet/Examples/IsNonPrime.lean	IsNonPrime_correct	16017810969246570786	16017810969246570786	pass	-	93	-	¬i * i ≤ n
velvet	auto	origin/master	d254391d5e84546f96576e5b67dfb6bafe9fc301	leanprover/lean4:v4.24.0	1	Velvet/Examples/IsNonPrime.lean	IsNonPrime_correct	12543135627460772462	12543135627460772462	pass	-	38	-	2 ≤ 2
velvet	auto	origin/master	d254391d5e84546f96576e5b67dfb6bafe9fc301	leanprover/lean4:v4.24.0	1	Velvet/Examples/IsNonPrime.lean	IsNonPrime_correct	1572539502098385654	1572539502098385654	pass	-	68	-	True ↔ ∀ (d : ℕ), 2 ≤ d → d < 2 → n % d ≠ 0
velvet	auto	origin/master	d254391d5e84546f96576e5b67dfb6bafe9fc301	leanprover/lean4:v4.24.0	1	Velvet/Examples/IsNonPrime.lean	IsNonPrime_correct	11076373139303988464	11076373139303988464	pass	-	51	-	(2 - 1) * (2 - 1) ≤ n
velvet	auto	origin/master	d254391d5e84546f96576e5b67dfb6bafe9fc301	leanprover/lean4:v4.24.0	1	Velvet/Examples/IsNonPrime.lean	IsNonPrime_correct	15559572021364972958	15559572021364972958	fail	tactic	228	backend returned without closing the goal	ret_1 = true ↔ ¬isPrime n
velvet	auto	origin/master	d254391d5e84546f96576e5b67dfb6bafe9fc301	leanprover/lean4:v4.24.0	1	Velvet/Examples/IsSorted.lean	IsSorted_correct	11207960766534651515	11207960766534651515	pass	-	189	-	0 ≤ i + 1 ∧ i + 1 ≤ a.size - 1
velvet	auto	origin/master	d254391d5e84546f96576e5b67dfb6bafe9fc301	leanprover/lean4:v4.24.0	1	Velvet/Examples/IsSorted.lean	IsSorted_correct	4413675682266163545	4413675682266163545	pass	-	165	-	false = true → ∀ (k : ℕ), 0 ≤ k → k < i + 1 → a[k]! ≤ a[k + 1]!
velvet	auto	origin/master	d254391d5e84546f96576e5b67dfb6bafe9fc301	leanprover/lean4:v4.24.0	1	Velvet/Examples/IsSorted.lean	IsSorted_correct	9518487208184120090	9518487208184120090	pass	-	157	-	∃ k, 0 ≤ k ∧ k < a.size - 1 ∧ a[k]! > a[k + 1]!
velvet	auto	origin/master	d254391d5e84546f96576e5b67dfb6bafe9fc301	leanprover/lean4:v4.24.0	1	Velvet/Examples/IsSorted.lean	IsSorted_correct	11207960766534651515	11207960766534651515	pass	-	158	-	0 ≤ i + 1 ∧ i + 1 ≤ a.size - 1
velvet	auto	origin/master	d254391d5e84546f96576e5b67dfb6bafe9fc301	leanprover/lean4:v4.24.0	1	Velvet/Examples/IsSorted.lean	IsSorted_correct	16465854614385299804	16465854614385299804	pass	-	171	-	sorted = true → ∀ (k : ℕ), 0 ≤ k → k < i + 1 → a[k]! ≤ a[k + 1]!
velvet	auto	origin/master	d254391d5e84546f96576e5b67dfb6bafe9fc301	leanprover/lean4:v4.24.0	1	Velvet/Examples/IsSorted.lean	IsSorted_correct	1749803822950348457	1749803822950348457	pass	-	181	-	sorted = false → ∃ k, 0 ≤ k ∧ k < a.size - 1 ∧ a[k]! > a[k + 1]!
velvet	auto	origin/master	d254391d5e84546f96576e5b67dfb6bafe9fc301	leanprover/lean4:v4.24.0	1	Velvet/Examples/IsSorted.lean	IsSorted_correct	6461838523585744673	6461838523585744673	pass	-	144	-	0 ≤ i ∧ i ≤ a.size - 1
velvet	auto	origin/master	d254391d5e84546f96576e5b67dfb6bafe9fc301	leanprover/lean4:v4.24.0	1	Velvet/Examples/IsSorted.lean	IsSorted_correct	5698263445699273715	5698263445699273715	pass	-	173	-	sorted = true → ∀ (k : ℕ), 0 ≤ k → k < i → a[k]! ≤ a[k + 1]!
velvet	auto	origin/master	d254391d5e84546f96576e5b67dfb6bafe9fc301	leanprover/lean4:v4.24.0	1	Velvet/Examples/IsSorted.lean	IsSorted_correct	1749803822950348457	1749803822950348457	pass	-	168	-	sorted = false → ∃ k, 0 ≤ k ∧ k < a.size - 1 ∧ a[k]! > a[k + 1]!
velvet	auto	origin/master	d254391d5e84546f96576e5b67dfb6bafe9fc301	leanprover/lean4:v4.24.0	1	Velvet/Examples/IsSorted.lean	IsSorted_correct	16458001095677251802	16458001095677251802	pass	-	146	-	i = a.size - 1 ∨ sorted = false
velvet	auto	origin/master	d254391d5e84546f96576e5b67dfb6bafe9fc301	leanprover/lean4:v4.24.0	1	Velvet/Examples/IsSorted.lean	IsSorted_correct	11716511832970583731	11716511832970583731	pass	-	70	-	0 ≤ 0 ∧ 0 ≤ a.size - 1
velvet	auto	origin/master	d254391d5e84546f96576e5b67dfb6bafe9fc301	leanprover/lean4:v4.24.0	1	Velvet/Examples/IsSorted.lean	IsSorted_correct	13412663338101939313	13412663338101939313	pass	-	82	-	∀ (k : ℕ), 0 ≤ k → k < 0 → a[k]! ≤ a[k + 1]!
velvet	auto	origin/master	d254391d5e84546f96576e5b67dfb6bafe9fc301	leanprover/lean4:v4.24.0	1	Velvet/Examples/IsSorted.lean	IsSorted_correct	10877051663303345536	10877051663303345536	pass	-	107	-	true = false → ∃ k, 0 ≤ k ∧ k < a.size - 1 ∧ a[k]! > a[k + 1]!
velvet	auto	origin/master	d254391d5e84546f96576e5b67dfb6bafe9fc301	leanprover/lean4:v4.24.0	1	Velvet/Examples/IsSorted.lean	IsSorted_correct	2102916384874846137	2102916384874846137	fail	tactic	10324	backend returned without closing the goal	sorted_1 = true ↔ ∀ (i j : ℕ), 0 ≤ i → i < j → j < a.size → a[i]! ≤ a[j]!
velvet	auto	origin/master	d254391d5e84546f96576e5b67dfb6bafe9fc301	leanprover/lean4:v4.24.0	1	Velvet/Examples/MaxElem.lean	maxElem_correct	6189042491608852705	6189042491608852705	pass	-	163	-	0 ≤ i + 1 ∧ i + 1 ≤ arr.size
velvet	auto	origin/master	d254391d5e84546f96576e5b67dfb6bafe9fc301	leanprover/lean4:v4.24.0	1	Velvet/Examples/MaxElem.lean	maxElem_correct	13979591039540523316	13979591039540523316	pass	-	126	-	∀ j < i + 1, arr[i]! ≥ arr[j]!
velvet	auto	origin/master	d254391d5e84546f96576e5b67dfb6bafe9fc301	leanprover/lean4:v4.24.0	1	Velvet/Examples/MaxElem.lean	maxElem_correct	6189042491608852705	6189042491608852705	pass	-	141	-	0 ≤ i + 1 ∧ i + 1 ≤ arr.size
velvet	auto	origin/master	d254391d5e84546f96576e5b67dfb6bafe9fc301	leanprover/lean4:v4.24.0	1	Velvet/Examples/MaxElem.lean	maxElem_correct	3496913807798796367	3496913807798796367	pass	-	134	-	∀ j < i + 1, mx ≥ arr[j]!
velvet	auto	origin/master	d254391d5e84546f96576e5b67dfb6bafe9fc301	leanprover/lean4:v4.24.0	1	Velvet/Examples/MaxElem.lean	maxElem_correct	13935834157065255340	13935834157065255340	pass	-	93	-	0 ≤ i ∧ i ≤ arr.size
velvet	auto	origin/master	d254391d5e84546f96576e5b67dfb6bafe9fc301	leanprover/lean4:v4.24.0	1	Velvet/Examples/MaxElem.lean	maxElem_correct	10716558625718226994	10716558625718226994	pass	-	99	-	∀ j < i, mx ≥ arr[j]!
velvet	auto	origin/master	d254391d5e84546f96576e5b67dfb6bafe9fc301	leanprover/lean4:v4.24.0	1	Velvet/Examples/MaxElem.lean	maxElem_correct	12429897440204793908	12429897440204793908	pass	-	89	-	i = arr.size
velvet	auto	origin/master	d254391d5e84546f96576e5b67dfb6bafe9fc301	leanprover/lean4:v4.24.0	1	Velvet/Examples/MaxElem.lean	maxElem_correct	6662270672118944889	6662270672118944889	pass	-	79	-	0 ≤ 0 + 1 ∧ 0 + 1 ≤ arr.size
velvet	auto	origin/master	d254391d5e84546f96576e5b67dfb6bafe9fc301	leanprover/lean4:v4.24.0	1	Velvet/Examples/MaxElem.lean	maxElem_correct	10294878435885712953	10294878435885712953	pass	-	68	-	∀ j < 0 + 1, arr[0]! ≥ arr[j]!
velvet	auto	origin/master	d254391d5e84546f96576e5b67dfb6bafe9fc301	leanprover/lean4:v4.24.0	1	Velvet/Examples/MaxElem.lean	maxElem_correct	15821608085576758365	15821608085576758365	fail	tactic	194	backend returned without closing the goal	isMax mx_1 arr
velvet	auto	origin/master	d254391d5e84546f96576e5b67dfb6bafe9fc301	leanprover/lean4:v4.24.0	1	Velvet/Examples/MemAlloc.lean	mem_alloc_correct	633235845480694220	633235845480694220	fail	tactic	89	backend returned without closing the goal	∀ (b : addr),   List.find? (fun x => decide (block_size x ≥ size)) Ps = some b → 0 = b ∧ distPath nextOld free_listOld (Ps.erase b) 0
velvet	auto	origin/master	d254391d5e84546f96576e5b67dfb6bafe9fc301	leanprover/lean4:v4.24.0	1	Velvet/Examples/MemAlloc.lean	mem_alloc_correct	12262280732602434251	12262280732602434251	fail	tactic	58	backend returned without closing the goal	∀ (b : addr),   List.find? (fun x => decide (block_size x ≥ size)) Ps = some b →     free_listOld = b ∧ distPath nextOld (nextOld free_listOld) (Ps.erase b) 0
velvet	auto	origin/master	d254391d5e84546f96576e5b67dfb6bafe9fc301	leanprover/lean4:v4.24.0	1	Velvet/Examples/MemAlloc.lean	mem_alloc_correct	5395433166570123997	5395433166570123997	fail	tactic	75	backend returned without closing the goal	distPath nextOld free_listOld Ps 0
velvet	auto	origin/master	d254391d5e84546f96576e5b67dfb6bafe9fc301	leanprover/lean4:v4.24.0	1	Velvet/Examples/MemAlloc.lean	mem_alloc_correct	7858921023181799469	7858921023181799469	fail	tactic	77	backend returned without closing the goal	∃ Qs, distPath nextOld free_listOld Qs (nextOld p) ∧ ∀ a ∈ Qs, block_size a < size
velvet	auto	origin/master	d254391d5e84546f96576e5b67dfb6bafe9fc301	leanprover/lean4:v4.24.0	1	Velvet/Examples/MemAlloc.lean	mem_alloc_correct	12307778664191690486	12307778664191690486	fail	tactic	74	backend returned without closing the goal	∃ Qs, distPath nextOld free_listOld Qs p
velvet	auto	origin/master	d254391d5e84546f96576e5b67dfb6bafe9fc301	leanprover/lean4:v4.24.0	1	Velvet/Examples/MemAlloc.lean	mem_alloc_correct	14651957694487509304	14651957694487509304	fail	tactic	78	backend returned without closing the goal	p ≠ 0
velvet	auto	origin/master	d254391d5e84546f96576e5b67dfb6bafe9fc301	leanprover/lean4:v4.24.0	1	Velvet/Examples/MemAlloc.lean	mem_alloc_correct	5395433166570123997	5395433166570123997	fail	tactic	76	backend returned without closing the goal	distPath nextOld free_listOld Ps 0
velvet	auto	origin/master	d254391d5e84546f96576e5b67dfb6bafe9fc301	leanprover/lean4:v4.24.0	1	Velvet/Examples/MemAlloc.lean	mem_alloc_correct	12933711973000179377	12933711973000179377	fail	tactic	72	backend returned without closing the goal	∃ Qs, distPath nextOld free_listOld Qs p ∧ ∀ a ∈ Qs, block_size a < size
velvet	auto	origin/master	d254391d5e84546f96576e5b67dfb6bafe9fc301	leanprover/lean4:v4.24.0	1	Velvet/Examples/MemAlloc.lean	mem_alloc_correct	1502598827083788742	1502598827083788742	fail	tactic	69	backend returned without closing the goal	p = nextOld q
velvet	auto	origin/master	d254391d5e84546f96576e5b67dfb6bafe9fc301	leanprover/lean4:v4.24.0	1	Velvet/Examples/MemAlloc.lean	mem_alloc_correct	5948121399058639032	5948121399058639032	fail	tactic	70	backend returned without closing the goal	∃ Qs, distPath nextOld free_listOld Qs q
velvet	auto	origin/master	d254391d5e84546f96576e5b67dfb6bafe9fc301	leanprover/lean4:v4.24.0	1	Velvet/Examples/MemAlloc.lean	mem_alloc_correct	7320909626913503829	7320909626913503829	fail	tactic	70	backend returned without closing the goal	q ≠ 0
velvet	auto	origin/master	d254391d5e84546f96576e5b67dfb6bafe9fc301	leanprover/lean4:v4.24.0	1	Velvet/Examples/MemAlloc.lean	mem_alloc_correct	13680370559755953061	13680370559755953061	fail	tactic	71	backend returned without closing the goal	¬(p ≠ 0 ∧ block_size p < size)
velvet	auto	origin/master	d254391d5e84546f96576e5b67dfb6bafe9fc301	leanprover/lean4:v4.24.0	1	Velvet/Examples/MemAlloc.lean	mem_alloc_correct	5395433166570123997	5395433166570123997	fail	tactic	32	backend returned without closing the goal	distPath nextOld free_listOld Ps 0
velvet	auto	origin/master	d254391d5e84546f96576e5b67dfb6bafe9fc301	leanprover/lean4:v4.24.0	1	Velvet/Examples/MemAlloc.lean	mem_alloc_correct	9725332222063365643	9725332222063365643	fail	tactic	50	backend returned without closing the goal	∃ Qs, distPath nextOld free_listOld Qs (nextOld free_listOld) ∧ ∀ a ∈ Qs, block_size a < size
velvet	auto	origin/master	d254391d5e84546f96576e5b67dfb6bafe9fc301	leanprover/lean4:v4.24.0	1	Velvet/Examples/MemAlloc.lean	mem_alloc_correct	400422252958227942	400422252958227942	fail	tactic	35	backend returned without closing the goal	∃ Qs, distPath nextOld free_listOld Qs free_listOld
velvet	auto	origin/master	d254391d5e84546f96576e5b67dfb6bafe9fc301	leanprover/lean4:v4.24.0	1	Velvet/Examples/MemAlloc.lean	mem_alloc_correct	880346177993498408	880346177993498408	fail	tactic	29	backend returned without closing the goal	free_listOld ≠ 0
velvet	auto	origin/master	d254391d5e84546f96576e5b67dfb6bafe9fc301	leanprover/lean4:v4.24.0	1	Velvet/Examples/MemAlloc.lean	mem_alloc_correct	15369885961681168000	15369885961681168000	fail	tactic	148	backend returned without closing the goal	∀ (b : addr),   List.find? (fun x => decide (block_size x ≥ size)) Ps = some b →     i = b ∧ distPath (Function.update nextOld q_1 (nextOld i)) free_listOld (Ps.erase b) 0
velvet	auto	origin/master	d254391d5e84546f96576e5b67dfb6bafe9fc301	leanprover/lean4:v4.24.0	1	Velvet/Examples/MemAlloc.lean	mem_alloc_correct	633235845480694220	633235845480694220	fail	tactic	156	backend returned without closing the goal	∀ (b : addr),   List.find? (fun x => decide (block_size x ≥ size)) Ps = some b → 0 = b ∧ distPath nextOld free_listOld (Ps.erase b) 0
velvet	auto	origin/master	d254391d5e84546f96576e5b67dfb6bafe9fc301	leanprover/lean4:v4.24.0	1	Velvet/Examples/Recursion.lean	simple_recursion_correct	9632926918213658529	9632926918213658529	pass	-	63	-	0 = x
velvet	auto	origin/master	d254391d5e84546f96576e5b67dfb6bafe9fc301	leanprover/lean4:v4.24.0	1	Velvet/Examples/Recursion.lean	simple_recursion_correct	16321134497628070328	16321134497628070328	pass	-	53	-	x_1 + 1 = x
velvet	auto	origin/master	d254391d5e84546f96576e5b67dfb6bafe9fc301	leanprover/lean4:v4.24.0	1	Velvet/Examples/Recursion.lean	pickGreater_correct	15399959404188881270	15399959404188881270	pass	-	48	-	∃ h, h > inp + 200
velvet	auto	origin/master	d254391d5e84546f96576e5b67dfb6bafe9fc301	leanprover/lean4:v4.24.0	1	Velvet/Examples/Recursion.lean	pickGreater_correct	6729724634728447689	6729724634728447689	pass	-	49	-	i > inp + 10
velvet	auto	origin/master	d254391d5e84546f96576e5b67dfb6bafe9fc301	leanprover/lean4:v4.24.0	1	Velvet/Examples/Recursion.lean	pickGreaterN_correct	6331840417009367668	6331840417009367668	pass	-	45	-	0 ≥ n * 10
velvet	auto	origin/master	d254391d5e84546f96576e5b67dfb6bafe9fc301	leanprover/lean4:v4.24.0	1	Velvet/Examples/Recursion.lean	pickGreaterN_correct	928177310960349346	928177310960349346	pass	-	88	-	x_1 ≥ n * 10
velvet	auto	origin/master	d254391d5e84546f96576e5b67dfb6bafe9fc301	leanprover/lean4:v4.24.0	1	Velvet/Examples/Recursion.lean	calc_fact_correct	14502607232842720358	14502607232842720358	fail	tactic	87	backend returned without closing the goal	fact n = 0
velvet	auto	origin/master	d254391d5e84546f96576e5b67dfb6bafe9fc301	leanprover/lean4:v4.24.0	1	Velvet/Examples/Recursion.lean	calc_fact_correct	5360899794933563671	5360899794933563671	pass	-	79	-	i + 1 ≤ n
velvet	auto	origin/master	d254391d5e84546f96576e5b67dfb6bafe9fc301	leanprover/lean4:v4.24.0	1	Velvet/Examples/Recursion.lean	calc_fact_correct	16083086069592683677	16083086069592683677	pass	-	84	-	(i + 1) * x = ans + x_1
velvet	auto	origin/master	d254391d5e84546f96576e5b67dfb6bafe9fc301	leanprover/lean4:v4.24.0	1	Velvet/Examples/Recursion.lean	calc_fact_correct	17426933449823366573	17426933449823366573	pass	-	80	-	n - (i + 1) < n - i
velvet	auto	origin/master	d254391d5e84546f96576e5b67dfb6bafe9fc301	leanprover/lean4:v4.24.0	1	Velvet/Examples/Recursion.lean	calc_fact_correct	8436330743851721663	8436330743851721663	pass	-	62	-	i ≤ n
velvet	auto	origin/master	d254391d5e84546f96576e5b67dfb6bafe9fc301	leanprover/lean4:v4.24.0	1	Velvet/Examples/Recursion.lean	calc_fact_correct	5516634396000359850	5516634396000359850	pass	-	73	-	i * x = ans
velvet	auto	origin/master	d254391d5e84546f96576e5b67dfb6bafe9fc301	leanprover/lean4:v4.24.0	1	Velvet/Examples/Recursion.lean	calc_fact_correct	3040060259141493307	3040060259141493307	pass	-	68	-	¬i < n
velvet	auto	origin/master	d254391d5e84546f96576e5b67dfb6bafe9fc301	leanprover/lean4:v4.24.0	1	Velvet/Examples/Recursion.lean	calc_fact_correct	8843960039229350233	8843960039229350233	pass	-	51	-	0 ≤ n
velvet	auto	origin/master	d254391d5e84546f96576e5b67dfb6bafe9fc301	leanprover/lean4:v4.24.0	1	Velvet/Examples/Recursion.lean	calc_fact_correct	414362943496193222	414362943496193222	pass	-	50	-	0 * x = 0
velvet	auto	origin/master	d254391d5e84546f96576e5b67dfb6bafe9fc301	leanprover/lean4:v4.24.0	1	Velvet/Examples/Recursion.lean	calc_fact_correct	17682712502848666117	17682712502848666117	fail	tactic	155	backend returned without closing the goal	fact n = i_1
velvet	auto	origin/master	d254391d5e84546f96576e5b67dfb6bafe9fc301	leanprover/lean4:v4.24.0	1	Velvet/Examples/Recursion.lean	SimpleOption_correct	10153057550358142642	10153057550358142642	pass	-	44	-	1 > 0
velvet	auto	origin/master	d254391d5e84546f96576e5b67dfb6bafe9fc301	leanprover/lean4:v4.24.0	1	Velvet/Examples/Recursion.lean	SimpleOption_correct	1511426402368662420	1511426402368662420	pass	-	44	-	val✝ + 2 > 0
velvet	auto	origin/master	d254391d5e84546f96576e5b67dfb6bafe9fc301	leanprover/lean4:v4.24.0	1	Velvet/Examples/Recursion.lean	SimpleList_correct	12303175613740643342	12303175613740643342	pass	-	59	-	x + i > 0
velvet	auto	origin/master	d254391d5e84546f96576e5b67dfb6bafe9fc301	leanprover/lean4:v4.24.0	1	Velvet/Examples/Recursion.lean	SimpleList_correct	10153057550358142642	10153057550358142642	pass	-	52	-	1 > 0
velvet	auto	origin/master	d254391d5e84546f96576e5b67dfb6bafe9fc301	leanprover/lean4:v4.24.0	1	Velvet/Examples/Recursion.lean	insertTree_correct	419217539048902517	419217539048902517	pass	-	40	-	∀ (x : ℕ), x = elem ∨ contains (mt1.Leaf a✝) x ↔ contains (mt1.Leaf a✝) x
velvet	auto	origin/master	d254391d5e84546f96576e5b67dfb6bafe9fc301	leanprover/lean4:v4.24.0	1	Velvet/Examples/Recursion.lean	insertTree_correct	785945476856620183	785945476856620183	pass	-	35	-	contains (mt1.Leaf a✝) elem
velvet	auto	origin/master	d254391d5e84546f96576e5b67dfb6bafe9fc301	leanprover/lean4:v4.24.0	1	Velvet/Examples/Recursion.lean	insertTree_correct	14100858011260313832	14100858011260313832	pass	-	47	-	∀ (x : ℕ), x = elem ∨ contains (mt1.Leaf a✝) x ↔ contains ((mt1.Leaf a✝).Node mt1.Empty elem) x
velvet	auto	origin/master	d254391d5e84546f96576e5b67dfb6bafe9fc301	leanprover/lean4:v4.24.0	1	Velvet/Examples/Recursion.lean	insertTree_correct	5439148242694091386	5439148242694091386	pass	-	44	-	(∀ (x : ℕ), contains (mt1.Leaf a✝) x → x < elem) ∧ ∀ (x : ℕ), contains mt1.Empty x → x > elem
velvet	auto	origin/master	d254391d5e84546f96576e5b67dfb6bafe9fc301	leanprover/lean4:v4.24.0	1	Velvet/Examples/Recursion.lean	insertTree_correct	13358020527010658417	13358020527010658417	pass	-	43	-	contains ((mt1.Leaf a✝).Node mt1.Empty elem) elem
velvet	auto	origin/master	d254391d5e84546f96576e5b67dfb6bafe9fc301	leanprover/lean4:v4.24.0	1	Velvet/Examples/Recursion.lean	insertTree_correct	8603391761408256204	8603391761408256204	pass	-	55	-	∀ (x : ℕ), x = elem ∨ contains (mt1.Leaf a✝) x ↔ contains (mt1.Empty.Node (mt1.Leaf a✝) elem) x
velvet	auto	origin/master	d254391d5e84546f96576e5b67dfb6bafe9fc301	leanprover/lean4:v4.24.0	1	Velvet/Examples/Recursion.lean	insertTree_correct	403261720200322615	403261720200322615	pass	-	48	-	(∀ (x : ℕ), contains mt1.Empty x → x < elem) ∧ ∀ (x : ℕ), contains (mt1.Leaf a✝) x → x > elem
velvet	auto	origin/master	d254391d5e84546f96576e5b67dfb6bafe9fc301	leanprover/lean4:v4.24.0	1	Velvet/Examples/Recursion.lean	insertTree_correct	13334821868243949956	13334821868243949956	pass	-	38	-	contains (mt1.Empty.Node (mt1.Leaf a✝) elem) elem
velvet	auto	origin/master	d254391d5e84546f96576e5b67dfb6bafe9fc301	leanprover/lean4:v4.24.0	1	Velvet/Examples/Recursion.lean	insertTree_correct	10034441991535992553	10034441991535992553	pass	-	38	-	∀ (x : ℕ), x = elem ∨ contains mt1.Empty x ↔ contains (mt1.Leaf elem) x
velvet	auto	origin/master	d254391d5e84546f96576e5b67dfb6bafe9fc301	leanprover/lean4:v4.24.0	1	Velvet/Examples/Recursion.lean	insertTree_correct	8410732340261024813	8410732340261024813	pass	-	90	-	∀ (x : ℕ), x = elem ∨ contains (a✝².Node a✝¹ a✝) x ↔ contains (a✝².Node a✝¹ a✝) x
velvet	auto	origin/master	d254391d5e84546f96576e5b67dfb6bafe9fc301	leanprover/lean4:v4.24.0	1	Velvet/Examples/Recursion.lean	insertTree_correct	13887296291903300382	13887296291903300382	pass	-	84	-	ordered_tree (a✝².Node a✝¹ a✝)
velvet	auto	origin/master	d254391d5e84546f96576e5b67dfb6bafe9fc301	leanprover/lean4:v4.24.0	1	Velvet/Examples/Recursion.lean	insertTree_correct	6517665507579609563	6517665507579609563	pass	-	75	-	contains (a✝².Node a✝¹ a✝) elem
velvet	auto	origin/master	d254391d5e84546f96576e5b67dfb6bafe9fc301	leanprover/lean4:v4.24.0	1	Velvet/Examples/Recursion.lean	insertTree_correct	1926823926199498616	1926823926199498616	pass	-	77	-	ordered_tree a✝¹
velvet	auto	origin/master	d254391d5e84546f96576e5b67dfb6bafe9fc301	leanprover/lean4:v4.24.0	1	Velvet/Examples/Recursion.lean	insertTree_correct	4691160922418792609	4691160922418792609	pass	-	94	-	∀ (x_1 : ℕ), x_1 = elem ∨ contains (a✝².Node a✝¹ a✝) x_1 ↔ contains (a✝².Node x a✝) x_1
velvet	auto	origin/master	d254391d5e84546f96576e5b67dfb6bafe9fc301	leanprover/lean4:v4.24.0	1	Velvet/Examples/Recursion.lean	insertTree_correct	5459752633259142580	5459752633259142580	pass	-	97	-	ordered_tree (a✝².Node x a✝)
velvet	auto	origin/master	d254391d5e84546f96576e5b67dfb6bafe9fc301	leanprover/lean4:v4.24.0	1	Velvet/Examples/Recursion.lean	insertTree_correct	14235806948139691359	14235806948139691359	pass	-	88	-	contains (a✝².Node x a✝) elem
velvet	auto	origin/master	d254391d5e84546f96576e5b67dfb6bafe9fc301	leanprover/lean4:v4.24.0	1	Velvet/Examples/Recursion.lean	insertTree_correct	275146994291977655	275146994291977655	pass	-	76	-	ordered_tree a✝²
velvet	auto	origin/master	d254391d5e84546f96576e5b67dfb6bafe9fc301	leanprover/lean4:v4.24.0	1	Velvet/Examples/Recursion.lean	insertTree_correct	7037529583856086989	7037529583856086989	pass	-	94	-	∀ (x_1 : ℕ), x_1 = elem ∨ contains (a✝².Node a✝¹ a✝) x_1 ↔ contains (x.Node a✝¹ a✝) x_1
velvet	auto	origin/master	d254391d5e84546f96576e5b67dfb6bafe9fc301	leanprover/lean4:v4.24.0	1	Velvet/Examples/Recursion.lean	insertTree_correct	5348143843544294657	5348143843544294657	pass	-	95	-	ordered_tree (x.Node a✝¹ a✝)
velvet	auto	origin/master	d254391d5e84546f96576e5b67dfb6bafe9fc301	leanprover/lean4:v4.24.0	1	Velvet/Examples/Recursion.lean	insertTree_correct	11865403806314311412	11865403806314311412	pass	-	89	-	contains (x.Node a✝¹ a✝) elem
velvet	auto	origin/master	d254391d5e84546f96576e5b67dfb6bafe9fc301	leanprover/lean4:v4.24.0	1	Velvet/Examples/Recursion.lean	complex_measure_binsearch_correct	4528940613904177901	4528940613904177901	fail	tactic	5204	backend returned without closing the goal	x ≤ (l + 1) * (l + 1)
velvet	auto	origin/master	d254391d5e84546f96576e5b67dfb6bafe9fc301	leanprover/lean4:v4.24.0	1	Velvet/Examples/Recursion.lean	complex_measure_binsearch_correct	4049183095434299843	4049183095434299843	pass	-	60	-	l * l ≤ x
velvet	auto	origin/master	d254391d5e84546f96576e5b67dfb6bafe9fc301	leanprover/lean4:v4.24.0	1	Velvet/Examples/Recursion.lean	complex_measure_binsearch_correct	7275559839122250210	7275559839122250210	pass	-	86	-	x < r * r
velvet	auto	origin/master	d254391d5e84546f96576e5b67dfb6bafe9fc301	leanprover/lean4:v4.24.0	1	Velvet/Examples/Recursion.lean	complex_measure_binsearch_correct	7360868690920052366	7360868690920052366	pass	-	83	-	(l + (r - l) / 2) * (l + (r - l) / 2) ≤ x
velvet	auto	origin/master	d254391d5e84546f96576e5b67dfb6bafe9fc301	leanprover/lean4:v4.24.0	1	Velvet/Examples/Recursion.lean	complex_measure_binsearch_correct	4851910658932930142	4851910658932930142	pass	-	88	-	x ≤ (x_1 + 1) * (x_1 + 1)
velvet	auto	origin/master	d254391d5e84546f96576e5b67dfb6bafe9fc301	leanprover/lean4:v4.24.0	1	Velvet/Examples/Recursion.lean	complex_measure_binsearch_correct	7656706852135243209	7656706852135243209	pass	-	88	-	x_1 * x_1 ≤ x
velvet	auto	origin/master	d254391d5e84546f96576e5b67dfb6bafe9fc301	leanprover/lean4:v4.24.0	1	Velvet/Examples/Recursion.lean	complex_measure_binsearch_correct	9897963110172432531	9897963110172432531	pass	-	81	-	x < (l + (r - l) / 2) * (l + (r - l) / 2)
velvet	auto	origin/master	d254391d5e84546f96576e5b67dfb6bafe9fc301	leanprover/lean4:v4.24.0	1	Velvet/Examples/Recursion.lean	complex_measure_binsearch_correct	4049183095434299843	4049183095434299843	pass	-	83	-	l * l ≤ x
velvet	auto	origin/master	d254391d5e84546f96576e5b67dfb6bafe9fc301	leanprover/lean4:v4.24.0	1	Velvet/Examples/Recursion.lean	complex_measure_binsearch_correct	4851910658932930142	4851910658932930142	pass	-	94	-	x ≤ (x_1 + 1) * (x_1 + 1)
velvet	auto	origin/master	d254391d5e84546f96576e5b67dfb6bafe9fc301	leanprover/lean4:v4.24.0	1	Velvet/Examples/Recursion.lean	complex_measure_binsearch_correct	7656706852135243209	7656706852135243209	pass	-	78185	-	x_1 * x_1 ≤ x
velvet	auto	origin/master	d254391d5e84546f96576e5b67dfb6bafe9fc301	leanprover/lean4:v4.24.0	1	Velvet/Examples/Recursion.lean	pow2_correct	5804668677648722939	5804668677648722939	fail	tactic	77	backend returned without closing the goal	2 ^ n = 1
velvet	auto	origin/master	d254391d5e84546f96576e5b67dfb6bafe9fc301	leanprover/lean4:v4.24.0	1	Velvet/Examples/Recursion.lean	pow2_correct	5360899794933563671	5360899794933563671	pass	-	82	-	i + 1 ≤ n
velvet	auto	origin/master	d254391d5e84546f96576e5b67dfb6bafe9fc301	leanprover/lean4:v4.24.0	1	Velvet/Examples/Recursion.lean	pow2_correct	2669204144888843361	2669204144888843361	fail	tactic	110	backend returned without closing the goal	2 ^ (i + 1) = ans + x
velvet	auto	origin/master	d254391d5e84546f96576e5b67dfb6bafe9fc301	leanprover/lean4:v4.24.0	1	Velvet/Examples/Recursion.lean	pow2_correct	17426933449823366573	17426933449823366573	pass	-	82	-	n - (i + 1) < n - i
velvet	auto	origin/master	d254391d5e84546f96576e5b67dfb6bafe9fc301	leanprover/lean4:v4.24.0	1	Velvet/Examples/Recursion.lean	pow2_correct	8436330743851721663	8436330743851721663	pass	-	66	-	i ≤ n
velvet	auto	origin/master	d254391d5e84546f96576e5b67dfb6bafe9fc301	leanprover/lean4:v4.24.0	1	Velvet/Examples/Recursion.lean	pow2_correct	50664709297785488	50664709297785488	pass	-	75	-	2 ^ i = ans
velvet	auto	origin/master	d254391d5e84546f96576e5b67dfb6bafe9fc301	leanprover/lean4:v4.24.0	1	Velvet/Examples/Recursion.lean	pow2_correct	3040060259141493307	3040060259141493307	pass	-	63	-	¬i < n
velvet	auto	origin/master	d254391d5e84546f96576e5b67dfb6bafe9fc301	leanprover/lean4:v4.24.0	1	Velvet/Examples/Recursion.lean	pow2_correct	8843960039229350233	8843960039229350233	pass	-	44	-	0 ≤ n
velvet	auto	origin/master	d254391d5e84546f96576e5b67dfb6bafe9fc301	leanprover/lean4:v4.24.0	1	Velvet/Examples/Recursion.lean	pow2_correct	11033618788013063028	11033618788013063028	pass	-	56	-	2 ^ 0 = 1
velvet	auto	origin/master	d254391d5e84546f96576e5b67dfb6bafe9fc301	leanprover/lean4:v4.24.0	1	Velvet/Examples/Recursion.lean	pow2_correct	12960500676855313787	12960500676855313787	pass	-	123	-	2 ^ n = i_1
velvet	auto	origin/master	d254391d5e84546f96576e5b67dfb6bafe9fc301	leanprover/lean4:v4.24.0	1	Velvet/Examples/SpMSpV_Example.lean	VSpV_correct	1967192165379400567	1967192165379400567	fail	tactic	10492	backend returned without closing the goal	(out.set! 0 (out[0]! + spv.val[ind]! * arr[spv.ind[ind]!]!)).size = 1
velvet	auto	origin/master	d254391d5e84546f96576e5b67dfb6bafe9fc301	leanprover/lean4:v4.24.0	1	Velvet/Examples/SpMSpV_Example.lean	VSpV_correct	8738685113314976701	8738685113314976701	pass	-	414	-	ind + 1 ≤ spv.size
velvet	auto	origin/master	d254391d5e84546f96576e5b67dfb6bafe9fc301	leanprover/lean4:v4.24.0	1	Velvet/Examples/SpMSpV_Example.lean	VSpV_correct	3203096880704497577	3203096880704497577	pass	-	478	-	(out.set! 0 (out[0]! + spv.val[ind]! * arr[spv.ind[ind]!]!))[0]! = sumUpTo spv arr (ind + 1)
velvet	auto	origin/master	d254391d5e84546f96576e5b67dfb6bafe9fc301	leanprover/lean4:v4.24.0	1	Velvet/Examples/SpMSpV_Example.lean	VSpV_correct	13561229236986007424	13561229236986007424	pass	-	417	-	out.size = 1
velvet	auto	origin/master	d254391d5e84546f96576e5b67dfb6bafe9fc301	leanprover/lean4:v4.24.0	1	Velvet/Examples/SpMSpV_Example.lean	VSpV_correct	4023749508134620518	4023749508134620518	pass	-	412	-	ind ≤ spv.size
velvet	auto	origin/master	d254391d5e84546f96576e5b67dfb6bafe9fc301	leanprover/lean4:v4.24.0	1	Velvet/Examples/SpMSpV_Example.lean	VSpV_correct	6516497319029947851	6516497319029947851	pass	-	458	-	out[0]! = sumUpTo spv arr ind
velvet	auto	origin/master	d254391d5e84546f96576e5b67dfb6bafe9fc301	leanprover/lean4:v4.24.0	1	Velvet/Examples/SpMSpV_Example.lean	VSpV_correct	6511268073169614694	6511268073169614694	pass	-	418	-	ind = spv.size
velvet	auto	origin/master	d254391d5e84546f96576e5b67dfb6bafe9fc301	leanprover/lean4:v4.24.0	1	Velvet/Examples/SpMSpV_Example.lean	VSpV_correct	3467184461832131134	3467184461832131134	pass	-	306	-	(Array.replicate 1 0).size = 1
velvet	auto	origin/master	d254391d5e84546f96576e5b67dfb6bafe9fc301	leanprover/lean4:v4.24.0	1	Velvet/Examples/SpMSpV_Example.lean	VSpV_correct	975338514235632457	975338514235632457	pass	-	323	-	0 ≤ spv.size
velvet	auto	origin/master	d254391d5e84546f96576e5b67dfb6bafe9fc301	leanprover/lean4:v4.24.0	1	Velvet/Examples/SpMSpV_Example.lean	VSpV_correct	12341185047943028706	12341185047943028706	pass	-	382	-	(Array.replicate 1 0)[0]! = sumUpTo spv arr 0
velvet	auto	origin/master	d254391d5e84546f96576e5b67dfb6bafe9fc301	leanprover/lean4:v4.24.0	1	Velvet/Examples/SpMSpV_Example.lean	VSpV_correct	17907350532264535304	17907350532264535304	pass	-	511	-	out_1[0]! = sumUpTo spv arr spv.size
velvet	auto	origin/master	d254391d5e84546f96576e5b67dfb6bafe9fc301	leanprover/lean4:v4.24.0	1	Velvet/Examples/SpMSpV_Example.lean	VSpV_correct	6948348975417913427	6948348975417913427	pass	-	453	-	out_1.size = 1
velvet	auto	origin/master	d254391d5e84546f96576e5b67dfb6bafe9fc301	leanprover/lean4:v4.24.0	1	Velvet/Examples/SpMSpV_Example.lean	spmv_correct	2560064229450187973	2560064229450187973	fail	tactic	10930	backend returned without closing the goal	(arrInd.set! i (arrInd[i]! + 1)).size = spm.size
velvet	auto	origin/master	d254391d5e84546f96576e5b67dfb6bafe9fc301	leanprover/lean4:v4.24.0	1	Velvet/Examples/SpMSpV_Example.lean	spmv_correct	11268031057524734514	11268031057524734514	fail	tactic	11061	backend returned without closing the goal	(out.set! i (out[i]! + spm[i]!.val[arrInd[i]!]! * arr[spm[i]!.ind[arrInd[i]!]!]!)).size = spm.size
velvet	auto	origin/master	d254391d5e84546f96576e5b67dfb6bafe9fc301	leanprover/lean4:v4.24.0	1	Velvet/Examples/SpMSpV_Example.lean	spmv_correct	10035930273513517515	10035930273513517515	fail	tactic	56014	backend returned without closing the goal	∀ i_1 < (arrInd.set! i (arrInd[i]! + 1)).size, (arrInd.set! i (arrInd[i]! + 1))[i_1]! ≤ spm[i_1]!.size
velvet	auto	origin/master	d254391d5e84546f96576e5b67dfb6bafe9fc301	leanprover/lean4:v4.24.0	1	Velvet/Examples/SpMSpV_Example.lean	spmv_correct	4828757563640441921	4828757563640441921	fail	tactic	11053	backend returned without closing the goal	∀ i_1 < (arrInd.set! i (arrInd[i]! + 1)).size,   (out.set! i (out[i]! + spm[i]!.val[arrInd[i]!]! * arr[spm[i]!.ind[arrInd[i]!]!]!))[i_1]! =     sumUpTo spm[i_1]! arr (arrInd.set! i (arrInd[i]! + 1))[i_1]!
velvet	auto	origin/master	d254391d5e84546f96576e5b67dfb6bafe9fc301	leanprover/lean4:v4.24.0	1	Velvet/Examples/SpMSpV_Example.lean	spmv_correct	11230331504797547582	11230331504797547582	pass	-	512	-	arrInd.size = spm.size
velvet	auto	origin/master	d254391d5e84546f96576e5b67dfb6bafe9fc301	leanprover/lean4:v4.24.0	1	Velvet/Examples/SpMSpV_Example.lean	spmv_correct	17578923063843270768	17578923063843270768	pass	-	538	-	out.size = spm.size
velvet	auto	origin/master	d254391d5e84546f96576e5b67dfb6bafe9fc301	leanprover/lean4:v4.24.0	1	Velvet/Examples/SpMSpV_Example.lean	spmv_correct	9723121325275610683	9723121325275610683	pass	-	507	-	∀ i < arrInd.size, arrInd[i]! ≤ spm[i]!.size
velvet	auto	origin/master	d254391d5e84546f96576e5b67dfb6bafe9fc301	leanprover/lean4:v4.24.0	1	Velvet/Examples/SpMSpV_Example.lean	spmv_correct	17138153512408342530	17138153512408342530	pass	-	650	-	∀ i < arrInd.size, out[i]! = sumUpTo spm[i]! arr arrInd[i]!
velvet	auto	origin/master	d254391d5e84546f96576e5b67dfb6bafe9fc301	leanprover/lean4:v4.24.0	1	Velvet/Examples/SpMSpV_Example.lean	spmv_correct	1779879977175361606	1779879977175361606	pass	-	516	-	∀ i < arrInd.size, arrInd[i]! = spm[i]!.size
velvet	auto	origin/master	d254391d5e84546f96576e5b67dfb6bafe9fc301	leanprover/lean4:v4.24.0	1	Velvet/Examples/SpMSpV_Example.lean	spmv_correct	1927473323286999035	1927473323286999035	fail	tactic	5519	backend returned without closing the goal	(Array.replicate spm.size 0).size = spm.size
velvet	auto	origin/master	d254391d5e84546f96576e5b67dfb6bafe9fc301	leanprover/lean4:v4.24.0	1	Velvet/Examples/SpMSpV_Example.lean	spmv_correct	1927473323286999035	1927473323286999035	fail	tactic	5484	backend returned without closing the goal	(Array.replicate spm.size 0).size = spm.size
velvet	auto	origin/master	d254391d5e84546f96576e5b67dfb6bafe9fc301	leanprover/lean4:v4.24.0	1	Velvet/Examples/SpMSpV_Example.lean	spmv_correct	3184815126966959579	3184815126966959579	fail	tactic	5529	backend returned without closing the goal	∀ i < (Array.replicate spm.size 0).size, (Array.replicate spm.size 0)[i]! ≤ spm[i]!.size
velvet	auto	origin/master	d254391d5e84546f96576e5b67dfb6bafe9fc301	leanprover/lean4:v4.24.0	1	Velvet/Examples/SpMSpV_Example.lean	spmv_correct	1119395027554635835	1119395027554635835	fail	tactic	10719	backend returned without closing the goal	∀ i < (Array.replicate spm.size 0).size,   (Array.replicate spm.size 0)[i]! = sumUpTo spm[i]! arr (Array.replicate spm.size 0)[i]!
velvet	auto	origin/master	d254391d5e84546f96576e5b67dfb6bafe9fc301	leanprover/lean4:v4.24.0	1	Velvet/Examples/SpMSpV_Example.lean	spmv_correct	2867453267844152322	2867453267844152322	pass	-	673	-	∀ i < spm.size, out_1[i]! = sumUpTo spm[i]! arr spm[i]!.size
velvet	auto	origin/master	d254391d5e84546f96576e5b67dfb6bafe9fc301	leanprover/lean4:v4.24.0	1	Velvet/Examples/SpMSpV_Example.lean	spmv_correct	16615537408723427288	16615537408723427288	pass	-	15495	-	spm.size = out_1.size
velvet	auto	origin/master	d254391d5e84546f96576e5b67dfb6bafe9fc301	leanprover/lean4:v4.24.0	1	Velvet/Examples/SpMSpV_Example.lean	SpVSpV_correct	7752079179715214779	7752079179715214779	fail	tactic	5664	backend returned without closing the goal	(out.set! 0 (out[0]! + spv1.val[pnt1]! * spv2.val[pnt2]!)).size = 1
velvet	auto	origin/master	d254391d5e84546f96576e5b67dfb6bafe9fc301	leanprover/lean4:v4.24.0	1	Velvet/Examples/SpMSpV_Example.lean	SpVSpV_correct	12365816836206760017	12365816836206760017	pass	-	570	-	pnt1 + 1 ≤ spv1.size ∧ pnt2 + 1 ≤ spv2.size
velvet	auto	origin/master	d254391d5e84546f96576e5b67dfb6bafe9fc301	leanprover/lean4:v4.24.0	1	Velvet/Examples/SpMSpV_Example.lean	SpVSpV_correct	14837198768818932204	14837198768818932204	pass	-	722	-	(out.set! 0 (out[0]! + spv1.val[pnt1]! * spv2.val[pnt2]!))[0]! + spv_dot spv1 spv2 (pnt1 + 1) (pnt2 + 1) =   spv_dot spv1 spv2 0 0
velvet	auto	origin/master	d254391d5e84546f96576e5b67dfb6bafe9fc301	leanprover/lean4:v4.24.0	1	Velvet/Examples/SpMSpV_Example.lean	SpVSpV_correct	13561229236986007424	13561229236986007424	pass	-	615	-	out.size = 1
velvet	auto	origin/master	d254391d5e84546f96576e5b67dfb6bafe9fc301	leanprover/lean4:v4.24.0	1	Velvet/Examples/SpMSpV_Example.lean	SpVSpV_correct	15323100967004739210	15323100967004739210	pass	-	582	-	pnt1 + 1 ≤ spv1.size ∧ pnt2 ≤ spv2.size
velvet	auto	origin/master	d254391d5e84546f96576e5b67dfb6bafe9fc301	leanprover/lean4:v4.24.0	1	Velvet/Examples/SpMSpV_Example.lean	SpVSpV_correct	10656169208955874266	10656169208955874266	pass	-	650	-	out[0]! + spv_dot spv1 spv2 (pnt1 + 1) pnt2 = spv_dot spv1 spv2 0 0
velvet	auto	origin/master	d254391d5e84546f96576e5b67dfb6bafe9fc301	leanprover/lean4:v4.24.0	1	Velvet/Examples/SpMSpV_Example.lean	SpVSpV_correct	13561229236986007424	13561229236986007424	pass	-	610	-	out.size = 1
velvet	auto	origin/master	d254391d5e84546f96576e5b67dfb6bafe9fc301	leanprover/lean4:v4.24.0	1	Velvet/Examples/SpMSpV_Example.lean	SpVSpV_correct	9762937465648280212	9762937465648280212	pass	-	608	-	pnt1 ≤ spv1.size ∧ pnt2 + 1 ≤ spv2.size
velvet	auto	origin/master	d254391d5e84546f96576e5b67dfb6bafe9fc301	leanprover/lean4:v4.24.0	1	Velvet/Examples/SpMSpV_Example.lean	SpVSpV_correct	2195194365498566470	2195194365498566470	pass	-	670	-	out[0]! + spv_dot spv1 spv2 pnt1 (pnt2 + 1) = spv_dot spv1 spv2 0 0
velvet	auto	origin/master	d254391d5e84546f96576e5b67dfb6bafe9fc301	leanprover/lean4:v4.24.0	1	Velvet/Examples/SpMSpV_Example.lean	SpVSpV_correct	13561229236986007424	13561229236986007424	pass	-	573	-	out.size = 1
velvet	auto	origin/master	d254391d5e84546f96576e5b67dfb6bafe9fc301	leanprover/lean4:v4.24.0	1	Velvet/Examples/SpMSpV_Example.lean	SpVSpV_correct	11853401597336712609	11853401597336712609	pass	-	528	-	pnt1 ≤ spv1.size ∧ pnt2 ≤ spv2.size
velvet	auto	origin/master	d254391d5e84546f96576e5b67dfb6bafe9fc301	leanprover/lean4:v4.24.0	1	Velvet/Examples/SpMSpV_Example.lean	SpVSpV_correct	8906564304959696025	8906564304959696025	pass	-	499	-	out[0]! + spv_dot spv1 spv2 pnt1 pnt2 = spv_dot spv1 spv2 0 0
velvet	auto	origin/master	d254391d5e84546f96576e5b67dfb6bafe9fc301	leanprover/lean4:v4.24.0	1	Velvet/Examples/SpMSpV_Example.lean	SpVSpV_correct	2836632441074815746	2836632441074815746	pass	-	518	-	pnt1 = spv1.size ∨ pnt2 = spv2.size
velvet	auto	origin/master	d254391d5e84546f96576e5b67dfb6bafe9fc301	leanprover/lean4:v4.24.0	1	Velvet/Examples/SpMSpV_Example.lean	SpVSpV_correct	3467184461832131134	3467184461832131134	pass	-	533	-	(Array.replicate 1 0).size = 1
velvet	auto	origin/master	d254391d5e84546f96576e5b67dfb6bafe9fc301	leanprover/lean4:v4.24.0	1	Velvet/Examples/SpMSpV_Example.lean	SpVSpV_correct	9157999431728333977	9157999431728333977	pass	-	540	-	0 ≤ spv1.size ∧ 0 ≤ spv2.size
velvet	auto	origin/master	d254391d5e84546f96576e5b67dfb6bafe9fc301	leanprover/lean4:v4.24.0	1	Velvet/Examples/SpMSpV_Example.lean	SpVSpV_correct	12484676100150332319	12484676100150332319	fail	tactic	5606	backend returned without closing the goal	(Array.replicate 1 0)[0]! + spv_dot spv1 spv2 0 0 = spv_dot spv1 spv2 0 0
velvet	auto	origin/master	d254391d5e84546f96576e5b67dfb6bafe9fc301	leanprover/lean4:v4.24.0	1	Velvet/Examples/SpMSpV_Example.lean	SpVSpV_correct	6547543738413559297	6547543738413559297	pass	-	625	-	i[0]! = spv_dot spv1 spv2 0 0
velvet	auto	origin/master	d254391d5e84546f96576e5b67dfb6bafe9fc301	leanprover/lean4:v4.24.0	1	Velvet/Examples/SpMSpV_Example.lean	SpVSpV_correct	4428589781148415831	4428589781148415831	pass	-	588	-	i.size = 1
velvet	auto	origin/master	d254391d5e84546f96576e5b67dfb6bafe9fc301	leanprover/lean4:v4.24.0	1	Velvet/Examples/SpMSpV_Example.lean	SpMSpV_correct	10600388612998636634	10600388612998636634	fail	tactic	10727	backend returned without closing the goal	(spvInd.set! i (spvInd[i]! + 1)).size = spm.size
velvet	auto	origin/master	d254391d5e84546f96576e5b67dfb6bafe9fc301	leanprover/lean4:v4.24.0	1	Velvet/Examples/SpMSpV_Example.lean	SpMSpV_correct	12568830336983413194	12568830336983413194	fail	tactic	10699	backend returned without closing the goal	(spmInd.set! i (spmInd[i]! + 1)).size = spm.size
velvet	auto	origin/master	d254391d5e84546f96576e5b67dfb6bafe9fc301	leanprover/lean4:v4.24.0	1	Velvet/Examples/SpMSpV_Example.lean	SpMSpV_correct	326977185203169709	326977185203169709	fail	tactic	54197	backend returned without closing the goal	(out.set! i (out[i]! + spm[i]!.val[spmInd[i]!]! * spv.val[spvInd[i]!]!)).size = spm.size
velvet	auto	origin/master	d254391d5e84546f96576e5b67dfb6bafe9fc301	leanprover/lean4:v4.24.0	1	Velvet/Examples/SpMSpV_Example.lean	SpMSpV_correct	16599719904663808863	16599719904663808863	fail	tactic	11046	backend returned without closing the goal	∀ i_1 < (spmInd.set! i (spmInd[i]! + 1)).size, (spmInd.set! i (spmInd[i]! + 1))[i_1]! ≤ spm[i_1]!.size
velvet	auto	origin/master	d254391d5e84546f96576e5b67dfb6bafe9fc301	leanprover/lean4:v4.24.0	1	Velvet/Examples/SpMSpV_Example.lean	SpMSpV_correct	9413868035314052637	9413868035314052637	fail	tactic	10757	backend returned without closing the goal	∀ i_1 < (spvInd.set! i (spvInd[i]! + 1)).size, (spvInd.set! i (spvInd[i]! + 1))[i_1]! ≤ spv.size
velvet	auto	origin/master	d254391d5e84546f96576e5b67dfb6bafe9fc301	leanprover/lean4:v4.24.0	1	Velvet/Examples/SpMSpV_Example.lean	SpMSpV_correct	11331147013392176036	11331147013392176036	pass	-	843	-	∀ i_1 < spm.size,   (out.set! i (out[i]! + spm[i]!.val[spmInd[i]!]! * spv.val[spvInd[i]!]!))[i_1]! +       spv_dot spm[i_1]! spv (spmInd.set! i (spmInd[i]! + 1))[i_1]! (spvInd.set! i (spvInd[i]! + 1))[i_1]! =     spv_dot spm[i_1]! spv 0 0
velvet	auto	origin/master	d254391d5e84546f96576e5b67dfb6bafe9fc301	leanprover/lean4:v4.24.0	1	Velvet/Examples/SpMSpV_Example.lean	SpMSpV_correct	3439126561156933339	3439126561156933339	pass	-	678	-	spvInd.size = spm.size
velvet	auto	origin/master	d254391d5e84546f96576e5b67dfb6bafe9fc301	leanprover/lean4:v4.24.0	1	Velvet/Examples/SpMSpV_Example.lean	SpMSpV_correct	12568830336983413194	12568830336983413194	fail	tactic	11396	backend returned without closing the goal	(spmInd.set! i (spmInd[i]! + 1)).size = spm.size
velvet	auto	origin/master	d254391d5e84546f96576e5b67dfb6bafe9fc301	leanprover/lean4:v4.24.0	1	Velvet/Examples/SpMSpV_Example.lean	SpMSpV_correct	17578923063843270768	17578923063843270768	pass	-	660	-	out.size = spm.size
velvet	auto	origin/master	d254391d5e84546f96576e5b67dfb6bafe9fc301	leanprover/lean4:v4.24.0	1	Velvet/Examples/SpMSpV_Example.lean	SpMSpV_correct	16599719904663808863	16599719904663808863	fail	tactic	26281	backend returned without closing the goal	∀ i_1 < (spmInd.set! i (spmInd[i]! + 1)).size, (spmInd.set! i (spmInd[i]! + 1))[i_1]! ≤ spm[i_1]!.size
velvet	auto	origin/master	d254391d5e84546f96576e5b67dfb6bafe9fc301	leanprover/lean4:v4.24.0	1	Velvet/Examples/SpMSpV_Example.lean	SpMSpV_correct	14915918579342464454	14915918579342464454	pass	-	699	-	∀ i < spvInd.size, spvInd[i]! ≤ spv.size
velvet	auto	origin/master	d254391d5e84546f96576e5b67dfb6bafe9fc301	leanprover/lean4:v4.24.0	1	Velvet/Examples/SpMSpV_Example.lean	SpMSpV_correct	9290686424640906065	9290686424640906065	pass	-	816	-	∀ i_1 < spm.size,   out[i_1]! + spv_dot spm[i_1]! spv (spmInd.set! i (spmInd[i]! + 1))[i_1]! spvInd[i_1]! = spv_dot spm[i_1]! spv 0 0
velvet	auto	origin/master	d254391d5e84546f96576e5b67dfb6bafe9fc301	leanprover/lean4:v4.24.0	1	Velvet/Examples/SpMSpV_Example.lean	SpMSpV_correct	10600388612998636634	10600388612998636634	fail	tactic	5866	backend returned without closing the goal	(spvInd.set! i (spvInd[i]! + 1)).size = spm.size
velvet	auto	origin/master	d254391d5e84546f96576e5b67dfb6bafe9fc301	leanprover/lean4:v4.24.0	1	Velvet/Examples/SpMSpV_Example.lean	SpMSpV_correct	4457183463164791376	4457183463164791376	pass	-	688	-	spmInd.size = spm.size
velvet	auto	origin/master	d254391d5e84546f96576e5b67dfb6bafe9fc301	leanprover/lean4:v4.24.0	1	Velvet/Examples/SpMSpV_Example.lean	SpMSpV_correct	17578923063843270768	17578923063843270768	pass	-	678	-	out.size = spm.size
velvet	auto	origin/master	d254391d5e84546f96576e5b67dfb6bafe9fc301	leanprover/lean4:v4.24.0	1	Velvet/Examples/SpMSpV_Example.lean	SpMSpV_correct	4823872097887552574	4823872097887552574	pass	-	659	-	∀ i < spmInd.size, spmInd[i]! ≤ spm[i]!.size
velvet	auto	origin/master	d254391d5e84546f96576e5b67dfb6bafe9fc301	leanprover/lean4:v4.24.0	1	Velvet/Examples/SpMSpV_Example.lean	SpMSpV_correct	9413868035314052637	9413868035314052637	fail	tactic	5856	backend returned without closing the goal	∀ i_1 < (spvInd.set! i (spvInd[i]! + 1)).size, (spvInd.set! i (spvInd[i]! + 1))[i_1]! ≤ spv.size
velvet	auto	origin/master	d254391d5e84546f96576e5b67dfb6bafe9fc301	leanprover/lean4:v4.24.0	1	Velvet/Examples/SpMSpV_Example.lean	SpMSpV_correct	4033875047981720732	4033875047981720732	pass	-	730	-	∀ i_1 < spm.size,   out[i_1]! + spv_dot spm[i_1]! spv spmInd[i_1]! (spvInd.set! i (spvInd[i]! + 1))[i_1]! = spv_dot spm[i_1]! spv 0 0
velvet	auto	origin/master	d254391d5e84546f96576e5b67dfb6bafe9fc301	leanprover/lean4:v4.24.0	1	Velvet/Examples/SpMSpV_Example.lean	SpMSpV_correct	3439126561156933339	3439126561156933339	pass	-	505	-	spvInd.size = spm.size
velvet	auto	origin/master	d254391d5e84546f96576e5b67dfb6bafe9fc301	leanprover/lean4:v4.24.0	1	Velvet/Examples/SpMSpV_Example.lean	SpMSpV_correct	4457183463164791376	4457183463164791376	pass	-	490	-	spmInd.size = spm.size
velvet	auto	origin/master	d254391d5e84546f96576e5b67dfb6bafe9fc301	leanprover/lean4:v4.24.0	1	Velvet/Examples/SpMSpV_Example.lean	SpMSpV_correct	17578923063843270768	17578923063843270768	pass	-	489	-	out.size = spm.size
velvet	auto	origin/master	d254391d5e84546f96576e5b67dfb6bafe9fc301	leanprover/lean4:v4.24.0	1	Velvet/Examples/SpMSpV_Example.lean	SpMSpV_correct	4823872097887552574	4823872097887552574	pass	-	483	-	∀ i < spmInd.size, spmInd[i]! ≤ spm[i]!.size
velvet	auto	origin/master	d254391d5e84546f96576e5b67dfb6bafe9fc301	leanprover/lean4:v4.24.0	1	Velvet/Examples/SpMSpV_Example.lean	SpMSpV_correct	14915918579342464454	14915918579342464454	pass	-	484	-	∀ i < spvInd.size, spvInd[i]! ≤ spv.size
velvet	auto	origin/master	d254391d5e84546f96576e5b67dfb6bafe9fc301	leanprover/lean4:v4.24.0	1	Velvet/Examples/SpMSpV_Example.lean	SpMSpV_correct	10972595422634862877	10972595422634862877	pass	-	530	-	∀ i < spm.size, out[i]! + spv_dot spm[i]! spv spmInd[i]! spvInd[i]! = spv_dot spm[i]! spv 0 0
velvet	auto	origin/master	d254391d5e84546f96576e5b67dfb6bafe9fc301	leanprover/lean4:v4.24.0	1	Velvet/Examples/SpMSpV_Example.lean	SpMSpV_correct	8550776788309984180	8550776788309984180	pass	-	574	-	∀ i < spm.size, spmInd[i]! = spm[i]!.size ∨ spvInd[i]! = spv.size
velvet	auto	origin/master	d254391d5e84546f96576e5b67dfb6bafe9fc301	leanprover/lean4:v4.24.0	1	Velvet/Examples/SpMSpV_Example.lean	SpMSpV_correct	1927473323286999035	1927473323286999035	fail	tactic	5690	backend returned without closing the goal	(Array.replicate spm.size 0).size = spm.size
velvet	auto	origin/master	d254391d5e84546f96576e5b67dfb6bafe9fc301	leanprover/lean4:v4.24.0	1	Velvet/Examples/SpMSpV_Example.lean	SpMSpV_correct	1927473323286999035	1927473323286999035	fail	tactic	5646	backend returned without closing the goal	(Array.replicate spm.size 0).size = spm.size
velvet	auto	origin/master	d254391d5e84546f96576e5b67dfb6bafe9fc301	leanprover/lean4:v4.24.0	1	Velvet/Examples/SpMSpV_Example.lean	SpMSpV_correct	1927473323286999035	1927473323286999035	fail	tactic	5682	backend returned without closing the goal	(Array.replicate spm.size 0).size = spm.size
velvet	auto	origin/master	d254391d5e84546f96576e5b67dfb6bafe9fc301	leanprover/lean4:v4.24.0	1	Velvet/Examples/SpMSpV_Example.lean	SpMSpV_correct	3184815126966959579	3184815126966959579	fail	tactic	114476	backend returned without closing the goal	∀ i < (Array.replicate spm.size 0).size, (Array.replicate spm.size 0)[i]! ≤ spm[i]!.size
velvet	auto	origin/master	d254391d5e84546f96576e5b67dfb6bafe9fc301	leanprover/lean4:v4.24.0	1	Velvet/Examples/SpMSpV_Example.lean	SpMSpV_correct	5592904318722155373	5592904318722155373	fail	tactic	5677	backend returned without closing the goal	∀ i < (Array.replicate spm.size 0).size, (Array.replicate spm.size 0)[i]! ≤ spv.size
velvet	auto	origin/master	d254391d5e84546f96576e5b67dfb6bafe9fc301	leanprover/lean4:v4.24.0	1	Velvet/Examples/SpMSpV_Example.lean	SpMSpV_correct	9139246173028146264	9139246173028146264	fail	tactic	10728	backend returned without closing the goal	∀ i < spm.size,   (Array.replicate spm.size 0)[i]! +       spv_dot spm[i]! spv (Array.replicate spm.size 0)[i]! (Array.replicate spm.size 0)[i]! =     spv_dot spm[i]! spv 0 0
velvet	auto	origin/master	d254391d5e84546f96576e5b67dfb6bafe9fc301	leanprover/lean4:v4.24.0	1	Velvet/Examples/SpMSpV_Example.lean	SpMSpV_correct	1600226093076966364	1600226093076966364	pass	-	617	-	∀ i_3 < spm.size, i[i_3]! = spv_dot spm[i_3]! spv 0 0
velvet	auto	origin/master	d254391d5e84546f96576e5b67dfb6bafe9fc301	leanprover/lean4:v4.24.0	1	Velvet/Examples/SpMSpV_Example.lean	SpMSpV_correct	16615823506960250981	16615823506960250981	pass	-	601	-	i.size = spm.size
velvet	auto	origin/master	d254391d5e84546f96576e5b67dfb6bafe9fc301	leanprover/lean4:v4.24.0	1	Velvet/Examples/SubstringSearch.lean	SubstringSearch_correct	18217664312208415458	18217664312208415458	pass	-	109	-	¬false = true → ∀ i < s.size, ¬p s[i]! = true
velvet	auto	origin/master	d254391d5e84546f96576e5b67dfb6bafe9fc301	leanprover/lean4:v4.24.0	1	Velvet/Examples/SubstringSearch.lean	SubstringSearch_correct	14717207787831772510	14717207787831772510	pass	-	125	-	false = true → ∀ (l₁ r₁ : ℕ), CorrectSubstring s p l₁ r₁ → r₁ - l₁ + 1 = 0 - 0 + 1 ∧ 0 ≤ r₁ ∨ r₁ - l₁ + 1 < 0 - 0 + 1
velvet	auto	origin/master	d254391d5e84546f96576e5b67dfb6bafe9fc301	leanprover/lean4:v4.24.0	1	Velvet/Examples/SubstringSearch.lean	SubstringSearch_correct	10323933724704776680	10323933724704776680	pass	-	88	-	false = true → CorrectSubstring s p 0 0
velvet	auto	origin/master	d254391d5e84546f96576e5b67dfb6bafe9fc301	leanprover/lean4:v4.24.0	1	Velvet/Examples/SubstringSearch.lean	SubstringSearch_correct	8391554914672281118	8391554914672281118	pass	-	65	-	0 < s.size → 0 < s.size
velvet	auto	origin/master	d254391d5e84546f96576e5b67dfb6bafe9fc301	leanprover/lean4:v4.24.0	1	Velvet/Examples/SubstringSearch.lean	SubstringSearch_correct	6640297411548399355	6640297411548399355	pass	-	62	-	0 ≤ 0
velvet	auto	origin/master	d254391d5e84546f96576e5b67dfb6bafe9fc301	leanprover/lean4:v4.24.0	1	Velvet/Examples/SubstringSearch.lean	SubstringSearch_correct	4492008039209323302	4492008039209323302	pass	-	160	-	0 ≤ cnt + 1
velvet	auto	origin/master	d254391d5e84546f96576e5b67dfb6bafe9fc301	leanprover/lean4:v4.24.0	1	Velvet/Examples/SubstringSearch.lean	SubstringSearch_correct	16506446102682745284	16506446102682745284	pass	-	157	-	cnt + 1 ≤ pnt + 1
velvet	auto	origin/master	d254391d5e84546f96576e5b67dfb6bafe9fc301	leanprover/lean4:v4.24.0	1	Velvet/Examples/SubstringSearch.lean	SubstringSearch_correct	4056255141881592010	4056255141881592010	pass	-	166	-	pnt + 1 ≤ s.size
velvet	auto	origin/master	d254391d5e84546f96576e5b67dfb6bafe9fc301	leanprover/lean4:v4.24.0	1	Velvet/Examples/SubstringSearch.lean	SubstringSearch_correct	10653939026877543916	10653939026877543916	pass	-	170	-	pnt + 1 - (cnt + 1) ≤ pnt
velvet	auto	origin/master	d254391d5e84546f96576e5b67dfb6bafe9fc301	leanprover/lean4:v4.24.0	1	Velvet/Examples/SubstringSearch.lean	SubstringSearch_correct	11759649870705798849	11759649870705798849	pass	-	161	-	pnt < s.size
velvet	auto	origin/master	d254391d5e84546f96576e5b67dfb6bafe9fc301	leanprover/lean4:v4.24.0	1	Velvet/Examples/SubstringSearch.lean	SubstringSearch_correct	18143633401136980304	18143633401136980304	pass	-	161	-	cnt + 1 ≤ cnt + 1
velvet	auto	origin/master	d254391d5e84546f96576e5b67dfb6bafe9fc301	leanprover/lean4:v4.24.0	1	Velvet/Examples/SubstringSearch.lean	SubstringSearch_correct	16856248441874989194	16856248441874989194	pass	-	165	-	pnt ≤ pnt + 1
velvet	auto	origin/master	d254391d5e84546f96576e5b67dfb6bafe9fc301	leanprover/lean4:v4.24.0	1	Velvet/Examples/SubstringSearch.lean	SubstringSearch_correct	1598574868652780333	1598574868652780333	pass	-	178	-	∀ (j : ℕ), pnt + 1 - (cnt + 1) ≤ j → j < pnt + 1 → p s[j]! = true
velvet	auto	origin/master	d254391d5e84546f96576e5b67dfb6bafe9fc301	leanprover/lean4:v4.24.0	1	Velvet/Examples/SubstringSearch.lean	SubstringSearch_correct	6083540873046640352	6083540873046640352	pass	-	190	-	cnt + 1 > 0 → cnt + 1 = pnt - (pnt + 1 - (cnt + 1)) + 1 ∧ CorrectSubstring s p (pnt + 1 - (cnt + 1)) pnt
velvet	auto	origin/master	d254391d5e84546f96576e5b67dfb6bafe9fc301	leanprover/lean4:v4.24.0	1	Velvet/Examples/SubstringSearch.lean	SubstringSearch_correct	18314524564682266162	18314524564682266162	pass	-	172	-	cnt + 1 = 0 → ∀ i < pnt + 1, ¬p s[i]! = true
velvet	auto	origin/master	d254391d5e84546f96576e5b67dfb6bafe9fc301	leanprover/lean4:v4.24.0	1	Velvet/Examples/SubstringSearch.lean	SubstringSearch_correct	14859665284842375974	14859665284842375974	pass	-	170	-	cnt + 1 < pnt + 1 → ¬p s[pnt + 1 - (cnt + 1) - 1]! = true
velvet	auto	origin/master	d254391d5e84546f96576e5b67dfb6bafe9fc301	leanprover/lean4:v4.24.0	1	Velvet/Examples/SubstringSearch.lean	SubstringSearch_correct	16859604855349517182	16859604855349517182	pass	-	253	-	∀ (l₁ r₁ : ℕ), CorrectSubstring s p l₁ r₁ → r₁ < pnt + 1 → r₁ - l₁ + 1 = cnt + 1 ∧ pnt ≤ r₁ ∨ r₁ - l₁ + 1 < cnt + 1
velvet	auto	origin/master	d254391d5e84546f96576e5b67dfb6bafe9fc301	leanprover/lean4:v4.24.0	1	Velvet/Examples/SubstringSearch.lean	SubstringSearch_correct	12762377925475098934	12762377925475098934	pass	-	159	-	s.size - (pnt + 1) < s.size - pnt
velvet	auto	origin/master	d254391d5e84546f96576e5b67dfb6bafe9fc301	leanprover/lean4:v4.24.0	1	Velvet/Examples/SubstringSearch.lean	SubstringSearch_correct	4492008039209323302	4492008039209323302	pass	-	165	-	0 ≤ cnt + 1
velvet	auto	origin/master	d254391d5e84546f96576e5b67dfb6bafe9fc301	leanprover/lean4:v4.24.0	1	Velvet/Examples/SubstringSearch.lean	SubstringSearch_correct	16506446102682745284	16506446102682745284	pass	-	166	-	cnt + 1 ≤ pnt + 1
velvet	auto	origin/master	d254391d5e84546f96576e5b67dfb6bafe9fc301	leanprover/lean4:v4.24.0	1	Velvet/Examples/SubstringSearch.lean	SubstringSearch_correct	4056255141881592010	4056255141881592010	pass	-	170	-	pnt + 1 ≤ s.size
velvet	auto	origin/master	d254391d5e84546f96576e5b67dfb6bafe9fc301	leanprover/lean4:v4.24.0	1	Velvet/Examples/SubstringSearch.lean	SubstringSearch_correct	18313498382677451279	18313498382677451279	pass	-	160	-	l_ans ≤ r_ans
velvet	auto	origin/master	d254391d5e84546f96576e5b67dfb6bafe9fc301	leanprover/lean4:v4.24.0	1	Velvet/Examples/SubstringSearch.lean	SubstringSearch_correct	5902668824617064985	5902668824617064985	pass	-	154	-	r_ans < s.size
velvet	auto	origin/master	d254391d5e84546f96576e5b67dfb6bafe9fc301	leanprover/lean4:v4.24.0	1	Velvet/Examples/SubstringSearch.lean	SubstringSearch_correct	18214680451177329292	18214680451177329292	pass	-	162	-	cnt + 1 ≤ ans
velvet	auto	origin/master	d254391d5e84546f96576e5b67dfb6bafe9fc301	leanprover/lean4:v4.24.0	1	Velvet/Examples/SubstringSearch.lean	SubstringSearch_correct	4587180649363296126	4587180649363296126	pass	-	167	-	r_ans ≤ pnt + 1
velvet	auto	origin/master	d254391d5e84546f96576e5b67dfb6bafe9fc301	leanprover/lean4:v4.24.0	1	Velvet/Examples/SubstringSearch.lean	SubstringSearch_correct	1598574868652780333	1598574868652780333	pass	-	179	-	∀ (j : ℕ), pnt + 1 - (cnt + 1) ≤ j → j < pnt + 1 → p s[j]! = true
velvet	auto	origin/master	d254391d5e84546f96576e5b67dfb6bafe9fc301	leanprover/lean4:v4.24.0	1	Velvet/Examples/SubstringSearch.lean	SubstringSearch_correct	7138545743425854663	7138545743425854663	pass	-	179	-	ans > 0 → ans = r_ans - l_ans + 1 ∧ CorrectSubstring s p l_ans r_ans
velvet	auto	origin/master	d254391d5e84546f96576e5b67dfb6bafe9fc301	leanprover/lean4:v4.24.0	1	Velvet/Examples/SubstringSearch.lean	SubstringSearch_correct	4681422515724674825	4681422515724674825	pass	-	171	-	ans = 0 → ∀ i < pnt + 1, ¬p s[i]! = true
velvet	auto	origin/master	d254391d5e84546f96576e5b67dfb6bafe9fc301	leanprover/lean4:v4.24.0	1	Velvet/Examples/SubstringSearch.lean	SubstringSearch_correct	14859665284842375974	14859665284842375974	pass	-	166	-	cnt + 1 < pnt + 1 → ¬p s[pnt + 1 - (cnt + 1) - 1]! = true
velvet	auto	origin/master	d254391d5e84546f96576e5b67dfb6bafe9fc301	leanprover/lean4:v4.24.0	1	Velvet/Examples/SubstringSearch.lean	SubstringSearch_correct	15621397202025328223	15621397202025328223	pass	-	238	-	∀ (l₁ r₁ : ℕ), CorrectSubstring s p l₁ r₁ → r₁ < pnt + 1 → r₁ - l₁ + 1 = ans ∧ r_ans ≤ r₁ ∨ r₁ - l₁ + 1 < ans
velvet	auto	origin/master	d254391d5e84546f96576e5b67dfb6bafe9fc301	leanprover/lean4:v4.24.0	1	Velvet/Examples/SubstringSearch.lean	SubstringSearch_correct	12762377925475098934	12762377925475098934	pass	-	170	-	s.size - (pnt + 1) < s.size - pnt
velvet	auto	origin/master	d254391d5e84546f96576e5b67dfb6bafe9fc301	leanprover/lean4:v4.24.0	1	Velvet/Examples/SubstringSearch.lean	SubstringSearch_correct	6640297411548399355	6640297411548399355	pass	-	159	-	0 ≤ 0
velvet	auto	origin/master	d254391d5e84546f96576e5b67dfb6bafe9fc301	leanprover/lean4:v4.24.0	1	Velvet/Examples/SubstringSearch.lean	SubstringSearch_correct	12035722151280848636	12035722151280848636	pass	-	165	-	0 ≤ pnt + 1
velvet	auto	origin/master	d254391d5e84546f96576e5b67dfb6bafe9fc301	leanprover/lean4:v4.24.0	1	Velvet/Examples/SubstringSearch.lean	SubstringSearch_correct	4056255141881592010	4056255141881592010	pass	-	160	-	pnt + 1 ≤ s.size
velvet	auto	origin/master	d254391d5e84546f96576e5b67dfb6bafe9fc301	leanprover/lean4:v4.24.0	1	Velvet/Examples/SubstringSearch.lean	SubstringSearch_correct	18313498382677451279	18313498382677451279	pass	-	158	-	l_ans ≤ r_ans
velvet	auto	origin/master	d254391d5e84546f96576e5b67dfb6bafe9fc301	leanprover/lean4:v4.24.0	1	Velvet/Examples/SubstringSearch.lean	SubstringSearch_correct	5902668824617064985	5902668824617064985	pass	-	163	-	r_ans < s.size
velvet	auto	origin/master	d254391d5e84546f96576e5b67dfb6bafe9fc301	leanprover/lean4:v4.24.0	1	Velvet/Examples/SubstringSearch.lean	SubstringSearch_correct	11007454110672083430	11007454110672083430	pass	-	166	-	0 ≤ ans
velvet	auto	origin/master	d254391d5e84546f96576e5b67dfb6bafe9fc301	leanprover/lean4:v4.24.0	1	Velvet/Examples/SubstringSearch.lean	SubstringSearch_correct	4587180649363296126	4587180649363296126	pass	-	159	-	r_ans ≤ pnt + 1
velvet	auto	origin/master	d254391d5e84546f96576e5b67dfb6bafe9fc301	leanprover/lean4:v4.24.0	1	Velvet/Examples/SubstringSearch.lean	SubstringSearch_correct	4995387128902807839	4995387128902807839	pass	-	170	-	∀ (j : ℕ), pnt + 1 - 0 ≤ j → j < pnt + 1 → p s[j]! = true
velvet	auto	origin/master	d254391d5e84546f96576e5b67dfb6bafe9fc301	leanprover/lean4:v4.24.0	1	Velvet/Examples/SubstringSearch.lean	SubstringSearch_correct	7138545743425854663	7138545743425854663	pass	-	167	-	ans > 0 → ans = r_ans - l_ans + 1 ∧ CorrectSubstring s p l_ans r_ans
velvet	auto	origin/master	d254391d5e84546f96576e5b67dfb6bafe9fc301	leanprover/lean4:v4.24.0	1	Velvet/Examples/SubstringSearch.lean	SubstringSearch_correct	4681422515724674825	4681422515724674825	pass	-	173	-	ans = 0 → ∀ i < pnt + 1, ¬p s[i]! = true
velvet	auto	origin/master	d254391d5e84546f96576e5b67dfb6bafe9fc301	leanprover/lean4:v4.24.0	1	Velvet/Examples/SubstringSearch.lean	SubstringSearch_correct	9257442500105266102	9257442500105266102	pass	-	175	-	0 < pnt + 1 → ¬p s[pnt + 1 - 0 - 1]! = true
velvet	auto	origin/master	d254391d5e84546f96576e5b67dfb6bafe9fc301	leanprover/lean4:v4.24.0	1	Velvet/Examples/SubstringSearch.lean	SubstringSearch_correct	15621397202025328223	15621397202025328223	pass	-	612	-	∀ (l₁ r₁ : ℕ), CorrectSubstring s p l₁ r₁ → r₁ < pnt + 1 → r₁ - l₁ + 1 = ans ∧ r_ans ≤ r₁ ∨ r₁ - l₁ + 1 < ans
velvet	auto	origin/master	d254391d5e84546f96576e5b67dfb6bafe9fc301	leanprover/lean4:v4.24.0	1	Velvet/Examples/SubstringSearch.lean	SubstringSearch_correct	12762377925475098934	12762377925475098934	pass	-	164	-	s.size - (pnt + 1) < s.size - pnt
velvet	auto	origin/master	d254391d5e84546f96576e5b67dfb6bafe9fc301	leanprover/lean4:v4.24.0	1	Velvet/Examples/SubstringSearch.lean	SubstringSearch_correct	14757371069243260877	14757371069243260877	pass	-	160	-	0 ≤ cnt
velvet	auto	origin/master	d254391d5e84546f96576e5b67dfb6bafe9fc301	leanprover/lean4:v4.24.0	1	Velvet/Examples/SubstringSearch.lean	SubstringSearch_correct	10355523733004803458	10355523733004803458	pass	-	156	-	cnt ≤ pnt
velvet	auto	origin/master	d254391d5e84546f96576e5b67dfb6bafe9fc301	leanprover/lean4:v4.24.0	1	Velvet/Examples/SubstringSearch.lean	SubstringSearch_correct	802985032057732284	802985032057732284	pass	-	161	-	pnt ≤ s.size
velvet	auto	origin/master	d254391d5e84546f96576e5b67dfb6bafe9fc301	leanprover/lean4:v4.24.0	1	Velvet/Examples/SubstringSearch.lean	SubstringSearch_correct	18313498382677451279	18313498382677451279	pass	-	154	-	l_ans ≤ r_ans
velvet	auto	origin/master	d254391d5e84546f96576e5b67dfb6bafe9fc301	leanprover/lean4:v4.24.0	1	Velvet/Examples/SubstringSearch.lean	SubstringSearch_correct	5902668824617064985	5902668824617064985	pass	-	162	-	r_ans < s.size
velvet	auto	origin/master	d254391d5e84546f96576e5b67dfb6bafe9fc301	leanprover/lean4:v4.24.0	1	Velvet/Examples/SubstringSearch.lean	SubstringSearch_correct	6469834297383728061	6469834297383728061	pass	-	162	-	cnt ≤ ans
velvet	auto	origin/master	d254391d5e84546f96576e5b67dfb6bafe9fc301	leanprover/lean4:v4.24.0	1	Velvet/Examples/SubstringSearch.lean	SubstringSearch_correct	529893491977289627	529893491977289627	pass	-	158	-	r_ans ≤ pnt
velvet	auto	origin/master	d254391d5e84546f96576e5b67dfb6bafe9fc301	leanprover/lean4:v4.24.0	1	Velvet/Examples/SubstringSearch.lean	SubstringSearch_correct	7110337632391962636	7110337632391962636	pass	-	163	-	∀ (j : ℕ), pnt - cnt ≤ j → j < pnt → p s[j]! = true
velvet	auto	origin/master	d254391d5e84546f96576e5b67dfb6bafe9fc301	leanprover/lean4:v4.24.0	1	Velvet/Examples/SubstringSearch.lean	SubstringSearch_correct	7138545743425854663	7138545743425854663	pass	-	170	-	ans > 0 → ans = r_ans - l_ans + 1 ∧ CorrectSubstring s p l_ans r_ans
velvet	auto	origin/master	d254391d5e84546f96576e5b67dfb6bafe9fc301	leanprover/lean4:v4.24.0	1	Velvet/Examples/SubstringSearch.lean	SubstringSearch_correct	12240785285064077065	12240785285064077065	pass	-	166	-	ans = 0 → ∀ i < pnt, ¬p s[i]! = true
velvet	auto	origin/master	d254391d5e84546f96576e5b67dfb6bafe9fc301	leanprover/lean4:v4.24.0	1	Velvet/Examples/SubstringSearch.lean	SubstringSearch_correct	8901178409804151575	8901178409804151575	pass	-	163	-	cnt < pnt → ¬p s[pnt - cnt - 1]! = true
velvet	auto	origin/master	d254391d5e84546f96576e5b67dfb6bafe9fc301	leanprover/lean4:v4.24.0	1	Velvet/Examples/SubstringSearch.lean	SubstringSearch_correct	8890844706151052704	8890844706151052704	pass	-	239	-	∀ (l₁ r₁ : ℕ), CorrectSubstring s p l₁ r₁ → r₁ < pnt → r₁ - l₁ + 1 = ans ∧ r_ans ≤ r₁ ∨ r₁ - l₁ + 1 < ans
velvet	auto	origin/master	d254391d5e84546f96576e5b67dfb6bafe9fc301	leanprover/lean4:v4.24.0	1	Velvet/Examples/SubstringSearch.lean	SubstringSearch_correct	8801584380004644131	8801584380004644131	pass	-	158	-	¬pnt < s.size
velvet	auto	origin/master	d254391d5e84546f96576e5b67dfb6bafe9fc301	leanprover/lean4:v4.24.0	1	Velvet/Examples/SubstringSearch.lean	SubstringSearch_correct	6640297411548399355	6640297411548399355	pass	-	61	-	0 ≤ 0
velvet	auto	origin/master	d254391d5e84546f96576e5b67dfb6bafe9fc301	leanprover/lean4:v4.24.0	1	Velvet/Examples/SubstringSearch.lean	SubstringSearch_correct	6640297411548399355	6640297411548399355	pass	-	66	-	0 ≤ 0
velvet	auto	origin/master	d254391d5e84546f96576e5b67dfb6bafe9fc301	leanprover/lean4:v4.24.0	1	Velvet/Examples/SubstringSearch.lean	SubstringSearch_correct	17707774690084689736	17707774690084689736	pass	-	59	-	0 ≤ s.size
velvet	auto	origin/master	d254391d5e84546f96576e5b67dfb6bafe9fc301	leanprover/lean4:v4.24.0	1	Velvet/Examples/SubstringSearch.lean	SubstringSearch_correct	6640297411548399355	6640297411548399355	pass	-	65	-	0 ≤ 0
velvet	auto	origin/master	d254391d5e84546f96576e5b67dfb6bafe9fc301	leanprover/lean4:v4.24.0	1	Velvet/Examples/SubstringSearch.lean	SubstringSearch_correct	4974301628068507188	4974301628068507188	pass	-	59	-	0 < s.size
velvet	auto	origin/master	d254391d5e84546f96576e5b67dfb6bafe9fc301	leanprover/lean4:v4.24.0	1	Velvet/Examples/SubstringSearch.lean	SubstringSearch_correct	6640297411548399355	6640297411548399355	pass	-	55	-	0 ≤ 0
velvet	auto	origin/master	d254391d5e84546f96576e5b67dfb6bafe9fc301	leanprover/lean4:v4.24.0	1	Velvet/Examples/SubstringSearch.lean	SubstringSearch_correct	6640297411548399355	6640297411548399355	pass	-	60	-	0 ≤ 0
velvet	auto	origin/master	d254391d5e84546f96576e5b67dfb6bafe9fc301	leanprover/lean4:v4.24.0	1	Velvet/Examples/SubstringSearch.lean	SubstringSearch_correct	577474350103851300	577474350103851300	pass	-	94	-	∀ (j : ℕ), 0 - 0 ≤ j → j < 0 → p s[j]! = true
velvet	auto	origin/master	d254391d5e84546f96576e5b67dfb6bafe9fc301	leanprover/lean4:v4.24.0	1	Velvet/Examples/SubstringSearch.lean	SubstringSearch_correct	12819951545662893426	12819951545662893426	pass	-	101	-	0 > 0 → 0 = 0 - 0 + 1 ∧ CorrectSubstring s p 0 0
velvet	auto	origin/master	d254391d5e84546f96576e5b67dfb6bafe9fc301	leanprover/lean4:v4.24.0	1	Velvet/Examples/SubstringSearch.lean	SubstringSearch_correct	16471188947338966842	16471188947338966842	pass	-	70	-	∀ i < 0, ¬p s[i]! = true
velvet	auto	origin/master	d254391d5e84546f96576e5b67dfb6bafe9fc301	leanprover/lean4:v4.24.0	1	Velvet/Examples/SubstringSearch.lean	SubstringSearch_correct	9975741777879173881	9975741777879173881	pass	-	81	-	0 < 0 → ¬p s[0 - 0 - 1]! = true
velvet	auto	origin/master	d254391d5e84546f96576e5b67dfb6bafe9fc301	leanprover/lean4:v4.24.0	1	Velvet/Examples/SubstringSearch.lean	SubstringSearch_correct	88332911118243609	88332911118243609	pass	-	120	-	∀ (l₁ r₁ : ℕ), CorrectSubstring s p l₁ r₁ → r₁ < 0 → r₁ - l₁ + 1 = 0 ∧ 0 ≤ r₁ ∨ r₁ - l₁ + 1 < 0
velvet	auto	origin/master	d254391d5e84546f96576e5b67dfb6bafe9fc301	leanprover/lean4:v4.24.0	1	Velvet/Examples/SubstringSearch.lean	SubstringSearch_correct	4316548289593557355	4316548289593557355	pass	-	329	-	¬decide (i > 0) = true → ∀ i < s.size, ¬p s[i]! = true
velvet	auto	origin/master	d254391d5e84546f96576e5b67dfb6bafe9fc301	leanprover/lean4:v4.24.0	1	Velvet/Examples/SubstringSearch.lean	SubstringSearch_correct	1800578837535211584	1800578837535211584	fail	tactic	5387	backend returned without closing the goal	decide (i > 0) = true →   ∀ (l₁ r₁ : ℕ),     CorrectSubstring s p l₁ r₁ → r₁ - l₁ + 1 = r_ans_1 - i_2 + 1 ∧ r_ans_1 ≤ r₁ ∨ r₁ - l₁ + 1 < r_ans_1 - i_2 + 1
velvet	auto	origin/master	d254391d5e84546f96576e5b67dfb6bafe9fc301	leanprover/lean4:v4.24.0	1	Velvet/Examples/SubstringSearch.lean	SubstringSearch_correct	10230862668540398183	10230862668540398183	pass	-	326	-	decide (i > 0) = true → CorrectSubstring s p i_2 r_ans_1
velvet	auto	origin/master	d254391d5e84546f96576e5b67dfb6bafe9fc301	leanprover/lean4:v4.24.0	1	Velvet/Examples/SubstringSearch.lean	SubstringSearch_correct	16982021311738439252	16982021311738439252	pass	-	313	-	0 < s.size → r_ans_1 < s.size
velvet	auto	origin/master	d254391d5e84546f96576e5b67dfb6bafe9fc301	leanprover/lean4:v4.24.0	1	Velvet/Examples/SubstringSearch.lean	SubstringSearch_correct	2906785913913327379	2906785913913327379	pass	-	313	-	i_2 ≤ r_ans_1
velvet	auto	origin/master	d254391d5e84546f96576e5b67dfb6bafe9fc301	leanprover/lean4:v4.24.0	1	Velvet/Examples/SumOfDigits.lean	SumOfDigits_correct	4887343456502517186	4887343456502517186	fail	tactic	175	backend returned without closing the goal	sum + n % 10 + SumDigits (n / 10) = SumDigits number
velvet	auto	origin/master	d254391d5e84546f96576e5b67dfb6bafe9fc301	leanprover/lean4:v4.24.0	1	Velvet/Examples/SumOfDigits.lean	SumOfDigits_correct	5431800701729144158	5431800701729144158	pass	-	102	-	0 ≤ sum + n % 10
velvet	auto	origin/master	d254391d5e84546f96576e5b67dfb6bafe9fc301	leanprover/lean4:v4.24.0	1	Velvet/Examples/SumOfDigits.lean	SumOfDigits_correct	3012699503639543524	3012699503639543524	pass	-	56	-	sum + SumDigits n = SumDigits number
velvet	auto	origin/master	d254391d5e84546f96576e5b67dfb6bafe9fc301	leanprover/lean4:v4.24.0	1	Velvet/Examples/SumOfDigits.lean	SumOfDigits_correct	12835711844832851839	12835711844832851839	pass	-	62	-	0 ≤ sum
velvet	auto	origin/master	d254391d5e84546f96576e5b67dfb6bafe9fc301	leanprover/lean4:v4.24.0	1	Velvet/Examples/SumOfDigits.lean	SumOfDigits_correct	7475080825861972690	7475080825861972690	pass	-	63	-	n = 0
velvet	auto	origin/master	d254391d5e84546f96576e5b67dfb6bafe9fc301	leanprover/lean4:v4.24.0	1	Velvet/Examples/SumOfDigits.lean	SumOfDigits_correct	15970435702129902192	15970435702129902192	pass	-	39	-	0 + SumDigits number = SumDigits number
velvet	auto	origin/master	d254391d5e84546f96576e5b67dfb6bafe9fc301	leanprover/lean4:v4.24.0	1	Velvet/Examples/SumOfDigits.lean	SumOfDigits_correct	6640297411548399355	6640297411548399355	pass	-	33	-	0 ≤ 0
velvet	auto	origin/master	d254391d5e84546f96576e5b67dfb6bafe9fc301	leanprover/lean4:v4.24.0	1	Velvet/Examples/SumOfDigits.lean	SumOfDigits_correct	3871074223281074707	3871074223281074707	fail	tactic	134	backend returned without closing the goal	sum_1 = SumDigits number
velvet	auto	origin/master	d254391d5e84546f96576e5b67dfb6bafe9fc301	leanprover/lean4:v4.24.0	1	Velvet/Examples/TestLoopControl.lean	test1_correct	4791612905070682933	4791612905070682933	pass	-	85	-	x + 1 + (t - 1) = a
velvet	auto	origin/master	d254391d5e84546f96576e5b67dfb6bafe9fc301	leanprover/lean4:v4.24.0	1	Velvet/Examples/TestLoopControl.lean	test1_correct	4635955882467741603	4635955882467741603	pass	-	56	-	x + 1 = 10 ∨ t - 1 = 0
velvet	auto	origin/master	d254391d5e84546f96576e5b67dfb6bafe9fc301	leanprover/lean4:v4.24.0	1	Velvet/Examples/TestLoopControl.lean	test1_correct	4791612905070682933	4791612905070682933	pass	-	54	-	x + 1 + (t - 1) = a
velvet	auto	origin/master	d254391d5e84546f96576e5b67dfb6bafe9fc301	leanprover/lean4:v4.24.0	1	Velvet/Examples/TestLoopControl.lean	test1_correct	8037191589732674397	8037191589732674397	pass	-	44	-	x + t = a
velvet	auto	origin/master	d254391d5e84546f96576e5b67dfb6bafe9fc301	leanprover/lean4:v4.24.0	1	Velvet/Examples/TestLoopControl.lean	test1_correct	4982008840348523404	4982008840348523404	pass	-	46	-	x = 10 ∨ t = 0
velvet	auto	origin/master	d254391d5e84546f96576e5b67dfb6bafe9fc301	leanprover/lean4:v4.24.0	1	Velvet/Examples/TestLoopControl.lean	test1_correct	14929476196725773389	14929476196725773389	pass	-	37	-	0 + a = a
velvet	auto	origin/master	d254391d5e84546f96576e5b67dfb6bafe9fc301	leanprover/lean4:v4.24.0	1	Velvet/Examples/TestLoopControl.lean	test1_correct	2311107858308393802	2311107858308393802	pass	-	104	-	x_1 > 0
velvet	auto	origin/master	d254391d5e84546f96576e5b67dfb6bafe9fc301	leanprover/lean4:v4.24.0	1	Velvet/Examples/TestLoopControl.lean	test2_correct	8037191589732674397	8037191589732674397	pass	-	62	-	x + t = a
velvet	auto	origin/master	d254391d5e84546f96576e5b67dfb6bafe9fc301	leanprover/lean4:v4.24.0	1	Velvet/Examples/TestLoopControl.lean	test2_correct	4791612905070682933	4791612905070682933	pass	-	67	-	x + 1 + (t - 1) = a
velvet	auto	origin/master	d254391d5e84546f96576e5b67dfb6bafe9fc301	leanprover/lean4:v4.24.0	1	Velvet/Examples/TestLoopControl.lean	test2_correct	8037191589732674397	8037191589732674397	pass	-	42	-	x + t = a
velvet	auto	origin/master	d254391d5e84546f96576e5b67dfb6bafe9fc301	leanprover/lean4:v4.24.0	1	Velvet/Examples/TestLoopControl.lean	test2_correct	817407402121334710	817407402121334710	pass	-	43	-	t = 0
velvet	auto	origin/master	d254391d5e84546f96576e5b67dfb6bafe9fc301	leanprover/lean4:v4.24.0	1	Velvet/Examples/TestLoopControl.lean	test2_correct	14929476196725773389	14929476196725773389	pass	-	36	-	0 + a = a
velvet	auto	origin/master	d254391d5e84546f96576e5b67dfb6bafe9fc301	leanprover/lean4:v4.24.0	1	Velvet/Examples/TestLoopControl.lean	test2_correct	2311107858308393802	2311107858308393802	pass	-	137	-	x_1 > 0
velvet	auto	origin/master	d254391d5e84546f96576e5b67dfb6bafe9fc301	leanprover/lean4:v4.24.0	1	Velvet/Examples/TestLoopControl.lean	sum_even_correct	8140981983620881888	8140981983620881888	pass	-	228	-	i + 1 ≤ arr.size
velvet	auto	origin/master	d254391d5e84546f96576e5b67dfb6bafe9fc301	leanprover/lean4:v4.24.0	1	Velvet/Examples/TestLoopControl.lean	sum_even_correct	13972406881857011341	13972406881857011341	fail	tactic	476	backend returned without closing the goal	s = (Array.filter (fun x => decide (x % 2 = 0)) (arr.extract 0 (i + 1))).sum
velvet	auto	origin/master	d254391d5e84546f96576e5b67dfb6bafe9fc301	leanprover/lean4:v4.24.0	1	Velvet/Examples/TestLoopControl.lean	sum_even_correct	8140981983620881888	8140981983620881888	pass	-	227	-	i + 1 ≤ arr.size
velvet	auto	origin/master	d254391d5e84546f96576e5b67dfb6bafe9fc301	leanprover/lean4:v4.24.0	1	Velvet/Examples/TestLoopControl.lean	sum_even_correct	2763434902891560151	2763434902891560151	fail	tactic	510	backend returned without closing the goal	s + arr[i]! = (Array.filter (fun x => decide (x % 2 = 0)) (arr.extract 0 (i + 1))).sum
velvet	auto	origin/master	d254391d5e84546f96576e5b67dfb6bafe9fc301	leanprover/lean4:v4.24.0	1	Velvet/Examples/TestLoopControl.lean	sum_even_correct	9560710549938607088	9560710549938607088	pass	-	156	-	i ≤ arr.size
velvet	auto	origin/master	d254391d5e84546f96576e5b67dfb6bafe9fc301	leanprover/lean4:v4.24.0	1	Velvet/Examples/TestLoopControl.lean	sum_even_correct	4016036276427276962	4016036276427276962	fail	tactic	232	backend returned without closing the goal	s = (Array.filter (fun x => decide (x % 2 = 0)) (arr.extract 0 i)).sum
velvet	auto	origin/master	d254391d5e84546f96576e5b67dfb6bafe9fc301	leanprover/lean4:v4.24.0	1	Velvet/Examples/TestLoopControl.lean	sum_even_correct	12910903814107581038	12910903814107581038	fail	tactic	252	backend returned without closing the goal	s = (Array.filter (fun x => decide (x % 2 = 0)) arr).sum
velvet	auto	origin/master	d254391d5e84546f96576e5b67dfb6bafe9fc301	leanprover/lean4:v4.24.0	1	Velvet/Examples/TestLoopControl.lean	sum_even_correct	8811351339800985865	8811351339800985865	pass	-	53	-	0 ≤ arr.size
velvet	auto	origin/master	d254391d5e84546f96576e5b67dfb6bafe9fc301	leanprover/lean4:v4.24.0	1	Velvet/Examples/TestLoopControl.lean	sum_even_correct	8466542615974342579	8466542615974342579	fail	tactic	121	backend returned without closing the goal	0 = (Array.filter (fun x => decide (x % 2 = 0)) (arr.extract 0 0)).sum
velvet	auto	origin/master	d254391d5e84546f96576e5b67dfb6bafe9fc301	leanprover/lean4:v4.24.0	1	Velvet/Examples/TestLoopControl.lean	sum_even_correct	10603200310498800727	10603200310498800727	fail	tactic	415	backend returned without closing the goal	s_1 = (Array.filter (fun x => decide (x % 2 = 0)) arr).sum
velvet	auto	origin/master	d254391d5e84546f96576e5b67dfb6bafe9fc301	leanprover/lean4:v4.24.0	1	Velvet/Examples/TestMatch.lean	test1_correct	7475080825861972690	7475080825861972690	pass	-	66	-	n = 0
velvet	auto	origin/master	d254391d5e84546f96576e5b67dfb6bafe9fc301	leanprover/lean4:v4.24.0	1	Velvet/Examples/TestMatch.lean	test1_correct	12712313322610564863	12712313322610564863	pass	-	40	-	n = x.succ
velvet	auto	origin/master	d254391d5e84546f96576e5b67dfb6bafe9fc301	leanprover/lean4:v4.24.0	1	Velvet/Examples/TestMatch.lean	test2_correct	10112861571242978892	10112861571242978892	fail	tactic	89	backend returned without closing the goal	0 = l.length
velvet	auto	origin/master	d254391d5e84546f96576e5b67dfb6bafe9fc301	leanprover/lean4:v4.24.0	1	Velvet/Examples/TestMatch.lean	test2_correct	9817662802794804509	9817662802794804509	fail	tactic	89	backend returned without closing the goal	Nat.succ 0 = l.length
velvet	auto	origin/master	d254391d5e84546f96576e5b67dfb6bafe9fc301	leanprover/lean4:v4.24.0	1	Velvet/Examples/TestMatch.lean	test2_correct	18226621409008708882	18226621409008708882	fail	tactic	103	backend returned without closing the goal	x.succ.succ = l.length
velvet	auto	origin/master	d254391d5e84546f96576e5b67dfb6bafe9fc301	leanprover/lean4:v4.24.0	1	Velvet/Examples/TestMatch.lean	test3_correct	12313593517213863317	12313593517213863317	pass	-	56	-	10 > 9
velvet	auto	origin/master	d254391d5e84546f96576e5b67dfb6bafe9fc301	leanprover/lean4:v4.24.0	1	Velvet/Examples/TestMatch.lean	test3_correct	5915416142655103160	5915416142655103160	pass	-	67	-	a + b + c + 10 > 9
velvet	auto	origin/master	d254391d5e84546f96576e5b67dfb6bafe9fc301	leanprover/lean4:v4.24.0	1	Velvet/Examples/Total_Partial_example.lean	insertionSort_part_correct	1993702872115081742	1993702872115081742	pass	-	123	-	∀ (i j : ℕ), 0 ≤ i → i ≤ j → j < arrOld.size → arrOld[i]! ≤ arrOld[j]!
velvet	auto	origin/master	d254391d5e84546f96576e5b67dfb6bafe9fc301	leanprover/lean4:v4.24.0	1	Velvet/Examples/Total_Partial_example.lean	insertionSort_part_correct	8793228589483947084	8793228589483947084	fail	tactic	356	backend returned without closing the goal	((arr_1.set! mind arr_1[mind - 1]!).set! (mind - 1) arr_1[mind]!).size = arrOld.size
velvet	auto	origin/master	d254391d5e84546f96576e5b67dfb6bafe9fc301	leanprover/lean4:v4.24.0	1	Velvet/Examples/Total_Partial_example.lean	insertionSort_part_correct	1066791641437412485	1066791641437412485	pass	-	199	-	mind - 1 ≤ n
velvet	auto	origin/master	d254391d5e84546f96576e5b67dfb6bafe9fc301	leanprover/lean4:v4.24.0	1	Velvet/Examples/Total_Partial_example.lean	insertionSort_part_correct	8472930623785656869	8472930623785656869	fail	tactic	328	backend returned without closing the goal	∀ (i j : ℕ),   0 ≤ i →     i < j →       j ≤ n →         j ≠ mind - 1 →           ((arr_1.set! mind arr_1[mind - 1]!).set! (mind - 1) arr_1[mind]!)[i]! ≤             ((arr_1.set! mind arr_1[mind - 1]!).set! (mind - 1) arr_1[mind]!)[j]!
velvet	auto	origin/master	d254391d5e84546f96576e5b67dfb6bafe9fc301	leanprover/lean4:v4.24.0	1	Velvet/Examples/Total_Partial_example.lean	insertionSort_part_correct	2816846931760221370	2816846931760221370	fail	tactic	290	backend returned without closing the goal	((arr_1.set! mind arr_1[mind - 1]!).set! (mind - 1) arr_1[mind]!).toMultiset = arrOld.toMultiset
velvet	auto	origin/master	d254391d5e84546f96576e5b67dfb6bafe9fc301	leanprover/lean4:v4.24.0	1	Velvet/Examples/Total_Partial_example.lean	insertionSort_part_correct	5794584936190196715	5794584936190196715	pass	-	196	-	arr_1.size = arrOld.size
velvet	auto	origin/master	d254391d5e84546f96576e5b67dfb6bafe9fc301	leanprover/lean4:v4.24.0	1	Velvet/Examples/Total_Partial_example.lean	insertionSort_part_correct	1066791641437412485	1066791641437412485	pass	-	199	-	mind - 1 ≤ n
velvet	auto	origin/master	d254391d5e84546f96576e5b67dfb6bafe9fc301	leanprover/lean4:v4.24.0	1	Velvet/Examples/Total_Partial_example.lean	insertionSort_part_correct	14825588553610653054	14825588553610653054	pass	-	189	-	∀ (i j : ℕ), 0 ≤ i → i < j → j ≤ n → j ≠ mind - 1 → arr_1[i]! ≤ arr_1[j]!
velvet	auto	origin/master	d254391d5e84546f96576e5b67dfb6bafe9fc301	leanprover/lean4:v4.24.0	1	Velvet/Examples/Total_Partial_example.lean	insertionSort_part_correct	15257391885382474665	15257391885382474665	pass	-	191	-	arr_1.toMultiset = arrOld.toMultiset
velvet	auto	origin/master	d254391d5e84546f96576e5b67dfb6bafe9fc301	leanprover/lean4:v4.24.0	1	Velvet/Examples/Total_Partial_example.lean	insertionSort_part_correct	5794584936190196715	5794584936190196715	pass	-	165	-	arr_1.size = arrOld.size
velvet	auto	origin/master	d254391d5e84546f96576e5b67dfb6bafe9fc301	leanprover/lean4:v4.24.0	1	Velvet/Examples/Total_Partial_example.lean	insertionSort_part_correct	12031026870814429192	12031026870814429192	pass	-	166	-	mind ≤ n
velvet	auto	origin/master	d254391d5e84546f96576e5b67dfb6bafe9fc301	leanprover/lean4:v4.24.0	1	Velvet/Examples/Total_Partial_example.lean	insertionSort_part_correct	16465886849738339639	16465886849738339639	pass	-	173	-	∀ (i j : ℕ), 0 ≤ i → i < j → j ≤ n → j ≠ mind → arr_1[i]! ≤ arr_1[j]!
velvet	auto	origin/master	d254391d5e84546f96576e5b67dfb6bafe9fc301	leanprover/lean4:v4.24.0	1	Velvet/Examples/Total_Partial_example.lean	insertionSort_part_correct	15257391885382474665	15257391885382474665	pass	-	163	-	arr_1.toMultiset = arrOld.toMultiset
velvet	auto	origin/master	d254391d5e84546f96576e5b67dfb6bafe9fc301	leanprover/lean4:v4.24.0	1	Velvet/Examples/Total_Partial_example.lean	insertionSort_part_correct	5918835836158453730	5918835836158453730	pass	-	160	-	¬mind ≠ 0
velvet	auto	origin/master	d254391d5e84546f96576e5b67dfb6bafe9fc301	leanprover/lean4:v4.24.0	1	Velvet/Examples/Total_Partial_example.lean	insertionSort_part_correct	5964899400721509044	5964899400721509044	pass	-	122	-	arr.size = arrOld.size
velvet	auto	origin/master	d254391d5e84546f96576e5b67dfb6bafe9fc301	leanprover/lean4:v4.24.0	1	Velvet/Examples/Total_Partial_example.lean	insertionSort_part_correct	12155028420956038391	12155028420956038391	pass	-	127	-	n ≤ n
velvet	auto	origin/master	d254391d5e84546f96576e5b67dfb6bafe9fc301	leanprover/lean4:v4.24.0	1	Velvet/Examples/Total_Partial_example.lean	insertionSort_part_correct	14852526092468225565	14852526092468225565	pass	-	143	-	∀ (i j : ℕ), 0 ≤ i → i < j → j ≤ n → j ≠ n → arr[i]! ≤ arr[j]!
velvet	auto	origin/master	d254391d5e84546f96576e5b67dfb6bafe9fc301	leanprover/lean4:v4.24.0	1	Velvet/Examples/Total_Partial_example.lean	insertionSort_part_correct	17117294935281830098	17117294935281830098	pass	-	121	-	arr.toMultiset = arrOld.toMultiset
velvet	auto	origin/master	d254391d5e84546f96576e5b67dfb6bafe9fc301	leanprover/lean4:v4.24.0	1	Velvet/Examples/Total_Partial_example.lean	insertionSort_part_correct	5288706169439222084	5288706169439222084	pass	-	220	-	i.size = arrOld.size
velvet	auto	origin/master	d254391d5e84546f96576e5b67dfb6bafe9fc301	leanprover/lean4:v4.24.0	1	Velvet/Examples/Total_Partial_example.lean	insertionSort_part_correct	4477598582358312981	4477598582358312981	pass	-	223	-	n + 1 ≤ i.size
velvet	auto	origin/master	d254391d5e84546f96576e5b67dfb6bafe9fc301	leanprover/lean4:v4.24.0	1	Velvet/Examples/Total_Partial_example.lean	insertionSort_part_correct	7903702650473013145	7903702650473013145	pass	-	206	-	∀ (i_2 j : ℕ), 0 ≤ i_2 → i_2 < j → j ≤ n + 1 - 1 → i[i_2]! ≤ i[j]!
velvet	auto	origin/master	d254391d5e84546f96576e5b67dfb6bafe9fc301	leanprover/lean4:v4.24.0	1	Velvet/Examples/Total_Partial_example.lean	insertionSort_part_correct	8905801618567038615	8905801618567038615	pass	-	219	-	i.toMultiset = arrOld.toMultiset
velvet	auto	origin/master	d254391d5e84546f96576e5b67dfb6bafe9fc301	leanprover/lean4:v4.24.0	1	Velvet/Examples/Total_Partial_example.lean	insertionSort_part_correct	5964899400721509044	5964899400721509044	pass	-	124	-	arr.size = arrOld.size
velvet	auto	origin/master	d254391d5e84546f96576e5b67dfb6bafe9fc301	leanprover/lean4:v4.24.0	1	Velvet/Examples/Total_Partial_example.lean	insertionSort_part_correct	16800718018059787263	16800718018059787263	pass	-	120	-	n ≤ arr.size
velvet	auto	origin/master	d254391d5e84546f96576e5b67dfb6bafe9fc301	leanprover/lean4:v4.24.0	1	Velvet/Examples/Total_Partial_example.lean	insertionSort_part_correct	11248877774576345437	11248877774576345437	pass	-	143	-	∀ (i j : ℕ), 0 ≤ i → i < j → j ≤ n - 1 → arr[i]! ≤ arr[j]!
velvet	auto	origin/master	d254391d5e84546f96576e5b67dfb6bafe9fc301	leanprover/lean4:v4.24.0	1	Velvet/Examples/Total_Partial_example.lean	insertionSort_part_correct	17117294935281830098	17117294935281830098	pass	-	129	-	arr.toMultiset = arrOld.toMultiset
velvet	auto	origin/master	d254391d5e84546f96576e5b67dfb6bafe9fc301	leanprover/lean4:v4.24.0	1	Velvet/Examples/Total_Partial_example.lean	insertionSort_part_correct	6709257883257101731	6709257883257101731	pass	-	128	-	¬n ≠ arr.size
velvet	auto	origin/master	d254391d5e84546f96576e5b67dfb6bafe9fc301	leanprover/lean4:v4.24.0	1	Velvet/Examples/Total_Partial_example.lean	insertionSort_part_correct	16576486626369642801	16576486626369642801	pass	-	54	-	1 ≤ arrOld.size
velvet	auto	origin/master	d254391d5e84546f96576e5b67dfb6bafe9fc301	leanprover/lean4:v4.24.0	1	Velvet/Examples/Total_Partial_example.lean	insertionSort_part_correct	11235314628722112900	11235314628722112900	pass	-	88	-	∀ (i j : ℕ), 0 ≤ i → i < j → j ≤ 1 - 1 → arrOld[i]! ≤ arrOld[j]!
velvet	auto	origin/master	d254391d5e84546f96576e5b67dfb6bafe9fc301	leanprover/lean4:v4.24.0	1	Velvet/Examples/Total_Partial_example.lean	insertionSort_part_correct	8905801618567038615	8905801618567038615	pass	-	193	-	i.toMultiset = arrOld.toMultiset
velvet	auto	origin/master	d254391d5e84546f96576e5b67dfb6bafe9fc301	leanprover/lean4:v4.24.0	1	Velvet/Examples/Total_Partial_example.lean	insertionSort_part_correct	18214290959922115111	18214290959922115111	pass	-	206	-	∀ (i_2 j : ℕ), 0 ≤ i_2 → i_2 ≤ j → j < i.size → i[i_2]! ≤ i[j]!
velvet	auto	origin/master	d254391d5e84546f96576e5b67dfb6bafe9fc301	leanprover/lean4:v4.24.0	1	Velvet/Examples/Total_Partial_example.lean	insertionSort_termination_correct	8793228589483947084	8793228589483947084	fail	tactic	239	backend returned without closing the goal	((arr_1.set! mind arr_1[mind - 1]!).set! (mind - 1) arr_1[mind]!).size = arrOld.size
velvet	auto	origin/master	d254391d5e84546f96576e5b67dfb6bafe9fc301	leanprover/lean4:v4.24.0	1	Velvet/Examples/Total_Partial_example.lean	insertionSort_termination_correct	11568103068982921353	11568103068982921353	pass	-	107	-	mind - 1 < mind
velvet	auto	origin/master	d254391d5e84546f96576e5b67dfb6bafe9fc301	leanprover/lean4:v4.24.0	1	Velvet/Examples/Total_Partial_example.lean	insertionSort_termination_correct	5794584936190196715	5794584936190196715	pass	-	104	-	arr_1.size = arrOld.size
velvet	auto	origin/master	d254391d5e84546f96576e5b67dfb6bafe9fc301	leanprover/lean4:v4.24.0	1	Velvet/Examples/Total_Partial_example.lean	insertionSort_termination_correct	11568103068982921353	11568103068982921353	pass	-	103	-	mind - 1 < mind
velvet	auto	origin/master	d254391d5e84546f96576e5b67dfb6bafe9fc301	leanprover/lean4:v4.24.0	1	Velvet/Examples/Total_Partial_example.lean	insertionSort_termination_correct	5794584936190196715	5794584936190196715	pass	-	76	-	arr_1.size = arrOld.size
velvet	auto	origin/master	d254391d5e84546f96576e5b67dfb6bafe9fc301	leanprover/lean4:v4.24.0	1	Velvet/Examples/Total_Partial_example.lean	insertionSort_termination_correct	5918835836158453730	5918835836158453730	pass	-	73	-	¬mind ≠ 0
velvet	auto	origin/master	d254391d5e84546f96576e5b67dfb6bafe9fc301	leanprover/lean4:v4.24.0	1	Velvet/Examples/Total_Partial_example.lean	insertionSort_termination_correct	5964899400721509044	5964899400721509044	pass	-	64	-	arr.size = arrOld.size
velvet	auto	origin/master	d254391d5e84546f96576e5b67dfb6bafe9fc301	leanprover/lean4:v4.24.0	1	Velvet/Examples/Total_Partial_example.lean	insertionSort_termination_correct	5288706169439222084	5288706169439222084	pass	-	141	-	i.size = arrOld.size
velvet	auto	origin/master	d254391d5e84546f96576e5b67dfb6bafe9fc301	leanprover/lean4:v4.24.0	1	Velvet/Examples/Total_Partial_example.lean	insertionSort_termination_correct	4477598582358312981	4477598582358312981	pass	-	133	-	n + 1 ≤ i.size
velvet	auto	origin/master	d254391d5e84546f96576e5b67dfb6bafe9fc301	leanprover/lean4:v4.24.0	1	Velvet/Examples/Total_Partial_example.lean	insertionSort_termination_correct	18088860687919872176	18088860687919872176	pass	-	156	-	i.size - (n + 1) < arr.size - n
velvet	auto	origin/master	d254391d5e84546f96576e5b67dfb6bafe9fc301	leanprover/lean4:v4.24.0	1	Velvet/Examples/Total_Partial_example.lean	insertionSort_termination_correct	5964899400721509044	5964899400721509044	pass	-	64	-	arr.size = arrOld.size
velvet	auto	origin/master	d254391d5e84546f96576e5b67dfb6bafe9fc301	leanprover/lean4:v4.24.0	1	Velvet/Examples/Total_Partial_example.lean	insertionSort_termination_correct	16800718018059787263	16800718018059787263	pass	-	65	-	n ≤ arr.size
velvet	auto	origin/master	d254391d5e84546f96576e5b67dfb6bafe9fc301	leanprover/lean4:v4.24.0	1	Velvet/Examples/Total_Partial_example.lean	insertionSort_termination_correct	6709257883257101731	6709257883257101731	pass	-	63	-	¬n ≠ arr.size
velvet	auto	origin/master	d254391d5e84546f96576e5b67dfb6bafe9fc301	leanprover/lean4:v4.24.0	1	Velvet/Examples/Total_Partial_example.lean	insertionSort_termination_correct	16576486626369642801	16576486626369642801	pass	-	54	-	1 ≤ arrOld.size
velvet	crush	origin/crush-backend	e90d79341bb8ef510ec868623e74cfe98feaa4e8	leanprover/lean4:v4.32.2	1	Velvet/Examples/EncodeDecodeStr.lean	decodeStr'_correct	4325354716326072573	4325354716326072573	pass	-	215	-	0 ≤ i + 1 ∧ i + 1 ≤ encoded_str.size
velvet	crush	origin/crush-backend	e90d79341bb8ef510ec868623e74cfe98feaa4e8	leanprover/lean4:v4.32.2	1	Velvet/Examples/EncodeDecodeStr.lean	decodeStr'_correct	3233717574493770211	3233717574493770211	fail	timeout	5092	crush: solver returned `unknown` (unexpected solver response: ). Try increasing `crush.timeout` or adding hypotheses.	(decoded ++ Array.replicate encoded_str[i]!.cnt encoded_str[i]!.c).size =   get_cnt_sum (encoded_str.extract 0 (i + 1)).toList
velvet	crush	origin/crush-backend	e90d79341bb8ef510ec868623e74cfe98feaa4e8	leanprover/lean4:v4.32.2	1	Velvet/Examples/EncodeDecodeStr.lean	decodeStr'_correct	14557075163885871591	14557075163885871591	pass	-	113	-	0 ≤ i ∧ i ≤ encoded_str.size
velvet	crush	origin/crush-backend	e90d79341bb8ef510ec868623e74cfe98feaa4e8	leanprover/lean4:v4.32.2	1	Velvet/Examples/EncodeDecodeStr.lean	decodeStr'_correct	6384732382134649439	6384732382134649439	pass	-	3	-	decoded.size = get_cnt_sum (encoded_str.extract 0 i).toList
velvet	crush	origin/crush-backend	e90d79341bb8ef510ec868623e74cfe98feaa4e8	leanprover/lean4:v4.32.2	1	Velvet/Examples/EncodeDecodeStr.lean	decodeStr'_correct	13851523499043008614	13851523499043008614	pass	-	97	-	i = encoded_str.size
velvet	crush	origin/crush-backend	e90d79341bb8ef510ec868623e74cfe98feaa4e8	leanprover/lean4:v4.32.2	1	Velvet/Examples/EncodeDecodeStr.lean	decodeStr'_correct	8816666150414203262	8816666150414203262	pass	-	87	-	0 ≤ 0 ∧ 0 ≤ encoded_str.size
velvet	crush	origin/crush-backend	e90d79341bb8ef510ec868623e74cfe98feaa4e8	leanprover/lean4:v4.32.2	1	Velvet/Examples/EncodeDecodeStr.lean	decodeStr'_correct	7432640679462075544	7432640679462075544	fail	timeout	168	crush: solver returned `unknown` (no reason given). Try increasing `crush.timeout` or adding hypotheses.	(Array.replicate 0 'x').size = get_cnt_sum (encoded_str.extract 0 0).toList
velvet	crush	origin/crush-backend	e90d79341bb8ef510ec868623e74cfe98feaa4e8	leanprover/lean4:v4.32.2	1	Velvet/Examples/EncodeDecodeStr.lean	decodeStr'_correct	9639754685172097330	9639754685172097330	fail	timeout	5063	crush: solver returned `unknown` (unexpected solver response: ). Try increasing `crush.timeout` or adding hypotheses.	i_1.size = get_cnt_sum encoded_str.toList
velvet	crush	origin/crush-backend	e90d79341bb8ef510ec868623e74cfe98feaa4e8	leanprover/lean4:v4.32.2	1	Velvet/Examples/EncodeDecodeStr.lean	encodeStr_correct	10203002127808532242	10203002127808532242	pass	-	110	-	i < j + 1 ∧ j + 1 ≤ str.size
velvet	crush	origin/crush-backend	e90d79341bb8ef510ec868623e74cfe98feaa4e8	leanprover/lean4:v4.32.2	1	Velvet/Examples/EncodeDecodeStr.lean	encodeStr_correct	15527439877898811686	15527439877898811686	pass	-	329	-	∀ (k : ℕ), i ≤ k → k < j + 1 → str[k]! = str[i]!
velvet	crush	origin/crush-backend	e90d79341bb8ef510ec868623e74cfe98feaa4e8	leanprover/lean4:v4.32.2	1	Velvet/Examples/EncodeDecodeStr.lean	encodeStr_correct	4253526900314070824	4253526900314070824	pass	-	108	-	i < j ∧ j ≤ str.size
velvet	crush	origin/crush-backend	e90d79341bb8ef510ec868623e74cfe98feaa4e8	leanprover/lean4:v4.32.2	1	Velvet/Examples/EncodeDecodeStr.lean	encodeStr_correct	17087698223479619887	17087698223479619887	pass	-	11	-	∀ (k : ℕ), i ≤ k → k < j → str[k]! = str[i]!
velvet	crush	origin/crush-backend	e90d79341bb8ef510ec868623e74cfe98feaa4e8	leanprover/lean4:v4.32.2	1	Velvet/Examples/EncodeDecodeStr.lean	encodeStr_correct	13168721855841554394	13168721855841554394	pass	-	7	-	¬(j < str.size ∧ (str[j]! == str[i]!) = true)
velvet	crush	origin/crush-backend	e90d79341bb8ef510ec868623e74cfe98feaa4e8	leanprover/lean4:v4.32.2	1	Velvet/Examples/EncodeDecodeStr.lean	encodeStr_correct	8050235650381385355	8050235650381385355	pass	-	98	-	i < i + 1 ∧ i + 1 ≤ str.size
velvet	crush	origin/crush-backend	e90d79341bb8ef510ec868623e74cfe98feaa4e8	leanprover/lean4:v4.32.2	1	Velvet/Examples/EncodeDecodeStr.lean	encodeStr_correct	3874562368415809942	3874562368415809942	pass	-	106	-	∀ (k : ℕ), i ≤ k → k < i + 1 → str[k]! = str[i]!
velvet	crush	origin/crush-backend	e90d79341bb8ef510ec868623e74cfe98feaa4e8	leanprover/lean4:v4.32.2	1	Velvet/Examples/EncodeDecodeStr.lean	encodeStr_correct	16403843650363689650	16403843650363689650	pass	-	104	-	0 ≤ j ∧ j ≤ str.size
velvet	crush	origin/crush-backend	e90d79341bb8ef510ec868623e74cfe98feaa4e8	leanprover/lean4:v4.32.2	1	Velvet/Examples/EncodeDecodeStr.lean	encodeStr_correct	17528322019345720798	17528322019345720798	fail	timeout	5060	crush: solver returned `unknown` (unexpected solver response: ). Try increasing `crush.timeout` or adding hypotheses.	decodeStrLean (encoding.push { cnt := j - i, c := str[i]! }) = str.extract 0 j
velvet	crush	origin/crush-backend	e90d79341bb8ef510ec868623e74cfe98feaa4e8	leanprover/lean4:v4.32.2	1	Velvet/Examples/EncodeDecodeStr.lean	encodeStr_correct	14846570717984605519	14846570717984605519	pass	-	158	-	is_valid_run_sequence (encoding.push { cnt := j - i, c := str[i]! })
velvet	crush	origin/crush-backend	e90d79341bb8ef510ec868623e74cfe98feaa4e8	leanprover/lean4:v4.32.2	1	Velvet/Examples/EncodeDecodeStr.lean	encodeStr_correct	17345521196864181404	17345521196864181404	pass	-	99	-	0 ≤ i ∧ i ≤ str.size
velvet	crush	origin/crush-backend	e90d79341bb8ef510ec868623e74cfe98feaa4e8	leanprover/lean4:v4.32.2	1	Velvet/Examples/EncodeDecodeStr.lean	encodeStr_correct	4720720642953332999	4720720642953332999	pass	-	3	-	decodeStrLean encoding = str.extract 0 i
velvet	crush	origin/crush-backend	e90d79341bb8ef510ec868623e74cfe98feaa4e8	leanprover/lean4:v4.32.2	1	Velvet/Examples/EncodeDecodeStr.lean	encodeStr_correct	16873295595722686018	16873295595722686018	pass	-	2	-	is_valid_run_sequence encoding
velvet	crush	origin/crush-backend	e90d79341bb8ef510ec868623e74cfe98feaa4e8	leanprover/lean4:v4.32.2	1	Velvet/Examples/EncodeDecodeStr.lean	encodeStr_correct	5769627519083430677	5769627519083430677	pass	-	3	-	¬i < str.size
velvet	crush	origin/crush-backend	e90d79341bb8ef510ec868623e74cfe98feaa4e8	leanprover/lean4:v4.32.2	1	Velvet/Examples/EncodeDecodeStr.lean	encodeStr_correct	15630242782200619292	15630242782200619292	pass	-	153	-	0 ≤ 0 ∧ 0 ≤ str.size
velvet	crush	origin/crush-backend	e90d79341bb8ef510ec868623e74cfe98feaa4e8	leanprover/lean4:v4.32.2	1	Velvet/Examples/EncodeDecodeStr.lean	encodeStr_correct	4390242841053229048	4390242841053229048	pass	-	1	-	decodeStrLean #[] = str.extract 0 0
velvet	crush	origin/crush-backend	e90d79341bb8ef510ec868623e74cfe98feaa4e8	leanprover/lean4:v4.32.2	1	Velvet/Examples/EncodeDecodeStr.lean	encodeStr_correct	4098508629850130765	4098508629850130765	fail	timeout	86	crush: solver returned `unknown` (no reason given). Try increasing `crush.timeout` or adding hypotheses.	is_valid_run_sequence #[]
velvet	crush	origin/crush-backend	e90d79341bb8ef510ec868623e74cfe98feaa4e8	leanprover/lean4:v4.32.2	1	Velvet/Examples/EncodeDecodeStr.lean	encodeStr_correct	6449688271898666716	6449688271898666716	fail	timeout	5073	crush: solver returned `unknown` (unexpected solver response: ). Try increasing `crush.timeout` or adding hypotheses.	decodeStrLean i_1 = str
velvet	crush	origin/crush-backend	e90d79341bb8ef510ec868623e74cfe98feaa4e8	leanprover/lean4:v4.32.2	1	Velvet/Examples/EncodeDecodeStr.lean	encodeStr_correct	3108445719328028112	3108445719328028112	pass	-	89	-	is_valid_run_sequence i_1
velvet	crush	origin/crush-backend	e90d79341bb8ef510ec868623e74cfe98feaa4e8	leanprover/lean4:v4.32.2	1	Velvet/Examples/Examples.lean	insertionSort_correct	6162910358734672275	6162910358734672275	pass	-	7	-	((arr_1.set! (mind - 1) arr_1[mind]!).set! mind arr_1[mind - 1]!).size = arrOld.size
velvet	crush	origin/crush-backend	e90d79341bb8ef510ec868623e74cfe98feaa4e8	leanprover/lean4:v4.32.2	1	Velvet/Examples/Examples.lean	insertionSort_correct	1066791641437412485	1066791641437412485	pass	-	199	-	mind - 1 ≤ n
velvet	crush	origin/crush-backend	e90d79341bb8ef510ec868623e74cfe98feaa4e8	leanprover/lean4:v4.32.2	1	Velvet/Examples/Examples.lean	insertionSort_correct	9866248891257573647	9866248891257573647	fail	reconstruction	21837	crush: solver reported `unsat`, but reconstruction failed — no finishing tactic could replay it from the core ([hyp invariant_1,  hyp a_1,  hyp if_pos,  hyp invariant_5,  hyp invariant_6,  hyp invariant_7,  hyp if_pos_1,  hyp if_pos_2,  hyp a._@._internal.0._stdin.1813948372._hygCtx._hyg.3077,  hyp a._@._internal.0._stdin.1813948372._hygCtx._hyg.3078,  hyp a._@._internal.0._stdin.1813948372._hygCtx._hyg.3079,  negated goal]). Set `crush.trust` to "reconstructOrTrust" to accept the solver's verdict anyway.	∀ (i j : ℕ),   0 ≤ i →     i < j →       j ≤ n →         j ≠ mind - 1 →           ((arr_1.set! (mind - 1) arr_1[mind]!).set! mind arr_1[mind - 1]!)[i]! ≤             ((arr_1.set! (mind - 1) arr_1[mind]!).set! mind arr_1[mind - 1]!)[j]!
velvet	crush	origin/crush-backend	e90d79341bb8ef510ec868623e74cfe98feaa4e8	leanprover/lean4:v4.32.2	1	Velvet/Examples/Examples.lean	insertionSort_correct	18360837223612973524	18360837223612973524	pass	-	233	-	((arr_1.set! (mind - 1) arr_1[mind]!).set! mind arr_1[mind - 1]!).toMultiset = arrOld.toMultiset
velvet	crush	origin/crush-backend	e90d79341bb8ef510ec868623e74cfe98feaa4e8	leanprover/lean4:v4.32.2	1	Velvet/Examples/Examples.lean	insertionSort_correct	5794584936190196715	5794584936190196715	pass	-	6	-	arr_1.size = arrOld.size
velvet	crush	origin/crush-backend	e90d79341bb8ef510ec868623e74cfe98feaa4e8	leanprover/lean4:v4.32.2	1	Velvet/Examples/Examples.lean	insertionSort_correct	1066791641437412485	1066791641437412485	pass	-	229	-	mind - 1 ≤ n
velvet	crush	origin/crush-backend	e90d79341bb8ef510ec868623e74cfe98feaa4e8	leanprover/lean4:v4.32.2	1	Velvet/Examples/Examples.lean	insertionSort_correct	14825588553610653054	14825588553610653054	fail	timeout	10444	crush: solver returned `unknown` (unexpected solver response: ). Try increasing `crush.timeout` or adding hypotheses.	∀ (i j : ℕ), 0 ≤ i → i < j → j ≤ n → j ≠ mind - 1 → arr_1[i]! ≤ arr_1[j]!
velvet	crush	origin/crush-backend	e90d79341bb8ef510ec868623e74cfe98feaa4e8	leanprover/lean4:v4.32.2	1	Velvet/Examples/Examples.lean	insertionSort_correct	15257391885382474665	15257391885382474665	pass	-	6	-	arr_1.toMultiset = arrOld.toMultiset
velvet	crush	origin/crush-backend	e90d79341bb8ef510ec868623e74cfe98feaa4e8	leanprover/lean4:v4.32.2	1	Velvet/Examples/Examples.lean	insertionSort_correct	5794584936190196715	5794584936190196715	pass	-	6	-	arr_1.size = arrOld.size
velvet	crush	origin/crush-backend	e90d79341bb8ef510ec868623e74cfe98feaa4e8	leanprover/lean4:v4.32.2	1	Velvet/Examples/Examples.lean	insertionSort_correct	12031026870814429192	12031026870814429192	pass	-	5	-	mind ≤ n
velvet	crush	origin/crush-backend	e90d79341bb8ef510ec868623e74cfe98feaa4e8	leanprover/lean4:v4.32.2	1	Velvet/Examples/Examples.lean	insertionSort_correct	16465886849738339639	16465886849738339639	pass	-	275	-	∀ (i j : ℕ), 0 ≤ i → i < j → j ≤ n → j ≠ mind → arr_1[i]! ≤ arr_1[j]!
velvet	crush	origin/crush-backend	e90d79341bb8ef510ec868623e74cfe98feaa4e8	leanprover/lean4:v4.32.2	1	Velvet/Examples/Examples.lean	insertionSort_correct	15257391885382474665	15257391885382474665	pass	-	6	-	arr_1.toMultiset = arrOld.toMultiset
velvet	crush	origin/crush-backend	e90d79341bb8ef510ec868623e74cfe98feaa4e8	leanprover/lean4:v4.32.2	1	Velvet/Examples/Examples.lean	insertionSort_correct	2438232962388206336	2438232962388206336	pass	-	111	-	mind = 0
velvet	crush	origin/crush-backend	e90d79341bb8ef510ec868623e74cfe98feaa4e8	leanprover/lean4:v4.32.2	1	Velvet/Examples/Examples.lean	insertionSort_correct	5964899400721509044	5964899400721509044	pass	-	4	-	arr.size = arrOld.size
velvet	crush	origin/crush-backend	e90d79341bb8ef510ec868623e74cfe98feaa4e8	leanprover/lean4:v4.32.2	1	Velvet/Examples/Examples.lean	insertionSort_correct	12155028420956038391	12155028420956038391	pass	-	162	-	n ≤ n
velvet	crush	origin/crush-backend	e90d79341bb8ef510ec868623e74cfe98feaa4e8	leanprover/lean4:v4.32.2	1	Velvet/Examples/Examples.lean	insertionSort_correct	14852526092468225565	14852526092468225565	pass	-	250	-	∀ (i j : ℕ), 0 ≤ i → i < j → j ≤ n → j ≠ n → arr[i]! ≤ arr[j]!
velvet	crush	origin/crush-backend	e90d79341bb8ef510ec868623e74cfe98feaa4e8	leanprover/lean4:v4.32.2	1	Velvet/Examples/Examples.lean	insertionSort_correct	17117294935281830098	17117294935281830098	pass	-	3	-	arr.toMultiset = arrOld.toMultiset
velvet	crush	origin/crush-backend	e90d79341bb8ef510ec868623e74cfe98feaa4e8	leanprover/lean4:v4.32.2	1	Velvet/Examples/Examples.lean	insertionSort_correct	5288706169439222084	5288706169439222084	pass	-	11	-	i.size = arrOld.size
velvet	crush	origin/crush-backend	e90d79341bb8ef510ec868623e74cfe98feaa4e8	leanprover/lean4:v4.32.2	1	Velvet/Examples/Examples.lean	insertionSort_correct	12688677688377801211	12688677688377801211	pass	-	129	-	1 ≤ n + 1 ∧ n + 1 ≤ i.size
velvet	crush	origin/crush-backend	e90d79341bb8ef510ec868623e74cfe98feaa4e8	leanprover/lean4:v4.32.2	1	Velvet/Examples/Examples.lean	insertionSort_correct	7903702650473013145	7903702650473013145	pass	-	274	-	∀ (i_2 j : ℕ), 0 ≤ i_2 → i_2 < j → j ≤ n + 1 - 1 → i[i_2]! ≤ i[j]!
velvet	crush	origin/crush-backend	e90d79341bb8ef510ec868623e74cfe98feaa4e8	leanprover/lean4:v4.32.2	1	Velvet/Examples/Examples.lean	insertionSort_correct	8905801618567038615	8905801618567038615	pass	-	11	-	i.toMultiset = arrOld.toMultiset
velvet	crush	origin/crush-backend	e90d79341bb8ef510ec868623e74cfe98feaa4e8	leanprover/lean4:v4.32.2	1	Velvet/Examples/Examples.lean	insertionSort_correct	5964899400721509044	5964899400721509044	pass	-	3	-	arr.size = arrOld.size
velvet	crush	origin/crush-backend	e90d79341bb8ef510ec868623e74cfe98feaa4e8	leanprover/lean4:v4.32.2	1	Velvet/Examples/Examples.lean	insertionSort_correct	5379360585891885096	5379360585891885096	pass	-	106	-	1 ≤ n ∧ n ≤ arr.size
velvet	crush	origin/crush-backend	e90d79341bb8ef510ec868623e74cfe98feaa4e8	leanprover/lean4:v4.32.2	1	Velvet/Examples/Examples.lean	insertionSort_correct	11248877774576345437	11248877774576345437	pass	-	257	-	∀ (i j : ℕ), 0 ≤ i → i < j → j ≤ n - 1 → arr[i]! ≤ arr[j]!
velvet	crush	origin/crush-backend	e90d79341bb8ef510ec868623e74cfe98feaa4e8	leanprover/lean4:v4.32.2	1	Velvet/Examples/Examples.lean	insertionSort_correct	17117294935281830098	17117294935281830098	pass	-	4	-	arr.toMultiset = arrOld.toMultiset
velvet	crush	origin/crush-backend	e90d79341bb8ef510ec868623e74cfe98feaa4e8	leanprover/lean4:v4.32.2	1	Velvet/Examples/Examples.lean	insertionSort_correct	11532741708565178815	11532741708565178815	pass	-	103	-	n = arr.size
velvet	crush	origin/crush-backend	e90d79341bb8ef510ec868623e74cfe98feaa4e8	leanprover/lean4:v4.32.2	1	Velvet/Examples/Examples.lean	insertionSort_correct	13894794097547967513	13894794097547967513	pass	-	92	-	1 ≤ 1 ∧ 1 ≤ arrOld.size
velvet	crush	origin/crush-backend	e90d79341bb8ef510ec868623e74cfe98feaa4e8	leanprover/lean4:v4.32.2	1	Velvet/Examples/Examples.lean	insertionSort_correct	11235314628722112900	11235314628722112900	pass	-	141	-	∀ (i j : ℕ), 0 ≤ i → i < j → j ≤ 1 - 1 → arrOld[i]! ≤ arrOld[j]!
velvet	crush	origin/crush-backend	e90d79341bb8ef510ec868623e74cfe98feaa4e8	leanprover/lean4:v4.32.2	1	Velvet/Examples/Examples.lean	insertionSort_correct	8905801618567038615	8905801618567038615	pass	-	7	-	i.toMultiset = arrOld.toMultiset
velvet	crush	origin/crush-backend	e90d79341bb8ef510ec868623e74cfe98feaa4e8	leanprover/lean4:v4.32.2	1	Velvet/Examples/Examples.lean	insertionSort_correct	18214290959922115111	18214290959922115111	pass	-	1112	-	∀ (i_2 j : ℕ), 0 ≤ i_2 → i_2 ≤ j → j < i.size → i[i_2]! ≤ i[j]!
velvet	crush	origin/crush-backend	e90d79341bb8ef510ec868623e74cfe98feaa4e8	leanprover/lean4:v4.32.2	1	Velvet/Examples/Examples.lean	sqrt_correct	17119794831572106230	17119794831572106230	pass	-	88	-	∀ (i : ℕ), i * i ≤ x → i ≤ 0
velvet	crush	origin/crush-backend	e90d79341bb8ef510ec868623e74cfe98feaa4e8	leanprover/lean4:v4.32.2	1	Velvet/Examples/Examples.lean	sqrt_correct	16395326812896940336	16395326812896940336	pass	-	95	-	∀ i ≤ 0, i * i ≤ x
velvet	crush	origin/crush-backend	e90d79341bb8ef510ec868623e74cfe98feaa4e8	leanprover/lean4:v4.32.2	1	Velvet/Examples/Examples.lean	sqrt_correct	4559485301326837329	4559485301326837329	pass	-	85	-	0 * 0 ≤ x
velvet	crush	origin/crush-backend	e90d79341bb8ef510ec868623e74cfe98feaa4e8	leanprover/lean4:v4.32.2	1	Velvet/Examples/Examples.lean	sqrt_correct	15833581759277421577	15833581759277421577	pass	-	307	-	∀ j < i + 1, j * j ≤ x
velvet	crush	origin/crush-backend	e90d79341bb8ef510ec868623e74cfe98feaa4e8	leanprover/lean4:v4.32.2	1	Velvet/Examples/Examples.lean	sqrt_correct	7228731597997214785	7228731597997214785	pass	-	4	-	∀ j < i, j * j ≤ x
velvet	crush	origin/crush-backend	e90d79341bb8ef510ec868623e74cfe98feaa4e8	leanprover/lean4:v4.32.2	1	Velvet/Examples/Examples.lean	sqrt_correct	17256355208408803011	17256355208408803011	pass	-	98	-	x < i * i
velvet	crush	origin/crush-backend	e90d79341bb8ef510ec868623e74cfe98feaa4e8	leanprover/lean4:v4.32.2	1	Velvet/Examples/Examples.lean	sqrt_correct	13635698331308129878	13635698331308129878	pass	-	88	-	∀ j < 0, j * j ≤ x
velvet	crush	origin/crush-backend	e90d79341bb8ef510ec868623e74cfe98feaa4e8	leanprover/lean4:v4.32.2	1	Velvet/Examples/Examples.lean	sqrt_correct	10800841518550636949	10800841518550636949	pass	-	300	-	∀ (i_1 : ℕ), i_1 * i_1 ≤ x → i_1 ≤ i - 1
velvet	crush	origin/crush-backend	e90d79341bb8ef510ec868623e74cfe98feaa4e8	leanprover/lean4:v4.32.2	1	Velvet/Examples/Examples.lean	sqrt_correct	12457966505053151830	12457966505053151830	pass	-	521	-	∀ i_1 ≤ i - 1, i_1 * i_1 ≤ x
velvet	crush	origin/crush-backend	e90d79341bb8ef510ec868623e74cfe98feaa4e8	leanprover/lean4:v4.32.2	1	Velvet/Examples/Examples.lean	sqrt_correct	17578352201394481400	17578352201394481400	pass	-	266	-	(i - 1) * (i - 1) ≤ x
velvet	crush	origin/crush-backend	e90d79341bb8ef510ec868623e74cfe98feaa4e8	leanprover/lean4:v4.32.2	1	Velvet/Examples/Examples_Total.lean	insertionSort_total_correct	6162910358734672275	6162910358734672275	pass	-	8	-	((arr_1.set! (mind - 1) arr_1[mind]!).set! mind arr_1[mind - 1]!).size = arrOld.size
velvet	crush	origin/crush-backend	e90d79341bb8ef510ec868623e74cfe98feaa4e8	leanprover/lean4:v4.32.2	1	Velvet/Examples/Examples_Total.lean	insertionSort_total_correct	1066791641437412485	1066791641437412485	pass	-	212	-	mind - 1 ≤ n
velvet	crush	origin/crush-backend	e90d79341bb8ef510ec868623e74cfe98feaa4e8	leanprover/lean4:v4.32.2	1	Velvet/Examples/Examples_Total.lean	insertionSort_total_correct	9866248891257573647	9866248891257573647	fail	reconstruction	5908	crush: solver reported `unsat`, but reconstruction failed — no finishing tactic could replay it from the core ([hyp invariant_1,  hyp a_1,  hyp if_pos,  hyp invariant_5,  hyp invariant_6,  hyp invariant_7,  hyp if_pos_1,  hyp if_pos_2,  hyp a._@._internal.0._stdin.557672846._hygCtx._hyg.3213,  hyp a._@._internal.0._stdin.557672846._hygCtx._hyg.3214,  hyp a._@._internal.0._stdin.557672846._hygCtx._hyg.3215,  negated goal]). Set `crush.trust` to "reconstructOrTrust" to accept the solver's verdict anyway.	∀ (i j : ℕ),   0 ≤ i →     i < j →       j ≤ n →         j ≠ mind - 1 →           ((arr_1.set! (mind - 1) arr_1[mind]!).set! mind arr_1[mind - 1]!)[i]! ≤             ((arr_1.set! (mind - 1) arr_1[mind]!).set! mind arr_1[mind - 1]!)[j]!
velvet	crush	origin/crush-backend	e90d79341bb8ef510ec868623e74cfe98feaa4e8	leanprover/lean4:v4.32.2	1	Velvet/Examples/Examples_Total.lean	insertionSort_total_correct	18360837223612973524	18360837223612973524	pass	-	235	-	((arr_1.set! (mind - 1) arr_1[mind]!).set! mind arr_1[mind - 1]!).toMultiset = arrOld.toMultiset
velvet	crush	origin/crush-backend	e90d79341bb8ef510ec868623e74cfe98feaa4e8	leanprover/lean4:v4.32.2	1	Velvet/Examples/Examples_Total.lean	insertionSort_total_correct	11568103068982921353	11568103068982921353	pass	-	190	-	mind - 1 < mind
velvet	crush	origin/crush-backend	e90d79341bb8ef510ec868623e74cfe98feaa4e8	leanprover/lean4:v4.32.2	1	Velvet/Examples/Examples_Total.lean	insertionSort_total_correct	5794584936190196715	5794584936190196715	pass	-	6	-	arr_1.size = arrOld.size
velvet	crush	origin/crush-backend	e90d79341bb8ef510ec868623e74cfe98feaa4e8	leanprover/lean4:v4.32.2	1	Velvet/Examples/Examples_Total.lean	insertionSort_total_correct	1066791641437412485	1066791641437412485	pass	-	192	-	mind - 1 ≤ n
velvet	crush	origin/crush-backend	e90d79341bb8ef510ec868623e74cfe98feaa4e8	leanprover/lean4:v4.32.2	1	Velvet/Examples/Examples_Total.lean	insertionSort_total_correct	14825588553610653054	14825588553610653054	fail	timeout	10461	crush: solver returned `unknown` (unexpected solver response: ). Try increasing `crush.timeout` or adding hypotheses.	∀ (i j : ℕ), 0 ≤ i → i < j → j ≤ n → j ≠ mind - 1 → arr_1[i]! ≤ arr_1[j]!
velvet	crush	origin/crush-backend	e90d79341bb8ef510ec868623e74cfe98feaa4e8	leanprover/lean4:v4.32.2	1	Velvet/Examples/Examples_Total.lean	insertionSort_total_correct	15257391885382474665	15257391885382474665	pass	-	8	-	arr_1.toMultiset = arrOld.toMultiset
velvet	crush	origin/crush-backend	e90d79341bb8ef510ec868623e74cfe98feaa4e8	leanprover/lean4:v4.32.2	1	Velvet/Examples/Examples_Total.lean	insertionSort_total_correct	11568103068982921353	11568103068982921353	pass	-	227	-	mind - 1 < mind
velvet	crush	origin/crush-backend	e90d79341bb8ef510ec868623e74cfe98feaa4e8	leanprover/lean4:v4.32.2	1	Velvet/Examples/Examples_Total.lean	insertionSort_total_correct	5794584936190196715	5794584936190196715	pass	-	6	-	arr_1.size = arrOld.size
velvet	crush	origin/crush-backend	e90d79341bb8ef510ec868623e74cfe98feaa4e8	leanprover/lean4:v4.32.2	1	Velvet/Examples/Examples_Total.lean	insertionSort_total_correct	12031026870814429192	12031026870814429192	pass	-	6	-	mind ≤ n
velvet	crush	origin/crush-backend	e90d79341bb8ef510ec868623e74cfe98feaa4e8	leanprover/lean4:v4.32.2	1	Velvet/Examples/Examples_Total.lean	insertionSort_total_correct	16465886849738339639	16465886849738339639	pass	-	236	-	∀ (i j : ℕ), 0 ≤ i → i < j → j ≤ n → j ≠ mind → arr_1[i]! ≤ arr_1[j]!
velvet	crush	origin/crush-backend	e90d79341bb8ef510ec868623e74cfe98feaa4e8	leanprover/lean4:v4.32.2	1	Velvet/Examples/Examples_Total.lean	insertionSort_total_correct	15257391885382474665	15257391885382474665	pass	-	6	-	arr_1.toMultiset = arrOld.toMultiset
velvet	crush	origin/crush-backend	e90d79341bb8ef510ec868623e74cfe98feaa4e8	leanprover/lean4:v4.32.2	1	Velvet/Examples/Examples_Total.lean	insertionSort_total_correct	5918835836158453730	5918835836158453730	pass	-	9	-	¬mind ≠ 0
velvet	crush	origin/crush-backend	e90d79341bb8ef510ec868623e74cfe98feaa4e8	leanprover/lean4:v4.32.2	1	Velvet/Examples/Examples_Total.lean	insertionSort_total_correct	5964899400721509044	5964899400721509044	pass	-	3	-	arr.size = arrOld.size
velvet	crush	origin/crush-backend	e90d79341bb8ef510ec868623e74cfe98feaa4e8	leanprover/lean4:v4.32.2	1	Velvet/Examples/Examples_Total.lean	insertionSort_total_correct	12155028420956038391	12155028420956038391	pass	-	136	-	n ≤ n
velvet	crush	origin/crush-backend	e90d79341bb8ef510ec868623e74cfe98feaa4e8	leanprover/lean4:v4.32.2	1	Velvet/Examples/Examples_Total.lean	insertionSort_total_correct	14852526092468225565	14852526092468225565	pass	-	223	-	∀ (i j : ℕ), 0 ≤ i → i < j → j ≤ n → j ≠ n → arr[i]! ≤ arr[j]!
velvet	crush	origin/crush-backend	e90d79341bb8ef510ec868623e74cfe98feaa4e8	leanprover/lean4:v4.32.2	1	Velvet/Examples/Examples_Total.lean	insertionSort_total_correct	17117294935281830098	17117294935281830098	pass	-	3	-	arr.toMultiset = arrOld.toMultiset
velvet	crush	origin/crush-backend	e90d79341bb8ef510ec868623e74cfe98feaa4e8	leanprover/lean4:v4.32.2	1	Velvet/Examples/Examples_Total.lean	insertionSort_total_correct	5288706169439222084	5288706169439222084	pass	-	11	-	i.size = arrOld.size
velvet	crush	origin/crush-backend	e90d79341bb8ef510ec868623e74cfe98feaa4e8	leanprover/lean4:v4.32.2	1	Velvet/Examples/Examples_Total.lean	insertionSort_total_correct	12688677688377801211	12688677688377801211	pass	-	120	-	1 ≤ n + 1 ∧ n + 1 ≤ i.size
velvet	crush	origin/crush-backend	e90d79341bb8ef510ec868623e74cfe98feaa4e8	leanprover/lean4:v4.32.2	1	Velvet/Examples/Examples_Total.lean	insertionSort_total_correct	7903702650473013145	7903702650473013145	pass	-	46146	-	∀ (i_2 j : ℕ), 0 ≤ i_2 → i_2 < j → j ≤ n + 1 - 1 → i[i_2]! ≤ i[j]!
velvet	crush	origin/crush-backend	e90d79341bb8ef510ec868623e74cfe98feaa4e8	leanprover/lean4:v4.32.2	1	Velvet/Examples/Examples_Total.lean	insertionSort_total_correct	8905801618567038615	8905801618567038615	pass	-	11	-	i.toMultiset = arrOld.toMultiset
velvet	crush	origin/crush-backend	e90d79341bb8ef510ec868623e74cfe98feaa4e8	leanprover/lean4:v4.32.2	1	Velvet/Examples/Examples_Total.lean	insertionSort_total_correct	18088860687919872176	18088860687919872176	pass	-	131	-	i.size - (n + 1) < arr.size - n
velvet	crush	origin/crush-backend	e90d79341bb8ef510ec868623e74cfe98feaa4e8	leanprover/lean4:v4.32.2	1	Velvet/Examples/Examples_Total.lean	insertionSort_total_correct	5964899400721509044	5964899400721509044	pass	-	3	-	arr.size = arrOld.size
velvet	crush	origin/crush-backend	e90d79341bb8ef510ec868623e74cfe98feaa4e8	leanprover/lean4:v4.32.2	1	Velvet/Examples/Examples_Total.lean	insertionSort_total_correct	5379360585891885096	5379360585891885096	pass	-	101	-	1 ≤ n ∧ n ≤ arr.size
velvet	crush	origin/crush-backend	e90d79341bb8ef510ec868623e74cfe98feaa4e8	leanprover/lean4:v4.32.2	1	Velvet/Examples/Examples_Total.lean	insertionSort_total_correct	11248877774576345437	11248877774576345437	pass	-	238	-	∀ (i j : ℕ), 0 ≤ i → i < j → j ≤ n - 1 → arr[i]! ≤ arr[j]!
velvet	crush	origin/crush-backend	e90d79341bb8ef510ec868623e74cfe98feaa4e8	leanprover/lean4:v4.32.2	1	Velvet/Examples/Examples_Total.lean	insertionSort_total_correct	17117294935281830098	17117294935281830098	pass	-	6	-	arr.toMultiset = arrOld.toMultiset
velvet	crush	origin/crush-backend	e90d79341bb8ef510ec868623e74cfe98feaa4e8	leanprover/lean4:v4.32.2	1	Velvet/Examples/Examples_Total.lean	insertionSort_total_correct	6709257883257101731	6709257883257101731	pass	-	7	-	¬n ≠ arr.size
velvet	crush	origin/crush-backend	e90d79341bb8ef510ec868623e74cfe98feaa4e8	leanprover/lean4:v4.32.2	1	Velvet/Examples/Examples_Total.lean	insertionSort_total_correct	13894794097547967513	13894794097547967513	pass	-	87	-	1 ≤ 1 ∧ 1 ≤ arrOld.size
velvet	crush	origin/crush-backend	e90d79341bb8ef510ec868623e74cfe98feaa4e8	leanprover/lean4:v4.32.2	1	Velvet/Examples/Examples_Total.lean	insertionSort_total_correct	11235314628722112900	11235314628722112900	pass	-	182	-	∀ (i j : ℕ), 0 ≤ i → i < j → j ≤ 1 - 1 → arrOld[i]! ≤ arrOld[j]!
velvet	crush	origin/crush-backend	e90d79341bb8ef510ec868623e74cfe98feaa4e8	leanprover/lean4:v4.32.2	1	Velvet/Examples/Examples_Total.lean	insertionSort_total_correct	891049678225498279	891049678225498279	pass	-	7	-	arrOld.toMultiset = i.toMultiset
velvet	crush	origin/crush-backend	e90d79341bb8ef510ec868623e74cfe98feaa4e8	leanprover/lean4:v4.32.2	1	Velvet/Examples/Examples_Total.lean	insertionSort_total_correct	18214290959922115111	18214290959922115111	pass	-	1726	-	∀ (i_2 j : ℕ), 0 ≤ i_2 → i_2 ≤ j → j < i.size → i[i_2]! ≤ i[j]!
velvet	crush	origin/crush-backend	e90d79341bb8ef510ec868623e74cfe98feaa4e8	leanprover/lean4:v4.32.2	1	Velvet/Examples/Examples_Total.lean	sqrt_total_correct	17119794831572106230	17119794831572106230	pass	-	104	-	∀ (i : ℕ), i * i ≤ x → i ≤ 0
velvet	crush	origin/crush-backend	e90d79341bb8ef510ec868623e74cfe98feaa4e8	leanprover/lean4:v4.32.2	1	Velvet/Examples/Examples_Total.lean	sqrt_total_correct	16395326812896940336	16395326812896940336	pass	-	89	-	∀ i ≤ 0, i * i ≤ x
velvet	crush	origin/crush-backend	e90d79341bb8ef510ec868623e74cfe98feaa4e8	leanprover/lean4:v4.32.2	1	Velvet/Examples/Examples_Total.lean	sqrt_total_correct	4559485301326837329	4559485301326837329	pass	-	74	-	0 * 0 ≤ x
velvet	crush	origin/crush-backend	e90d79341bb8ef510ec868623e74cfe98feaa4e8	leanprover/lean4:v4.32.2	1	Velvet/Examples/Examples_Total.lean	sqrt_total_correct	15833581759277421577	15833581759277421577	pass	-	102	-	∀ j < i + 1, j * j ≤ x
velvet	crush	origin/crush-backend	e90d79341bb8ef510ec868623e74cfe98feaa4e8	leanprover/lean4:v4.32.2	1	Velvet/Examples/Examples_Total.lean	sqrt_total_correct	17892696244691966181	17892696244691966181	pass	-	585	-	x + 8 - (i + 1) < x + 8 - i
velvet	crush	origin/crush-backend	e90d79341bb8ef510ec868623e74cfe98feaa4e8	leanprover/lean4:v4.32.2	1	Velvet/Examples/Examples_Total.lean	sqrt_total_correct	7228731597997214785	7228731597997214785	pass	-	117	-	∀ j < i, j * j ≤ x
velvet	crush	origin/crush-backend	e90d79341bb8ef510ec868623e74cfe98feaa4e8	leanprover/lean4:v4.32.2	1	Velvet/Examples/Examples_Total.lean	sqrt_total_correct	13073343856082995605	13073343856082995605	pass	-	3	-	¬i * i ≤ x
velvet	crush	origin/crush-backend	e90d79341bb8ef510ec868623e74cfe98feaa4e8	leanprover/lean4:v4.32.2	1	Velvet/Examples/Examples_Total.lean	sqrt_total_correct	13635698331308129878	13635698331308129878	pass	-	119	-	∀ j < 0, j * j ≤ x
velvet	crush	origin/crush-backend	e90d79341bb8ef510ec868623e74cfe98feaa4e8	leanprover/lean4:v4.32.2	1	Velvet/Examples/Examples_Total.lean	sqrt_total_correct	10800841518550636949	10800841518550636949	pass	-	141	-	∀ (i_1 : ℕ), i_1 * i_1 ≤ x → i_1 ≤ i - 1
velvet	crush	origin/crush-backend	e90d79341bb8ef510ec868623e74cfe98feaa4e8	leanprover/lean4:v4.32.2	1	Velvet/Examples/Examples_Total.lean	sqrt_total_correct	12457966505053151830	12457966505053151830	pass	-	389	-	∀ i_1 ≤ i - 1, i_1 * i_1 ≤ x
velvet	crush	origin/crush-backend	e90d79341bb8ef510ec868623e74cfe98feaa4e8	leanprover/lean4:v4.32.2	1	Velvet/Examples/Examples_Total.lean	sqrt_total_correct	17578352201394481400	17578352201394481400	pass	-	323	-	(i - 1) * (i - 1) ≤ x
velvet	crush	origin/crush-backend	e90d79341bb8ef510ec868623e74cfe98feaa4e8	leanprover/lean4:v4.32.2	1	Velvet/Examples/Examples_Total.lean	cbrt_correct	628191952620585962	628191952620585962	pass	-	138	-	∀ (i : ℕ), i * i * i ≤ x → i ≤ 0
velvet	crush	origin/crush-backend	e90d79341bb8ef510ec868623e74cfe98feaa4e8	leanprover/lean4:v4.32.2	1	Velvet/Examples/Examples_Total.lean	cbrt_correct	5408980950461060684	5408980950461060684	pass	-	102	-	∀ i ≤ 0, i * i * i ≤ x
velvet	crush	origin/crush-backend	e90d79341bb8ef510ec868623e74cfe98feaa4e8	leanprover/lean4:v4.32.2	1	Velvet/Examples/Examples_Total.lean	cbrt_correct	17796805544787031687	17796805544787031687	pass	-	84	-	0 * 0 * 0 ≤ x
velvet	crush	origin/crush-backend	e90d79341bb8ef510ec868623e74cfe98feaa4e8	leanprover/lean4:v4.32.2	1	Velvet/Examples/Examples_Total.lean	cbrt_correct	12597585967811959528	12597585967811959528	pass	-	138	-	∀ j < i + 1, j * j * j ≤ x
velvet	crush	origin/crush-backend	e90d79341bb8ef510ec868623e74cfe98feaa4e8	leanprover/lean4:v4.32.2	1	Velvet/Examples/Examples_Total.lean	cbrt_correct	17892696244691966181	17892696244691966181	pass	-	539	-	x + 8 - (i + 1) < x + 8 - i
velvet	crush	origin/crush-backend	e90d79341bb8ef510ec868623e74cfe98feaa4e8	leanprover/lean4:v4.32.2	1	Velvet/Examples/Examples_Total.lean	cbrt_correct	11504389341422214604	11504389341422214604	fail	timeout	5093	crush: solver returned `unknown` (unexpected solver response: ). Try increasing `crush.timeout` or adding hypotheses.	∀ j < i, j * j * j ≤ x
velvet	crush	origin/crush-backend	e90d79341bb8ef510ec868623e74cfe98feaa4e8	leanprover/lean4:v4.32.2	1	Velvet/Examples/Examples_Total.lean	cbrt_correct	1828175149019549874	1828175149019549874	pass	-	3	-	¬i * i * i ≤ x
velvet	crush	origin/crush-backend	e90d79341bb8ef510ec868623e74cfe98feaa4e8	leanprover/lean4:v4.32.2	1	Velvet/Examples/Examples_Total.lean	cbrt_correct	8027176826117333927	8027176826117333927	pass	-	74	-	∀ j < 0, j * j * j ≤ x
velvet	crush	origin/crush-backend	e90d79341bb8ef510ec868623e74cfe98feaa4e8	leanprover/lean4:v4.32.2	1	Velvet/Examples/Examples_Total.lean	cbrt_correct	8642365996124661698	8642365996124661698	pass	-	159	-	∀ (i_1 : ℕ), i_1 * i_1 * i_1 ≤ x → i_1 ≤ i - 1
velvet	crush	origin/crush-backend	e90d79341bb8ef510ec868623e74cfe98feaa4e8	leanprover/lean4:v4.32.2	1	Velvet/Examples/Examples_Total.lean	cbrt_correct	1031468476226669362	1031468476226669362	pass	-	500	-	∀ i_1 ≤ i - 1, i_1 * i_1 * i_1 ≤ x
velvet	crush	origin/crush-backend	e90d79341bb8ef510ec868623e74cfe98feaa4e8	leanprover/lean4:v4.32.2	1	Velvet/Examples/Examples_Total.lean	cbrt_correct	9859620190106577091	9859620190106577091	pass	-	167	-	(i - 1) * (i - 1) * (i - 1) ≤ x
velvet	crush	origin/crush-backend	e90d79341bb8ef510ec868623e74cfe98feaa4e8	leanprover/lean4:v4.32.2	1	Velvet/Examples/Examples_Total.lean	sqrt_bn_correct	7745518040588453633	7745518040588453633	pass	-	3	-	(r + l) / 2 * ((r + l) / 2) ≤ x
velvet	crush	origin/crush-backend	e90d79341bb8ef510ec868623e74cfe98feaa4e8	leanprover/lean4:v4.32.2	1	Velvet/Examples/Examples_Total.lean	sqrt_bn_correct	7275559839122250210	7275559839122250210	pass	-	3	-	x < r * r
velvet	crush	origin/crush-backend	e90d79341bb8ef510ec868623e74cfe98feaa4e8	leanprover/lean4:v4.32.2	1	Velvet/Examples/Examples_Total.lean	sqrt_bn_correct	17809363630590163151	17809363630590163151	pass	-	137	-	∀ i ≤ (r + l) / 2, i * i ≤ x
velvet	crush	origin/crush-backend	e90d79341bb8ef510ec868623e74cfe98feaa4e8	leanprover/lean4:v4.32.2	1	Velvet/Examples/Examples_Total.lean	sqrt_bn_correct	3756677303263535492	3756677303263535492	pass	-	114	-	r - (r + l) / 2 < r - l
velvet	crush	origin/crush-backend	e90d79341bb8ef510ec868623e74cfe98feaa4e8	leanprover/lean4:v4.32.2	1	Velvet/Examples/Examples_Total.lean	sqrt_bn_correct	4049183095434299843	4049183095434299843	pass	-	2	-	l * l ≤ x
velvet	crush	origin/crush-backend	e90d79341bb8ef510ec868623e74cfe98feaa4e8	leanprover/lean4:v4.32.2	1	Velvet/Examples/Examples_Total.lean	sqrt_bn_correct	845228717509319176	845228717509319176	pass	-	109	-	x < (r + l) / 2 * ((r + l) / 2)
velvet	crush	origin/crush-backend	e90d79341bb8ef510ec868623e74cfe98feaa4e8	leanprover/lean4:v4.32.2	1	Velvet/Examples/Examples_Total.lean	sqrt_bn_correct	14080923781397173690	14080923781397173690	pass	-	126	-	∀ i ≤ l, i * i ≤ x
velvet	crush	origin/crush-backend	e90d79341bb8ef510ec868623e74cfe98feaa4e8	leanprover/lean4:v4.32.2	1	Velvet/Examples/Examples_Total.lean	sqrt_bn_correct	2013384436827156188	2013384436827156188	pass	-	146	-	(r + l) / 2 - l < r - l
velvet	crush	origin/crush-backend	e90d79341bb8ef510ec868623e74cfe98feaa4e8	leanprover/lean4:v4.32.2	1	Velvet/Examples/Examples_Total.lean	sqrt_bn_correct	4049183095434299843	4049183095434299843	pass	-	2	-	l * l ≤ x
velvet	crush	origin/crush-backend	e90d79341bb8ef510ec868623e74cfe98feaa4e8	leanprover/lean4:v4.32.2	1	Velvet/Examples/Examples_Total.lean	sqrt_bn_correct	7275559839122250210	7275559839122250210	pass	-	2	-	x < r * r
velvet	crush	origin/crush-backend	e90d79341bb8ef510ec868623e74cfe98feaa4e8	leanprover/lean4:v4.32.2	1	Velvet/Examples/Examples_Total.lean	sqrt_bn_correct	14080923781397173690	14080923781397173690	pass	-	115	-	∀ i ≤ l, i * i ≤ x
velvet	crush	origin/crush-backend	e90d79341bb8ef510ec868623e74cfe98feaa4e8	leanprover/lean4:v4.32.2	1	Velvet/Examples/Examples_Total.lean	sqrt_bn_correct	5112937323286018014	5112937323286018014	pass	-	4	-	¬1 < r - l
velvet	crush	origin/crush-backend	e90d79341bb8ef510ec868623e74cfe98feaa4e8	leanprover/lean4:v4.32.2	1	Velvet/Examples/Examples_Total.lean	sqrt_bn_correct	4559485301326837329	4559485301326837329	pass	-	81	-	0 * 0 ≤ x
velvet	crush	origin/crush-backend	e90d79341bb8ef510ec868623e74cfe98feaa4e8	leanprover/lean4:v4.32.2	1	Velvet/Examples/Examples_Total.lean	sqrt_bn_correct	6911359079999020658	6911359079999020658	pass	-	1	-	x < bnd * bnd
velvet	crush	origin/crush-backend	e90d79341bb8ef510ec868623e74cfe98feaa4e8	leanprover/lean4:v4.32.2	1	Velvet/Examples/Examples_Total.lean	sqrt_bn_correct	16395326812896940336	16395326812896940336	pass	-	91	-	∀ i ≤ 0, i * i ≤ x
velvet	crush	origin/crush-backend	e90d79341bb8ef510ec868623e74cfe98feaa4e8	leanprover/lean4:v4.32.2	1	Velvet/Examples/Examples_Total.lean	sqrt_bn_correct	18362062349273978007	18362062349273978007	pass	-	98	-	∀ (i_2 : ℕ), i_2 * i_2 ≤ x → i_2 ≤ i
velvet	crush	origin/crush-backend	e90d79341bb8ef510ec868623e74cfe98feaa4e8	leanprover/lean4:v4.32.2	1	Velvet/Examples/Examples_Total.lean	sqrt_bn_correct	8802921734925604215	8802921734925604215	pass	-	96	-	∀ i_2 ≤ i, i_2 * i_2 ≤ x
velvet	crush	origin/crush-backend	e90d79341bb8ef510ec868623e74cfe98feaa4e8	leanprover/lean4:v4.32.2	1	Velvet/Examples/Examples_Total.lean	sqrt_bn_correct	8723303018838369810	8723303018838369810	pass	-	4	-	i * i ≤ x
velvet	crush	origin/crush-backend	e90d79341bb8ef510ec868623e74cfe98feaa4e8	leanprover/lean4:v4.32.2	1	Velvet/Examples/GCD.lean	gcd_correct	4384199359441751320	4384199359441751320	pass	-	2	-	a > 0
velvet	crush	origin/crush-backend	e90d79341bb8ef510ec868623e74cfe98feaa4e8	leanprover/lean4:v4.32.2	1	Velvet/Examples/GCD.lean	gcd_correct	9601099415740649235	9601099415740649235	pass	-	112	-	b > 0
velvet	crush	origin/crush-backend	e90d79341bb8ef510ec868623e74cfe98feaa4e8	leanprover/lean4:v4.32.2	1	Velvet/Examples/GCD.lean	gcd_correct	1185000637665826843	1185000637665826843	pass	-	2	-	x > 0
velvet	crush	origin/crush-backend	e90d79341bb8ef510ec868623e74cfe98feaa4e8	leanprover/lean4:v4.32.2	1	Velvet/Examples/IsNonPrime.lean	IsNonPrime_correct	3150397294412475763	3150397294412475763	fail	sat	161	crush: the goal is not provable — solver found a counterexample:     function-signature:0:0 := 0     function-signature:0:1 := true	True ↔ ¬isPrime n
velvet	crush	origin/crush-backend	e90d79341bb8ef510ec868623e74cfe98feaa4e8	leanprover/lean4:v4.32.2	1	Velvet/Examples/IsNonPrime.lean	IsNonPrime_correct	8498703091421742660	8498703091421742660	pass	-	122	-	2 ≤ i + 1
velvet	crush	origin/crush-backend	e90d79341bb8ef510ec868623e74cfe98feaa4e8	leanprover/lean4:v4.32.2	1	Velvet/Examples/IsNonPrime.lean	IsNonPrime_correct	15405612526479945524	15405612526479945524	pass	-	225	-	true = false ↔ ∀ (d : ℕ), 2 ≤ d → d < i + 1 → n % d ≠ 0
velvet	crush	origin/crush-backend	e90d79341bb8ef510ec868623e74cfe98feaa4e8	leanprover/lean4:v4.32.2	1	Velvet/Examples/IsNonPrime.lean	IsNonPrime_correct	3635621084297233985	3635621084297233985	pass	-	4	-	(i + 1 - 1) * (i + 1 - 1) ≤ n
velvet	crush	origin/crush-backend	e90d79341bb8ef510ec868623e74cfe98feaa4e8	leanprover/lean4:v4.32.2	1	Velvet/Examples/IsNonPrime.lean	IsNonPrime_correct	8498703091421742660	8498703091421742660	pass	-	114	-	2 ≤ i + 1
velvet	crush	origin/crush-backend	e90d79341bb8ef510ec868623e74cfe98feaa4e8	leanprover/lean4:v4.32.2	1	Velvet/Examples/IsNonPrime.lean	IsNonPrime_correct	15497101072354692966	15497101072354692966	fail	timeout	19898	crush: solver returned `unknown` (unexpected solver response: ). Try increasing `crush.timeout` or adding hypotheses.	ret = false ↔ ∀ (d : ℕ), 2 ≤ d → d < i + 1 → n % d ≠ 0
velvet	crush	origin/crush-backend	e90d79341bb8ef510ec868623e74cfe98feaa4e8	leanprover/lean4:v4.32.2	1	Velvet/Examples/IsNonPrime.lean	IsNonPrime_correct	3635621084297233985	3635621084297233985	pass	-	5	-	(i + 1 - 1) * (i + 1 - 1) ≤ n
velvet	crush	origin/crush-backend	e90d79341bb8ef510ec868623e74cfe98feaa4e8	leanprover/lean4:v4.32.2	1	Velvet/Examples/IsNonPrime.lean	IsNonPrime_correct	8419734978408419013	8419734978408419013	pass	-	2	-	2 ≤ i
velvet	crush	origin/crush-backend	e90d79341bb8ef510ec868623e74cfe98feaa4e8	leanprover/lean4:v4.32.2	1	Velvet/Examples/IsNonPrime.lean	IsNonPrime_correct	18150307703072330979	18150307703072330979	pass	-	2	-	ret = false ↔ ∀ (d : ℕ), 2 ≤ d → d < i → n % d ≠ 0
velvet	crush	origin/crush-backend	e90d79341bb8ef510ec868623e74cfe98feaa4e8	leanprover/lean4:v4.32.2	1	Velvet/Examples/IsNonPrime.lean	IsNonPrime_correct	1456886557593529150	1456886557593529150	pass	-	2	-	(i - 1) * (i - 1) ≤ n
velvet	crush	origin/crush-backend	e90d79341bb8ef510ec868623e74cfe98feaa4e8	leanprover/lean4:v4.32.2	1	Velvet/Examples/IsNonPrime.lean	IsNonPrime_correct	16017810969246570786	16017810969246570786	pass	-	4	-	¬i * i ≤ n
velvet	crush	origin/crush-backend	e90d79341bb8ef510ec868623e74cfe98feaa4e8	leanprover/lean4:v4.32.2	1	Velvet/Examples/IsNonPrime.lean	IsNonPrime_correct	12543135627460772462	12543135627460772462	pass	-	77	-	2 ≤ 2
velvet	crush	origin/crush-backend	e90d79341bb8ef510ec868623e74cfe98feaa4e8	leanprover/lean4:v4.32.2	1	Velvet/Examples/IsNonPrime.lean	IsNonPrime_correct	1572539502098385654	1572539502098385654	pass	-	171	-	True ↔ ∀ (d : ℕ), 2 ≤ d → d < 2 → n % d ≠ 0
velvet	crush	origin/crush-backend	e90d79341bb8ef510ec868623e74cfe98feaa4e8	leanprover/lean4:v4.32.2	1	Velvet/Examples/IsNonPrime.lean	IsNonPrime_correct	11076373139303988464	11076373139303988464	pass	-	120	-	(2 - 1) * (2 - 1) ≤ n
velvet	crush	origin/crush-backend	e90d79341bb8ef510ec868623e74cfe98feaa4e8	leanprover/lean4:v4.32.2	1	Velvet/Examples/IsNonPrime.lean	IsNonPrime_correct	15559572021364972958	15559572021364972958	fail	timeout	5176	crush: solver returned `unknown` (unexpected solver response: ). Try increasing `crush.timeout` or adding hypotheses.	ret_1 = true ↔ ¬isPrime n
velvet	crush	origin/crush-backend	e90d79341bb8ef510ec868623e74cfe98feaa4e8	leanprover/lean4:v4.32.2	1	Velvet/Examples/IsSorted.lean	IsSorted_correct	11207960766534651515	11207960766534651515	pass	-	675	-	0 ≤ i + 1 ∧ i + 1 ≤ a.size - 1
velvet	crush	origin/crush-backend	e90d79341bb8ef510ec868623e74cfe98feaa4e8	leanprover/lean4:v4.32.2	1	Velvet/Examples/IsSorted.lean	IsSorted_correct	4413675682266163545	4413675682266163545	pass	-	99	-	false = true → ∀ (k : ℕ), 0 ≤ k → k < i + 1 → a[k]! ≤ a[k + 1]!
velvet	crush	origin/crush-backend	e90d79341bb8ef510ec868623e74cfe98feaa4e8	leanprover/lean4:v4.32.2	1	Velvet/Examples/IsSorted.lean	IsSorted_correct	9518487208184120090	9518487208184120090	pass	-	102	-	∃ k, 0 ≤ k ∧ k < a.size - 1 ∧ a[k]! > a[k + 1]!
velvet	crush	origin/crush-backend	e90d79341bb8ef510ec868623e74cfe98feaa4e8	leanprover/lean4:v4.32.2	1	Velvet/Examples/IsSorted.lean	IsSorted_correct	11207960766534651515	11207960766534651515	pass	-	640	-	0 ≤ i + 1 ∧ i + 1 ≤ a.size - 1
velvet	crush	origin/crush-backend	e90d79341bb8ef510ec868623e74cfe98feaa4e8	leanprover/lean4:v4.32.2	1	Velvet/Examples/IsSorted.lean	IsSorted_correct	16465854614385299804	16465854614385299804	pass	-	2448	-	sorted = true → ∀ (k : ℕ), 0 ≤ k → k < i + 1 → a[k]! ≤ a[k + 1]!
velvet	crush	origin/crush-backend	e90d79341bb8ef510ec868623e74cfe98feaa4e8	leanprover/lean4:v4.32.2	1	Velvet/Examples/IsSorted.lean	IsSorted_correct	1749803822950348457	1749803822950348457	pass	-	10	-	sorted = false → ∃ k, 0 ≤ k ∧ k < a.size - 1 ∧ a[k]! > a[k + 1]!
velvet	crush	origin/crush-backend	e90d79341bb8ef510ec868623e74cfe98feaa4e8	leanprover/lean4:v4.32.2	1	Velvet/Examples/IsSorted.lean	IsSorted_correct	6461838523585744673	6461838523585744673	pass	-	333	-	0 ≤ i ∧ i ≤ a.size - 1
velvet	crush	origin/crush-backend	e90d79341bb8ef510ec868623e74cfe98feaa4e8	leanprover/lean4:v4.32.2	1	Velvet/Examples/IsSorted.lean	IsSorted_correct	5698263445699273715	5698263445699273715	pass	-	9	-	sorted = true → ∀ (k : ℕ), 0 ≤ k → k < i → a[k]! ≤ a[k + 1]!
velvet	crush	origin/crush-backend	e90d79341bb8ef510ec868623e74cfe98feaa4e8	leanprover/lean4:v4.32.2	1	Velvet/Examples/IsSorted.lean	IsSorted_correct	1749803822950348457	1749803822950348457	pass	-	7	-	sorted = false → ∃ k, 0 ≤ k ∧ k < a.size - 1 ∧ a[k]! > a[k + 1]!
velvet	crush	origin/crush-backend	e90d79341bb8ef510ec868623e74cfe98feaa4e8	leanprover/lean4:v4.32.2	1	Velvet/Examples/IsSorted.lean	IsSorted_correct	16458001095677251802	16458001095677251802	pass	-	405	-	i = a.size - 1 ∨ sorted = false
velvet	crush	origin/crush-backend	e90d79341bb8ef510ec868623e74cfe98feaa4e8	leanprover/lean4:v4.32.2	1	Velvet/Examples/IsSorted.lean	IsSorted_correct	11716511832970583731	11716511832970583731	pass	-	250	-	0 ≤ 0 ∧ 0 ≤ a.size - 1
velvet	crush	origin/crush-backend	e90d79341bb8ef510ec868623e74cfe98feaa4e8	leanprover/lean4:v4.32.2	1	Velvet/Examples/IsSorted.lean	IsSorted_correct	13412663338101939313	13412663338101939313	pass	-	5	-	∀ (k : ℕ), 0 ≤ k → k < 0 → a[k]! ≤ a[k + 1]!
velvet	crush	origin/crush-backend	e90d79341bb8ef510ec868623e74cfe98feaa4e8	leanprover/lean4:v4.32.2	1	Velvet/Examples/IsSorted.lean	IsSorted_correct	10877051663303345536	10877051663303345536	pass	-	8	-	true = false → ∃ k, 0 ≤ k ∧ k < a.size - 1 ∧ a[k]! > a[k + 1]!
velvet	crush	origin/crush-backend	e90d79341bb8ef510ec868623e74cfe98feaa4e8	leanprover/lean4:v4.32.2	1	Velvet/Examples/IsSorted.lean	IsSorted_correct	2102916384874846137	2102916384874846137	pass	-	17781	-	sorted_1 = true ↔ ∀ (i j : ℕ), 0 ≤ i → i < j → j < a.size → a[i]! ≤ a[j]!
velvet	crush	origin/crush-backend	e90d79341bb8ef510ec868623e74cfe98feaa4e8	leanprover/lean4:v4.32.2	1	Velvet/Examples/MaxElem.lean	maxElem_correct	6189042491608852705	6189042491608852705	pass	-	116	-	0 ≤ i + 1 ∧ i + 1 ≤ arr.size
velvet	crush	origin/crush-backend	e90d79341bb8ef510ec868623e74cfe98feaa4e8	leanprover/lean4:v4.32.2	1	Velvet/Examples/MaxElem.lean	maxElem_correct	13979591039540523316	13979591039540523316	pass	-	104	-	∀ j < i + 1, arr[i]! ≥ arr[j]!
velvet	crush	origin/crush-backend	e90d79341bb8ef510ec868623e74cfe98feaa4e8	leanprover/lean4:v4.32.2	1	Velvet/Examples/MaxElem.lean	maxElem_correct	6189042491608852705	6189042491608852705	pass	-	99	-	0 ≤ i + 1 ∧ i + 1 ≤ arr.size
velvet	crush	origin/crush-backend	e90d79341bb8ef510ec868623e74cfe98feaa4e8	leanprover/lean4:v4.32.2	1	Velvet/Examples/MaxElem.lean	maxElem_correct	3496913807798796367	3496913807798796367	pass	-	206	-	∀ j < i + 1, mx ≥ arr[j]!
velvet	crush	origin/crush-backend	e90d79341bb8ef510ec868623e74cfe98feaa4e8	leanprover/lean4:v4.32.2	1	Velvet/Examples/MaxElem.lean	maxElem_correct	13935834157065255340	13935834157065255340	pass	-	88	-	0 ≤ i ∧ i ≤ arr.size
velvet	crush	origin/crush-backend	e90d79341bb8ef510ec868623e74cfe98feaa4e8	leanprover/lean4:v4.32.2	1	Velvet/Examples/MaxElem.lean	maxElem_correct	10716558625718226994	10716558625718226994	pass	-	5	-	∀ j < i, mx ≥ arr[j]!
velvet	crush	origin/crush-backend	e90d79341bb8ef510ec868623e74cfe98feaa4e8	leanprover/lean4:v4.32.2	1	Velvet/Examples/MaxElem.lean	maxElem_correct	12429897440204793908	12429897440204793908	pass	-	93	-	i = arr.size
velvet	crush	origin/crush-backend	e90d79341bb8ef510ec868623e74cfe98feaa4e8	leanprover/lean4:v4.32.2	1	Velvet/Examples/MaxElem.lean	maxElem_correct	6662270672118944889	6662270672118944889	pass	-	93	-	0 ≤ 0 + 1 ∧ 0 + 1 ≤ arr.size
velvet	crush	origin/crush-backend	e90d79341bb8ef510ec868623e74cfe98feaa4e8	leanprover/lean4:v4.32.2	1	Velvet/Examples/MaxElem.lean	maxElem_correct	10294878435885712953	10294878435885712953	pass	-	85	-	∀ j < 0 + 1, arr[0]! ≥ arr[j]!
velvet	crush	origin/crush-backend	e90d79341bb8ef510ec868623e74cfe98feaa4e8	leanprover/lean4:v4.32.2	1	Velvet/Examples/MaxElem.lean	maxElem_correct	15821608085576758365	15821608085576758365	pass	-	89	-	isMax mx_1 arr
velvet	crush	origin/crush-backend	e90d79341bb8ef510ec868623e74cfe98feaa4e8	leanprover/lean4:v4.32.2	1	Velvet/Examples/MemAlloc.lean	mem_alloc_correct	633235845480694220	633235845480694220	pass	-	59	-	∀ (b : addr),   List.find? (fun x => decide (block_size x ≥ size)) Ps = some b → 0 = b ∧ distPath nextOld free_listOld (Ps.erase b) 0
velvet	crush	origin/crush-backend	e90d79341bb8ef510ec868623e74cfe98feaa4e8	leanprover/lean4:v4.32.2	1	Velvet/Examples/MemAlloc.lean	mem_alloc_correct	12262280732602434251	12262280732602434251	pass	-	38	-	∀ (b : addr),   List.find? (fun x => decide (block_size x ≥ size)) Ps = some b →     free_listOld = b ∧ distPath nextOld (nextOld free_listOld) (Ps.erase b) 0
velvet	crush	origin/crush-backend	e90d79341bb8ef510ec868623e74cfe98feaa4e8	leanprover/lean4:v4.32.2	1	Velvet/Examples/MemAlloc.lean	mem_alloc_correct	5395433166570123997	5395433166570123997	pass	-	215	-	distPath nextOld free_listOld Ps 0
velvet	crush	origin/crush-backend	e90d79341bb8ef510ec868623e74cfe98feaa4e8	leanprover/lean4:v4.32.2	1	Velvet/Examples/MemAlloc.lean	mem_alloc_correct	7858921023181799469	7858921023181799469	fail	timeout	464	crush: solver returned `unknown` (no reason given). Try increasing `crush.timeout` or adding hypotheses.	∃ Qs, distPath nextOld free_listOld Qs (nextOld p) ∧ ∀ a ∈ Qs, block_size a < size
velvet	crush	origin/crush-backend	e90d79341bb8ef510ec868623e74cfe98feaa4e8	leanprover/lean4:v4.32.2	1	Velvet/Examples/MemAlloc.lean	mem_alloc_correct	12307778664191690486	12307778664191690486	pass	-	805	-	∃ Qs, distPath nextOld free_listOld Qs p
velvet	crush	origin/crush-backend	e90d79341bb8ef510ec868623e74cfe98feaa4e8	leanprover/lean4:v4.32.2	1	Velvet/Examples/MemAlloc.lean	mem_alloc_correct	14651957694487509304	14651957694487509304	pass	-	33	-	p ≠ 0
velvet	crush	origin/crush-backend	e90d79341bb8ef510ec868623e74cfe98feaa4e8	leanprover/lean4:v4.32.2	1	Velvet/Examples/MemAlloc.lean	mem_alloc_correct	5395433166570123997	5395433166570123997	pass	-	196	-	distPath nextOld free_listOld Ps 0
velvet	crush	origin/crush-backend	e90d79341bb8ef510ec868623e74cfe98feaa4e8	leanprover/lean4:v4.32.2	1	Velvet/Examples/MemAlloc.lean	mem_alloc_correct	12933711973000179377	12933711973000179377	pass	-	36	-	∃ Qs, distPath nextOld free_listOld Qs p ∧ ∀ a ∈ Qs, block_size a < size
velvet	crush	origin/crush-backend	e90d79341bb8ef510ec868623e74cfe98feaa4e8	leanprover/lean4:v4.32.2	1	Velvet/Examples/MemAlloc.lean	mem_alloc_correct	1502598827083788742	1502598827083788742	pass	-	15	-	p = nextOld q
velvet	crush	origin/crush-backend	e90d79341bb8ef510ec868623e74cfe98feaa4e8	leanprover/lean4:v4.32.2	1	Velvet/Examples/MemAlloc.lean	mem_alloc_correct	5948121399058639032	5948121399058639032	pass	-	18	-	∃ Qs, distPath nextOld free_listOld Qs q
velvet	crush	origin/crush-backend	e90d79341bb8ef510ec868623e74cfe98feaa4e8	leanprover/lean4:v4.32.2	1	Velvet/Examples/MemAlloc.lean	mem_alloc_correct	7320909626913503829	7320909626913503829	pass	-	27	-	q ≠ 0
velvet	crush	origin/crush-backend	e90d79341bb8ef510ec868623e74cfe98feaa4e8	leanprover/lean4:v4.32.2	1	Velvet/Examples/MemAlloc.lean	mem_alloc_correct	13680370559755953061	13680370559755953061	pass	-	28	-	¬(p ≠ 0 ∧ block_size p < size)
velvet	crush	origin/crush-backend	e90d79341bb8ef510ec868623e74cfe98feaa4e8	leanprover/lean4:v4.32.2	1	Velvet/Examples/MemAlloc.lean	mem_alloc_correct	5395433166570123997	5395433166570123997	pass	-	161	-	distPath nextOld free_listOld Ps 0
velvet	crush	origin/crush-backend	e90d79341bb8ef510ec868623e74cfe98feaa4e8	leanprover/lean4:v4.32.2	1	Velvet/Examples/MemAlloc.lean	mem_alloc_correct	9725332222063365643	9725332222063365643	pass	-	368	-	∃ Qs, distPath nextOld free_listOld Qs (nextOld free_listOld) ∧ ∀ a ∈ Qs, block_size a < size
velvet	crush	origin/crush-backend	e90d79341bb8ef510ec868623e74cfe98feaa4e8	leanprover/lean4:v4.32.2	1	Velvet/Examples/MemAlloc.lean	mem_alloc_correct	400422252958227942	400422252958227942	pass	-	31	-	∃ Qs, distPath nextOld free_listOld Qs free_listOld
velvet	crush	origin/crush-backend	e90d79341bb8ef510ec868623e74cfe98feaa4e8	leanprover/lean4:v4.32.2	1	Velvet/Examples/MemAlloc.lean	mem_alloc_correct	880346177993498408	880346177993498408	pass	-	3	-	free_listOld ≠ 0
velvet	crush	origin/crush-backend	e90d79341bb8ef510ec868623e74cfe98feaa4e8	leanprover/lean4:v4.32.2	1	Velvet/Examples/MemAlloc.lean	mem_alloc_correct	15369885961681168000	15369885961681168000	fail	timeout	189	crush: solver returned `unknown` (no reason given). Try increasing `crush.timeout` or adding hypotheses.	∀ (b : addr),   List.find? (fun x => decide (block_size x ≥ size)) Ps = some b →     i = b ∧ distPath (Function.update nextOld q_1 (nextOld i)) free_listOld (Ps.erase b) 0
velvet	crush	origin/crush-backend	e90d79341bb8ef510ec868623e74cfe98feaa4e8	leanprover/lean4:v4.32.2	1	Velvet/Examples/MemAlloc.lean	mem_alloc_correct	633235845480694220	633235845480694220	fail	timeout	203	crush: solver returned `unknown` (no reason given). Try increasing `crush.timeout` or adding hypotheses.	∀ (b : addr),   List.find? (fun x => decide (block_size x ≥ size)) Ps = some b → 0 = b ∧ distPath nextOld free_listOld (Ps.erase b) 0
velvet	crush	origin/crush-backend	e90d79341bb8ef510ec868623e74cfe98feaa4e8	leanprover/lean4:v4.32.2	1	Velvet/Examples/Recursion.lean	simple_recursion_correct	9632926918213658529	9632926918213658529	pass	-	2	-	0 = x
velvet	crush	origin/crush-backend	e90d79341bb8ef510ec868623e74cfe98feaa4e8	leanprover/lean4:v4.32.2	1	Velvet/Examples/Recursion.lean	simple_recursion_correct	16321134497628070328	16321134497628070328	pass	-	122	-	x_1 + 1 = x
velvet	crush	origin/crush-backend	e90d79341bb8ef510ec868623e74cfe98feaa4e8	leanprover/lean4:v4.32.2	1	Velvet/Examples/Recursion.lean	pickGreater_correct	15399959404188881270	15399959404188881270	pass	-	77	-	∃ h, h > inp + 200
velvet	crush	origin/crush-backend	e90d79341bb8ef510ec868623e74cfe98feaa4e8	leanprover/lean4:v4.32.2	1	Velvet/Examples/Recursion.lean	pickGreater_correct	6729724634728447689	6729724634728447689	pass	-	98	-	i > inp + 10
velvet	crush	origin/crush-backend	e90d79341bb8ef510ec868623e74cfe98feaa4e8	leanprover/lean4:v4.32.2	1	Velvet/Examples/Recursion.lean	pickGreaterN_correct	6331840417009367668	6331840417009367668	pass	-	90	-	0 ≥ n * 10
velvet	crush	origin/crush-backend	e90d79341bb8ef510ec868623e74cfe98feaa4e8	leanprover/lean4:v4.32.2	1	Velvet/Examples/Recursion.lean	pickGreaterN_correct	928177310960349346	928177310960349346	pass	-	168	-	x_1 ≥ n * 10
velvet	crush	origin/crush-backend	e90d79341bb8ef510ec868623e74cfe98feaa4e8	leanprover/lean4:v4.32.2	1	Velvet/Examples/Recursion.lean	calc_fact_correct	14502607232842720358	14502607232842720358	pass	-	106	-	fact n = 0
velvet	crush	origin/crush-backend	e90d79341bb8ef510ec868623e74cfe98feaa4e8	leanprover/lean4:v4.32.2	1	Velvet/Examples/Recursion.lean	calc_fact_correct	5360899794933563671	5360899794933563671	pass	-	4	-	i + 1 ≤ n
velvet	crush	origin/crush-backend	e90d79341bb8ef510ec868623e74cfe98feaa4e8	leanprover/lean4:v4.32.2	1	Velvet/Examples/Recursion.lean	calc_fact_correct	16083086069592683677	16083086069592683677	pass	-	141	-	(i + 1) * x = ans + x_1
velvet	crush	origin/crush-backend	e90d79341bb8ef510ec868623e74cfe98feaa4e8	leanprover/lean4:v4.32.2	1	Velvet/Examples/Recursion.lean	calc_fact_correct	17426933449823366573	17426933449823366573	pass	-	170	-	n - (i + 1) < n - i
velvet	crush	origin/crush-backend	e90d79341bb8ef510ec868623e74cfe98feaa4e8	leanprover/lean4:v4.32.2	1	Velvet/Examples/Recursion.lean	calc_fact_correct	8436330743851721663	8436330743851721663	pass	-	2	-	i ≤ n
velvet	crush	origin/crush-backend	e90d79341bb8ef510ec868623e74cfe98feaa4e8	leanprover/lean4:v4.32.2	1	Velvet/Examples/Recursion.lean	calc_fact_correct	5516634396000359850	5516634396000359850	pass	-	2	-	i * x = ans
velvet	crush	origin/crush-backend	e90d79341bb8ef510ec868623e74cfe98feaa4e8	leanprover/lean4:v4.32.2	1	Velvet/Examples/Recursion.lean	calc_fact_correct	3040060259141493307	3040060259141493307	pass	-	3	-	¬i < n
velvet	crush	origin/crush-backend	e90d79341bb8ef510ec868623e74cfe98feaa4e8	leanprover/lean4:v4.32.2	1	Velvet/Examples/Recursion.lean	calc_fact_correct	8843960039229350233	8843960039229350233	pass	-	144	-	0 ≤ n
velvet	crush	origin/crush-backend	e90d79341bb8ef510ec868623e74cfe98feaa4e8	leanprover/lean4:v4.32.2	1	Velvet/Examples/Recursion.lean	calc_fact_correct	414362943496193222	414362943496193222	pass	-	105	-	0 * x = 0
velvet	crush	origin/crush-backend	e90d79341bb8ef510ec868623e74cfe98feaa4e8	leanprover/lean4:v4.32.2	1	Velvet/Examples/Recursion.lean	calc_fact_correct	17682712502848666117	17682712502848666117	pass	-	250	-	fact n = i_1
velvet	crush	origin/crush-backend	e90d79341bb8ef510ec868623e74cfe98feaa4e8	leanprover/lean4:v4.32.2	1	Velvet/Examples/Recursion.lean	SimpleOption_correct	10153057550358142642	10153057550358142642	pass	-	93	-	1 > 0
velvet	crush	origin/crush-backend	e90d79341bb8ef510ec868623e74cfe98feaa4e8	leanprover/lean4:v4.32.2	1	Velvet/Examples/Recursion.lean	SimpleOption_correct	1511426402368662420	1511426402368662420	pass	-	134	-	val✝ + 2 > 0
velvet	crush	origin/crush-backend	e90d79341bb8ef510ec868623e74cfe98feaa4e8	leanprover/lean4:v4.32.2	1	Velvet/Examples/Recursion.lean	SimpleList_correct	12303175613740643342	12303175613740643342	pass	-	131	-	x + i > 0
velvet	crush	origin/crush-backend	e90d79341bb8ef510ec868623e74cfe98feaa4e8	leanprover/lean4:v4.32.2	1	Velvet/Examples/Recursion.lean	SimpleList_correct	10153057550358142642	10153057550358142642	pass	-	86	-	1 > 0
velvet	crush	origin/crush-backend	e90d79341bb8ef510ec868623e74cfe98feaa4e8	leanprover/lean4:v4.32.2	1	Velvet/Examples/Recursion.lean	insertTree_correct	419217539048902517	419217539048902517	pass	-	103	-	∀ (x : ℕ), x = elem ∨ contains (mt1.Leaf a✝) x ↔ contains (mt1.Leaf a✝) x
velvet	crush	origin/crush-backend	e90d79341bb8ef510ec868623e74cfe98feaa4e8	leanprover/lean4:v4.32.2	1	Velvet/Examples/Recursion.lean	insertTree_correct	785945476856620183	785945476856620183	pass	-	2	-	contains (mt1.Leaf a✝) elem
velvet	crush	origin/crush-backend	e90d79341bb8ef510ec868623e74cfe98feaa4e8	leanprover/lean4:v4.32.2	1	Velvet/Examples/Recursion.lean	insertTree_correct	14100858011260313832	14100858011260313832	pass	-	173	-	∀ (x : ℕ), x = elem ∨ contains (mt1.Leaf a✝) x ↔ contains ((mt1.Leaf a✝).Node mt1.Empty elem) x
velvet	crush	origin/crush-backend	e90d79341bb8ef510ec868623e74cfe98feaa4e8	leanprover/lean4:v4.32.2	1	Velvet/Examples/Recursion.lean	insertTree_correct	5439148242694091386	5439148242694091386	pass	-	121	-	(∀ (x : ℕ), contains (mt1.Leaf a✝) x → x < elem) ∧ ∀ (x : ℕ), contains mt1.Empty x → x > elem
velvet	crush	origin/crush-backend	e90d79341bb8ef510ec868623e74cfe98feaa4e8	leanprover/lean4:v4.32.2	1	Velvet/Examples/Recursion.lean	insertTree_correct	13358020527010658417	13358020527010658417	pass	-	175	-	contains ((mt1.Leaf a✝).Node mt1.Empty elem) elem
velvet	crush	origin/crush-backend	e90d79341bb8ef510ec868623e74cfe98feaa4e8	leanprover/lean4:v4.32.2	1	Velvet/Examples/Recursion.lean	insertTree_correct	8603391761408256204	8603391761408256204	pass	-	129	-	∀ (x : ℕ), x = elem ∨ contains (mt1.Leaf a✝) x ↔ contains (mt1.Empty.Node (mt1.Leaf a✝) elem) x
velvet	crush	origin/crush-backend	e90d79341bb8ef510ec868623e74cfe98feaa4e8	leanprover/lean4:v4.32.2	1	Velvet/Examples/Recursion.lean	insertTree_correct	403261720200322615	403261720200322615	pass	-	170	-	(∀ (x : ℕ), contains mt1.Empty x → x < elem) ∧ ∀ (x : ℕ), contains (mt1.Leaf a✝) x → x > elem
velvet	crush	origin/crush-backend	e90d79341bb8ef510ec868623e74cfe98feaa4e8	leanprover/lean4:v4.32.2	1	Velvet/Examples/Recursion.lean	insertTree_correct	13334821868243949956	13334821868243949956	pass	-	88	-	contains (mt1.Empty.Node (mt1.Leaf a✝) elem) elem
velvet	crush	origin/crush-backend	e90d79341bb8ef510ec868623e74cfe98feaa4e8	leanprover/lean4:v4.32.2	1	Velvet/Examples/Recursion.lean	insertTree_correct	10034441991535992553	10034441991535992553	pass	-	119	-	∀ (x : ℕ), x = elem ∨ contains mt1.Empty x ↔ contains (mt1.Leaf elem) x
velvet	crush	origin/crush-backend	e90d79341bb8ef510ec868623e74cfe98feaa4e8	leanprover/lean4:v4.32.2	1	Velvet/Examples/Recursion.lean	insertTree_correct	8410732340261024813	8410732340261024813	pass	-	120	-	∀ (x : ℕ), x = elem ∨ contains (a✝².Node a✝¹ a✝) x ↔ contains (a✝².Node a✝¹ a✝) x
velvet	crush	origin/crush-backend	e90d79341bb8ef510ec868623e74cfe98feaa4e8	leanprover/lean4:v4.32.2	1	Velvet/Examples/Recursion.lean	insertTree_correct	13887296291903300382	13887296291903300382	pass	-	131	-	ordered_tree (a✝².Node a✝¹ a✝)
velvet	crush	origin/crush-backend	e90d79341bb8ef510ec868623e74cfe98feaa4e8	leanprover/lean4:v4.32.2	1	Velvet/Examples/Recursion.lean	insertTree_correct	6517665507579609563	6517665507579609563	pass	-	117	-	contains (a✝².Node a✝¹ a✝) elem
velvet	crush	origin/crush-backend	e90d79341bb8ef510ec868623e74cfe98feaa4e8	leanprover/lean4:v4.32.2	1	Velvet/Examples/Recursion.lean	insertTree_correct	1926823926199498616	1926823926199498616	pass	-	4	-	ordered_tree a✝¹
velvet	crush	origin/crush-backend	e90d79341bb8ef510ec868623e74cfe98feaa4e8	leanprover/lean4:v4.32.2	1	Velvet/Examples/Recursion.lean	insertTree_correct	4691160922418792609	4691160922418792609	pass	-	161	-	∀ (x_1 : ℕ), x_1 = elem ∨ contains (a✝².Node a✝¹ a✝) x_1 ↔ contains (a✝².Node x a✝) x_1
velvet	crush	origin/crush-backend	e90d79341bb8ef510ec868623e74cfe98feaa4e8	leanprover/lean4:v4.32.2	1	Velvet/Examples/Recursion.lean	insertTree_correct	5459752633259142580	5459752633259142580	pass	-	139	-	ordered_tree (a✝².Node x a✝)
velvet	crush	origin/crush-backend	e90d79341bb8ef510ec868623e74cfe98feaa4e8	leanprover/lean4:v4.32.2	1	Velvet/Examples/Recursion.lean	insertTree_correct	14235806948139691359	14235806948139691359	pass	-	150	-	contains (a✝².Node x a✝) elem
velvet	crush	origin/crush-backend	e90d79341bb8ef510ec868623e74cfe98feaa4e8	leanprover/lean4:v4.32.2	1	Velvet/Examples/Recursion.lean	insertTree_correct	275146994291977655	275146994291977655	pass	-	4	-	ordered_tree a✝²
velvet	crush	origin/crush-backend	e90d79341bb8ef510ec868623e74cfe98feaa4e8	leanprover/lean4:v4.32.2	1	Velvet/Examples/Recursion.lean	insertTree_correct	7037529583856086989	7037529583856086989	pass	-	123	-	∀ (x_1 : ℕ), x_1 = elem ∨ contains (a✝².Node a✝¹ a✝) x_1 ↔ contains (x.Node a✝¹ a✝) x_1
velvet	crush	origin/crush-backend	e90d79341bb8ef510ec868623e74cfe98feaa4e8	leanprover/lean4:v4.32.2	1	Velvet/Examples/Recursion.lean	insertTree_correct	5348143843544294657	5348143843544294657	pass	-	162	-	ordered_tree (x.Node a✝¹ a✝)
velvet	crush	origin/crush-backend	e90d79341bb8ef510ec868623e74cfe98feaa4e8	leanprover/lean4:v4.32.2	1	Velvet/Examples/Recursion.lean	insertTree_correct	11865403806314311412	11865403806314311412	pass	-	115	-	contains (x.Node a✝¹ a✝) elem
velvet	crush	origin/crush-backend	e90d79341bb8ef510ec868623e74cfe98feaa4e8	leanprover/lean4:v4.32.2	1	Velvet/Examples/Recursion.lean	complex_measure_binsearch_correct	4528940613904177901	4528940613904177901	fail	timeout	24920	crush: solver returned `unknown` (unexpected solver response: ). Try increasing `crush.timeout` or adding hypotheses.	x ≤ (l + 1) * (l + 1)
velvet	crush	origin/crush-backend	e90d79341bb8ef510ec868623e74cfe98feaa4e8	leanprover/lean4:v4.32.2	1	Velvet/Examples/Recursion.lean	complex_measure_binsearch_correct	4049183095434299843	4049183095434299843	pass	-	1	-	l * l ≤ x
velvet	crush	origin/crush-backend	e90d79341bb8ef510ec868623e74cfe98feaa4e8	leanprover/lean4:v4.32.2	1	Velvet/Examples/Recursion.lean	complex_measure_binsearch_correct	7275559839122250210	7275559839122250210	pass	-	1	-	x < r * r
velvet	crush	origin/crush-backend	e90d79341bb8ef510ec868623e74cfe98feaa4e8	leanprover/lean4:v4.32.2	1	Velvet/Examples/Recursion.lean	complex_measure_binsearch_correct	7360868690920052366	7360868690920052366	pass	-	2	-	(l + (r - l) / 2) * (l + (r - l) / 2) ≤ x
velvet	crush	origin/crush-backend	e90d79341bb8ef510ec868623e74cfe98feaa4e8	leanprover/lean4:v4.32.2	1	Velvet/Examples/Recursion.lean	complex_measure_binsearch_correct	4851910658932930142	4851910658932930142	pass	-	2	-	x ≤ (x_1 + 1) * (x_1 + 1)
velvet	crush	origin/crush-backend	e90d79341bb8ef510ec868623e74cfe98feaa4e8	leanprover/lean4:v4.32.2	1	Velvet/Examples/Recursion.lean	complex_measure_binsearch_correct	7656706852135243209	7656706852135243209	pass	-	2	-	x_1 * x_1 ≤ x
velvet	crush	origin/crush-backend	e90d79341bb8ef510ec868623e74cfe98feaa4e8	leanprover/lean4:v4.32.2	1	Velvet/Examples/Recursion.lean	complex_measure_binsearch_correct	9897963110172432531	9897963110172432531	pass	-	99	-	x < (l + (r - l) / 2) * (l + (r - l) / 2)
velvet	crush	origin/crush-backend	e90d79341bb8ef510ec868623e74cfe98feaa4e8	leanprover/lean4:v4.32.2	1	Velvet/Examples/Recursion.lean	complex_measure_binsearch_correct	4049183095434299843	4049183095434299843	pass	-	2	-	l * l ≤ x
velvet	crush	origin/crush-backend	e90d79341bb8ef510ec868623e74cfe98feaa4e8	leanprover/lean4:v4.32.2	1	Velvet/Examples/Recursion.lean	complex_measure_binsearch_correct	4851910658932930142	4851910658932930142	pass	-	2	-	x ≤ (x_1 + 1) * (x_1 + 1)
velvet	crush	origin/crush-backend	e90d79341bb8ef510ec868623e74cfe98feaa4e8	leanprover/lean4:v4.32.2	1	Velvet/Examples/Recursion.lean	complex_measure_binsearch_correct	7656706852135243209	7656706852135243209	pass	-	2	-	x_1 * x_1 ≤ x
velvet	crush	origin/crush-backend	e90d79341bb8ef510ec868623e74cfe98feaa4e8	leanprover/lean4:v4.32.2	1	Velvet/Examples/Recursion.lean	pow2_correct	5804668677648722939	5804668677648722939	pass	-	165	-	2 ^ n = 1
velvet	crush	origin/crush-backend	e90d79341bb8ef510ec868623e74cfe98feaa4e8	leanprover/lean4:v4.32.2	1	Velvet/Examples/Recursion.lean	pow2_correct	5360899794933563671	5360899794933563671	pass	-	3	-	i + 1 ≤ n
velvet	crush	origin/crush-backend	e90d79341bb8ef510ec868623e74cfe98feaa4e8	leanprover/lean4:v4.32.2	1	Velvet/Examples/Recursion.lean	pow2_correct	2669204144888843361	2669204144888843361	pass	-	143	-	2 ^ (i + 1) = ans + x
velvet	crush	origin/crush-backend	e90d79341bb8ef510ec868623e74cfe98feaa4e8	leanprover/lean4:v4.32.2	1	Velvet/Examples/Recursion.lean	pow2_correct	17426933449823366573	17426933449823366573	pass	-	154	-	n - (i + 1) < n - i
velvet	crush	origin/crush-backend	e90d79341bb8ef510ec868623e74cfe98feaa4e8	leanprover/lean4:v4.32.2	1	Velvet/Examples/Recursion.lean	pow2_correct	8436330743851721663	8436330743851721663	pass	-	2	-	i ≤ n
velvet	crush	origin/crush-backend	e90d79341bb8ef510ec868623e74cfe98feaa4e8	leanprover/lean4:v4.32.2	1	Velvet/Examples/Recursion.lean	pow2_correct	50664709297785488	50664709297785488	pass	-	2	-	2 ^ i = ans
velvet	crush	origin/crush-backend	e90d79341bb8ef510ec868623e74cfe98feaa4e8	leanprover/lean4:v4.32.2	1	Velvet/Examples/Recursion.lean	pow2_correct	3040060259141493307	3040060259141493307	pass	-	2	-	¬i < n
velvet	crush	origin/crush-backend	e90d79341bb8ef510ec868623e74cfe98feaa4e8	leanprover/lean4:v4.32.2	1	Velvet/Examples/Recursion.lean	pow2_correct	8843960039229350233	8843960039229350233	pass	-	102	-	0 ≤ n
velvet	crush	origin/crush-backend	e90d79341bb8ef510ec868623e74cfe98feaa4e8	leanprover/lean4:v4.32.2	1	Velvet/Examples/Recursion.lean	pow2_correct	11033618788013063028	11033618788013063028	pass	-	2	-	2 ^ 0 = 1
velvet	crush	origin/crush-backend	e90d79341bb8ef510ec868623e74cfe98feaa4e8	leanprover/lean4:v4.32.2	1	Velvet/Examples/Recursion.lean	pow2_correct	12960500676855313787	12960500676855313787	pass	-	229	-	2 ^ n = i_1
velvet	crush	origin/crush-backend	e90d79341bb8ef510ec868623e74cfe98feaa4e8	leanprover/lean4:v4.32.2	1	Velvet/Examples/SpMSpV_Example.lean	VSpV_correct	1967192165379400567	1967192165379400567	pass	-	3	-	(out.set! 0 (out[0]! + spv.val[ind]! * arr[spv.ind[ind]!]!)).size = 1
velvet	crush	origin/crush-backend	e90d79341bb8ef510ec868623e74cfe98feaa4e8	leanprover/lean4:v4.32.2	1	Velvet/Examples/SpMSpV_Example.lean	VSpV_correct	8738685113314976701	8738685113314976701	pass	-	204	-	ind + 1 ≤ spv.size
velvet	crush	origin/crush-backend	e90d79341bb8ef510ec868623e74cfe98feaa4e8	leanprover/lean4:v4.32.2	1	Velvet/Examples/SpMSpV_Example.lean	VSpV_correct	3203096880704497577	3203096880704497577	pass	-	212	-	(out.set! 0 (out[0]! + spv.val[ind]! * arr[spv.ind[ind]!]!))[0]! = sumUpTo spv arr (ind + 1)
velvet	crush	origin/crush-backend	e90d79341bb8ef510ec868623e74cfe98feaa4e8	leanprover/lean4:v4.32.2	1	Velvet/Examples/SpMSpV_Example.lean	VSpV_correct	13561229236986007424	13561229236986007424	pass	-	2	-	out.size = 1
velvet	crush	origin/crush-backend	e90d79341bb8ef510ec868623e74cfe98feaa4e8	leanprover/lean4:v4.32.2	1	Velvet/Examples/SpMSpV_Example.lean	VSpV_correct	4023749508134620518	4023749508134620518	pass	-	1	-	ind ≤ spv.size
velvet	crush	origin/crush-backend	e90d79341bb8ef510ec868623e74cfe98feaa4e8	leanprover/lean4:v4.32.2	1	Velvet/Examples/SpMSpV_Example.lean	VSpV_correct	6516497319029947851	6516497319029947851	pass	-	2	-	out[0]! = sumUpTo spv arr ind
velvet	crush	origin/crush-backend	e90d79341bb8ef510ec868623e74cfe98feaa4e8	leanprover/lean4:v4.32.2	1	Velvet/Examples/SpMSpV_Example.lean	VSpV_correct	6511268073169614694	6511268073169614694	pass	-	122	-	ind = spv.size
velvet	crush	origin/crush-backend	e90d79341bb8ef510ec868623e74cfe98feaa4e8	leanprover/lean4:v4.32.2	1	Velvet/Examples/SpMSpV_Example.lean	VSpV_correct	3467184461832131134	3467184461832131134	pass	-	1	-	(Array.replicate 1 0).size = 1
velvet	crush	origin/crush-backend	e90d79341bb8ef510ec868623e74cfe98feaa4e8	leanprover/lean4:v4.32.2	1	Velvet/Examples/SpMSpV_Example.lean	VSpV_correct	975338514235632457	975338514235632457	pass	-	177	-	0 ≤ spv.size
velvet	crush	origin/crush-backend	e90d79341bb8ef510ec868623e74cfe98feaa4e8	leanprover/lean4:v4.32.2	1	Velvet/Examples/SpMSpV_Example.lean	VSpV_correct	12341185047943028706	12341185047943028706	pass	-	176	-	(Array.replicate 1 0)[0]! = sumUpTo spv arr 0
velvet	crush	origin/crush-backend	e90d79341bb8ef510ec868623e74cfe98feaa4e8	leanprover/lean4:v4.32.2	1	Velvet/Examples/SpMSpV_Example.lean	VSpV_correct	17907350532264535304	17907350532264535304	pass	-	3	-	out_1[0]! = sumUpTo spv arr spv.size
velvet	crush	origin/crush-backend	e90d79341bb8ef510ec868623e74cfe98feaa4e8	leanprover/lean4:v4.32.2	1	Velvet/Examples/SpMSpV_Example.lean	VSpV_correct	6948348975417913427	6948348975417913427	pass	-	3	-	out_1.size = 1
velvet	crush	origin/crush-backend	e90d79341bb8ef510ec868623e74cfe98feaa4e8	leanprover/lean4:v4.32.2	1	Velvet/Examples/SpMSpV_Example.lean	spmv_correct	2560064229450187973	2560064229450187973	pass	-	6	-	(arrInd.set! i (arrInd[i]! + 1)).size = spm.size
velvet	crush	origin/crush-backend	e90d79341bb8ef510ec868623e74cfe98feaa4e8	leanprover/lean4:v4.32.2	1	Velvet/Examples/SpMSpV_Example.lean	spmv_correct	11268031057524734514	11268031057524734514	pass	-	6	-	(out.set! i (out[i]! + spm[i]!.val[arrInd[i]!]! * arr[spm[i]!.ind[arrInd[i]!]!]!)).size = spm.size
velvet	crush	origin/crush-backend	e90d79341bb8ef510ec868623e74cfe98feaa4e8	leanprover/lean4:v4.32.2	1	Velvet/Examples/SpMSpV_Example.lean	spmv_correct	10035930273513517515	10035930273513517515	pass	-	270	-	∀ i_1 < (arrInd.set! i (arrInd[i]! + 1)).size, (arrInd.set! i (arrInd[i]! + 1))[i_1]! ≤ spm[i_1]!.size
velvet	crush	origin/crush-backend	e90d79341bb8ef510ec868623e74cfe98feaa4e8	leanprover/lean4:v4.32.2	1	Velvet/Examples/SpMSpV_Example.lean	spmv_correct	4828757563640441921	4828757563640441921	pass	-	448	-	∀ i_1 < (arrInd.set! i (arrInd[i]! + 1)).size,   (out.set! i (out[i]! + spm[i]!.val[arrInd[i]!]! * arr[spm[i]!.ind[arrInd[i]!]!]!))[i_1]! =     sumUpTo spm[i_1]! arr (arrInd.set! i (arrInd[i]! + 1))[i_1]!
velvet	crush	origin/crush-backend	e90d79341bb8ef510ec868623e74cfe98feaa4e8	leanprover/lean4:v4.32.2	1	Velvet/Examples/SpMSpV_Example.lean	spmv_correct	11230331504797547582	11230331504797547582	pass	-	6	-	arrInd.size = spm.size
velvet	crush	origin/crush-backend	e90d79341bb8ef510ec868623e74cfe98feaa4e8	leanprover/lean4:v4.32.2	1	Velvet/Examples/SpMSpV_Example.lean	spmv_correct	17578923063843270768	17578923063843270768	pass	-	5	-	out.size = spm.size
velvet	crush	origin/crush-backend	e90d79341bb8ef510ec868623e74cfe98feaa4e8	leanprover/lean4:v4.32.2	1	Velvet/Examples/SpMSpV_Example.lean	spmv_correct	9723121325275610683	9723121325275610683	pass	-	166	-	∀ i < arrInd.size, arrInd[i]! ≤ spm[i]!.size
velvet	crush	origin/crush-backend	e90d79341bb8ef510ec868623e74cfe98feaa4e8	leanprover/lean4:v4.32.2	1	Velvet/Examples/SpMSpV_Example.lean	spmv_correct	17138153512408342530	17138153512408342530	pass	-	218	-	∀ i < arrInd.size, out[i]! = sumUpTo spm[i]! arr arrInd[i]!
velvet	crush	origin/crush-backend	e90d79341bb8ef510ec868623e74cfe98feaa4e8	leanprover/lean4:v4.32.2	1	Velvet/Examples/SpMSpV_Example.lean	spmv_correct	1779879977175361606	1779879977175361606	pass	-	213	-	∀ i < arrInd.size, arrInd[i]! = spm[i]!.size
velvet	crush	origin/crush-backend	e90d79341bb8ef510ec868623e74cfe98feaa4e8	leanprover/lean4:v4.32.2	1	Velvet/Examples/SpMSpV_Example.lean	spmv_correct	1927473323286999035	1927473323286999035	pass	-	1	-	(Array.replicate spm.size 0).size = spm.size
velvet	crush	origin/crush-backend	e90d79341bb8ef510ec868623e74cfe98feaa4e8	leanprover/lean4:v4.32.2	1	Velvet/Examples/SpMSpV_Example.lean	spmv_correct	1927473323286999035	1927473323286999035	pass	-	0	-	(Array.replicate spm.size 0).size = spm.size
velvet	crush	origin/crush-backend	e90d79341bb8ef510ec868623e74cfe98feaa4e8	leanprover/lean4:v4.32.2	1	Velvet/Examples/SpMSpV_Example.lean	spmv_correct	3184815126966959579	3184815126966959579	pass	-	136	-	∀ i < (Array.replicate spm.size 0).size, (Array.replicate spm.size 0)[i]! ≤ spm[i]!.size
velvet	crush	origin/crush-backend	e90d79341bb8ef510ec868623e74cfe98feaa4e8	leanprover/lean4:v4.32.2	1	Velvet/Examples/SpMSpV_Example.lean	spmv_correct	1119395027554635835	1119395027554635835	pass	-	196	-	∀ i < (Array.replicate spm.size 0).size,   (Array.replicate spm.size 0)[i]! = sumUpTo spm[i]! arr (Array.replicate spm.size 0)[i]!
velvet	crush	origin/crush-backend	e90d79341bb8ef510ec868623e74cfe98feaa4e8	leanprover/lean4:v4.32.2	1	Velvet/Examples/SpMSpV_Example.lean	spmv_correct	2867453267844152322	2867453267844152322	pass	-	271	-	∀ i < spm.size, out_1[i]! = sumUpTo spm[i]! arr spm[i]!.size
velvet	crush	origin/crush-backend	e90d79341bb8ef510ec868623e74cfe98feaa4e8	leanprover/lean4:v4.32.2	1	Velvet/Examples/SpMSpV_Example.lean	spmv_correct	16615537408723427288	16615537408723427288	pass	-	7	-	spm.size = out_1.size
velvet	crush	origin/crush-backend	e90d79341bb8ef510ec868623e74cfe98feaa4e8	leanprover/lean4:v4.32.2	1	Velvet/Examples/SpMSpV_Example.lean	SpVSpV_correct	7752079179715214779	7752079179715214779	pass	-	4	-	(out.set! 0 (out[0]! + spv1.val[pnt1]! * spv2.val[pnt2]!)).size = 1
velvet	crush	origin/crush-backend	e90d79341bb8ef510ec868623e74cfe98feaa4e8	leanprover/lean4:v4.32.2	1	Velvet/Examples/SpMSpV_Example.lean	SpVSpV_correct	12365816836206760017	12365816836206760017	pass	-	218	-	pnt1 + 1 ≤ spv1.size ∧ pnt2 + 1 ≤ spv2.size
velvet	crush	origin/crush-backend	e90d79341bb8ef510ec868623e74cfe98feaa4e8	leanprover/lean4:v4.32.2	1	Velvet/Examples/SpMSpV_Example.lean	SpVSpV_correct	14837198768818932204	14837198768818932204	pass	-	555	-	(out.set! 0 (out[0]! + spv1.val[pnt1]! * spv2.val[pnt2]!))[0]! + spv_dot spv1 spv2 (pnt1 + 1) (pnt2 + 1) =   spv_dot spv1 spv2 0 0
velvet	crush	origin/crush-backend	e90d79341bb8ef510ec868623e74cfe98feaa4e8	leanprover/lean4:v4.32.2	1	Velvet/Examples/SpMSpV_Example.lean	SpVSpV_correct	13561229236986007424	13561229236986007424	pass	-	3	-	out.size = 1
velvet	crush	origin/crush-backend	e90d79341bb8ef510ec868623e74cfe98feaa4e8	leanprover/lean4:v4.32.2	1	Velvet/Examples/SpMSpV_Example.lean	SpVSpV_correct	15323100967004739210	15323100967004739210	pass	-	224	-	pnt1 + 1 ≤ spv1.size ∧ pnt2 ≤ spv2.size
velvet	crush	origin/crush-backend	e90d79341bb8ef510ec868623e74cfe98feaa4e8	leanprover/lean4:v4.32.2	1	Velvet/Examples/SpMSpV_Example.lean	SpVSpV_correct	10656169208955874266	10656169208955874266	pass	-	300	-	out[0]! + spv_dot spv1 spv2 (pnt1 + 1) pnt2 = spv_dot spv1 spv2 0 0
velvet	crush	origin/crush-backend	e90d79341bb8ef510ec868623e74cfe98feaa4e8	leanprover/lean4:v4.32.2	1	Velvet/Examples/SpMSpV_Example.lean	SpVSpV_correct	13561229236986007424	13561229236986007424	pass	-	4	-	out.size = 1
velvet	crush	origin/crush-backend	e90d79341bb8ef510ec868623e74cfe98feaa4e8	leanprover/lean4:v4.32.2	1	Velvet/Examples/SpMSpV_Example.lean	SpVSpV_correct	9762937465648280212	9762937465648280212	pass	-	224	-	pnt1 ≤ spv1.size ∧ pnt2 + 1 ≤ spv2.size
velvet	crush	origin/crush-backend	e90d79341bb8ef510ec868623e74cfe98feaa4e8	leanprover/lean4:v4.32.2	1	Velvet/Examples/SpMSpV_Example.lean	SpVSpV_correct	2195194365498566470	2195194365498566470	pass	-	357	-	out[0]! + spv_dot spv1 spv2 pnt1 (pnt2 + 1) = spv_dot spv1 spv2 0 0
velvet	crush	origin/crush-backend	e90d79341bb8ef510ec868623e74cfe98feaa4e8	leanprover/lean4:v4.32.2	1	Velvet/Examples/SpMSpV_Example.lean	SpVSpV_correct	13561229236986007424	13561229236986007424	pass	-	2	-	out.size = 1
velvet	crush	origin/crush-backend	e90d79341bb8ef510ec868623e74cfe98feaa4e8	leanprover/lean4:v4.32.2	1	Velvet/Examples/SpMSpV_Example.lean	SpVSpV_correct	11853401597336712609	11853401597336712609	pass	-	212	-	pnt1 ≤ spv1.size ∧ pnt2 ≤ spv2.size
velvet	crush	origin/crush-backend	e90d79341bb8ef510ec868623e74cfe98feaa4e8	leanprover/lean4:v4.32.2	1	Velvet/Examples/SpMSpV_Example.lean	SpVSpV_correct	8906564304959696025	8906564304959696025	pass	-	3	-	out[0]! + spv_dot spv1 spv2 pnt1 pnt2 = spv_dot spv1 spv2 0 0
velvet	crush	origin/crush-backend	e90d79341bb8ef510ec868623e74cfe98feaa4e8	leanprover/lean4:v4.32.2	1	Velvet/Examples/SpMSpV_Example.lean	SpVSpV_correct	2836632441074815746	2836632441074815746	pass	-	205	-	pnt1 = spv1.size ∨ pnt2 = spv2.size
velvet	crush	origin/crush-backend	e90d79341bb8ef510ec868623e74cfe98feaa4e8	leanprover/lean4:v4.32.2	1	Velvet/Examples/SpMSpV_Example.lean	SpVSpV_correct	3467184461832131134	3467184461832131134	pass	-	1	-	(Array.replicate 1 0).size = 1
velvet	crush	origin/crush-backend	e90d79341bb8ef510ec868623e74cfe98feaa4e8	leanprover/lean4:v4.32.2	1	Velvet/Examples/SpMSpV_Example.lean	SpVSpV_correct	9157999431728333977	9157999431728333977	pass	-	143	-	0 ≤ spv1.size ∧ 0 ≤ spv2.size
velvet	crush	origin/crush-backend	e90d79341bb8ef510ec868623e74cfe98feaa4e8	leanprover/lean4:v4.32.2	1	Velvet/Examples/SpMSpV_Example.lean	SpVSpV_correct	12484676100150332319	12484676100150332319	pass	-	250	-	(Array.replicate 1 0)[0]! + spv_dot spv1 spv2 0 0 = spv_dot spv1 spv2 0 0
velvet	crush	origin/crush-backend	e90d79341bb8ef510ec868623e74cfe98feaa4e8	leanprover/lean4:v4.32.2	1	Velvet/Examples/SpMSpV_Example.lean	SpVSpV_correct	6547543738413559297	6547543738413559297	pass	-	279	-	i[0]! = spv_dot spv1 spv2 0 0
velvet	crush	origin/crush-backend	e90d79341bb8ef510ec868623e74cfe98feaa4e8	leanprover/lean4:v4.32.2	1	Velvet/Examples/SpMSpV_Example.lean	SpVSpV_correct	4428589781148415831	4428589781148415831	pass	-	4	-	i.size = 1
velvet	crush	origin/crush-backend	e90d79341bb8ef510ec868623e74cfe98feaa4e8	leanprover/lean4:v4.32.2	1	Velvet/Examples/SpMSpV_Example.lean	SpMSpV_correct	10600388612998636634	10600388612998636634	pass	-	9	-	(spvInd.set! i (spvInd[i]! + 1)).size = spm.size
velvet	crush	origin/crush-backend	e90d79341bb8ef510ec868623e74cfe98feaa4e8	leanprover/lean4:v4.32.2	1	Velvet/Examples/SpMSpV_Example.lean	SpMSpV_correct	12568830336983413194	12568830336983413194	pass	-	9	-	(spmInd.set! i (spmInd[i]! + 1)).size = spm.size
velvet	crush	origin/crush-backend	e90d79341bb8ef510ec868623e74cfe98feaa4e8	leanprover/lean4:v4.32.2	1	Velvet/Examples/SpMSpV_Example.lean	SpMSpV_correct	326977185203169709	326977185203169709	pass	-	9	-	(out.set! i (out[i]! + spm[i]!.val[spmInd[i]!]! * spv.val[spvInd[i]!]!)).size = spm.size
velvet	crush	origin/crush-backend	e90d79341bb8ef510ec868623e74cfe98feaa4e8	leanprover/lean4:v4.32.2	1	Velvet/Examples/SpMSpV_Example.lean	SpMSpV_correct	16599719904663808863	16599719904663808863	pass	-	315	-	∀ i_1 < (spmInd.set! i (spmInd[i]! + 1)).size, (spmInd.set! i (spmInd[i]! + 1))[i_1]! ≤ spm[i_1]!.size
velvet	crush	origin/crush-backend	e90d79341bb8ef510ec868623e74cfe98feaa4e8	leanprover/lean4:v4.32.2	1	Velvet/Examples/SpMSpV_Example.lean	SpMSpV_correct	9413868035314052637	9413868035314052637	pass	-	330	-	∀ i_1 < (spvInd.set! i (spvInd[i]! + 1)).size, (spvInd.set! i (spvInd[i]! + 1))[i_1]! ≤ spv.size
velvet	crush	origin/crush-backend	e90d79341bb8ef510ec868623e74cfe98feaa4e8	leanprover/lean4:v4.32.2	1	Velvet/Examples/SpMSpV_Example.lean	SpMSpV_correct	11331147013392176036	11331147013392176036	pass	-	826	-	∀ i_1 < spm.size,   (out.set! i (out[i]! + spm[i]!.val[spmInd[i]!]! * spv.val[spvInd[i]!]!))[i_1]! +       spv_dot spm[i_1]! spv (spmInd.set! i (spmInd[i]! + 1))[i_1]! (spvInd.set! i (spvInd[i]! + 1))[i_1]! =     spv_dot spm[i_1]! spv 0 0
velvet	crush	origin/crush-backend	e90d79341bb8ef510ec868623e74cfe98feaa4e8	leanprover/lean4:v4.32.2	1	Velvet/Examples/SpMSpV_Example.lean	SpMSpV_correct	3439126561156933339	3439126561156933339	pass	-	9	-	spvInd.size = spm.size
velvet	crush	origin/crush-backend	e90d79341bb8ef510ec868623e74cfe98feaa4e8	leanprover/lean4:v4.32.2	1	Velvet/Examples/SpMSpV_Example.lean	SpMSpV_correct	12568830336983413194	12568830336983413194	pass	-	9	-	(spmInd.set! i (spmInd[i]! + 1)).size = spm.size
velvet	crush	origin/crush-backend	e90d79341bb8ef510ec868623e74cfe98feaa4e8	leanprover/lean4:v4.32.2	1	Velvet/Examples/SpMSpV_Example.lean	SpMSpV_correct	17578923063843270768	17578923063843270768	pass	-	9	-	out.size = spm.size
velvet	crush	origin/crush-backend	e90d79341bb8ef510ec868623e74cfe98feaa4e8	leanprover/lean4:v4.32.2	1	Velvet/Examples/SpMSpV_Example.lean	SpMSpV_correct	16599719904663808863	16599719904663808863	pass	-	353	-	∀ i_1 < (spmInd.set! i (spmInd[i]! + 1)).size, (spmInd.set! i (spmInd[i]! + 1))[i_1]! ≤ spm[i_1]!.size
velvet	crush	origin/crush-backend	e90d79341bb8ef510ec868623e74cfe98feaa4e8	leanprover/lean4:v4.32.2	1	Velvet/Examples/SpMSpV_Example.lean	SpMSpV_correct	14915918579342464454	14915918579342464454	pass	-	259	-	∀ i < spvInd.size, spvInd[i]! ≤ spv.size
velvet	crush	origin/crush-backend	e90d79341bb8ef510ec868623e74cfe98feaa4e8	leanprover/lean4:v4.32.2	1	Velvet/Examples/SubstringSearch.lean	SubstringSearch_correct	18217664312208415458	18217664312208415458	pass	-	168	-	¬false = true → ∀ i < s.size, ¬p s[i]! = true
velvet	crush	origin/crush-backend	e90d79341bb8ef510ec868623e74cfe98feaa4e8	leanprover/lean4:v4.32.2	1	Velvet/Examples/SubstringSearch.lean	SubstringSearch_correct	14717207787831772510	14717207787831772510	pass	-	101	-	false = true → ∀ (l₁ r₁ : ℕ), CorrectSubstring s p l₁ r₁ → r₁ - l₁ + 1 = 0 - 0 + 1 ∧ 0 ≤ r₁ ∨ r₁ - l₁ + 1 < 0 - 0 + 1
velvet	crush	origin/crush-backend	e90d79341bb8ef510ec868623e74cfe98feaa4e8	leanprover/lean4:v4.32.2	1	Velvet/Examples/SubstringSearch.lean	SubstringSearch_correct	10323933724704776680	10323933724704776680	pass	-	92	-	false = true → CorrectSubstring s p 0 0
velvet	crush	origin/crush-backend	e90d79341bb8ef510ec868623e74cfe98feaa4e8	leanprover/lean4:v4.32.2	1	Velvet/Examples/SubstringSearch.lean	SubstringSearch_correct	8391554914672281118	8391554914672281118	pass	-	3	-	0 < s.size → 0 < s.size
velvet	crush	origin/crush-backend	e90d79341bb8ef510ec868623e74cfe98feaa4e8	leanprover/lean4:v4.32.2	1	Velvet/Examples/SubstringSearch.lean	SubstringSearch_correct	6640297411548399355	6640297411548399355	pass	-	120	-	0 ≤ 0
velvet	crush	origin/crush-backend	e90d79341bb8ef510ec868623e74cfe98feaa4e8	leanprover/lean4:v4.32.2	1	Velvet/Examples/SubstringSearch.lean	SubstringSearch_correct	4492008039209323302	4492008039209323302	pass	-	136	-	0 ≤ cnt + 1
velvet	crush	origin/crush-backend	e90d79341bb8ef510ec868623e74cfe98feaa4e8	leanprover/lean4:v4.32.2	1	Velvet/Examples/SubstringSearch.lean	SubstringSearch_correct	16506446102682745284	16506446102682745284	pass	-	171	-	cnt + 1 ≤ pnt + 1
velvet	crush	origin/crush-backend	e90d79341bb8ef510ec868623e74cfe98feaa4e8	leanprover/lean4:v4.32.2	1	Velvet/Examples/SubstringSearch.lean	SubstringSearch_correct	4056255141881592010	4056255141881592010	pass	-	29	-	pnt + 1 ≤ s.size
velvet	crush	origin/crush-backend	e90d79341bb8ef510ec868623e74cfe98feaa4e8	leanprover/lean4:v4.32.2	1	Velvet/Examples/SubstringSearch.lean	SubstringSearch_correct	10653939026877543916	10653939026877543916	pass	-	128	-	pnt + 1 - (cnt + 1) ≤ pnt
velvet	crush	origin/crush-backend	e90d79341bb8ef510ec868623e74cfe98feaa4e8	leanprover/lean4:v4.32.2	1	Velvet/Examples/SubstringSearch.lean	SubstringSearch_correct	11759649870705798849	11759649870705798849	pass	-	18	-	pnt < s.size
velvet	crush	origin/crush-backend	e90d79341bb8ef510ec868623e74cfe98feaa4e8	leanprover/lean4:v4.32.2	1	Velvet/Examples/SubstringSearch.lean	SubstringSearch_correct	18143633401136980304	18143633401136980304	pass	-	123	-	cnt + 1 ≤ cnt + 1
velvet	crush	origin/crush-backend	e90d79341bb8ef510ec868623e74cfe98feaa4e8	leanprover/lean4:v4.32.2	1	Velvet/Examples/SubstringSearch.lean	SubstringSearch_correct	16856248441874989194	16856248441874989194	pass	-	149	-	pnt ≤ pnt + 1
velvet	crush	origin/crush-backend	e90d79341bb8ef510ec868623e74cfe98feaa4e8	leanprover/lean4:v4.32.2	1	Velvet/Examples/SubstringSearch.lean	SubstringSearch_correct	1598574868652780333	1598574868652780333	pass	-	457	-	∀ (j : ℕ), pnt + 1 - (cnt + 1) ≤ j → j < pnt + 1 → p s[j]! = true
velvet	crush	origin/crush-backend	e90d79341bb8ef510ec868623e74cfe98feaa4e8	leanprover/lean4:v4.32.2	1	Velvet/Examples/SubstringSearch.lean	SubstringSearch_correct	6083540873046640352	6083540873046640352	pass	-	155	-	cnt + 1 > 0 → cnt + 1 = pnt - (pnt + 1 - (cnt + 1)) + 1 ∧ CorrectSubstring s p (pnt + 1 - (cnt + 1)) pnt
velvet	crush	origin/crush-backend	e90d79341bb8ef510ec868623e74cfe98feaa4e8	leanprover/lean4:v4.32.2	1	Velvet/Examples/SubstringSearch.lean	SubstringSearch_correct	18314524564682266162	18314524564682266162	pass	-	33	-	cnt + 1 = 0 → ∀ i < pnt + 1, ¬p s[i]! = true
velvet	crush	origin/crush-backend	e90d79341bb8ef510ec868623e74cfe98feaa4e8	leanprover/lean4:v4.32.2	1	Velvet/Examples/SubstringSearch.lean	SubstringSearch_correct	14859665284842375974	14859665284842375974	pass	-	209	-	cnt + 1 < pnt + 1 → ¬p s[pnt + 1 - (cnt + 1) - 1]! = true
velvet	crush	origin/crush-backend	e90d79341bb8ef510ec868623e74cfe98feaa4e8	leanprover/lean4:v4.32.2	1	Velvet/Examples/SubstringSearch.lean	SubstringSearch_correct	16859604855349517182	16859604855349517182	fail	timeout	52023	crush: solver returned `unknown` (unexpected solver response: ). Try increasing `crush.timeout` or adding hypotheses.	∀ (l₁ r₁ : ℕ), CorrectSubstring s p l₁ r₁ → r₁ < pnt + 1 → r₁ - l₁ + 1 = cnt + 1 ∧ pnt ≤ r₁ ∨ r₁ - l₁ + 1 < cnt + 1
velvet	crush	origin/crush-backend	e90d79341bb8ef510ec868623e74cfe98feaa4e8	leanprover/lean4:v4.32.2	1	Velvet/Examples/SubstringSearch.lean	SubstringSearch_correct	12762377925475098934	12762377925475098934	pass	-	125	-	s.size - (pnt + 1) < s.size - pnt
velvet	crush	origin/crush-backend	e90d79341bb8ef510ec868623e74cfe98feaa4e8	leanprover/lean4:v4.32.2	1	Velvet/Examples/SubstringSearch.lean	SubstringSearch_correct	4492008039209323302	4492008039209323302	pass	-	104	-	0 ≤ cnt + 1
velvet	crush	origin/crush-backend	e90d79341bb8ef510ec868623e74cfe98feaa4e8	leanprover/lean4:v4.32.2	1	Velvet/Examples/SubstringSearch.lean	SubstringSearch_correct	16506446102682745284	16506446102682745284	pass	-	130	-	cnt + 1 ≤ pnt + 1
velvet	crush	origin/crush-backend	e90d79341bb8ef510ec868623e74cfe98feaa4e8	leanprover/lean4:v4.32.2	1	Velvet/Examples/SubstringSearch.lean	SubstringSearch_correct	4056255141881592010	4056255141881592010	pass	-	26	-	pnt + 1 ≤ s.size
velvet	crush	origin/crush-backend	e90d79341bb8ef510ec868623e74cfe98feaa4e8	leanprover/lean4:v4.32.2	1	Velvet/Examples/SubstringSearch.lean	SubstringSearch_correct	18313498382677451279	18313498382677451279	pass	-	16	-	l_ans ≤ r_ans
velvet	crush	origin/crush-backend	e90d79341bb8ef510ec868623e74cfe98feaa4e8	leanprover/lean4:v4.32.2	1	Velvet/Examples/SubstringSearch.lean	SubstringSearch_correct	5902668824617064985	5902668824617064985	pass	-	16	-	r_ans < s.size
velvet	crush	origin/crush-backend	e90d79341bb8ef510ec868623e74cfe98feaa4e8	leanprover/lean4:v4.32.2	1	Velvet/Examples/SubstringSearch.lean	SubstringSearch_correct	18214680451177329292	18214680451177329292	pass	-	129	-	cnt + 1 ≤ ans
velvet	crush	origin/crush-backend	e90d79341bb8ef510ec868623e74cfe98feaa4e8	leanprover/lean4:v4.32.2	1	Velvet/Examples/SubstringSearch.lean	SubstringSearch_correct	4587180649363296126	4587180649363296126	pass	-	130	-	r_ans ≤ pnt + 1
velvet	crush	origin/crush-backend	e90d79341bb8ef510ec868623e74cfe98feaa4e8	leanprover/lean4:v4.32.2	1	Velvet/Examples/SubstringSearch.lean	SubstringSearch_correct	1598574868652780333	1598574868652780333	pass	-	435	-	∀ (j : ℕ), pnt + 1 - (cnt + 1) ≤ j → j < pnt + 1 → p s[j]! = true
velvet	crush	origin/crush-backend	e90d79341bb8ef510ec868623e74cfe98feaa4e8	leanprover/lean4:v4.32.2	1	Velvet/Examples/SubstringSearch.lean	SubstringSearch_correct	7138545743425854663	7138545743425854663	pass	-	35	-	ans > 0 → ans = r_ans - l_ans + 1 ∧ CorrectSubstring s p l_ans r_ans
velvet	crush	origin/crush-backend	e90d79341bb8ef510ec868623e74cfe98feaa4e8	leanprover/lean4:v4.32.2	1	Velvet/Examples/SubstringSearch.lean	SubstringSearch_correct	4681422515724674825	4681422515724674825	pass	-	33	-	ans = 0 → ∀ i < pnt + 1, ¬p s[i]! = true
velvet	crush	origin/crush-backend	e90d79341bb8ef510ec868623e74cfe98feaa4e8	leanprover/lean4:v4.32.2	1	Velvet/Examples/SubstringSearch.lean	SubstringSearch_correct	14859665284842375974	14859665284842375974	pass	-	210	-	cnt + 1 < pnt + 1 → ¬p s[pnt + 1 - (cnt + 1) - 1]! = true
velvet	crush	origin/crush-backend	e90d79341bb8ef510ec868623e74cfe98feaa4e8	leanprover/lean4:v4.32.2	1	Velvet/Examples/SumOfDigits.lean	SumOfDigits_correct	4887343456502517186	4887343456502517186	pass	-	187	-	sum + n % 10 + SumDigits (n / 10) = SumDigits number
velvet	crush	origin/crush-backend	e90d79341bb8ef510ec868623e74cfe98feaa4e8	leanprover/lean4:v4.32.2	1	Velvet/Examples/SumOfDigits.lean	SumOfDigits_correct	5431800701729144158	5431800701729144158	pass	-	138	-	0 ≤ sum + n % 10
velvet	crush	origin/crush-backend	e90d79341bb8ef510ec868623e74cfe98feaa4e8	leanprover/lean4:v4.32.2	1	Velvet/Examples/SumOfDigits.lean	SumOfDigits_correct	3012699503639543524	3012699503639543524	pass	-	1	-	sum + SumDigits n = SumDigits number
velvet	crush	origin/crush-backend	e90d79341bb8ef510ec868623e74cfe98feaa4e8	leanprover/lean4:v4.32.2	1	Velvet/Examples/SumOfDigits.lean	SumOfDigits_correct	12835711844832851839	12835711844832851839	pass	-	1	-	0 ≤ sum
velvet	crush	origin/crush-backend	e90d79341bb8ef510ec868623e74cfe98feaa4e8	leanprover/lean4:v4.32.2	1	Velvet/Examples/SumOfDigits.lean	SumOfDigits_correct	7475080825861972690	7475080825861972690	pass	-	118	-	n = 0
velvet	crush	origin/crush-backend	e90d79341bb8ef510ec868623e74cfe98feaa4e8	leanprover/lean4:v4.32.2	1	Velvet/Examples/SumOfDigits.lean	SumOfDigits_correct	15970435702129902192	15970435702129902192	pass	-	116	-	0 + SumDigits number = SumDigits number
velvet	crush	origin/crush-backend	e90d79341bb8ef510ec868623e74cfe98feaa4e8	leanprover/lean4:v4.32.2	1	Velvet/Examples/SumOfDigits.lean	SumOfDigits_correct	6640297411548399355	6640297411548399355	pass	-	75	-	0 ≤ 0
velvet	crush	origin/crush-backend	e90d79341bb8ef510ec868623e74cfe98feaa4e8	leanprover/lean4:v4.32.2	1	Velvet/Examples/SumOfDigits.lean	SumOfDigits_correct	3871074223281074707	3871074223281074707	pass	-	130	-	sum_1 = SumDigits number
velvet	crush	origin/crush-backend	e90d79341bb8ef510ec868623e74cfe98feaa4e8	leanprover/lean4:v4.32.2	1	Velvet/Examples/TestLoopControl.lean	test1_correct	4791612905070682933	4791612905070682933	pass	-	115	-	x + 1 + (t - 1) = a
velvet	crush	origin/crush-backend	e90d79341bb8ef510ec868623e74cfe98feaa4e8	leanprover/lean4:v4.32.2	1	Velvet/Examples/TestLoopControl.lean	test1_correct	4635955882467741603	4635955882467741603	pass	-	166	-	x + 1 = 10 ∨ t - 1 = 0
velvet	crush	origin/crush-backend	e90d79341bb8ef510ec868623e74cfe98feaa4e8	leanprover/lean4:v4.32.2	1	Velvet/Examples/TestLoopControl.lean	test1_correct	4791612905070682933	4791612905070682933	pass	-	107	-	x + 1 + (t - 1) = a
velvet	crush	origin/crush-backend	e90d79341bb8ef510ec868623e74cfe98feaa4e8	leanprover/lean4:v4.32.2	1	Velvet/Examples/TestLoopControl.lean	test1_correct	8037191589732674397	8037191589732674397	pass	-	2	-	x + t = a
velvet	crush	origin/crush-backend	e90d79341bb8ef510ec868623e74cfe98feaa4e8	leanprover/lean4:v4.32.2	1	Velvet/Examples/TestLoopControl.lean	test1_correct	4982008840348523404	4982008840348523404	pass	-	129	-	x = 10 ∨ t = 0
velvet	crush	origin/crush-backend	e90d79341bb8ef510ec868623e74cfe98feaa4e8	leanprover/lean4:v4.32.2	1	Velvet/Examples/TestLoopControl.lean	test1_correct	14929476196725773389	14929476196725773389	pass	-	82	-	0 + a = a
velvet	crush	origin/crush-backend	e90d79341bb8ef510ec868623e74cfe98feaa4e8	leanprover/lean4:v4.32.2	1	Velvet/Examples/TestLoopControl.lean	test1_correct	2311107858308393802	2311107858308393802	pass	-	163	-	x_1 > 0
velvet	crush	origin/crush-backend	e90d79341bb8ef510ec868623e74cfe98feaa4e8	leanprover/lean4:v4.32.2	1	Velvet/Examples/TestLoopControl.lean	test2_correct	8037191589732674397	8037191589732674397	pass	-	1	-	x + t = a
velvet	crush	origin/crush-backend	e90d79341bb8ef510ec868623e74cfe98feaa4e8	leanprover/lean4:v4.32.2	1	Velvet/Examples/TestLoopControl.lean	test2_correct	4791612905070682933	4791612905070682933	pass	-	106	-	x + 1 + (t - 1) = a
velvet	crush	origin/crush-backend	e90d79341bb8ef510ec868623e74cfe98feaa4e8	leanprover/lean4:v4.32.2	1	Velvet/Examples/TestLoopControl.lean	test2_correct	8037191589732674397	8037191589732674397	pass	-	1	-	x + t = a
velvet	crush	origin/crush-backend	e90d79341bb8ef510ec868623e74cfe98feaa4e8	leanprover/lean4:v4.32.2	1	Velvet/Examples/TestLoopControl.lean	test2_correct	817407402121334710	817407402121334710	pass	-	129	-	t = 0
velvet	crush	origin/crush-backend	e90d79341bb8ef510ec868623e74cfe98feaa4e8	leanprover/lean4:v4.32.2	1	Velvet/Examples/TestLoopControl.lean	test2_correct	14929476196725773389	14929476196725773389	pass	-	73	-	0 + a = a
velvet	crush	origin/crush-backend	e90d79341bb8ef510ec868623e74cfe98feaa4e8	leanprover/lean4:v4.32.2	1	Velvet/Examples/TestLoopControl.lean	test2_correct	2311107858308393802	2311107858308393802	pass	-	83	-	x_1 > 0
velvet	crush	origin/crush-backend	e90d79341bb8ef510ec868623e74cfe98feaa4e8	leanprover/lean4:v4.32.2	1	Velvet/Examples/TestLoopControl.lean	sum_even_correct	8140981983620881888	8140981983620881888	pass	-	4	-	i + 1 ≤ arr.size
velvet	crush	origin/crush-backend	e90d79341bb8ef510ec868623e74cfe98feaa4e8	leanprover/lean4:v4.32.2	1	Velvet/Examples/TestLoopControl.lean	sum_even_correct	13972406881857011341	13972406881857011341	pass	-	911	-	s = (Array.filter (fun x => decide (x % 2 = 0)) (arr.extract 0 (i + 1))).sum
velvet	crush	origin/crush-backend	e90d79341bb8ef510ec868623e74cfe98feaa4e8	leanprover/lean4:v4.32.2	1	Velvet/Examples/TestLoopControl.lean	sum_even_correct	8140981983620881888	8140981983620881888	pass	-	4	-	i + 1 ≤ arr.size
velvet	crush	origin/crush-backend	e90d79341bb8ef510ec868623e74cfe98feaa4e8	leanprover/lean4:v4.32.2	1	Velvet/Examples/TestLoopControl.lean	sum_even_correct	2763434902891560151	2763434902891560151	pass	-	853	-	s + arr[i]! = (Array.filter (fun x => decide (x % 2 = 0)) (arr.extract 0 (i + 1))).sum
velvet	crush	origin/crush-backend	e90d79341bb8ef510ec868623e74cfe98feaa4e8	leanprover/lean4:v4.32.2	1	Velvet/Examples/TestLoopControl.lean	sum_even_correct	9560710549938607088	9560710549938607088	pass	-	2	-	i ≤ arr.size
velvet	crush	origin/crush-backend	e90d79341bb8ef510ec868623e74cfe98feaa4e8	leanprover/lean4:v4.32.2	1	Velvet/Examples/TestLoopControl.lean	sum_even_correct	4016036276427276962	4016036276427276962	pass	-	3	-	s = (Array.filter (fun x => decide (x % 2 = 0)) (arr.extract 0 i)).sum
velvet	crush	origin/crush-backend	e90d79341bb8ef510ec868623e74cfe98feaa4e8	leanprover/lean4:v4.32.2	1	Velvet/Examples/TestLoopControl.lean	sum_even_correct	12910903814107581038	12910903814107581038	pass	-	502	-	s = (Array.filter (fun x => decide (x % 2 = 0)) arr).sum
velvet	crush	origin/crush-backend	e90d79341bb8ef510ec868623e74cfe98feaa4e8	leanprover/lean4:v4.32.2	1	Velvet/Examples/TestLoopControl.lean	sum_even_correct	8811351339800985865	8811351339800985865	pass	-	120	-	0 ≤ arr.size
velvet	crush	origin/crush-backend	e90d79341bb8ef510ec868623e74cfe98feaa4e8	leanprover/lean4:v4.32.2	1	Velvet/Examples/TestLoopControl.lean	sum_even_correct	8466542615974342579	8466542615974342579	pass	-	2	-	0 = (Array.filter (fun x => decide (x % 2 = 0)) (arr.extract 0 0)).sum
velvet	crush	origin/crush-backend	e90d79341bb8ef510ec868623e74cfe98feaa4e8	leanprover/lean4:v4.32.2	1	Velvet/Examples/TestLoopControl.lean	sum_even_correct	10603200310498800727	10603200310498800727	pass	-	9	-	s_1 = (Array.filter (fun x => decide (x % 2 = 0)) arr).sum
velvet	crush	origin/crush-backend	e90d79341bb8ef510ec868623e74cfe98feaa4e8	leanprover/lean4:v4.32.2	1	Velvet/Examples/TestMatch.lean	test1_correct	7475080825861972690	7475080825861972690	pass	-	2	-	n = 0
velvet	crush	origin/crush-backend	e90d79341bb8ef510ec868623e74cfe98feaa4e8	leanprover/lean4:v4.32.2	1	Velvet/Examples/TestMatch.lean	test1_correct	12712313322610564863	12712313322610564863	pass	-	1	-	n = x.succ
velvet	crush	origin/crush-backend	e90d79341bb8ef510ec868623e74cfe98feaa4e8	leanprover/lean4:v4.32.2	1	Velvet/Examples/TestMatch.lean	test2_correct	10112861571242978892	10112861571242978892	pass	-	2	-	0 = l.length
velvet	crush	origin/crush-backend	e90d79341bb8ef510ec868623e74cfe98feaa4e8	leanprover/lean4:v4.32.2	1	Velvet/Examples/TestMatch.lean	test2_correct	9817662802794804509	9817662802794804509	pass	-	2	-	Nat.succ 0 = l.length
velvet	crush	origin/crush-backend	e90d79341bb8ef510ec868623e74cfe98feaa4e8	leanprover/lean4:v4.32.2	1	Velvet/Examples/TestMatch.lean	test2_correct	18226621409008708882	18226621409008708882	pass	-	2	-	x.succ.succ = l.length
velvet	crush	origin/crush-backend	e90d79341bb8ef510ec868623e74cfe98feaa4e8	leanprover/lean4:v4.32.2	1	Velvet/Examples/TestMatch.lean	test3_correct	12313593517213863317	12313593517213863317	pass	-	128	-	10 > 9
velvet	crush	origin/crush-backend	e90d79341bb8ef510ec868623e74cfe98feaa4e8	leanprover/lean4:v4.32.2	1	Velvet/Examples/TestMatch.lean	test3_correct	5915416142655103160	5915416142655103160	pass	-	110	-	a + b + c + 10 > 9
velvet	crush	origin/crush-backend	e90d79341bb8ef510ec868623e74cfe98feaa4e8	leanprover/lean4:v4.32.2	1	Velvet/Examples/Total_Partial_example.lean	insertionSort_part_correct	1993702872115081742	1993702872115081742	pass	-	169	-	∀ (i j : ℕ), 0 ≤ i → i ≤ j → j < arrOld.size → arrOld[i]! ≤ arrOld[j]!
velvet	crush	origin/crush-backend	e90d79341bb8ef510ec868623e74cfe98feaa4e8	leanprover/lean4:v4.32.2	1	Velvet/Examples/Total_Partial_example.lean	insertionSort_part_correct	8793228589483947084	8793228589483947084	pass	-	6	-	((arr_1.set! mind arr_1[mind - 1]!).set! (mind - 1) arr_1[mind]!).size = arrOld.size
velvet	crush	origin/crush-backend	e90d79341bb8ef510ec868623e74cfe98feaa4e8	leanprover/lean4:v4.32.2	1	Velvet/Examples/Total_Partial_example.lean	insertionSort_part_correct	1066791641437412485	1066791641437412485	pass	-	217	-	mind - 1 ≤ n
velvet	crush	origin/crush-backend	e90d79341bb8ef510ec868623e74cfe98feaa4e8	leanprover/lean4:v4.32.2	1	Velvet/Examples/Total_Partial_example.lean	insertionSort_part_correct	8472930623785656869	8472930623785656869	fail	reconstruction	6016	crush: solver reported `unsat`, but reconstruction failed — no finishing tactic could replay it from the core ([hyp invariant_1,  hyp invariant_2,  hyp if_pos,  hyp invariant_5,  hyp invariant_6,  hyp invariant_7,  hyp if_pos_1,  hyp if_pos_2,  hyp a._@._internal.0._stdin.3344371751._hygCtx._hyg.3282,  hyp a._@._internal.0._stdin.3344371751._hygCtx._hyg.3283,  hyp a._@._internal.0._stdin.3344371751._hygCtx._hyg.3284,  negated goal]). Set `crush.trust` to "reconstructOrTrust" to accept the solver's verdict anyway.	∀ (i j : ℕ),   0 ≤ i →     i < j →       j ≤ n →         j ≠ mind - 1 →           ((arr_1.set! mind arr_1[mind - 1]!).set! (mind - 1) arr_1[mind]!)[i]! ≤             ((arr_1.set! mind arr_1[mind - 1]!).set! (mind - 1) arr_1[mind]!)[j]!
velvet	crush	origin/crush-backend	e90d79341bb8ef510ec868623e74cfe98feaa4e8	leanprover/lean4:v4.32.2	1	Velvet/Examples/Total_Partial_example.lean	insertionSort_part_correct	2816846931760221370	2816846931760221370	pass	-	228	-	((arr_1.set! mind arr_1[mind - 1]!).set! (mind - 1) arr_1[mind]!).toMultiset = arrOld.toMultiset
velvet	crush	origin/crush-backend	e90d79341bb8ef510ec868623e74cfe98feaa4e8	leanprover/lean4:v4.32.2	1	Velvet/Examples/Total_Partial_example.lean	insertionSort_part_correct	5794584936190196715	5794584936190196715	pass	-	6	-	arr_1.size = arrOld.size
velvet	crush	origin/crush-backend	e90d79341bb8ef510ec868623e74cfe98feaa4e8	leanprover/lean4:v4.32.2	1	Velvet/Examples/Total_Partial_example.lean	insertionSort_part_correct	1066791641437412485	1066791641437412485	pass	-	227	-	mind - 1 ≤ n
velvet	crush	origin/crush-backend	e90d79341bb8ef510ec868623e74cfe98feaa4e8	leanprover/lean4:v4.32.2	1	Velvet/Examples/Total_Partial_example.lean	insertionSort_part_correct	14825588553610653054	14825588553610653054	fail	timeout	25424	crush: solver returned `unknown` (unexpected solver response: ). Try increasing `crush.timeout` or adding hypotheses.	∀ (i j : ℕ), 0 ≤ i → i < j → j ≤ n → j ≠ mind - 1 → arr_1[i]! ≤ arr_1[j]!
velvet	crush	origin/crush-backend	e90d79341bb8ef510ec868623e74cfe98feaa4e8	leanprover/lean4:v4.32.2	1	Velvet/Examples/Total_Partial_example.lean	insertionSort_part_correct	15257391885382474665	15257391885382474665	pass	-	6	-	arr_1.toMultiset = arrOld.toMultiset
velvet	crush	origin/crush-backend	e90d79341bb8ef510ec868623e74cfe98feaa4e8	leanprover/lean4:v4.32.2	1	Velvet/Examples/Total_Partial_example.lean	insertionSort_part_correct	5794584936190196715	5794584936190196715	pass	-	5	-	arr_1.size = arrOld.size
velvet	crush	origin/crush-backend	e90d79341bb8ef510ec868623e74cfe98feaa4e8	leanprover/lean4:v4.32.2	1	Velvet/Examples/Total_Partial_example.lean	insertionSort_part_correct	12031026870814429192	12031026870814429192	pass	-	5	-	mind ≤ n
velvet	crush	origin/crush-backend	e90d79341bb8ef510ec868623e74cfe98feaa4e8	leanprover/lean4:v4.32.2	1	Velvet/Examples/Total_Partial_example.lean	insertionSort_part_correct	16465886849738339639	16465886849738339639	pass	-	227	-	∀ (i j : ℕ), 0 ≤ i → i < j → j ≤ n → j ≠ mind → arr_1[i]! ≤ arr_1[j]!
velvet	crush	origin/crush-backend	e90d79341bb8ef510ec868623e74cfe98feaa4e8	leanprover/lean4:v4.32.2	1	Velvet/Examples/Total_Partial_example.lean	insertionSort_part_correct	15257391885382474665	15257391885382474665	pass	-	6	-	arr_1.toMultiset = arrOld.toMultiset
velvet	crush	origin/crush-backend	e90d79341bb8ef510ec868623e74cfe98feaa4e8	leanprover/lean4:v4.32.2	1	Velvet/Examples/Total_Partial_example.lean	insertionSort_part_correct	5918835836158453730	5918835836158453730	pass	-	9	-	¬mind ≠ 0
velvet	crush	origin/crush-backend	e90d79341bb8ef510ec868623e74cfe98feaa4e8	leanprover/lean4:v4.32.2	1	Velvet/Examples/Total_Partial_example.lean	insertionSort_part_correct	5964899400721509044	5964899400721509044	pass	-	3	-	arr.size = arrOld.size
velvet	crush	origin/crush-backend	e90d79341bb8ef510ec868623e74cfe98feaa4e8	leanprover/lean4:v4.32.2	1	Velvet/Examples/Total_Partial_example.lean	insertionSort_part_correct	12155028420956038391	12155028420956038391	pass	-	102	-	n ≤ n
velvet	crush	origin/crush-backend	e90d79341bb8ef510ec868623e74cfe98feaa4e8	leanprover/lean4:v4.32.2	1	Velvet/Examples/Total_Partial_example.lean	insertionSort_part_correct	14852526092468225565	14852526092468225565	pass	-	257	-	∀ (i j : ℕ), 0 ≤ i → i < j → j ≤ n → j ≠ n → arr[i]! ≤ arr[j]!
velvet	crush	origin/crush-backend	e90d79341bb8ef510ec868623e74cfe98feaa4e8	leanprover/lean4:v4.32.2	1	Velvet/Examples/Total_Partial_example.lean	insertionSort_part_correct	17117294935281830098	17117294935281830098	pass	-	3	-	arr.toMultiset = arrOld.toMultiset
velvet	crush	origin/crush-backend	e90d79341bb8ef510ec868623e74cfe98feaa4e8	leanprover/lean4:v4.32.2	1	Velvet/Examples/Total_Partial_example.lean	insertionSort_part_correct	5288706169439222084	5288706169439222084	pass	-	12	-	i.size = arrOld.size
velvet	crush	origin/crush-backend	e90d79341bb8ef510ec868623e74cfe98feaa4e8	leanprover/lean4:v4.32.2	1	Velvet/Examples/Total_Partial_example.lean	insertionSort_part_correct	4477598582358312981	4477598582358312981	pass	-	120	-	n + 1 ≤ i.size
velvet	crush	origin/crush-backend	e90d79341bb8ef510ec868623e74cfe98feaa4e8	leanprover/lean4:v4.32.2	1	Velvet/Examples/Total_Partial_example.lean	insertionSort_part_correct	7903702650473013145	7903702650473013145	pass	-	250	-	∀ (i_2 j : ℕ), 0 ≤ i_2 → i_2 < j → j ≤ n + 1 - 1 → i[i_2]! ≤ i[j]!
velvet	crush	origin/crush-backend	e90d79341bb8ef510ec868623e74cfe98feaa4e8	leanprover/lean4:v4.32.2	1	Velvet/Examples/Total_Partial_example.lean	insertionSort_part_correct	8905801618567038615	8905801618567038615	pass	-	11	-	i.toMultiset = arrOld.toMultiset
velvet	crush	origin/crush-backend	e90d79341bb8ef510ec868623e74cfe98feaa4e8	leanprover/lean4:v4.32.2	1	Velvet/Examples/Total_Partial_example.lean	insertionSort_part_correct	5964899400721509044	5964899400721509044	pass	-	3	-	arr.size = arrOld.size
velvet	crush	origin/crush-backend	e90d79341bb8ef510ec868623e74cfe98feaa4e8	leanprover/lean4:v4.32.2	1	Velvet/Examples/Total_Partial_example.lean	insertionSort_part_correct	16800718018059787263	16800718018059787263	pass	-	3	-	n ≤ arr.size
velvet	crush	origin/crush-backend	e90d79341bb8ef510ec868623e74cfe98feaa4e8	leanprover/lean4:v4.32.2	1	Velvet/Examples/Total_Partial_example.lean	insertionSort_part_correct	11248877774576345437	11248877774576345437	pass	-	232	-	∀ (i j : ℕ), 0 ≤ i → i < j → j ≤ n - 1 → arr[i]! ≤ arr[j]!
velvet	crush	origin/crush-backend	e90d79341bb8ef510ec868623e74cfe98feaa4e8	leanprover/lean4:v4.32.2	1	Velvet/Examples/Total_Partial_example.lean	insertionSort_part_correct	17117294935281830098	17117294935281830098	pass	-	3	-	arr.toMultiset = arrOld.toMultiset
velvet	crush	origin/crush-backend	e90d79341bb8ef510ec868623e74cfe98feaa4e8	leanprover/lean4:v4.32.2	1	Velvet/Examples/Total_Partial_example.lean	insertionSort_part_correct	6709257883257101731	6709257883257101731	pass	-	5	-	¬n ≠ arr.size
velvet	crush	origin/crush-backend	e90d79341bb8ef510ec868623e74cfe98feaa4e8	leanprover/lean4:v4.32.2	1	Velvet/Examples/Total_Partial_example.lean	insertionSort_part_correct	16576486626369642801	16576486626369642801	pass	-	87	-	1 ≤ arrOld.size
velvet	crush	origin/crush-backend	e90d79341bb8ef510ec868623e74cfe98feaa4e8	leanprover/lean4:v4.32.2	1	Velvet/Examples/Total_Partial_example.lean	insertionSort_part_correct	11235314628722112900	11235314628722112900	pass	-	174	-	∀ (i j : ℕ), 0 ≤ i → i < j → j ≤ 1 - 1 → arrOld[i]! ≤ arrOld[j]!
velvet	crush	origin/crush-backend	e90d79341bb8ef510ec868623e74cfe98feaa4e8	leanprover/lean4:v4.32.2	1	Velvet/Examples/Total_Partial_example.lean	insertionSort_part_correct	8905801618567038615	8905801618567038615	pass	-	7	-	i.toMultiset = arrOld.toMultiset
velvet	crush	origin/crush-backend	e90d79341bb8ef510ec868623e74cfe98feaa4e8	leanprover/lean4:v4.32.2	1	Velvet/Examples/Total_Partial_example.lean	insertionSort_part_correct	18214290959922115111	18214290959922115111	pass	-	1647	-	∀ (i_2 j : ℕ), 0 ≤ i_2 → i_2 ≤ j → j < i.size → i[i_2]! ≤ i[j]!
velvet	crush	origin/crush-backend	e90d79341bb8ef510ec868623e74cfe98feaa4e8	leanprover/lean4:v4.32.2	1	Velvet/Examples/Total_Partial_example.lean	insertionSort_termination_correct	8793228589483947084	8793228589483947084	pass	-	3	-	((arr_1.set! mind arr_1[mind - 1]!).set! (mind - 1) arr_1[mind]!).size = arrOld.size
velvet	crush	origin/crush-backend	e90d79341bb8ef510ec868623e74cfe98feaa4e8	leanprover/lean4:v4.32.2	1	Velvet/Examples/Total_Partial_example.lean	insertionSort_termination_correct	11568103068982921353	11568103068982921353	pass	-	174	-	mind - 1 < mind
velvet	crush	origin/crush-backend	e90d79341bb8ef510ec868623e74cfe98feaa4e8	leanprover/lean4:v4.32.2	1	Velvet/Examples/Total_Partial_example.lean	insertionSort_termination_correct	5794584936190196715	5794584936190196715	pass	-	3	-	arr_1.size = arrOld.size
velvet	crush	origin/crush-backend	e90d79341bb8ef510ec868623e74cfe98feaa4e8	leanprover/lean4:v4.32.2	1	Velvet/Examples/Total_Partial_example.lean	insertionSort_termination_correct	11568103068982921353	11568103068982921353	pass	-	174	-	mind - 1 < mind
velvet	crush	origin/crush-backend	e90d79341bb8ef510ec868623e74cfe98feaa4e8	leanprover/lean4:v4.32.2	1	Velvet/Examples/Total_Partial_example.lean	insertionSort_termination_correct	5794584936190196715	5794584936190196715	pass	-	3	-	arr_1.size = arrOld.size
velvet	crush	origin/crush-backend	e90d79341bb8ef510ec868623e74cfe98feaa4e8	leanprover/lean4:v4.32.2	1	Velvet/Examples/Total_Partial_example.lean	insertionSort_termination_correct	5918835836158453730	5918835836158453730	pass	-	4	-	¬mind ≠ 0
velvet	crush	origin/crush-backend	e90d79341bb8ef510ec868623e74cfe98feaa4e8	leanprover/lean4:v4.32.2	1	Velvet/Examples/Total_Partial_example.lean	insertionSort_termination_correct	5964899400721509044	5964899400721509044	pass	-	2	-	arr.size = arrOld.size
velvet	crush	origin/crush-backend	e90d79341bb8ef510ec868623e74cfe98feaa4e8	leanprover/lean4:v4.32.2	1	Velvet/Examples/Total_Partial_example.lean	insertionSort_termination_correct	5288706169439222084	5288706169439222084	pass	-	3	-	i.size = arrOld.size
velvet	crush	origin/crush-backend	e90d79341bb8ef510ec868623e74cfe98feaa4e8	leanprover/lean4:v4.32.2	1	Velvet/Examples/Total_Partial_example.lean	insertionSort_termination_correct	4477598582358312981	4477598582358312981	pass	-	144	-	n + 1 ≤ i.size
velvet	crush	origin/crush-backend	e90d79341bb8ef510ec868623e74cfe98feaa4e8	leanprover/lean4:v4.32.2	1	Velvet/Examples/Total_Partial_example.lean	insertionSort_termination_correct	18088860687919872176	18088860687919872176	pass	-	123	-	i.size - (n + 1) < arr.size - n
velvet	crush	origin/crush-backend	e90d79341bb8ef510ec868623e74cfe98feaa4e8	leanprover/lean4:v4.32.2	1	Velvet/Examples/Total_Partial_example.lean	insertionSort_termination_correct	5964899400721509044	5964899400721509044	pass	-	2	-	arr.size = arrOld.size
velvet	crush	origin/crush-backend	e90d79341bb8ef510ec868623e74cfe98feaa4e8	leanprover/lean4:v4.32.2	1	Velvet/Examples/Total_Partial_example.lean	insertionSort_termination_correct	16800718018059787263	16800718018059787263	pass	-	1	-	n ≤ arr.size
velvet	crush	origin/crush-backend	e90d79341bb8ef510ec868623e74cfe98feaa4e8	leanprover/lean4:v4.32.2	1	Velvet/Examples/Total_Partial_example.lean	insertionSort_termination_correct	6709257883257101731	6709257883257101731	pass	-	3	-	¬n ≠ arr.size
velvet	crush	origin/crush-backend	e90d79341bb8ef510ec868623e74cfe98feaa4e8	leanprover/lean4:v4.32.2	1	Velvet/Examples/Total_Partial_example.lean	insertionSort_termination_correct	16576486626369642801	16576486626369642801	pass	-	100	-	1 ≤ arrOld.size
