suite	lane	repeat	vc_key	declaration	goal_hash	outcome	replay	detail	total_nanos	phases	metrics
loom	crush-verify	1	LoomBackend.lean|1|16574041739855843339	_example	16574041739855843339	verified	not-requested	solver returned unsat; closed under the trust policy	132369502	collect=1062292,pre-reconstruct=4699084,normalize=842125,monomorphize=958917,instantiate=769000,translate=7416959,solve=116621125	
loom	crush-verify	1	LoomBackend.lean|2|17176297989995940323	_example	3183364163658682212	verified	not-requested	solver returned unsat; closed under the trust policy	109182124	collect=443792,pre-reconstruct=1278125,normalize=1275583,monomorphize=18666,instantiate=30167,translate=2444375,solve=103691416	
loom	crush-verify	1	LoomBackend.lean|3|773944412226978707	_example	10692569989160547002	verified	not-requested	solver returned unsat; closed under the trust policy	105289084	collect=107500,pre-reconstruct=878750,normalize=49167,monomorphize=15542,instantiate=26916,translate=1450834,solve=102760375	
loom	crush-verify	1	LoomBackend.lean|4|11766715760782255510	_example	11766715760782255510	verified	not-requested	solver returned unsat; closed under the trust policy	50365042	collect=97792,pre-reconstruct=1583583,normalize=222625,monomorphize=12500,instantiate=27208,translate=1606084,solve=46815250	
cashmere	smt-only	1	CaseStudies/Cashmere/Cashmere.lean|1|1631738648950044227	withdraw_correct	1631738648950044227	alethe-reconstructed	-	-	179774208		
cashmere	smt-only	1	CaseStudies/Cashmere/Cashmere.lean|2|11756138257855701010	withdrawSession_correct	11756138257855701010	unknown	-	unable to prove goal. Try providing more hints. Reason: INCOMPLETE	157599042		
cashmere	smt-only	1	CaseStudies/Cashmere/Cashmere.lean|3|2825169037077011539	withdrawSession_correct	2825169037077011539	alethe-reconstructed	-	-	116881209		
cashmere	smt-only	1	CaseStudies/Cashmere/Cashmere.lean|4|14833385480787993856	withdrawSession_correct	14833385480787993856	alethe-reconstructed	-	-	113311292		
cashmere	smt-only	1	CaseStudies/Cashmere/Cashmere.lean|5|15214630116673553496	withdrawSession_correct	15214630116673553496	unknown	-	unable to prove goal. Try providing more hints. Reason: INCOMPLETE	135059709		
cashmere	smt-only	1	CaseStudies/Cashmere/Cashmere.lean|6|11756138257855701010	withdrawSessionTot_correct	11756138257855701010	unknown	-	unable to prove goal. Try providing more hints. Reason: INCOMPLETE	143947708		
cashmere	smt-only	1	CaseStudies/Cashmere/Cashmere.lean|7|2592897230707726799	withdrawSessionTot_correct	2592897230707726799	unknown	-	unable to prove goal. Try providing more hints. Reason: INCOMPLETE	118750333		
cashmere	smt-only	1	CaseStudies/Cashmere/Cashmere.lean|8|2825169037077011539	withdrawSessionTot_correct	2825169037077011539	alethe-reconstructed	-	-	115819958		
cashmere	smt-only	1	CaseStudies/Cashmere/Cashmere.lean|9|14833385480787993856	withdrawSessionTot_correct	14833385480787993856	alethe-reconstructed	-	-	115643083		
cashmere	smt-only	1	CaseStudies/Cashmere/Cashmere.lean|10|15214630116673553496	withdrawSessionTot_correct	15214630116673553496	unknown	-	unable to prove goal. Try providing more hints. Reason: INCOMPLETE	136933791		
cashmere	smt-only	1	CaseStudies/Cashmere/Cashmere.lean|11|12346872860079934512	withdrawSessionExcept_correct	12346872860079934512	unknown	-	unable to prove goal. Try providing more hints. Reason: INCOMPLETE	159919708		
cashmere	smt-only	1	CaseStudies/Cashmere/Cashmere.lean|12|11756138257855701010	withdrawSessionExcept_correct	11756138257855701010	unknown	-	unable to prove goal. Try providing more hints. Reason: INCOMPLETE	187206375		
cashmere	smt-only	1	CaseStudies/Cashmere/Cashmere.lean|13|12800241106604992563	withdrawSessionExcept_correct	12800241106604992563	unknown	-	unable to prove goal. Try providing more hints. Reason: INCOMPLETE	182889375		
cashmere	smt-only	1	CaseStudies/Cashmere/Cashmere.lean|14|2592897230707726799	withdrawSessionExcept_correct	2592897230707726799	unknown	-	unable to prove goal. Try providing more hints. Reason: INCOMPLETE	161335542		
cashmere	smt-only	1	CaseStudies/Cashmere/Cashmere.lean|15|2825169037077011539	withdrawSessionExcept_correct	2825169037077011539	alethe-reconstructed	-	-	128277209		
cashmere	smt-only	1	CaseStudies/Cashmere/Cashmere.lean|16|14810769858554953377	withdrawSessionExcept_correct	14810769858554953377	alethe-reconstructed	-	-	119255209		
cashmere	smt-only	1	CaseStudies/Cashmere/Cashmere.lean|17|14833385480787993856	withdrawSessionExcept_correct	14833385480787993856	alethe-reconstructed	-	-	120841750		
cashmere	smt-only	1	CaseStudies/Cashmere/Cashmere.lean|18|8275436438937433806	withdrawSessionExcept_correct	8275436438937433806	alethe-reconstructed	-	-	40445291		
cashmere	smt-only	1	CaseStudies/Cashmere/Cashmere.lean|19|15214630116673553496	withdrawSessionExcept_correct	15214630116673553496	unknown	-	unable to prove goal. Try providing more hints. Reason: INCOMPLETE	150371583		
cashmere	smt-only	1	CaseStudies/Cashmere/Cashmere.lean|20|684110104125275636	withdrawSessionExcept_correct	684110104125275636	unknown	-	unable to prove goal. Try providing more hints. Reason: INCOMPLETE	154955500		
cashmere	smt-only	1	CaseStudies/Cashmere/Cashmere.lean|21|10455387604875970312	withdrawSessionNonDet_correct	10455387604875970312	unknown	-	unable to prove goal. Try providing more hints. Reason: INCOMPLETE	44823667		
cashmere	smt-only	1	CaseStudies/Cashmere/Cashmere.lean|22|12346872860079934512	withdrawSessionNonDet_correct	12346872860079934512	unknown	-	unable to prove goal. Try providing more hints. Reason: INCOMPLETE	170577958		
cashmere	smt-only	1	CaseStudies/Cashmere/Cashmere.lean|23|9920644537135092340	withdrawSessionNonDet_correct	9920644537135092340	unknown	-	unable to prove goal. Try providing more hints. Reason: INCOMPLETE	206864917		
cashmere	smt-only	1	CaseStudies/Cashmere/Cashmere.lean|24|2592897230707726799	withdrawSessionNonDet_correct	2592897230707726799	unknown	-	unable to prove goal. Try providing more hints. Reason: INCOMPLETE	178114458		
cashmere	smt-only	1	CaseStudies/Cashmere/Cashmere.lean|25|8954427794409453576	withdrawSessionNonDet_correct	8954427794409453576	alethe-reconstructed	-	-	140955708		
cashmere	smt-only	1	CaseStudies/Cashmere/Cashmere.lean|26|14833385480787993856	withdrawSessionNonDet_correct	14833385480787993856	alethe-reconstructed	-	-	133555083		
cashmere	smt-only	1	CaseStudies/Cashmere/Cashmere.lean|27|5928940248694370277	withdrawSessionNonDet_correct	5928940248694370277	unknown	-	unable to prove goal. Try providing more hints. Reason: INCOMPLETE	162895375		
cashmere	smt-only	1	CaseStudies/Cashmere/Cashmere.lean|28|12566989642252477834	withdrawSessionNonDet_correct	12566989642252477834	unknown	-	unable to prove goal. Try providing more hints. Reason: INCOMPLETE	161035125		
cashmere	smt-only	1	CaseStudies/Cashmere/CashmereIncorrectnessLogic.lean|1|9427426964918022923	withdrawSessionAngelic_correct	9427426964918022923	alethe-reconstructed	-	-	242782125		
cashmere	smt-only	1	CaseStudies/Cashmere/CashmereIncorrectnessLogic.lean|2|1587904245978985587	withdrawSessionAngelic_correct	1587904245978985587	alethe-reconstructed	-	-	200241917		
cashmere	smt-only	1	CaseStudies/Cashmere/CashmereIncorrectnessLogic.lean|3|12290697138917920290	withdrawSessionAngelic_correct	12290697138917920290	unknown	-	unable to prove goal. Try providing more hints. Reason: INCOMPLETE	180512500		
cashmere	smt-only	1	CaseStudies/Cashmere/CashmereIncorrectnessLogic.lean|4|6449264834289021715	withdrawSessionAngelic_correct	6449264834289021715	unknown	-	unable to prove goal. Try providing more hints. Reason: INCOMPLETE	172523500		
cashmere	smt-only	1	CaseStudies/Cashmere/CashmereIncorrectnessLogic.lean|5|11664442347342473650	withdrawSessionAngelic_correct	11664442347342473650	alethe-reconstructed	-	-	158657959		
cashmere	smt-only	1	CaseStudies/Cashmere/CashmereIncorrectnessLogic.lean|6|6579164554781296205	withdrawSessionAngelic_correct	6579164554781296205	alethe-reconstructed	-	-	158807541		
cashmere	smt-only	1	CaseStudies/Cashmere/CashmereIncorrectnessLogic.lean|7|7126761714196821540	withdrawSessionAngelic_correct	7126761714196821540	alethe-reconstructed	-	-	165780084		
cashmere	smt-only	1	CaseStudies/Cashmere/CashmereIncorrectnessLogic.lean|8|2232656262363782188	withdrawSessionAngelic_correct	2232656262363782188	alethe-reconstructed	-	-	68987625		
cashmere	smt-only	1	CaseStudies/Cashmere/CashmereIncorrectnessLogic.lean|9|15183118018364320695	withdrawSessionAngelic_correct	15183118018364320695	unknown	-	unable to prove goal. Try providing more hints. Reason: INCOMPLETE	46562292		
cashmere	smt-only	1	CaseStudies/Cashmere/CashmereIncorrectnessLogic.lean|10|12346872860079934512	withdrawSessionAngelic_correct	12346872860079934512	unknown	-	unable to prove goal. Try providing more hints. Reason: INCOMPLETE	187717000		
velvet	smt-only	1	Velvet/Examples/EncodeDecodeStr.lean|1|4325354716326072573	decodeStr'_correct	4325354716326072573	alethe-reconstructed	-	-	277939500		
velvet	smt-only	1	Velvet/Examples/EncodeDecodeStr.lean|2|3233717574493770211	decodeStr'_correct	3233717574493770211	unknown	-	unable to prove goal. Try providing more hints. Reason: INCOMPLETE	200478667		
velvet	smt-only	1	Velvet/Examples/EncodeDecodeStr.lean|3|14557075163885871591	decodeStr'_correct	14557075163885871591	alethe-reconstructed	-	-	112563584		
velvet	smt-only	1	Velvet/Examples/EncodeDecodeStr.lean|4|6384732382134649439	decodeStr'_correct	6384732382134649439	alethe-reconstructed	-	-	108553917		
velvet	smt-only	1	Velvet/Examples/EncodeDecodeStr.lean|5|13851523499043008614	decodeStr'_correct	13851523499043008614	alethe-reconstructed	-	-	111958125		
velvet	smt-only	1	Velvet/Examples/EncodeDecodeStr.lean|6|8816666150414203262	decodeStr'_correct	8816666150414203262	alethe-reconstructed	-	-	58170917		
velvet	smt-only	1	Velvet/Examples/EncodeDecodeStr.lean|7|7432640679462075544	decodeStr'_correct	7432640679462075544	unknown	-	unable to prove goal. Try providing more hints. Reason: INCOMPLETE	69706500		
velvet	smt-only	1	Velvet/Examples/EncodeDecodeStr.lean|8|9639754685172097330	decodeStr'_correct	9639754685172097330	unknown	-	unable to prove goal. Try providing more hints. Reason: INCOMPLETE	135995500		
velvet	smt-only	1	Velvet/Examples/EncodeDecodeStr.lean|9|10203002127808532242	encodeStr_correct	10203002127808532242	alethe-reconstructed	-	-	257601542		
velvet	smt-only	1	Velvet/Examples/EncodeDecodeStr.lean|10|15527439877898811686	encodeStr_correct	15527439877898811686	unknown	-	unable to prove goal. Try providing more hints. Reason: INCOMPLETE	226726500		
velvet	smt-only	1	Velvet/Examples/EncodeDecodeStr.lean|11|4253526900314070824	encodeStr_correct	4253526900314070824	alethe-reconstructed	-	-	210961875		
velvet	smt-only	1	Velvet/Examples/EncodeDecodeStr.lean|12|17087698223479619887	encodeStr_correct	17087698223479619887	alethe-reconstructed	-	-	249061792		
velvet	smt-only	1	Velvet/Examples/EncodeDecodeStr.lean|13|13168721855841554394	encodeStr_correct	13168721855841554394	alethe-reconstructed	-	-	219062833		
velvet	smt-only	1	Velvet/Examples/EncodeDecodeStr.lean|14|8050235650381385355	encodeStr_correct	8050235650381385355	alethe-reconstructed	-	-	124722583		
velvet	smt-only	1	Velvet/Examples/EncodeDecodeStr.lean|15|3874562368415809942	encodeStr_correct	3874562368415809942	alethe-reconstructed	-	-	151937208		
velvet	smt-only	1	Velvet/Examples/EncodeDecodeStr.lean|16|16403843650363689650	encodeStr_correct	16403843650363689650	alethe-reconstructed	-	-	212400167		
velvet	smt-only	1	Velvet/Examples/EncodeDecodeStr.lean|17|17528322019345720798	encodeStr_correct	17528322019345720798	unknown	-	unable to prove goal. Try providing more hints. Reason: INCOMPLETE	229359166		
velvet	smt-only	1	Velvet/Examples/EncodeDecodeStr.lean|18|14846570717984605519	encodeStr_correct	14846570717984605519	reconstruction-failed	replay-exception	Monomorphization failed because currently the procedure cannot deal with expression `(cifvar_8 cifvar_9     (cifvar_10 (cifvar_11 cifvar_12 cifvar_13) (cifvar_14 cifvar_15 cifvar_13)))[i✝]`. This is because it has subterms possessing at least one of the following features · Type argument with bound variables, e.g. `@Fin.add (n + 2) a b` where `n` is a bound variable · λ binders whose type contain bound variables, e.g. `fun (x : a) => x` where `a` is a bound variable · Other (TODO) `set_option auto.mono.ignoreNonQuasiHigherOrder true` will instruct Lean-auto to ignore all the `LemmaInst`s which contain expressions that cannot be handled by the current procedure	92218333		
velvet	smt-only	1	Velvet/Examples/EncodeDecodeStr.lean|19|17345521196864181404	encodeStr_correct	17345521196864181404	alethe-reconstructed	-	-	99517833		
velvet	smt-only	1	Velvet/Examples/EncodeDecodeStr.lean|20|4720720642953332999	encodeStr_correct	4720720642953332999	alethe-reconstructed	-	-	99365542		
velvet	smt-only	1	Velvet/Examples/EncodeDecodeStr.lean|21|16873295595722686018	encodeStr_correct	16873295595722686018	reconstruction-failed	replay-exception	Monomorphization failed because currently the procedure cannot deal with expression `cifvar_8[i✝]`. This is because it has subterms possessing at least one of the following features · Type argument with bound variables, e.g. `@Fin.add (n + 2) a b` where `n` is a bound variable · λ binders whose type contain bound variables, e.g. `fun (x : a) => x` where `a` is a bound variable · Other (TODO) `set_option auto.mono.ignoreNonQuasiHigherOrder true` will instruct Lean-auto to ignore all the `LemmaInst`s which contain expressions that cannot be handled by the current procedure	39160250		
velvet	smt-only	1	Velvet/Examples/EncodeDecodeStr.lean|22|5769627519083430677	encodeStr_correct	5769627519083430677	alethe-reconstructed	-	-	92527167		
velvet	smt-only	1	Velvet/Examples/EncodeDecodeStr.lean|23|15630242782200619292	encodeStr_correct	15630242782200619292	alethe-reconstructed	-	-	31019417		
velvet	smt-only	1	Velvet/Examples/EncodeDecodeStr.lean|24|4390242841053229048	encodeStr_correct	4390242841053229048	sat	-	unable to prove goal, either it is false or you need to provide more facts. Try adding '+model' config option to display a potential counter-example (experimental).	48026625		
velvet	smt-only	1	Velvet/Examples/EncodeDecodeStr.lean|25|4098508629850130765	encodeStr_correct	4098508629850130765	reconstruction-failed	replay-exception	Monomorphization failed because currently the procedure cannot deal with expression `(cifvar_8 cifvar_9)[i✝]`. This is because it has subterms possessing at least one of the following features · Type argument with bound variables, e.g. `@Fin.add (n + 2) a b` where `n` is a bound variable · λ binders whose type contain bound variables, e.g. `fun (x : a) => x` where `a` is a bound variable · Other (TODO) `set_option auto.mono.ignoreNonQuasiHigherOrder true` will instruct Lean-auto to ignore all the `LemmaInst`s which contain expressions that cannot be handled by the current procedure	11646208		
velvet	smt-only	1	Velvet/Examples/EncodeDecodeStr.lean|26|6449688271898666716	encodeStr_correct	6449688271898666716	unknown	-	unable to prove goal. Try providing more hints. Reason: INCOMPLETE	126965583		
velvet	smt-only	1	Velvet/Examples/EncodeDecodeStr.lean|27|3108445719328028112	encodeStr_correct	3108445719328028112	reconstruction-failed	replay-exception	Monomorphization failed because currently the procedure cannot deal with expression `cifvar_8[i✝]`. This is because it has subterms possessing at least one of the following features · Type argument with bound variables, e.g. `@Fin.add (n + 2) a b` where `n` is a bound variable · λ binders whose type contain bound variables, e.g. `fun (x : a) => x` where `a` is a bound variable · Other (TODO) `set_option auto.mono.ignoreNonQuasiHigherOrder true` will instruct Lean-auto to ignore all the `LemmaInst`s which contain expressions that cannot be handled by the current procedure	56375000		
velvet	smt-only	1	Velvet/Examples/Examples.lean|1|6162910358734672275	insertionSort_correct	6162910358734672275	unknown	-	unable to prove goal. Try providing more hints. Reason: INCOMPLETE	951288292		
velvet	smt-only	1	Velvet/Examples/Examples.lean|2|1066791641437412485	insertionSort_correct	1066791641437412485	alethe-reconstructed	-	-	255220750		
velvet	smt-only	1	Velvet/Examples/Examples.lean|3|9866248891257573647	insertionSort_correct	9866248891257573647	unknown	-	unable to prove goal. Try providing more hints. Reason: INCOMPLETE	1910728167		
velvet	smt-only	1	Velvet/Examples/Examples.lean|4|18360837223612973524	insertionSort_correct	18360837223612973524	unknown	-	unable to prove goal. Try providing more hints. Reason: INCOMPLETE	698168875		
velvet	smt-only	1	Velvet/Examples/Examples.lean|5|5794584936190196715	insertionSort_correct	5794584936190196715	alethe-reconstructed	-	-	234004000		
velvet	smt-only	1	Velvet/Examples/Examples.lean|6|1066791641437412485	insertionSort_correct	1066791641437412485	alethe-reconstructed	-	-	249291542		
velvet	smt-only	1	Velvet/Examples/Examples.lean|7|14825588553610653054	insertionSort_correct	14825588553610653054	alethe-reconstructed	-	-	387974250		
velvet	smt-only	1	Velvet/Examples/Examples.lean|8|15257391885382474665	insertionSort_correct	15257391885382474665	alethe-reconstructed	-	-	211298500		
velvet	smt-only	1	Velvet/Examples/Examples.lean|9|5794584936190196715	insertionSort_correct	5794584936190196715	alethe-reconstructed	-	-	215286416		
velvet	smt-only	1	Velvet/Examples/Examples.lean|10|12031026870814429192	insertionSort_correct	12031026870814429192	alethe-reconstructed	-	-	221959666		
velvet	smt-only	1	Velvet/Examples/Examples.lean|11|16465886849738339639	insertionSort_correct	16465886849738339639	alethe-reconstructed	-	-	294164250		
velvet	smt-only	1	Velvet/Examples/Examples.lean|12|15257391885382474665	insertionSort_correct	15257391885382474665	alethe-reconstructed	-	-	210995750		
velvet	smt-only	1	Velvet/Examples/Examples.lean|13|2438232962388206336	insertionSort_correct	2438232962388206336	alethe-reconstructed	-	-	211538000		
velvet	smt-only	1	Velvet/Examples/Examples.lean|14|5964899400721509044	insertionSort_correct	5964899400721509044	alethe-reconstructed	-	-	150968958		
velvet	smt-only	1	Velvet/Examples/Examples.lean|15|12155028420956038391	insertionSort_correct	12155028420956038391	alethe-reconstructed	-	-	153484958		
velvet	smt-only	1	Velvet/Examples/Examples.lean|16|14852526092468225565	insertionSort_correct	14852526092468225565	alethe-reconstructed	-	-	245021042		
velvet	smt-only	1	Velvet/Examples/Examples.lean|17|17117294935281830098	insertionSort_correct	17117294935281830098	alethe-reconstructed	-	-	149821667		
velvet	smt-only	1	Velvet/Examples/Examples.lean|18|5288706169439222084	insertionSort_correct	5288706169439222084	unknown	-	unable to prove goal. Try providing more hints. Reason: INCOMPLETE	316678417		
velvet	smt-only	1	Velvet/Examples/Examples.lean|19|12688677688377801211	insertionSort_correct	12688677688377801211	unknown	-	unable to prove goal. Try providing more hints. Reason: INCOMPLETE	304461000		
velvet	smt-only	1	Velvet/Examples/Examples.lean|20|7903702650473013145	insertionSort_correct	7903702650473013145	unknown	-	unable to prove goal. Try providing more hints. Reason: INCOMPLETE	420544625		
velvet	smt-only	1	Velvet/Examples/Examples.lean|21|8905801618567038615	insertionSort_correct	8905801618567038615	unknown	-	unable to prove goal. Try providing more hints. Reason: INCOMPLETE	312744667		
velvet	smt-only	1	Velvet/Examples/Examples.lean|22|5964899400721509044	insertionSort_correct	5964899400721509044	alethe-reconstructed	-	-	149592333		
velvet	smt-only	1	Velvet/Examples/Examples.lean|23|5379360585891885096	insertionSort_correct	5379360585891885096	alethe-reconstructed	-	-	161922458		
velvet	smt-only	1	Velvet/Examples/Examples.lean|24|11248877774576345437	insertionSort_correct	11248877774576345437	alethe-reconstructed	-	-	226490334		
velvet	smt-only	1	Velvet/Examples/Examples.lean|25|17117294935281830098	insertionSort_correct	17117294935281830098	alethe-reconstructed	-	-	146131667		
velvet	smt-only	1	Velvet/Examples/Examples.lean|26|11532741708565178815	insertionSort_correct	11532741708565178815	alethe-reconstructed	-	-	144629959		
velvet	smt-only	1	Velvet/Examples/Examples.lean|27|13894794097547967513	insertionSort_correct	13894794097547967513	alethe-reconstructed	-	-	39259291		
velvet	smt-only	1	Velvet/Examples/Examples.lean|28|11235314628722112900	insertionSort_correct	11235314628722112900	alethe-reconstructed	-	-	105236375		
velvet	smt-only	1	Velvet/Examples/Examples.lean|29|8905801618567038615	insertionSort_correct	8905801618567038615	unknown	-	unable to prove goal. Try providing more hints. Reason: INCOMPLETE	248176333		
velvet	smt-only	1	Velvet/Examples/Examples.lean|30|18214290959922115111	insertionSort_correct	18214290959922115111	unknown	-	unable to prove goal. Try providing more hints. Reason: INCOMPLETE	353592833		
velvet	smt-only	1	Velvet/Examples/Examples.lean|31|17119794831572106230	sqrt_correct	17119794831572106230	alethe-reconstructed	-	-	94107208		
velvet	smt-only	1	Velvet/Examples/Examples.lean|32|16395326812896940336	sqrt_correct	16395326812896940336	alethe-reconstructed	-	-	95529916		
velvet	smt-only	1	Velvet/Examples/Examples.lean|33|4559485301326837329	sqrt_correct	4559485301326837329	alethe-reconstructed	-	-	86983042		
velvet	smt-only	1	Velvet/Examples/Examples.lean|34|15833581759277421577	sqrt_correct	15833581759277421577	alethe-reconstructed	-	-	195364500		
velvet	smt-only	1	Velvet/Examples/Examples.lean|35|7228731597997214785	sqrt_correct	7228731597997214785	unknown	-	unable to prove goal. Try providing more hints. Reason: TIMEOUT	5110385083		
velvet	smt-only	1	Velvet/Examples/Examples.lean|36|17256355208408803011	sqrt_correct	17256355208408803011	alethe-reconstructed	-	-	111706375		
velvet	smt-only	1	Velvet/Examples/Examples.lean|37|13635698331308129878	sqrt_correct	13635698331308129878	alethe-reconstructed	-	-	99728500		
velvet	smt-only	1	Velvet/Examples/Examples.lean|38|10800841518550636949	sqrt_correct	10800841518550636949	alethe-reconstructed	-	-	224610708		
velvet	smt-only	1	Velvet/Examples/Examples.lean|39|12457966505053151830	sqrt_correct	12457966505053151830	alethe-reconstructed	-	-	433708042		
velvet	smt-only	1	Velvet/Examples/Examples.lean|40|17578352201394481400	sqrt_correct	17578352201394481400	alethe-reconstructed	-	-	171974625		
velvet	smt-only	1	Velvet/Examples/Examples_Total.lean|1|6162910358734672275	insertionSort_total_correct	6162910358734672275	unknown	-	unable to prove goal. Try providing more hints. Reason: INCOMPLETE	947355666		
velvet	smt-only	1	Velvet/Examples/Examples_Total.lean|2|1066791641437412485	insertionSort_total_correct	1066791641437412485	alethe-reconstructed	-	-	257909083		
velvet	smt-only	1	Velvet/Examples/Examples_Total.lean|3|9866248891257573647	insertionSort_total_correct	9866248891257573647	unknown	-	unable to prove goal. Try providing more hints. Reason: INCOMPLETE	1908128375		
velvet	smt-only	1	Velvet/Examples/Examples_Total.lean|4|18360837223612973524	insertionSort_total_correct	18360837223612973524	unknown	-	unable to prove goal. Try providing more hints. Reason: INCOMPLETE	701099042		
velvet	smt-only	1	Velvet/Examples/Examples_Total.lean|5|11568103068982921353	insertionSort_total_correct	11568103068982921353	alethe-reconstructed	-	-	243963250		
velvet	smt-only	1	Velvet/Examples/Examples_Total.lean|6|5794584936190196715	insertionSort_total_correct	5794584936190196715	alethe-reconstructed	-	-	237774375		
velvet	smt-only	1	Velvet/Examples/Examples_Total.lean|7|1066791641437412485	insertionSort_total_correct	1066791641437412485	alethe-reconstructed	-	-	241871625		
velvet	smt-only	1	Velvet/Examples/Examples_Total.lean|8|14825588553610653054	insertionSort_total_correct	14825588553610653054	alethe-reconstructed	-	-	381483667		
velvet	smt-only	1	Velvet/Examples/Examples_Total.lean|9|15257391885382474665	insertionSort_total_correct	15257391885382474665	alethe-reconstructed	-	-	217136042		
velvet	smt-only	1	Velvet/Examples/Examples_Total.lean|10|11568103068982921353	insertionSort_total_correct	11568103068982921353	alethe-reconstructed	-	-	234150500		
velvet	smt-only	1	Velvet/Examples/Examples_Total.lean|11|5794584936190196715	insertionSort_total_correct	5794584936190196715	alethe-reconstructed	-	-	215782541		
velvet	smt-only	1	Velvet/Examples/Examples_Total.lean|12|12031026870814429192	insertionSort_total_correct	12031026870814429192	alethe-reconstructed	-	-	223571708		
velvet	smt-only	1	Velvet/Examples/Examples_Total.lean|13|16465886849738339639	insertionSort_total_correct	16465886849738339639	alethe-reconstructed	-	-	297001167		
velvet	smt-only	1	Velvet/Examples/Examples_Total.lean|14|15257391885382474665	insertionSort_total_correct	15257391885382474665	alethe-reconstructed	-	-	215245083		
velvet	smt-only	1	Velvet/Examples/Examples_Total.lean|15|5918835836158453730	insertionSort_total_correct	5918835836158453730	alethe-reconstructed	-	-	215937167		
velvet	smt-only	1	Velvet/Examples/Examples_Total.lean|16|5964899400721509044	insertionSort_total_correct	5964899400721509044	alethe-reconstructed	-	-	150486500		
velvet	smt-only	1	Velvet/Examples/Examples_Total.lean|17|12155028420956038391	insertionSort_total_correct	12155028420956038391	alethe-reconstructed	-	-	152025708		
velvet	smt-only	1	Velvet/Examples/Examples_Total.lean|18|14852526092468225565	insertionSort_total_correct	14852526092468225565	alethe-reconstructed	-	-	243985709		
velvet	smt-only	1	Velvet/Examples/Examples_Total.lean|19|17117294935281830098	insertionSort_total_correct	17117294935281830098	alethe-reconstructed	-	-	153533625		
velvet	smt-only	1	Velvet/Examples/Examples_Total.lean|20|5288706169439222084	insertionSort_total_correct	5288706169439222084	unknown	-	unable to prove goal. Try providing more hints. Reason: INCOMPLETE	533822125		
velvet	smt-only	1	Velvet/Examples/Examples_Total.lean|21|12688677688377801211	insertionSort_total_correct	12688677688377801211	unknown	-	unable to prove goal. Try providing more hints. Reason: INCOMPLETE	441344834		
velvet	smt-only	1	Velvet/Examples/Examples_Total.lean|22|7903702650473013145	insertionSort_total_correct	7903702650473013145	unknown	-	unable to prove goal. Try providing more hints. Reason: INCOMPLETE	758531250		
velvet	smt-only	1	Velvet/Examples/Examples_Total.lean|23|8905801618567038615	insertionSort_total_correct	8905801618567038615	unknown	-	unable to prove goal. Try providing more hints. Reason: INCOMPLETE	628847250		
velvet	smt-only	1	Velvet/Examples/Examples_Total.lean|24|18088860687919872176	insertionSort_total_correct	18088860687919872176	unknown	-	unable to prove goal. Try providing more hints. Reason: INCOMPLETE	1741132125		
velvet	smt-only	1	Velvet/Examples/Examples_Total.lean|25|5964899400721509044	insertionSort_total_correct	5964899400721509044	alethe-reconstructed	-	-	152732000		
velvet	smt-only	1	Velvet/Examples/Examples_Total.lean|26|5379360585891885096	insertionSort_total_correct	5379360585891885096	alethe-reconstructed	-	-	165579833		
velvet	smt-only	1	Velvet/Examples/Examples_Total.lean|27|11248877774576345437	insertionSort_total_correct	11248877774576345437	alethe-reconstructed	-	-	244807500		
velvet	smt-only	1	Velvet/Examples/Examples_Total.lean|28|17117294935281830098	insertionSort_total_correct	17117294935281830098	alethe-reconstructed	-	-	152698083		
velvet	smt-only	1	Velvet/Examples/Examples_Total.lean|29|6709257883257101731	insertionSort_total_correct	6709257883257101731	alethe-reconstructed	-	-	153335709		
velvet	smt-only	1	Velvet/Examples/Examples_Total.lean|30|13894794097547967513	insertionSort_total_correct	13894794097547967513	alethe-reconstructed	-	-	39037417		
velvet	smt-only	1	Velvet/Examples/Examples_Total.lean|31|11235314628722112900	insertionSort_total_correct	11235314628722112900	alethe-reconstructed	-	-	110256292		
velvet	smt-only	1	Velvet/Examples/Examples_Total.lean|32|891049678225498279	insertionSort_total_correct	891049678225498279	unknown	-	unable to prove goal. Try providing more hints. Reason: INCOMPLETE	248157542		
velvet	smt-only	1	Velvet/Examples/Examples_Total.lean|33|18214290959922115111	insertionSort_total_correct	18214290959922115111	unknown	-	unable to prove goal. Try providing more hints. Reason: INCOMPLETE	590442917		
velvet	smt-only	1	Velvet/Examples/Examples_Total.lean|34|17119794831572106230	sqrt_total_correct	17119794831572106230	alethe-reconstructed	-	-	43836292		
velvet	smt-only	1	Velvet/Examples/Examples_Total.lean|35|16395326812896940336	sqrt_total_correct	16395326812896940336	alethe-reconstructed	-	-	41729458		
velvet	smt-only	1	Velvet/Examples/Examples_Total.lean|36|4559485301326837329	sqrt_total_correct	4559485301326837329	alethe-reconstructed	-	-	27611583		
velvet	smt-only	1	Velvet/Examples/Examples_Total.lean|37|15833581759277421577	sqrt_total_correct	15833581759277421577	alethe-reconstructed	-	-	152320834		
velvet	smt-only	1	Velvet/Examples/Examples_Total.lean|38|17892696244691966181	sqrt_total_correct	17892696244691966181	alethe-reconstructed	-	-	231511833		
velvet	smt-only	1	Velvet/Examples/Examples_Total.lean|39|7228731597997214785	sqrt_total_correct	7228731597997214785	unknown	-	unable to prove goal. Try providing more hints. Reason: TIMEOUT	5066529708		
velvet	smt-only	1	Velvet/Examples/Examples_Total.lean|40|13073343856082995605	sqrt_total_correct	13073343856082995605	alethe-reconstructed	-	-	86298667		
velvet	smt-only	1	Velvet/Examples/Examples_Total.lean|41|13635698331308129878	sqrt_total_correct	13635698331308129878	alethe-reconstructed	-	-	56161791		
velvet	smt-only	1	Velvet/Examples/Examples_Total.lean|42|10800841518550636949	sqrt_total_correct	10800841518550636949	alethe-reconstructed	-	-	181556166		
velvet	smt-only	1	Velvet/Examples/Examples_Total.lean|43|12457966505053151830	sqrt_total_correct	12457966505053151830	alethe-reconstructed	-	-	248342708		
velvet	smt-only	1	Velvet/Examples/Examples_Total.lean|44|17578352201394481400	sqrt_total_correct	17578352201394481400	alethe-reconstructed	-	-	152484459		
velvet	smt-only	1	Velvet/Examples/Examples_Total.lean|45|628191952620585962	cbrt_correct	628191952620585962	alethe-reconstructed	-	-	40389667		
velvet	smt-only	1	Velvet/Examples/Examples_Total.lean|46|5408980950461060684	cbrt_correct	5408980950461060684	alethe-reconstructed	-	-	42493125		
velvet	smt-only	1	Velvet/Examples/Examples_Total.lean|47|17796805544787031687	cbrt_correct	17796805544787031687	alethe-reconstructed	-	-	27625875		
velvet	smt-only	1	Velvet/Examples/Examples_Total.lean|48|12597585967811959528	cbrt_correct	12597585967811959528	alethe-reconstructed	-	-	205951625		
velvet	smt-only	1	Velvet/Examples/Examples_Total.lean|49|17892696244691966181	cbrt_correct	17892696244691966181	alethe-reconstructed	-	-	233199834		
velvet	smt-only	1	Velvet/Examples/Examples_Total.lean|50|11504389341422214604	cbrt_correct	11504389341422214604	unknown	-	unable to prove goal. Try providing more hints. Reason: TIMEOUT	5069225833		
velvet	smt-only	1	Velvet/Examples/Examples_Total.lean|51|1828175149019549874	cbrt_correct	1828175149019549874	alethe-reconstructed	-	-	71001417		
velvet	smt-only	1	Velvet/Examples/Examples_Total.lean|52|8027176826117333927	cbrt_correct	8027176826117333927	alethe-reconstructed	-	-	54294041		
velvet	smt-only	1	Velvet/Examples/Examples_Total.lean|53|8642365996124661698	cbrt_correct	8642365996124661698	alethe-reconstructed	-	-	251742292		
velvet	smt-only	1	Velvet/Examples/Examples_Total.lean|54|1031468476226669362	cbrt_correct	1031468476226669362	alethe-reconstructed	-	-	610602291		
velvet	smt-only	1	Velvet/Examples/Examples_Total.lean|55|9859620190106577091	cbrt_correct	9859620190106577091	alethe-reconstructed	-	-	220238250		
velvet	smt-only	1	Velvet/Examples/Examples_Total.lean|56|7745518040588453633	sqrt_bn_correct	7745518040588453633	reconstruction-failed	rule-gap	1 replayed step(s) left as open goals	138485125		
velvet	smt-only	1	Velvet/Examples/Examples_Total.lean|57|7275559839122250210	sqrt_bn_correct	7275559839122250210	alethe-reconstructed	-	-	130825792		
velvet	smt-only	1	Velvet/Examples/Examples_Total.lean|58|17809363630590163151	sqrt_bn_correct	17809363630590163151	reconstruction-failed	rule-gap	10 replayed step(s) left as open goals	258361459		
velvet	smt-only	1	Velvet/Examples/Examples_Total.lean|59|3756677303263535492	sqrt_bn_correct	3756677303263535492	reconstruction-failed	term-gap	Failed to reconstruct term (< (+ (to_real (* (- 1) (+ |f✝²| (* (- 1) @purify_3) (* (- 1) @purify_4)))) (* (/ (- 1) 2) (to_real @purify_2)) (* (/ 1 2) (to_real (+ |f✝²| (* (- 1) |f✝¹|) (* (- 1) @purify_2)))) (to_real (+ @purify_2 (* (- 1) @purify_3))) (* (/ 1 2) (to_real (+ |f✝²| |f✝¹| (* (- 2) @purify_4))))) (+ (to_real (* (- 1) 0)) (* (/ (- 1) 2) 2.0) (* (/ 1 2) 0.0) 0.0 (* (/ 1 2) 2.0))) with kind LT	134830666		
velvet	smt-only	1	Velvet/Examples/Examples_Total.lean|60|4049183095434299843	sqrt_bn_correct	4049183095434299843	alethe-reconstructed	-	-	125973584		
velvet	smt-only	1	Velvet/Examples/Examples_Total.lean|61|845228717509319176	sqrt_bn_correct	845228717509319176	reconstruction-failed	rule-gap	1 replayed step(s) left as open goals	132338541		
velvet	smt-only	1	Velvet/Examples/Examples_Total.lean|62|14080923781397173690	sqrt_bn_correct	14080923781397173690	alethe-reconstructed	-	-	221937083		
velvet	smt-only	1	Velvet/Examples/Examples_Total.lean|63|2013384436827156188	sqrt_bn_correct	2013384436827156188	reconstruction-failed	term-gap	Failed to reconstruct term (<= (+ (to_real (* (- 1) (+ |f✝¹| (* (- 1) @purify_4)))) (* (/ 1 2) (to_real (+ |f✝²| |f✝¹| (* (- 2) @purify_4)))) (* (/ (- 1) 2) (to_real (+ |f✝²| (* (- 1) |f✝¹|) (* (- 1) @purify_2)))) (* (/ (- 1) 2) (to_real @purify_2))) (+ (to_real (* (- 1) 1)) (* (/ 1 2) 1.0) (* (/ (- 1) 2) 0.0) (* (/ (- 1) 2) 2.0))) with kind LEQ	154776583		
velvet	smt-only	1	Velvet/Examples/Examples_Total.lean|64|4049183095434299843	sqrt_bn_correct	4049183095434299843	alethe-reconstructed	-	-	93943084		
velvet	smt-only	1	Velvet/Examples/Examples_Total.lean|65|7275559839122250210	sqrt_bn_correct	7275559839122250210	alethe-reconstructed	-	-	98372708		
velvet	smt-only	1	Velvet/Examples/Examples_Total.lean|66|14080923781397173690	sqrt_bn_correct	14080923781397173690	alethe-reconstructed	-	-	190608292		
velvet	smt-only	1	Velvet/Examples/Examples_Total.lean|67|5112937323286018014	sqrt_bn_correct	5112937323286018014	alethe-reconstructed	-	-	98169209		
velvet	smt-only	1	Velvet/Examples/Examples_Total.lean|68|4559485301326837329	sqrt_bn_correct	4559485301326837329	alethe-reconstructed	-	-	49164459		
velvet	smt-only	1	Velvet/Examples/Examples_Total.lean|69|6911359079999020658	sqrt_bn_correct	6911359079999020658	alethe-reconstructed	-	-	31157917		
velvet	smt-only	1	Velvet/Examples/Examples_Total.lean|70|16395326812896940336	sqrt_bn_correct	16395326812896940336	alethe-reconstructed	-	-	67624209		
velvet	smt-only	1	Velvet/Examples/Examples_Total.lean|71|18362062349273978007	sqrt_bn_correct	18362062349273978007	sat	-	unable to prove goal, either it is false or you need to provide more facts. Try adding '+model' config option to display a potential counter-example (experimental).	149169834		
velvet	smt-only	1	Velvet/Examples/Examples_Total.lean|72|8802921734925604215	sqrt_bn_correct	8802921734925604215	sat	-	unable to prove goal, either it is false or you need to provide more facts. Try adding '+model' config option to display a potential counter-example (experimental).	130501542		
velvet	smt-only	1	Velvet/Examples/Examples_Total.lean|73|8723303018838369810	sqrt_bn_correct	8723303018838369810	sat	-	unable to prove goal, either it is false or you need to provide more facts. Try adding '+model' config option to display a potential counter-example (experimental).	123979042		
velvet	smt-only	1	Velvet/Examples/GCD.lean|1|4384199359441751320	gcd_correct	4384199359441751320	alethe-reconstructed	-	-	82074000		
velvet	smt-only	1	Velvet/Examples/GCD.lean|2|9601099415740649235	gcd_correct	9601099415740649235	alethe-reconstructed	-	-	38931625		
velvet	smt-only	1	Velvet/Examples/GCD.lean|3|1185000637665826843	gcd_correct	1185000637665826843	alethe-reconstructed	-	-	39421916		
velvet	smt-only	1	Velvet/Examples/IsNonPrime.lean|1|3150397294412475763	IsNonPrime_correct	3150397294412475763	sat	-	unable to prove goal, either it is false or you need to provide more facts. Try adding '+model' config option to display a potential counter-example (experimental).	62373250		
velvet	smt-only	1	Velvet/Examples/IsNonPrime.lean|2|8498703091421742660	IsNonPrime_correct	8498703091421742660	alethe-reconstructed	-	-	197311292		
velvet	smt-only	1	Velvet/Examples/IsNonPrime.lean|3|15405612526479945524	IsNonPrime_correct	15405612526479945524	reconstruction-failed	rule-gap	1 replayed step(s) left as open goals	194956833		
velvet	smt-only	1	Velvet/Examples/IsNonPrime.lean|4|3635621084297233985	IsNonPrime_correct	3635621084297233985	alethe-reconstructed	-	-	189565750		
velvet	smt-only	1	Velvet/Examples/IsNonPrime.lean|5|8498703091421742660	IsNonPrime_correct	8498703091421742660	alethe-reconstructed	-	-	166311291		
velvet	smt-only	1	Velvet/Examples/IsNonPrime.lean|6|15497101072354692966	IsNonPrime_correct	15497101072354692966	unknown	-	unable to prove goal. Try providing more hints. Reason: TIMEOUT	5153943416		
velvet	smt-only	1	Velvet/Examples/IsNonPrime.lean|7|3635621084297233985	IsNonPrime_correct	3635621084297233985	alethe-reconstructed	-	-	186544584		
velvet	smt-only	1	Velvet/Examples/IsNonPrime.lean|8|8419734978408419013	IsNonPrime_correct	8419734978408419013	alethe-reconstructed	-	-	149169959		
velvet	smt-only	1	Velvet/Examples/IsNonPrime.lean|9|18150307703072330979	IsNonPrime_correct	18150307703072330979	alethe-reconstructed	-	-	167825416		
velvet	smt-only	1	Velvet/Examples/IsNonPrime.lean|10|1456886557593529150	IsNonPrime_correct	1456886557593529150	alethe-reconstructed	-	-	156333625		
velvet	smt-only	1	Velvet/Examples/IsNonPrime.lean|11|16017810969246570786	IsNonPrime_correct	16017810969246570786	alethe-reconstructed	-	-	154532125		
velvet	smt-only	1	Velvet/Examples/IsNonPrime.lean|12|12543135627460772462	IsNonPrime_correct	12543135627460772462	alethe-reconstructed	-	-	28387917		
velvet	smt-only	1	Velvet/Examples/IsNonPrime.lean|13|1572539502098385654	IsNonPrime_correct	1572539502098385654	alethe-reconstructed	-	-	81654500		
velvet	smt-only	1	Velvet/Examples/IsNonPrime.lean|14|11076373139303988464	IsNonPrime_correct	11076373139303988464	alethe-reconstructed	-	-	45755292		
velvet	smt-only	1	Velvet/Examples/IsNonPrime.lean|15|15559572021364972958	IsNonPrime_correct	15559572021364972958	sat	-	unable to prove goal, either it is false or you need to provide more facts. Try adding '+model' config option to display a potential counter-example (experimental).	316816125		
velvet	smt-only	1	Velvet/Examples/IsSorted.lean|1|11207960766534651515	IsSorted_correct	11207960766534651515	alethe-reconstructed	-	-	323976375		
velvet	smt-only	1	Velvet/Examples/IsSorted.lean|2|4413675682266163545	IsSorted_correct	4413675682266163545	alethe-reconstructed	-	-	248480583		
velvet	smt-only	1	Velvet/Examples/IsSorted.lean|3|9518487208184120090	IsSorted_correct	9518487208184120090	alethe-reconstructed	-	-	272923167		
velvet	smt-only	1	Velvet/Examples/IsSorted.lean|4|11207960766534651515	IsSorted_correct	11207960766534651515	alethe-reconstructed	-	-	252685833		
velvet	smt-only	1	Velvet/Examples/IsSorted.lean|5|16465854614385299804	IsSorted_correct	16465854614385299804	alethe-reconstructed	-	-	293644500		
velvet	smt-only	1	Velvet/Examples/IsSorted.lean|6|1749803822950348457	IsSorted_correct	1749803822950348457	alethe-reconstructed	-	-	231115917		
velvet	smt-only	1	Velvet/Examples/IsSorted.lean|7|6461838523585744673	IsSorted_correct	6461838523585744673	alethe-reconstructed	-	-	219490500		
velvet	smt-only	1	Velvet/Examples/IsSorted.lean|8|5698263445699273715	IsSorted_correct	5698263445699273715	alethe-reconstructed	-	-	258660084		
velvet	smt-only	1	Velvet/Examples/IsSorted.lean|9|1749803822950348457	IsSorted_correct	1749803822950348457	alethe-reconstructed	-	-	234902333		
velvet	smt-only	1	Velvet/Examples/IsSorted.lean|10|16458001095677251802	IsSorted_correct	16458001095677251802	alethe-reconstructed	-	-	235509458		
velvet	smt-only	1	Velvet/Examples/IsSorted.lean|11|11716511832970583731	IsSorted_correct	11716511832970583731	alethe-reconstructed	-	-	86155791		
velvet	smt-only	1	Velvet/Examples/IsSorted.lean|12|13412663338101939313	IsSorted_correct	13412663338101939313	alethe-reconstructed	-	-	81815458		
velvet	smt-only	1	Velvet/Examples/IsSorted.lean|13|10877051663303345536	IsSorted_correct	10877051663303345536	alethe-reconstructed	-	-	129365959		
velvet	smt-only	1	Velvet/Examples/IsSorted.lean|14|2102916384874846137	IsSorted_correct	2102916384874846137	unknown	-	unable to prove goal. Try providing more hints. Reason: TIMEOUT	5335537166		
velvet	smt-only	1	Velvet/Examples/MaxElem.lean|1|6189042491608852705	maxElem_correct	6189042491608852705	alethe-reconstructed	-	-	220486417		
velvet	smt-only	1	Velvet/Examples/MaxElem.lean|2|13979591039540523316	maxElem_correct	13979591039540523316	alethe-reconstructed	-	-	184694167		
velvet	smt-only	1	Velvet/Examples/MaxElem.lean|3|6189042491608852705	maxElem_correct	6189042491608852705	alethe-reconstructed	-	-	160425167		
velvet	smt-only	1	Velvet/Examples/MaxElem.lean|4|3496913807798796367	maxElem_correct	3496913807798796367	alethe-reconstructed	-	-	178892166		
velvet	smt-only	1	Velvet/Examples/MaxElem.lean|5|13935834157065255340	maxElem_correct	13935834157065255340	alethe-reconstructed	-	-	93931625		
velvet	smt-only	1	Velvet/Examples/MaxElem.lean|6|10716558625718226994	maxElem_correct	10716558625718226994	alethe-reconstructed	-	-	109860875		
velvet	smt-only	1	Velvet/Examples/MaxElem.lean|7|12429897440204793908	maxElem_correct	12429897440204793908	alethe-reconstructed	-	-	96600500		
velvet	smt-only	1	Velvet/Examples/MaxElem.lean|8|6662270672118944889	maxElem_correct	6662270672118944889	alethe-reconstructed	-	-	68417000		
velvet	smt-only	1	Velvet/Examples/MaxElem.lean|9|10294878435885712953	maxElem_correct	10294878435885712953	alethe-reconstructed	-	-	66502625		
velvet	smt-only	1	Velvet/Examples/MaxElem.lean|10|15821608085576758365	maxElem_correct	15821608085576758365	unknown	-	unable to prove goal. Try providing more hints. Reason: INCOMPLETE	121638208		
velvet	smt-only	1	Velvet/Examples/MemAlloc.lean|1|633235845480694220	mem_alloc_correct	633235845480694220	translation-failed	-	cannot translate fun eb!_0 => decide (f✝ ≤ f eb!_0), SMT-LIB does not support lambdas	184953958		
velvet	smt-only	1	Velvet/Examples/MemAlloc.lean|2|12262280732602434251	mem_alloc_correct	12262280732602434251	translation-failed	-	cannot translate fun eb!_0 => decide (f✝ ≤ f eb!_0), SMT-LIB does not support lambdas	103090792		
velvet	smt-only	1	Velvet/Examples/MemAlloc.lean|3|5395433166570123997	mem_alloc_correct	5395433166570123997	translation-failed	-	"cvc5.Error.error ""Symbol '->' not declared as a type"""	147728458		
velvet	smt-only	1	Velvet/Examples/MemAlloc.lean|4|7858921023181799469	mem_alloc_correct	7858921023181799469	translation-failed	-	"cvc5.Error.error ""Symbol '->' not declared as a type"""	145369209		
velvet	smt-only	1	Velvet/Examples/MemAlloc.lean|5|12307778664191690486	mem_alloc_correct	12307778664191690486	translation-failed	-	"cvc5.Error.error ""Symbol '->' not declared as a type"""	141211167		
velvet	smt-only	1	Velvet/Examples/MemAlloc.lean|6|14651957694487509304	mem_alloc_correct	14651957694487509304	translation-failed	-	"cvc5.Error.error ""Symbol '->' not declared as a type"""	142356333		
velvet	smt-only	1	Velvet/Examples/MemAlloc.lean|7|5395433166570123997	mem_alloc_correct	5395433166570123997	translation-failed	-	"cvc5.Error.error ""Symbol '->' not declared as a type"""	136726625		
velvet	smt-only	1	Velvet/Examples/MemAlloc.lean|8|12933711973000179377	mem_alloc_correct	12933711973000179377	translation-failed	-	"cvc5.Error.error ""Symbol '->' not declared as a type"""	149792334		
velvet	smt-only	1	Velvet/Examples/MemAlloc.lean|9|1502598827083788742	mem_alloc_correct	1502598827083788742	translation-failed	-	"cvc5.Error.error ""Symbol '->' not declared as a type"""	129412334		
velvet	smt-only	1	Velvet/Examples/MemAlloc.lean|10|5948121399058639032	mem_alloc_correct	5948121399058639032	translation-failed	-	"cvc5.Error.error ""Symbol '->' not declared as a type"""	150268458		
velvet	smt-only	1	Velvet/Examples/MemAlloc.lean|11|7320909626913503829	mem_alloc_correct	7320909626913503829	translation-failed	-	"cvc5.Error.error ""Symbol '->' not declared as a type"""	141201917		
velvet	smt-only	1	Velvet/Examples/MemAlloc.lean|12|13680370559755953061	mem_alloc_correct	13680370559755953061	translation-failed	-	"cvc5.Error.error ""Symbol '->' not declared as a type"""	142964250		
velvet	smt-only	1	Velvet/Examples/MemAlloc.lean|13|5395433166570123997	mem_alloc_correct	5395433166570123997	translation-failed	-	"cvc5.Error.error ""Symbol '->' not declared as a type"""	56975667		
velvet	smt-only	1	Velvet/Examples/MemAlloc.lean|14|9725332222063365643	mem_alloc_correct	9725332222063365643	translation-failed	-	"cvc5.Error.error ""Symbol '->' not declared as a type"""	86482500		
velvet	smt-only	1	Velvet/Examples/MemAlloc.lean|15|400422252958227942	mem_alloc_correct	400422252958227942	translation-failed	-	"cvc5.Error.error ""Symbol '->' not declared as a type"""	58030708		
velvet	smt-only	1	Velvet/Examples/MemAlloc.lean|16|880346177993498408	mem_alloc_correct	880346177993498408	translation-failed	-	"cvc5.Error.error ""Symbol '->' not declared as a type"""	48996541		
velvet	smt-only	1	Velvet/Examples/MemAlloc.lean|17|15369885961681168000	mem_alloc_correct	15369885961681168000	translation-failed	-	cannot translate fun eb!_0 => decide (f✝ ≤ f eb!_0), SMT-LIB does not support lambdas	196966708		
velvet	smt-only	1	Velvet/Examples/MemAlloc.lean|18|633235845480694220	mem_alloc_correct	633235845480694220	translation-failed	-	cannot translate fun eb!_0 => decide (f✝ ≤ f eb!_0), SMT-LIB does not support lambdas	188824250		
velvet	smt-only	1	Velvet/Examples/Recursion.lean|1|9632926918213658529	simple_recursion_correct	9632926918213658529	alethe-reconstructed	-	-	74891250		
velvet	smt-only	1	Velvet/Examples/Recursion.lean|2|16321134497628070328	simple_recursion_correct	16321134497628070328	alethe-reconstructed	-	-	60353334		
velvet	smt-only	1	Velvet/Examples/Recursion.lean|3|15399959404188881270	pickGreater_correct	15399959404188881270	alethe-reconstructed	-	-	56283042		
velvet	smt-only	1	Velvet/Examples/Recursion.lean|4|6729724634728447689	pickGreater_correct	6729724634728447689	alethe-reconstructed	-	-	47659583		
velvet	smt-only	1	Velvet/Examples/Recursion.lean|5|6331840417009367668	pickGreaterN_correct	6331840417009367668	alethe-reconstructed	-	-	29394333		
velvet	smt-only	1	Velvet/Examples/Recursion.lean|6|928177310960349346	pickGreaterN_correct	928177310960349346	alethe-reconstructed	-	-	166960000		
velvet	smt-only	1	Velvet/Examples/Recursion.lean|7|14502607232842720358	calc_fact_correct	14502607232842720358	unknown	-	unable to prove goal. Try providing more hints. Reason: INCOMPLETE	27407792		
velvet	smt-only	1	Velvet/Examples/Recursion.lean|8|5360899794933563671	calc_fact_correct	5360899794933563671	alethe-reconstructed	-	-	85787750		
velvet	smt-only	1	Velvet/Examples/Recursion.lean|9|16083086069592683677	calc_fact_correct	16083086069592683677	alethe-reconstructed	-	-	100869916		
velvet	smt-only	1	Velvet/Examples/Recursion.lean|10|17426933449823366573	calc_fact_correct	17426933449823366573	alethe-reconstructed	-	-	105995042		
velvet	smt-only	1	Velvet/Examples/Recursion.lean|11|8436330743851721663	calc_fact_correct	8436330743851721663	alethe-reconstructed	-	-	74992834		
velvet	smt-only	1	Velvet/Examples/Recursion.lean|12|5516634396000359850	calc_fact_correct	5516634396000359850	alethe-reconstructed	-	-	83981417		
velvet	smt-only	1	Velvet/Examples/Recursion.lean|13|3040060259141493307	calc_fact_correct	3040060259141493307	alethe-reconstructed	-	-	72876292		
velvet	smt-only	1	Velvet/Examples/Recursion.lean|14|8843960039229350233	calc_fact_correct	8843960039229350233	alethe-reconstructed	-	-	31076167		
velvet	smt-only	1	Velvet/Examples/Recursion.lean|15|414362943496193222	calc_fact_correct	414362943496193222	alethe-reconstructed	-	-	45577667		
velvet	smt-only	1	Velvet/Examples/Recursion.lean|16|17682712502848666117	calc_fact_correct	17682712502848666117	unknown	-	unable to prove goal. Try providing more hints. Reason: INCOMPLETE	115996958		
velvet	smt-only	1	Velvet/Examples/Recursion.lean|17|10153057550358142642	SimpleOption_correct	10153057550358142642	alethe-reconstructed	-	-	19357542		
velvet	smt-only	1	Velvet/Examples/Recursion.lean|18|1511426402368662420	SimpleOption_correct	1511426402368662420	alethe-reconstructed	-	-	33547875		
velvet	smt-only	1	Velvet/Examples/Recursion.lean|19|12303175613740643342	SimpleList_correct	12303175613740643342	alethe-reconstructed	-	-	48900209		
velvet	smt-only	1	Velvet/Examples/Recursion.lean|20|10153057550358142642	SimpleList_correct	10153057550358142642	alethe-reconstructed	-	-	26257250		
velvet	smt-only	1	Velvet/Examples/Recursion.lean|21|419217539048902517	insertTree_correct	419217539048902517	alethe-reconstructed	-	-	30949291		
velvet	smt-only	1	Velvet/Examples/Recursion.lean|22|785945476856620183	insertTree_correct	785945476856620183	alethe-reconstructed	-	-	21530875		
velvet	smt-only	1	Velvet/Examples/Recursion.lean|23|14100858011260313832	insertTree_correct	14100858011260313832	alethe-reconstructed	-	-	41596792		
velvet	smt-only	1	Velvet/Examples/Recursion.lean|24|5439148242694091386	insertTree_correct	5439148242694091386	alethe-reconstructed	-	-	55467292		
velvet	smt-only	1	Velvet/Examples/Recursion.lean|25|13358020527010658417	insertTree_correct	13358020527010658417	alethe-reconstructed	-	-	34379542		
velvet	smt-only	1	Velvet/Examples/Recursion.lean|26|8603391761408256204	insertTree_correct	8603391761408256204	alethe-reconstructed	-	-	42007458		
velvet	smt-only	1	Velvet/Examples/Recursion.lean|27|403261720200322615	insertTree_correct	403261720200322615	alethe-reconstructed	-	-	56496416		
velvet	smt-only	1	Velvet/Examples/Recursion.lean|28|13334821868243949956	insertTree_correct	13334821868243949956	alethe-reconstructed	-	-	33792625		
velvet	smt-only	1	Velvet/Examples/Recursion.lean|29|10034441991535992553	insertTree_correct	10034441991535992553	alethe-reconstructed	-	-	27911833		
velvet	smt-only	1	Velvet/Examples/Recursion.lean|30|8410732340261024813	insertTree_correct	8410732340261024813	alethe-reconstructed	-	-	88065292		
velvet	smt-only	1	Velvet/Examples/Recursion.lean|31|13887296291903300382	insertTree_correct	13887296291903300382	alethe-reconstructed	-	-	82246333		
velvet	smt-only	1	Velvet/Examples/Recursion.lean|32|6517665507579609563	insertTree_correct	6517665507579609563	alethe-reconstructed	-	-	69767042		
velvet	smt-only	1	Velvet/Examples/Recursion.lean|33|1926823926199498616	insertTree_correct	1926823926199498616	alethe-reconstructed	-	-	63762042		
velvet	smt-only	1	Velvet/Examples/Recursion.lean|34|4691160922418792609	insertTree_correct	4691160922418792609	alethe-reconstructed	-	-	124961667		
velvet	smt-only	1	Velvet/Examples/Recursion.lean|35|5459752633259142580	insertTree_correct	5459752633259142580	alethe-reconstructed	-	-	142966000		
velvet	smt-only	1	Velvet/Examples/Recursion.lean|36|14235806948139691359	insertTree_correct	14235806948139691359	alethe-reconstructed	-	-	93924416		
velvet	smt-only	1	Velvet/Examples/Recursion.lean|37|275146994291977655	insertTree_correct	275146994291977655	alethe-reconstructed	-	-	63743750		
velvet	smt-only	1	Velvet/Examples/Recursion.lean|38|7037529583856086989	insertTree_correct	7037529583856086989	alethe-reconstructed	-	-	124107958		
velvet	smt-only	1	Velvet/Examples/Recursion.lean|39|5348143843544294657	insertTree_correct	5348143843544294657	alethe-reconstructed	-	-	140966083		
velvet	smt-only	1	Velvet/Examples/Recursion.lean|40|11865403806314311412	insertTree_correct	11865403806314311412	alethe-reconstructed	-	-	94342334		
velvet	smt-only	1	Velvet/Examples/Recursion.lean|41|4528940613904177901	complex_measure_binsearch_correct	4528940613904177901	alethe-reconstructed	-	-	136632542		
velvet	smt-only	1	Velvet/Examples/Recursion.lean|42|4049183095434299843	complex_measure_binsearch_correct	4049183095434299843	alethe-reconstructed	-	-	73454834		
velvet	smt-only	1	Velvet/Examples/Recursion.lean|43|7275559839122250210	complex_measure_binsearch_correct	7275559839122250210	alethe-reconstructed	-	-	101280375		
velvet	smt-only	1	Velvet/Examples/Recursion.lean|44|7360868690920052366	complex_measure_binsearch_correct	7360868690920052366	reconstruction-failed	rule-gap	1 replayed step(s) left as open goals	111239792		
velvet	smt-only	1	Velvet/Examples/Recursion.lean|45|4851910658932930142	complex_measure_binsearch_correct	4851910658932930142	alethe-reconstructed	-	-	123184667		
velvet	smt-only	1	Velvet/Examples/Recursion.lean|46|7656706852135243209	complex_measure_binsearch_correct	7656706852135243209	alethe-reconstructed	-	-	123798833		
velvet	smt-only	1	Velvet/Examples/Recursion.lean|47|9897963110172432531	complex_measure_binsearch_correct	9897963110172432531	reconstruction-failed	rule-gap	1 replayed step(s) left as open goals	108731708		
velvet	smt-only	1	Velvet/Examples/Recursion.lean|48|4049183095434299843	complex_measure_binsearch_correct	4049183095434299843	alethe-reconstructed	-	-	99322084		
velvet	smt-only	1	Velvet/Examples/Recursion.lean|49|4851910658932930142	complex_measure_binsearch_correct	4851910658932930142	alethe-reconstructed	-	-	119302208		
velvet	smt-only	1	Velvet/Examples/Recursion.lean|50|7656706852135243209	complex_measure_binsearch_correct	7656706852135243209	alethe-reconstructed	-	-	119999167		
velvet	smt-only	1	Velvet/Examples/Recursion.lean|51|5804668677648722939	pow2_correct	5804668677648722939	unknown	-	unable to prove goal. Try providing more hints. Reason: INCOMPLETE	39991750		
velvet	smt-only	1	Velvet/Examples/Recursion.lean|52|5360899794933563671	pow2_correct	5360899794933563671	alethe-reconstructed	-	-	86914125		
velvet	smt-only	1	Velvet/Examples/Recursion.lean|53|2669204144888843361	pow2_correct	2669204144888843361	unknown	-	unable to prove goal. Try providing more hints. Reason: INCOMPLETE	136279667		
velvet	smt-only	1	Velvet/Examples/Recursion.lean|54|17426933449823366573	pow2_correct	17426933449823366573	alethe-reconstructed	-	-	111187042		
velvet	smt-only	1	Velvet/Examples/Recursion.lean|55|8436330743851721663	pow2_correct	8436330743851721663	alethe-reconstructed	-	-	73623958		
velvet	smt-only	1	Velvet/Examples/Recursion.lean|56|50664709297785488	pow2_correct	50664709297785488	alethe-reconstructed	-	-	76936542		
velvet	smt-only	1	Velvet/Examples/Recursion.lean|57|3040060259141493307	pow2_correct	3040060259141493307	alethe-reconstructed	-	-	71561000		
velvet	smt-only	1	Velvet/Examples/Recursion.lean|58|8843960039229350233	pow2_correct	8843960039229350233	alethe-reconstructed	-	-	24163250		
velvet	smt-only	1	Velvet/Examples/Recursion.lean|59|11033618788013063028	pow2_correct	11033618788013063028	alethe-reconstructed	-	-	44263208		
velvet	smt-only	1	Velvet/Examples/Recursion.lean|60|12960500676855313787	pow2_correct	12960500676855313787	unknown	-	unable to prove goal. Try providing more hints. Reason: INCOMPLETE	114731750		
velvet	smt-only	1	Velvet/Examples/SmallHeartBeats.lean|1|15016508801900672495	LeftmostMaximalDigit_correct	15016508801900672495	unknown	-	unable to prove goal. Try providing more hints. Reason: TIMEOUT	5681714625		
velvet	smt-only	1	Velvet/Examples/SmallHeartBeats.lean|2|15016508801900672495	LeftmostMaximalDigit_correct	15016508801900672495	unknown	-	unable to prove goal. Try providing more hints. Reason: TIMEOUT	5628171042		
velvet	smt-only	1	Velvet/Examples/SmallHeartBeats.lean|3|2028202278093280602	LeftmostMaximalDigit_correct	2028202278093280602	alethe-reconstructed	-	-	1151692500		
velvet	smt-only	1	Velvet/Examples/SmallHeartBeats.lean|4|15016508801900672495	LeftmostMaximalDigit_correct	15016508801900672495	alethe-reconstructed	-	-	1730178375		
velvet	smt-only	1	Velvet/Examples/SmallHeartBeats.lean|5|15016508801900672495	LeftmostMaximalDigit_correct	15016508801900672495	alethe-reconstructed	-	-	1704665083		
velvet	smt-only	1	Velvet/Examples/SmallHeartBeats.lean|6|3737123472131748703	LeftmostMaximalDigit_correct	3737123472131748703	alethe-reconstructed	-	-	1928813833		
velvet	smt-only	1	Velvet/Examples/SmallHeartBeats.lean|7|7513237505621560861	LeftmostMaximalDigit_correct	7513237505621560861	alethe-reconstructed	-	-	212131792		
velvet	smt-only	1	Velvet/Examples/SmallHeartBeats.lean|8|8096766621563827002	LeftmostMaximalDigit_correct	8096766621563827002	alethe-reconstructed	-	-	206629792		
velvet	smt-only	1	Velvet/Examples/SmallHeartBeats.lean|9|18343663110535115658	LeftmostMaximalDigit_correct	18343663110535115658	unknown	-	unable to prove goal. Try providing more hints. Reason: TIMEOUT	5936080250		
velvet	smt-only	1	Velvet/Examples/SpMSpV_Example.lean|1|1967192165379400567	VSpV_correct	1967192165379400567	unknown	-	unable to prove goal. Try providing more hints. Reason: INCOMPLETE	251214875		
velvet	smt-only	1	Velvet/Examples/SpMSpV_Example.lean|2|8738685113314976701	VSpV_correct	8738685113314976701	alethe-reconstructed	-	-	128491208		
velvet	smt-only	1	Velvet/Examples/SpMSpV_Example.lean|3|3203096880704497577	VSpV_correct	3203096880704497577	unknown	-	unable to prove goal. Try providing more hints. Reason: INCOMPLETE	246627750		
velvet	smt-only	1	Velvet/Examples/SpMSpV_Example.lean|4|13561229236986007424	VSpV_correct	13561229236986007424	alethe-reconstructed	-	-	102345292		
velvet	smt-only	1	Velvet/Examples/SpMSpV_Example.lean|5|4023749508134620518	VSpV_correct	4023749508134620518	alethe-reconstructed	-	-	105258458		
velvet	smt-only	1	Velvet/Examples/SpMSpV_Example.lean|6|6516497319029947851	VSpV_correct	6516497319029947851	alethe-reconstructed	-	-	107907833		
velvet	smt-only	1	Velvet/Examples/SpMSpV_Example.lean|7|6511268073169614694	VSpV_correct	6511268073169614694	alethe-reconstructed	-	-	99333208		
velvet	smt-only	1	Velvet/Examples/SpMSpV_Example.lean|8|3467184461832131134	VSpV_correct	3467184461832131134	alethe-reconstructed	-	-	39081958		
velvet	smt-only	1	Velvet/Examples/SpMSpV_Example.lean|9|975338514235632457	VSpV_correct	975338514235632457	alethe-reconstructed	-	-	27474167		
velvet	smt-only	1	Velvet/Examples/SpMSpV_Example.lean|10|12341185047943028706	VSpV_correct	12341185047943028706	alethe-reconstructed	-	-	61563875		
velvet	smt-only	1	Velvet/Examples/SpMSpV_Example.lean|11|17907350532264535304	VSpV_correct	17907350532264535304	unknown	-	unable to prove goal. Try providing more hints. Reason: INCOMPLETE	140628542		
velvet	smt-only	1	Velvet/Examples/SpMSpV_Example.lean|12|6948348975417913427	VSpV_correct	6948348975417913427	unknown	-	unable to prove goal. Try providing more hints. Reason: INCOMPLETE	127546583		
velvet	smt-only	1	Velvet/Examples/SpMSpV_Example.lean|13|2560064229450187973	spmv_correct	2560064229450187973	unknown	-	unable to prove goal. Try providing more hints. Reason: INCOMPLETE	374110375		
velvet	smt-only	1	Velvet/Examples/SpMSpV_Example.lean|14|11268031057524734514	spmv_correct	11268031057524734514	unknown	-	unable to prove goal. Try providing more hints. Reason: INCOMPLETE	499824291		
velvet	smt-only	1	Velvet/Examples/SpMSpV_Example.lean|15|10035930273513517515	spmv_correct	10035930273513517515	unknown	-	unable to prove goal. Try providing more hints. Reason: INCOMPLETE	414725542		
velvet	smt-only	1	Velvet/Examples/SpMSpV_Example.lean|16|4828757563640441921	spmv_correct	4828757563640441921	unknown	-	unable to prove goal. Try providing more hints. Reason: TIMEOUT	5552564334		
velvet	smt-only	1	Velvet/Examples/SpMSpV_Example.lean|17|11230331504797547582	spmv_correct	11230331504797547582	alethe-reconstructed	-	-	203813042		
velvet	smt-only	1	Velvet/Examples/SpMSpV_Example.lean|18|17578923063843270768	spmv_correct	17578923063843270768	alethe-reconstructed	-	-	205178958		
velvet	smt-only	1	Velvet/Examples/SpMSpV_Example.lean|19|9723121325275610683	spmv_correct	9723121325275610683	alethe-reconstructed	-	-	237777708		
velvet	smt-only	1	Velvet/Examples/SpMSpV_Example.lean|20|17138153512408342530	spmv_correct	17138153512408342530	alethe-reconstructed	-	-	252785708		
velvet	smt-only	1	Velvet/Examples/SpMSpV_Example.lean|21|1779879977175361606	spmv_correct	1779879977175361606	alethe-reconstructed	-	-	255092000		
velvet	smt-only	1	Velvet/Examples/SpMSpV_Example.lean|22|1927473323286999035	spmv_correct	1927473323286999035	unknown	-	unable to prove goal. Try providing more hints. Reason: INCOMPLETE	44315125		
velvet	smt-only	1	Velvet/Examples/SpMSpV_Example.lean|23|1927473323286999035	spmv_correct	1927473323286999035	unknown	-	unable to prove goal. Try providing more hints. Reason: INCOMPLETE	43879833		
velvet	smt-only	1	Velvet/Examples/SpMSpV_Example.lean|24|3184815126966959579	spmv_correct	3184815126966959579	unknown	-	unable to prove goal. Try providing more hints. Reason: INCOMPLETE	105809959		
velvet	smt-only	1	Velvet/Examples/SpMSpV_Example.lean|25|1119395027554635835	spmv_correct	1119395027554635835	unknown	-	unable to prove goal. Try providing more hints. Reason: INCOMPLETE	131149459		
velvet	smt-only	1	Velvet/Examples/SpMSpV_Example.lean|26|2867453267844152322	spmv_correct	2867453267844152322	unknown	-	unable to prove goal. Try providing more hints. Reason: INCOMPLETE	405727125		
velvet	smt-only	1	Velvet/Examples/SpMSpV_Example.lean|27|16615537408723427288	spmv_correct	16615537408723427288	unknown	-	unable to prove goal. Try providing more hints. Reason: INCOMPLETE	279275541		
velvet	smt-only	1	Velvet/Examples/SpMSpV_Example.lean|28|7752079179715214779	SpVSpV_correct	7752079179715214779	unknown	-	unable to prove goal. Try providing more hints. Reason: INCOMPLETE	242849709		
velvet	smt-only	1	Velvet/Examples/SpMSpV_Example.lean|29|12365816836206760017	SpVSpV_correct	12365816836206760017	alethe-reconstructed	-	-	207867375		
velvet	smt-only	1	Velvet/Examples/SpMSpV_Example.lean|30|14837198768818932204	SpVSpV_correct	14837198768818932204	unknown	-	unable to prove goal. Try providing more hints. Reason: INCOMPLETE	315425792		
velvet	smt-only	1	Velvet/Examples/SpMSpV_Example.lean|31|13561229236986007424	SpVSpV_correct	13561229236986007424	alethe-reconstructed	-	-	185775791		
velvet	smt-only	1	Velvet/Examples/SpMSpV_Example.lean|32|15323100967004739210	SpVSpV_correct	15323100967004739210	alethe-reconstructed	-	-	207679667		
velvet	smt-only	1	Velvet/Examples/SpMSpV_Example.lean|33|10656169208955874266	SpVSpV_correct	10656169208955874266	unknown	-	unable to prove goal. Try providing more hints. Reason: INCOMPLETE	228673083		
velvet	smt-only	1	Velvet/Examples/SpMSpV_Example.lean|34|13561229236986007424	SpVSpV_correct	13561229236986007424	alethe-reconstructed	-	-	186723708		
velvet	smt-only	1	Velvet/Examples/SpMSpV_Example.lean|35|9762937465648280212	SpVSpV_correct	9762937465648280212	alethe-reconstructed	-	-	204757458		
velvet	smt-only	1	Velvet/Examples/SpMSpV_Example.lean|36|2195194365498566470	SpVSpV_correct	2195194365498566470	unknown	-	unable to prove goal. Try providing more hints. Reason: INCOMPLETE	221173167		
velvet	smt-only	1	Velvet/Examples/SpMSpV_Example.lean|37|13561229236986007424	SpVSpV_correct	13561229236986007424	alethe-reconstructed	-	-	123016167		
velvet	smt-only	1	Velvet/Examples/SpMSpV_Example.lean|38|11853401597336712609	SpVSpV_correct	11853401597336712609	alethe-reconstructed	-	-	131062625		
velvet	smt-only	1	Velvet/Examples/SpMSpV_Example.lean|39|8906564304959696025	SpVSpV_correct	8906564304959696025	alethe-reconstructed	-	-	136002458		
velvet	smt-only	1	Velvet/Examples/SpMSpV_Example.lean|40|2836632441074815746	SpVSpV_correct	2836632441074815746	alethe-reconstructed	-	-	129894542		
velvet	smt-only	1	Velvet/Examples/SpMSpV_Example.lean|41|3467184461832131134	SpVSpV_correct	3467184461832131134	alethe-reconstructed	-	-	36626125		
velvet	smt-only	1	Velvet/Examples/SpMSpV_Example.lean|42|9157999431728333977	SpVSpV_correct	9157999431728333977	alethe-reconstructed	-	-	31774792		
velvet	smt-only	1	Velvet/Examples/SpMSpV_Example.lean|43|12484676100150332319	SpVSpV_correct	12484676100150332319	sat	-	unable to prove goal, either it is false or you need to provide more facts. Try adding '+model' config option to display a potential counter-example (experimental).	64129250		
velvet	smt-only	1	Velvet/Examples/SpMSpV_Example.lean|44|6547543738413559297	SpVSpV_correct	6547543738413559297	unknown	-	unable to prove goal. Try providing more hints. Reason: INCOMPLETE	190204750		
velvet	smt-only	1	Velvet/Examples/SpMSpV_Example.lean|45|4428589781148415831	SpVSpV_correct	4428589781148415831	unknown	-	unable to prove goal. Try providing more hints. Reason: INCOMPLETE	179963834		
velvet	smt-only	1	Velvet/Examples/SpMSpV_Example.lean|46|10600388612998636634	SpMSpV_correct	10600388612998636634	unknown	-	unable to prove goal. Try providing more hints. Reason: INCOMPLETE	2391264666		
velvet	smt-only	1	Velvet/Examples/SpMSpV_Example.lean|47|12568830336983413194	SpMSpV_correct	12568830336983413194	unknown	-	unable to prove goal. Try providing more hints. Reason: INCOMPLETE	2372435459		
velvet	smt-only	1	Velvet/Examples/SpMSpV_Example.lean|48|326977185203169709	SpMSpV_correct	326977185203169709	unknown	-	unable to prove goal. Try providing more hints. Reason: INCOMPLETE	2791585459		
velvet	smt-only	1	Velvet/Examples/SpMSpV_Example.lean|49|16599719904663808863	SpMSpV_correct	16599719904663808863	unknown	-	unable to prove goal. Try providing more hints. Reason: INCOMPLETE	2596507166		
velvet	smt-only	1	Velvet/Examples/SpMSpV_Example.lean|50|9413868035314052637	SpMSpV_correct	9413868035314052637	unknown	-	unable to prove goal. Try providing more hints. Reason: INCOMPLETE	2512727917		
velvet	smt-only	1	Velvet/Examples/SpMSpV_Example.lean|51|11331147013392176036	SpMSpV_correct	11331147013392176036	unknown	-	unable to prove goal. Try providing more hints. Reason: TIMEOUT	5431318500		
velvet	smt-only	1	Velvet/Examples/SpMSpV_Example.lean|52|3439126561156933339	SpMSpV_correct	3439126561156933339	alethe-reconstructed	-	-	415638708		
velvet	smt-only	1	Velvet/Examples/SpMSpV_Example.lean|53|12568830336983413194	SpMSpV_correct	12568830336983413194	unknown	-	unable to prove goal. Try providing more hints. Reason: INCOMPLETE	2630138542		
velvet	smt-only	1	Velvet/Examples/SpMSpV_Example.lean|54|17578923063843270768	SpMSpV_correct	17578923063843270768	alethe-reconstructed	-	-	425158750		
velvet	smt-only	1	Velvet/Examples/SpMSpV_Example.lean|55|16599719904663808863	SpMSpV_correct	16599719904663808863	unknown	-	unable to prove goal. Try providing more hints. Reason: INCOMPLETE	2661417583		
velvet	smt-only	1	Velvet/Examples/SpMSpV_Example.lean|56|14915918579342464454	SpMSpV_correct	14915918579342464454	alethe-reconstructed	-	-	416009709		
velvet	smt-only	1	Velvet/Examples/SpMSpV_Example.lean|57|9290686424640906065	SpMSpV_correct	9290686424640906065	unknown	-	unable to prove goal. Try providing more hints. Reason: INCOMPLETE	2023921958		
velvet	smt-only	1	Velvet/Examples/SpMSpV_Example.lean|58|10600388612998636634	SpMSpV_correct	10600388612998636634	unknown	-	unable to prove goal. Try providing more hints. Reason: INCOMPLETE	2412636750		
velvet	smt-only	1	Velvet/Examples/SpMSpV_Example.lean|59|4457183463164791376	SpMSpV_correct	4457183463164791376	alethe-reconstructed	-	-	400357750		
velvet	smt-only	1	Velvet/Examples/SpMSpV_Example.lean|60|17578923063843270768	SpMSpV_correct	17578923063843270768	alethe-reconstructed	-	-	402404666		
velvet	smt-only	1	Velvet/Examples/SpMSpV_Example.lean|61|4823872097887552574	SpMSpV_correct	4823872097887552574	alethe-reconstructed	-	-	420096084		
velvet	smt-only	1	Velvet/Examples/SpMSpV_Example.lean|62|9413868035314052637	SpMSpV_correct	9413868035314052637	unknown	-	unable to prove goal. Try providing more hints. Reason: INCOMPLETE	2211178041		
velvet	smt-only	1	Velvet/Examples/SpMSpV_Example.lean|63|4033875047981720732	SpMSpV_correct	4033875047981720732	unknown	-	unable to prove goal. Try providing more hints. Reason: INCOMPLETE	1143836125		
velvet	smt-only	1	Velvet/Examples/SpMSpV_Example.lean|64|3439126561156933339	SpMSpV_correct	3439126561156933339	alethe-reconstructed	-	-	280868292		
velvet	smt-only	1	Velvet/Examples/SpMSpV_Example.lean|65|4457183463164791376	SpMSpV_correct	4457183463164791376	alethe-reconstructed	-	-	274883917		
velvet	smt-only	1	Velvet/Examples/SpMSpV_Example.lean|66|17578923063843270768	SpMSpV_correct	17578923063843270768	alethe-reconstructed	-	-	274515458		
velvet	smt-only	1	Velvet/Examples/SpMSpV_Example.lean|67|4823872097887552574	SpMSpV_correct	4823872097887552574	alethe-reconstructed	-	-	313388625		
velvet	smt-only	1	Velvet/Examples/SpMSpV_Example.lean|68|14915918579342464454	SpMSpV_correct	14915918579342464454	alethe-reconstructed	-	-	313793084		
velvet	smt-only	1	Velvet/Examples/SpMSpV_Example.lean|69|10972595422634862877	SpMSpV_correct	10972595422634862877	alethe-reconstructed	-	-	325853208		
velvet	smt-only	1	Velvet/Examples/SpMSpV_Example.lean|70|8550776788309984180	SpMSpV_correct	8550776788309984180	alethe-reconstructed	-	-	386667958		
velvet	smt-only	1	Velvet/Examples/SpMSpV_Example.lean|71|1927473323286999035	SpMSpV_correct	1927473323286999035	unknown	-	unable to prove goal. Try providing more hints. Reason: INCOMPLETE	44676042		
velvet	smt-only	1	Velvet/Examples/SpMSpV_Example.lean|72|1927473323286999035	SpMSpV_correct	1927473323286999035	unknown	-	unable to prove goal. Try providing more hints. Reason: INCOMPLETE	44611208		
velvet	smt-only	1	Velvet/Examples/SpMSpV_Example.lean|73|1927473323286999035	SpMSpV_correct	1927473323286999035	unknown	-	unable to prove goal. Try providing more hints. Reason: INCOMPLETE	42987916		
velvet	smt-only	1	Velvet/Examples/SpMSpV_Example.lean|74|3184815126966959579	SpMSpV_correct	3184815126966959579	unknown	-	unable to prove goal. Try providing more hints. Reason: INCOMPLETE	108374584		
velvet	smt-only	1	Velvet/Examples/SpMSpV_Example.lean|75|5592904318722155373	SpMSpV_correct	5592904318722155373	unknown	-	unable to prove goal. Try providing more hints. Reason: INCOMPLETE	107002667		
velvet	smt-only	1	Velvet/Examples/SpMSpV_Example.lean|76|9139246173028146264	SpMSpV_correct	9139246173028146264	unknown	-	unable to prove goal. Try providing more hints. Reason: INCOMPLETE	129242834		
velvet	smt-only	1	Velvet/Examples/SpMSpV_Example.lean|77|1600226093076966364	SpMSpV_correct	1600226093076966364	unknown	-	unable to prove goal. Try providing more hints. Reason: INCOMPLETE	735402291		
velvet	smt-only	1	Velvet/Examples/SpMSpV_Example.lean|78|16615823506960250981	SpMSpV_correct	16615823506960250981	unknown	-	unable to prove goal. Try providing more hints. Reason: INCOMPLETE	539365208		
velvet	smt-only	1	Velvet/Examples/SubstringSearch.lean|1|18217664312208415458	SubstringSearch_correct	18217664312208415458	alethe-reconstructed	-	-	149788750		
velvet	smt-only	1	Velvet/Examples/SubstringSearch.lean|2|14717207787831772510	SubstringSearch_correct	14717207787831772510	translation-failed	-	"cvc5.Error.error ""Symbol '->' not declared as a type"""	225702458		
velvet	smt-only	1	Velvet/Examples/SubstringSearch.lean|3|10323933724704776680	SubstringSearch_correct	10323933724704776680	translation-failed	-	cannot translate fun a₁ => decide (f✝ a₁), SMT-LIB does not support lambdas	55298041		
velvet	smt-only	1	Velvet/Examples/SubstringSearch.lean|4|8391554914672281118	SubstringSearch_correct	8391554914672281118	alethe-reconstructed	-	-	40373500		
velvet	smt-only	1	Velvet/Examples/SubstringSearch.lean|5|6640297411548399355	SubstringSearch_correct	6640297411548399355	alethe-reconstructed	-	-	35418500		
velvet	smt-only	1	Velvet/Examples/SubstringSearch.lean|6|4492008039209323302	SubstringSearch_correct	4492008039209323302	translation-failed	-	cannot translate fun a₁ => decide (f✝¹ a₁), SMT-LIB does not support lambdas	223133041		
velvet	smt-only	1	Velvet/Examples/SubstringSearch.lean|7|16506446102682745284	SubstringSearch_correct	16506446102682745284	translation-failed	-	cannot translate fun a₁ => decide (f✝¹ a₁), SMT-LIB does not support lambdas	219398042		
velvet	smt-only	1	Velvet/Examples/SubstringSearch.lean|8|4056255141881592010	SubstringSearch_correct	4056255141881592010	translation-failed	-	cannot translate fun a₁ => decide (f✝¹ a₁), SMT-LIB does not support lambdas	225231042		
velvet	smt-only	1	Velvet/Examples/SubstringSearch.lean|9|10653939026877543916	SubstringSearch_correct	10653939026877543916	translation-failed	-	cannot translate fun a₁ => decide (f✝¹ a₁), SMT-LIB does not support lambdas	228866834		
velvet	smt-only	1	Velvet/Examples/SubstringSearch.lean|10|11759649870705798849	SubstringSearch_correct	11759649870705798849	translation-failed	-	cannot translate fun a₁ => decide (f✝¹ a₁), SMT-LIB does not support lambdas	222593625		
velvet	smt-only	1	Velvet/Examples/SubstringSearch.lean|11|18143633401136980304	SubstringSearch_correct	18143633401136980304	translation-failed	-	cannot translate fun a₁ => decide (f✝¹ a₁), SMT-LIB does not support lambdas	227106542		
velvet	smt-only	1	Velvet/Examples/SubstringSearch.lean|12|16856248441874989194	SubstringSearch_correct	16856248441874989194	translation-failed	-	cannot translate fun a₁ => decide (f✝¹ a₁), SMT-LIB does not support lambdas	227072792		
velvet	smt-only	1	Velvet/Examples/SubstringSearch.lean|13|1598574868652780333	SubstringSearch_correct	1598574868652780333	translation-failed	-	cannot translate fun a₁ => decide (f✝⁵ a₁), SMT-LIB does not support lambdas	236915708		
velvet	smt-only	1	Velvet/Examples/SubstringSearch.lean|14|6083540873046640352	SubstringSearch_correct	6083540873046640352	translation-failed	-	"cvc5.Error.error ""Symbol '->' not declared as a type"""	381452791		
velvet	smt-only	1	Velvet/Examples/SubstringSearch.lean|15|18314524564682266162	SubstringSearch_correct	18314524564682266162	translation-failed	-	cannot translate fun a₁ => decide (f✝⁵ a₁), SMT-LIB does not support lambdas	227144333		
velvet	smt-only	1	Velvet/Examples/SubstringSearch.lean|16|14859665284842375974	SubstringSearch_correct	14859665284842375974	translation-failed	-	cannot translate fun a₁ => decide (f✝⁵ a₁), SMT-LIB does not support lambdas	236119333		
velvet	smt-only	1	Velvet/Examples/SubstringSearch.lean|17|16859604855349517182	SubstringSearch_correct	16859604855349517182	alethe-reconstructed	-	-	585169000		
velvet	smt-only	1	Velvet/Examples/SubstringSearch.lean|18|12762377925475098934	SubstringSearch_correct	12762377925475098934	translation-failed	-	cannot translate fun a₁ => decide (f✝¹ a₁), SMT-LIB does not support lambdas	231498334		
velvet	smt-only	1	Velvet/Examples/SubstringSearch.lean|19|4492008039209323302	SubstringSearch_correct	4492008039209323302	translation-failed	-	cannot translate fun a₁ => decide (f✝¹ a₁), SMT-LIB does not support lambdas	226689792		
velvet	smt-only	1	Velvet/Examples/SubstringSearch.lean|20|16506446102682745284	SubstringSearch_correct	16506446102682745284	translation-failed	-	cannot translate fun a₁ => decide (f✝¹ a₁), SMT-LIB does not support lambdas	228959625		
velvet	smt-only	1	Velvet/Examples/SubstringSearch.lean|21|4056255141881592010	SubstringSearch_correct	4056255141881592010	translation-failed	-	cannot translate fun a₁ => decide (f✝¹ a₁), SMT-LIB does not support lambdas	230356333		
velvet	smt-only	1	Velvet/Examples/SubstringSearch.lean|22|18313498382677451279	SubstringSearch_correct	18313498382677451279	translation-failed	-	cannot translate fun a₁ => decide (f✝¹ a₁), SMT-LIB does not support lambdas	224096959		
velvet	smt-only	1	Velvet/Examples/SubstringSearch.lean|23|5902668824617064985	SubstringSearch_correct	5902668824617064985	translation-failed	-	cannot translate fun a₁ => decide (f✝¹ a₁), SMT-LIB does not support lambdas	225058500		
velvet	smt-only	1	Velvet/Examples/SubstringSearch.lean|24|18214680451177329292	SubstringSearch_correct	18214680451177329292	translation-failed	-	cannot translate fun a₁ => decide (f✝¹ a₁), SMT-LIB does not support lambdas	223247792		
velvet	smt-only	1	Velvet/Examples/SubstringSearch.lean|25|4587180649363296126	SubstringSearch_correct	4587180649363296126	translation-failed	-	cannot translate fun a₁ => decide (f✝¹ a₁), SMT-LIB does not support lambdas	226440750		
velvet	smt-only	1	Velvet/Examples/SubstringSearch.lean|26|1598574868652780333	SubstringSearch_correct	1598574868652780333	translation-failed	-	cannot translate fun a₁ => decide (f✝⁵ a₁), SMT-LIB does not support lambdas	239293250		
velvet	smt-only	1	Velvet/Examples/SubstringSearch.lean|27|7138545743425854663	SubstringSearch_correct	7138545743425854663	translation-failed	-	"cvc5.Error.error ""Symbol '->' not declared as a type"""	367957375		
velvet	smt-only	1	Velvet/Examples/SubstringSearch.lean|28|4681422515724674825	SubstringSearch_correct	4681422515724674825	translation-failed	-	cannot translate fun a₁ => decide (f✝⁵ a₁), SMT-LIB does not support lambdas	229031542		
velvet	smt-only	1	Velvet/Examples/SubstringSearch.lean|29|14859665284842375974	SubstringSearch_correct	14859665284842375974	translation-failed	-	cannot translate fun a₁ => decide (f✝⁵ a₁), SMT-LIB does not support lambdas	236297584		
velvet	smt-only	1	Velvet/Examples/SubstringSearch.lean|30|15621397202025328223	SubstringSearch_correct	15621397202025328223	alethe-reconstructed	-	-	564946708		
velvet	smt-only	1	Velvet/Examples/SubstringSearch.lean|31|12762377925475098934	SubstringSearch_correct	12762377925475098934	translation-failed	-	cannot translate fun a₁ => decide (f✝¹ a₁), SMT-LIB does not support lambdas	232366041		
velvet	smt-only	1	Velvet/Examples/SubstringSearch.lean|32|6640297411548399355	SubstringSearch_correct	6640297411548399355	translation-failed	-	cannot translate fun a₁ => decide (f✝¹ a₁), SMT-LIB does not support lambdas	223389958		
velvet	smt-only	1	Velvet/Examples/SubstringSearch.lean|33|12035722151280848636	SubstringSearch_correct	12035722151280848636	translation-failed	-	cannot translate fun a₁ => decide (f✝¹ a₁), SMT-LIB does not support lambdas	226967209		
velvet	smt-only	1	Velvet/Examples/SubstringSearch.lean|34|4056255141881592010	SubstringSearch_correct	4056255141881592010	translation-failed	-	cannot translate fun a₁ => decide (f✝¹ a₁), SMT-LIB does not support lambdas	228288208		
velvet	smt-only	1	Velvet/Examples/SubstringSearch.lean|35|18313498382677451279	SubstringSearch_correct	18313498382677451279	translation-failed	-	cannot translate fun a₁ => decide (f✝¹ a₁), SMT-LIB does not support lambdas	222163041		
velvet	smt-only	1	Velvet/Examples/SubstringSearch.lean|36|5902668824617064985	SubstringSearch_correct	5902668824617064985	translation-failed	-	cannot translate fun a₁ => decide (f✝¹ a₁), SMT-LIB does not support lambdas	225794583		
velvet	smt-only	1	Velvet/Examples/SubstringSearch.lean|37|11007454110672083430	SubstringSearch_correct	11007454110672083430	translation-failed	-	cannot translate fun a₁ => decide (f✝¹ a₁), SMT-LIB does not support lambdas	223898583		
velvet	smt-only	1	Velvet/Examples/SubstringSearch.lean|38|4587180649363296126	SubstringSearch_correct	4587180649363296126	translation-failed	-	cannot translate fun a₁ => decide (f✝¹ a₁), SMT-LIB does not support lambdas	228222167		
velvet	smt-only	1	Velvet/Examples/SubstringSearch.lean|39|4995387128902807839	SubstringSearch_correct	4995387128902807839	translation-failed	-	cannot translate fun a₁ => decide (f✝⁶ a₁), SMT-LIB does not support lambdas	244976708		
velvet	smt-only	1	Velvet/Examples/SubstringSearch.lean|40|7138545743425854663	SubstringSearch_correct	7138545743425854663	translation-failed	-	"cvc5.Error.error ""Symbol '->' not declared as a type"""	367497667		
velvet	smt-only	1	Velvet/Examples/SubstringSearch.lean|41|4681422515724674825	SubstringSearch_correct	4681422515724674825	translation-failed	-	cannot translate fun a₁ => decide (f✝⁵ a₁), SMT-LIB does not support lambdas	228168291		
velvet	smt-only	1	Velvet/Examples/SubstringSearch.lean|42|9257442500105266102	SubstringSearch_correct	9257442500105266102	translation-failed	-	cannot translate fun a₁ => decide (f✝⁶ a₁), SMT-LIB does not support lambdas	239282916		
velvet	smt-only	1	Velvet/Examples/SubstringSearch.lean|43|15621397202025328223	SubstringSearch_correct	15621397202025328223	unknown	-	unable to prove goal. Try providing more hints. Reason: TIMEOUT	5324801792		
velvet	smt-only	1	Velvet/Examples/SubstringSearch.lean|44|12762377925475098934	SubstringSearch_correct	12762377925475098934	translation-failed	-	cannot translate fun a₁ => decide (f✝¹ a₁), SMT-LIB does not support lambdas	241449167		
velvet	smt-only	1	Velvet/Examples/SubstringSearch.lean|45|14757371069243260877	SubstringSearch_correct	14757371069243260877	translation-failed	-	cannot translate fun a₁ => decide (f✝¹ a₁), SMT-LIB does not support lambdas	228930833		
velvet	smt-only	1	Velvet/Examples/SubstringSearch.lean|46|10355523733004803458	SubstringSearch_correct	10355523733004803458	translation-failed	-	cannot translate fun a₁ => decide (f✝¹ a₁), SMT-LIB does not support lambdas	228467250		
velvet	smt-only	1	Velvet/Examples/SubstringSearch.lean|47|802985032057732284	SubstringSearch_correct	802985032057732284	translation-failed	-	cannot translate fun a₁ => decide (f✝¹ a₁), SMT-LIB does not support lambdas	232373916		
velvet	smt-only	1	Velvet/Examples/SubstringSearch.lean|48|18313498382677451279	SubstringSearch_correct	18313498382677451279	translation-failed	-	cannot translate fun a₁ => decide (f✝¹ a₁), SMT-LIB does not support lambdas	226599209		
velvet	smt-only	1	Velvet/Examples/SubstringSearch.lean|49|5902668824617064985	SubstringSearch_correct	5902668824617064985	translation-failed	-	cannot translate fun a₁ => decide (f✝¹ a₁), SMT-LIB does not support lambdas	229118916		
velvet	smt-only	1	Velvet/Examples/SubstringSearch.lean|50|6469834297383728061	SubstringSearch_correct	6469834297383728061	translation-failed	-	cannot translate fun a₁ => decide (f✝¹ a₁), SMT-LIB does not support lambdas	223974916		
velvet	smt-only	1	Velvet/Examples/SubstringSearch.lean|51|529893491977289627	SubstringSearch_correct	529893491977289627	translation-failed	-	cannot translate fun a₁ => decide (f✝¹ a₁), SMT-LIB does not support lambdas	223608667		
velvet	smt-only	1	Velvet/Examples/SubstringSearch.lean|52|7110337632391962636	SubstringSearch_correct	7110337632391962636	translation-failed	-	cannot translate fun a₁ => decide (f✝⁵ a₁), SMT-LIB does not support lambdas	227605959		
velvet	smt-only	1	Velvet/Examples/SubstringSearch.lean|53|7138545743425854663	SubstringSearch_correct	7138545743425854663	translation-failed	-	"cvc5.Error.error ""Symbol '->' not declared as a type"""	367479458		
velvet	smt-only	1	Velvet/Examples/SubstringSearch.lean|54|12240785285064077065	SubstringSearch_correct	12240785285064077065	translation-failed	-	cannot translate fun a₁ => decide (f✝⁵ a₁), SMT-LIB does not support lambdas	223140708		
velvet	smt-only	1	Velvet/Examples/SubstringSearch.lean|55|8901178409804151575	SubstringSearch_correct	8901178409804151575	translation-failed	-	cannot translate fun a₁ => decide (f✝⁵ a₁), SMT-LIB does not support lambdas	229070584		
velvet	smt-only	1	Velvet/Examples/SubstringSearch.lean|56|8890844706151052704	SubstringSearch_correct	8890844706151052704	translation-failed	-	"cvc5.Error.error ""Symbol '->' not declared as a type"""	392320708		
velvet	smt-only	1	Velvet/Examples/SubstringSearch.lean|57|8801584380004644131	SubstringSearch_correct	8801584380004644131	translation-failed	-	cannot translate fun a₁ => decide (f✝¹ a₁), SMT-LIB does not support lambdas	227079875		
velvet	smt-only	1	Velvet/Examples/SubstringSearch.lean|58|6640297411548399355	SubstringSearch_correct	6640297411548399355	alethe-reconstructed	-	-	34496459		
velvet	smt-only	1	Velvet/Examples/SubstringSearch.lean|59|6640297411548399355	SubstringSearch_correct	6640297411548399355	alethe-reconstructed	-	-	35329583		
velvet	smt-only	1	Velvet/Examples/SubstringSearch.lean|60|17707774690084689736	SubstringSearch_correct	17707774690084689736	alethe-reconstructed	-	-	34259917		
velvet	smt-only	1	Velvet/Examples/SubstringSearch.lean|61|6640297411548399355	SubstringSearch_correct	6640297411548399355	alethe-reconstructed	-	-	35262209		
velvet	smt-only	1	Velvet/Examples/SubstringSearch.lean|62|4974301628068507188	SubstringSearch_correct	4974301628068507188	alethe-reconstructed	-	-	39029041		
velvet	smt-only	1	Velvet/Examples/SubstringSearch.lean|63|6640297411548399355	SubstringSearch_correct	6640297411548399355	alethe-reconstructed	-	-	36083375		
velvet	smt-only	1	Velvet/Examples/SubstringSearch.lean|64|6640297411548399355	SubstringSearch_correct	6640297411548399355	alethe-reconstructed	-	-	35827791		
velvet	smt-only	1	Velvet/Examples/SubstringSearch.lean|65|577474350103851300	SubstringSearch_correct	577474350103851300	alethe-reconstructed	-	-	123470416		
velvet	smt-only	1	Velvet/Examples/SubstringSearch.lean|66|12819951545662893426	SubstringSearch_correct	12819951545662893426	translation-failed	-	"cvc5.Error.error ""Symbol '->' not declared as a type"""	207696791		
velvet	smt-only	1	Velvet/Examples/SubstringSearch.lean|67|16471188947338966842	SubstringSearch_correct	16471188947338966842	alethe-reconstructed	-	-	88974333		
velvet	smt-only	1	Velvet/Examples/SubstringSearch.lean|68|9975741777879173881	SubstringSearch_correct	9975741777879173881	alethe-reconstructed	-	-	91784250		
velvet	smt-only	1	Velvet/Examples/SubstringSearch.lean|69|88332911118243609	SubstringSearch_correct	88332911118243609	translation-failed	-	"cvc5.Error.error ""Symbol '->' not declared as a type"""	232359500		
velvet	smt-only	1	Velvet/Examples/SubstringSearch.lean|70|4316548289593557355	SubstringSearch_correct	4316548289593557355	translation-failed	-	cannot translate fun a₁ => decide (f✝¹⁵ a₁), SMT-LIB does not support lambdas	286325500		
velvet	smt-only	1	Velvet/Examples/SubstringSearch.lean|71|1800578837535211584	SubstringSearch_correct	1800578837535211584	translation-failed	-	cannot translate fun a₁ => decide (f✝¹⁷ a₁), SMT-LIB does not support lambdas	300670959		
velvet	smt-only	1	Velvet/Examples/SubstringSearch.lean|72|10230862668540398183	SubstringSearch_correct	10230862668540398183	translation-failed	-	cannot translate fun a₁ => decide (f✝¹⁵ a₁), SMT-LIB does not support lambdas	292839000		
velvet	smt-only	1	Velvet/Examples/SubstringSearch.lean|73|16982021311738439252	SubstringSearch_correct	16982021311738439252	translation-failed	-	cannot translate fun a₁ => decide (f✝¹⁰ a₁), SMT-LIB does not support lambdas	295559083		
velvet	smt-only	1	Velvet/Examples/SubstringSearch.lean|74|2906785913913327379	SubstringSearch_correct	2906785913913327379	translation-failed	-	cannot translate fun a₁ => decide (f✝⁹ a₁), SMT-LIB does not support lambdas	294405750		
velvet	smt-only	1	Velvet/Examples/SumOfDigits.lean|1|4887343456502517186	SumOfDigits_correct	4887343456502517186	unknown	-	unable to prove goal. Try providing more hints. Reason: INCOMPLETE	169033625		
velvet	smt-only	1	Velvet/Examples/SumOfDigits.lean|2|5431800701729144158	SumOfDigits_correct	5431800701729144158	reconstruction-failed	rule-gap	3 replayed step(s) left as open goals	151889041		
velvet	smt-only	1	Velvet/Examples/SumOfDigits.lean|3|3012699503639543524	SumOfDigits_correct	3012699503639543524	alethe-reconstructed	-	-	65228292		
velvet	smt-only	1	Velvet/Examples/SumOfDigits.lean|4|12835711844832851839	SumOfDigits_correct	12835711844832851839	alethe-reconstructed	-	-	61778708		
velvet	smt-only	1	Velvet/Examples/SumOfDigits.lean|5|7475080825861972690	SumOfDigits_correct	7475080825861972690	alethe-reconstructed	-	-	71519500		
velvet	smt-only	1	Velvet/Examples/SumOfDigits.lean|6|15970435702129902192	SumOfDigits_correct	15970435702129902192	alethe-reconstructed	-	-	32130833		
velvet	smt-only	1	Velvet/Examples/SumOfDigits.lean|7|6640297411548399355	SumOfDigits_correct	6640297411548399355	alethe-reconstructed	-	-	19040500		
velvet	smt-only	1	Velvet/Examples/SumOfDigits.lean|8|3871074223281074707	SumOfDigits_correct	3871074223281074707	unknown	-	unable to prove goal. Try providing more hints. Reason: INCOMPLETE	71808792		
velvet	smt-only	1	Velvet/Examples/TestLoopControl.lean|1|4791612905070682933	test1_correct	4791612905070682933	alethe-reconstructed	-	-	114431250		
velvet	smt-only	1	Velvet/Examples/TestLoopControl.lean|2|4635955882467741603	test1_correct	4635955882467741603	alethe-reconstructed	-	-	56414750		
velvet	smt-only	1	Velvet/Examples/TestLoopControl.lean|3|4791612905070682933	test1_correct	4791612905070682933	alethe-reconstructed	-	-	59190959		
velvet	smt-only	1	Velvet/Examples/TestLoopControl.lean|4|8037191589732674397	test1_correct	8037191589732674397	alethe-reconstructed	-	-	36627125		
velvet	smt-only	1	Velvet/Examples/TestLoopControl.lean|5|4982008840348523404	test1_correct	4982008840348523404	alethe-reconstructed	-	-	48927209		
velvet	smt-only	1	Velvet/Examples/TestLoopControl.lean|6|14929476196725773389	test1_correct	14929476196725773389	alethe-reconstructed	-	-	29552333		
velvet	smt-only	1	Velvet/Examples/TestLoopControl.lean|7|2311107858308393802	test1_correct	2311107858308393802	sat	-	unable to prove goal, either it is false or you need to provide more facts. Try adding '+model' config option to display a potential counter-example (experimental).	64633250		
velvet	smt-only	1	Velvet/Examples/TestLoopControl.lean|8|8037191589732674397	test2_correct	8037191589732674397	alethe-reconstructed	-	-	54890958		
velvet	smt-only	1	Velvet/Examples/TestLoopControl.lean|9|4791612905070682933	test2_correct	4791612905070682933	alethe-reconstructed	-	-	72633250		
velvet	smt-only	1	Velvet/Examples/TestLoopControl.lean|10|8037191589732674397	test2_correct	8037191589732674397	alethe-reconstructed	-	-	36714334		
velvet	smt-only	1	Velvet/Examples/TestLoopControl.lean|11|817407402121334710	test2_correct	817407402121334710	alethe-reconstructed	-	-	43405167		
velvet	smt-only	1	Velvet/Examples/TestLoopControl.lean|12|14929476196725773389	test2_correct	14929476196725773389	alethe-reconstructed	-	-	28217750		
velvet	smt-only	1	Velvet/Examples/TestLoopControl.lean|13|2311107858308393802	test2_correct	2311107858308393802	sat	-	unable to prove goal, either it is false or you need to provide more facts. Try adding '+model' config option to display a potential counter-example (experimental).	75025541		
velvet	smt-only	1	Velvet/Examples/TestLoopControl.lean|14|8140981983620881888	sum_even_correct	8140981983620881888	alethe-reconstructed	-	-	252730250		
velvet	smt-only	1	Velvet/Examples/TestLoopControl.lean|15|13972406881857011341	sum_even_correct	13972406881857011341	translation-failed	-	cannot translate fun eb!_0 => decide (↑eb!_0 % 2 = 0), SMT-LIB does not support lambdas	500060750		
velvet	smt-only	1	Velvet/Examples/TestLoopControl.lean|16|8140981983620881888	sum_even_correct	8140981983620881888	alethe-reconstructed	-	-	252371292		
velvet	smt-only	1	Velvet/Examples/TestLoopControl.lean|17|2763434902891560151	sum_even_correct	2763434902891560151	translation-failed	-	cannot translate fun eb!_0 => decide (↑eb!_0 % 2 = 0), SMT-LIB does not support lambdas	600729667		
velvet	smt-only	1	Velvet/Examples/TestLoopControl.lean|18|9560710549938607088	sum_even_correct	9560710549938607088	alethe-reconstructed	-	-	180527458		
velvet	smt-only	1	Velvet/Examples/TestLoopControl.lean|19|4016036276427276962	sum_even_correct	4016036276427276962	translation-failed	-	cannot translate fun eb!_0 => decide (↑eb!_0 % 2 = 0), SMT-LIB does not support lambdas	257359125		
velvet	smt-only	1	Velvet/Examples/TestLoopControl.lean|20|12910903814107581038	sum_even_correct	12910903814107581038	translation-failed	-	cannot translate fun eb!_0 => decide (↑eb!_0 % 2 = 0), SMT-LIB does not support lambdas	283014958		
velvet	smt-only	1	Velvet/Examples/TestLoopControl.lean|21|8811351339800985865	sum_even_correct	8811351339800985865	alethe-reconstructed	-	-	27816250		
velvet	smt-only	1	Velvet/Examples/TestLoopControl.lean|22|8466542615974342579	sum_even_correct	8466542615974342579	translation-failed	-	cannot translate fun eb!_0 => decide (↑eb!_0 % 2 = 0), SMT-LIB does not support lambdas	151101791		
velvet	smt-only	1	Velvet/Examples/TestLoopControl.lean|23|10603200310498800727	sum_even_correct	10603200310498800727	translation-failed	-	cannot translate fun eb!_0 => decide (↑eb!_0 % 2 = 0), SMT-LIB does not support lambdas	412310750		
velvet	smt-only	1	Velvet/Examples/TestMatch.lean|1|7475080825861972690	test1_correct	7475080825861972690	alethe-reconstructed	-	-	67656375		
velvet	smt-only	1	Velvet/Examples/TestMatch.lean|2|12712313322610564863	test1_correct	12712313322610564863	alethe-reconstructed	-	-	30403292		
velvet	smt-only	1	Velvet/Examples/TestMatch.lean|3|10112861571242978892	test2_correct	10112861571242978892	unknown	-	unable to prove goal. Try providing more hints. Reason: INCOMPLETE	38399042		
velvet	smt-only	1	Velvet/Examples/TestMatch.lean|4|9817662802794804509	test2_correct	9817662802794804509	unknown	-	unable to prove goal. Try providing more hints. Reason: INCOMPLETE	50687375		
velvet	smt-only	1	Velvet/Examples/TestMatch.lean|5|18226621409008708882	test2_correct	18226621409008708882	unknown	-	unable to prove goal. Try providing more hints. Reason: INCOMPLETE	55260667		
velvet	smt-only	1	Velvet/Examples/TestMatch.lean|6|12313593517213863317	test3_correct	12313593517213863317	alethe-reconstructed	-	-	33495917		
velvet	smt-only	1	Velvet/Examples/TestMatch.lean|7|5915416142655103160	test3_correct	5915416142655103160	alethe-reconstructed	-	-	72293709		
velvet	smt-only	1	Velvet/Examples/Total_Partial_example.lean|1|1993702872115081742	insertionSort_part_correct	1993702872115081742	alethe-reconstructed	-	-	169812375		
velvet	smt-only	1	Velvet/Examples/Total_Partial_example.lean|2|8793228589483947084	insertionSort_part_correct	8793228589483947084	unknown	-	unable to prove goal. Try providing more hints. Reason: INCOMPLETE	1224878792		
velvet	smt-only	1	Velvet/Examples/Total_Partial_example.lean|3|1066791641437412485	insertionSort_part_correct	1066791641437412485	alethe-reconstructed	-	-	267608209		
velvet	smt-only	1	Velvet/Examples/Total_Partial_example.lean|4|8472930623785656869	insertionSort_part_correct	8472930623785656869	unknown	-	unable to prove goal. Try providing more hints. Reason: INCOMPLETE	1908430541		
velvet	smt-only	1	Velvet/Examples/Total_Partial_example.lean|5|2816846931760221370	insertionSort_part_correct	2816846931760221370	unknown	-	unable to prove goal. Try providing more hints. Reason: INCOMPLETE	1031756416		
velvet	smt-only	1	Velvet/Examples/Total_Partial_example.lean|6|5794584936190196715	insertionSort_part_correct	5794584936190196715	alethe-reconstructed	-	-	245416291		
velvet	smt-only	1	Velvet/Examples/Total_Partial_example.lean|7|1066791641437412485	insertionSort_part_correct	1066791641437412485	alethe-reconstructed	-	-	271271458		
velvet	smt-only	1	Velvet/Examples/Total_Partial_example.lean|8|14825588553610653054	insertionSort_part_correct	14825588553610653054	alethe-reconstructed	-	-	378760292		
velvet	smt-only	1	Velvet/Examples/Total_Partial_example.lean|9|15257391885382474665	insertionSort_part_correct	15257391885382474665	alethe-reconstructed	-	-	246963750		
velvet	smt-only	1	Velvet/Examples/Total_Partial_example.lean|10|5794584936190196715	insertionSort_part_correct	5794584936190196715	alethe-reconstructed	-	-	200878625		
velvet	smt-only	1	Velvet/Examples/Total_Partial_example.lean|11|12031026870814429192	insertionSort_part_correct	12031026870814429192	alethe-reconstructed	-	-	206264792		
velvet	smt-only	1	Velvet/Examples/Total_Partial_example.lean|12|16465886849738339639	insertionSort_part_correct	16465886849738339639	alethe-reconstructed	-	-	292944250		
velvet	smt-only	1	Velvet/Examples/Total_Partial_example.lean|13|15257391885382474665	insertionSort_part_correct	15257391885382474665	alethe-reconstructed	-	-	200845000		
velvet	smt-only	1	Velvet/Examples/Total_Partial_example.lean|14|5918835836158453730	insertionSort_part_correct	5918835836158453730	alethe-reconstructed	-	-	201924958		
velvet	smt-only	1	Velvet/Examples/Total_Partial_example.lean|15|5964899400721509044	insertionSort_part_correct	5964899400721509044	alethe-reconstructed	-	-	138133667		
velvet	smt-only	1	Velvet/Examples/Total_Partial_example.lean|16|12155028420956038391	insertionSort_part_correct	12155028420956038391	alethe-reconstructed	-	-	138717250		
velvet	smt-only	1	Velvet/Examples/Total_Partial_example.lean|17|14852526092468225565	insertionSort_part_correct	14852526092468225565	alethe-reconstructed	-	-	238385000		
velvet	smt-only	1	Velvet/Examples/Total_Partial_example.lean|18|17117294935281830098	insertionSort_part_correct	17117294935281830098	alethe-reconstructed	-	-	138340875		
velvet	smt-only	1	Velvet/Examples/Total_Partial_example.lean|19|5288706169439222084	insertionSort_part_correct	5288706169439222084	unknown	-	unable to prove goal. Try providing more hints. Reason: TIMEOUT	5232304750		
velvet	smt-only	1	Velvet/Examples/Total_Partial_example.lean|20|4477598582358312981	insertionSort_part_correct	4477598582358312981	unknown	-	unable to prove goal. Try providing more hints. Reason: TIMEOUT	5221205375		
velvet	smt-only	1	Velvet/Examples/Total_Partial_example.lean|21|7903702650473013145	insertionSort_part_correct	7903702650473013145	unknown	-	unable to prove goal. Try providing more hints. Reason: INCOMPLETE	1159259500		
velvet	smt-only	1	Velvet/Examples/Total_Partial_example.lean|22|8905801618567038615	insertionSort_part_correct	8905801618567038615	unknown	-	unable to prove goal. Try providing more hints. Reason: TIMEOUT	5221072834		
velvet	smt-only	1	Velvet/Examples/Total_Partial_example.lean|23|5964899400721509044	insertionSort_part_correct	5964899400721509044	alethe-reconstructed	-	-	130237125		
velvet	smt-only	1	Velvet/Examples/Total_Partial_example.lean|24|16800718018059787263	insertionSort_part_correct	16800718018059787263	alethe-reconstructed	-	-	134434125		
velvet	smt-only	1	Velvet/Examples/Total_Partial_example.lean|25|11248877774576345437	insertionSort_part_correct	11248877774576345437	alethe-reconstructed	-	-	217811708		
velvet	smt-only	1	Velvet/Examples/Total_Partial_example.lean|26|17117294935281830098	insertionSort_part_correct	17117294935281830098	alethe-reconstructed	-	-	132466292		
velvet	smt-only	1	Velvet/Examples/Total_Partial_example.lean|27|6709257883257101731	insertionSort_part_correct	6709257883257101731	alethe-reconstructed	-	-	134995334		
velvet	smt-only	1	Velvet/Examples/Total_Partial_example.lean|28|16576486626369642801	insertionSort_part_correct	16576486626369642801	alethe-reconstructed	-	-	42311000		
velvet	smt-only	1	Velvet/Examples/Total_Partial_example.lean|29|11235314628722112900	insertionSort_part_correct	11235314628722112900	alethe-reconstructed	-	-	101343375		
velvet	smt-only	1	Velvet/Examples/Total_Partial_example.lean|30|8905801618567038615	insertionSort_part_correct	8905801618567038615	unknown	-	unable to prove goal. Try providing more hints. Reason: INCOMPLETE	216668625		
velvet	smt-only	1	Velvet/Examples/Total_Partial_example.lean|31|18214290959922115111	insertionSort_part_correct	18214290959922115111	unknown	-	unable to prove goal. Try providing more hints. Reason: INCOMPLETE	516956750		
velvet	smt-only	1	Velvet/Examples/Total_Partial_example.lean|32|8793228589483947084	insertionSort_termination_correct	8793228589483947084	unknown	-	unable to prove goal. Try providing more hints. Reason: INCOMPLETE	194528916		
velvet	smt-only	1	Velvet/Examples/Total_Partial_example.lean|33|11568103068982921353	insertionSort_termination_correct	11568103068982921353	alethe-reconstructed	-	-	133381833		
velvet	smt-only	1	Velvet/Examples/Total_Partial_example.lean|34|5794584936190196715	insertionSort_termination_correct	5794584936190196715	alethe-reconstructed	-	-	113825417		
velvet	smt-only	1	Velvet/Examples/Total_Partial_example.lean|35|11568103068982921353	insertionSort_termination_correct	11568103068982921353	alethe-reconstructed	-	-	134124083		
velvet	smt-only	1	Velvet/Examples/Total_Partial_example.lean|36|5794584936190196715	insertionSort_termination_correct	5794584936190196715	alethe-reconstructed	-	-	67737042		
velvet	smt-only	1	Velvet/Examples/Total_Partial_example.lean|37|5918835836158453730	insertionSort_termination_correct	5918835836158453730	alethe-reconstructed	-	-	65848459		
velvet	smt-only	1	Velvet/Examples/Total_Partial_example.lean|38|5964899400721509044	insertionSort_termination_correct	5964899400721509044	alethe-reconstructed	-	-	53306000		
velvet	smt-only	1	Velvet/Examples/Total_Partial_example.lean|39|5288706169439222084	insertionSort_termination_correct	5288706169439222084	unknown	-	unable to prove goal. Try providing more hints. Reason: INCOMPLETE	88839500		
velvet	smt-only	1	Velvet/Examples/Total_Partial_example.lean|40|4477598582358312981	insertionSort_termination_correct	4477598582358312981	unknown	-	unable to prove goal. Try providing more hints. Reason: INCOMPLETE	97925667		
velvet	smt-only	1	Velvet/Examples/Total_Partial_example.lean|41|18088860687919872176	insertionSort_termination_correct	18088860687919872176	unknown	-	unable to prove goal. Try providing more hints. Reason: INCOMPLETE	128867250		
velvet	smt-only	1	Velvet/Examples/Total_Partial_example.lean|42|5964899400721509044	insertionSort_termination_correct	5964899400721509044	alethe-reconstructed	-	-	52862167		
velvet	smt-only	1	Velvet/Examples/Total_Partial_example.lean|43|16800718018059787263	insertionSort_termination_correct	16800718018059787263	alethe-reconstructed	-	-	52567208		
velvet	smt-only	1	Velvet/Examples/Total_Partial_example.lean|44|6709257883257101731	insertionSort_termination_correct	6709257883257101731	alethe-reconstructed	-	-	52147750		
velvet	smt-only	1	Velvet/Examples/Total_Partial_example.lean|45|16576486626369642801	insertionSort_termination_correct	16576486626369642801	alethe-reconstructed	-	-	44711250		
cashmere	crush-portfolio	1	CaseStudies/Cashmere/Cashmere.lean|1|1631738648950044227	withdraw_correct	1631738648950044227	core-reconstructed	certificate-error	core-directed reconstruction succeeded	595057250	collect=695542,pre-reconstruct=3841333,normalize=1830833,monomorphize=122667,instantiate=16095125,translate=9651250,solve=547658875,replay=124125,reconstruct=15037500	
cashmere	crush-portfolio	1	CaseStudies/Cashmere/Cashmere.lean|2|11756138257855701010	withdrawSession_correct	11756138257855701010	core-reconstructed	certificate-error	core-directed reconstruction succeeded	847013877	collect=265042,pre-reconstruct=27469167,normalize=1276417,monomorphize=24125,instantiate=210360000,translate=12542250,solve=559549875,replay=25834,reconstruct=35501167	
cashmere	crush-portfolio	1	CaseStudies/Cashmere/Cashmere.lean|4|14833385480787993856	withdrawSession_correct	14833385480787993856	selected-fact	not-attempted	closed from a selected Lean fact	219375	collect=219375	
cashmere	crush-portfolio	1	CaseStudies/Cashmere/Cashmere.lean|5|15214630116673553496	withdrawSession_correct	15214630116673553496	core-reconstructed	certificate-error	core-directed reconstruction succeeded	745433334	collect=169166,pre-reconstruct=1608250,normalize=1131000,monomorphize=22833,instantiate=164515625,translate=11036417,solve=542947709,replay=18750,reconstruct=23983584	
cashmere	crush-portfolio	1	CaseStudies/Cashmere/Cashmere.lean|6|11756138257855701010	withdrawSessionTot_correct	11756138257855701010	core-reconstructed	certificate-error	core-directed reconstruction succeeded	840860167	collect=226417,pre-reconstruct=26903917,normalize=1307125,monomorphize=28125,instantiate=212462541,translate=13059417,solve=551452542,replay=17708,reconstruct=35402375	
cashmere	crush-portfolio	1	CaseStudies/Cashmere/Cashmere.lean|7|2592897230707726799	withdrawSessionTot_correct	2592897230707726799	core-reconstructed	certificate-error	core-directed reconstruction succeeded	771151252	collect=221000,pre-reconstruct=266833,normalize=966875,monomorphize=22334,instantiate=199767792,translate=11491042,solve=554513042,replay=20084,reconstruct=3882250	
cashmere	crush-portfolio	1	CaseStudies/Cashmere/Cashmere.lean|9|14833385480787993856	withdrawSessionTot_correct	14833385480787993856	selected-fact	not-attempted	closed from a selected Lean fact	208167	collect=208167	
cashmere	crush-portfolio	1	CaseStudies/Cashmere/Cashmere.lean|10|15214630116673553496	withdrawSessionTot_correct	15214630116673553496	core-reconstructed	certificate-error	core-directed reconstruction succeeded	737079041	collect=184458,pre-reconstruct=2010333,normalize=1400625,monomorphize=25875,instantiate=155652875,translate=11698833,solve=538563584,replay=17292,reconstruct=27525166	
cashmere	crush-portfolio	1	CaseStudies/Cashmere/Cashmere.lean|11|12346872860079934512	withdrawSessionExcept_correct	12346872860079934512	core-reconstructed	certificate-error	core-directed reconstruction succeeded	745940209	collect=2013792,pre-reconstruct=156333,normalize=2151125,monomorphize=24375,instantiate=149467625,translate=11889250,solve=552895667,replay=24667,reconstruct=27317375	
cashmere	crush-portfolio	1	CaseStudies/Cashmere/Cashmere.lean|12|11756138257855701010	withdrawSessionExcept_correct	11756138257855701010	core-reconstructed	certificate-error	core-directed reconstruction succeeded	852175832	collect=527500,pre-reconstruct=30761250,normalize=2433458,monomorphize=28833,instantiate=213486333,translate=13099292,solve=557227458,replay=19708,reconstruct=34592000	
cashmere	crush-portfolio	1	CaseStudies/Cashmere/Cashmere.lean|13|12800241106604992563	withdrawSessionExcept_correct	12800241106604992563	core-reconstructed	certificate-error	core-directed reconstruction succeeded	793529542	collect=538750,pre-reconstruct=148708,normalize=2367542,monomorphize=25667,instantiate=200636250,translate=12788250,solve=544115167,replay=18750,reconstruct=32890458	
cashmere	crush-portfolio	1	CaseStudies/Cashmere/Cashmere.lean|14|2592897230707726799	withdrawSessionExcept_correct	2592897230707726799	core-reconstructed	certificate-error	core-directed reconstruction succeeded	776517582	collect=688500,pre-reconstruct=172875,normalize=2367583,monomorphize=26541,instantiate=210450375,translate=12038833,solve=546909583,replay=19167,reconstruct=3844125	
cashmere	crush-portfolio	1	CaseStudies/Cashmere/Cashmere.lean|17|14833385480787993856	withdrawSessionExcept_correct	14833385480787993856	selected-fact	not-attempted	closed from a selected Lean fact	515708	collect=515708	
cashmere	crush-portfolio	1	CaseStudies/Cashmere/Cashmere.lean|19|15214630116673553496	withdrawSessionExcept_correct	15214630116673553496	core-reconstructed	certificate-error	core-directed reconstruction succeeded	750866835	collect=572959,pre-reconstruct=1648042,normalize=1944084,monomorphize=24666,instantiate=150493625,translate=11421833,solve=558444917,replay=18709,reconstruct=26298000	
cashmere	crush-portfolio	1	CaseStudies/Cashmere/Cashmere.lean|20|684110104125275636	withdrawSessionExcept_correct	684110104125275636	core-reconstructed	certificate-error	core-directed reconstruction succeeded	728826084	collect=429917,pre-reconstruct=142583,normalize=1762750,monomorphize=24958,instantiate=138046709,translate=10887375,solve=555704792,replay=22625,reconstruct=21804375	
cashmere	crush-portfolio	1	CaseStudies/Cashmere/Cashmere.lean|21|10455387604875970312	withdrawSessionNonDet_correct	10455387604875970312	pre-reconstructed	not-attempted	closed before SMT translation	4145875	collect=1578875,pre-reconstruct=2567000	
cashmere	crush-portfolio	1	CaseStudies/Cashmere/Cashmere.lean|22|12346872860079934512	withdrawSessionNonDet_correct	12346872860079934512	core-reconstructed	certificate-error	core-directed reconstruction succeeded	799398042	collect=480833,pre-reconstruct=126500,normalize=2006666,monomorphize=28084,instantiate=193105292,translate=12551792,solve=553829208,replay=21000,reconstruct=37248667	
cashmere	crush-portfolio	1	CaseStudies/Cashmere/Cashmere.lean|23|9920644537135092340	withdrawSessionNonDet_correct	9920644537135092340	core-reconstructed	certificate-error	core-directed reconstruction succeeded	884289291	collect=600625,pre-reconstruct=29807958,normalize=2087875,monomorphize=27125,instantiate=252140625,translate=16740458,solve=548692042,replay=22250,reconstruct=34170333	
cashmere	crush-portfolio	1	CaseStudies/Cashmere/Cashmere.lean|24|2592897230707726799	withdrawSessionNonDet_correct	2592897230707726799	core-reconstructed	certificate-error	core-directed reconstruction succeeded	822014459	collect=583292,pre-reconstruct=160083,normalize=1969666,monomorphize=24875,instantiate=242000042,translate=13552458,solve=559318084,replay=18292,reconstruct=4387667	
cashmere	crush-portfolio	1	CaseStudies/Cashmere/Cashmere.lean|26|14833385480787993856	withdrawSessionNonDet_correct	14833385480787993856	selected-fact	not-attempted	closed from a selected Lean fact	436084	collect=436084	
cashmere	crush-portfolio	1	CaseStudies/Cashmere/Cashmere.lean|27|5928940248694370277	withdrawSessionNonDet_correct	5928940248694370277	core-reconstructed	certificate-error	core-directed reconstruction succeeded	780022295	collect=379417,pre-reconstruct=1912792,normalize=1830667,monomorphize=26417,instantiate=187928584,translate=13321084,solve=547995292,replay=18667,reconstruct=26609375	
cashmere	crush-portfolio	1	CaseStudies/Cashmere/Cashmere.lean|28|12566989642252477834	withdrawSessionNonDet_correct	12566989642252477834	core-reconstructed	certificate-error	core-directed reconstruction succeeded	791766166	collect=475208,pre-reconstruct=155208,normalize=1728458,monomorphize=24250,instantiate=199524584,translate=12577917,solve=547096750,replay=24875,reconstruct=30158916	
cashmere	crush-portfolio	1	CaseStudies/Cashmere/CashmereIncorrectnessLogic.lean|2|1587904245978985587	withdrawSessionAngelic_correct	1587904245978985587	core-reconstructed	certificate-error	core-directed reconstruction succeeded	1144232250	collect=1979792,pre-reconstruct=692083,normalize=2797125,monomorphize=121041,instantiate=505420333,translate=53175167,solve=556858292,replay=139333,reconstruct=23049084	
cashmere	crush-portfolio	1	CaseStudies/Cashmere/CashmereIncorrectnessLogic.lean|3|12290697138917920290	withdrawSessionAngelic_correct	12290697138917920290	core-reconstructed	certificate-error	core-directed reconstruction succeeded	1292750456	collect=644458,pre-reconstruct=164500,normalize=2089458,monomorphize=25416,instantiate=643729375,translate=59227916,solve=553959042,replay=37166,reconstruct=32873125	
cashmere	crush-portfolio	1	CaseStudies/Cashmere/CashmereIncorrectnessLogic.lean|4|6449264834289021715	withdrawSessionAngelic_correct	6449264834289021715	core-reconstructed	certificate-error	core-directed reconstruction succeeded	1073900958	collect=534917,pre-reconstruct=159792,normalize=1983791,monomorphize=26500,instantiate=448470416,translate=40073458,solve=579291125,replay=23250,reconstruct=3337709	
cashmere	crush-portfolio	1	CaseStudies/Cashmere/CashmereIncorrectnessLogic.lean|7|7126761714196821540	withdrawSessionAngelic_correct	7126761714196821540	selected-fact	not-attempted	closed from a selected Lean fact	538208	collect=538208	
cashmere	crush-portfolio	1	CaseStudies/Cashmere/CashmereIncorrectnessLogic.lean|8|2232656262363782188	withdrawSessionAngelic_correct	2232656262363782188	core-reconstructed	certificate-error	core-directed reconstruction succeeded	804282042	collect=478292,pre-reconstruct=132583,normalize=1576834,monomorphize=22708,instantiate=225994458,translate=18229250,solve=543905167,replay=18708,reconstruct=13924042	
cashmere	crush-portfolio	1	CaseStudies/Cashmere/CashmereIncorrectnessLogic.lean|9|15183118018364320695	withdrawSessionAngelic_correct	15183118018364320695	core-reconstructed	certificate-error	core-directed reconstruction succeeded	889012250	collect=409000,pre-reconstruct=19567167,normalize=1462042,monomorphize=29750,instantiate=215658875,translate=18760042,solve=569510583,replay=21375,reconstruct=63593416	
cashmere	crush-portfolio	1	CaseStudies/Cashmere/CashmereIncorrectnessLogic.lean|10|12346872860079934512	withdrawSessionAngelic_correct	12346872860079934512	core-reconstructed	certificate-error	core-directed reconstruction succeeded	1067825957	collect=606291,pre-reconstruct=152875,normalize=1779917,monomorphize=26292,instantiate=446142375,translate=37246625,solve=559551416,replay=24708,reconstruct=22295458	
cashmere	crush-verify	1	CaseStudies/Cashmere/Cashmere.lean|1|1631738648950044227	withdraw_correct	1631738648950044227	verified	not-requested	solver returned unsat; closed under the trust policy	579139834	collect=761709,pre-reconstruct=3921625,normalize=1823708,monomorphize=113583,instantiate=16441667,translate=9645792,solve=546431750	
cashmere	crush-verify	1	CaseStudies/Cashmere/Cashmere.lean|2|11756138257855701010	withdrawSession_correct	11756138257855701010	verified	not-requested	solver returned unsat; closed under the trust policy	799220915	collect=252583,pre-reconstruct=27204292,normalize=1178791,monomorphize=23875,instantiate=208064291,translate=12785083,solve=549712000	
cashmere	crush-verify	1	CaseStudies/Cashmere/Cashmere.lean|4|14833385480787993856	withdrawSession_correct	14833385480787993856	selected-fact	not-attempted	closed from a selected Lean fact	214292	collect=214292	
cashmere	crush-verify	1	CaseStudies/Cashmere/Cashmere.lean|5|15214630116673553496	withdrawSession_correct	15214630116673553496	verified	not-requested	solver returned unsat; closed under the trust policy	688390249	collect=158291,pre-reconstruct=1891500,normalize=1307583,monomorphize=25292,instantiate=142741791,translate=11206542,solve=531059250	
cashmere	crush-verify	1	CaseStudies/Cashmere/Cashmere.lean|6|11756138257855701010	withdrawSessionTot_correct	11756138257855701010	verified	not-requested	solver returned unsat; closed under the trust policy	794342125	collect=235583,pre-reconstruct=27736833,normalize=1186500,monomorphize=24750,instantiate=199458542,translate=12391542,solve=553308375	
cashmere	crush-verify	1	CaseStudies/Cashmere/Cashmere.lean|7|2592897230707726799	withdrawSessionTot_correct	2592897230707726799	verified	not-requested	solver returned unsat; closed under the trust policy	749417749	collect=223209,pre-reconstruct=277584,normalize=981917,monomorphize=21291,instantiate=187103166,translate=11325166,solve=549485416	
cashmere	crush-verify	1	CaseStudies/Cashmere/Cashmere.lean|9|14833385480787993856	withdrawSessionTot_correct	14833385480787993856	selected-fact	not-attempted	closed from a selected Lean fact	227583	collect=227583	
cashmere	crush-verify	1	CaseStudies/Cashmere/Cashmere.lean|10|15214630116673553496	withdrawSessionTot_correct	15214630116673553496	verified	not-requested	solver returned unsat; closed under the trust policy	705507543	collect=198209,pre-reconstruct=1976875,normalize=1256375,monomorphize=23500,instantiate=138903709,translate=10700625,solve=552448250	
cashmere	crush-verify	1	CaseStudies/Cashmere/Cashmere.lean|11|12346872860079934512	withdrawSessionExcept_correct	12346872860079934512	verified	not-requested	solver returned unsat; closed under the trust policy	699849500	collect=1949167,pre-reconstruct=158083,normalize=2080208,monomorphize=25042,instantiate=143465709,translate=10797000,solve=541374291	
cashmere	crush-verify	1	CaseStudies/Cashmere/Cashmere.lean|12|11756138257855701010	withdrawSessionExcept_correct	11756138257855701010	verified	not-requested	solver returned unsat; closed under the trust policy	810218457	collect=576167,pre-reconstruct=32514541,normalize=2482875,monomorphize=27667,instantiate=209739875,translate=13696291,solve=551181041	
cashmere	crush-verify	1	CaseStudies/Cashmere/Cashmere.lean|13|12800241106604992563	withdrawSessionExcept_correct	12800241106604992563	verified	not-requested	solver returned unsat; closed under the trust policy	771178877	collect=566250,pre-reconstruct=157584,normalize=2464667,monomorphize=24125,instantiate=204864750,translate=13202167,solve=549899334	
cashmere	crush-verify	1	CaseStudies/Cashmere/Cashmere.lean|14|2592897230707726799	withdrawSessionExcept_correct	2592897230707726799	verified	not-requested	solver returned unsat; closed under the trust policy	764131583	collect=557375,pre-reconstruct=150208,normalize=2214417,monomorphize=25792,instantiate=202533500,translate=12160458,solve=546489833	
cashmere	crush-verify	1	CaseStudies/Cashmere/Cashmere.lean|17|14833385480787993856	withdrawSessionExcept_correct	14833385480787993856	selected-fact	not-attempted	closed from a selected Lean fact	583000	collect=583000	
cashmere	crush-verify	1	CaseStudies/Cashmere/Cashmere.lean|19|15214630116673553496	withdrawSessionExcept_correct	15214630116673553496	verified	not-requested	solver returned unsat; closed under the trust policy	704350916	collect=359750,pre-reconstruct=1867041,normalize=2056334,monomorphize=30375,instantiate=142736125,translate=11152458,solve=546148833	
cashmere	crush-verify	1	CaseStudies/Cashmere/Cashmere.lean|20|684110104125275636	withdrawSessionExcept_correct	684110104125275636	verified	not-requested	solver returned unsat; closed under the trust policy	709807582	collect=487916,pre-reconstruct=156667,normalize=1889083,monomorphize=25041,instantiate=144549375,translate=11010625,solve=551688875	
cashmere	crush-verify	1	CaseStudies/Cashmere/Cashmere.lean|21|10455387604875970312	withdrawSessionNonDet_correct	10455387604875970312	pre-reconstructed	not-attempted	closed before SMT translation	4309708	collect=1670583,pre-reconstruct=2639125	
cashmere	crush-verify	1	CaseStudies/Cashmere/Cashmere.lean|22|12346872860079934512	withdrawSessionNonDet_correct	12346872860079934512	verified	not-requested	solver returned unsat; closed under the trust policy	759155082	collect=450792,pre-reconstruct=125458,normalize=1802416,monomorphize=23125,instantiate=188366791,translate=12541375,solve=555845125	
cashmere	crush-verify	1	CaseStudies/Cashmere/Cashmere.lean|23|9920644537135092340	withdrawSessionNonDet_correct	9920644537135092340	verified	not-requested	solver returned unsat; closed under the trust policy	852865251	collect=636334,pre-reconstruct=32225333,normalize=2114750,monomorphize=26125,instantiate=253912333,translate=14676584,solve=549273792	
cashmere	crush-verify	1	CaseStudies/Cashmere/Cashmere.lean|24|2592897230707726799	withdrawSessionNonDet_correct	2592897230707726799	verified	not-requested	solver returned unsat; closed under the trust policy	797857291	collect=582625,pre-reconstruct=149416,normalize=2001625,monomorphize=25500,instantiate=246843750,translate=14793375,solve=533461000	
cashmere	crush-verify	1	CaseStudies/Cashmere/Cashmere.lean|26|14833385480787993856	withdrawSessionNonDet_correct	14833385480787993856	selected-fact	not-attempted	closed from a selected Lean fact	452792	collect=452792	
cashmere	crush-verify	1	CaseStudies/Cashmere/Cashmere.lean|27|5928940248694370277	withdrawSessionNonDet_correct	5928940248694370277	verified	not-requested	solver returned unsat; closed under the trust policy	762013958	collect=366584,pre-reconstruct=1721458,normalize=1818500,monomorphize=28041,instantiate=194147917,translate=13460583,solve=550470875	
cashmere	crush-verify	1	CaseStudies/Cashmere/Cashmere.lean|28|12566989642252477834	withdrawSessionNonDet_correct	12566989642252477834	verified	not-requested	solver returned unsat; closed under the trust policy	748529626	collect=460584,pre-reconstruct=153208,normalize=1794000,monomorphize=28500,instantiate=194831750,translate=12840750,solve=538420834	
cashmere	crush-verify	1	CaseStudies/Cashmere/CashmereIncorrectnessLogic.lean|2|1587904245978985587	withdrawSessionAngelic_correct	1587904245978985587	verified	not-requested	solver returned unsat; closed under the trust policy	1087755625	collect=2370083,pre-reconstruct=782708,normalize=3164416,monomorphize=134042,instantiate=480280709,translate=53883417,solve=547140250	
cashmere	crush-verify	1	CaseStudies/Cashmere/CashmereIncorrectnessLogic.lean|3|12290697138917920290	withdrawSessionAngelic_correct	12290697138917920290	verified	not-requested	solver returned unsat; closed under the trust policy	1198883959	collect=547417,pre-reconstruct=168500,normalize=2105541,monomorphize=26167,instantiate=588078250,translate=55433250,solve=552524834	
cashmere	crush-verify	1	CaseStudies/Cashmere/CashmereIncorrectnessLogic.lean|4|6449264834289021715	withdrawSessionAngelic_correct	6449264834289021715	verified	not-requested	solver returned unsat; closed under the trust policy	1071194874	collect=530833,pre-reconstruct=156750,normalize=2014625,monomorphize=25791,instantiate=465964000,translate=39471250,solve=563031625	
cashmere	crush-verify	1	CaseStudies/Cashmere/CashmereIncorrectnessLogic.lean|7|7126761714196821540	withdrawSessionAngelic_correct	7126761714196821540	selected-fact	not-attempted	closed from a selected Lean fact	556083	collect=556083	
cashmere	crush-verify	1	CaseStudies/Cashmere/CashmereIncorrectnessLogic.lean|8|2232656262363782188	withdrawSessionAngelic_correct	2232656262363782188	verified	not-requested	solver returned unsat; closed under the trust policy	786983667	collect=430833,pre-reconstruct=177042,normalize=1789375,monomorphize=25375,instantiate=215722584,translate=19215458,solve=549623000	
cashmere	crush-verify	1	CaseStudies/Cashmere/CashmereIncorrectnessLogic.lean|9|15183118018364320695	withdrawSessionAngelic_correct	15183118018364320695	verified	not-requested	solver returned unsat; closed under the trust policy	817387251	collect=414083,pre-reconstruct=20805167,normalize=1403875,monomorphize=28709,instantiate=211418875,translate=19296625,solve=564019917	
cashmere	crush-verify	1	CaseStudies/Cashmere/CashmereIncorrectnessLogic.lean|10|12346872860079934512	withdrawSessionAngelic_correct	12346872860079934512	verified	not-requested	solver returned unsat; closed under the trust policy	1021669874	collect=553167,pre-reconstruct=145333,normalize=1828833,monomorphize=26083,instantiate=433188666,translate=37291792,solve=548636000	
velvet	crush-verify	1	Velvet/Examples/EncodeDecodeStr.lean|1|4325354716326072573	decodeStr'_correct	4325354716326072573	verified	not-requested	solver returned unsat; closed under the trust policy	760771376	collect=2688667,pre-reconstruct=3393709,normalize=2317667,monomorphize=121708,instantiate=246625,translate=14706792,solve=737296208	
velvet	crush-verify	1	Velvet/Examples/EncodeDecodeStr.lean|2|3233717574493770211	decodeStr'_correct	16298341802593511044	unknown	not-attempted	solver exited without a verdict: cvc5 interrupted by timeout.	5509850292	collect=639334,pre-reconstruct=7780875,normalize=2254250,monomorphize=21792,instantiate=37750,translate=11856000,solve=5487260291	
velvet	crush-verify	1	Velvet/Examples/EncodeDecodeStr.lean|3|14557075163885871591	decodeStr'_correct	14557075163885871591	verified	not-requested	solver returned unsat; closed under the trust policy	507547916	collect=504083,pre-reconstruct=1250958,normalize=1869875,monomorphize=23167,instantiate=41166,translate=7396750,solve=496461917	
velvet	crush-verify	1	Velvet/Examples/EncodeDecodeStr.lean|5|13851523499043008614	decodeStr'_correct	13851523499043008614	verified	not-requested	solver returned unsat; closed under the trust policy	522017541	collect=477500,pre-reconstruct=445625,normalize=1574041,monomorphize=21083,instantiate=36167,translate=7060167,solve=512402958	
velvet	crush-verify	1	Velvet/Examples/EncodeDecodeStr.lean|6|8816666150414203262	decodeStr'_correct	8816666150414203262	verified	not-requested	solver returned unsat; closed under the trust policy	480597542	collect=473792,pre-reconstruct=741916,normalize=1182500,monomorphize=17584,instantiate=34959,translate=3166083,solve=474980708	
velvet	crush-verify	1	Velvet/Examples/EncodeDecodeStr.lean|7|7432640679462075544	decodeStr'_correct	1656677057252754089	unknown	not-attempted	no reason given	625448582	collect=499083,pre-reconstruct=1480917,normalize=2431833,monomorphize=19125,instantiate=39083,translate=5536666,solve=615441875	
velvet	crush-verify	1	Velvet/Examples/EncodeDecodeStr.lean|8|9639754685172097330	decodeStr'_correct	9639754685172097330	unknown	not-attempted	solver exited without a verdict: cvc5 interrupted by timeout.	5518419375	collect=512375,pre-reconstruct=1702791,normalize=1732125,monomorphize=23000,instantiate=41792,translate=7738167,solve=5506669125	
velvet	crush-verify	1	Velvet/Examples/EncodeDecodeStr.lean|9|10203002127808532242	encodeStr_correct	10203002127808532242	verified	not-requested	solver returned unsat; closed under the trust policy	519746458	collect=1485875,pre-reconstruct=2807875,normalize=4396166,monomorphize=24708,instantiate=44333,translate=9824209,solve=501163292	
velvet	crush-verify	1	Velvet/Examples/EncodeDecodeStr.lean|10|15527439877898811686	encodeStr_correct	9685533339980702200	verified	not-requested	solver returned unsat; closed under the trust policy	497769542	collect=570834,pre-reconstruct=2291792,normalize=4064166,monomorphize=29792,instantiate=43125,translate=9587375,solve=481182458	
velvet	crush-verify	1	Velvet/Examples/EncodeDecodeStr.lean|11|4253526900314070824	encodeStr_correct	4253526900314070824	verified	not-requested	solver returned unsat; closed under the trust policy	513692791	collect=632167,pre-reconstruct=1162916,normalize=3982000,monomorphize=25000,instantiate=38875,translate=9176792,solve=498675041	
velvet	crush-verify	1	Velvet/Examples/EncodeDecodeStr.lean|12|17087698223479619887	encodeStr_correct	9685533339980702200	verified	not-requested	solver returned unsat; closed under the trust policy	519761666	collect=550875,pre-reconstruct=2107416,normalize=4038292,monomorphize=25167,instantiate=37833,translate=9219125,solve=503782958	
velvet	crush-verify	1	Velvet/Examples/EncodeDecodeStr.lean|13|13168721855841554394	encodeStr_correct	13168721855841554394	selected-fact	not-attempted	closed from a selected Lean fact	616417	collect=616417	
velvet	crush-verify	1	Velvet/Examples/EncodeDecodeStr.lean|14|8050235650381385355	encodeStr_correct	8050235650381385355	verified	not-requested	solver returned unsat; closed under the trust policy	497573624	collect=478167,pre-reconstruct=1951917,normalize=2227500,monomorphize=24916,instantiate=42333,translate=6102458,solve=486746333	
velvet	crush-verify	1	Velvet/Examples/EncodeDecodeStr.lean|15|3874562368415809942	encodeStr_correct	9685533339980702200	verified	not-requested	solver returned unsat; closed under the trust policy	483172251	collect=571541,pre-reconstruct=2174042,normalize=2414084,monomorphize=26417,instantiate=46708,translate=7364625,solve=470574834	
velvet	crush-verify	1	Velvet/Examples/EncodeDecodeStr.lean|16|16403843650363689650	encodeStr_correct	16403843650363689650	verified	not-requested	solver returned unsat; closed under the trust policy	516748625	collect=553542,pre-reconstruct=1432875,normalize=4561542,monomorphize=26292,instantiate=45208,translate=9494208,solve=500634958	
velvet	crush-verify	1	Velvet/Examples/EncodeDecodeStr.lean|17|17528322019345720798	encodeStr_correct	17528322019345720798	unknown	not-attempted	solver exited without a verdict: cvc5 interrupted by timeout.	5547657709	collect=559000,pre-reconstruct=6415708,normalize=5354709,monomorphize=34042,instantiate=49792,translate=11635791,solve=5523608667	
velvet	crush-verify	1	Velvet/Examples/EncodeDecodeStr.lean|18|14846570717984605519	encodeStr_correct	14846570717984605519	verified	not-requested	solver returned unsat; closed under the trust policy	527544125	collect=593333,pre-reconstruct=840625,normalize=5745208,monomorphize=25209,instantiate=43625,translate=13990375,solve=506305750	
velvet	crush-verify	1	Velvet/Examples/EncodeDecodeStr.lean|19|17345521196864181404	encodeStr_correct	17345521196864181404	verified	not-requested	solver returned unsat; closed under the trust policy	503667544	collect=800292,pre-reconstruct=1150917,normalize=2115709,monomorphize=25083,instantiate=38875,translate=6407709,solve=493128959	
velvet	crush-verify	1	Velvet/Examples/EncodeDecodeStr.lean|21|16873295595722686018	encodeStr_correct	16873295595722686018	selected-fact	not-attempted	closed from a selected Lean fact	493625	collect=493625	
velvet	crush-verify	1	Velvet/Examples/EncodeDecodeStr.lean|22|5769627519083430677	encodeStr_correct	5769627519083430677	selected-fact	not-attempted	closed from a selected Lean fact	387500	collect=387500	
velvet	crush-verify	1	Velvet/Examples/EncodeDecodeStr.lean|23|15630242782200619292	encodeStr_correct	15630242782200619292	verified	not-requested	solver returned unsat; closed under the trust policy	513811250	collect=68583,pre-reconstruct=695250,normalize=44667,monomorphize=12875,instantiate=40167,translate=1542750,solve=511406958	
velvet	crush-verify	1	Velvet/Examples/EncodeDecodeStr.lean|25|4098508629850130765	encodeStr_correct	4098508629850130765	unknown	not-attempted	no reason given	493669041	collect=546375,pre-reconstruct=100583,normalize=1232541,monomorphize=12959,instantiate=36208,translate=4762292,solve=486978083	
velvet	crush-verify	1	Velvet/Examples/EncodeDecodeStr.lean|26|6449688271898666716	encodeStr_correct	6449688271898666716	unknown	not-attempted	solver exited without a verdict: cvc5 interrupted by timeout.	5506955541	collect=533417,pre-reconstruct=408833,normalize=1963792,monomorphize=20750,instantiate=37208,translate=5037208,solve=5498954333	
velvet	crush-verify	1	Velvet/Examples/EncodeDecodeStr.lean|27|3108445719328028112	encodeStr_correct	3108445719328028112	verified	not-requested	solver returned unsat; closed under the trust policy	512835415	collect=534708,pre-reconstruct=142417,normalize=2743333,monomorphize=21791,instantiate=42167,translate=5979541,solve=503371458	
velvet	crush-verify	1	Velvet/Examples/Examples.lean|2|1066791641437412485	insertionSort_correct	1066791641437412485	verified	not-requested	solver returned unsat; closed under the trust policy	616494542	collect=814000,pre-reconstruct=4069875,normalize=3006708,monomorphize=12785792,instantiate=76398084,translate=25503750,solve=493916333	
velvet	crush-verify	1	Velvet/Examples/Examples.lean|3|9866248891257573647	insertionSort_correct	12810594954652992486	verified	not-requested	solver returned unsat; closed under the trust policy	4685131290	collect=323791,pre-reconstruct=796811583,normalize=3472250,monomorphize=29279833,instantiate=218193125,translate=59686917,solve=3577363791	
velvet	crush-verify	1	Velvet/Examples/Examples.lean|4|18360837223612973524	insertionSort_correct	18360837223612973524	verified	not-requested	solver returned unsat; closed under the trust policy	633789251	collect=305125,pre-reconstruct=8673167,normalize=2874417,monomorphize=13987167,instantiate=81300375,translate=21819042,solve=504829958	
velvet	crush-verify	1	Velvet/Examples/Examples.lean|6|1066791641437412485	insertionSort_correct	1066791641437412485	verified	not-requested	solver returned unsat; closed under the trust policy	628177291	collect=340833,pre-reconstruct=3240667,normalize=2903083,monomorphize=12076708,instantiate=82906584,translate=20119625,solve=506589791	
velvet	crush-verify	1	Velvet/Examples/Examples.lean|7|14825588553610653054	insertionSort_correct	13858382852922432078	unknown	not-attempted	solver exited without a verdict: cvc5 interrupted by timeout.	11465367750	collect=514625,pre-reconstruct=11873167,normalize=3207000,monomorphize=14490333,instantiate=323592250,translate=52271834,solve=5511448125,translate-fallback=56993916,solve-fallback=5490976500	
velvet	crush-verify	1	Velvet/Examples/Examples.lean|11|16465886849738339639	insertionSort_correct	13858382852922432078	verified	not-requested	solver returned unsat; closed under the trust policy	689025458	collect=356083,pre-reconstruct=11011500,normalize=2739958,monomorphize=12069750,instantiate=55087708,translate=18426042,solve=589334417	
velvet	crush-verify	1	Velvet/Examples/Examples.lean|13|2438232962388206336	insertionSort_correct	2438232962388206336	verified	not-requested	solver returned unsat; closed under the trust policy	529463665	collect=337833,pre-reconstruct=1549583,normalize=2818292,monomorphize=10196375,instantiate=1920208,translate=11174666,solve=501466708	
velvet	crush-verify	1	Velvet/Examples/Examples.lean|15|12155028420956038391	insertionSort_correct	12155028420956038391	verified	not-requested	solver returned unsat; closed under the trust policy	510258957	collect=254750,pre-reconstruct=1004791,normalize=1373000,monomorphize=6699125,instantiate=1333333,translate=7366583,solve=492227375	
velvet	crush-verify	1	Velvet/Examples/Examples.lean|16|14852526092468225565	insertionSort_correct	139088297960392149	verified	not-requested	solver returned unsat; closed under the trust policy	651834543	collect=261042,pre-reconstruct=494542,normalize=1718833,monomorphize=8507625,instantiate=48822167,translate=14465417,solve=577564917	
velvet	crush-verify	1	Velvet/Examples/Examples.lean|19|12688677688377801211	insertionSort_correct	12688677688377801211	verified	not-requested	solver returned unsat; closed under the trust policy	530284459	collect=306500,pre-reconstruct=3054000,normalize=2471334,monomorphize=11460000,instantiate=2158875,translate=11405750,solve=499428000	
velvet	crush-verify	1	Velvet/Examples/Examples.lean|20|7903702650473013145	insertionSort_correct	17272444315034915638	verified	not-requested	solver returned unsat; closed under the trust policy	720142124	collect=334916,pre-reconstruct=20631458,normalize=2515708,monomorphize=12793500,instantiate=50913625,translate=18388167,solve=614564750	
velvet	crush-verify	1	Velvet/Examples/Examples.lean|23|5379360585891885096	insertionSort_correct	5379360585891885096	verified	not-requested	solver returned unsat; closed under the trust policy	508979251	collect=455375,pre-reconstruct=2082417,normalize=2026959,monomorphize=7478458,instantiate=1597834,translate=9054000,solve=486284208	
velvet	crush-verify	1	Velvet/Examples/Examples.lean|24|11248877774576345437	insertionSort_correct	139088297960392149	verified	not-requested	solver returned unsat; closed under the trust policy	688973084	collect=272125,pre-reconstruct=527792,normalize=1572083,monomorphize=8709625,instantiate=57515625,translate=15143459,solve=605232375	
velvet	crush-verify	1	Velvet/Examples/Examples.lean|26|11532741708565178815	insertionSort_correct	11532741708565178815	verified	not-requested	solver returned unsat; closed under the trust policy	516584707	collect=257750,pre-reconstruct=695542,normalize=1445333,monomorphize=7317250,instantiate=1340583,translate=8859958,solve=496668291	
velvet	crush-verify	1	Velvet/Examples/Examples.lean|27|13894794097547967513	insertionSort_correct	13894794097547967513	verified	not-requested	solver returned unsat; closed under the trust policy	510874167	collect=173042,pre-reconstruct=1366209,normalize=125541,monomorphize=3046416,instantiate=840667,translate=4693083,solve=500629209	
velvet	crush-verify	1	Velvet/Examples/Examples.lean|28|11235314628722112900	insertionSort_correct	14354530589729947841	verified	not-requested	solver returned unsat; closed under the trust policy	556953375	collect=220500,pre-reconstruct=144167,normalize=149750,monomorphize=5879041,instantiate=50929500,translate=12314750,solve=487315667	
velvet	crush-verify	1	Velvet/Examples/Examples.lean|30|18214290959922115111	insertionSort_correct	17272444315034915638	verified	not-requested	solver returned unsat; closed under the trust policy	678383792	collect=260584,pre-reconstruct=11604000,normalize=329916,monomorphize=9057500,instantiate=54946542,translate=16471334,solve=585713916	
velvet	crush-verify	1	Velvet/Examples/Examples.lean|31|17119794831572106230	sqrt_correct	5307985127850147097	verified	not-requested	solver returned unsat; closed under the trust policy	501313876	collect=980834,pre-reconstruct=127708,normalize=601666,monomorphize=16292,instantiate=37584,translate=1317250,solve=498232542	
velvet	crush-verify	1	Velvet/Examples/Examples.lean|32|16395326812896940336	sqrt_correct	3661544389526892522	verified	not-requested	solver returned unsat; closed under the trust policy	504893250	collect=348667,pre-reconstruct=122167,normalize=587083,monomorphize=14416,instantiate=34459,translate=1245125,solve=502541333	
velvet	crush-verify	1	Velvet/Examples/Examples.lean|33|4559485301326837329	sqrt_correct	4559485301326837329	verified	not-requested	solver returned unsat; closed under the trust policy	479480749	collect=380083,pre-reconstruct=193083,normalize=981083,monomorphize=17583,instantiate=71792,translate=1216458,solve=476620667	
velvet	crush-verify	1	Velvet/Examples/Examples.lean|34|15833581759277421577	sqrt_correct	9636917653559417038	verified	not-requested	solver returned unsat; closed under the trust policy	634336252	collect=368584,pre-reconstruct=388125,normalize=887709,monomorphize=18625,instantiate=38333,translate=1986167,solve=630648709	
velvet	crush-verify	1	Velvet/Examples/Examples.lean|35|7228731597997214785	sqrt_correct	9636917653559417038	verified	not-requested	solver returned unsat; closed under the trust policy	550080333	collect=344875,pre-reconstruct=487750,normalize=1047250,monomorphize=23792,instantiate=44500,translate=1923750,solve=546208416	
velvet	crush-verify	1	Velvet/Examples/Examples.lean|36|17256355208408803011	sqrt_correct	17256355208408803011	verified	not-requested	solver returned unsat; closed under the trust policy	495393793	collect=348625,pre-reconstruct=729000,normalize=1078500,monomorphize=19542,instantiate=45417,translate=1854750,solve=491317959	
velvet	crush-verify	1	Velvet/Examples/Examples.lean|37|13635698331308129878	sqrt_correct	9636917653559417038	verified	not-requested	solver returned unsat; closed under the trust policy	501523250	collect=351625,pre-reconstruct=119458,normalize=669875,monomorphize=14625,instantiate=34708,translate=1242917,solve=499090042	
velvet	crush-verify	1	Velvet/Examples/Examples.lean|38|10800841518550636949	sqrt_correct	123143008762622395	verified	not-requested	solver returned unsat; closed under the trust policy	660299001	collect=386292,pre-reconstruct=494708,normalize=905375,monomorphize=19750,instantiate=36500,translate=1921084,solve=656535292	
velvet	crush-verify	1	Velvet/Examples/Examples.lean|39|12457966505053151830	sqrt_correct	3661544389526892522	verified	not-requested	solver returned unsat; closed under the trust policy	602675957	collect=347500,pre-reconstruct=373958,normalize=873916,monomorphize=22292,instantiate=41291,translate=1934792,solve=599082208	
velvet	crush-verify	1	Velvet/Examples/Examples.lean|40|17578352201394481400	sqrt_correct	17578352201394481400	verified	not-requested	solver returned unsat; closed under the trust policy	632744166	collect=340375,pre-reconstruct=404917,normalize=886333,monomorphize=18916,instantiate=38500,translate=1891542,solve=629163583	
velvet	crush-verify	1	Velvet/Examples/Examples_Total.lean|2|1066791641437412485	insertionSort_total_correct	1066791641437412485	verified	not-requested	solver returned unsat; closed under the trust policy	626625624	collect=816250,pre-reconstruct=4013833,normalize=2943000,monomorphize=12891959,instantiate=72938625,translate=24532541,solve=508489416	
velvet	crush-verify	1	Velvet/Examples/Examples_Total.lean|3|9866248891257573647	insertionSort_total_correct	12810594954652992486	verified	not-requested	solver returned unsat; closed under the trust policy	4739170793	collect=315083,pre-reconstruct=802414250,normalize=4043000,monomorphize=30575375,instantiate=229084042,translate=60729334,solve=3612009709	
velvet	crush-verify	1	Velvet/Examples/Examples_Total.lean|4|18360837223612973524	insertionSort_total_correct	18360837223612973524	verified	not-requested	solver returned unsat; closed under the trust policy	636456999	collect=279709,pre-reconstruct=9187125,normalize=2840041,monomorphize=14061125,instantiate=80673875,translate=21273833,solve=508141291	
velvet	crush-verify	1	Velvet/Examples/Examples_Total.lean|5|11568103068982921353	insertionSort_total_correct	11568103068982921353	verified	not-requested	solver returned unsat; closed under the trust policy	603268750	collect=275708,pre-reconstruct=600167,normalize=2364583,monomorphize=11184500,instantiate=72342500,translate=18800917,solve=497700375	
velvet	crush-verify	1	Velvet/Examples/Examples_Total.lean|7|1066791641437412485	insertionSort_total_correct	1066791641437412485	verified	not-requested	solver returned unsat; closed under the trust policy	608572709	collect=288958,pre-reconstruct=2831166,normalize=2422209,monomorphize=11178917,instantiate=74898625,translate=22230500,solve=494722334	
velvet	crush-verify	1	Velvet/Examples/Examples_Total.lean|8|14825588553610653054	insertionSort_total_correct	13858382852922432078	unknown	not-attempted	solver exited without a verdict: cvc5 interrupted by timeout.	11421974084	collect=405167,pre-reconstruct=12796209,normalize=3253625,monomorphize=13918584,instantiate=295792500,translate=55209416,solve=5490167833,translate-fallback=53497000,solve-fallback=5496933750	
velvet	crush-verify	1	Velvet/Examples/Examples_Total.lean|10|11568103068982921353	insertionSort_total_correct	11568103068982921353	verified	not-requested	solver returned unsat; closed under the trust policy	616599209	collect=279667,pre-reconstruct=633166,normalize=2434250,monomorphize=11855042,instantiate=74665000,translate=18083959,solve=508648125	
velvet	crush-verify	1	Velvet/Examples/Examples_Total.lean|13|16465886849738339639	insertionSort_total_correct	13858382852922432078	verified	not-requested	solver returned unsat; closed under the trust policy	677399083	collect=314375,pre-reconstruct=10838792,normalize=2748708,monomorphize=11124458,instantiate=50280083,translate=16999167,solve=585093500	
velvet	crush-verify	1	Velvet/Examples/Examples_Total.lean|15|5918835836158453730	insertionSort_total_correct	5918835836158453730	selected-fact	not-attempted	closed from a selected Lean fact	270209	collect=270209	
velvet	crush-verify	1	Velvet/Examples/Examples_Total.lean|17|12155028420956038391	insertionSort_total_correct	12155028420956038391	verified	not-requested	solver returned unsat; closed under the trust policy	540480918	collect=173083,pre-reconstruct=984125,normalize=1354834,monomorphize=6685792,instantiate=1414000,translate=7252000,solve=522617084	
velvet	crush-verify	1	Velvet/Examples/Examples_Total.lean|18|14852526092468225565	insertionSort_total_correct	139088297960392149	verified	not-requested	solver returned unsat; closed under the trust policy	671072083	collect=285500,pre-reconstruct=544625,normalize=1778250,monomorphize=8432542,instantiate=49650750,translate=14514750,solve=595865666	
velvet	crush-verify	1	Velvet/Examples/Examples_Total.lean|21|12688677688377801211	insertionSort_total_correct	12688677688377801211	verified	not-requested	solver returned unsat; closed under the trust policy	540348583	collect=308709,pre-reconstruct=3360500,normalize=2655958,monomorphize=12583000,instantiate=2209208,translate=11484583,solve=507746625	
velvet	crush-verify	1	Velvet/Examples/Examples_Total.lean|22|7903702650473013145	insertionSort_total_correct	17272444315034915638	verified	not-requested	solver returned unsat; closed under the trust policy	720601292	collect=336500,pre-reconstruct=23372500,normalize=3429208,monomorphize=12684000,instantiate=59351542,translate=20170125,solve=601257417	
velvet	crush-verify	1	Velvet/Examples/Examples_Total.lean|24|18088860687919872176	insertionSort_total_correct	18088860687919872176	verified	not-requested	solver returned unsat; closed under the trust policy	527672083	collect=387958,pre-reconstruct=945458,normalize=2511125,monomorphize=12205375,instantiate=2453250,translate=11944042,solve=497224875	
velvet	crush-verify	1	Velvet/Examples/Examples_Total.lean|26|5379360585891885096	insertionSort_total_correct	5379360585891885096	verified	not-requested	solver returned unsat; closed under the trust policy	525293415	collect=268166,pre-reconstruct=1352083,normalize=1459584,monomorphize=7072291,instantiate=1409291,translate=7736292,solve=505995708	
velvet	crush-verify	1	Velvet/Examples/Examples_Total.lean|27|11248877774576345437	insertionSort_total_correct	139088297960392149	verified	not-requested	solver returned unsat; closed under the trust policy	698764709	collect=279167,pre-reconstruct=534083,normalize=1667792,monomorphize=9393750,instantiate=56832750,translate=15613042,solve=614444125	
velvet	crush-verify	1	Velvet/Examples/Examples_Total.lean|29|6709257883257101731	insertionSort_total_correct	6709257883257101731	selected-fact	not-attempted	closed from a selected Lean fact	243000	collect=243000	
velvet	crush-verify	1	Velvet/Examples/Examples_Total.lean|30|13894794097547967513	insertionSort_total_correct	13894794097547967513	verified	not-requested	solver returned unsat; closed under the trust policy	498039165	collect=104375,pre-reconstruct=1085958,normalize=144042,monomorphize=3144583,instantiate=959583,translate=5691833,solve=486908791	
velvet	crush-verify	1	Velvet/Examples/Examples_Total.lean|31|11235314628722112900	insertionSort_total_correct	14354530589729947841	verified	not-requested	solver returned unsat; closed under the trust policy	579282542	collect=198042,pre-reconstruct=134666,normalize=144541,monomorphize=5418584,instantiate=55362292,translate=12618792,solve=505405625	
velvet	crush-verify	1	Velvet/Examples/Examples_Total.lean|33|18214290959922115111	insertionSort_total_correct	17272444315034915638	verified	not-requested	solver returned unsat; closed under the trust policy	684897417	collect=267292,pre-reconstruct=10677459,normalize=2127333,monomorphize=9510584,instantiate=50605958,translate=15344041,solve=596364750	
velvet	crush-verify	1	Velvet/Examples/Examples_Total.lean|34|17119794831572106230	sqrt_total_correct	5307985127850147097	verified	not-requested	solver returned unsat; closed under the trust policy	516418999	collect=184958,pre-reconstruct=115833,normalize=118000,monomorphize=985625,instantiate=102125,translate=5116916,solve=509795542	
velvet	crush-verify	1	Velvet/Examples/Examples_Total.lean|35|16395326812896940336	sqrt_total_correct	3661544389526892522	verified	not-requested	solver returned unsat; closed under the trust policy	501605291	collect=175916,pre-reconstruct=116750,normalize=110459,monomorphize=968833,instantiate=94041,translate=5463875,solve=494675417	
velvet	crush-verify	1	Velvet/Examples/Examples_Total.lean|36|4559485301326837329	sqrt_total_correct	4559485301326837329	verified	not-requested	solver returned unsat; closed under the trust policy	506341708	collect=174125,pre-reconstruct=141416,normalize=121375,monomorphize=1004833,instantiate=101500,translate=4544917,solve=500253542	
velvet	crush-verify	1	Velvet/Examples/Examples_Total.lean|37|15833581759277421577	sqrt_total_correct	9636917653559417038	verified	not-requested	solver returned unsat; closed under the trust policy	545245502	collect=185959,pre-reconstruct=426708,normalize=151209,monomorphize=1919625,instantiate=120000,translate=5352709,solve=537089292	
velvet	crush-verify	1	Velvet/Examples/Examples_Total.lean|38|17892696244691966181	sqrt_total_correct	17892696244691966181	verified	not-requested	solver returned unsat; closed under the trust policy	537342249	collect=188458,pre-reconstruct=501709,normalize=163458,monomorphize=2530458,instantiate=95708,translate=5457542,solve=528404916	
velvet	crush-verify	1	Velvet/Examples/Examples_Total.lean|39|7228731597997214785	sqrt_total_correct	9636917653559417038	verified	not-requested	solver returned unsat; closed under the trust policy	571735876	collect=188708,pre-reconstruct=465250,normalize=145083,monomorphize=1560334,instantiate=96334,translate=5284417,solve=563995750	
velvet	crush-verify	1	Velvet/Examples/Examples_Total.lean|40|13073343856082995605	sqrt_total_correct	13073343856082995605	selected-fact	not-attempted	closed from a selected Lean fact	182333	collect=182333	
velvet	crush-verify	1	Velvet/Examples/Examples_Total.lean|41|13635698331308129878	sqrt_total_correct	9636917653559417038	verified	not-requested	solver returned unsat; closed under the trust policy	493931876	collect=106250,pre-reconstruct=109250,normalize=112083,monomorphize=1038458,instantiate=94209,translate=4863667,solve=487607959	
velvet	crush-verify	1	Velvet/Examples/Examples_Total.lean|42|10800841518550636949	sqrt_total_correct	123143008762622395	verified	not-requested	solver returned unsat; closed under the trust policy	565045916	collect=186417,pre-reconstruct=494750,normalize=152833,monomorphize=1915583,instantiate=95292,translate=5499666,solve=556701375	
velvet	crush-verify	1	Velvet/Examples/Examples_Total.lean|43|12457966505053151830	sqrt_total_correct	3661544389526892522	verified	not-requested	solver returned unsat; closed under the trust policy	582923666	collect=188583,pre-reconstruct=427542,normalize=152667,monomorphize=2005041,instantiate=93708,translate=5279333,solve=574776792	
velvet	crush-verify	1	Velvet/Examples/Examples_Total.lean|44|17578352201394481400	sqrt_total_correct	17578352201394481400	verified	not-requested	solver returned unsat; closed under the trust policy	523737960	collect=190167,pre-reconstruct=394500,normalize=154792,monomorphize=2181834,instantiate=110250,translate=5405125,solve=515301292	
velvet	crush-verify	1	Velvet/Examples/Examples_Total.lean|45|628191952620585962	cbrt_correct	5307985127850147097	verified	not-requested	solver returned unsat; closed under the trust policy	501802334	collect=179292,pre-reconstruct=122917,normalize=118125,monomorphize=1094750,instantiate=96917,translate=4649583,solve=495540750	
velvet	crush-verify	1	Velvet/Examples/Examples_Total.lean|46|5408980950461060684	cbrt_correct	6765116615704103050	verified	not-requested	solver returned unsat; closed under the trust policy	508960959	collect=175334,pre-reconstruct=113542,normalize=118125,monomorphize=1101166,instantiate=96292,translate=4767000,solve=502589500	
velvet	crush-verify	1	Velvet/Examples/Examples_Total.lean|47|17796805544787031687	cbrt_correct	17796805544787031687	verified	not-requested	solver returned unsat; closed under the trust policy	505112665	collect=164583,pre-reconstruct=107250,normalize=145833,monomorphize=1143500,instantiate=99458,translate=4550166,solve=498901875	
velvet	crush-verify	1	Velvet/Examples/Examples_Total.lean|48|12597585967811959528	cbrt_correct	6259749615389096762	verified	not-requested	solver returned unsat; closed under the trust policy	556380083	collect=191125,pre-reconstruct=414875,normalize=164708,monomorphize=2245084,instantiate=95666,translate=5607417,solve=547661208	
velvet	crush-verify	1	Velvet/Examples/Examples_Total.lean|49|17892696244691966181	cbrt_correct	17892696244691966181	verified	not-requested	solver returned unsat; closed under the trust policy	537466500	collect=199416,pre-reconstruct=572125,normalize=178791,monomorphize=3260167,instantiate=115917,translate=5659000,solve=527481084	
velvet	crush-verify	1	Velvet/Examples/Examples_Total.lean|50|11504389341422214604	cbrt_correct	6259749615389096762	unknown	not-attempted	solver exited without a verdict: cvc5 interrupted by timeout.	5495996166	collect=197209,pre-reconstruct=397250,normalize=158250,monomorphize=1858208,instantiate=99833,translate=5273125,solve=5488012291	
velvet	crush-verify	1	Velvet/Examples/Examples_Total.lean|51|1828175149019549874	cbrt_correct	1828175149019549874	selected-fact	not-attempted	closed from a selected Lean fact	188750	collect=188750	
velvet	crush-verify	1	Velvet/Examples/Examples_Total.lean|52|8027176826117333927	cbrt_correct	6259749615389096762	verified	not-requested	solver returned unsat; closed under the trust policy	513829209	collect=206167,pre-reconstruct=130583,normalize=135209,monomorphize=1346708,instantiate=126625,translate=5591459,solve=506292458	
velvet	crush-verify	1	Velvet/Examples/Examples_Total.lean|53|8642365996124661698	cbrt_correct	123143008762622395	verified	not-requested	solver returned unsat; closed under the trust policy	547678415	collect=212541,pre-reconstruct=618958,normalize=172958,monomorphize=2467250,instantiate=102208,translate=6019917,solve=538084583	
velvet	crush-verify	1	Velvet/Examples/Examples_Total.lean|54|1031468476226669362	cbrt_correct	6765116615704103050	verified	not-requested	solver returned unsat; closed under the trust policy	769695333	collect=186917,pre-reconstruct=425333,normalize=180083,monomorphize=2330750,instantiate=101625,translate=5526542,solve=760944083	
velvet	crush-verify	1	Velvet/Examples/Examples_Total.lean|55|9859620190106577091	cbrt_correct	9859620190106577091	verified	not-requested	solver returned unsat; closed under the trust policy	570421792	collect=187417,pre-reconstruct=404333,normalize=176334,monomorphize=2838375,instantiate=92958,translate=5430875,solve=561291500	
velvet	crush-verify	1	Velvet/Examples/Examples_Total.lean|58|17809363630590163151	sqrt_bn_correct	3661544389526892522	verified	not-requested	solver returned unsat; closed under the trust policy	563893666	collect=223708,pre-reconstruct=524375,normalize=208959,monomorphize=4217916,instantiate=104292,translate=6800583,solve=551813833	
velvet	crush-verify	1	Velvet/Examples/Examples_Total.lean|59|3756677303263535492	sqrt_bn_correct	3756677303263535492	verified	not-requested	solver returned unsat; closed under the trust policy	528140418	collect=252584,pre-reconstruct=806542,normalize=213375,monomorphize=4161334,instantiate=109417,translate=8033375,solve=514563791	
velvet	crush-verify	1	Velvet/Examples/Examples_Total.lean|61|845228717509319176	sqrt_bn_correct	845228717509319176	verified	not-requested	solver returned unsat; closed under the trust policy	503858791	collect=224292,pre-reconstruct=553042,normalize=307708,monomorphize=5446333,instantiate=125125,translate=7609166,solve=489593125	
velvet	crush-verify	1	Velvet/Examples/Examples_Total.lean|62|14080923781397173690	sqrt_bn_correct	3661544389526892522	verified	not-requested	solver returned unsat; closed under the trust policy	550759789	collect=249125,pre-reconstruct=483291,normalize=186708,monomorphize=3935666,instantiate=127166,translate=7000125,solve=538777708	
velvet	crush-verify	1	Velvet/Examples/Examples_Total.lean|63|2013384436827156188	sqrt_bn_correct	2013384436827156188	verified	not-requested	solver returned unsat; closed under the trust policy	535576041	collect=213708,pre-reconstruct=547208,normalize=195292,monomorphize=4170750,instantiate=94917,translate=6675375,solve=523678791	
velvet	crush-verify	1	Velvet/Examples/Examples_Total.lean|66|14080923781397173690	sqrt_bn_correct	3661544389526892522	verified	not-requested	solver returned unsat; closed under the trust policy	547147458	collect=242583,pre-reconstruct=508916,normalize=165958,monomorphize=2323083,instantiate=105292,translate=6661334,solve=537140292	
velvet	crush-verify	1	Velvet/Examples/Examples_Total.lean|67|5112937323286018014	sqrt_bn_correct	5112937323286018014	selected-fact	not-attempted	closed from a selected Lean fact	192500	collect=192500	
velvet	crush-verify	1	Velvet/Examples/Examples_Total.lean|68|4559485301326837329	sqrt_bn_correct	4559485301326837329	verified	not-requested	solver returned unsat; closed under the trust policy	507833251	collect=112042,pre-reconstruct=107625,normalize=104250,monomorphize=1122458,instantiate=93542,translate=4594417,solve=501698917	
velvet	crush-verify	1	Velvet/Examples/Examples_Total.lean|70|16395326812896940336	sqrt_bn_correct	3661544389526892522	verified	not-requested	solver returned unsat; closed under the trust policy	501333625	collect=173542,pre-reconstruct=136667,normalize=110416,monomorphize=1203875,instantiate=112083,translate=5911250,solve=493685792	
velvet	crush-verify	1	Velvet/Examples/Examples_Total.lean|71|18362062349273978007	sqrt_bn_correct	7232745374090633776	verified	not-requested	solver returned unsat; closed under the trust policy	586831665	collect=220666,pre-reconstruct=529875,normalize=159625,monomorphize=2298875,instantiate=95958,translate=6483458,solve=577043208	
velvet	crush-verify	1	Velvet/Examples/Examples_Total.lean|72|8802921734925604215	sqrt_bn_correct	3661544389526892522	verified	not-requested	solver returned unsat; closed under the trust policy	544453666	collect=209750,pre-reconstruct=435875,normalize=157708,monomorphize=2412667,instantiate=106458,translate=6635875,solve=534495333	
velvet	crush-verify	1	Velvet/Examples/GCD.lean|2|9601099415740649235	gcd_correct	9601099415740649235	verified	not-requested	solver returned unsat; closed under the trust policy	523767458	collect=2091167,pre-reconstruct=691083,normalize=1536000,monomorphize=105959,instantiate=2291625,translate=5564666,solve=511486958	
velvet	crush-verify	1	Velvet/Examples/IsNonPrime.lean|1|3150397294412475763	IsNonPrime_correct	3150397294412475763	sat	not-attempted	solver returned sat	1173916375	collect=807917,pre-reconstruct=3243500,normalize=218584,monomorphize=108542,instantiate=247166,translate=5372333,solve=1163918333	
velvet	crush-verify	1	Velvet/Examples/IsNonPrime.lean|2|8498703091421742660	IsNonPrime_correct	8498703091421742660	verified	not-requested	solver returned unsat; closed under the trust policy	1085314499	collect=296000,pre-reconstruct=126583,normalize=1440833,monomorphize=19125,instantiate=40958,translate=3428709,solve=1079962291	
velvet	crush-verify	1	Velvet/Examples/IsNonPrime.lean|3|15405612526479945524	IsNonPrime_correct	15405612526479945524	verified	not-requested	solver returned unsat; closed under the trust policy	1182288124	collect=251250,pre-reconstruct=3710792,normalize=1930625,monomorphize=17333,instantiate=39083,translate=3234500,solve=1173104541	
velvet	crush-verify	1	Velvet/Examples/IsNonPrime.lean|4|3635621084297233985	IsNonPrime_correct	3635621084297233985	selected-fact	not-attempted	closed from a selected Lean fact	233208	collect=233208	
velvet	crush-verify	1	Velvet/Examples/IsNonPrime.lean|5|8498703091421742660	IsNonPrime_correct	8498703091421742660	verified	not-requested	solver returned unsat; closed under the trust policy	1102806166	collect=173166,pre-reconstruct=124542,normalize=1118958,monomorphize=16375,instantiate=37542,translate=2907542,solve=1098428041	
velvet	crush-verify	1	Velvet/Examples/IsNonPrime.lean|6|15497101072354692966	IsNonPrime_correct	15497101072354692966	unknown	not-attempted	solver exited without a verdict: cvc5 interrupted by timeout.	6167486376	collect=291625,pre-reconstruct=22627000,normalize=1667000,monomorphize=17334,instantiate=44125,translate=3934958,solve=6138904334	
velvet	crush-verify	1	Velvet/Examples/IsNonPrime.lean|7|3635621084297233985	IsNonPrime_correct	3635621084297233985	selected-fact	not-attempted	closed from a selected Lean fact	256000	collect=256000	
velvet	crush-verify	1	Velvet/Examples/IsNonPrime.lean|11|16017810969246570786	IsNonPrime_correct	16017810969246570786	selected-fact	not-attempted	closed from a selected Lean fact	229000	collect=229000	
velvet	crush-verify	1	Velvet/Examples/IsNonPrime.lean|12|12543135627460772462	IsNonPrime_correct	12543135627460772462	verified	not-requested	solver returned unsat; closed under the trust policy	1115557999	collect=110875,pre-reconstruct=107291,normalize=47334,monomorphize=13459,instantiate=36541,translate=851291,solve=1114391208	
velvet	crush-verify	1	Velvet/Examples/IsNonPrime.lean|13|1572539502098385654	IsNonPrime_correct	1572539502098385654	verified	not-requested	solver returned unsat; closed under the trust policy	1180802375	collect=214625,pre-reconstruct=1905625,normalize=967833,monomorphize=17625,instantiate=38625,translate=1894708,solve=1175763334	
velvet	crush-verify	1	Velvet/Examples/IsNonPrime.lean|14|11076373139303988464	IsNonPrime_correct	11076373139303988464	verified	not-requested	solver returned unsat; closed under the trust policy	1132564001	collect=141792,pre-reconstruct=107958,normalize=64334,monomorphize=12625,instantiate=35167,translate=1390625,solve=1130811500	
velvet	crush-verify	1	Velvet/Examples/IsNonPrime.lean|15|15559572021364972958	IsNonPrime_correct	15559572021364972958	unknown	not-attempted	solver exited without a verdict: cvc5 interrupted by timeout.	6347759584	collect=317375,pre-reconstruct=172356500,normalize=1458875,monomorphize=18292,instantiate=43542,translate=2887625,solve=6170677375	
velvet	crush-verify	1	Velvet/Examples/IsSorted.lean|1|11207960766534651515	IsSorted_correct	11207960766534651515	verified	not-requested	solver returned unsat; closed under the trust policy	1202711417	collect=3037458,pre-reconstruct=5075875,normalize=3833917,monomorphize=129667,instantiate=657143250,translate=42836125,solve=490655125	
velvet	crush-verify	1	Velvet/Examples/IsSorted.lean|2|4413675682266163545	IsSorted_correct	7061492355100973697	verified	not-requested	solver returned unsat; closed under the trust policy	2662916668	collect=514959,pre-reconstruct=668250,normalize=3351583,monomorphize=28209,instantiate=2210520042,translate=86906916,solve=360926709	
velvet	crush-verify	1	Velvet/Examples/IsSorted.lean|3|9518487208184120090	IsSorted_correct	9518487208184120090	pre-reconstructed	not-attempted	closed before SMT translation	23949833	collect=497167,pre-reconstruct=23452666	
velvet	crush-verify	1	Velvet/Examples/IsSorted.lean|4|11207960766534651515	IsSorted_correct	11207960766534651515	verified	not-requested	solver returned unsat; closed under the trust policy	1202319499	collect=471083,pre-reconstruct=2670125,normalize=3126916,monomorphize=26500,instantiate=660105125,translate=36983250,solve=498936500	
velvet	crush-verify	1	Velvet/Examples/IsSorted.lean|5|16465854614385299804	IsSorted_correct	7061492355100973697	verified	not-requested	solver returned unsat; closed under the trust policy	2712206625	collect=503250,pre-reconstruct=562708,normalize=3311875,monomorphize=29333,instantiate=2228999417,translate=87514042,solve=391286000	
velvet	crush-verify	1	Velvet/Examples/IsSorted.lean|6|1749803822950348457	IsSorted_correct	9518487208184120090	verified	not-requested	solver returned unsat; closed under the trust policy	2413223457	collect=546833,pre-reconstruct=1234384042,normalize=3974625,monomorphize=27333,instantiate=665562291,translate=38750000,solve=469978333	
velvet	crush-verify	1	Velvet/Examples/IsSorted.lean|7|6461838523585744673	IsSorted_correct	6461838523585744673	verified	not-requested	solver returned unsat; closed under the trust policy	727791333	collect=458375,pre-reconstruct=1821291,normalize=2795917,monomorphize=25000,instantiate=278623042,translate=18365458,solve=425702250	
velvet	crush-verify	1	Velvet/Examples/IsSorted.lean|8|5698263445699273715	IsSorted_correct	7061492355100973697	verified	not-requested	solver returned unsat; closed under the trust policy	1612316709	collect=477584,pre-reconstruct=524000,normalize=2847375,monomorphize=27000,instantiate=1147119167,translate=55527875,solve=405793708	
velvet	crush-verify	1	Velvet/Examples/IsSorted.lean|9|1749803822950348457	IsSorted_correct	9518487208184120090	verified	not-requested	solver returned unsat; closed under the trust policy	1662599500	collect=624334,pre-reconstruct=811125875,normalize=4026791,monomorphize=34792,instantiate=371017458,translate=22219291,solve=453550959	
velvet	crush-verify	1	Velvet/Examples/IsSorted.lean|10|16458001095677251802	IsSorted_correct	16458001095677251802	verified	not-requested	solver returned unsat; closed under the trust policy	786139874	collect=451083,pre-reconstruct=50423458,normalize=3059500,monomorphize=29958,instantiate=319378583,translate=18035250,solve=394762042	
velvet	crush-verify	1	Velvet/Examples/IsSorted.lean|11|11716511832970583731	IsSorted_correct	11716511832970583731	verified	not-requested	solver returned unsat; closed under the trust policy	629300334	collect=368750,pre-reconstruct=1268833,normalize=1348667,monomorphize=19292,instantiate=182141083,translate=14174875,solve=429978834	
velvet	crush-verify	1	Velvet/Examples/IsSorted.lean|12|13412663338101939313	IsSorted_correct	7061492355100973697	verified	not-requested	solver returned unsat; closed under the trust policy	950581583	collect=437792,pre-reconstruct=168917,normalize=1692708,monomorphize=21042,instantiate=535411458,translate=28799166,solve=384050500	
velvet	crush-verify	1	Velvet/Examples/IsSorted.lean|13|10877051663303345536	IsSorted_correct	9518487208184120090	pre-reconstructed	not-attempted	closed before SMT translation	8516250	collect=401875,pre-reconstruct=8114375	
velvet	crush-verify	1	Velvet/Examples/IsSorted.lean|14|2102916384874846137	IsSorted_correct	2102916384874846137	verified	not-requested	solver returned unsat; closed under the trust policy	6606030251	collect=469209,pre-reconstruct=187787750,normalize=3303708,monomorphize=34875,instantiate=123690667,translate=17750708,solve=5474513959,translate-fallback=20124375,solve-fallback=778355000	
velvet	crush-verify	1	Velvet/Examples/MaxElem.lean|1|6189042491608852705	maxElem_correct	6189042491608852705	verified	not-requested	solver returned unsat; closed under the trust policy	501116292	collect=1954125,pre-reconstruct=4582750,normalize=3694709,monomorphize=126125,instantiate=249833,translate=14991000,solve=475517750	
velvet	crush-verify	1	Velvet/Examples/MaxElem.lean|2|13979591039540523316	maxElem_correct	8435436090805571502	verified	not-requested	solver returned unsat; closed under the trust policy	504852417	collect=711500,pre-reconstruct=2055417,normalize=2449834,monomorphize=23041,instantiate=43083,translate=6907583,solve=492661959	
velvet	crush-verify	1	Velvet/Examples/MaxElem.lean|3|6189042491608852705	maxElem_correct	6189042491608852705	verified	not-requested	solver returned unsat; closed under the trust policy	510620959	collect=503250,pre-reconstruct=1940417,normalize=2119583,monomorphize=21666,instantiate=40709,translate=4671917,solve=501323417	
velvet	crush-verify	1	Velvet/Examples/MaxElem.lean|4|3496913807798796367	maxElem_correct	3368518466434627767	verified	not-requested	solver returned unsat; closed under the trust policy	478234876	collect=713709,pre-reconstruct=528667,normalize=2325959,monomorphize=21333,instantiate=39416,translate=4744084,solve=469861708	
velvet	crush-verify	1	Velvet/Examples/MaxElem.lean|5|13935834157065255340	maxElem_correct	13935834157065255340	verified	not-requested	solver returned unsat; closed under the trust policy	505816459	collect=475458,pre-reconstruct=1602792,normalize=2381000,monomorphize=21917,instantiate=37208,translate=3646334,solve=497651750	
velvet	crush-verify	1	Velvet/Examples/MaxElem.lean|6|10716558625718226994	maxElem_correct	3368518466434627767	verified	not-requested	solver returned unsat; closed under the trust policy	460228250	collect=715416,pre-reconstruct=431041,normalize=1845584,monomorphize=21625,instantiate=36917,translate=3839792,solve=453337875	
velvet	crush-verify	1	Velvet/Examples/MaxElem.lean|7|12429897440204793908	maxElem_correct	12429897440204793908	verified	not-requested	solver returned unsat; closed under the trust policy	507782207	collect=492583,pre-reconstruct=788625,normalize=1989625,monomorphize=23958,instantiate=46208,translate=3642708,solve=500798500	
velvet	crush-verify	1	Velvet/Examples/MaxElem.lean|8|6662270672118944889	maxElem_correct	6662270672118944889	verified	not-requested	solver returned unsat; closed under the trust policy	475333334	collect=344667,pre-reconstruct=1624458,normalize=701959,monomorphize=14875,instantiate=34292,translate=2378291,solve=470234792	
velvet	crush-verify	1	Velvet/Examples/MaxElem.lean|9|10294878435885712953	maxElem_correct	4988386822408839803	verified	not-requested	solver returned unsat; closed under the trust policy	493970834	collect=470333,pre-reconstruct=135458,normalize=1160584,monomorphize=16209,instantiate=38958,translate=3841958,solve=488307334	
velvet	crush-verify	1	Velvet/Examples/MaxElem.lean|10|15821608085576758365	maxElem_correct	14098165805487489891	verified	not-requested	solver returned unsat; closed under the trust policy	524141583	collect=532041,pre-reconstruct=860000,normalize=1838042,monomorphize=22000,instantiate=36917,translate=5436958,solve=515415625	
velvet	crush-verify	1	Velvet/Examples/MemAlloc.lean|1|633235845480694220	mem_alloc_correct	13644601314536403191	pre-reconstructed	not-attempted	closed before SMT translation	79331292	collect=32935208,pre-reconstruct=46396084	
velvet	crush-verify	1	Velvet/Examples/MemAlloc.lean|2|12262280732602434251	mem_alloc_correct	17594606446654630769	pre-reconstructed	not-attempted	closed before SMT translation	43232251	collect=2806209,pre-reconstruct=40426042	
velvet	crush-verify	1	Velvet/Examples/MemAlloc.lean|3|5395433166570123997	mem_alloc_correct	5395433166570123997	verified	not-requested	solver returned unsat; closed under the trust policy	1269774417	collect=2560958,pre-reconstruct=1219583,normalize=5752333,monomorphize=121042,instantiate=256542,translate=14819875,solve=1245044084	
velvet	crush-verify	1	Velvet/Examples/MemAlloc.lean|4|7858921023181799469	mem_alloc_correct	7858921023181799469	unknown	not-attempted	no reason given	1545619709	collect=2495458,pre-reconstruct=376422417,normalize=4673750,monomorphize=37292,instantiate=54208,translate=5793625,solve=1156142959	
velvet	crush-verify	1	Velvet/Examples/MemAlloc.lean|5|12307778664191690486	mem_alloc_correct	12307778664191690486	verified	not-requested	solver returned unsat; closed under the trust policy	1416397210	collect=2519042,pre-reconstruct=210241833,normalize=4184292,monomorphize=41125,instantiate=43500,translate=5916959,solve=1193450459	
velvet	crush-verify	1	Velvet/Examples/MemAlloc.lean|6|14651957694487509304	mem_alloc_correct	14651957694487509304	selected-fact	not-attempted	closed from a selected Lean fact	2814875	collect=2814875	
velvet	crush-verify	1	Velvet/Examples/MemAlloc.lean|7|5395433166570123997	mem_alloc_correct	5395433166570123997	verified	not-requested	solver returned unsat; closed under the trust policy	1182099456	collect=2397833,pre-reconstruct=1142000,normalize=4229791,monomorphize=21666,instantiate=100000,translate=5475125,solve=1168733041	
velvet	crush-verify	1	Velvet/Examples/MemAlloc.lean|11|7320909626913503829	mem_alloc_correct	7320909626913503829	selected-fact	not-attempted	closed from a selected Lean fact	2670750	collect=2670750	
velvet	crush-verify	1	Velvet/Examples/MemAlloc.lean|12|13680370559755953061	mem_alloc_correct	13680370559755953061	selected-fact	not-attempted	closed from a selected Lean fact	1922166	collect=1922166	
velvet	crush-verify	1	Velvet/Examples/MemAlloc.lean|13|5395433166570123997	mem_alloc_correct	5395433166570123997	verified	not-requested	solver returned unsat; closed under the trust policy	1185323542	collect=2386959,pre-reconstruct=760208,normalize=2050667,monomorphize=21208,instantiate=46708,translate=2963792,solve=1177094000	
velvet	crush-verify	1	Velvet/Examples/MemAlloc.lean|14|9725332222063365643	mem_alloc_correct	9725332222063365643	pre-reconstructed	not-attempted	closed before SMT translation	210652334	collect=2204250,pre-reconstruct=208448084	
velvet	crush-verify	1	Velvet/Examples/MemAlloc.lean|15|400422252958227942	mem_alloc_correct	400422252958227942	pre-reconstructed	not-attempted	closed before SMT translation	29501501	collect=2145834,pre-reconstruct=27355667	
velvet	crush-verify	1	Velvet/Examples/MemAlloc.lean|16|880346177993498408	mem_alloc_correct	880346177993498408	selected-fact	not-attempted	closed from a selected Lean fact	2114750	collect=2114750	
velvet	crush-verify	1	Velvet/Examples/MemAlloc.lean|17|15369885961681168000	mem_alloc_correct	4370218357807814088	unknown	not-attempted	no reason given	1301901665	collect=2033666,pre-reconstruct=43219666,normalize=5254208,monomorphize=31167,instantiate=77333,translate=10329125,solve=1240956500	
velvet	crush-verify	1	Velvet/Examples/MemAlloc.lean|18|633235845480694220	mem_alloc_correct	13644601314536403191	unknown	not-attempted	no reason given	1269971625	collect=2479542,pre-reconstruct=51505083,normalize=4805917,monomorphize=26250,instantiate=49250,translate=8332541,solve=1202773042	
velvet	crush-verify	1	Velvet/Examples/Recursion.lean|2|16321134497628070328	simple_recursion_correct	16321134497628070328	verified	not-requested	solver returned unsat; closed under the trust policy	503709168	collect=611125,pre-reconstruct=3884791,normalize=358042,monomorphize=103875,instantiate=271334,translate=5866042,solve=492613959	
velvet	crush-verify	1	Velvet/Examples/Recursion.lean|3|15399959404188881270	pickGreater_correct	15399959404188881270	pre-reconstructed	not-attempted	closed before SMT translation	84696709	collect=750542,pre-reconstruct=83946167	
velvet	crush-verify	1	Velvet/Examples/Recursion.lean|4|6729724634728447689	pickGreater_correct	6729724634728447689	verified	not-requested	solver returned unsat; closed under the trust policy	357273834	collect=363917,pre-reconstruct=325042,normalize=1318250,monomorphize=13833,instantiate=41292,translate=1170875,solve=354040625	
velvet	crush-verify	1	Velvet/Examples/Recursion.lean|5|6331840417009367668	pickGreaterN_correct	6331840417009367668	verified	not-requested	solver returned unsat; closed under the trust policy	495497043	collect=621875,pre-reconstruct=114542,normalize=553584,monomorphize=14333,instantiate=44125,translate=1049209,solve=493099375	
velvet	crush-verify	1	Velvet/Examples/Recursion.lean|6|928177310960349346	pickGreaterN_correct	928177310960349346	verified	not-requested	solver returned unsat; closed under the trust policy	424538459	collect=458250,pre-reconstruct=152417,normalize=1302667,monomorphize=14500,instantiate=44708,translate=1781833,solve=420784084	
velvet	crush-verify	1	Velvet/Examples/Recursion.lean|7|14502607232842720358	calc_fact_correct	14502607232842720358	verified	not-requested	solver returned unsat; closed under the trust policy	514739458	collect=938292,pre-reconstruct=466583,normalize=836000,monomorphize=25042,instantiate=22032166,translate=2402292,solve=488039083	
velvet	crush-verify	1	Velvet/Examples/Recursion.lean|8|5360899794933563671	calc_fact_correct	5360899794933563671	selected-fact	not-attempted	closed from a selected Lean fact	441708	collect=441708	
velvet	crush-verify	1	Velvet/Examples/Recursion.lean|9|16083086069592683677	calc_fact_correct	16083086069592683677	verified	not-requested	solver returned unsat; closed under the trust policy	507113166	collect=328166,pre-reconstruct=2810041,normalize=1617417,monomorphize=21459,instantiate=42630917,translate=3785458,solve=455919708	
velvet	crush-verify	1	Velvet/Examples/Recursion.lean|10|17426933449823366573	calc_fact_correct	17426933449823366573	verified	not-requested	solver returned unsat; closed under the trust policy	463507375	collect=406834,pre-reconstruct=191792,normalize=1956458,monomorphize=29291,instantiate=51987417,translate=3966375,solve=404969208	
velvet	crush-verify	1	Velvet/Examples/Recursion.lean|13|3040060259141493307	calc_fact_correct	3040060259141493307	selected-fact	not-attempted	closed from a selected Lean fact	419375	collect=419375	
velvet	crush-verify	1	Velvet/Examples/Recursion.lean|14|8843960039229350233	calc_fact_correct	8843960039229350233	verified	not-requested	solver returned unsat; closed under the trust policy	526694166	collect=312500,pre-reconstruct=113875,normalize=962041,monomorphize=20333,instantiate=40880166,translate=3023042,solve=481382209	
velvet	crush-verify	1	Velvet/Examples/Recursion.lean|15|414362943496193222	calc_fact_correct	414362943496193222	verified	not-requested	solver returned unsat; closed under the trust policy	376484918	collect=374292,pre-reconstruct=1156084,normalize=1314834,monomorphize=19833,instantiate=40959042,translate=3450750,solve=329210083	
velvet	crush-verify	1	Velvet/Examples/Recursion.lean|16|17682712502848666117	calc_fact_correct	17682712502848666117	verified	not-requested	solver returned unsat; closed under the trust policy	591320667	collect=421292,pre-reconstruct=457417,normalize=1281417,monomorphize=22500,instantiate=44448291,translate=3620875,solve=541068875	
velvet	crush-verify	1	Velvet/Examples/Recursion.lean|17|10153057550358142642	SimpleOption_correct	10153057550358142642	verified	not-requested	solver returned unsat; closed under the trust policy	423913084	collect=448708,pre-reconstruct=110042,normalize=1105667,monomorphize=18208,instantiate=24271083,translate=1886792,solve=396072584	
velvet	crush-verify	1	Velvet/Examples/Recursion.lean|18|1511426402368662420	SimpleOption_correct	1511426402368662420	verified	not-requested	solver returned unsat; closed under the trust policy	584655001	collect=367417,pre-reconstruct=123500,normalize=1122709,monomorphize=17375,instantiate=52857833,translate=2142042,solve=528024125	
velvet	crush-verify	1	Velvet/Examples/Recursion.lean|19|12303175613740643342	SimpleList_correct	12303175613740643342	verified	not-requested	solver returned unsat; closed under the trust policy	515995875	collect=650750,pre-reconstruct=137834,normalize=1408375,monomorphize=22792,instantiate=57599542,translate=5998666,solve=450177916	
velvet	crush-verify	1	Velvet/Examples/Recursion.lean|20|10153057550358142642	SimpleList_correct	10153057550358142642	verified	not-requested	solver returned unsat; closed under the trust policy	401118207	collect=373584,pre-reconstruct=112708,normalize=1217458,monomorphize=19291,instantiate=24943333,translate=2492958,solve=371958875	
velvet	crush-verify	1	Velvet/Examples/Recursion.lean|21|419217539048902517	insertTree_correct	6124558152003517874	verified	not-requested	solver returned unsat; closed under the trust policy	501105710	collect=798042,pre-reconstruct=905042,normalize=1433334,monomorphize=8515084,instantiate=9836541,translate=4917834,solve=474699833	
velvet	crush-verify	1	Velvet/Examples/Recursion.lean|23|14100858011260313832	insertTree_correct	10921538662002129566	verified	not-requested	solver returned unsat; closed under the trust policy	375297751	collect=482083,pre-reconstruct=902584,normalize=1657292,monomorphize=5309917,instantiate=10240375,translate=5141250,solve=351564250	
velvet	crush-verify	1	Velvet/Examples/Recursion.lean|24|5439148242694091386	insertTree_correct	5439148242694091386	verified	not-requested	solver returned unsat; closed under the trust policy	523915583	collect=480833,pre-reconstruct=1193125,normalize=2234250,monomorphize=5180500,instantiate=10388708,translate=4887958,solve=499550209	
velvet	crush-verify	1	Velvet/Examples/Recursion.lean|25|13358020527010658417	insertTree_correct	13358020527010658417	verified	not-requested	solver returned unsat; closed under the trust policy	405413167	collect=467792,pre-reconstruct=677625,normalize=1525000,monomorphize=4615833,instantiate=9652542,translate=4382791,solve=384091584	
velvet	crush-verify	1	Velvet/Examples/Recursion.lean|26|8603391761408256204	insertTree_correct	11864513577345326864	verified	not-requested	solver returned unsat; closed under the trust policy	525336792	collect=650042,pre-reconstruct=1009375,normalize=2166833,monomorphize=6022291,instantiate=10449417,translate=4926667,solve=500112167	
velvet	crush-verify	1	Velvet/Examples/Recursion.lean|27|403261720200322615	insertTree_correct	403261720200322615	verified	not-requested	solver returned unsat; closed under the trust policy	456563124	collect=475875,pre-reconstruct=1276375,normalize=2400166,monomorphize=5076584,instantiate=10967333,translate=5243083,solve=431123708	
velvet	crush-verify	1	Velvet/Examples/Recursion.lean|28|13334821868243949956	insertTree_correct	13334821868243949956	verified	not-requested	solver returned unsat; closed under the trust policy	423530668	collect=502250,pre-reconstruct=753959,normalize=1609333,monomorphize=4930209,instantiate=9810166,translate=4491084,solve=401433667	
velvet	crush-verify	1	Velvet/Examples/Recursion.lean|29|10034441991535992553	insertTree_correct	2266607705858558304	verified	not-requested	solver returned unsat; closed under the trust policy	515721541	collect=483500,pre-reconstruct=691291,normalize=1475917,monomorphize=4651833,instantiate=9428291,translate=4338750,solve=494651959	
velvet	crush-verify	1	Velvet/Examples/Recursion.lean|30|8410732340261024813	insertTree_correct	18206415606574627385	verified	not-requested	solver returned unsat; closed under the trust policy	372390335	collect=831375,pre-reconstruct=2403584,normalize=2940209,monomorphize=11989042,instantiate=11253834,translate=7936583,solve=335035708	
velvet	crush-verify	1	Velvet/Examples/Recursion.lean|31|13887296291903300382	insertTree_correct	13887296291903300382	verified	not-requested	solver returned unsat; closed under the trust policy	542602041	collect=578458,pre-reconstruct=1580000,normalize=2678750,monomorphize=12038833,instantiate=12443958,translate=8362083,solve=504919959	
velvet	crush-verify	1	Velvet/Examples/Recursion.lean|32|6517665507579609563	insertTree_correct	6517665507579609563	verified	not-requested	solver returned unsat; closed under the trust policy	423389997	collect=571958,pre-reconstruct=1550083,normalize=2530541,monomorphize=11215375,instantiate=11323541,translate=7295666,solve=388902833	
velvet	crush-verify	1	Velvet/Examples/Recursion.lean|34|4691160922418792609	insertTree_correct	3724966807215875960	verified	not-requested	solver returned unsat; closed under the trust policy	546249458	collect=617917,pre-reconstruct=2337000,normalize=3053083,monomorphize=13481958,instantiate=10930708,translate=8351333,solve=507477459	
velvet	crush-verify	1	Velvet/Examples/Recursion.lean|35|5459752633259142580	insertTree_correct	5459752633259142580	verified	not-requested	solver returned unsat; closed under the trust policy	482599583	collect=894250,pre-reconstruct=1912125,normalize=3101250,monomorphize=13327084,instantiate=13220333,translate=8614166,solve=441530375	
velvet	crush-verify	1	Velvet/Examples/Recursion.lean|36|14235806948139691359	insertTree_correct	14235806948139691359	verified	not-requested	solver returned unsat; closed under the trust policy	462248332	collect=634791,pre-reconstruct=1857584,normalize=3292708,monomorphize=13768042,instantiate=14224291,translate=8725416,solve=419745500	
velvet	crush-verify	1	Velvet/Examples/Recursion.lean|38|7037529583856086989	insertTree_correct	14769059022653274503	verified	not-requested	solver returned unsat; closed under the trust policy	482137125	collect=630750,pre-reconstruct=2574667,normalize=3071166,monomorphize=15199750,instantiate=12587250,translate=8551667,solve=439521875	
velvet	crush-verify	1	Velvet/Examples/Recursion.lean|39|5348143843544294657	insertTree_correct	5348143843544294657	verified	not-requested	solver returned unsat; closed under the trust policy	483187541	collect=817542,pre-reconstruct=1755042,normalize=2938833,monomorphize=12760333,instantiate=11190583,translate=8010625,solve=445714583	
velvet	crush-verify	1	Velvet/Examples/Recursion.lean|40|11865403806314311412	insertTree_correct	11865403806314311412	verified	not-requested	solver returned unsat; closed under the trust policy	470858293	collect=765708,pre-reconstruct=2031958,normalize=3447584,monomorphize=12946750,instantiate=12203084,translate=8689334,solve=430773875	
velvet	crush-verify	1	Velvet/Examples/Recursion.lean|41|4528940613904177901	complex_measure_binsearch_correct	4528940613904177901	unknown	not-attempted	solver exited without a verdict: cvc5 interrupted by timeout.	10867470335	collect=854708,pre-reconstruct=141959,normalize=1657042,monomorphize=22458,instantiate=11357917,translate=2980833,solve=5422198917,translate-fallback=2506459,solve-fallback=5425750042	
velvet	crush-verify	1	Velvet/Examples/Recursion.lean|47|9897963110172432531	complex_measure_binsearch_correct	9897963110172432531	verified	not-requested	solver returned unsat; closed under the trust policy	449018915	collect=829709,pre-reconstruct=210333,normalize=2180166,monomorphize=25333,instantiate=11676708,translate=4040458,solve=430056208	
velvet	crush-verify	1	Velvet/Examples/Recursion.lean|51|5804668677648722939	pow2_correct	5804668677648722939	verified	not-requested	solver returned unsat; closed under the trust policy	412902917	collect=1000542,pre-reconstruct=1523417,normalize=1723958,monomorphize=20750,instantiate=17189042,translate=2945833,solve=388499375	
velvet	crush-verify	1	Velvet/Examples/Recursion.lean|52|5360899794933563671	pow2_correct	5360899794933563671	selected-fact	not-attempted	closed from a selected Lean fact	541875	collect=541875	
velvet	crush-verify	1	Velvet/Examples/Recursion.lean|53|2669204144888843361	pow2_correct	2669204144888843361	verified	not-requested	solver returned unsat; closed under the trust policy	532299541	collect=507666,pre-reconstruct=2939125,normalize=2892875,monomorphize=29292,instantiate=24498500,translate=5362875,solve=496069208	
velvet	crush-verify	1	Velvet/Examples/Recursion.lean|54|17426933449823366573	pow2_correct	17426933449823366573	verified	not-requested	solver returned unsat; closed under the trust policy	417924917	collect=501250,pre-reconstruct=166583,normalize=2756917,monomorphize=27834,instantiate=21287708,translate=4315542,solve=388869083	
velvet	crush-verify	1	Velvet/Examples/Recursion.lean|57|3040060259141493307	pow2_correct	3040060259141493307	selected-fact	not-attempted	closed from a selected Lean fact	512750	collect=512750	
velvet	crush-verify	1	Velvet/Examples/Recursion.lean|58|8843960039229350233	pow2_correct	8843960039229350233	verified	not-requested	solver returned unsat; closed under the trust policy	499186626	collect=315583,pre-reconstruct=118125,normalize=1941334,monomorphize=24084,instantiate=17135250,translate=2718375,solve=476933875	
velvet	crush-verify	1	Velvet/Examples/Recursion.lean|59|11033618788013063028	pow2_correct	11033618788013063028	selected-fact	not-attempted	closed from a selected Lean fact	458458	collect=458458	
velvet	crush-verify	1	Velvet/Examples/Recursion.lean|60|12960500676855313787	pow2_correct	12960500676855313787	verified	not-requested	solver returned unsat; closed under the trust policy	478606710	collect=455125,pre-reconstruct=1640083,normalize=2417750,monomorphize=28125,instantiate=23201584,translate=4389709,solve=446474334	
velvet	crush-verify	1	Velvet/Examples/SmallHeartBeats.lean|1|15016508801900672495	LeftmostMaximalDigit_correct	15236574120941310609	unknown	not-attempted	solver exited without a verdict: cvc5 interrupted by timeout.	5440508374	collect=4029416,pre-reconstruct=1914000,normalize=6321541,monomorphize=119708,instantiate=253834,translate=15643500,solve=5412226375	
velvet	crush-verify	1	Velvet/Examples/SmallHeartBeats.lean|2|15016508801900672495	LeftmostMaximalDigit_correct	15236574120941310609	unknown	not-attempted	solver exited without a verdict: cvc5 interrupted by timeout.	5500214666	collect=566459,pre-reconstruct=526167,normalize=6144500,monomorphize=27416,instantiate=41625,translate=11340166,solve=5481568333	
velvet	crush-verify	1	Velvet/Examples/SmallHeartBeats.lean|3|2028202278093280602	LeftmostMaximalDigit_correct	6121938255858659784	verified	not-requested	solver returned unsat; closed under the trust policy	5340572499	collect=453375,pre-reconstruct=554791,normalize=5882000,monomorphize=24708,instantiate=40834,translate=10291500,solve=5323325291	
velvet	crush-verify	1	Velvet/Examples/SmallHeartBeats.lean|4|15016508801900672495	LeftmostMaximalDigit_correct	15236574120941310609	unknown	not-attempted	solver exited without a verdict: cvc5 interrupted by timeout.	5435183165	collect=534500,pre-reconstruct=616375,normalize=5930833,monomorphize=45666,instantiate=67875,translate=10104750,solve=5417883166	
velvet	crush-verify	1	Velvet/Examples/SmallHeartBeats.lean|5|15016508801900672495	LeftmostMaximalDigit_correct	15236574120941310609	unknown	not-attempted	solver exited without a verdict: cvc5 interrupted by timeout.	5460363333	collect=441416,pre-reconstruct=526875,normalize=5744000,monomorphize=24625,instantiate=39084,translate=9690208,solve=5443897125	
velvet	crush-verify	1	Velvet/Examples/SmallHeartBeats.lean|6|3737123472131748703	LeftmostMaximalDigit_correct	15236574120941310609	unknown	not-attempted	solver exited without a verdict: cvc5 interrupted by timeout.	5500161791	collect=474125,pre-reconstruct=668542,normalize=5500458,monomorphize=35666,instantiate=54750,translate=10929000,solve=5482499250	
velvet	crush-verify	1	Velvet/Examples/SmallHeartBeats.lean|7|7513237505621560861	LeftmostMaximalDigit_correct	7513237505621560861	selected-fact	not-attempted	closed from a selected Lean fact	457750	collect=457750	
velvet	crush-verify	1	Velvet/Examples/SmallHeartBeats.lean|8|8096766621563827002	LeftmostMaximalDigit_correct	17680906660210225647	verified	not-requested	solver returned unsat; closed under the trust policy	511731501	collect=301125,pre-reconstruct=388208,normalize=3196209,monomorphize=24125,instantiate=42959,translate=5443083,solve=502335792	
velvet	crush-verify	1	Velvet/Examples/SmallHeartBeats.lean|9|18343663110535115658	LeftmostMaximalDigit_correct	5956152800418677151	unknown	not-attempted	solver exited without a verdict: cvc5 interrupted by timeout.	5456153668	collect=482709,pre-reconstruct=10645917,normalize=5454083,monomorphize=24959,instantiate=41750,translate=13720500,solve=5425783750	
velvet	crush-verify	1	Velvet/Examples/SpMSpV_Example.lean|2|8738685113314976701	VSpV_correct	8738685113314976701	verified	not-requested	solver returned unsat; closed under the trust policy	544183540	collect=2447750,pre-reconstruct=658833,normalize=2421583,monomorphize=15486333,instantiate=10001833,translate=19751417,solve=493415791	
velvet	crush-verify	1	Velvet/Examples/SpMSpV_Example.lean|3|3203096880704497577	VSpV_correct	3203096880704497577	verified	not-requested	solver returned unsat; closed under the trust policy	580193415	collect=295833,pre-reconstruct=9467541,normalize=2259125,monomorphize=21504834,instantiate=35949916,translate=25665333,solve=485050833	
velvet	crush-verify	1	Velvet/Examples/SpMSpV_Example.lean|7|6511268073169614694	VSpV_correct	6511268073169614694	verified	not-requested	solver returned unsat; closed under the trust policy	515340167	collect=276625,pre-reconstruct=813042,normalize=2050792,monomorphize=13656666,instantiate=8226208,translate=12888542,solve=477428292	
velvet	crush-verify	1	Velvet/Examples/SpMSpV_Example.lean|9|975338514235632457	VSpV_correct	975338514235632457	verified	not-requested	solver returned unsat; closed under the trust policy	515870333	collect=228625,pre-reconstruct=107458,normalize=171000,monomorphize=11058291,instantiate=1576625,translate=9425834,solve=493302500	
velvet	crush-verify	1	Velvet/Examples/SpMSpV_Example.lean|10|12341185047943028706	VSpV_correct	12341185047943028706	verified	not-requested	solver returned unsat; closed under the trust policy	539882457	collect=251125,pre-reconstruct=2570166,normalize=251375,monomorphize=13944000,instantiate=13437208,translate=12881708,solve=496546875	
velvet	crush-verify	1	Velvet/Examples/SpMSpV_Example.lean|15|10035930273513517515	spmv_correct	16911588290658345398	verified	not-requested	solver returned unsat; closed under the trust policy	610971251	collect=315750,pre-reconstruct=11078417,normalize=442542,monomorphize=30308292,instantiate=23484083,translate=27220083,solve=518122084	
velvet	crush-verify	1	Velvet/Examples/SpMSpV_Example.lean|16|4828757563640441921	spmv_correct	17150622328021244237	verified	not-requested	solver returned unsat; closed under the trust policy	775039541	collect=313791,pre-reconstruct=23047958,normalize=626334,monomorphize=52114084,instantiate=66455791,translate=61568791,solve=570912792	
velvet	crush-verify	1	Velvet/Examples/SpMSpV_Example.lean|19|9723121325275610683	spmv_correct	5118812006968681161	verified	not-requested	solver returned unsat; closed under the trust policy	535743874	collect=292375,pre-reconstruct=615416,normalize=372458,monomorphize=25305875,instantiate=4322208,translate=19184709,solve=485650833	
velvet	crush-verify	1	Velvet/Examples/SpMSpV_Example.lean|20|17138153512408342530	spmv_correct	10058067986739430896	verified	not-requested	solver returned unsat; closed under the trust policy	566618832	collect=310750,pre-reconstruct=4023166,normalize=390791,monomorphize=27310250,instantiate=14575208,translate=25872875,solve=494135792	
velvet	crush-verify	1	Velvet/Examples/SpMSpV_Example.lean|21|1779879977175361606	spmv_correct	9652275006870831740	verified	not-requested	solver returned unsat; closed under the trust policy	548268166	collect=302875,pre-reconstruct=4194000,normalize=415750,monomorphize=24769833,instantiate=4528833,translate=19160334,solve=494896541	
velvet	crush-verify	1	Velvet/Examples/SpMSpV_Example.lean|24|3184815126966959579	spmv_correct	4431820435980120265	verified	not-requested	solver returned unsat; closed under the trust policy	527134082	collect=239375,pre-reconstruct=125125,normalize=209583,monomorphize=18170000,instantiate=2809708,translate=13243708,solve=492336583	
velvet	crush-verify	1	Velvet/Examples/SpMSpV_Example.lean|25|1119395027554635835	spmv_correct	13937701322092251966	verified	not-requested	solver returned unsat; closed under the trust policy	576006916	collect=260542,pre-reconstruct=3826333,normalize=270667,monomorphize=24371000,instantiate=14592291,translate=23829625,solve=508856458	
velvet	crush-verify	1	Velvet/Examples/SpMSpV_Example.lean|26|2867453267844152322	spmv_correct	4156424914757912501	verified	not-requested	solver returned unsat; closed under the trust policy	621219751	collect=321084,pre-reconstruct=7058708,normalize=480709,monomorphize=37999750,instantiate=14926666,translate=32985500,solve=527447334	
velvet	crush-verify	1	Velvet/Examples/SpMSpV_Example.lean|29|12365816836206760017	SpVSpV_correct	12365816836206760017	verified	not-requested	solver returned unsat; closed under the trust policy	652729834	collect=399875,pre-reconstruct=3330542,normalize=5807375,monomorphize=40944042,instantiate=55104167,translate=39419583,solve=507724250	
velvet	crush-verify	1	Velvet/Examples/SpMSpV_Example.lean|30|14837198768818932204	SpVSpV_correct	16126165560622542066	verified	not-requested	solver returned unsat; closed under the trust policy	787742040	collect=424166,pre-reconstruct=9287000,normalize=6623125,monomorphize=48333792,instantiate=142871541,translate=66937583,solve=513264833	
velvet	crush-verify	1	Velvet/Examples/SpMSpV_Example.lean|32|15323100967004739210	SpVSpV_correct	15323100967004739210	verified	not-requested	solver returned unsat; closed under the trust policy	624529250	collect=390042,pre-reconstruct=2287458,normalize=5953833,monomorphize=43271875,instantiate=55526708,translate=39493459,solve=477605875	
velvet	crush-verify	1	Velvet/Examples/SpMSpV_Example.lean|33|10656169208955874266	SpVSpV_correct	10656169208955874266	verified	not-requested	solver returned unsat; closed under the trust policy	686223499	collect=415125,pre-reconstruct=5203833,normalize=6497084,monomorphize=43045500,instantiate=88729958,translate=52312708,solve=490019291	
velvet	crush-verify	1	Velvet/Examples/SpMSpV_Example.lean|35|9762937465648280212	SpVSpV_correct	9762937465648280212	verified	not-requested	solver returned unsat; closed under the trust policy	637874375	collect=458667,pre-reconstruct=2843958,normalize=6270375,monomorphize=41290542,instantiate=55044708,translate=41132584,solve=490833541	
velvet	crush-verify	1	Velvet/Examples/SpMSpV_Example.lean|36|2195194365498566470	SpVSpV_correct	2195194365498566470	verified	not-requested	solver returned unsat; closed under the trust policy	704078875	collect=410667,pre-reconstruct=4655042,normalize=6229417,monomorphize=43749333,instantiate=90260917,translate=51670291,solve=507103208	
velvet	crush-verify	1	Velvet/Examples/SpMSpV_Example.lean|38|11853401597336712609	SpVSpV_correct	11853401597336712609	verified	not-requested	solver returned unsat; closed under the trust policy	632802250	collect=386125,pre-reconstruct=1284667,normalize=5595875,monomorphize=37754666,instantiate=54297209,translate=36799583,solve=496684125	
velvet	crush-verify	1	Velvet/Examples/SpMSpV_Example.lean|40|2836632441074815746	SpVSpV_correct	2836632441074815746	verified	not-requested	solver returned unsat; closed under the trust policy	639964626	collect=384292,pre-reconstruct=933459,normalize=5408500,monomorphize=37009250,instantiate=54391708,translate=39536667,solve=502300750	
velvet	crush-verify	1	Velvet/Examples/SpMSpV_Example.lean|42|9157999431728333977	SpVSpV_correct	9157999431728333977	verified	not-requested	solver returned unsat; closed under the trust policy	546929666	collect=374250,pre-reconstruct=1342625,normalize=4468208,monomorphize=31910667,instantiate=6616458,translate=20430917,solve=481786541	
velvet	crush-verify	1	Velvet/Examples/SpMSpV_Example.lean|43|12484676100150332319	SpVSpV_correct	12484676100150332319	verified	not-requested	solver returned unsat; closed under the trust policy	644793625	collect=401000,pre-reconstruct=3514000,normalize=6017875,monomorphize=34644167,instantiate=84073000,translate=31356083,solve=484787500	
velvet	crush-verify	1	Velvet/Examples/SpMSpV_Example.lean|44|6547543738413559297	SpVSpV_correct	6547543738413559297	verified	not-requested	solver returned unsat; closed under the trust policy	643118126	collect=398125,pre-reconstruct=2769083,normalize=5472542,monomorphize=45783083,instantiate=56848625,translate=41180834,solve=490665834	
velvet	crush-verify	1	Velvet/Examples/SpMSpV_Example.lean|49|16599719904663808863	SpMSpV_correct	6207658206744569200	verified	not-requested	solver returned unsat; closed under the trust policy	703700040	collect=477958,pre-reconstruct=21312333,normalize=6524791,monomorphize=66944334,instantiate=26193291,translate=42795208,solve=539452125	
velvet	crush-verify	1	Velvet/Examples/SpMSpV_Example.lean|50|9413868035314052637	SpMSpV_correct	954402073916344576	verified	not-requested	solver returned unsat; closed under the trust policy	694773666	collect=538792,pre-reconstruct=20034458,normalize=6216833,monomorphize=65102333,instantiate=24388417,translate=44978458,solve=533514375	
velvet	crush-verify	1	Velvet/Examples/SpMSpV_Example.lean|51|11331147013392176036	SpMSpV_correct	1456818390559341560	verified	not-requested	solver returned unsat; closed under the trust policy	1116609916	collect=506958,pre-reconstruct=51046500,normalize=8065667,monomorphize=83304500,instantiate=186807625,translate=157969916,solve=628908750	
velvet	crush-verify	1	Velvet/Examples/SpMSpV_Example.lean|55|16599719904663808863	SpMSpV_correct	6207658206744569200	verified	not-requested	solver returned unsat; closed under the trust policy	701745126	collect=477959,pre-reconstruct=21188917,normalize=6819167,monomorphize=69544208,instantiate=25993625,translate=46174542,solve=531546708	
velvet	crush-verify	1	Velvet/Examples/SpMSpV_Example.lean|56|14915918579342464454	SpMSpV_correct	14801354580617985578	verified	not-requested	solver returned unsat; closed under the trust policy	643463917	collect=509250,pre-reconstruct=2956875,normalize=6549750,monomorphize=66061542,instantiate=20383375,translate=41717542,solve=505285583	
velvet	crush-verify	1	Velvet/Examples/SpMSpV_Example.lean|57|9290686424640906065	SpMSpV_correct	4686021491981357338	verified	not-requested	solver returned unsat; closed under the trust policy	1228091499	collect=482291,pre-reconstruct=23573166,normalize=7706583,monomorphize=74015417,instantiate=124468917,translate=106189666,solve=891655459	
velvet	crush-verify	1	Velvet/Examples/SpMSpV_Example.lean|61|4823872097887552574	SpMSpV_correct	14465487365256530385	verified	not-requested	solver returned unsat; closed under the trust policy	633233625	collect=528625,pre-reconstruct=3037292,normalize=6501167,monomorphize=67686125,instantiate=17631208,translate=43351917,solve=494497291	
velvet	crush-verify	1	Velvet/Examples/SpMSpV_Example.lean|62|9413868035314052637	SpMSpV_correct	954402073916344576	verified	not-requested	solver returned unsat; closed under the trust policy	700224167	collect=584458,pre-reconstruct=20388625,normalize=7020875,monomorphize=70445250,instantiate=26103125,translate=46658500,solve=529023334	
velvet	crush-verify	1	Velvet/Examples/SpMSpV_Example.lean|63|4033875047981720732	SpMSpV_correct	6105912413912116647	verified	not-requested	solver returned unsat; closed under the trust policy	1410725249	collect=511209,pre-reconstruct=24164667,normalize=7159833,monomorphize=74972541,instantiate=123300375,translate=107450708,solve=1073165916	
velvet	crush-verify	1	Velvet/Examples/SpMSpV_Example.lean|67|4823872097887552574	SpMSpV_correct	14465487365256530385	verified	not-requested	solver returned unsat; closed under the trust policy	622961083	collect=458083,pre-reconstruct=2763250,normalize=5500667,monomorphize=55139750,instantiate=10570583,translate=33614208,solve=514914542	
velvet	crush-verify	1	Velvet/Examples/SpMSpV_Example.lean|68|14915918579342464454	SpMSpV_correct	14801354580617985578	verified	not-requested	solver returned unsat; closed under the trust policy	614997001	collect=465917,pre-reconstruct=2751875,normalize=5432084,monomorphize=54357000,instantiate=9390958,translate=33750792,solve=508848375	
velvet	crush-verify	1	Velvet/Examples/SpMSpV_Example.lean|69|10972595422634862877	SpMSpV_correct	282711820722505660	verified	not-requested	solver returned unsat; closed under the trust policy	767596960	collect=452667,pre-reconstruct=9350375,normalize=6425583,monomorphize=59884834,instantiate=79768959,translate=82806459,solve=528908083	
velvet	crush-verify	1	Velvet/Examples/SpMSpV_Example.lean|70|8550776788309984180	SpMSpV_correct	11199427504012316075	verified	not-requested	solver returned unsat; closed under the trust policy	677193124	collect=446625,pre-reconstruct=4375541,normalize=5740333,monomorphize=56921167,instantiate=34529583,translate=49186792,solve=525993083	
velvet	crush-verify	1	Velvet/Examples/SpMSpV_Example.lean|74|3184815126966959579	SpMSpV_correct	4431820435980120265	verified	not-requested	solver returned unsat; closed under the trust policy	571867998	collect=364666,pre-reconstruct=117833,normalize=4370583,monomorphize=41051708,instantiate=7140833,translate=24315083,solve=494507292	
velvet	crush-verify	1	Velvet/Examples/SpMSpV_Example.lean|75|5592904318722155373	SpMSpV_correct	14215810846060684506	verified	not-requested	solver returned unsat; closed under the trust policy	564107793	collect=381500,pre-reconstruct=120834,normalize=4612417,monomorphize=39444792,instantiate=6681334,translate=25186458,solve=487680458	
velvet	crush-verify	1	Velvet/Examples/SpMSpV_Example.lean|76|9139246173028146264	SpMSpV_correct	17952347404366761422	verified	not-requested	solver returned unsat; closed under the trust policy	767681667	collect=398333,pre-reconstruct=6383042,normalize=5907541,monomorphize=47003750,instantiate=83735417,translate=96712167,solve=527541417	
velvet	crush-verify	1	Velvet/Examples/SpMSpV_Example.lean|77|1600226093076966364	SpMSpV_correct	16517394122866365312	verified	not-requested	solver returned unsat; closed under the trust policy	865328751	collect=510250,pre-reconstruct=5858334,normalize=6105834,monomorphize=70490083,instantiate=18843625,translate=44556542,solve=718964083	
velvet	crush-verify	1	Velvet/Examples/SubstringSearch.lean|1|18217664312208415458	SubstringSearch_correct	174702952739697047	verified	not-requested	solver returned unsat; closed under the trust policy	531606166	collect=584500,pre-reconstruct=5598250,normalize=318333,monomorphize=102541,instantiate=230166,translate=9255459,solve=515516917	
velvet	crush-verify	1	Velvet/Examples/SubstringSearch.lean|2|14717207787831772510	SubstringSearch_correct	16168922198445788	verified	not-requested	solver returned unsat; closed under the trust policy	480269415	collect=188625,pre-reconstruct=4186000,normalize=1709375,monomorphize=19833,instantiate=47291,translate=4841458,solve=469276833	
velvet	crush-verify	1	Velvet/Examples/SubstringSearch.lean|3|10323933724704776680	SubstringSearch_correct	12116471866077996373	verified	not-requested	solver returned unsat; closed under the trust policy	514368293	collect=141584,pre-reconstruct=1652167,normalize=114125,monomorphize=15666,instantiate=35417,translate=3178917,solve=509230417	
velvet	crush-verify	1	Velvet/Examples/SubstringSearch.lean|4|8391554914672281118	SubstringSearch_correct	4974301628068507188	selected-fact	not-attempted	closed from a selected Lean fact	130958	collect=130958	
velvet	crush-verify	1	Velvet/Examples/SubstringSearch.lean|5|6640297411548399355	SubstringSearch_correct	6640297411548399355	verified	not-requested	solver returned unsat; closed under the trust policy	500615999	collect=66250,pre-reconstruct=101292,normalize=54625,monomorphize=13208,instantiate=35666,translate=1497250,solve=498847708	
velvet	crush-verify	1	Velvet/Examples/SubstringSearch.lean|6|4492008039209323302	SubstringSearch_correct	4492008039209323302	verified	not-requested	solver returned unsat; closed under the trust policy	509302334	collect=810792,pre-reconstruct=981417,normalize=3164042,monomorphize=39875,instantiate=39625,translate=10735208,solve=493531375	
velvet	crush-verify	1	Velvet/Examples/SubstringSearch.lean|7|16506446102682745284	SubstringSearch_correct	16506446102682745284	verified	not-requested	solver returned unsat; closed under the trust policy	497049459	collect=560417,pre-reconstruct=857625,normalize=3631208,monomorphize=45792,instantiate=48250,translate=11968667,solve=479937500	
velvet	crush-verify	1	Velvet/Examples/SubstringSearch.lean|8|4056255141881592010	SubstringSearch_correct	4056255141881592010	selected-fact	not-attempted	closed from a selected Lean fact	568417	collect=568417	
velvet	crush-verify	1	Velvet/Examples/SubstringSearch.lean|9|10653939026877543916	SubstringSearch_correct	10653939026877543916	verified	not-requested	solver returned unsat; closed under the trust policy	502826165	collect=409958,pre-reconstruct=637375,normalize=3189083,monomorphize=44750,instantiate=46375,translate=11325791,solve=487172833	
velvet	crush-verify	1	Velvet/Examples/SubstringSearch.lean|11|18143633401136980304	SubstringSearch_correct	18143633401136980304	verified	not-requested	solver returned unsat; closed under the trust policy	498719084	collect=544709,pre-reconstruct=685250,normalize=3242250,monomorphize=39792,instantiate=39583,translate=10900625,solve=483266875	
velvet	crush-verify	1	Velvet/Examples/SubstringSearch.lean|12|16856248441874989194	SubstringSearch_correct	16856248441874989194	verified	not-requested	solver returned unsat; closed under the trust policy	498747334	collect=515125,pre-reconstruct=652709,normalize=3152958,monomorphize=43583,instantiate=41709,translate=11135333,solve=483205917	
velvet	crush-verify	1	Velvet/Examples/SubstringSearch.lean|13|1598574868652780333	SubstringSearch_correct	2623082850227027838	verified	not-requested	solver returned unsat; closed under the trust policy	548082917	collect=530250,pre-reconstruct=2365625,normalize=3864667,monomorphize=43000,instantiate=44334,translate=12091583,solve=529143458	
velvet	crush-verify	1	Velvet/Examples/SubstringSearch.lean|14|6083540873046640352	SubstringSearch_correct	14001892521180047693	verified	not-requested	solver returned unsat; closed under the trust policy	530431333	collect=576500,pre-reconstruct=7980917,normalize=4468500,monomorphize=46250,instantiate=45958,translate=13005750,solve=504307458	
velvet	crush-verify	1	Velvet/Examples/SubstringSearch.lean|15|18314524564682266162	SubstringSearch_correct	174702952739697047	verified	not-requested	solver returned unsat; closed under the trust policy	511354083	collect=559500,pre-reconstruct=3408666,normalize=3418417,monomorphize=41000,instantiate=41791,translate=11388834,solve=492495875	
velvet	crush-verify	1	Velvet/Examples/SubstringSearch.lean|16|14859665284842375974	SubstringSearch_correct	14695100313578779437	verified	not-requested	solver returned unsat; closed under the trust policy	505205084	collect=587584,pre-reconstruct=6194000,normalize=3576334,monomorphize=41500,instantiate=50125,translate=11818833,solve=482936708	
velvet	crush-verify	1	Velvet/Examples/SubstringSearch.lean|17|16859604855349517182	SubstringSearch_correct	5978146869369588613	unknown	not-attempted	solver exited without a verdict: cvc5 interrupted by timeout.	5537215499	collect=521667,pre-reconstruct=4812833,normalize=4293458,monomorphize=53791,instantiate=41417,translate=13232791,solve=5514259542	
velvet	crush-verify	1	Velvet/Examples/SubstringSearch.lean|18|12762377925475098934	SubstringSearch_correct	12762377925475098934	verified	not-requested	solver returned unsat; closed under the trust policy	508363707	collect=579042,pre-reconstruct=732833,normalize=3388458,monomorphize=46291,instantiate=39417,translate=11592708,solve=491984958	
velvet	crush-verify	1	Velvet/Examples/SubstringSearch.lean|19|4492008039209323302	SubstringSearch_correct	4492008039209323302	verified	not-requested	solver returned unsat; closed under the trust policy	506618793	collect=535875,pre-reconstruct=680042,normalize=3280959,monomorphize=39750,instantiate=39958,translate=11439292,solve=490602917	
velvet	crush-verify	1	Velvet/Examples/SubstringSearch.lean|20|16506446102682745284	SubstringSearch_correct	16506446102682745284	verified	not-requested	solver returned unsat; closed under the trust policy	493121917	collect=515750,pre-reconstruct=688542,normalize=3212792,monomorphize=40500,instantiate=40166,translate=11111500,solve=477512667	
velvet	crush-verify	1	Velvet/Examples/SubstringSearch.lean|21|4056255141881592010	SubstringSearch_correct	4056255141881592010	selected-fact	not-attempted	closed from a selected Lean fact	525750	collect=525750	
velvet	crush-verify	1	Velvet/Examples/SubstringSearch.lean|24|18214680451177329292	SubstringSearch_correct	18214680451177329292	verified	not-requested	solver returned unsat; closed under the trust policy	505376041	collect=572125,pre-reconstruct=687500,normalize=3173000,monomorphize=41458,instantiate=41125,translate=10791125,solve=490069708	
velvet	crush-verify	1	Velvet/Examples/SubstringSearch.lean|25|4587180649363296126	SubstringSearch_correct	4587180649363296126	verified	not-requested	solver returned unsat; closed under the trust policy	498243000	collect=502875,pre-reconstruct=654750,normalize=3173375,monomorphize=39500,instantiate=39084,translate=10747458,solve=483085958	
velvet	crush-verify	1	Velvet/Examples/SubstringSearch.lean|26|1598574868652780333	SubstringSearch_correct	2623082850227027838	verified	not-requested	solver returned unsat; closed under the trust policy	504486874	collect=545500,pre-reconstruct=1989792,normalize=3979250,monomorphize=43041,instantiate=45208,translate=11918000,solve=485966083	
velvet	crush-verify	1	Velvet/Examples/SubstringSearch.lean|27|7138545743425854663	SubstringSearch_correct	5155269417983951744	verified	not-requested	solver returned unsat; closed under the trust policy	534061166	collect=570458,pre-reconstruct=5302791,normalize=4053542,monomorphize=47958,instantiate=48208,translate=12233250,solve=511804959	
velvet	crush-verify	1	Velvet/Examples/SubstringSearch.lean|28|4681422515724674825	SubstringSearch_correct	174702952739697047	verified	not-requested	solver returned unsat; closed under the trust policy	504895667	collect=564459,pre-reconstruct=3436416,normalize=3568500,monomorphize=43208,instantiate=42834,translate=11875583,solve=485364667	
velvet	crush-verify	1	Velvet/Examples/SubstringSearch.lean|29|14859665284842375974	SubstringSearch_correct	14695100313578779437	verified	not-requested	solver returned unsat; closed under the trust policy	510841750	collect=524958,pre-reconstruct=6777500,normalize=3890834,monomorphize=45708,instantiate=46500,translate=12846417,solve=486709833	
velvet	crush-verify	1	Velvet/Examples/SubstringSearch.lean|30|15621397202025328223	SubstringSearch_correct	16429357329401941578	unknown	not-attempted	solver exited without a verdict: cvc5 interrupted by timeout.	5513142209	collect=586291,pre-reconstruct=4145292,normalize=3992916,monomorphize=48542,instantiate=43709,translate=12707375,solve=5491618084	
velvet	crush-verify	1	Velvet/Examples/SubstringSearch.lean|31|12762377925475098934	SubstringSearch_correct	12762377925475098934	verified	not-requested	solver returned unsat; closed under the trust policy	515696874	collect=576750,pre-reconstruct=902000,normalize=3708958,monomorphize=42750,instantiate=49958,translate=12859125,solve=497557333	
velvet	crush-verify	1	Velvet/Examples/SubstringSearch.lean|32|6640297411548399355	SubstringSearch_correct	6640297411548399355	verified	not-requested	solver returned unsat; closed under the trust policy	491599085	collect=496917,pre-reconstruct=616459,normalize=2983333,monomorphize=37959,instantiate=38333,translate=10693875,solve=476732209	
velvet	crush-verify	1	Velvet/Examples/SubstringSearch.lean|33|12035722151280848636	SubstringSearch_correct	12035722151280848636	verified	not-requested	solver returned unsat; closed under the trust policy	505009501	collect=528042,pre-reconstruct=686375,normalize=3290875,monomorphize=45375,instantiate=44959,translate=11356000,solve=489057875	
velvet	crush-verify	1	Velvet/Examples/SubstringSearch.lean|34|4056255141881592010	SubstringSearch_correct	4056255141881592010	selected-fact	not-attempted	closed from a selected Lean fact	530375	collect=530375	
velvet	crush-verify	1	Velvet/Examples/SubstringSearch.lean|37|11007454110672083430	SubstringSearch_correct	11007454110672083430	verified	not-requested	solver returned unsat; closed under the trust policy	500025917	collect=568959,pre-reconstruct=648875,normalize=3011292,monomorphize=39208,instantiate=38792,translate=10472958,solve=485245833	
velvet	crush-verify	1	Velvet/Examples/SubstringSearch.lean|38|4587180649363296126	SubstringSearch_correct	4587180649363296126	verified	not-requested	solver returned unsat; closed under the trust policy	514232832	collect=535041,pre-reconstruct=646709,normalize=3089792,monomorphize=39916,instantiate=39750,translate=10992916,solve=498888708	
velvet	crush-verify	1	Velvet/Examples/SubstringSearch.lean|39|4995387128902807839	SubstringSearch_correct	2623082850227027838	verified	not-requested	solver returned unsat; closed under the trust policy	513352251	collect=531417,pre-reconstruct=2027708,normalize=3658583,monomorphize=44334,instantiate=40750,translate=12033917,solve=495015542	
velvet	crush-verify	1	Velvet/Examples/SubstringSearch.lean|40|7138545743425854663	SubstringSearch_correct	5155269417983951744	verified	not-requested	solver returned unsat; closed under the trust policy	517047626	collect=534167,pre-reconstruct=5252334,normalize=3778250,monomorphize=40375,instantiate=40666,translate=13179250,solve=494222584	
velvet	crush-verify	1	Velvet/Examples/SubstringSearch.lean|41|4681422515724674825	SubstringSearch_correct	174702952739697047	verified	not-requested	solver returned unsat; closed under the trust policy	508442959	collect=566167,pre-reconstruct=3606334,normalize=3761792,monomorphize=45333,instantiate=46333,translate=11818042,solve=488598958	
velvet	crush-verify	1	Velvet/Examples/SubstringSearch.lean|42|9257442500105266102	SubstringSearch_correct	11774711000685261052	selected-fact	not-attempted	closed from a selected Lean fact	521417	collect=521417	
velvet	crush-verify	1	Velvet/Examples/SubstringSearch.lean|43|15621397202025328223	SubstringSearch_correct	16429357329401941578	verified	not-requested	solver returned unsat; closed under the trust policy	3970592624	collect=507625,pre-reconstruct=3814958,normalize=3614458,monomorphize=41958,instantiate=39875,translate=12738292,solve=3949835458	
velvet	crush-verify	1	Velvet/Examples/SubstringSearch.lean|44|12762377925475098934	SubstringSearch_correct	12762377925475098934	verified	not-requested	solver returned unsat; closed under the trust policy	501279002	collect=489125,pre-reconstruct=860834,normalize=3391459,monomorphize=38709,instantiate=39875,translate=12307000,solve=484152000	
velvet	crush-verify	1	Velvet/Examples/SubstringSearch.lean|52|7110337632391962636	SubstringSearch_correct	2623082850227027838	verified	not-requested	solver returned unsat; closed under the trust policy	507734834	collect=808625,pre-reconstruct=2439125,normalize=3487750,monomorphize=46292,instantiate=50125,translate=11882750,solve=489020167	
velvet	crush-verify	1	Velvet/Examples/SubstringSearch.lean|53|7138545743425854663	SubstringSearch_correct	5155269417983951744	verified	not-requested	solver returned unsat; closed under the trust policy	523955292	collect=548042,pre-reconstruct=4685292,normalize=3552416,monomorphize=47750,instantiate=38792,translate=11580291,solve=503502709	
velvet	crush-verify	1	Velvet/Examples/SubstringSearch.lean|54|12240785285064077065	SubstringSearch_correct	174702952739697047	verified	not-requested	solver returned unsat; closed under the trust policy	512814000	collect=527042,pre-reconstruct=3639417,normalize=3654125,monomorphize=42875,instantiate=42458,translate=11869167,solve=493038916	
velvet	crush-verify	1	Velvet/Examples/SubstringSearch.lean|55|8901178409804151575	SubstringSearch_correct	6856589615962544519	verified	not-requested	solver returned unsat; closed under the trust policy	526946627	collect=541584,pre-reconstruct=3534084,normalize=3308084,monomorphize=43750,instantiate=44625,translate=11134292,solve=508340208	
velvet	crush-verify	1	Velvet/Examples/SubstringSearch.lean|56|8890844706151052704	SubstringSearch_correct	16429357329401941578	verified	not-requested	solver returned unsat; closed under the trust policy	2208463127	collect=513167,pre-reconstruct=4211959,normalize=3900041,monomorphize=43542,instantiate=45459,translate=12882959,solve=2186866000	
velvet	crush-verify	1	Velvet/Examples/SubstringSearch.lean|57|8801584380004644131	SubstringSearch_correct	8801584380004644131	selected-fact	not-attempted	closed from a selected Lean fact	617208	collect=617208	
velvet	crush-verify	1	Velvet/Examples/SubstringSearch.lean|58|6640297411548399355	SubstringSearch_correct	6640297411548399355	verified	not-requested	solver returned unsat; closed under the trust policy	484315000	collect=95583,pre-reconstruct=106875,normalize=52708,monomorphize=13042,instantiate=34666,translate=1605667,solve=482406459	
velvet	crush-verify	1	Velvet/Examples/SubstringSearch.lean|59|6640297411548399355	SubstringSearch_correct	6640297411548399355	verified	not-requested	solver returned unsat; closed under the trust policy	479928417	collect=127667,pre-reconstruct=107417,normalize=51375,monomorphize=12375,instantiate=31500,translate=1548375,solve=478049708	
velvet	crush-verify	1	Velvet/Examples/SubstringSearch.lean|60|17707774690084689736	SubstringSearch_correct	17707774690084689736	verified	not-requested	solver returned unsat; closed under the trust policy	503314625	collect=137125,pre-reconstruct=128166,normalize=56708,monomorphize=13959,instantiate=36208,translate=1863709,solve=501078750	
velvet	crush-verify	1	Velvet/Examples/SubstringSearch.lean|61|6640297411548399355	SubstringSearch_correct	6640297411548399355	verified	not-requested	solver returned unsat; closed under the trust policy	475066708	collect=124792,pre-reconstruct=109750,normalize=53166,monomorphize=14250,instantiate=35625,translate=1537542,solve=473191583	
velvet	crush-verify	1	Velvet/Examples/SubstringSearch.lean|62|4974301628068507188	SubstringSearch_correct	4974301628068507188	verified	not-requested	solver returned unsat; closed under the trust policy	491123876	collect=133834,pre-reconstruct=121959,normalize=52833,monomorphize=14125,instantiate=34292,translate=1859417,solve=488907416	
velvet	crush-verify	1	Velvet/Examples/SubstringSearch.lean|63|6640297411548399355	SubstringSearch_correct	6640297411548399355	verified	not-requested	solver returned unsat; closed under the trust policy	485771542	collect=122042,pre-reconstruct=117125,normalize=54500,monomorphize=13167,instantiate=34750,translate=1534541,solve=483895417	
velvet	crush-verify	1	Velvet/Examples/SubstringSearch.lean|64|6640297411548399355	SubstringSearch_correct	6640297411548399355	verified	not-requested	solver returned unsat; closed under the trust policy	469250667	collect=130125,pre-reconstruct=109334,normalize=53917,monomorphize=15500,instantiate=36166,translate=1613875,solve=467291750	
velvet	crush-verify	1	Velvet/Examples/SubstringSearch.lean|65|577474350103851300	SubstringSearch_correct	2623082850227027838	verified	not-requested	solver returned unsat; closed under the trust policy	506181917	collect=152333,pre-reconstruct=1371458,normalize=92709,monomorphize=16084,instantiate=34542,translate=2995666,solve=501519125	
velvet	crush-verify	1	Velvet/Examples/SubstringSearch.lean|66|12819951545662893426	SubstringSearch_correct	13993715444541763638	verified	not-requested	solver returned unsat; closed under the trust policy	483333833	collect=433916,pre-reconstruct=2993625,normalize=1299000,monomorphize=15625,instantiate=45417,translate=3946500,solve=474599750	
velvet	crush-verify	1	Velvet/Examples/SubstringSearch.lean|67|16471188947338966842	SubstringSearch_correct	174702952739697047	verified	not-requested	solver returned unsat; closed under the trust policy	490446625	collect=147667,pre-reconstruct=1727750,normalize=91500,monomorphize=17583,instantiate=42750,translate=2772750,solve=485646625	
velvet	crush-verify	1	Velvet/Examples/SubstringSearch.lean|68|9975741777879173881	SubstringSearch_correct	11118364135432655742	verified	not-requested	solver returned unsat; closed under the trust policy	505840501	collect=149375,pre-reconstruct=2364667,normalize=114167,monomorphize=17000,instantiate=32208,translate=3222167,solve=499940917	
velvet	crush-verify	1	Velvet/Examples/SubstringSearch.lean|69|88332911118243609	SubstringSearch_correct	8191945800170699187	verified	not-requested	solver returned unsat; closed under the trust policy	484575001	collect=174209,pre-reconstruct=3251708,normalize=248542,monomorphize=17125,instantiate=37250,translate=4312709,solve=476533458	
velvet	crush-verify	1	Velvet/Examples/SubstringSearch.lean|70|4316548289593557355	SubstringSearch_correct	174702952739697047	verified	not-requested	solver returned unsat; closed under the trust policy	516447791	collect=685125,pre-reconstruct=3927625,normalize=3943000,monomorphize=43833,instantiate=45500,translate=13036958,solve=494765750	
velvet	crush-verify	1	Velvet/Examples/SubstringSearch.lean|71|1800578837535211584	SubstringSearch_correct	16427404187394994162	unknown	not-attempted	solver exited without a verdict: cvc5 interrupted by timeout.	5505487291	collect=642000,pre-reconstruct=6100708,normalize=4349333,monomorphize=46166,instantiate=41875,translate=13684917,solve=5480622292	
velvet	crush-verify	1	Velvet/Examples/SubstringSearch.lean|72|10230862668540398183	SubstringSearch_correct	17040693118540766639	verified	not-requested	solver returned unsat; closed under the trust policy	534638168	collect=864209,pre-reconstruct=4092042,normalize=4703000,monomorphize=46375,instantiate=47917,translate=13072542,solve=511812083	
velvet	crush-verify	1	Velvet/Examples/SubstringSearch.lean|73|16982021311738439252	SubstringSearch_correct	10055357480764853091	verified	not-requested	solver returned unsat; closed under the trust policy	503829333	collect=654500,pre-reconstruct=781167,normalize=3974875,monomorphize=50208,instantiate=44625,translate=14564000,solve=483759958	
velvet	crush-verify	1	Velvet/Examples/SumOfDigits.lean|1|4887343456502517186	SumOfDigits_correct	4887343456502517186	verified	not-requested	solver returned unsat; closed under the trust policy	564835043	collect=1431584,pre-reconstruct=4694333,normalize=2008291,monomorphize=110417,instantiate=31082084,translate=8572500,solve=516935834	
velvet	crush-verify	1	Velvet/Examples/SumOfDigits.lean|2|5431800701729144158	SumOfDigits_correct	5431800701729144158	verified	not-requested	solver returned unsat; closed under the trust policy	596478042	collect=460042,pre-reconstruct=935541,normalize=4990250,monomorphize=37292,instantiate=44366542,translate=4019042,solve=541669333	
velvet	crush-verify	1	Velvet/Examples/SumOfDigits.lean|5|7475080825861972690	SumOfDigits_correct	7475080825861972690	verified	not-requested	solver returned unsat; closed under the trust policy	521156291	collect=472084,pre-reconstruct=609083,normalize=1558833,monomorphize=24833,instantiate=21056167,translate=3221083,solve=494214208	
velvet	crush-verify	1	Velvet/Examples/SumOfDigits.lean|6|15970435702129902192	SumOfDigits_correct	15970435702129902192	verified	not-requested	solver returned unsat; closed under the trust policy	507241791	collect=364791,pre-reconstruct=901250,normalize=1179875,monomorphize=18583,instantiate=12073375,translate=2478000,solve=490225917	
velvet	crush-verify	1	Velvet/Examples/SumOfDigits.lean|7|6640297411548399355	SumOfDigits_correct	6640297411548399355	verified	not-requested	solver returned unsat; closed under the trust policy	515621251	collect=359375,pre-reconstruct=111584,normalize=933083,monomorphize=21125,instantiate=4054792,translate=1673209,solve=508468083	
velvet	crush-verify	1	Velvet/Examples/SumOfDigits.lean|8|3871074223281074707	SumOfDigits_correct	3871074223281074707	verified	not-requested	solver returned unsat; closed under the trust policy	514477584	collect=389958,pre-reconstruct=495292,normalize=1374583,monomorphize=24584,instantiate=20302042,translate=3295209,solve=488595916	
velvet	crush-verify	1	Velvet/Examples/TestLoopControl.lean|1|4791612905070682933	test1_correct	4791612905070682933	verified	not-requested	solver returned unsat; closed under the trust policy	520349583	collect=2365917,pre-reconstruct=3777458,normalize=2067250,monomorphize=102000,instantiate=231917,translate=6257333,solve=505547708	
velvet	crush-verify	1	Velvet/Examples/TestLoopControl.lean|2|4635955882467741603	test1_correct	4635955882467741603	verified	not-requested	solver returned unsat; closed under the trust policy	498785585	collect=349792,pre-reconstruct=1823750,normalize=1643792,monomorphize=16667,instantiate=39375,translate=1629917,solve=493282292	
velvet	crush-verify	1	Velvet/Examples/TestLoopControl.lean|3|4791612905070682933	test1_correct	4791612905070682933	verified	not-requested	solver returned unsat; closed under the trust policy	518103373	collect=375083,pre-reconstruct=2384458,normalize=1702083,monomorphize=18833,instantiate=40541,translate=2050917,solve=511531458	
velvet	crush-verify	1	Velvet/Examples/TestLoopControl.lean|5|4982008840348523404	test1_correct	4982008840348523404	verified	not-requested	solver returned unsat; closed under the trust policy	495844083	collect=347167,pre-reconstruct=794000,normalize=896208,monomorphize=15791,instantiate=35542,translate=1332125,solve=492423250	
velvet	crush-verify	1	Velvet/Examples/TestLoopControl.lean|6|14929476196725773389	test1_correct	14929476196725773389	verified	not-requested	solver returned unsat; closed under the trust policy	517182878	collect=311792,pre-reconstruct=886792,normalize=669167,monomorphize=13959,instantiate=35834,translate=997209,solve=514268125	
velvet	crush-verify	1	Velvet/Examples/TestLoopControl.lean|7|2311107858308393802	test1_correct	2311107858308393802	verified	not-requested	solver returned unsat; closed under the trust policy	516717375	collect=410291,pre-reconstruct=293917,normalize=1250583,monomorphize=18417,instantiate=50917,translate=1648750,solve=513044500	
velvet	crush-verify	1	Velvet/Examples/TestLoopControl.lean|9|4791612905070682933	test2_correct	4791612905070682933	verified	not-requested	solver returned unsat; closed under the trust policy	500905460	collect=842334,pre-reconstruct=2332500,normalize=1505083,monomorphize=16375,instantiate=46667,translate=2155209,solve=494007292	
velvet	crush-verify	1	Velvet/Examples/TestLoopControl.lean|11|817407402121334710	test2_correct	817407402121334710	verified	not-requested	solver returned unsat; closed under the trust policy	521347917	collect=343334,pre-reconstruct=468625,normalize=916625,monomorphize=15250,instantiate=33333,translate=1265125,solve=518305625	
velvet	crush-verify	1	Velvet/Examples/TestLoopControl.lean|12|14929476196725773389	test2_correct	14929476196725773389	verified	not-requested	solver returned unsat; closed under the trust policy	496506668	collect=336750,pre-reconstruct=1126500,normalize=755834,monomorphize=16083,instantiate=50500,translate=1202834,solve=493018167	
velvet	crush-verify	1	Velvet/Examples/TestLoopControl.lean|13|2311107858308393802	test2_correct	2311107858308393802	verified	not-requested	solver returned unsat; closed under the trust policy	497262668	collect=390084,pre-reconstruct=155500,normalize=933167,monomorphize=16750,instantiate=40000,translate=1603375,solve=494123792	
velvet	crush-verify	1	Velvet/Examples/TestLoopControl.lean|14|8140981983620881888	sum_even_correct	8140981983620881888	selected-fact	not-attempted	closed from a selected Lean fact	235500	collect=235500	
velvet	crush-verify	1	Velvet/Examples/TestLoopControl.lean|15|13972406881857011341	sum_even_correct	13972406881857011341	verified	not-requested	solver returned unsat; closed under the trust policy	1153044041	collect=252666,pre-reconstruct=8101417,normalize=1199000,monomorphize=55417,instantiate=614014625,translate=23877291,solve=505543625	
velvet	crush-verify	1	Velvet/Examples/TestLoopControl.lean|16|8140981983620881888	sum_even_correct	8140981983620881888	selected-fact	not-attempted	closed from a selected Lean fact	274917	collect=274917	
velvet	crush-verify	1	Velvet/Examples/TestLoopControl.lean|17|2763434902891560151	sum_even_correct	2763434902891560151	verified	not-requested	solver returned unsat; closed under the trust policy	1093025750	collect=241292,pre-reconstruct=7137708,normalize=1275584,monomorphize=44416,instantiate=565130833,translate=21383667,solve=497812250	
velvet	crush-verify	1	Velvet/Examples/TestLoopControl.lean|20|12910903814107581038	sum_even_correct	12910903814107581038	verified	not-requested	solver returned unsat; closed under the trust policy	824165625	collect=224500,pre-reconstruct=2492959,normalize=344333,monomorphize=29375,instantiate=317048125,translate=18728500,solve=485297833	
velvet	crush-verify	1	Velvet/Examples/TestLoopControl.lean|21|8811351339800985865	sum_even_correct	8811351339800985865	verified	not-requested	solver returned unsat; closed under the trust policy	496363416	collect=208958,pre-reconstruct=107500,normalize=219750,monomorphize=16500,instantiate=1720916,translate=7785417,solve=486304375	
velvet	crush-verify	1	Velvet/Examples/TestMatch.lean|6|12313593517213863317	test3_correct	12313593517213863317	verified	not-requested	solver returned unsat; closed under the trust policy	490509206	collect=2256458,pre-reconstruct=645583,normalize=1224791,monomorphize=108333,instantiate=238291,translate=5204125,solve=480831625	
velvet	crush-verify	1	Velvet/Examples/TestMatch.lean|7|5915416142655103160	test3_correct	5915416142655103160	verified	not-requested	solver returned unsat; closed under the trust policy	509259333	collect=334708,pre-reconstruct=1130667,normalize=709875,monomorphize=20250,instantiate=37250,translate=1955375,solve=505071208	
velvet	crush-verify	1	Velvet/Examples/Total_Partial_example.lean|1|1993702872115081742	insertionSort_part_correct	14354530589729947841	verified	not-requested	solver returned unsat; closed under the trust policy	579556583	collect=653875,pre-reconstruct=663916,normalize=339959,monomorphize=6433250,instantiate=49993458,translate=17691708,solve=503780417	
velvet	crush-verify	1	Velvet/Examples/Total_Partial_example.lean|3|1066791641437412485	insertionSort_part_correct	1066791641437412485	verified	not-requested	solver returned unsat; closed under the trust policy	594816750	collect=391583,pre-reconstruct=3544250,normalize=2781958,monomorphize=11148167,instantiate=73578667,translate=19593667,solve=483778458	
velvet	crush-verify	1	Velvet/Examples/Total_Partial_example.lean|4|8472930623785656869	insertionSort_part_correct	18353889382475767599	verified	not-requested	solver returned unsat; closed under the trust policy	4851436375	collect=318375,pre-reconstruct=810008833,normalize=3333375,monomorphize=30967000,instantiate=220261875,translate=62123208,solve=3724423709	
velvet	crush-verify	1	Velvet/Examples/Total_Partial_example.lean|5|2816846931760221370	insertionSort_part_correct	2816846931760221370	verified	not-requested	solver returned unsat; closed under the trust policy	629012334	collect=354917,pre-reconstruct=9681042,normalize=2959459,monomorphize=15010833,instantiate=80349792,translate=20462833,solve=500193458	
velvet	crush-verify	1	Velvet/Examples/Total_Partial_example.lean|7|1066791641437412485	insertionSort_part_correct	1066791641437412485	verified	not-requested	solver returned unsat; closed under the trust policy	615056750	collect=373625,pre-reconstruct=3510959,normalize=2778666,monomorphize=11343125,instantiate=76174000,translate=18560333,solve=502316042	
velvet	crush-verify	1	Velvet/Examples/Total_Partial_example.lean|8|14825588553610653054	insertionSort_part_correct	13858382852922432078	unknown	not-attempted	solver exited without a verdict: cvc5 interrupted by timeout.	11396052460	collect=307625,pre-reconstruct=11877667,normalize=3486042,monomorphize=13541334,instantiate=269301833,translate=50992250,solve=5495464292,translate-fallback=56086917,solve-fallback=5494994500	
velvet	crush-verify	1	Velvet/Examples/Total_Partial_example.lean|12|16465886849738339639	insertionSort_part_correct	13858382852922432078	verified	not-requested	solver returned unsat; closed under the trust policy	686726125	collect=318250,pre-reconstruct=11516083,normalize=2833667,monomorphize=11037584,instantiate=54358000,translate=17131250,solve=589531291	
velvet	crush-verify	1	Velvet/Examples/Total_Partial_example.lean|14|5918835836158453730	insertionSort_part_correct	5918835836158453730	selected-fact	not-attempted	closed from a selected Lean fact	284583	collect=284583	
velvet	crush-verify	1	Velvet/Examples/Total_Partial_example.lean|16|12155028420956038391	insertionSort_part_correct	12155028420956038391	verified	not-requested	solver returned unsat; closed under the trust policy	522398583	collect=248375,pre-reconstruct=1118125,normalize=1556083,monomorphize=6828500,instantiate=1434500,translate=7500167,solve=503712833	
velvet	crush-verify	1	Velvet/Examples/Total_Partial_example.lean|17|14852526092468225565	insertionSort_part_correct	139088297960392149	verified	not-requested	solver returned unsat; closed under the trust policy	682650666	collect=280917,pre-reconstruct=560292,normalize=1920083,monomorphize=9013583,instantiate=54937791,translate=16921500,solve=599016500	
velvet	crush-verify	1	Velvet/Examples/Total_Partial_example.lean|20|4477598582358312981	insertionSort_part_correct	4477598582358312981	verified	not-requested	solver returned unsat; closed under the trust policy	531909418	collect=324042,pre-reconstruct=3022709,normalize=2904125,monomorphize=11846208,instantiate=2478334,translate=10933875,solve=500400125	
velvet	crush-verify	1	Velvet/Examples/Total_Partial_example.lean|21|7903702650473013145	insertionSort_part_correct	17272444315034915638	verified	not-requested	solver returned unsat; closed under the trust policy	717475083	collect=324583,pre-reconstruct=22063333,normalize=2880958,monomorphize=12690167,instantiate=56249208,translate=21014125,solve=602252709	
velvet	crush-verify	1	Velvet/Examples/Total_Partial_example.lean|25|11248877774576345437	insertionSort_part_correct	139088297960392149	verified	not-requested	solver returned unsat; closed under the trust policy	671768791	collect=260958,pre-reconstruct=503666,normalize=1522375,monomorphize=8944167,instantiate=51714625,translate=15709958,solve=593113042	
velvet	crush-verify	1	Velvet/Examples/Total_Partial_example.lean|27|6709257883257101731	insertionSort_part_correct	6709257883257101731	selected-fact	not-attempted	closed from a selected Lean fact	272542	collect=272542	
velvet	crush-verify	1	Velvet/Examples/Total_Partial_example.lean|28|16576486626369642801	insertionSort_part_correct	16576486626369642801	verified	not-requested	solver returned unsat; closed under the trust policy	502364834	collect=128584,pre-reconstruct=121583,normalize=104500,monomorphize=3152584,instantiate=877083,translate=5171458,solve=492809042	
velvet	crush-verify	1	Velvet/Examples/Total_Partial_example.lean|29|11235314628722112900	insertionSort_part_correct	14354530589729947841	verified	not-requested	solver returned unsat; closed under the trust policy	568516791	collect=188125,pre-reconstruct=133750,normalize=141500,monomorphize=5480333,instantiate=52039959,translate=12035833,solve=498497291	
velvet	crush-verify	1	Velvet/Examples/Total_Partial_example.lean|31|18214290959922115111	insertionSort_part_correct	17272444315034915638	verified	not-requested	solver returned unsat; closed under the trust policy	694686375	collect=287291,pre-reconstruct=12178792,normalize=1690167,monomorphize=8988375,instantiate=51678750,translate=15289833,solve=604573167	
velvet	crush-verify	1	Velvet/Examples/Total_Partial_example.lean|33|11568103068982921353	insertionSort_termination_correct	11568103068982921353	verified	not-requested	solver returned unsat; closed under the trust policy	580947334	collect=242000,pre-reconstruct=141500,normalize=1396417,monomorphize=6413417,instantiate=74941250,translate=14853125,solve=482959625	
velvet	crush-verify	1	Velvet/Examples/Total_Partial_example.lean|35|11568103068982921353	insertionSort_termination_correct	11568103068982921353	verified	not-requested	solver returned unsat; closed under the trust policy	595218834	collect=256834,pre-reconstruct=142708,normalize=1428375,monomorphize=6497875,instantiate=72245625,translate=16664875,solve=497982542	
velvet	crush-verify	1	Velvet/Examples/Total_Partial_example.lean|37|5918835836158453730	insertionSort_termination_correct	5918835836158453730	selected-fact	not-attempted	closed from a selected Lean fact	225333	collect=225333	
velvet	crush-verify	1	Velvet/Examples/Total_Partial_example.lean|40|4477598582358312981	insertionSort_termination_correct	4477598582358312981	verified	not-requested	solver returned unsat; closed under the trust policy	521667541	collect=221708,pre-reconstruct=136916,normalize=1520583,monomorphize=5295250,instantiate=1457292,translate=8087292,solve=504948500	
velvet	crush-verify	1	Velvet/Examples/Total_Partial_example.lean|41|18088860687919872176	insertionSort_termination_correct	18088860687919872176	verified	not-requested	solver returned unsat; closed under the trust policy	518195207	collect=255083,pre-reconstruct=144583,normalize=1635750,monomorphize=6327041,instantiate=1653250,translate=9139583,solve=499039917	
velvet	crush-verify	1	Velvet/Examples/Total_Partial_example.lean|44|6709257883257101731	insertionSort_termination_correct	6709257883257101731	selected-fact	not-attempted	closed from a selected Lean fact	220375	collect=220375	
velvet	crush-verify	1	Velvet/Examples/Total_Partial_example.lean|45|16576486626369642801	insertionSort_termination_correct	16576486626369642801	verified	not-requested	solver returned unsat; closed under the trust policy	502060750	collect=103916,pre-reconstruct=105500,normalize=98125,monomorphize=2850042,instantiate=832750,translate=4695084,solve=493375333	
velvet	crush-portfolio	1	Velvet/Examples/EncodeDecodeStr.lean|1|4325354716326072573	decodeStr'_correct	4325354716326072573	core-reconstructed	certificate-error	core-directed reconstruction succeeded	517466750	collect=2686917,pre-reconstruct=3221542,normalize=2390208,monomorphize=133208,instantiate=242583,translate=15126458,solve=476596583,replay=130042,reconstruct=16939209	
velvet	crush-portfolio	1	Velvet/Examples/EncodeDecodeStr.lean|2|3233717574493770211	decodeStr'_correct	16298341802593511044	unknown	not-attempted	solver exited without a verdict: cvc5 interrupted by timeout.	5498988208	collect=483125,pre-reconstruct=8032083,normalize=2113500,monomorphize=24875,instantiate=33584,translate=11601041,solve=5476700000	
velvet	crush-portfolio	1	Velvet/Examples/EncodeDecodeStr.lean|3|14557075163885871591	decodeStr'_correct	14557075163885871591	core-reconstructed	certificate-error	core-directed reconstruction succeeded	497499918	collect=570834,pre-reconstruct=1074875,normalize=1748667,monomorphize=26583,instantiate=48292,translate=7617917,solve=472749375,replay=22625,reconstruct=13640750	
velvet	crush-portfolio	1	Velvet/Examples/EncodeDecodeStr.lean|5|13851523499043008614	decodeStr'_correct	13851523499043008614	core-reconstructed	certificate-error	core-directed reconstruction succeeded	503126708	collect=475292,pre-reconstruct=432084,normalize=1544458,monomorphize=20292,instantiate=30666,translate=7252750,solve=478585041,replay=18125,reconstruct=14768000	
velvet	crush-portfolio	1	Velvet/Examples/EncodeDecodeStr.lean|6|8816666150414203262	decodeStr'_correct	8816666150414203262	core-reconstructed	certificate-error	core-directed reconstruction succeeded	479238749	collect=454875,pre-reconstruct=1012834,normalize=1440916,monomorphize=21500,instantiate=36708,translate=3462458,solve=469702417,replay=20500,reconstruct=3086541	
velvet	crush-portfolio	1	Velvet/Examples/EncodeDecodeStr.lean|7|7432640679462075544	decodeStr'_correct	1656677057252754089	unknown	not-attempted	no reason given	608794707	collect=460750,pre-reconstruct=1698959,normalize=2640708,monomorphize=22541,instantiate=37875,translate=5671333,solve=598262541	
velvet	crush-portfolio	1	Velvet/Examples/EncodeDecodeStr.lean|8|9639754685172097330	decodeStr'_correct	9639754685172097330	unknown	not-attempted	solver exited without a verdict: cvc5 interrupted by timeout.	5497881208	collect=547083,pre-reconstruct=1581500,normalize=2042042,monomorphize=27042,instantiate=37916,translate=8928375,solve=5484717250	
velvet	crush-portfolio	1	Velvet/Examples/EncodeDecodeStr.lean|9|10203002127808532242	encodeStr_correct	10203002127808532242	core-reconstructed	certificate-error	core-directed reconstruction succeeded	522099290	collect=1530583,pre-reconstruct=2560375,normalize=4191458,monomorphize=25541,instantiate=45875,translate=9915208,solve=486998083,replay=22459,reconstruct=16809708	
velvet	crush-portfolio	1	Velvet/Examples/EncodeDecodeStr.lean|10|15527439877898811686	encodeStr_correct	9685533339980702200	core-reconstructed	certificate-error	core-directed reconstruction succeeded	706643376	collect=520792,pre-reconstruct=2359916,normalize=4189625,monomorphize=28125,instantiate=35125,translate=9827959,solve=498117417,replay=20500,reconstruct=191543917	
velvet	crush-portfolio	1	Velvet/Examples/EncodeDecodeStr.lean|11|4253526900314070824	encodeStr_correct	4253526900314070824	core-reconstructed	certificate-error	core-directed reconstruction succeeded	510133876	collect=533500,pre-reconstruct=1493542,normalize=4182209,monomorphize=27917,instantiate=39667,translate=8513708,solve=476148875,replay=18916,reconstruct=19175542	
velvet	crush-portfolio	1	Velvet/Examples/EncodeDecodeStr.lean|12|17087698223479619887	encodeStr_correct	9685533339980702200	core-reconstructed	certificate-error	core-directed reconstruction succeeded	494817584	collect=563084,pre-reconstruct=2636833,normalize=4601292,monomorphize=29292,instantiate=37833,translate=9374542,solve=476380708,replay=22708,reconstruct=1171292	
velvet	crush-portfolio	1	Velvet/Examples/EncodeDecodeStr.lean|13|13168721855841554394	encodeStr_correct	13168721855841554394	selected-fact	not-attempted	closed from a selected Lean fact	562333	collect=562333	
velvet	crush-portfolio	1	Velvet/Examples/EncodeDecodeStr.lean|14|8050235650381385355	encodeStr_correct	8050235650381385355	core-reconstructed	certificate-error	core-directed reconstruction succeeded	527754667	collect=424333,pre-reconstruct=1879375,normalize=2161125,monomorphize=22416,instantiate=37459,translate=5756125,solve=501031375,replay=18667,reconstruct=16423792	
velvet	crush-portfolio	1	Velvet/Examples/EncodeDecodeStr.lean|15|3874562368415809942	encodeStr_correct	9685533339980702200	core-reconstructed	certificate-error	core-directed reconstruction succeeded	506725751	collect=520833,pre-reconstruct=2391208,normalize=2521167,monomorphize=25584,instantiate=34625,translate=6666542,solve=479427458,replay=19917,reconstruct=15118417	
velvet	crush-portfolio	1	Velvet/Examples/EncodeDecodeStr.lean|16|16403843650363689650	encodeStr_correct	16403843650363689650	core-reconstructed	certificate-error	core-directed reconstruction succeeded	510453000	collect=546584,pre-reconstruct=1199666,normalize=4432083,monomorphize=22208,instantiate=30000,translate=9318458,solve=480939125,replay=20167,reconstruct=13944709	
velvet	crush-portfolio	1	Velvet/Examples/EncodeDecodeStr.lean|17|17528322019345720798	encodeStr_correct	17528322019345720798	unknown	not-attempted	solver exited without a verdict: cvc5 interrupted by timeout.	5511543875	collect=577375,pre-reconstruct=6119542,normalize=4739000,monomorphize=27250,instantiate=41792,translate=10169500,solve=5489869416	
velvet	crush-portfolio	1	Velvet/Examples/EncodeDecodeStr.lean|18|14846570717984605519	encodeStr_correct	14846570717984605519	core-reconstructed	certificate-error	core-directed reconstruction succeeded	563765709	collect=560916,pre-reconstruct=667208,normalize=5458459,monomorphize=27875,instantiate=38958,translate=12685084,solve=491273959,replay=18875,reconstruct=53034375	
velvet	crush-portfolio	1	Velvet/Examples/EncodeDecodeStr.lean|19|17345521196864181404	encodeStr_correct	17345521196864181404	core-reconstructed	certificate-error	core-directed reconstruction succeeded	504347584	collect=510041,pre-reconstruct=893000,normalize=1881208,monomorphize=20792,instantiate=32959,translate=4957958,solve=481915709,replay=18333,reconstruct=14117584	
velvet	crush-portfolio	1	Velvet/Examples/EncodeDecodeStr.lean|21|16873295595722686018	encodeStr_correct	16873295595722686018	selected-fact	not-attempted	closed from a selected Lean fact	492875	collect=492875	
velvet	crush-portfolio	1	Velvet/Examples/EncodeDecodeStr.lean|22|5769627519083430677	encodeStr_correct	5769627519083430677	selected-fact	not-attempted	closed from a selected Lean fact	440834	collect=440834	
velvet	crush-portfolio	1	Velvet/Examples/EncodeDecodeStr.lean|23|15630242782200619292	encodeStr_correct	15630242782200619292	core-reconstructed	certificate-error	core-directed reconstruction succeeded	481597874	collect=103666,pre-reconstruct=810709,normalize=46833,monomorphize=16750,instantiate=33625,translate=1714458,solve=475524333,replay=18250,reconstruct=3329250	
velvet	crush-portfolio	1	Velvet/Examples/EncodeDecodeStr.lean|25|4098508629850130765	encodeStr_correct	4098508629850130765	unknown	not-attempted	no reason given	509595542	collect=504667,pre-reconstruct=94125,normalize=1318375,monomorphize=14208,instantiate=29667,translate=4965083,solve=502669417	
velvet	crush-portfolio	1	Velvet/Examples/EncodeDecodeStr.lean|26|6449688271898666716	encodeStr_correct	6449688271898666716	unknown	not-attempted	solver exited without a verdict: cvc5 interrupted by timeout.	5495129210	collect=526458,pre-reconstruct=552709,normalize=2313209,monomorphize=22167,instantiate=38250,translate=5110792,solve=5486565625	
velvet	crush-portfolio	1	Velvet/Examples/EncodeDecodeStr.lean|27|3108445719328028112	encodeStr_correct	3108445719328028112	core-reconstructed	certificate-error	core-directed reconstruction succeeded	491540959	collect=525292,pre-reconstruct=145375,normalize=2720292,monomorphize=22041,instantiate=42875,translate=5967084,solve=480157416,replay=26625,reconstruct=1933959	
velvet	crush-portfolio	1	Velvet/Examples/Examples.lean|2|1066791641437412485	insertionSort_correct	1066791641437412485	core-reconstructed	certificate-error	core-directed reconstruction succeeded	648734623	collect=779708,pre-reconstruct=4046292,normalize=2926458,monomorphize=12620375,instantiate=77667125,translate=25717916,solve=494127458,replay=131000,reconstruct=30718291	
velvet	crush-portfolio	1	Velvet/Examples/Examples.lean|3|9866248891257573647	insertionSort_correct	12810594954652992486	reconstruction-failed	certificate-error	core-directed reconstruction did not close the goal	8422214667	collect=317667,pre-reconstruct=791913542,normalize=3281250,monomorphize=29630500,instantiate=210482416,translate=59974500,solve=3348052792,replay=21917,reconstruct=3978540083	
velvet	crush-portfolio	1	Velvet/Examples/Examples.lean|4|18360837223612973524	insertionSort_correct	18360837223612973524	core-reconstructed	certificate-error	core-directed reconstruction succeeded	682370833	collect=305666,pre-reconstruct=4522542,normalize=2891583,monomorphize=14414458,instantiate=77259500,translate=20198917,solve=497097917,replay=18250,reconstruct=65662000	
velvet	crush-portfolio	1	Velvet/Examples/Examples.lean|6|1066791641437412485	insertionSort_correct	1066791641437412485	core-reconstructed	certificate-error	core-directed reconstruction succeeded	621354000	collect=310333,pre-reconstruct=2960459,normalize=2407792,monomorphize=11323292,instantiate=76411625,translate=20537750,solve=479935625,replay=18666,reconstruct=27448458	
velvet	crush-portfolio	1	Velvet/Examples/Examples.lean|7|14825588553610653054	insertionSort_correct	13858382852922432078	unknown	not-attempted	solver exited without a verdict: cvc5 interrupted by timeout.	11361458250	collect=304875,pre-reconstruct=11698750,normalize=3192000,monomorphize=13135917,instantiate=256743250,translate=50292375,solve=5487399333,translate-fallback=59200041,solve-fallback=5479491709	
velvet	crush-portfolio	1	Velvet/Examples/Examples.lean|11|16465886849738339639	insertionSort_correct	13858382852922432078	core-reconstructed	certificate-error	core-directed reconstruction succeeded	686941417	collect=302917,pre-reconstruct=10711250,normalize=2602791,monomorphize=11114875,instantiate=49234417,translate=17502708,solve=577371084,replay=18750,reconstruct=18082625	
velvet	crush-portfolio	1	Velvet/Examples/Examples.lean|13|2438232962388206336	insertionSort_correct	2438232962388206336	core-reconstructed	certificate-error	core-directed reconstruction succeeded	506887918	collect=293042,pre-reconstruct=1516542,normalize=2712666,monomorphize=9756625,instantiate=2034500,translate=10601167,solve=467472209,replay=21708,reconstruct=12479459	
velvet	crush-portfolio	1	Velvet/Examples/Examples.lean|15|12155028420956038391	insertionSort_correct	12155028420956038391	core-reconstructed	certificate-error	core-directed reconstruction succeeded	509408082	collect=229000,pre-reconstruct=982791,normalize=1386500,monomorphize=6926041,instantiate=1325958,translate=7208250,solve=486462375,replay=21000,reconstruct=4866167	
velvet	crush-portfolio	1	Velvet/Examples/Examples.lean|16|14852526092468225565	insertionSort_correct	139088297960392149	core-reconstructed	certificate-error	core-directed reconstruction succeeded	682652625	collect=257250,pre-reconstruct=491167,normalize=1690291,monomorphize=8260792,instantiate=49584125,translate=14431625,solve=558770791,replay=17959,reconstruct=49148625	
velvet	crush-portfolio	1	Velvet/Examples/Examples.lean|19|12688677688377801211	insertionSort_correct	12688677688377801211	core-reconstructed	certificate-error	core-directed reconstruction succeeded	528416585	collect=303958,pre-reconstruct=3105708,normalize=2515959,monomorphize=11361125,instantiate=2230334,translate=11242792,solve=480263542,replay=18834,reconstruct=17374333	
velvet	crush-portfolio	1	Velvet/Examples/Examples.lean|20|7903702650473013145	insertionSort_correct	17272444315034915638	core-reconstructed	certificate-error	core-directed reconstruction succeeded	720418543	collect=324875,pre-reconstruct=20816542,normalize=2467292,monomorphize=12435875,instantiate=50126334,translate=17599500,solve=579463833,replay=24417,reconstruct=37159875	
velvet	crush-portfolio	1	Velvet/Examples/Examples.lean|23|5379360585891885096	insertionSort_correct	5379360585891885096	core-reconstructed	certificate-error	core-directed reconstruction succeeded	524969875	collect=256333,pre-reconstruct=1668167,normalize=1631250,monomorphize=7220750,instantiate=1458333,translate=7896875,solve=485927208,replay=21834,reconstruct=18889125	
velvet	crush-portfolio	1	Velvet/Examples/Examples.lean|24|11248877774576345437	insertionSort_correct	139088297960392149	core-reconstructed	certificate-error	core-directed reconstruction succeeded	672540915	collect=264208,pre-reconstruct=496625,normalize=1582750,monomorphize=8387084,instantiate=49104833,translate=14449291,solve=578464000,replay=18791,reconstruct=19773333	
velvet	crush-portfolio	1	Velvet/Examples/Examples.lean|26|11532741708565178815	insertionSort_correct	11532741708565178815	core-reconstructed	certificate-error	core-directed reconstruction succeeded	493531665	collect=236125,pre-reconstruct=669416,normalize=1422500,monomorphize=6634542,instantiate=1317166,translate=7454708,solve=472916125,replay=19333,reconstruct=2861750	
velvet	crush-portfolio	1	Velvet/Examples/Examples.lean|27|13894794097547967513	insertionSort_correct	13894794097547967513	core-reconstructed	certificate-error	core-directed reconstruction succeeded	496476166	collect=166583,pre-reconstruct=1263709,normalize=150166,monomorphize=3066750,instantiate=939667,translate=4738500,solve=471198333,replay=17208,reconstruct=14935250	
velvet	crush-portfolio	1	Velvet/Examples/Examples.lean|28|11235314628722112900	insertionSort_correct	14354530589729947841	core-reconstructed	certificate-error	core-directed reconstruction succeeded	588056753	collect=216875,pre-reconstruct=141959,normalize=165709,monomorphize=5460417,instantiate=48199667,translate=12586917,solve=502996667,replay=17500,reconstruct=18271042	
velvet	crush-portfolio	1	Velvet/Examples/Examples.lean|30|18214290959922115111	insertionSort_correct	17272444315034915638	core-reconstructed	certificate-error	core-directed reconstruction succeeded	1722311707	collect=232417,pre-reconstruct=10803833,normalize=255542,monomorphize=8704792,instantiate=50602083,translate=14979083,solve=606094333,replay=19333,reconstruct=1030620291	
velvet	crush-portfolio	1	Velvet/Examples/Examples.lean|31|17119794831572106230	sqrt_correct	5307985127850147097	alethe-reconstructed	success	Alethe certificate replay succeeded	613411084	collect=940458,pre-reconstruct=126167,normalize=603708,monomorphize=14125,instantiate=34542,translate=1324542,solve=477324292,replay=133043250	certificate_commands=25,certificate_assumes=6,certificate_steps=19,certificate_anchors=0,certificate_sexp_nodes=385,certificate_bytes=1596
velvet	crush-portfolio	1	Velvet/Examples/Examples.lean|32|16395326812896940336	sqrt_correct	3661544389526892522	alethe-reconstructed	success	Alethe certificate replay succeeded	622873168	collect=608959,pre-reconstruct=129375,normalize=570167,monomorphize=15000,instantiate=33375,translate=1281542,solve=487023667,replay=133211083	certificate_commands=25,certificate_assumes=6,certificate_steps=19,certificate_anchors=0,certificate_sexp_nodes=385,certificate_bytes=1596
velvet	crush-portfolio	1	Velvet/Examples/Examples.lean|33|4559485301326837329	sqrt_correct	4559485301326837329	alethe-reconstructed	success	Alethe certificate replay succeeded	540769209	collect=648083,pre-reconstruct=121667,normalize=552209,monomorphize=14041,instantiate=35417,translate=1125625,solve=488709583,replay=49562584	certificate_commands=13,certificate_assumes=4,certificate_steps=9,certificate_anchors=0,certificate_sexp_nodes=187,certificate_bytes=764
velvet	crush-portfolio	1	Velvet/Examples/Examples.lean|34|15833581759277421577	sqrt_correct	9636917653559417038	core-reconstructed	rule-gap	core-directed reconstruction succeeded	737060209	collect=518375,pre-reconstruct=373333,normalize=822000,monomorphize=18292,instantiate=36334,translate=1860917,solve=599100458,replay=120212708,reconstruct=14117792	
velvet	crush-portfolio	1	Velvet/Examples/Examples.lean|35|7228731597997214785	sqrt_correct	9636917653559417038	core-reconstructed	rule-gap	core-directed reconstruction succeeded	640231917	collect=571834,pre-reconstruct=344584,normalize=782500,monomorphize=18583,instantiate=32250,translate=1684125,solve=533861625,replay=102268833,reconstruct=667583	
velvet	crush-portfolio	1	Velvet/Examples/Examples.lean|36|17256355208408803011	sqrt_correct	17256355208408803011	core-reconstructed	rule-gap	core-directed reconstruction succeeded	597604791	collect=605083,pre-reconstruct=479000,normalize=828917,monomorphize=18041,instantiate=30250,translate=1657042,solve=475972791,replay=100025333,reconstruct=17988334	
velvet	crush-portfolio	1	Velvet/Examples/Examples.lean|37|13635698331308129878	sqrt_correct	9636917653559417038	alethe-reconstructed	success	Alethe certificate replay succeeded	576042291	collect=560083,pre-reconstruct=117209,normalize=637834,monomorphize=14125,instantiate=30041,translate=1285041,solve=475576167,replay=97821791	certificate_commands=10,certificate_assumes=6,certificate_steps=4,certificate_anchors=0,certificate_sexp_nodes=122,certificate_bytes=538
velvet	crush-portfolio	1	Velvet/Examples/Examples.lean|38|10800841518550636949	sqrt_correct	123143008762622395	core-reconstructed	rule-gap	core-directed reconstruction succeeded	778588585	collect=699000,pre-reconstruct=554250,normalize=1020625,monomorphize=23958,instantiate=36792,translate=2034459,solve=643591584,replay=129678083,reconstruct=949834	
velvet	crush-portfolio	1	Velvet/Examples/Examples.lean|39|12457966505053151830	sqrt_correct	3661544389526892522	core-reconstructed	rule-gap	core-directed reconstruction succeeded	1077799501	collect=584500,pre-reconstruct=376500,normalize=855209,monomorphize=20708,instantiate=34125,translate=1996292,solve=615118250,replay=118373625,reconstruct=340440292	
velvet	crush-portfolio	1	Velvet/Examples/Examples.lean|40|17578352201394481400	sqrt_correct	17578352201394481400	core-reconstructed	rule-gap	core-directed reconstruction succeeded	781449626	collect=565583,pre-reconstruct=360417,normalize=850084,monomorphize=19375,instantiate=33667,translate=1896667,solve=616491583,replay=124353708,reconstruct=36878542	
velvet	crush-portfolio	1	Velvet/Examples/Examples_Total.lean|2|1066791641437412485	insertionSort_total_correct	1066791641437412485	core-reconstructed	certificate-error	core-directed reconstruction succeeded	652365667	collect=820708,pre-reconstruct=3964125,normalize=2936542,monomorphize=12772000,instantiate=76338916,translate=26153000,solve=497431584,replay=137708,reconstruct=31811084	
velvet	crush-portfolio	1	Velvet/Examples/Examples_Total.lean|3|9866248891257573647	insertionSort_total_correct	12810594954652992486	reconstruction-failed	certificate-error	core-directed reconstruction did not close the goal	8627440875	collect=314917,pre-reconstruct=803900041,normalize=3300667,monomorphize=31462375,instantiate=214661875,translate=63481458,solve=3458752209,replay=19125,reconstruct=4051548208	
velvet	crush-portfolio	1	Velvet/Examples/Examples_Total.lean|4|18360837223612973524	insertionSort_total_correct	18360837223612973524	core-reconstructed	certificate-error	core-directed reconstruction succeeded	718229041	collect=305958,pre-reconstruct=4742875,normalize=2939917,monomorphize=14808208,instantiate=87758458,translate=21882875,solve=516955833,replay=25542,reconstruct=68809375	
velvet	crush-portfolio	1	Velvet/Examples/Examples_Total.lean|5|11568103068982921353	insertionSort_total_correct	11568103068982921353	core-reconstructed	certificate-error	core-directed reconstruction succeeded	643596499	collect=321208,pre-reconstruct=691000,normalize=2845125,monomorphize=12845750,instantiate=82162666,translate=21430667,solve=495536458,replay=21833,reconstruct=27741792	
velvet	crush-portfolio	1	Velvet/Examples/Examples_Total.lean|7|1066791641437412485	insertionSort_total_correct	1066791641437412485	core-reconstructed	certificate-error	core-directed reconstruction succeeded	628110543	collect=305458,pre-reconstruct=3142959,normalize=2433459,monomorphize=11213125,instantiate=75521583,translate=21696125,solve=484707792,replay=19750,reconstruct=29070292	
velvet	crush-portfolio	1	Velvet/Examples/Examples_Total.lean|8|14825588553610653054	insertionSort_total_correct	13858382852922432078	unknown	not-attempted	solver exited without a verdict: cvc5 interrupted by timeout.	11417136043	collect=315875,pre-reconstruct=11864417,normalize=2895334,monomorphize=14834459,instantiate=279374708,translate=55680333,solve=5517160584,translate-fallback=59110125,solve-fallback=5475900208	
velvet	crush-portfolio	1	Velvet/Examples/Examples_Total.lean|10|11568103068982921353	insertionSort_total_correct	11568103068982921353	core-reconstructed	certificate-error	core-directed reconstruction succeeded	655631584	collect=288250,pre-reconstruct=627125,normalize=2836875,monomorphize=12505334,instantiate=80437334,translate=19569250,solve=508684750,replay=21291,reconstruct=30661375	
velvet	crush-portfolio	1	Velvet/Examples/Examples_Total.lean|13|16465886849738339639	insertionSort_total_correct	13858382852922432078	core-reconstructed	certificate-error	core-directed reconstruction succeeded	692392291	collect=329250,pre-reconstruct=11991208,normalize=2784791,monomorphize=11039792,instantiate=52591375,translate=16864750,solve=576703209,replay=19333,reconstruct=20068583	
velvet	crush-portfolio	1	Velvet/Examples/Examples_Total.lean|15|5918835836158453730	insertionSort_total_correct	5918835836158453730	selected-fact	not-attempted	closed from a selected Lean fact	264625	collect=264625	
velvet	crush-portfolio	1	Velvet/Examples/Examples_Total.lean|17|12155028420956038391	insertionSort_total_correct	12155028420956038391	core-reconstructed	certificate-error	core-directed reconstruction succeeded	512271584	collect=176375,pre-reconstruct=951709,normalize=1347166,monomorphize=7226250,instantiate=1937709,translate=8481334,solve=487317000,replay=23125,reconstruct=4810916	
velvet	crush-portfolio	1	Velvet/Examples/Examples_Total.lean|18|14852526092468225565	insertionSort_total_correct	139088297960392149	core-reconstructed	certificate-error	core-directed reconstruction succeeded	705286167	collect=254417,pre-reconstruct=535792,normalize=1695750,monomorphize=8275375,instantiate=50664541,translate=14828500,solve=573849750,replay=19542,reconstruct=55162500	
velvet	crush-portfolio	1	Velvet/Examples/Examples_Total.lean|21|12688677688377801211	insertionSort_total_correct	12688677688377801211	core-reconstructed	certificate-error	core-directed reconstruction succeeded	545045876	collect=355250,pre-reconstruct=3700834,normalize=3147000,monomorphize=11835667,instantiate=2187834,translate=11204083,solve=493356416,replay=20875,reconstruct=19237917	
velvet	crush-portfolio	1	Velvet/Examples/Examples_Total.lean|22|7903702650473013145	insertionSort_total_correct	17272444315034915638	core-reconstructed	certificate-error	core-directed reconstruction succeeded	749340083	collect=337709,pre-reconstruct=22801250,normalize=3155917,monomorphize=12755750,instantiate=54825791,translate=18164583,solve=595146041,replay=18375,reconstruct=42134667	
velvet	crush-portfolio	1	Velvet/Examples/Examples_Total.lean|24|18088860687919872176	insertionSort_total_correct	18088860687919872176	core-reconstructed	certificate-error	core-directed reconstruction succeeded	569364043	collect=316334,pre-reconstruct=633667,normalize=2775750,monomorphize=11819833,instantiate=2140541,translate=11249625,solve=491754709,replay=22625,reconstruct=48650959	
velvet	crush-portfolio	1	Velvet/Examples/Examples_Total.lean|26|5379360585891885096	insertionSort_total_correct	5379360585891885096	core-reconstructed	certificate-error	core-directed reconstruction succeeded	531657084	collect=258709,pre-reconstruct=1415375,normalize=1535625,monomorphize=7082583,instantiate=1467750,translate=7864542,solve=492687583,replay=20708,reconstruct=19324209	
velvet	crush-portfolio	1	Velvet/Examples/Examples_Total.lean|27|11248877774576345437	insertionSort_total_correct	139088297960392149	core-reconstructed	certificate-error	core-directed reconstruction succeeded	687680916	collect=302125,pre-reconstruct=550875,normalize=1689375,monomorphize=8783291,instantiate=53277125,translate=15168625,solve=588666375,replay=21167,reconstruct=19221958	
velvet	crush-portfolio	1	Velvet/Examples/Examples_Total.lean|29|6709257883257101731	insertionSort_total_correct	6709257883257101731	selected-fact	not-attempted	closed from a selected Lean fact	253291	collect=253291	
velvet	crush-portfolio	1	Velvet/Examples/Examples_Total.lean|30|13894794097547967513	insertionSort_total_correct	13894794097547967513	core-reconstructed	certificate-error	core-directed reconstruction succeeded	508350209	collect=135875,pre-reconstruct=1042167,normalize=123500,monomorphize=3071791,instantiate=876042,translate=5291417,solve=483396250,replay=18042,reconstruct=14395125	
velvet	crush-portfolio	1	Velvet/Examples/Examples_Total.lean|31|11235314628722112900	insertionSort_total_correct	14354530589729947841	core-reconstructed	certificate-error	core-directed reconstruction succeeded	583848541	collect=217375,pre-reconstruct=144292,normalize=145291,monomorphize=5311375,instantiate=52451458,translate=11776833,solve=494708500,replay=18834,reconstruct=19074583	
velvet	crush-portfolio	1	Velvet/Examples/Examples_Total.lean|33|18214290959922115111	insertionSort_total_correct	17272444315034915638	core-reconstructed	certificate-error	core-directed reconstruction succeeded	2394629749	collect=271500,pre-reconstruct=10602458,normalize=1628959,monomorphize=9255292,instantiate=51583750,translate=16404083,solve=582884333,replay=20541,reconstruct=1721978833	
velvet	crush-portfolio	1	Velvet/Examples/Examples_Total.lean|34|17119794831572106230	sqrt_total_correct	5307985127850147097	core-reconstructed	certificate-error	core-directed reconstruction succeeded	517684417	collect=172959,pre-reconstruct=120542,normalize=112416,monomorphize=968208,instantiate=93333,translate=4665834,solve=494287375,replay=18792,reconstruct=17244958	
velvet	crush-portfolio	1	Velvet/Examples/Examples_Total.lean|35|16395326812896940336	sqrt_total_correct	3661544389526892522	core-reconstructed	certificate-error	core-directed reconstruction succeeded	519035042	collect=171500,pre-reconstruct=131375,normalize=114583,monomorphize=1010917,instantiate=89458,translate=4801583,solve=488814959,replay=22667,reconstruct=23878000	
velvet	crush-portfolio	1	Velvet/Examples/Examples_Total.lean|36|4559485301326837329	sqrt_total_correct	4559485301326837329	core-reconstructed	certificate-error	core-directed reconstruction succeeded	488300916	collect=165875,pre-reconstruct=108250,normalize=114375,monomorphize=971333,instantiate=86000,translate=4499583,solve=478631625,replay=19041,reconstruct=3704834	
velvet	crush-portfolio	1	Velvet/Examples/Examples_Total.lean|37|15833581759277421577	sqrt_total_correct	9636917653559417038	core-reconstructed	certificate-error	core-directed reconstruction succeeded	549511584	collect=185500,pre-reconstruct=377041,normalize=149958,monomorphize=1880792,instantiate=97667,translate=5339292,solve=523226875,replay=19667,reconstruct=18234792	
velvet	crush-portfolio	1	Velvet/Examples/Examples_Total.lean|38|17892696244691966181	sqrt_total_correct	17892696244691966181	core-reconstructed	certificate-error	core-directed reconstruction succeeded	1143752789	collect=200875,pre-reconstruct=547958,normalize=167416,monomorphize=2505708,instantiate=87041,translate=5405958,solve=503438958,replay=19666,reconstruct=631379209	
velvet	crush-portfolio	1	Velvet/Examples/Examples_Total.lean|39|7228731597997214785	sqrt_total_correct	9636917653559417038	core-reconstructed	certificate-error	core-directed reconstruction succeeded	543123457	collect=182417,pre-reconstruct=382125,normalize=140458,monomorphize=1509375,instantiate=89875,translate=4979166,solve=534888667,replay=21333,reconstruct=930041	
velvet	crush-portfolio	1	Velvet/Examples/Examples_Total.lean|40|13073343856082995605	sqrt_total_correct	13073343856082995605	selected-fact	not-attempted	closed from a selected Lean fact	186416	collect=186416	
velvet	crush-portfolio	1	Velvet/Examples/Examples_Total.lean|41|13635698331308129878	sqrt_total_correct	9636917653559417038	core-reconstructed	certificate-error	core-directed reconstruction succeeded	487533000	collect=108458,pre-reconstruct=109875,normalize=115125,monomorphize=1038334,instantiate=96083,translate=4696500,solve=478044750,replay=18417,reconstruct=3305458	
velvet	crush-portfolio	1	Velvet/Examples/Examples_Total.lean|42|10800841518550636949	sqrt_total_correct	123143008762622395	core-reconstructed	certificate-error	core-directed reconstruction succeeded	538733373	collect=191583,pre-reconstruct=464208,normalize=159958,monomorphize=1949542,instantiate=88916,translate=5448958,solve=508078083,replay=18750,reconstruct=22333375	
velvet	crush-portfolio	1	Velvet/Examples/Examples_Total.lean|43|12457966505053151830	sqrt_total_correct	3661544389526892522	core-reconstructed	certificate-error	core-directed reconstruction succeeded	913530375	collect=181375,pre-reconstruct=362667,normalize=148000,monomorphize=1977792,instantiate=86250,translate=5810583,solve=549551875,replay=19833,reconstruct=355392000	
velvet	crush-portfolio	1	Velvet/Examples/Examples_Total.lean|44|17578352201394481400	sqrt_total_correct	17578352201394481400	core-reconstructed	certificate-error	core-directed reconstruction succeeded	836348333	collect=188125,pre-reconstruct=380916,normalize=156792,monomorphize=2208250,instantiate=92500,translate=5422958,solve=511180250,replay=19042,reconstruct=316699500	
velvet	crush-portfolio	1	Velvet/Examples/Examples_Total.lean|45|628191952620585962	cbrt_correct	5307985127850147097	core-reconstructed	certificate-error	core-directed reconstruction succeeded	505829498	collect=182833,pre-reconstruct=119250,normalize=122417,monomorphize=1118583,instantiate=95417,translate=4816958,solve=480843791,replay=19166,reconstruct=18511083	
velvet	crush-portfolio	1	Velvet/Examples/Examples_Total.lean|46|5408980950461060684	cbrt_correct	6765116615704103050	core-reconstructed	certificate-error	core-directed reconstruction succeeded	509466334	collect=163334,pre-reconstruct=104583,normalize=118958,monomorphize=1086042,instantiate=87209,translate=4574417,solve=479643208,replay=21583,reconstruct=23667000	
velvet	crush-portfolio	1	Velvet/Examples/Examples_Total.lean|47|17796805544787031687	cbrt_correct	17796805544787031687	core-reconstructed	certificate-error	core-directed reconstruction succeeded	497345457	collect=159875,pre-reconstruct=101791,normalize=121542,monomorphize=1101958,instantiate=93125,translate=4626667,solve=486456541,replay=20791,reconstruct=4663167	
velvet	crush-portfolio	1	Velvet/Examples/Examples_Total.lean|48|12597585967811959528	cbrt_correct	6259749615389096762	core-reconstructed	certificate-error	core-directed reconstruction succeeded	553905168	collect=236667,pre-reconstruct=452709,normalize=185583,monomorphize=2422250,instantiate=114084,translate=5847833,solve=526045208,replay=19917,reconstruct=18580917	
velvet	crush-portfolio	1	Velvet/Examples/Examples_Total.lean|49|17892696244691966181	cbrt_correct	17892696244691966181	core-reconstructed	certificate-error	core-directed reconstruction succeeded	1143833542	collect=186792,pre-reconstruct=475125,normalize=186292,monomorphize=2827583,instantiate=94875,translate=5700500,solve=505363250,replay=30917,reconstruct=628968208	
velvet	crush-portfolio	1	Velvet/Examples/Examples_Total.lean|50|11504389341422214604	cbrt_correct	6259749615389096762	unknown	not-attempted	solver exited without a verdict: cvc5 interrupted by timeout.	5499474958	collect=179041,pre-reconstruct=383500,normalize=153709,monomorphize=1855333,instantiate=90250,translate=5085625,solve=5491727500	
velvet	crush-portfolio	1	Velvet/Examples/Examples_Total.lean|51|1828175149019549874	cbrt_correct	1828175149019549874	selected-fact	not-attempted	closed from a selected Lean fact	207625	collect=207625	
velvet	crush-portfolio	1	Velvet/Examples/Examples_Total.lean|52|8027176826117333927	cbrt_correct	6259749615389096762	core-reconstructed	certificate-error	core-directed reconstruction succeeded	491604334	collect=151333,pre-reconstruct=117958,normalize=126125,monomorphize=1185709,instantiate=104750,translate=5316250,solve=480305250,replay=16875,reconstruct=4280084	
velvet	crush-portfolio	1	Velvet/Examples/Examples_Total.lean|53|8642365996124661698	cbrt_correct	123143008762622395	core-reconstructed	certificate-error	core-directed reconstruction succeeded	591854250	collect=203167,pre-reconstruct=539292,normalize=181625,monomorphize=2455250,instantiate=98291,translate=5873458,solve=557447500,replay=22708,reconstruct=25032959	
velvet	crush-portfolio	1	Velvet/Examples/Examples_Total.lean|54|1031468476226669362	cbrt_correct	6765116615704103050	core-reconstructed	certificate-error	core-directed reconstruction succeeded	1177719708	collect=186209,pre-reconstruct=439750,normalize=170666,monomorphize=2369625,instantiate=95000,translate=5530833,solve=767198250,replay=18750,reconstruct=401710625	
velvet	crush-portfolio	1	Velvet/Examples/Examples_Total.lean|55|9859620190106577091	cbrt_correct	9859620190106577091	core-reconstructed	certificate-error	core-directed reconstruction succeeded	637146625	collect=196958,pre-reconstruct=416333,normalize=209625,monomorphize=2804458,instantiate=93084,translate=5558750,solve=583847209,replay=21292,reconstruct=43998916	
velvet	crush-portfolio	1	Velvet/Examples/Examples_Total.lean|58|17809363630590163151	sqrt_bn_correct	3661544389526892522	core-reconstructed	certificate-error	core-directed reconstruction succeeded	539706708	collect=231125,pre-reconstruct=425709,normalize=205000,monomorphize=4287166,instantiate=108458,translate=6920583,solve=525319375,replay=20667,reconstruct=2188625	
velvet	crush-portfolio	1	Velvet/Examples/Examples_Total.lean|59|3756677303263535492	sqrt_bn_correct	3756677303263535492	core-reconstructed	certificate-error	core-directed reconstruction succeeded	565464458	collect=225917,pre-reconstruct=517166,normalize=199250,monomorphize=4514584,instantiate=113291,translate=6938458,solve=499889708,replay=20667,reconstruct=53045417	
velvet	crush-portfolio	1	Velvet/Examples/Examples_Total.lean|61|845228717509319176	sqrt_bn_correct	845228717509319176	core-reconstructed	certificate-error	core-directed reconstruction succeeded	557334084	collect=253500,pre-reconstruct=563417,normalize=238167,monomorphize=4396208,instantiate=99125,translate=6550333,solve=516024250,replay=19875,reconstruct=29189209	
velvet	crush-portfolio	1	Velvet/Examples/Examples_Total.lean|62|14080923781397173690	sqrt_bn_correct	3661544389526892522	core-reconstructed	certificate-error	core-directed reconstruction succeeded	537223752	collect=228334,pre-reconstruct=466000,normalize=184709,monomorphize=3749834,instantiate=149875,translate=6648625,solve=524798375,replay=21000,reconstruct=977000	
velvet	crush-portfolio	1	Velvet/Examples/Examples_Total.lean|63|2013384436827156188	sqrt_bn_correct	2013384436827156188	core-reconstructed	certificate-error	core-directed reconstruction succeeded	591223043	collect=230459,pre-reconstruct=567750,normalize=210084,monomorphize=4309000,instantiate=126167,translate=7150500,solve=526718375,replay=24375,reconstruct=51886333	
velvet	crush-portfolio	1	Velvet/Examples/Examples_Total.lean|66|14080923781397173690	sqrt_bn_correct	3661544389526892522	core-reconstructed	certificate-error	core-directed reconstruction succeeded	550665791	collect=200250,pre-reconstruct=417000,normalize=150583,monomorphize=2132875,instantiate=93792,translate=5651875,solve=541053625,replay=18750,reconstruct=947041	
velvet	crush-portfolio	1	Velvet/Examples/Examples_Total.lean|67|5112937323286018014	sqrt_bn_correct	5112937323286018014	selected-fact	not-attempted	closed from a selected Lean fact	204834	collect=204834	
velvet	crush-portfolio	1	Velvet/Examples/Examples_Total.lean|68|4559485301326837329	sqrt_bn_correct	4559485301326837329	core-reconstructed	certificate-error	core-directed reconstruction succeeded	497718996	collect=116958,pre-reconstruct=109375,normalize=113291,monomorphize=1174416,instantiate=101166,translate=4836333,solve=487284291,replay=19208,reconstruct=3963958	
velvet	crush-portfolio	1	Velvet/Examples/Examples_Total.lean|70|16395326812896940336	sqrt_bn_correct	3661544389526892522	core-reconstructed	certificate-error	core-directed reconstruction succeeded	512012540	collect=200500,pre-reconstruct=140250,normalize=109542,monomorphize=1178458,instantiate=98958,translate=5321833,solve=480373333,replay=19208,reconstruct=24570458	
velvet	crush-portfolio	1	Velvet/Examples/Examples_Total.lean|71|18362062349273978007	sqrt_bn_correct	7232745374090633776	core-reconstructed	certificate-error	core-directed reconstruction succeeded	551178751	collect=216750,pre-reconstruct=535709,normalize=161334,monomorphize=2425083,instantiate=113625,translate=6204333,solve=537869709,replay=20416,reconstruct=3631792	
velvet	crush-portfolio	1	Velvet/Examples/Examples_Total.lean|72|8802921734925604215	sqrt_bn_correct	3661544389526892522	core-reconstructed	certificate-error	core-directed reconstruction succeeded	544260290	collect=234125,pre-reconstruct=498333,normalize=184083,monomorphize=2628375,instantiate=114583,translate=6294083,solve=532622250,replay=18208,reconstruct=1666250	
velvet	crush-portfolio	1	Velvet/Examples/GCD.lean|2|9601099415740649235	gcd_correct	9601099415740649235	core-reconstructed	rule-gap	core-directed reconstruction succeeded	595729542	collect=2133666,pre-reconstruct=734500,normalize=1574583,monomorphize=101125,instantiate=2287500,translate=5534542,solve=493899000,replay=77538209,reconstruct=11926417	
velvet	crush-portfolio	1	Velvet/Examples/IsNonPrime.lean|1|3150397294412475763	IsNonPrime_correct	3150397294412475763	sat	not-attempted	solver returned sat	1190087209	collect=533292,pre-reconstruct=2828584,normalize=222375,monomorphize=105875,instantiate=228166,translate=4963625,solve=1181205292	
velvet	crush-portfolio	1	Velvet/Examples/IsNonPrime.lean|2|8498703091421742660	IsNonPrime_correct	8498703091421742660	core-reconstructed	rule-gap	core-directed reconstruction succeeded	1725532249	collect=313500,pre-reconstruct=123666,normalize=1458833,monomorphize=15541,instantiate=36375,translate=3399292,solve=1116075375,replay=584084167,reconstruct=20025500	
velvet	crush-portfolio	1	Velvet/Examples/IsNonPrime.lean|3|15405612526479945524	IsNonPrime_correct	15405612526479945524	core-reconstructed	rule-gap	core-directed reconstruction succeeded	1826741083	collect=212333,pre-reconstruct=3156833,normalize=1591500,monomorphize=17250,instantiate=32917,translate=3021333,solve=1150912500,replay=560659042,reconstruct=107137375	
velvet	crush-portfolio	1	Velvet/Examples/IsNonPrime.lean|4|3635621084297233985	IsNonPrime_correct	3635621084297233985	selected-fact	not-attempted	closed from a selected Lean fact	201959	collect=201959	
velvet	crush-portfolio	1	Velvet/Examples/IsNonPrime.lean|5|8498703091421742660	IsNonPrime_correct	8498703091421742660	core-reconstructed	rule-gap	core-directed reconstruction succeeded	1771005001	collect=147292,pre-reconstruct=133959,normalize=1033167,monomorphize=15334,instantiate=31000,translate=2631125,solve=1128028292,replay=620416041,reconstruct=18568791	
velvet	crush-portfolio	1	Velvet/Examples/IsNonPrime.lean|6|15497101072354692966	IsNonPrime_correct	15497101072354692966	unknown	not-attempted	solver exited without a verdict: cvc5 interrupted by timeout.	6170464294	collect=213542,pre-reconstruct=19260292,normalize=1604834,monomorphize=17959,instantiate=36625,translate=3199167,solve=6146131875	
velvet	crush-portfolio	1	Velvet/Examples/IsNonPrime.lean|7|3635621084297233985	IsNonPrime_correct	3635621084297233985	selected-fact	not-attempted	closed from a selected Lean fact	248167	collect=248167	
velvet	crush-portfolio	1	Velvet/Examples/IsNonPrime.lean|11|16017810969246570786	IsNonPrime_correct	16017810969246570786	selected-fact	not-attempted	closed from a selected Lean fact	210542	collect=210542	
velvet	crush-portfolio	1	Velvet/Examples/IsNonPrime.lean|12|12543135627460772462	IsNonPrime_correct	12543135627460772462	alethe-reconstructed	success	Alethe certificate replay succeeded	1226889625	collect=80375,pre-reconstruct=102041,normalize=46375,monomorphize=13125,instantiate=45209,translate=855083,solve=1147971250,replay=77776167	certificate_commands=11,certificate_assumes=3,certificate_steps=8,certificate_anchors=0,certificate_sexp_nodes=143,certificate_bytes=592
velvet	crush-portfolio	1	Velvet/Examples/IsNonPrime.lean|13|1572539502098385654	IsNonPrime_correct	1572539502098385654	alethe-reconstructed	success	Alethe certificate replay succeeded	2447509668	collect=185709,pre-reconstruct=1556375,normalize=825042,monomorphize=14833,instantiate=39125,translate=1608042,solve=1147114042,replay=1296166500	certificate_commands=46,certificate_assumes=3,certificate_steps=40,certificate_anchors=3,certificate_sexp_nodes=1255,certificate_bytes=4792
velvet	crush-portfolio	1	Velvet/Examples/IsNonPrime.lean|14|11076373139303988464	IsNonPrime_correct	11076373139303988464	alethe-reconstructed	success	Alethe certificate replay succeeded	1524940293	collect=123542,pre-reconstruct=108334,normalize=64041,monomorphize=13084,instantiate=30459,translate=1275666,solve=1133590167,replay=389735000	certificate_commands=134,certificate_assumes=8,certificate_steps=123,certificate_anchors=3,certificate_sexp_nodes=2022,certificate_bytes=9523
velvet	crush-portfolio	1	Velvet/Examples/IsNonPrime.lean|15|15559572021364972958	IsNonPrime_correct	15559572021364972958	unknown	not-attempted	solver exited without a verdict: cvc5 interrupted by timeout.	6307779791	collect=243041,pre-reconstruct=161469584,normalize=1812166,monomorphize=20292,instantiate=47542,translate=3478083,solve=6140709083	
velvet	crush-portfolio	1	Velvet/Examples/IsSorted.lean|1|11207960766534651515	IsSorted_correct	11207960766534651515	core-reconstructed	certificate-error	core-directed reconstruction succeeded	1217351834	collect=3041917,pre-reconstruct=5050833,normalize=4027833,monomorphize=145083,instantiate=667866209,translate=44219958,solve=470558917,replay=130250,reconstruct=22310834	
velvet	crush-portfolio	1	Velvet/Examples/IsSorted.lean|2|4413675682266163545	IsSorted_correct	7061492355100973697	core-reconstructed	certificate-error	core-directed reconstruction succeeded	2745506085	collect=465208,pre-reconstruct=667917,normalize=3326042,monomorphize=26917,instantiate=2242184042,translate=93054708,solve=391361584,replay=22084,reconstruct=14397583	
velvet	crush-portfolio	1	Velvet/Examples/IsSorted.lean|3|9518487208184120090	IsSorted_correct	9518487208184120090	pre-reconstructed	not-attempted	closed before SMT translation	23911042	collect=459083,pre-reconstruct=23451959	
velvet	crush-portfolio	1	Velvet/Examples/IsSorted.lean|4|11207960766534651515	IsSorted_correct	11207960766534651515	core-reconstructed	certificate-error	core-directed reconstruction succeeded	1241218249	collect=425708,pre-reconstruct=3092708,normalize=3268167,monomorphize=25167,instantiate=677237208,translate=41083958,solve=495182083,replay=19000,reconstruct=20884250	
velvet	crush-portfolio	1	Velvet/Examples/IsSorted.lean|5|16465854614385299804	IsSorted_correct	7061492355100973697	core-reconstructed	certificate-error	core-directed reconstruction succeeded	3151711290	collect=564958,pre-reconstruct=629833,normalize=3603833,monomorphize=31000,instantiate=2239673458,translate=86642125,solve=422056458,replay=23917,reconstruct=398485708	
velvet	crush-portfolio	1	Velvet/Examples/IsSorted.lean|6|1749803822950348457	IsSorted_correct	9518487208184120090	core-reconstructed	certificate-error	core-directed reconstruction succeeded	2401633875	collect=473708,pre-reconstruct=1216724375,normalize=3954167,monomorphize=29959,instantiate=676151833,translate=40455291,solve=455630334,replay=21583,reconstruct=8192625	
velvet	crush-portfolio	1	Velvet/Examples/IsSorted.lean|7|6461838523585744673	IsSorted_correct	6461838523585744673	core-reconstructed	certificate-error	core-directed reconstruction succeeded	736441832	collect=432083,pre-reconstruct=1758959,normalize=2704875,monomorphize=25208,instantiate=283763916,translate=19540250,solve=409463791,replay=20500,reconstruct=18732250	
velvet	crush-portfolio	1	Velvet/Examples/IsSorted.lean|8|5698263445699273715	IsSorted_correct	7061492355100973697	core-reconstructed	certificate-error	core-directed reconstruction succeeded	1625654210	collect=482000,pre-reconstruct=518584,normalize=2870125,monomorphize=26625,instantiate=1121221000,translate=49745958,solve=415131459,replay=23584,reconstruct=35634875	
velvet	crush-portfolio	1	Velvet/Examples/IsSorted.lean|9|1749803822950348457	IsSorted_correct	9518487208184120090	core-reconstructed	certificate-error	core-directed reconstruction succeeded	1448838333	collect=433250,pre-reconstruct=729863292,normalize=3363166,monomorphize=25708,instantiate=282706125,translate=19246625,solve=403467250,replay=19542,reconstruct=9713375	
velvet	crush-portfolio	1	Velvet/Examples/IsSorted.lean|10|16458001095677251802	IsSorted_correct	16458001095677251802	core-reconstructed	certificate-error	core-directed reconstruction succeeded	791143833	collect=428667,pre-reconstruct=47482125,normalize=2764500,monomorphize=24833,instantiate=292516125,translate=18732333,solve=402047542,replay=18542,reconstruct=27129166	
velvet	crush-portfolio	1	Velvet/Examples/IsSorted.lean|11|11716511832970583731	IsSorted_correct	11716511832970583731	core-reconstructed	certificate-error	core-directed reconstruction succeeded	613896127	collect=376625,pre-reconstruct=1442917,normalize=1553666,monomorphize=22584,instantiate=182089500,translate=14130584,solve=403754042,replay=19792,reconstruct=10506417	
velvet	crush-portfolio	1	Velvet/Examples/IsSorted.lean|12|13412663338101939313	IsSorted_correct	7061492355100973697	core-reconstructed	certificate-error	core-directed reconstruction succeeded	935166166	collect=352708,pre-reconstruct=126250,normalize=1457416,monomorphize=19208,instantiate=500989334,translate=27910875,solve=396851917,replay=17292,reconstruct=7441166	
velvet	crush-portfolio	1	Velvet/Examples/IsSorted.lean|13|10877051663303345536	IsSorted_correct	9518487208184120090	pre-reconstructed	not-attempted	closed before SMT translation	8176583	collect=379208,pre-reconstruct=7797375	
velvet	crush-portfolio	1	Velvet/Examples/IsSorted.lean|14|2102916384874846137	IsSorted_correct	2102916384874846137	core-reconstructed	certificate-error	core-directed reconstruction succeeded	22358438753	collect=380000,pre-reconstruct=179619750,normalize=2985500,monomorphize=25958,instantiate=122258667,translate=15404834,solve=5410685250,translate-fallback=19390709,solve-fallback=727308584,replay=22667,reconstruct=15880356834	
velvet	crush-portfolio	1	Velvet/Examples/MaxElem.lean|1|6189042491608852705	maxElem_correct	6189042491608852705	core-reconstructed	certificate-error	core-directed reconstruction succeeded	520081042	collect=1793500,pre-reconstruct=4126875,normalize=2776833,monomorphize=127209,instantiate=288792,translate=11374333,solve=482587375,replay=136875,reconstruct=16869250	
velvet	crush-portfolio	1	Velvet/Examples/MaxElem.lean|2|13979591039540523316	maxElem_correct	8435436090805571502	core-reconstructed	certificate-error	core-directed reconstruction succeeded	482480083	collect=478875,pre-reconstruct=1920167,normalize=2292209,monomorphize=21583,instantiate=32125,translate=5307416,solve=438255000,replay=19833,reconstruct=34152875	
velvet	crush-portfolio	1	Velvet/Examples/MaxElem.lean|3|6189042491608852705	maxElem_correct	6189042491608852705	core-reconstructed	certificate-error	core-directed reconstruction succeeded	465386666	collect=491542,pre-reconstruct=2135416,normalize=2172833,monomorphize=25167,instantiate=39041,translate=5086000,solve=440758709,replay=19833,reconstruct=14658125	
velvet	crush-portfolio	1	Velvet/Examples/MaxElem.lean|4|3496913807798796367	maxElem_correct	3368518466434627767	core-reconstructed	certificate-error	core-directed reconstruction succeeded	640817750	collect=483792,pre-reconstruct=479666,normalize=2092542,monomorphize=21667,instantiate=33125,translate=4663166,solve=487378958,replay=21709,reconstruct=145643125	
velvet	crush-portfolio	1	Velvet/Examples/MaxElem.lean|5|13935834157065255340	maxElem_correct	13935834157065255340	core-reconstructed	certificate-error	core-directed reconstruction succeeded	493369167	collect=462125,pre-reconstruct=1011459,normalize=1533625,monomorphize=21292,instantiate=31208,translate=3538958,solve=472387125,replay=23875,reconstruct=14359500	
velvet	crush-portfolio	1	Velvet/Examples/MaxElem.lean|6|10716558625718226994	maxElem_correct	3368518466434627767	core-reconstructed	certificate-error	core-directed reconstruction succeeded	457297665	collect=468291,pre-reconstruct=393041,normalize=1733750,monomorphize=20875,instantiate=32666,translate=3851334,solve=449650083,replay=18875,reconstruct=1128750	
velvet	crush-portfolio	1	Velvet/Examples/MaxElem.lean|7|12429897440204793908	maxElem_correct	12429897440204793908	core-reconstructed	certificate-error	core-directed reconstruction succeeded	467129499	collect=469791,pre-reconstruct=686791,normalize=1789958,monomorphize=20708,instantiate=38500,translate=3604750,solve=445804709,replay=19209,reconstruct=14695083	
velvet	crush-portfolio	1	Velvet/Examples/MaxElem.lean|8|6662270672118944889	maxElem_correct	6662270672118944889	core-reconstructed	certificate-error	core-directed reconstruction succeeded	471102959	collect=348000,pre-reconstruct=1268292,normalize=625375,monomorphize=14792,instantiate=30959,translate=2099791,solve=452666250,replay=18375,reconstruct=14031125	
velvet	crush-portfolio	1	Velvet/Examples/MaxElem.lean|9|10294878435885712953	maxElem_correct	4988386822408839803	core-reconstructed	certificate-error	core-directed reconstruction succeeded	518656832	collect=434250,pre-reconstruct=135083,normalize=1074416,monomorphize=14791,instantiate=33375,translate=3026000,solve=497519958,replay=19667,reconstruct=16399292	
velvet	crush-portfolio	1	Velvet/Examples/MaxElem.lean|10|15821608085576758365	maxElem_correct	14098165805487489891	core-reconstructed	certificate-error	core-directed reconstruction succeeded	470837958	collect=642666,pre-reconstruct=937917,normalize=2351084,monomorphize=30125,instantiate=34666,translate=4810125,solve=459824708,replay=19500,reconstruct=2187167	
velvet	crush-portfolio	1	Velvet/Examples/MemAlloc.lean|1|633235845480694220	mem_alloc_correct	13644601314536403191	pre-reconstructed	not-attempted	closed before SMT translation	42047584	collect=19202125,pre-reconstruct=22845459	
velvet	crush-portfolio	1	Velvet/Examples/MemAlloc.lean|2|12262280732602434251	mem_alloc_correct	17594606446654630769	pre-reconstructed	not-attempted	closed before SMT translation	29416709	collect=1954084,pre-reconstruct=27462625	
velvet	crush-portfolio	1	Velvet/Examples/MemAlloc.lean|3|5395433166570123997	mem_alloc_correct	5395433166570123997	core-reconstructed	term-gap	core-directed reconstruction succeeded	1317289252	collect=2157209,pre-reconstruct=1216875,normalize=4636667,monomorphize=124042,instantiate=255666,translate=13347875,solve=1218001750,replay=69451459,reconstruct=8097709	
velvet	crush-portfolio	1	Velvet/Examples/MemAlloc.lean|4|7858921023181799469	mem_alloc_correct	7858921023181799469	unknown	not-attempted	no reason given	1502530250	collect=2096250,pre-reconstruct=342766125,normalize=3783208,monomorphize=24875,instantiate=41292,translate=5693250,solve=1148125250	
velvet	crush-portfolio	1	Velvet/Examples/MemAlloc.lean|5|12307778664191690486	mem_alloc_correct	12307778664191690486	core-reconstructed	term-gap	core-directed reconstruction succeeded	1509286499	collect=2413208,pre-reconstruct=200863500,normalize=3745292,monomorphize=21917,instantiate=60166,translate=5413291,solve=1208080208,replay=66004917,reconstruct=22684000	
velvet	crush-portfolio	1	Velvet/Examples/MemAlloc.lean|6|14651957694487509304	mem_alloc_correct	14651957694487509304	selected-fact	not-attempted	closed from a selected Lean fact	2458709	collect=2458709	
velvet	crush-portfolio	1	Velvet/Examples/MemAlloc.lean|7|5395433166570123997	mem_alloc_correct	5395433166570123997	core-reconstructed	term-gap	core-directed reconstruction succeeded	1218601207	collect=1884458,pre-reconstruct=1039042,normalize=4132000,monomorphize=23041,instantiate=38333,translate=5190542,solve=1137647833,replay=61307958,reconstruct=7338000	
velvet	crush-portfolio	1	Velvet/Examples/MemAlloc.lean|11|7320909626913503829	mem_alloc_correct	7320909626913503829	selected-fact	not-attempted	closed from a selected Lean fact	2550250	collect=2550250	
velvet	crush-portfolio	1	Velvet/Examples/MemAlloc.lean|12|13680370559755953061	mem_alloc_correct	13680370559755953061	selected-fact	not-attempted	closed from a selected Lean fact	1914750	collect=1914750	
velvet	crush-portfolio	1	Velvet/Examples/MemAlloc.lean|13|5395433166570123997	mem_alloc_correct	5395433166570123997	alethe-reconstructed	success	Alethe certificate replay succeeded	1224816251	collect=1816834,pre-reconstruct=755542,normalize=1775958,monomorphize=21584,instantiate=37000,translate=2991166,solve=1156596709,replay=60821458	certificate_commands=11,certificate_assumes=9,certificate_steps=2,certificate_anchors=0,certificate_sexp_nodes=139,certificate_bytes=704
velvet	crush-portfolio	1	Velvet/Examples/MemAlloc.lean|14|9725332222063365643	mem_alloc_correct	9725332222063365643	pre-reconstructed	not-attempted	closed before SMT translation	184437666	collect=1990958,pre-reconstruct=182446708	
velvet	crush-portfolio	1	Velvet/Examples/MemAlloc.lean|15|400422252958227942	mem_alloc_correct	400422252958227942	pre-reconstructed	not-attempted	closed before SMT translation	25712917	collect=1847208,pre-reconstruct=23865709	
velvet	crush-portfolio	1	Velvet/Examples/MemAlloc.lean|16|880346177993498408	mem_alloc_correct	880346177993498408	selected-fact	not-attempted	closed from a selected Lean fact	1733042	collect=1733042	
velvet	crush-portfolio	1	Velvet/Examples/MemAlloc.lean|17|15369885961681168000	mem_alloc_correct	4370218357807814088	unknown	not-attempted	no reason given	1225838543	collect=2042917,pre-reconstruct=41202417,normalize=4846916,monomorphize=29334,instantiate=48042,translate=8918417,solve=1168750500	
velvet	crush-portfolio	1	Velvet/Examples/MemAlloc.lean|18|633235845480694220	mem_alloc_correct	13644601314536403191	unknown	not-attempted	no reason given	1263977125	collect=2402209,pre-reconstruct=51223333,normalize=4935375,monomorphize=24458,instantiate=53750,translate=7650917,solve=1197687083	
velvet	crush-portfolio	1	Velvet/Examples/Recursion.lean|2|16321134497628070328	simple_recursion_correct	16321134497628070328	alethe-reconstructed	success	Alethe certificate replay succeeded	914904874	collect=627916,pre-reconstruct=3699667,normalize=313625,monomorphize=105000,instantiate=259708,translate=5517500,solve=483433917,replay=420947541	certificate_commands=147,certificate_assumes=11,certificate_steps=134,certificate_anchors=2,certificate_sexp_nodes=2272,certificate_bytes=10265
velvet	crush-portfolio	1	Velvet/Examples/Recursion.lean|3|15399959404188881270	pickGreater_correct	15399959404188881270	pre-reconstructed	not-attempted	closed before SMT translation	78482583	collect=548166,pre-reconstruct=77934417	
velvet	crush-portfolio	1	Velvet/Examples/Recursion.lean|4|6729724634728447689	pickGreater_correct	6729724634728447689	alethe-reconstructed	success	Alethe certificate replay succeeded	938919501	collect=302208,pre-reconstruct=285000,normalize=1252459,monomorphize=14459,instantiate=30416,translate=1148875,solve=389308959,replay=546577125	certificate_commands=129,certificate_assumes=9,certificate_steps=117,certificate_anchors=3,certificate_sexp_nodes=1948,certificate_bytes=9256
velvet	crush-portfolio	1	Velvet/Examples/Recursion.lean|5|6331840417009367668	pickGreaterN_correct	6331840417009367668	core-reconstructed	term-gap	core-directed reconstruction succeeded	575569501	collect=611041,pre-reconstruct=127959,normalize=587583,monomorphize=13375,instantiate=35083,translate=1058542,solve=483277000,replay=72152334,reconstruct=17706584	
velvet	crush-portfolio	1	Velvet/Examples/Recursion.lean|6|928177310960349346	pickGreaterN_correct	928177310960349346	alethe-reconstructed	success	Alethe certificate replay succeeded	1686051168	collect=725125,pre-reconstruct=145000,normalize=1250667,monomorphize=15209,instantiate=39750,translate=1710333,solve=389269125,replay=1292895959	certificate_commands=275,certificate_assumes=20,certificate_steps=250,certificate_anchors=5,certificate_sexp_nodes=4247,certificate_bytes=20110
velvet	crush-portfolio	1	Velvet/Examples/Recursion.lean|7|14502607232842720358	calc_fact_correct	14502607232842720358	core-reconstructed	rule-gap	core-directed reconstruction succeeded	759432248	collect=1090583,pre-reconstruct=459333,normalize=874084,monomorphize=23958,instantiate=21469542,translate=2440666,solve=446901833,replay=277989291,reconstruct=8182958	
velvet	crush-portfolio	1	Velvet/Examples/Recursion.lean|8|5360899794933563671	calc_fact_correct	5360899794933563671	selected-fact	not-attempted	closed from a selected Lean fact	834000	collect=834000	
velvet	crush-portfolio	1	Velvet/Examples/Recursion.lean|9|16083086069592683677	calc_fact_correct	16083086069592683677	core-reconstructed	rule-gap	core-directed reconstruction succeeded	707130001	collect=349416,pre-reconstruct=2948042,normalize=1490084,monomorphize=24375,instantiate=40016708,translate=4102709,solve=431817709,replay=197840208,reconstruct=28540750	
velvet	crush-portfolio	1	Velvet/Examples/Recursion.lean|10|17426933449823366573	calc_fact_correct	17426933449823366573	core-reconstructed	rule-gap	core-directed reconstruction succeeded	728037792	collect=641041,pre-reconstruct=135250,normalize=1489375,monomorphize=21375,instantiate=38413667,translate=4063833,solve=439881375,replay=208567417,reconstruct=34824459	
velvet	crush-portfolio	1	Velvet/Examples/Recursion.lean|13|3040060259141493307	calc_fact_correct	3040060259141493307	selected-fact	not-attempted	closed from a selected Lean fact	630542	collect=630542	
velvet	crush-portfolio	1	Velvet/Examples/Recursion.lean|14|8843960039229350233	calc_fact_correct	8843960039229350233	core-reconstructed	rule-gap	core-directed reconstruction succeeded	697179086	collect=309667,pre-reconstruct=127250,normalize=1050000,monomorphize=25333,instantiate=37185334,translate=2860917,solve=458530709,replay=195319959,reconstruct=1769917	
velvet	crush-portfolio	1	Velvet/Examples/Recursion.lean|15|414362943496193222	calc_fact_correct	414362943496193222	core-reconstructed	rule-gap	core-directed reconstruction succeeded	622327500	collect=533958,pre-reconstruct=833208,normalize=1137458,monomorphize=19083,instantiate=40095834,translate=3101250,solve=377841875,replay=196972000,reconstruct=1792834	
velvet	crush-portfolio	1	Velvet/Examples/Recursion.lean|16|17682712502848666117	calc_fact_correct	17682712502848666117	core-reconstructed	rule-gap	core-directed reconstruction succeeded	760950918	collect=638084,pre-reconstruct=368500,normalize=1203500,monomorphize=20833,instantiate=37082542,translate=3497042,solve=489413375,replay=200184625,reconstruct=28542417	
velvet	crush-portfolio	1	Velvet/Examples/Recursion.lean|17|10153057550358142642	SimpleOption_correct	10153057550358142642	alethe-reconstructed	success	Alethe certificate replay succeeded	468702999	collect=383583,pre-reconstruct=110125,normalize=1104083,monomorphize=19833,instantiate=21009875,translate=1695666,solve=381874250,replay=62505584	certificate_commands=13,certificate_assumes=5,certificate_steps=8,certificate_anchors=0,certificate_sexp_nodes=192,certificate_bytes=763
velvet	crush-portfolio	1	Velvet/Examples/Recursion.lean|18|1511426402368662420	SimpleOption_correct	1511426402368662420	core-reconstructed	rule-gap	core-directed reconstruction succeeded	688641416	collect=560292,pre-reconstruct=116583,normalize=1005708,monomorphize=16417,instantiate=50998792,translate=2159958,solve=467721583,replay=163856958,reconstruct=2205125	
velvet	crush-portfolio	1	Velvet/Examples/Recursion.lean|19|12303175613740643342	SimpleList_correct	12303175613740643342	core-reconstructed	certificate-error	core-directed reconstruction succeeded	456818292	collect=586875,pre-reconstruct=136792,normalize=1271667,monomorphize=19667,instantiate=53964375,translate=5382083,solve=371801334,replay=53916,reconstruct=23601583	
velvet	crush-portfolio	1	Velvet/Examples/Recursion.lean|20|10153057550358142642	SimpleList_correct	10153057550358142642	core-reconstructed	certificate-error	core-directed reconstruction succeeded	513158958	collect=350958,pre-reconstruct=107500,normalize=1184875,monomorphize=19375,instantiate=21391750,translate=2390417,solve=484447833,replay=18917,reconstruct=3247333	
velvet	crush-portfolio	1	Velvet/Examples/Recursion.lean|21|419217539048902517	insertTree_correct	6124558152003517874	core-reconstructed	certificate-error	core-directed reconstruction succeeded	414828793	collect=798042,pre-reconstruct=947417,normalize=1576667,monomorphize=6500083,instantiate=9912875,translate=4965500,solve=384665417,replay=17584,reconstruct=5445208	
velvet	crush-portfolio	1	Velvet/Examples/Recursion.lean|23|14100858011260313832	insertTree_correct	10921538662002129566	core-reconstructed	certificate-error	core-directed reconstruction succeeded	498271960	collect=471167,pre-reconstruct=901708,normalize=1661375,monomorphize=5558750,instantiate=10272000,translate=4744333,solve=467596459,replay=22209,reconstruct=7043959	
velvet	crush-portfolio	1	Velvet/Examples/Recursion.lean|24|5439148242694091386	insertTree_correct	5439148242694091386	core-reconstructed	certificate-error	core-directed reconstruction succeeded	419225415	collect=453833,pre-reconstruct=1136791,normalize=2069541,monomorphize=4985958,instantiate=9723709,translate=4837625,solve=375537958,replay=17625,reconstruct=20462375	
velvet	crush-portfolio	1	Velvet/Examples/Recursion.lean|25|13358020527010658417	insertTree_correct	13358020527010658417	core-reconstructed	certificate-error	core-directed reconstruction succeeded	483605540	collect=453834,pre-reconstruct=665250,normalize=1514333,monomorphize=4632625,instantiate=9771041,translate=4410125,solve=457826666,replay=18833,reconstruct=4312833	
velvet	crush-portfolio	1	Velvet/Examples/Recursion.lean|26|8603391761408256204	insertTree_correct	11864513577345326864	core-reconstructed	certificate-error	core-directed reconstruction succeeded	411679498	collect=480125,pre-reconstruct=937458,normalize=1751458,monomorphize=5419083,instantiate=9965916,translate=4796583,solve=381460042,replay=29000,reconstruct=6839833	
velvet	crush-portfolio	1	Velvet/Examples/Recursion.lean|27|403261720200322615	insertTree_correct	403261720200322615	core-reconstructed	certificate-error	core-directed reconstruction succeeded	513184042	collect=459667,pre-reconstruct=1030125,normalize=2077791,monomorphize=5178792,instantiate=10428875,translate=5217750,solve=460242667,replay=18250,reconstruct=28530125	
velvet	crush-portfolio	1	Velvet/Examples/Recursion.lean|28|13334821868243949956	insertTree_correct	13334821868243949956	core-reconstructed	certificate-error	core-directed reconstruction succeeded	404619334	collect=448667,pre-reconstruct=695459,normalize=1529750,monomorphize=5131125,instantiate=11768833,translate=4756375,solve=375620625,replay=18875,reconstruct=4649625	
velvet	crush-portfolio	1	Velvet/Examples/Recursion.lean|29|10034441991535992553	insertTree_correct	2266607705858558304	core-reconstructed	certificate-error	core-directed reconstruction succeeded	480990706	collect=747292,pre-reconstruct=712875,normalize=1495625,monomorphize=4750291,instantiate=9643083,translate=4322583,solve=455026875,replay=22166,reconstruct=4269916	
velvet	crush-portfolio	1	Velvet/Examples/Recursion.lean|30|8410732340261024813	insertTree_correct	18206415606574627385	core-reconstructed	certificate-error	core-directed reconstruction succeeded	432106332	collect=814125,pre-reconstruct=1963541,normalize=2490958,monomorphize=11768917,instantiate=10862125,translate=8038250,solve=387122833,replay=20875,reconstruct=9024708	
velvet	crush-portfolio	1	Velvet/Examples/Recursion.lean|31|13887296291903300382	insertTree_correct	13887296291903300382	core-reconstructed	certificate-error	core-directed reconstruction succeeded	520338583	collect=556334,pre-reconstruct=1481750,normalize=2473625,monomorphize=10746833,instantiate=10373625,translate=7181500,solve=468024458,replay=18083,reconstruct=19482375	
velvet	crush-portfolio	1	Velvet/Examples/Recursion.lean|32|6517665507579609563	insertTree_correct	6517665507579609563	core-reconstructed	certificate-error	core-directed reconstruction succeeded	439191291	collect=561375,pre-reconstruct=1567750,normalize=2550958,monomorphize=11429875,instantiate=10501875,translate=7461334,solve=400136666,replay=21375,reconstruct=4960083	
velvet	crush-portfolio	1	Velvet/Examples/Recursion.lean|34|4691160922418792609	insertTree_correct	3724966807215875960	core-reconstructed	certificate-error	core-directed reconstruction succeeded	529019084	collect=582917,pre-reconstruct=2292709,normalize=2886625,monomorphize=13680584,instantiate=11478125,translate=8959041,solve=476644792,replay=21125,reconstruct=12473166	
velvet	crush-portfolio	1	Velvet/Examples/Recursion.lean|35|5459752633259142580	insertTree_correct	5459752633259142580	core-reconstructed	certificate-error	core-directed reconstruction succeeded	470615751	collect=574209,pre-reconstruct=1730750,normalize=3101291,monomorphize=12557042,instantiate=10821500,translate=7859750,solve=402701000,replay=18167,reconstruct=31252042	
velvet	crush-portfolio	1	Velvet/Examples/Recursion.lean|36|14235806948139691359	insertTree_correct	14235806948139691359	core-reconstructed	certificate-error	core-directed reconstruction succeeded	498676626	collect=582250,pre-reconstruct=1744209,normalize=2793875,monomorphize=12552375,instantiate=11022917,translate=7993625,solve=456649208,replay=19292,reconstruct=5318875	
velvet	crush-portfolio	1	Velvet/Examples/Recursion.lean|38|7037529583856086989	insertTree_correct	14769059022653274503	core-reconstructed	certificate-error	core-directed reconstruction succeeded	448842376	collect=576208,pre-reconstruct=2314334,normalize=2910500,monomorphize=14113916,instantiate=11120625,translate=8313750,solve=396704125,replay=23209,reconstruct=12765709	
velvet	crush-portfolio	1	Velvet/Examples/Recursion.lean|39|5348143843544294657	insertTree_correct	5348143843544294657	core-reconstructed	certificate-error	core-directed reconstruction succeeded	551177833	collect=579166,pre-reconstruct=1720958,normalize=2842167,monomorphize=12675875,instantiate=12816792,translate=8375541,solve=471680292,replay=18667,reconstruct=40468375	
velvet	crush-portfolio	1	Velvet/Examples/Recursion.lean|40|11865403806314311412	insertTree_correct	11865403806314311412	core-reconstructed	certificate-error	core-directed reconstruction succeeded	451819498	collect=583500,pre-reconstruct=1790166,normalize=2918458,monomorphize=12596125,instantiate=12552833,translate=9227625,solve=406649833,replay=19167,reconstruct=5481791	
velvet	crush-portfolio	1	Velvet/Examples/Recursion.lean|41|4528940613904177901	complex_measure_binsearch_correct	4528940613904177901	unknown	not-attempted	solver exited without a verdict: cvc5 interrupted by timeout.	10884616751	collect=741041,pre-reconstruct=126958,normalize=1448875,monomorphize=19792,instantiate=9698084,translate=2425209,solve=5464275167,translate-fallback=2327250,solve-fallback=5403554375	
velvet	crush-portfolio	1	Velvet/Examples/Recursion.lean|47|9897963110172432531	complex_measure_binsearch_correct	9897963110172432531	alethe-reconstructed	success	Alethe certificate replay succeeded	1123713167	collect=734667,pre-reconstruct=145209,normalize=2008333,monomorphize=23125,instantiate=10887541,translate=3546042,solve=444780167,replay=661588083	certificate_commands=49,certificate_assumes=11,certificate_steps=38,certificate_anchors=0,certificate_sexp_nodes=912,certificate_bytes=3709
velvet	crush-portfolio	1	Velvet/Examples/Recursion.lean|51|5804668677648722939	pow2_correct	5804668677648722939	core-reconstructed	term-gap	core-directed reconstruction succeeded	526550626	collect=896208,pre-reconstruct=1438833,normalize=1911167,monomorphize=21625,instantiate=18380584,translate=3103458,solve=467187667,replay=20284875,reconstruct=13326209	
velvet	crush-portfolio	1	Velvet/Examples/Recursion.lean|52|5360899794933563671	pow2_correct	5360899794933563671	selected-fact	not-attempted	closed from a selected Lean fact	600125	collect=600125	
velvet	crush-portfolio	1	Velvet/Examples/Recursion.lean|53|2669204144888843361	pow2_correct	2669204144888843361	core-reconstructed	term-gap	core-directed reconstruction succeeded	491306082	collect=376875,pre-reconstruct=2623708,normalize=2170375,monomorphize=20291,instantiate=19753250,translate=4364917,solve=406369750,replay=29667833,reconstruct=25959083	
velvet	crush-portfolio	1	Velvet/Examples/Recursion.lean|54|17426933449823366573	pow2_correct	17426933449823366573	core-reconstructed	term-gap	core-directed reconstruction succeeded	560582876	collect=627833,pre-reconstruct=133667,normalize=1853042,monomorphize=21875,instantiate=17336792,translate=4098167,solve=466732750,replay=33795500,reconstruct=35983250	
velvet	crush-portfolio	1	Velvet/Examples/Recursion.lean|57|3040060259141493307	pow2_correct	3040060259141493307	selected-fact	not-attempted	closed from a selected Lean fact	658125	collect=658125	
velvet	crush-portfolio	1	Velvet/Examples/Recursion.lean|58|8843960039229350233	pow2_correct	8843960039229350233	core-reconstructed	term-gap	core-directed reconstruction succeeded	491430250	collect=321875,pre-reconstruct=110750,normalize=1573750,monomorphize=22083,instantiate=14698167,translate=2210500,solve=449470041,replay=21258250,reconstruct=1764834	
velvet	crush-portfolio	1	Velvet/Examples/Recursion.lean|59|11033618788013063028	pow2_correct	11033618788013063028	selected-fact	not-attempted	closed from a selected Lean fact	495458	collect=495458	
velvet	crush-portfolio	1	Velvet/Examples/Recursion.lean|60|12960500676855313787	pow2_correct	12960500676855313787	core-reconstructed	term-gap	core-directed reconstruction succeeded	495205876	collect=350917,pre-reconstruct=1242583,normalize=1841750,monomorphize=21666,instantiate=18543542,translate=4033459,solve=415951500,replay=33005417,reconstruct=20215042	
velvet	crush-portfolio	1	Velvet/Examples/SmallHeartBeats.lean|1|15016508801900672495	LeftmostMaximalDigit_correct	15236574120941310609	unknown	not-attempted	solver exited without a verdict: cvc5 interrupted by timeout.	5494777625	collect=3868250,pre-reconstruct=1714000,normalize=6532500,monomorphize=127958,instantiate=248917,translate=16285333,solve=5466000667	
velvet	crush-portfolio	1	Velvet/Examples/SmallHeartBeats.lean|2|15016508801900672495	LeftmostMaximalDigit_correct	15236574120941310609	unknown	not-attempted	solver exited without a verdict: cvc5 interrupted by timeout.	5480395041	collect=444042,pre-reconstruct=516166,normalize=5556833,monomorphize=24541,instantiate=39167,translate=10201125,solve=5463613167	
velvet	crush-portfolio	1	Velvet/Examples/SmallHeartBeats.lean|3|2028202278093280602	LeftmostMaximalDigit_correct	6121938255858659784	reconstruction-failed	certificate-error	core-directed reconstruction did not close the goal	23106492707	collect=500292,pre-reconstruct=687416,normalize=6361208,monomorphize=29291,instantiate=43542,translate=9881916,solve=4930600875,replay=140417,reconstruct=18158247750	
velvet	crush-portfolio	1	Velvet/Examples/SmallHeartBeats.lean|4|15016508801900672495	LeftmostMaximalDigit_correct	15236574120941310609	reconstruction-failed	certificate-error	core-directed reconstruction did not close the goal	21650867127	collect=493583,pre-reconstruct=585334,normalize=5990917,monomorphize=27084,instantiate=37042,translate=9789917,solve=5456700000,replay=21000,reconstruct=16177222250	
velvet	crush-portfolio	1	Velvet/Examples/SmallHeartBeats.lean|5|15016508801900672495	LeftmostMaximalDigit_correct	15236574120941310609	reconstruction-failed	certificate-error	core-directed reconstruction did not close the goal	21588323542	collect=419042,pre-reconstruct=511834,normalize=5521875,monomorphize=24000,instantiate=34375,translate=9715833,solve=5257745125,replay=19458,reconstruct=16314332000	
velvet	crush-portfolio	1	Velvet/Examples/SmallHeartBeats.lean|6|3737123472131748703	LeftmostMaximalDigit_correct	15236574120941310609	unknown	not-attempted	solver exited without a verdict: cvc5 interrupted by timeout.	5480530833	collect=406917,pre-reconstruct=467958,normalize=4799416,monomorphize=23375,instantiate=33750,translate=8781167,solve=5466018250	
velvet	crush-portfolio	1	Velvet/Examples/SmallHeartBeats.lean|7|7513237505621560861	LeftmostMaximalDigit_correct	7513237505621560861	selected-fact	not-attempted	closed from a selected Lean fact	377958	collect=377958	
velvet	crush-portfolio	1	Velvet/Examples/SmallHeartBeats.lean|8|8096766621563827002	LeftmostMaximalDigit_correct	17680906660210225647	core-reconstructed	certificate-error	core-directed reconstruction succeeded	505912584	collect=334958,pre-reconstruct=378959,normalize=3316208,monomorphize=24542,instantiate=42500,translate=6083500,solve=479591167,replay=20500,reconstruct=16120250	
velvet	crush-portfolio	1	Velvet/Examples/SmallHeartBeats.lean|9|18343663110535115658	LeftmostMaximalDigit_correct	5956152800418677151	unknown	not-attempted	solver exited without a verdict: cvc5 interrupted by timeout.	5496858542	collect=494875,pre-reconstruct=10593875,normalize=5363042,monomorphize=24167,instantiate=33333,translate=13146625,solve=5467202625	
velvet	crush-portfolio	1	Velvet/Examples/SpMSpV_Example.lean|2|8738685113314976701	VSpV_correct	8738685113314976701	core-reconstructed	certificate-error	core-directed reconstruction succeeded	544813084	collect=798458,pre-reconstruct=674167,normalize=2375000,monomorphize=15474000,instantiate=10017125,translate=20359416,solve=479307625,replay=129209,reconstruct=15678084	
velvet	crush-portfolio	1	Velvet/Examples/SpMSpV_Example.lean|3|3203096880704497577	VSpV_correct	3203096880704497577	core-reconstructed	certificate-error	core-directed reconstruction succeeded	643983373	collect=301041,pre-reconstruct=10018125,normalize=2546250,monomorphize=20995083,instantiate=36740208,translate=26197959,solve=490236083,replay=17833,reconstruct=56930791	
velvet	crush-portfolio	1	Velvet/Examples/SpMSpV_Example.lean|7|6511268073169614694	VSpV_correct	6511268073169614694	core-reconstructed	certificate-error	core-directed reconstruction succeeded	520090292	collect=266541,pre-reconstruct=754334,normalize=1983083,monomorphize=13676750,instantiate=10501792,translate=14519500,solve=475699917,replay=19417,reconstruct=2668958	
velvet	crush-portfolio	1	Velvet/Examples/SpMSpV_Example.lean|9|975338514235632457	VSpV_correct	975338514235632457	core-reconstructed	certificate-error	core-directed reconstruction succeeded	504322459	collect=239250,pre-reconstruct=128875,normalize=181167,monomorphize=11134000,instantiate=1583542,translate=9023583,solve=479274042,replay=17500,reconstruct=2740500	
velvet	crush-portfolio	1	Velvet/Examples/SpMSpV_Example.lean|10|12341185047943028706	VSpV_correct	12341185047943028706	core-reconstructed	certificate-error	core-directed reconstruction succeeded	586429958	collect=201708,pre-reconstruct=2328750,normalize=219042,monomorphize=13129625,instantiate=12712625,translate=13320250,solve=513255791,replay=33958,reconstruct=31228209	
velvet	crush-portfolio	1	Velvet/Examples/SpMSpV_Example.lean|15|10035930273513517515	spmv_correct	16911588290658345398	core-reconstructed	certificate-error	core-directed reconstruction succeeded	676649043	collect=330166,pre-reconstruct=11339625,normalize=549084,monomorphize=29289458,instantiate=24007459,translate=28142250,solve=498939583,replay=20959,reconstruct=84030459	
velvet	crush-portfolio	1	Velvet/Examples/SpMSpV_Example.lean|16|4828757563640441921	spmv_correct	17150622328021244237	core-reconstructed	certificate-error	core-directed reconstruction succeeded	923555542	collect=326750,pre-reconstruct=22812459,normalize=646333,monomorphize=52576375,instantiate=65913708,translate=63401959,solve=554830500,replay=22250,reconstruct=163025208	
velvet	crush-portfolio	1	Velvet/Examples/SpMSpV_Example.lean|19|9723121325275610683	spmv_correct	5118812006968681161	core-reconstructed	certificate-error	core-directed reconstruction succeeded	548953748	collect=294375,pre-reconstruct=607416,normalize=357917,monomorphize=24535500,instantiate=4219458,translate=19170000,solve=498515416,replay=17458,reconstruct=1236208	
velvet	crush-portfolio	1	Velvet/Examples/SpMSpV_Example.lean|20|17138153512408342530	spmv_correct	10058067986739430896	core-reconstructed	certificate-error	core-directed reconstruction succeeded	566566085	collect=294667,pre-reconstruct=3976459,normalize=392791,monomorphize=27436042,instantiate=13649458,translate=28483375,solve=491026875,replay=18209,reconstruct=1288209	
velvet	crush-portfolio	1	Velvet/Examples/SpMSpV_Example.lean|21|1779879977175361606	spmv_correct	9652275006870831740	core-reconstructed	certificate-error	core-directed reconstruction succeeded	574229958	collect=336042,pre-reconstruct=3926584,normalize=380375,monomorphize=24334500,instantiate=4432334,translate=20055416,solve=490657291,replay=18833,reconstruct=30088583	
velvet	crush-portfolio	1	Velvet/Examples/SpMSpV_Example.lean|24|3184815126966959579	spmv_correct	4431820435980120265	core-reconstructed	certificate-error	core-directed reconstruction succeeded	559407957	collect=242750,pre-reconstruct=117166,normalize=209458,monomorphize=19440291,instantiate=3032334,translate=14948250,solve=486522708,replay=18000,reconstruct=34877000	
velvet	crush-portfolio	1	Velvet/Examples/SpMSpV_Example.lean|25|1119395027554635835	spmv_correct	13937701322092251966	core-reconstructed	certificate-error	core-directed reconstruction succeeded	615240917	collect=220500,pre-reconstruct=3248750,normalize=247667,monomorphize=23590834,instantiate=15056708,translate=23244417,solve=502797000,replay=19458,reconstruct=46815583	
velvet	crush-portfolio	1	Velvet/Examples/SpMSpV_Example.lean|26|2867453267844152322	spmv_correct	4156424914757912501	core-reconstructed	certificate-error	core-directed reconstruction succeeded	651335459	collect=284500,pre-reconstruct=6093875,normalize=431125,monomorphize=36975125,instantiate=14462750,translate=33126875,solve=517704959,replay=17916,reconstruct=42238334	
velvet	crush-portfolio	1	Velvet/Examples/SpMSpV_Example.lean|29|12365816836206760017	SpVSpV_correct	12365816836206760017	core-reconstructed	certificate-error	core-directed reconstruction succeeded	641729415	collect=391666,pre-reconstruct=3777334,normalize=5754500,monomorphize=40359333,instantiate=53998916,translate=40130375,solve=478700166,replay=18417,reconstruct=18598708	
velvet	crush-portfolio	1	Velvet/Examples/SpMSpV_Example.lean|30|14837198768818932204	SpVSpV_correct	16126165560622542066	core-reconstructed	certificate-error	core-directed reconstruction succeeded	894370125	collect=388042,pre-reconstruct=9839000,normalize=7009667,monomorphize=47755291,instantiate=147544958,translate=70412625,solve=510807167,replay=19000,reconstruct=100594375	
velvet	crush-portfolio	1	Velvet/Examples/SpMSpV_Example.lean|32|15323100967004739210	SpVSpV_correct	15323100967004739210	core-reconstructed	certificate-error	core-directed reconstruction succeeded	659109457	collect=406875,pre-reconstruct=2178083,normalize=5698625,monomorphize=41685500,instantiate=54136250,translate=39781958,solve=495050625,replay=18791,reconstruct=20152750	
velvet	crush-portfolio	1	Velvet/Examples/SpMSpV_Example.lean|33|10656169208955874266	SpVSpV_correct	10656169208955874266	core-reconstructed	certificate-error	core-directed reconstruction succeeded	733915625	collect=381208,pre-reconstruct=4310875,normalize=5974750,monomorphize=43409708,instantiate=86235250,translate=51549792,solve=498419125,replay=18125,reconstruct=43616792	
velvet	crush-portfolio	1	Velvet/Examples/SpMSpV_Example.lean|35|9762937465648280212	SpVSpV_correct	9762937465648280212	core-reconstructed	certificate-error	core-directed reconstruction succeeded	661996750	collect=396417,pre-reconstruct=2298375,normalize=5852208,monomorphize=42322458,instantiate=54625209,translate=39411041,solve=496018125,replay=18167,reconstruct=21054750	
velvet	crush-portfolio	1	Velvet/Examples/SpMSpV_Example.lean|36|2195194365498566470	SpVSpV_correct	2195194365498566470	core-reconstructed	certificate-error	core-directed reconstruction succeeded	760703999	collect=448292,pre-reconstruct=4622667,normalize=6125375,monomorphize=43469750,instantiate=90991416,translate=52001792,solve=493695083,replay=17916,reconstruct=69331708	
velvet	crush-portfolio	1	Velvet/Examples/SpMSpV_Example.lean|38|11853401597336712609	SpVSpV_correct	11853401597336712609	core-reconstructed	certificate-error	core-directed reconstruction succeeded	635467458	collect=365958,pre-reconstruct=1243042,normalize=5513833,monomorphize=37555250,instantiate=53481334,translate=37308083,solve=481165875,replay=18875,reconstruct=18815208	
velvet	crush-portfolio	1	Velvet/Examples/SpMSpV_Example.lean|40|2836632441074815746	SpVSpV_correct	2836632441074815746	core-reconstructed	certificate-error	core-directed reconstruction succeeded	632551042	collect=415667,pre-reconstruct=906000,normalize=5451250,monomorphize=38432041,instantiate=57317750,translate=38048000,solve=488046917,replay=17958,reconstruct=3915459	
velvet	crush-portfolio	1	Velvet/Examples/SpMSpV_Example.lean|42|9157999431728333977	SpVSpV_correct	9157999431728333977	core-reconstructed	certificate-error	core-directed reconstruction succeeded	560781334	collect=333667,pre-reconstruct=1520042,normalize=5074875,monomorphize=32596333,instantiate=6560000,translate=23062250,solve=488180250,replay=18875,reconstruct=3435042	
velvet	crush-portfolio	1	Velvet/Examples/SpMSpV_Example.lean|43|12484676100150332319	SpVSpV_correct	12484676100150332319	core-reconstructed	certificate-error	core-directed reconstruction succeeded	688493127	collect=407584,pre-reconstruct=3317750,normalize=5610250,monomorphize=35118417,instantiate=82097792,translate=31609875,solve=496865209,replay=17958,reconstruct=33448292	
velvet	crush-portfolio	1	Velvet/Examples/SpMSpV_Example.lean|44|6547543738413559297	SpVSpV_correct	6547543738413559297	core-reconstructed	certificate-error	core-directed reconstruction succeeded	674230708	collect=392625,pre-reconstruct=2465459,normalize=5303958,monomorphize=45112333,instantiate=56286333,translate=40404875,solve=500847875,replay=19208,reconstruct=23398042	
velvet	crush-portfolio	1	Velvet/Examples/SpMSpV_Example.lean|49|16599719904663808863	SpMSpV_correct	6207658206744569200	core-reconstructed	certificate-error	core-directed reconstruction succeeded	776080415	collect=470166,pre-reconstruct=20841625,normalize=6527125,monomorphize=66707583,instantiate=26858708,translate=44753791,solve=518457834,replay=18291,reconstruct=91445292	
velvet	crush-portfolio	1	Velvet/Examples/SpMSpV_Example.lean|50|9413868035314052637	SpMSpV_correct	954402073916344576	core-reconstructed	certificate-error	core-directed reconstruction succeeded	746607833	collect=451208,pre-reconstruct=21346292,normalize=6001458,monomorphize=65581000,instantiate=24134458,translate=43609791,solve=516176917,replay=19000,reconstruct=69287709	
velvet	crush-portfolio	1	Velvet/Examples/SpMSpV_Example.lean|51|11331147013392176036	SpMSpV_correct	1456818390559341560	core-reconstructed	certificate-error	core-directed reconstruction succeeded	1325159710	collect=495375,pre-reconstruct=50891208,normalize=7875042,monomorphize=83468792,instantiate=179356042,translate=159072625,solve=599787542,replay=17875,reconstruct=244195209	
velvet	crush-portfolio	1	Velvet/Examples/SpMSpV_Example.lean|55|16599719904663808863	SpMSpV_correct	6207658206744569200	core-reconstructed	certificate-error	core-directed reconstruction succeeded	777786083	collect=491792,pre-reconstruct=20604833,normalize=6898750,monomorphize=71251458,instantiate=27018083,translate=47487667,solve=512743334,replay=17666,reconstruct=91272500	
velvet	crush-portfolio	1	Velvet/Examples/SpMSpV_Example.lean|56|14915918579342464454	SpMSpV_correct	14801354580617985578	core-reconstructed	certificate-error	core-directed reconstruction succeeded	652567082	collect=472125,pre-reconstruct=2728833,normalize=6193291,monomorphize=66510375,instantiate=20564000,translate=42141667,solve=512810583,replay=18333,reconstruct=1127875	
velvet	crush-portfolio	1	Velvet/Examples/SpMSpV_Example.lean|61|4823872097887552574	SpMSpV_correct	14465487365256530385	core-reconstructed	certificate-error	core-directed reconstruction succeeded	717180498	collect=575250,pre-reconstruct=3262791,normalize=6991791,monomorphize=71822125,instantiate=17560083,translate=48151334,solve=567493458,replay=18416,reconstruct=1305250	
velvet	crush-portfolio	1	Velvet/Examples/SpMSpV_Example.lean|62|9413868035314052637	SpMSpV_correct	954402073916344576	core-reconstructed	certificate-error	core-directed reconstruction succeeded	756583167	collect=1055292,pre-reconstruct=20718583,normalize=8006292,monomorphize=72164291,instantiate=26567750,translate=50657334,solve=508838500,replay=19250,reconstruct=68555875	
velvet	crush-portfolio	1	Velvet/Examples/SpMSpV_Example.lean|67|4823872097887552574	SpMSpV_correct	14465487365256530385	core-reconstructed	certificate-error	core-directed reconstruction succeeded	536202541	collect=452250,pre-reconstruct=2680125,normalize=5423292,monomorphize=55799916,instantiate=10745500,translate=36180208,solve=423605041,replay=28250,reconstruct=1287959	
velvet	crush-portfolio	1	Velvet/Examples/SpMSpV_Example.lean|68|14915918579342464454	SpMSpV_correct	14801354580617985578	core-reconstructed	certificate-error	core-directed reconstruction succeeded	502406166	collect=488792,pre-reconstruct=2702792,normalize=5470291,monomorphize=53759333,instantiate=9215208,translate=36210166,solve=393363584,replay=19167,reconstruct=1176833	
velvet	crush-portfolio	1	Velvet/Examples/SpMSpV_Example.lean|69|10972595422634862877	SpMSpV_correct	282711820722505660	core-reconstructed	certificate-error	core-directed reconstruction succeeded	650039500	collect=467833,pre-reconstruct=8805500,normalize=6995916,monomorphize=59314250,instantiate=75937417,translate=82834875,solve=413949292,replay=18625,reconstruct=1715792	
velvet	crush-portfolio	1	Velvet/Examples/SpMSpV_Example.lean|70|8550776788309984180	SpMSpV_correct	11199427504012316075	core-reconstructed	certificate-error	core-directed reconstruction succeeded	625012292	collect=474416,pre-reconstruct=4704208,normalize=6264417,monomorphize=57726500,instantiate=36353125,translate=48123417,solve=414463875,replay=18334,reconstruct=56884000	
velvet	crush-portfolio	1	Velvet/Examples/SpMSpV_Example.lean|74|3184815126966959579	SpMSpV_correct	4431820435980120265	core-reconstructed	certificate-error	core-directed reconstruction succeeded	501869581	collect=380125,pre-reconstruct=120500,normalize=4455125,monomorphize=41006583,instantiate=7328916,translate=25291666,solve=387216875,replay=17541,reconstruct=36052250	
velvet	crush-portfolio	1	Velvet/Examples/SpMSpV_Example.lean|75|5592904318722155373	SpMSpV_correct	14215810846060684506	core-reconstructed	certificate-error	core-directed reconstruction succeeded	500441000	collect=375084,pre-reconstruct=128292,normalize=4840291,monomorphize=38063458,instantiate=6857792,translate=25125500,solve=393144666,replay=18625,reconstruct=31887292	
velvet	crush-portfolio	1	Velvet/Examples/SpMSpV_Example.lean|76|9139246173028146264	SpMSpV_correct	17952347404366761422	core-reconstructed	certificate-error	core-directed reconstruction succeeded	702571918	collect=366667,pre-reconstruct=6097750,normalize=5990833,monomorphize=47077084,instantiate=78651917,translate=94150375,solve=422199708,replay=18375,reconstruct=48019209	
velvet	crush-portfolio	1	Velvet/Examples/SpMSpV_Example.lean|77|1600226093076966364	SpMSpV_correct	16517394122866365312	core-reconstructed	certificate-error	core-directed reconstruction succeeded	802084998	collect=436166,pre-reconstruct=5552458,normalize=5896125,monomorphize=70153625,instantiate=19572333,translate=41611208,solve=609274375,replay=18250,reconstruct=49570458	
velvet	crush-portfolio	1	Velvet/Examples/SubstringSearch.lean|1|18217664312208415458	SubstringSearch_correct	174702952739697047	core-reconstructed	certificate-error	core-directed reconstruction succeeded	510245582	collect=567625,pre-reconstruct=5678833,normalize=317500,monomorphize=103958,instantiate=238667,translate=8792541,solve=476527000,replay=126125,reconstruct=17893333	
velvet	crush-portfolio	1	Velvet/Examples/SubstringSearch.lean|2|14717207787831772510	SubstringSearch_correct	16168922198445788	core-reconstructed	certificate-error	core-directed reconstruction succeeded	437026959	collect=161959,pre-reconstruct=4285041,normalize=1623792,monomorphize=17458,instantiate=31208,translate=4719041,solve=422884084,replay=19709,reconstruct=3284667	
velvet	crush-portfolio	1	Velvet/Examples/SubstringSearch.lean|3|10323933724704776680	SubstringSearch_correct	12116471866077996373	core-reconstructed	certificate-error	core-directed reconstruction succeeded	448133123	collect=150166,pre-reconstruct=1734583,normalize=123333,monomorphize=16583,instantiate=31125,translate=3306875,solve=439968125,replay=21541,reconstruct=2780792	
velvet	crush-portfolio	1	Velvet/Examples/SubstringSearch.lean|4|8391554914672281118	SubstringSearch_correct	4974301628068507188	selected-fact	not-attempted	closed from a selected Lean fact	123167	collect=123167	
velvet	crush-portfolio	1	Velvet/Examples/SubstringSearch.lean|5|6640297411548399355	SubstringSearch_correct	6640297411548399355	core-reconstructed	certificate-error	core-directed reconstruction succeeded	433329873	collect=63458,pre-reconstruct=95000,normalize=50125,monomorphize=12083,instantiate=26291,translate=1483042,solve=429001875,replay=17541,reconstruct=2580458	
velvet	crush-portfolio	1	Velvet/Examples/SubstringSearch.lean|6|4492008039209323302	SubstringSearch_correct	4492008039209323302	core-reconstructed	certificate-error	core-directed reconstruction succeeded	452258917	collect=804709,pre-reconstruct=743083,normalize=3313000,monomorphize=39500,instantiate=37750,translate=10967625,solve=433185541,replay=18875,reconstruct=3148834	
velvet	crush-portfolio	1	Velvet/Examples/SubstringSearch.lean|7|16506446102682745284	SubstringSearch_correct	16506446102682745284	core-reconstructed	certificate-error	core-directed reconstruction succeeded	450653500	collect=538709,pre-reconstruct=740584,normalize=3193166,monomorphize=40791,instantiate=34625,translate=11295750,solve=420749708,replay=18542,reconstruct=14041625	
velvet	crush-portfolio	1	Velvet/Examples/SubstringSearch.lean|8|4056255141881592010	SubstringSearch_correct	4056255141881592010	selected-fact	not-attempted	closed from a selected Lean fact	526833	collect=526833	
velvet	crush-portfolio	1	Velvet/Examples/SubstringSearch.lean|9|10653939026877543916	SubstringSearch_correct	10653939026877543916	core-reconstructed	certificate-error	core-directed reconstruction succeeded	464923461	collect=422459,pre-reconstruct=642709,normalize=3137167,monomorphize=45542,instantiate=37584,translate=11194875,solve=425286833,replay=19625,reconstruct=24136667	
velvet	crush-portfolio	1	Velvet/Examples/SubstringSearch.lean|11|18143633401136980304	SubstringSearch_correct	18143633401136980304	core-reconstructed	certificate-error	core-directed reconstruction succeeded	441898041	collect=528625,pre-reconstruct=665167,normalize=3158500,monomorphize=39542,instantiate=34708,translate=10792750,solve=421344750,replay=18958,reconstruct=5315041	
velvet	crush-portfolio	1	Velvet/Examples/SubstringSearch.lean|12|16856248441874989194	SubstringSearch_correct	16856248441874989194	core-reconstructed	certificate-error	core-directed reconstruction succeeded	454182418	collect=518792,pre-reconstruct=752209,normalize=3515583,monomorphize=46209,instantiate=44875,translate=11619750,solve=431892625,replay=21083,reconstruct=5771292	
velvet	crush-portfolio	1	Velvet/Examples/SubstringSearch.lean|13|1598574868652780333	SubstringSearch_correct	2623082850227027838	core-reconstructed	certificate-error	core-directed reconstruction succeeded	736342540	collect=546625,pre-reconstruct=2068458,normalize=3630000,monomorphize=47250,instantiate=40542,translate=12317541,solve=441338625,replay=19458,reconstruct=276334041	
velvet	crush-portfolio	1	Velvet/Examples/SubstringSearch.lean|14|6083540873046640352	SubstringSearch_correct	14001892521180047693	core-reconstructed	certificate-error	core-directed reconstruction succeeded	543980084	collect=588709,pre-reconstruct=7266791,normalize=4361959,monomorphize=48208,instantiate=38167,translate=13360958,solve=456356500,replay=20375,reconstruct=61938417	
velvet	crush-portfolio	1	Velvet/Examples/SubstringSearch.lean|15|18314524564682266162	SubstringSearch_correct	174702952739697047	core-reconstructed	certificate-error	core-directed reconstruction succeeded	455582666	collect=519208,pre-reconstruct=3368125,normalize=3432291,monomorphize=43375,instantiate=40000,translate=11479125,solve=433328375,replay=19125,reconstruct=3353042	
velvet	crush-portfolio	1	Velvet/Examples/SubstringSearch.lean|16|14859665284842375974	SubstringSearch_correct	14695100313578779437	core-reconstructed	certificate-error	core-directed reconstruction succeeded	479788749	collect=537709,pre-reconstruct=6752375,normalize=3710292,monomorphize=43666,instantiate=45958,translate=12348458,solve=435524125,replay=21833,reconstruct=20804333	
velvet	crush-portfolio	1	Velvet/Examples/SubstringSearch.lean|17|16859604855349517182	SubstringSearch_correct	5978146869369588613	unknown	not-attempted	solver exited without a verdict: cvc5 interrupted by timeout.	5460274124	collect=594041,pre-reconstruct=5535500,normalize=4590583,monomorphize=45167,instantiate=37125,translate=14748125,solve=5434723583	
velvet	crush-portfolio	1	Velvet/Examples/SubstringSearch.lean|18|12762377925475098934	SubstringSearch_correct	12762377925475098934	core-reconstructed	certificate-error	core-directed reconstruction succeeded	490691582	collect=654333,pre-reconstruct=832542,normalize=3616083,monomorphize=54333,instantiate=47500,translate=12206166,solve=433194542,replay=29041,reconstruct=40057042	
velvet	crush-portfolio	1	Velvet/Examples/SubstringSearch.lean|19|4492008039209323302	SubstringSearch_correct	4492008039209323302	core-reconstructed	certificate-error	core-directed reconstruction succeeded	440831415	collect=590791,pre-reconstruct=650750,normalize=3236666,monomorphize=40708,instantiate=34125,translate=10717750,solve=422297333,replay=18250,reconstruct=3245042	
velvet	crush-portfolio	1	Velvet/Examples/SubstringSearch.lean|20|16506446102682745284	SubstringSearch_correct	16506446102682745284	core-reconstructed	certificate-error	core-directed reconstruction succeeded	455488376	collect=512000,pre-reconstruct=744458,normalize=3432333,monomorphize=41709,instantiate=38917,translate=12108167,solve=424113458,replay=22542,reconstruct=14474792	
velvet	crush-portfolio	1	Velvet/Examples/SubstringSearch.lean|21|4056255141881592010	SubstringSearch_correct	4056255141881592010	selected-fact	not-attempted	closed from a selected Lean fact	542000	collect=542000	
velvet	crush-portfolio	1	Velvet/Examples/SubstringSearch.lean|24|18214680451177329292	SubstringSearch_correct	18214680451177329292	core-reconstructed	certificate-error	core-directed reconstruction succeeded	453152792	collect=567417,pre-reconstruct=684875,normalize=3158042,monomorphize=43666,instantiate=36375,translate=11042375,solve=423076250,replay=18125,reconstruct=14525667	
velvet	crush-portfolio	1	Velvet/Examples/SubstringSearch.lean|25|4587180649363296126	SubstringSearch_correct	4587180649363296126	core-reconstructed	certificate-error	core-directed reconstruction succeeded	464062251	collect=515250,pre-reconstruct=689084,normalize=3279250,monomorphize=40292,instantiate=34917,translate=11771291,solve=428245625,replay=19167,reconstruct=19467375	
velvet	crush-portfolio	1	Velvet/Examples/SubstringSearch.lean|26|1598574868652780333	SubstringSearch_correct	2623082850227027838	core-reconstructed	certificate-error	core-directed reconstruction succeeded	730917043	collect=553708,pre-reconstruct=1903625,normalize=3477667,monomorphize=47083,instantiate=37334,translate=12331667,solve=434178584,replay=18667,reconstruct=278368708	
velvet	crush-portfolio	1	Velvet/Examples/SubstringSearch.lean|27|7138545743425854663	SubstringSearch_correct	5155269417983951744	core-reconstructed	certificate-error	core-directed reconstruction succeeded	462568793	collect=556834,pre-reconstruct=4826167,normalize=3858625,monomorphize=42875,instantiate=38209,translate=12154083,solve=439033042,replay=18625,reconstruct=2040333	
velvet	crush-portfolio	1	Velvet/Examples/SubstringSearch.lean|28|4681422515724674825	SubstringSearch_correct	174702952739697047	core-reconstructed	certificate-error	core-directed reconstruction succeeded	462382623	collect=563500,pre-reconstruct=3405583,normalize=3411000,monomorphize=41625,instantiate=41791,translate=11728416,solve=426024583,replay=19208,reconstruct=17146917	
velvet	crush-portfolio	1	Velvet/Examples/SubstringSearch.lean|29|14859665284842375974	SubstringSearch_correct	14695100313578779437	core-reconstructed	certificate-error	core-directed reconstruction succeeded	475374123	collect=521459,pre-reconstruct=6590333,normalize=3950416,monomorphize=49208,instantiate=43291,translate=13382333,solve=429855166,replay=19583,reconstruct=20962334	
velvet	crush-portfolio	1	Velvet/Examples/SubstringSearch.lean|30|15621397202025328223	SubstringSearch_correct	16429357329401941578	unknown	not-attempted	solver exited without a verdict: cvc5 interrupted by timeout.	5445183124	collect=570292,pre-reconstruct=3933500,normalize=3805958,monomorphize=51708,instantiate=39125,translate=12851333,solve=5423931208	
velvet	crush-portfolio	1	Velvet/Examples/SubstringSearch.lean|31|12762377925475098934	SubstringSearch_correct	12762377925475098934	core-reconstructed	certificate-error	core-directed reconstruction succeeded	489354917	collect=582875,pre-reconstruct=795333,normalize=3314125,monomorphize=40750,instantiate=38875,translate=11662875,solve=433206417,replay=23875,reconstruct=39689792	
velvet	crush-portfolio	1	Velvet/Examples/SubstringSearch.lean|32|6640297411548399355	SubstringSearch_correct	6640297411548399355	core-reconstructed	certificate-error	core-directed reconstruction succeeded	443693585	collect=477917,pre-reconstruct=801042,normalize=3438625,monomorphize=39208,instantiate=40292,translate=12058792,solve=423462584,replay=18750,reconstruct=3356375	
velvet	crush-portfolio	1	Velvet/Examples/SubstringSearch.lean|33|12035722151280848636	SubstringSearch_correct	12035722151280848636	core-reconstructed	certificate-error	core-directed reconstruction succeeded	459396709	collect=530541,pre-reconstruct=737625,normalize=3202625,monomorphize=43209,instantiate=33292,translate=10795875,solve=440583000,replay=20375,reconstruct=3450167	
velvet	crush-portfolio	1	Velvet/Examples/SubstringSearch.lean|34|4056255141881592010	SubstringSearch_correct	4056255141881592010	selected-fact	not-attempted	closed from a selected Lean fact	535250	collect=535250	
velvet	crush-portfolio	1	Velvet/Examples/SubstringSearch.lean|37|11007454110672083430	SubstringSearch_correct	11007454110672083430	core-reconstructed	certificate-error	core-directed reconstruction succeeded	444259876	collect=530500,pre-reconstruct=628791,normalize=3053875,monomorphize=40625,instantiate=36417,translate=11107959,solve=425599625,replay=20959,reconstruct=3241125	
velvet	crush-portfolio	1	Velvet/Examples/SubstringSearch.lean|38|4587180649363296126	SubstringSearch_correct	4587180649363296126	core-reconstructed	certificate-error	core-directed reconstruction succeeded	461659293	collect=499459,pre-reconstruct=642209,normalize=3061458,monomorphize=38042,instantiate=33459,translate=10772625,solve=428484708,replay=22500,reconstruct=18104833	
velvet	crush-portfolio	1	Velvet/Examples/SubstringSearch.lean|39|4995387128902807839	SubstringSearch_correct	2623082850227027838	core-reconstructed	certificate-error	core-directed reconstruction succeeded	463686750	collect=505625,pre-reconstruct=1891750,normalize=3471875,monomorphize=41500,instantiate=37375,translate=12069500,solve=430512292,replay=505500,reconstruct=14651333	
velvet	crush-portfolio	1	Velvet/Examples/SubstringSearch.lean|40|7138545743425854663	SubstringSearch_correct	5155269417983951744	core-reconstructed	certificate-error	core-directed reconstruction succeeded	450321750	collect=517458,pre-reconstruct=4439584,normalize=3631375,monomorphize=40709,instantiate=35458,translate=12646458,solve=426781750,replay=20291,reconstruct=2208667	
velvet	crush-portfolio	1	Velvet/Examples/SubstringSearch.lean|41|4681422515724674825	SubstringSearch_correct	174702952739697047	core-reconstructed	certificate-error	core-directed reconstruction succeeded	645265542	collect=557875,pre-reconstruct=3566292,normalize=3680833,monomorphize=54750,instantiate=48000,translate=12409750,solve=458199042,replay=21125,reconstruct=166727875	
velvet	crush-portfolio	1	Velvet/Examples/SubstringSearch.lean|42|9257442500105266102	SubstringSearch_correct	11774711000685261052	selected-fact	not-attempted	closed from a selected Lean fact	544708	collect=544708	
velvet	crush-portfolio	1	Velvet/Examples/SubstringSearch.lean|43|15621397202025328223	SubstringSearch_correct	16429357329401941578	core-reconstructed	certificate-error	core-directed reconstruction succeeded	4039430335	collect=541792,pre-reconstruct=4023000,normalize=4103458,monomorphize=46958,instantiate=35584,translate=13227667,solve=3943901958,replay=19084,reconstruct=73530834	
velvet	crush-portfolio	1	Velvet/Examples/SubstringSearch.lean|44|12762377925475098934	SubstringSearch_correct	12762377925475098934	core-reconstructed	certificate-error	core-directed reconstruction succeeded	488904459	collect=512583,pre-reconstruct=693417,normalize=3269750,monomorphize=41625,instantiate=36583,translate=11236208,solve=433426167,replay=18834,reconstruct=39669292	
velvet	crush-portfolio	1	Velvet/Examples/SubstringSearch.lean|52|7110337632391962636	SubstringSearch_correct	2623082850227027838	core-reconstructed	certificate-error	core-directed reconstruction succeeded	463444793	collect=711500,pre-reconstruct=2314792,normalize=3554833,monomorphize=44500,instantiate=36375,translate=12887292,solve=441789083,replay=19959,reconstruct=2086459	
velvet	crush-portfolio	1	Velvet/Examples/SubstringSearch.lean|53|7138545743425854663	SubstringSearch_correct	5155269417983951744	core-reconstructed	certificate-error	core-directed reconstruction succeeded	467403459	collect=597584,pre-reconstruct=5229791,normalize=3701708,monomorphize=43792,instantiate=44708,translate=11553250,solve=444148334,replay=23792,reconstruct=2060500	
velvet	crush-portfolio	1	Velvet/Examples/SubstringSearch.lean|54|12240785285064077065	SubstringSearch_correct	174702952739697047	core-reconstructed	certificate-error	core-directed reconstruction succeeded	470268627	collect=506000,pre-reconstruct=3438334,normalize=3142875,monomorphize=40000,instantiate=37667,translate=10606458,solve=437758459,replay=19792,reconstruct=14719042	
velvet	crush-portfolio	1	Velvet/Examples/SubstringSearch.lean|55|8901178409804151575	SubstringSearch_correct	6856589615962544519	core-reconstructed	certificate-error	core-directed reconstruction succeeded	457615500	collect=484125,pre-reconstruct=3503916,normalize=3385250,monomorphize=44542,instantiate=36542,translate=12153959,solve=436341250,replay=22625,reconstruct=1643291	
velvet	crush-portfolio	1	Velvet/Examples/SubstringSearch.lean|56|8890844706151052704	SubstringSearch_correct	16429357329401941578	core-reconstructed	certificate-error	core-directed reconstruction succeeded	2086736750	collect=587959,pre-reconstruct=3911500,normalize=3532958,monomorphize=43833,instantiate=45500,translate=11925833,solve=2034909709,replay=19125,reconstruct=31760333	
velvet	crush-portfolio	1	Velvet/Examples/SubstringSearch.lean|57|8801584380004644131	SubstringSearch_correct	8801584380004644131	selected-fact	not-attempted	closed from a selected Lean fact	485791	collect=485791	
velvet	crush-portfolio	1	Velvet/Examples/SubstringSearch.lean|58|6640297411548399355	SubstringSearch_correct	6640297411548399355	core-reconstructed	certificate-error	core-directed reconstruction succeeded	437735248	collect=69292,pre-reconstruct=114666,normalize=56375,monomorphize=13416,instantiate=32416,translate=1530500,solve=432797916,replay=18709,reconstruct=3101958	
velvet	crush-portfolio	1	Velvet/Examples/SubstringSearch.lean|59|6640297411548399355	SubstringSearch_correct	6640297411548399355	core-reconstructed	certificate-error	core-directed reconstruction succeeded	442987334	collect=118958,pre-reconstruct=99042,normalize=62833,monomorphize=13875,instantiate=28209,translate=1607625,solve=437809834,replay=18458,reconstruct=3228500	
velvet	crush-portfolio	1	Velvet/Examples/SubstringSearch.lean|60|17707774690084689736	SubstringSearch_correct	17707774690084689736	core-reconstructed	certificate-error	core-directed reconstruction succeeded	442335540	collect=120000,pre-reconstruct=103500,normalize=51541,monomorphize=13542,instantiate=27208,translate=1895167,solve=436578791,replay=19000,reconstruct=3526791	
velvet	crush-portfolio	1	Velvet/Examples/SubstringSearch.lean|61|6640297411548399355	SubstringSearch_correct	6640297411548399355	core-reconstructed	certificate-error	core-directed reconstruction succeeded	432778000	collect=121625,pre-reconstruct=92334,normalize=51917,monomorphize=13625,instantiate=27458,translate=1538250,solve=427612125,replay=19333,reconstruct=3301333	
velvet	crush-portfolio	1	Velvet/Examples/SubstringSearch.lean|62|4974301628068507188	SubstringSearch_correct	4974301628068507188	core-reconstructed	certificate-error	core-directed reconstruction succeeded	450543293	collect=136834,pre-reconstruct=131709,normalize=58833,monomorphize=15042,instantiate=29292,translate=2147875,solve=433700333,replay=18125,reconstruct=14305250	
velvet	crush-portfolio	1	Velvet/Examples/SubstringSearch.lean|63|6640297411548399355	SubstringSearch_correct	6640297411548399355	core-reconstructed	certificate-error	core-directed reconstruction succeeded	455575416	collect=116291,pre-reconstruct=93417,normalize=50542,monomorphize=13500,instantiate=27000,translate=1499500,solve=450526083,replay=20750,reconstruct=3228333	
velvet	crush-portfolio	1	Velvet/Examples/SubstringSearch.lean|64|6640297411548399355	SubstringSearch_correct	6640297411548399355	core-reconstructed	certificate-error	core-directed reconstruction succeeded	447212998	collect=122833,pre-reconstruct=97208,normalize=52583,monomorphize=13291,instantiate=27417,translate=1553333,solve=442177333,replay=19125,reconstruct=3149875	
velvet	crush-portfolio	1	Velvet/Examples/SubstringSearch.lean|65|577474350103851300	SubstringSearch_correct	2623082850227027838	core-reconstructed	certificate-error	core-directed reconstruction succeeded	429598834	collect=148625,pre-reconstruct=1463750,normalize=92958,monomorphize=19750,instantiate=28709,translate=3103500,solve=421050375,replay=25125,reconstruct=3666042	
velvet	crush-portfolio	1	Velvet/Examples/SubstringSearch.lean|66|12819951545662893426	SubstringSearch_correct	13993715444541763638	core-reconstructed	certificate-error	core-directed reconstruction succeeded	429299000	collect=400000,pre-reconstruct=3150417,normalize=1314541,monomorphize=16375,instantiate=33709,translate=3850333,solve=417312750,replay=24292,reconstruct=3196583	
velvet	crush-portfolio	1	Velvet/Examples/SubstringSearch.lean|67|16471188947338966842	SubstringSearch_correct	174702952739697047	core-reconstructed	certificate-error	core-directed reconstruction succeeded	443586583	collect=136584,pre-reconstruct=1511958,normalize=85000,monomorphize=15000,instantiate=27875,translate=2623417,solve=435708250,replay=20083,reconstruct=3458416	
velvet	crush-portfolio	1	Velvet/Examples/SubstringSearch.lean|68|9975741777879173881	SubstringSearch_correct	11118364135432655742	core-reconstructed	certificate-error	core-directed reconstruction succeeded	435446041	collect=142083,pre-reconstruct=2594167,normalize=124166,monomorphize=15416,instantiate=30125,translate=3486250,solve=425356625,replay=18292,reconstruct=3678917	
velvet	crush-portfolio	1	Velvet/Examples/SubstringSearch.lean|69|88332911118243609	SubstringSearch_correct	8191945800170699187	core-reconstructed	certificate-error	core-directed reconstruction succeeded	436341459	collect=161333,pre-reconstruct=2655584,normalize=171916,monomorphize=16083,instantiate=28042,translate=4340958,solve=424764542,replay=24792,reconstruct=4178209	
velvet	crush-portfolio	1	Velvet/Examples/SubstringSearch.lean|70|4316548289593557355	SubstringSearch_correct	174702952739697047	core-reconstructed	certificate-error	core-directed reconstruction succeeded	510496915	collect=643166,pre-reconstruct=3660625,normalize=4109542,monomorphize=41791,instantiate=45250,translate=13072375,solve=448373375,replay=24291,reconstruct=40526500	
velvet	crush-portfolio	1	Velvet/Examples/SubstringSearch.lean|71|1800578837535211584	SubstringSearch_correct	16427404187394994162	unknown	not-attempted	solver exited without a verdict: cvc5 interrupted by timeout.	5453666084	collect=601917,pre-reconstruct=5924625,normalize=4664041,monomorphize=51959,instantiate=39375,translate=13880292,solve=5428503875	
velvet	crush-portfolio	1	Velvet/Examples/SubstringSearch.lean|72|10230862668540398183	SubstringSearch_correct	17040693118540766639	core-reconstructed	certificate-error	core-directed reconstruction succeeded	509068458	collect=627833,pre-reconstruct=2681333,normalize=3593375,monomorphize=40417,instantiate=38500,translate=12240959,solve=446494417,replay=19791,reconstruct=43331833	
velvet	crush-portfolio	1	Velvet/Examples/SubstringSearch.lean|73|16982021311738439252	SubstringSearch_correct	10055357480764853091	core-reconstructed	certificate-error	core-directed reconstruction succeeded	454562001	collect=660584,pre-reconstruct=804334,normalize=3603916,monomorphize=51125,instantiate=41667,translate=12903625,solve=433575375,replay=19000,reconstruct=2902375	
velvet	crush-portfolio	1	Velvet/Examples/SumOfDigits.lean|1|4887343456502517186	SumOfDigits_correct	4887343456502517186	core-reconstructed	rule-gap	core-directed reconstruction succeeded	780674040	collect=1356916,pre-reconstruct=4294208,normalize=1923708,monomorphize=117583,instantiate=30723083,translate=9032417,solve=452987750,replay=251218791,reconstruct=29019584	
velvet	crush-portfolio	1	Velvet/Examples/SumOfDigits.lean|2|5431800701729144158	SumOfDigits_correct	5431800701729144158	core-reconstructed	rule-gap	core-directed reconstruction succeeded	756347834	collect=631625,pre-reconstruct=263292,normalize=1239584,monomorphize=18583,instantiate=17761458,translate=3128750,solve=475565542,replay=248477000,reconstruct=9262000	
velvet	crush-portfolio	1	Velvet/Examples/SumOfDigits.lean|5|7475080825861972690	SumOfDigits_correct	7475080825861972690	core-reconstructed	rule-gap	core-directed reconstruction succeeded	721827126	collect=745792,pre-reconstruct=444250,normalize=1201417,monomorphize=20375,instantiate=18049500,translate=3167584,solve=453751167,replay=231238041,reconstruct=13209000	
velvet	crush-portfolio	1	Velvet/Examples/SumOfDigits.lean|6|15970435702129902192	SumOfDigits_correct	15970435702129902192	core-reconstructed	rule-gap	core-directed reconstruction succeeded	657442959	collect=677792,pre-reconstruct=766916,normalize=935625,monomorphize=17125,instantiate=10421375,translate=2243209,solve=448054417,replay=190154292,reconstruct=4172208	
velvet	crush-portfolio	1	Velvet/Examples/SumOfDigits.lean|7|6640297411548399355	SumOfDigits_correct	6640297411548399355	alethe-reconstructed	success	Alethe certificate replay succeeded	559596042	collect=706375,pre-reconstruct=108500,normalize=938083,monomorphize=19709,instantiate=4209959,translate=1759042,solve=485075541,replay=66778833	certificate_commands=12,certificate_assumes=4,certificate_steps=8,certificate_anchors=0,certificate_sexp_nodes=194,certificate_bytes=778
velvet	crush-portfolio	1	Velvet/Examples/SumOfDigits.lean|8|3871074223281074707	SumOfDigits_correct	3871074223281074707	core-reconstructed	rule-gap	core-directed reconstruction succeeded	1046388292	collect=758459,pre-reconstruct=635167,normalize=1741250,monomorphize=29958,instantiate=223835250,translate=18594417,solve=512416500,replay=272876291,reconstruct=15501000	
velvet	crush-portfolio	1	Velvet/Examples/TestLoopControl.lean|1|4791612905070682933	test1_correct	4791612905070682933	alethe-reconstructed	success	Alethe certificate replay succeeded	888289084	collect=2830209,pre-reconstruct=4013042,normalize=2285292,monomorphize=105333,instantiate=253833,translate=6064125,solve=463908667,replay=408828583	certificate_commands=89,certificate_assumes=8,certificate_steps=81,certificate_anchors=0,certificate_sexp_nodes=1516,certificate_bytes=6272
velvet	crush-portfolio	1	Velvet/Examples/TestLoopControl.lean|2|4635955882467741603	test1_correct	4635955882467741603	alethe-reconstructed	success	Alethe certificate replay succeeded	646033166	collect=720084,pre-reconstruct=1881291,normalize=1719250,monomorphize=17667,instantiate=35625,translate=1737666,solve=448238667,replay=191682916	certificate_commands=24,certificate_assumes=8,certificate_steps=16,certificate_anchors=0,certificate_sexp_nodes=373,certificate_bytes=1486
velvet	crush-portfolio	1	Velvet/Examples/TestLoopControl.lean|3|4791612905070682933	test1_correct	4791612905070682933	alethe-reconstructed	success	Alethe certificate replay succeeded	875334501	collect=814917,pre-reconstruct=2194459,normalize=1444833,monomorphize=21250,instantiate=38167,translate=1790625,solve=454118166,replay=414912084	certificate_commands=83,certificate_assumes=8,certificate_steps=75,certificate_anchors=0,certificate_sexp_nodes=1400,certificate_bytes=5787
velvet	crush-portfolio	1	Velvet/Examples/TestLoopControl.lean|5|4982008840348523404	test1_correct	4982008840348523404	alethe-reconstructed	success	Alethe certificate replay succeeded	704262624	collect=744667,pre-reconstruct=788166,normalize=1044583,monomorphize=15958,instantiate=38459,translate=1464917,solve=450075833,replay=250090041	certificate_commands=66,certificate_assumes=10,certificate_steps=55,certificate_anchors=1,certificate_sexp_nodes=995,certificate_bytes=4472
velvet	crush-portfolio	1	Velvet/Examples/TestLoopControl.lean|6|14929476196725773389	test1_correct	14929476196725773389	alethe-reconstructed	success	Alethe certificate replay succeeded	472841874	collect=639041,pre-reconstruct=1041125,normalize=742708,monomorphize=16625,instantiate=40417,translate=1119583,solve=444205000,replay=25037375	certificate_commands=15,certificate_assumes=3,certificate_steps=12,certificate_anchors=0,certificate_sexp_nodes=201,certificate_bytes=830
velvet	crush-portfolio	1	Velvet/Examples/TestLoopControl.lean|7|2311107858308393802	test1_correct	2311107858308393802	alethe-reconstructed	success	Alethe certificate replay succeeded	1069964957	collect=466083,pre-reconstruct=175583,normalize=855875,monomorphize=16791,instantiate=42625,translate=1508208,solve=462296125,replay=604603667	certificate_commands=219,certificate_assumes=20,certificate_steps=193,certificate_anchors=6,certificate_sexp_nodes=3211,certificate_bytes=15527
velvet	crush-portfolio	1	Velvet/Examples/TestLoopControl.lean|9|4791612905070682933	test2_correct	4791612905070682933	alethe-reconstructed	success	Alethe certificate replay succeeded	899878417	collect=1015291,pre-reconstruct=1965500,normalize=1378750,monomorphize=17417,instantiate=33750,translate=2149584,solve=453778583,replay=439539542	certificate_commands=84,certificate_assumes=9,certificate_steps=75,certificate_anchors=0,certificate_sexp_nodes=1424,certificate_bytes=5867
velvet	crush-portfolio	1	Velvet/Examples/TestLoopControl.lean|11|817407402121334710	test2_correct	817407402121334710	alethe-reconstructed	success	Alethe certificate replay succeeded	702922000	collect=885625,pre-reconstruct=614291,normalize=946875,monomorphize=22000,instantiate=40584,translate=1457875,solve=451823500,replay=247131250	certificate_commands=84,certificate_assumes=13,certificate_steps=69,certificate_anchors=2,certificate_sexp_nodes=1193,certificate_bytes=5491
velvet	crush-portfolio	1	Velvet/Examples/TestLoopControl.lean|12|14929476196725773389	test2_correct	14929476196725773389	alethe-reconstructed	success	Alethe certificate replay succeeded	472384583	collect=615167,pre-reconstruct=792166,normalize=678084,monomorphize=14375,instantiate=39458,translate=1001708,solve=443699709,replay=25543916	certificate_commands=15,certificate_assumes=3,certificate_steps=12,certificate_anchors=0,certificate_sexp_nodes=201,certificate_bytes=830
velvet	crush-portfolio	1	Velvet/Examples/TestLoopControl.lean|13|2311107858308393802	test2_correct	2311107858308393802	alethe-reconstructed	success	Alethe certificate replay succeeded	668190832	collect=450708,pre-reconstruct=134542,normalize=850541,monomorphize=16750,instantiate=40583,translate=1545458,solve=457846042,replay=207306208	certificate_commands=49,certificate_assumes=12,certificate_steps=37,certificate_anchors=0,certificate_sexp_nodes=799,certificate_bytes=3363
velvet	crush-portfolio	1	Velvet/Examples/TestLoopControl.lean|14|8140981983620881888	sum_even_correct	8140981983620881888	selected-fact	not-attempted	closed from a selected Lean fact	238208	collect=238208	
velvet	crush-portfolio	1	Velvet/Examples/TestLoopControl.lean|15|13972406881857011341	sum_even_correct	13972406881857011341	core-reconstructed	certificate-error	core-directed reconstruction succeeded	1194845336	collect=244292,pre-reconstruct=6944542,normalize=1015542,monomorphize=47625,instantiate=585099250,translate=23042125,solve=470516084,replay=61917,reconstruct=107873959	
velvet	crush-portfolio	1	Velvet/Examples/TestLoopControl.lean|16|8140981983620881888	sum_even_correct	8140981983620881888	selected-fact	not-attempted	closed from a selected Lean fact	217292	collect=217292	
velvet	crush-portfolio	1	Velvet/Examples/TestLoopControl.lean|17|2763434902891560151	sum_even_correct	2763434902891560151	core-reconstructed	certificate-error	core-directed reconstruction succeeded	1083988791	collect=250125,pre-reconstruct=7343708,normalize=1395125,monomorphize=39250,instantiate=550464833,translate=21578875,solve=462512167,replay=19208,reconstruct=40385500	
velvet	crush-portfolio	1	Velvet/Examples/TestLoopControl.lean|20|12910903814107581038	sum_even_correct	12910903814107581038	core-reconstructed	certificate-error	core-directed reconstruction succeeded	834256042	collect=262209,pre-reconstruct=2650583,normalize=349750,monomorphize=29208,instantiate=323469542,translate=18814500,solve=449030875,replay=19917,reconstruct=39629458	
velvet	crush-portfolio	1	Velvet/Examples/TestLoopControl.lean|21|8811351339800985865	sum_even_correct	8811351339800985865	core-reconstructed	certificate-error	core-directed reconstruction succeeded	468330291	collect=183042,pre-reconstruct=115167,normalize=209333,monomorphize=18000,instantiate=1600833,translate=7425708,solve=455852291,replay=19750,reconstruct=2906167	
velvet	crush-portfolio	1	Velvet/Examples/TestMatch.lean|6|12313593517213863317	test3_correct	12313593517213863317	alethe-reconstructed	success	Alethe certificate replay succeeded	509961875	collect=2355417,pre-reconstruct=720125,normalize=1364792,monomorphize=99833,instantiate=242917,translate=5632500,solve=446656791,replay=52889500	certificate_commands=15,certificate_assumes=7,certificate_steps=8,certificate_anchors=0,certificate_sexp_nodes=169,certificate_bytes=695
velvet	crush-portfolio	1	Velvet/Examples/TestMatch.lean|7|5915416142655103160	test3_correct	5915416142655103160	alethe-reconstructed	success	Alethe certificate replay succeeded	977830917	collect=693750,pre-reconstruct=1094000,normalize=948250,monomorphize=25209,instantiate=41375,translate=2159500,solve=460746708,replay=512122125	certificate_commands=121,certificate_assumes=16,certificate_steps=103,certificate_anchors=2,certificate_sexp_nodes=1874,certificate_bytes=8797
velvet	crush-portfolio	1	Velvet/Examples/Total_Partial_example.lean|1|1993702872115081742	insertionSort_part_correct	14354530589729947841	core-reconstructed	certificate-error	core-directed reconstruction succeeded	578383251	collect=644459,pre-reconstruct=723042,normalize=344292,monomorphize=6785084,instantiate=50377875,translate=17563792,solve=463236708,replay=136041,reconstruct=38571958	
velvet	crush-portfolio	1	Velvet/Examples/Total_Partial_example.lean|3|1066791641437412485	insertionSort_part_correct	1066791641437412485	core-reconstructed	certificate-error	core-directed reconstruction succeeded	598938041	collect=392625,pre-reconstruct=3093250,normalize=3054500,monomorphize=11785042,instantiate=75359833,translate=19620041,solve=457902375,replay=20417,reconstruct=27709958	
velvet	crush-portfolio	1	Velvet/Examples/Total_Partial_example.lean|4|8472930623785656869	insertionSort_part_correct	18353889382475767599	reconstruction-failed	certificate-error	core-directed reconstruction did not close the goal	9437682957	collect=410916,pre-reconstruct=804114708,normalize=3484209,monomorphize=30959875,instantiate=218710708,translate=61483042,solve=3925993666,replay=20875,reconstruct=4392504958	
velvet	crush-portfolio	1	Velvet/Examples/Total_Partial_example.lean|5|2816846931760221370	insertionSort_part_correct	2816846931760221370	core-reconstructed	certificate-error	core-directed reconstruction succeeded	647592624	collect=304125,pre-reconstruct=4176291,normalize=2724541,monomorphize=13831334,instantiate=76086583,translate=21335875,solve=462743916,replay=16917,reconstruct=66373042	
velvet	crush-portfolio	1	Velvet/Examples/Total_Partial_example.lean|7|1066791641437412485	insertionSort_part_correct	1066791641437412485	core-reconstructed	certificate-error	core-directed reconstruction succeeded	595077959	collect=285625,pre-reconstruct=2862541,normalize=2385292,monomorphize=11104250,instantiate=76383792,translate=18799334,solve=456555208,replay=18875,reconstruct=26683042	
velvet	crush-portfolio	1	Velvet/Examples/Total_Partial_example.lean|8|14825588553610653054	insertionSort_part_correct	13858382852922432078	unknown	not-attempted	solver exited without a verdict: cvc5 interrupted by timeout.	11331784372	collect=306083,pre-reconstruct=10682583,normalize=2706958,monomorphize=12790708,instantiate=273169708,translate=50152625,solve=5460724750,translate-fallback=55197916,solve-fallback=5466053041	
velvet	crush-portfolio	1	Velvet/Examples/Total_Partial_example.lean|12|16465886849738339639	insertionSort_part_correct	13858382852922432078	core-reconstructed	certificate-error	core-directed reconstruction succeeded	676920125	collect=308334,pre-reconstruct=11371125,normalize=2845125,monomorphize=12442833,instantiate=57923916,translate=19219625,solve=552165458,replay=20625,reconstruct=20623084	
velvet	crush-portfolio	1	Velvet/Examples/Total_Partial_example.lean|14|5918835836158453730	insertionSort_part_correct	5918835836158453730	selected-fact	not-attempted	closed from a selected Lean fact	295875	collect=295875	
velvet	crush-portfolio	1	Velvet/Examples/Total_Partial_example.lean|16|12155028420956038391	insertionSort_part_correct	12155028420956038391	core-reconstructed	certificate-error	core-directed reconstruction succeeded	484098000	collect=175958,pre-reconstruct=1009750,normalize=1432459,monomorphize=6888333,instantiate=1412875,translate=8989375,solve=459462083,replay=20875,reconstruct=4706292	
velvet	crush-portfolio	1	Velvet/Examples/Total_Partial_example.lean|17|14852526092468225565	insertionSort_part_correct	139088297960392149	core-reconstructed	certificate-error	core-directed reconstruction succeeded	711538334	collect=268959,pre-reconstruct=523833,normalize=1780334,monomorphize=9048417,instantiate=53262666,translate=14829250,solve=560458458,replay=18125,reconstruct=71348292	
velvet	crush-portfolio	1	Velvet/Examples/Total_Partial_example.lean|20|4477598582358312981	insertionSort_part_correct	4477598582358312981	core-reconstructed	certificate-error	core-directed reconstruction succeeded	518214251	collect=329667,pre-reconstruct=3011833,normalize=2509834,monomorphize=11745334,instantiate=2088292,translate=10903541,solve=471285917,replay=26500,reconstruct=16313333	
velvet	crush-portfolio	1	Velvet/Examples/Total_Partial_example.lean|21|7903702650473013145	insertionSort_part_correct	17272444315034915638	core-reconstructed	certificate-error	core-directed reconstruction succeeded	722240667	collect=324875,pre-reconstruct=22724250,normalize=2880125,monomorphize=13311167,instantiate=56119834,translate=19692666,solve=563218125,replay=26833,reconstruct=43942792	
velvet	crush-portfolio	1	Velvet/Examples/Total_Partial_example.lean|25|11248877774576345437	insertionSort_part_correct	139088297960392149	core-reconstructed	certificate-error	core-directed reconstruction succeeded	655267960	collect=297042,pre-reconstruct=529000,normalize=1694333,monomorphize=9636417,instantiate=54665875,translate=16603833,solve=552172209,replay=23834,reconstruct=19645417	
velvet	crush-portfolio	1	Velvet/Examples/Total_Partial_example.lean|27|6709257883257101731	insertionSort_part_correct	6709257883257101731	selected-fact	not-attempted	closed from a selected Lean fact	243500	collect=243500	
velvet	crush-portfolio	1	Velvet/Examples/Total_Partial_example.lean|28|16576486626369642801	insertionSort_part_correct	16576486626369642801	core-reconstructed	certificate-error	core-directed reconstruction succeeded	491314875	collect=128875,pre-reconstruct=108000,normalize=104250,monomorphize=3005125,instantiate=791542,translate=5020167,solve=466695583,replay=25000,reconstruct=15436333	
velvet	crush-portfolio	1	Velvet/Examples/Total_Partial_example.lean|29|11235314628722112900	insertionSort_part_correct	14354530589729947841	core-reconstructed	certificate-error	core-directed reconstruction succeeded	543729252	collect=189792,pre-reconstruct=132333,normalize=143250,monomorphize=5277334,instantiate=51639334,translate=11722542,solve=455045000,replay=24209,reconstruct=19555458	
velvet	crush-portfolio	1	Velvet/Examples/Total_Partial_example.lean|31|18214290959922115111	insertionSort_part_correct	17272444315034915638	core-reconstructed	certificate-error	core-directed reconstruction succeeded	2831387666	collect=289542,pre-reconstruct=10759333,normalize=1761875,monomorphize=8914958,instantiate=56680958,translate=16236750,solve=558537541,replay=26000,reconstruct=2178180709	
velvet	crush-portfolio	1	Velvet/Examples/Total_Partial_example.lean|33|11568103068982921353	insertionSort_termination_correct	11568103068982921353	core-reconstructed	certificate-error	core-directed reconstruction succeeded	596525374	collect=237250,pre-reconstruct=145833,normalize=1373583,monomorphize=6362209,instantiate=72949583,translate=16012708,solve=469541208,replay=22000,reconstruct=29881000	
velvet	crush-portfolio	1	Velvet/Examples/Total_Partial_example.lean|35|11568103068982921353	insertionSort_termination_correct	11568103068982921353	core-reconstructed	certificate-error	core-directed reconstruction succeeded	592882000	collect=225917,pre-reconstruct=129708,normalize=1374625,monomorphize=6479708,instantiate=74187042,translate=15332500,solve=463665375,replay=19042,reconstruct=31468083	
velvet	crush-portfolio	1	Velvet/Examples/Total_Partial_example.lean|37|5918835836158453730	insertionSort_termination_correct	5918835836158453730	selected-fact	not-attempted	closed from a selected Lean fact	325292	collect=325292	
velvet	crush-portfolio	1	Velvet/Examples/Total_Partial_example.lean|40|4477598582358312981	insertionSort_termination_correct	4477598582358312981	core-reconstructed	certificate-error	core-directed reconstruction succeeded	488877167	collect=225292,pre-reconstruct=150250,normalize=1545834,monomorphize=5129000,instantiate=1546250,translate=8092917,solve=454852917,replay=24916,reconstruct=17309791	
velvet	crush-portfolio	1	Velvet/Examples/Total_Partial_example.lean|41|18088860687919872176	insertionSort_termination_correct	18088860687919872176	core-reconstructed	certificate-error	core-directed reconstruction succeeded	536961915	collect=238625,pre-reconstruct=140958,normalize=1418083,monomorphize=5868375,instantiate=1656709,translate=8564416,solve=469218583,replay=19750,reconstruct=49836416	
velvet	crush-portfolio	1	Velvet/Examples/Total_Partial_example.lean|44|6709257883257101731	insertionSort_termination_correct	6709257883257101731	selected-fact	not-attempted	closed from a selected Lean fact	204750	collect=204750	
velvet	crush-portfolio	1	Velvet/Examples/Total_Partial_example.lean|45|16576486626369642801	insertionSort_termination_correct	16576486626369642801	core-reconstructed	certificate-error	core-directed reconstruction succeeded	491905211	collect=100375,pre-reconstruct=103250,normalize=98459,monomorphize=2823959,instantiate=765750,translate=4418042,solve=467691750,replay=28042,reconstruct=15875584	
