suite	lane	repeat	vc_key	status	category	milliseconds	message
plean	auto	1	Examples/ClockBound.lean|ClockBound.base_Safety_gc_is_unique	pass	-	625.721	-
plean	auto	1	Examples/ClockBound.lean|ClockBound.base_Safety_gc_kind	pass	-	560.048	-
plean	auto	1	Examples/ClockBound.lean|ClockBound.base_Safety_lc_global	pass	-	534.075	-
plean	auto	1	Examples/ClockBound.lean|ClockBound.base_Safety_lc_client_injective	pass	-	573.481	-
plean	auto	1	Examples/ClockBound.lean|ClockBound.base_Safety_gResp_label_payload_target_match	pass	-	802.918	-
plean	auto	1	Examples/ClockBound.lean|ClockBound.base_Safety_gQuery_label_target_is_gc	pass	-	764.201	-
plean	auto	1	Examples/ClockBound.lean|ClockBound.base_Safety_lResp_label_payload_target_match	pass	-	716.374	-
plean	auto	1	Examples/ClockBound.lean|ClockBound.GlobalClock.Serving.eGlobalQuery_correct_Safety_topology	pass	-	997.822	-
plean	auto	1	Examples/ClockBound.lean|ClockBound.LocalClock.Idle.eLocalQuery_correct_Safety_topology	pass	-	936.916	-
plean	auto	1	Examples/ClockBound.lean|ClockBound.LocalClock.Waiting.eGlobalResponse_correct_Safety_topology	pass	-	1555.965	-
plean	auto	1	Examples/ClockBound.lean|ClockBound.base_Safety_idle_no_gQuery	pass	-	814.159	-
plean	auto	1	Examples/ClockBound.lean|ClockBound.base_Safety_idle_no_gResp	pass	-	789.195	-
plean	auto	1	Examples/ClockBound.lean|ClockBound.base_Safety_gResp_unique_per_lc	pass	-	743.694	-
plean	auto	1	Examples/ClockBound.lean|ClockBound.base_Safety_gQuery_unique_per_lc	pass	-	716.467	-
plean	auto	1	Examples/ClockBound.lean|ClockBound.base_Safety_gQuery_excludes_gResp	pass	-	750.605	-
plean	auto	1	Examples/ClockBound.lean|ClockBound.GlobalClock.Serving.eGlobalQuery_correct_Safety_causal_using_topology	pass	-	2322.370	-
plean	auto	1	Examples/ClockBound.lean|ClockBound.LocalClock.Idle.eLocalQuery_correct_Safety_causal_using_topology	pass	-	2075.375	-
plean	auto	1	Examples/ClockBound.lean|ClockBound.LocalClock.Waiting.eGlobalResponse_correct_Safety_causal_using_topology	pass	-	2825.077	-
plean	auto	1	Examples/ClockBound.lean|ClockBound.base_Safety_globalTime_nonneg	pass	-	549.881	-
plean	auto	1	Examples/ClockBound.lean|ClockBound.base_Safety_gResp_trueTime_le_globalTime	pass	-	781.217	-
plean	auto	1	Examples/ClockBound.lean|ClockBound.base_Safety_gResp_trueTime_pos	pass	-	703.185	-
plean	auto	1	Examples/ClockBound.lean|ClockBound.base_Safety_lc_currEarly_le_globalTime	pass	-	575.312	-
plean	auto	1	Examples/ClockBound.lean|ClockBound.base_Safety_lc_currEarly_nonneg	pass	-	567.264	-
plean	auto	1	Examples/ClockBound.lean|ClockBound.base_Safety_lResp_trueTime_le_globalTime	pass	-	767.391	-
plean	auto	1	Examples/ClockBound.lean|ClockBound.GlobalClock.Serving.eGlobalQuery_correct_Safety_global_time_using_topology_causal	pass	-	2146.815	-
plean	auto	1	Examples/ClockBound.lean|ClockBound.LocalClock.Idle.eLocalQuery_correct_Safety_global_time_using_topology_causal	pass	-	1958.378	-
plean	auto	1	Examples/ClockBound.lean|ClockBound.LocalClock.Waiting.eGlobalResponse_correct_Safety_global_time_using_topology_causal	pass	-	2798.038	-
plean	auto	1	Examples/ClockBound.lean|ClockBound.base_Safety_gResp_target_currEarly	pass	-	785.090	-
plean	auto	1	Examples/ClockBound.lean|ClockBound.base_Safety_lResp_trueTime_le_inflight_gResp	pass	-	658.399	-
plean	auto	1	Examples/ClockBound.lean|ClockBound.GlobalClock.Serving.eGlobalQuery_correct_Safety_linking_using_topology_causal_global_time	pass	-	2197.440	-
plean	auto	1	Examples/ClockBound.lean|ClockBound.LocalClock.Idle.eLocalQuery_correct_Safety_linking_using_topology_causal_global_time	pass	-	2065.050	-
plean	auto	1	Examples/ClockBound.lean|ClockBound.LocalClock.Waiting.eGlobalResponse_correct_Safety_linking_using_topology_causal_global_time	pass	-	2576.775	-
plean	auto	1	Examples/ClockBound.lean|ClockBound.base_Safety_lResp_earliest_le_trueTime	pass	-	764.240	-
plean	auto	1	Examples/ClockBound.lean|ClockBound.GlobalClock.Serving.eGlobalQuery_correct_Safety_lresp_earliest_le_trueTime_lemma_using_topology_causal_global_time_linking	pass	-	1702.297	-
plean	auto	1	Examples/ClockBound.lean|ClockBound.LocalClock.Idle.eLocalQuery_correct_Safety_lresp_earliest_le_trueTime_lemma_using_topology_causal_global_time_linking	pass	-	1659.921	-
plean	auto	1	Examples/ClockBound.lean|ClockBound.LocalClock.Waiting.eGlobalResponse_correct_Safety_lresp_earliest_le_trueTime_lemma_using_topology_causal_global_time_linking	pass	-	1782.770	-
plean	auto	1	Examples/ClockBound.lean|ClockBound.base_Safety_lResp_trueTime_le_latest	pass	-	742.579	-
plean	auto	1	Examples/ClockBound.lean|ClockBound.GlobalClock.Serving.eGlobalQuery_correct_Safety_lresp_trueTime_le_latest_lemma_using_topology_causal_global_time_linking	pass	-	1796.597	-
plean	auto	1	Examples/ClockBound.lean|ClockBound.LocalClock.Idle.eLocalQuery_correct_Safety_lresp_trueTime_le_latest_lemma_using_topology_causal_global_time_linking	pass	-	1857.025	-
plean	auto	1	Examples/ClockBound.lean|ClockBound.LocalClock.Waiting.eGlobalResponse_correct_Safety_lresp_trueTime_le_latest_lemma_using_topology_causal_global_time_linking	pass	-	1877.689	-
plean	auto	1	Examples/ClockBound.lean|ClockBound.base_Safety_lc_currEarly_bounds_earliest	pass	-	843.948	-
plean	auto	1	Examples/ClockBound.lean|ClockBound.GlobalClock.Serving.eGlobalQuery_correct_Safety_lc_currEarly_bounds_earliest_lemma_using_topology_causal_global_time_linking	pass	-	1993.676	-
plean	auto	1	Examples/ClockBound.lean|ClockBound.LocalClock.Idle.eLocalQuery_correct_Safety_lc_currEarly_bounds_earliest_lemma_using_topology_causal_global_time_linking	pass	-	1956.259	-
plean	auto	1	Examples/ClockBound.lean|ClockBound.LocalClock.Waiting.eGlobalResponse_correct_Safety_lc_currEarly_bounds_earliest_lemma_using_topology_causal_global_time_linking	pass	-	2186.461	-
plean	auto	1	Examples/ClockBound.lean|ClockBound.base_Safety_g1	pass	-	703.399	-
plean	auto	1	Examples/ClockBound.lean|ClockBound.GlobalClock.Serving.eGlobalQuery_correct_Safety_G1_using_topology_causal_global_time_linking_lresp_earliest_le_trueTime_lemma_lresp_trueTime_le_latest_lemma_lc_currEarly_bounds_earliest_lemma	pass	-	1951.150	-
plean	auto	1	Examples/ClockBound.lean|ClockBound.LocalClock.Idle.eLocalQuery_correct_Safety_G1_using_topology_causal_global_time_linking_lresp_earliest_le_trueTime_lemma_lresp_trueTime_le_latest_lemma_lc_currEarly_bounds_earliest_lemma	pass	-	1976.410	-
plean	auto	1	Examples/ClockBound.lean|ClockBound.LocalClock.Waiting.eGlobalResponse_correct_Safety_G1_using_topology_causal_global_time_linking_lresp_earliest_le_trueTime_lemma_lresp_trueTime_le_latest_lemma_lc_currEarly_bounds_earliest_lemma	pass	-	2072.311	-
plean	auto	1	Examples/ClockBound.lean|ClockBound.base_Safety_g2	pass	-	718.131	-
plean	auto	1	Examples/ClockBound.lean|ClockBound.GlobalClock.Serving.eGlobalQuery_correct_Safety_G2_using_topology_causal_global_time_linking_lresp_earliest_le_trueTime_lemma_lresp_trueTime_le_latest_lemma_lc_currEarly_bounds_earliest_lemma	pass	-	1961.991	-
plean	auto	1	Examples/ClockBound.lean|ClockBound.LocalClock.Idle.eLocalQuery_correct_Safety_G2_using_topology_causal_global_time_linking_lresp_earliest_le_trueTime_lemma_lresp_trueTime_le_latest_lemma_lc_currEarly_bounds_earliest_lemma	pass	-	1954.002	-
plean	auto	1	Examples/ClockBound.lean|ClockBound.LocalClock.Waiting.eGlobalResponse_correct_Safety_G2_using_topology_causal_global_time_linking_lresp_earliest_le_trueTime_lemma_lresp_trueTime_le_latest_lemma_lc_currEarly_bounds_earliest_lemma	pass	-	2063.316	-
plean	auto	1	Examples/ClockBound.lean|ClockBound.base_Safety_g3	pass	-	686.052	-
plean	auto	1	Examples/ClockBound.lean|ClockBound.GlobalClock.Serving.eGlobalQuery_correct_Safety_G3_using_topology_causal_global_time_linking_lresp_earliest_le_trueTime_lemma_lresp_trueTime_le_latest_lemma_lc_currEarly_bounds_earliest_lemma	pass	-	1958.211	-
plean	auto	1	Examples/ClockBound.lean|ClockBound.LocalClock.Idle.eLocalQuery_correct_Safety_G3_using_topology_causal_global_time_linking_lresp_earliest_le_trueTime_lemma_lresp_trueTime_le_latest_lemma_lc_currEarly_bounds_earliest_lemma	pass	-	2008.031	-
plean	auto	1	Examples/ClockBound.lean|ClockBound.LocalClock.Waiting.eGlobalResponse_correct_Safety_G3_using_topology_causal_global_time_linking_lresp_earliest_le_trueTime_lemma_lresp_trueTime_le_latest_lemma_lc_currEarly_bounds_earliest_lemma	pass	-	2107.559	-
plean	grind	1	Examples/ClockBound.lean|ClockBound.base_Safety_gc_is_unique	pass	-	75.237	-
plean	grind	1	Examples/ClockBound.lean|ClockBound.base_Safety_gc_kind	pass	-	178.908	-
plean	grind	1	Examples/ClockBound.lean|ClockBound.base_Safety_lc_global	pass	-	64.630	-
plean	grind	1	Examples/ClockBound.lean|ClockBound.base_Safety_lc_client_injective	pass	-	69.395	-
plean	grind	1	Examples/ClockBound.lean|ClockBound.base_Safety_gResp_label_payload_target_match	pass	-	63.010	-
plean	grind	1	Examples/ClockBound.lean|ClockBound.base_Safety_gQuery_label_target_is_gc	pass	-	68.893	-
plean	grind	1	Examples/ClockBound.lean|ClockBound.base_Safety_lResp_label_payload_target_match	pass	-	69.007	-
plean	grind	1	Examples/ClockBound.lean|ClockBound.GlobalClock.Serving.eGlobalQuery_correct_Safety_topology	pass	-	722.742	-
plean	grind	1	Examples/ClockBound.lean|ClockBound.LocalClock.Idle.eLocalQuery_correct_Safety_topology	pass	-	699.771	-
plean	grind	1	Examples/ClockBound.lean|ClockBound.LocalClock.Waiting.eGlobalResponse_correct_Safety_topology	pass	-	954.018	-
plean	grind	1	Examples/ClockBound.lean|ClockBound.base_Safety_idle_no_gQuery	pass	-	82.086	-
plean	grind	1	Examples/ClockBound.lean|ClockBound.base_Safety_idle_no_gResp	pass	-	79.656	-
plean	grind	1	Examples/ClockBound.lean|ClockBound.base_Safety_gResp_unique_per_lc	pass	-	96.954	-
plean	grind	1	Examples/ClockBound.lean|ClockBound.base_Safety_gQuery_unique_per_lc	pass	-	84.265	-
plean	grind	1	Examples/ClockBound.lean|ClockBound.base_Safety_gQuery_excludes_gResp	pass	-	88.296	-
plean	grind	1	Examples/ClockBound.lean|ClockBound.GlobalClock.Serving.eGlobalQuery_correct_Safety_causal_using_topology	fail	tactic	1834.110	-
plean	grind	1	Examples/ClockBound.lean|ClockBound.LocalClock.Idle.eLocalQuery_correct_Safety_causal_using_topology	fail	tactic	1731.179	-
plean	grind	1	Examples/ClockBound.lean|ClockBound.LocalClock.Waiting.eGlobalResponse_correct_Safety_causal_using_topology	fail	tactic	1684.764	-
plean	grind	1	Examples/ClockBound.lean|ClockBound.base_Safety_globalTime_nonneg	pass	-	74.028	-
plean	grind	1	Examples/ClockBound.lean|ClockBound.base_Safety_gResp_trueTime_le_globalTime	pass	-	70.901	-
plean	grind	1	Examples/ClockBound.lean|ClockBound.base_Safety_gResp_trueTime_pos	pass	-	74.247	-
plean	grind	1	Examples/ClockBound.lean|ClockBound.base_Safety_lc_currEarly_le_globalTime	pass	-	82.275	-
plean	grind	1	Examples/ClockBound.lean|ClockBound.base_Safety_lc_currEarly_nonneg	pass	-	77.149	-
plean	grind	1	Examples/ClockBound.lean|ClockBound.base_Safety_lResp_trueTime_le_globalTime	pass	-	78.738	-
plean	grind	1	Examples/ClockBound.lean|ClockBound.GlobalClock.Serving.eGlobalQuery_correct_Safety_global_time_using_topology_causal	fail	tactic	2281.255	-
plean	grind	1	Examples/ClockBound.lean|ClockBound.LocalClock.Idle.eLocalQuery_correct_Safety_global_time_using_topology_causal	pass	-	1369.634	-
plean	grind	1	Examples/ClockBound.lean|ClockBound.LocalClock.Waiting.eGlobalResponse_correct_Safety_global_time_using_topology_causal	pass	-	1410.546	-
plean	grind	1	Examples/ClockBound.lean|ClockBound.base_Safety_gResp_target_currEarly	pass	-	72.985	-
plean	grind	1	Examples/ClockBound.lean|ClockBound.base_Safety_lResp_trueTime_le_inflight_gResp	pass	-	80.982	-
plean	grind	1	Examples/ClockBound.lean|ClockBound.GlobalClock.Serving.eGlobalQuery_correct_Safety_linking_using_topology_causal_global_time	fail	tactic	2361.946	-
plean	grind	1	Examples/ClockBound.lean|ClockBound.LocalClock.Idle.eLocalQuery_correct_Safety_linking_using_topology_causal_global_time	fail	tactic	2199.208	-
plean	grind	1	Examples/ClockBound.lean|ClockBound.LocalClock.Waiting.eGlobalResponse_correct_Safety_linking_using_topology_causal_global_time	fail	tactic	2255.578	-
plean	grind	1	Examples/ClockBound.lean|ClockBound.base_Safety_lResp_earliest_le_trueTime	pass	-	69.156	-
plean	grind	1	Examples/ClockBound.lean|ClockBound.GlobalClock.Serving.eGlobalQuery_correct_Safety_lresp_earliest_le_trueTime_lemma_using_topology_causal_global_time_linking	pass	-	287.242	-
plean	grind	1	Examples/ClockBound.lean|ClockBound.LocalClock.Idle.eLocalQuery_correct_Safety_lresp_earliest_le_trueTime_lemma_using_topology_causal_global_time_linking	pass	-	292.821	-
plean	grind	1	Examples/ClockBound.lean|ClockBound.LocalClock.Waiting.eGlobalResponse_correct_Safety_lresp_earliest_le_trueTime_lemma_using_topology_causal_global_time_linking	pass	-	297.143	-
plean	grind	1	Examples/ClockBound.lean|ClockBound.base_Safety_lResp_trueTime_le_latest	pass	-	64.516	-
plean	grind	1	Examples/ClockBound.lean|ClockBound.GlobalClock.Serving.eGlobalQuery_correct_Safety_lresp_trueTime_le_latest_lemma_using_topology_causal_global_time_linking	pass	-	266.543	-
plean	grind	1	Examples/ClockBound.lean|ClockBound.LocalClock.Idle.eLocalQuery_correct_Safety_lresp_trueTime_le_latest_lemma_using_topology_causal_global_time_linking	pass	-	275.075	-
plean	grind	1	Examples/ClockBound.lean|ClockBound.LocalClock.Waiting.eGlobalResponse_correct_Safety_lresp_trueTime_le_latest_lemma_using_topology_causal_global_time_linking	pass	-	299.992	-
plean	grind	1	Examples/ClockBound.lean|ClockBound.base_Safety_lc_currEarly_bounds_earliest	pass	-	72.601	-
plean	grind	1	Examples/ClockBound.lean|ClockBound.GlobalClock.Serving.eGlobalQuery_correct_Safety_lc_currEarly_bounds_earliest_lemma_using_topology_causal_global_time_linking	pass	-	357.554	-
plean	grind	1	Examples/ClockBound.lean|ClockBound.LocalClock.Idle.eLocalQuery_correct_Safety_lc_currEarly_bounds_earliest_lemma_using_topology_causal_global_time_linking	pass	-	380.633	-
plean	grind	1	Examples/ClockBound.lean|ClockBound.LocalClock.Waiting.eGlobalResponse_correct_Safety_lc_currEarly_bounds_earliest_lemma_using_topology_causal_global_time_linking	pass	-	417.691	-
plean	grind	1	Examples/ClockBound.lean|ClockBound.base_Safety_g1	pass	-	71.950	-
plean	grind	1	Examples/ClockBound.lean|ClockBound.GlobalClock.Serving.eGlobalQuery_correct_Safety_G1_using_topology_causal_global_time_linking_lresp_earliest_le_trueTime_lemma_lresp_trueTime_le_latest_lemma_lc_currEarly_bounds_earliest_lemma	pass	-	405.005	-
plean	grind	1	Examples/ClockBound.lean|ClockBound.LocalClock.Idle.eLocalQuery_correct_Safety_G1_using_topology_causal_global_time_linking_lresp_earliest_le_trueTime_lemma_lresp_trueTime_le_latest_lemma_lc_currEarly_bounds_earliest_lemma	pass	-	384.247	-
plean	grind	1	Examples/ClockBound.lean|ClockBound.LocalClock.Waiting.eGlobalResponse_correct_Safety_G1_using_topology_causal_global_time_linking_lresp_earliest_le_trueTime_lemma_lresp_trueTime_le_latest_lemma_lc_currEarly_bounds_earliest_lemma	pass	-	477.075	-
plean	grind	1	Examples/ClockBound.lean|ClockBound.base_Safety_g2	pass	-	78.168	-
plean	grind	1	Examples/ClockBound.lean|ClockBound.GlobalClock.Serving.eGlobalQuery_correct_Safety_G2_using_topology_causal_global_time_linking_lresp_earliest_le_trueTime_lemma_lresp_trueTime_le_latest_lemma_lc_currEarly_bounds_earliest_lemma	pass	-	332.225	-
plean	grind	1	Examples/ClockBound.lean|ClockBound.LocalClock.Idle.eLocalQuery_correct_Safety_G2_using_topology_causal_global_time_linking_lresp_earliest_le_trueTime_lemma_lresp_trueTime_le_latest_lemma_lc_currEarly_bounds_earliest_lemma	pass	-	378.919	-
plean	grind	1	Examples/ClockBound.lean|ClockBound.LocalClock.Waiting.eGlobalResponse_correct_Safety_G2_using_topology_causal_global_time_linking_lresp_earliest_le_trueTime_lemma_lresp_trueTime_le_latest_lemma_lc_currEarly_bounds_earliest_lemma	pass	-	430.989	-
plean	grind	1	Examples/ClockBound.lean|ClockBound.base_Safety_g3	pass	-	81.216	-
plean	grind	1	Examples/ClockBound.lean|ClockBound.GlobalClock.Serving.eGlobalQuery_correct_Safety_G3_using_topology_causal_global_time_linking_lresp_earliest_le_trueTime_lemma_lresp_trueTime_le_latest_lemma_lc_currEarly_bounds_earliest_lemma	pass	-	331.074	-
plean	grind	1	Examples/ClockBound.lean|ClockBound.LocalClock.Idle.eLocalQuery_correct_Safety_G3_using_topology_causal_global_time_linking_lresp_earliest_le_trueTime_lemma_lresp_trueTime_le_latest_lemma_lc_currEarly_bounds_earliest_lemma	pass	-	373.617	-
plean	grind	1	Examples/ClockBound.lean|ClockBound.LocalClock.Waiting.eGlobalResponse_correct_Safety_G3_using_topology_causal_global_time_linking_lresp_earliest_le_trueTime_lemma_lresp_trueTime_le_latest_lemma_lc_currEarly_bounds_earliest_lemma	fail	tactic	3859.566	-
plean	duper	1	Examples/ClockBound.lean|ClockBound.base_Safety_gc_is_unique	fail	tactic	2123.997	-
plean	duper	1	Examples/ClockBound.lean|ClockBound.base_Safety_gc_kind	fail	tactic	58.712	-
plean	duper	1	Examples/ClockBound.lean|ClockBound.base_Safety_lc_global	fail	tactic	1988.449	-
plean	duper	1	Examples/ClockBound.lean|ClockBound.base_Safety_lc_client_injective	fail	tactic	36.384	-
plean	duper	1	Examples/ClockBound.lean|ClockBound.base_Safety_gResp_label_payload_target_match	pass	-	575.785	-
plean	duper	1	Examples/ClockBound.lean|ClockBound.base_Safety_gQuery_label_target_is_gc	pass	-	547.626	-
plean	duper	1	Examples/ClockBound.lean|ClockBound.base_Safety_lResp_label_payload_target_match	pass	-	577.568	-
plean	duper	1	Examples/ClockBound.lean|ClockBound.GlobalClock.Serving.eGlobalQuery_correct_Safety_topology	fail	tactic	0.000	-
plean	duper	1	Examples/ClockBound.lean|ClockBound.LocalClock.Idle.eLocalQuery_correct_Safety_topology	fail	tactic	0.000	-
plean	duper	1	Examples/ClockBound.lean|ClockBound.LocalClock.Waiting.eGlobalResponse_correct_Safety_topology	fail	tactic	0.000	-
plean	duper	1	Examples/ClockBound.lean|ClockBound.base_Safety_idle_no_gQuery	pass	-	709.704	-
plean	duper	1	Examples/ClockBound.lean|ClockBound.base_Safety_idle_no_gResp	pass	-	729.697	-
plean	duper	1	Examples/ClockBound.lean|ClockBound.base_Safety_gResp_unique_per_lc	pass	-	547.934	-
plean	duper	1	Examples/ClockBound.lean|ClockBound.base_Safety_gQuery_unique_per_lc	pass	-	573.923	-
plean	duper	1	Examples/ClockBound.lean|ClockBound.base_Safety_gQuery_excludes_gResp	pass	-	700.993	-
plean	duper	1	Examples/ClockBound.lean|ClockBound.GlobalClock.Serving.eGlobalQuery_correct_Safety_causal_using_topology	fail	tactic	0.000	-
plean	duper	1	Examples/ClockBound.lean|ClockBound.LocalClock.Idle.eLocalQuery_correct_Safety_causal_using_topology	fail	tactic	0.000	-
plean	duper	1	Examples/ClockBound.lean|ClockBound.LocalClock.Waiting.eGlobalResponse_correct_Safety_causal_using_topology	fail	tactic	0.000	-
plean	duper	1	Examples/ClockBound.lean|ClockBound.base_Safety_globalTime_nonneg	fail	tactic	2174.604	-
plean	duper	1	Examples/ClockBound.lean|ClockBound.base_Safety_gResp_trueTime_le_globalTime	pass	-	664.313	-
plean	duper	1	Examples/ClockBound.lean|ClockBound.base_Safety_gResp_trueTime_pos	pass	-	546.488	-
plean	duper	1	Examples/ClockBound.lean|ClockBound.base_Safety_lc_currEarly_le_globalTime	fail	tactic	30.251	-
plean	duper	1	Examples/ClockBound.lean|ClockBound.base_Safety_lc_currEarly_nonneg	fail	tactic	2094.530	-
plean	duper	1	Examples/ClockBound.lean|ClockBound.base_Safety_lResp_trueTime_le_globalTime	pass	-	656.051	-
plean	duper	1	Examples/ClockBound.lean|ClockBound.GlobalClock.Serving.eGlobalQuery_correct_Safety_global_time_using_topology_causal	fail	tactic	0.000	-
plean	duper	1	Examples/ClockBound.lean|ClockBound.LocalClock.Idle.eLocalQuery_correct_Safety_global_time_using_topology_causal	fail	tactic	0.000	-
plean	duper	1	Examples/ClockBound.lean|ClockBound.LocalClock.Waiting.eGlobalResponse_correct_Safety_global_time_using_topology_causal	fail	tactic	0.000	-
plean	duper	1	Examples/ClockBound.lean|ClockBound.base_Safety_gResp_target_currEarly	pass	-	779.180	-
plean	duper	1	Examples/ClockBound.lean|ClockBound.base_Safety_lResp_trueTime_le_inflight_gResp	pass	-	644.311	-
plean	duper	1	Examples/ClockBound.lean|ClockBound.GlobalClock.Serving.eGlobalQuery_correct_Safety_linking_using_topology_causal_global_time	fail	tactic	0.000	-
plean	duper	1	Examples/ClockBound.lean|ClockBound.LocalClock.Idle.eLocalQuery_correct_Safety_linking_using_topology_causal_global_time	fail	tactic	0.000	-
plean	duper	1	Examples/ClockBound.lean|ClockBound.LocalClock.Waiting.eGlobalResponse_correct_Safety_linking_using_topology_causal_global_time	fail	tactic	0.000	-
plean	duper	1	Examples/ClockBound.lean|ClockBound.base_Safety_lResp_earliest_le_trueTime	pass	-	611.375	-
plean	duper	1	Examples/ClockBound.lean|ClockBound.GlobalClock.Serving.eGlobalQuery_correct_Safety_lresp_earliest_le_trueTime_lemma_using_topology_causal_global_time_linking	fail	tactic	0.000	-
plean	duper	1	Examples/ClockBound.lean|ClockBound.LocalClock.Idle.eLocalQuery_correct_Safety_lresp_earliest_le_trueTime_lemma_using_topology_causal_global_time_linking	fail	tactic	0.000	-
plean	duper	1	Examples/ClockBound.lean|ClockBound.LocalClock.Waiting.eGlobalResponse_correct_Safety_lresp_earliest_le_trueTime_lemma_using_topology_causal_global_time_linking	fail	tactic	0.000	-
plean	duper	1	Examples/ClockBound.lean|ClockBound.base_Safety_lResp_trueTime_le_latest	pass	-	619.492	-
plean	duper	1	Examples/ClockBound.lean|ClockBound.GlobalClock.Serving.eGlobalQuery_correct_Safety_lresp_trueTime_le_latest_lemma_using_topology_causal_global_time_linking	fail	tactic	0.000	-
plean	duper	1	Examples/ClockBound.lean|ClockBound.LocalClock.Idle.eLocalQuery_correct_Safety_lresp_trueTime_le_latest_lemma_using_topology_causal_global_time_linking	fail	tactic	0.000	-
plean	duper	1	Examples/ClockBound.lean|ClockBound.LocalClock.Waiting.eGlobalResponse_correct_Safety_lresp_trueTime_le_latest_lemma_using_topology_causal_global_time_linking	fail	tactic	0.000	-
plean	duper	1	Examples/ClockBound.lean|ClockBound.base_Safety_lc_currEarly_bounds_earliest	pass	-	707.462	-
plean	duper	1	Examples/ClockBound.lean|ClockBound.GlobalClock.Serving.eGlobalQuery_correct_Safety_lc_currEarly_bounds_earliest_lemma_using_topology_causal_global_time_linking	fail	tactic	0.000	-
plean	duper	1	Examples/ClockBound.lean|ClockBound.LocalClock.Idle.eLocalQuery_correct_Safety_lc_currEarly_bounds_earliest_lemma_using_topology_causal_global_time_linking	fail	tactic	0.000	-
plean	duper	1	Examples/ClockBound.lean|ClockBound.LocalClock.Waiting.eGlobalResponse_correct_Safety_lc_currEarly_bounds_earliest_lemma_using_topology_causal_global_time_linking	fail	tactic	0.000	-
plean	duper	1	Examples/ClockBound.lean|ClockBound.base_Safety_g1	pass	-	577.203	-
plean	duper	1	Examples/ClockBound.lean|ClockBound.GlobalClock.Serving.eGlobalQuery_correct_Safety_G1_using_topology_causal_global_time_linking_lresp_earliest_le_trueTime_lemma_lresp_trueTime_le_latest_lemma_lc_currEarly_bounds_earliest_lemma	fail	tactic	0.000	-
plean	duper	1	Examples/ClockBound.lean|ClockBound.LocalClock.Idle.eLocalQuery_correct_Safety_G1_using_topology_causal_global_time_linking_lresp_earliest_le_trueTime_lemma_lresp_trueTime_le_latest_lemma_lc_currEarly_bounds_earliest_lemma	fail	tactic	0.000	-
plean	duper	1	Examples/ClockBound.lean|ClockBound.LocalClock.Waiting.eGlobalResponse_correct_Safety_G1_using_topology_causal_global_time_linking_lresp_earliest_le_trueTime_lemma_lresp_trueTime_le_latest_lemma_lc_currEarly_bounds_earliest_lemma	fail	tactic	0.000	-
plean	duper	1	Examples/ClockBound.lean|ClockBound.base_Safety_g2	pass	-	569.523	-
plean	duper	1	Examples/ClockBound.lean|ClockBound.GlobalClock.Serving.eGlobalQuery_correct_Safety_G2_using_topology_causal_global_time_linking_lresp_earliest_le_trueTime_lemma_lresp_trueTime_le_latest_lemma_lc_currEarly_bounds_earliest_lemma	fail	tactic	0.000	-
plean	duper	1	Examples/ClockBound.lean|ClockBound.LocalClock.Idle.eLocalQuery_correct_Safety_G2_using_topology_causal_global_time_linking_lresp_earliest_le_trueTime_lemma_lresp_trueTime_le_latest_lemma_lc_currEarly_bounds_earliest_lemma	fail	tactic	0.000	-
plean	duper	1	Examples/ClockBound.lean|ClockBound.LocalClock.Waiting.eGlobalResponse_correct_Safety_G2_using_topology_causal_global_time_linking_lresp_earliest_le_trueTime_lemma_lresp_trueTime_le_latest_lemma_lc_currEarly_bounds_earliest_lemma	fail	tactic	0.000	-
plean	duper	1	Examples/ClockBound.lean|ClockBound.base_Safety_g3	pass	-	651.423	-
plean	duper	1	Examples/ClockBound.lean|ClockBound.GlobalClock.Serving.eGlobalQuery_correct_Safety_G3_using_topology_causal_global_time_linking_lresp_earliest_le_trueTime_lemma_lresp_trueTime_le_latest_lemma_lc_currEarly_bounds_earliest_lemma	fail	tactic	0.000	-
plean	duper	1	Examples/ClockBound.lean|ClockBound.LocalClock.Idle.eLocalQuery_correct_Safety_G3_using_topology_causal_global_time_linking_lresp_earliest_le_trueTime_lemma_lresp_trueTime_le_latest_lemma_lc_currEarly_bounds_earliest_lemma	fail	tactic	0.000	-
plean	duper	1	Examples/ClockBound.lean|ClockBound.LocalClock.Waiting.eGlobalResponse_correct_Safety_G3_using_topology_causal_global_time_linking_lresp_earliest_le_trueTime_lemma_lresp_trueTime_le_latest_lemma_lc_currEarly_bounds_earliest_lemma	fail	tactic	0.000	-
plean	auto	1	Examples/Consensus.lean|Consensus.base_block0_one_vote_per_voter	pass	-	698.059	-
plean	auto	1	Examples/Consensus.lean|Consensus.base_block0_voted_after_eVote_sent	pass	-	583.675	-
plean	auto	1	Examples/Consensus.lean|Consensus.base_block0_votes_linked	pass	-	617.810	-
plean	auto	1	Examples/Consensus.lean|Consensus.base_block0_won_implies_quorum_votes	fail	tactic	484.996	-
plean	auto	1	Examples/Consensus.lean|Consensus.Node.RequestVoting.eRequestVote_correct_block0_quorum_votes	pass	-	846.987	-
plean	auto	1	Examples/Consensus.lean|Consensus.Node.RequestVoting.eVote_correct_block0_quorum_votes	fail	tactic	11658.428	-
plean	auto	1	Examples/Consensus.lean|Consensus.Node.RequestVoting.entry_correct_block0_quorum_votes	pass	-	3587.419	-
plean	auto	1	Examples/Consensus.lean|Consensus.base_block1_unique_leader	fail	tactic	485.104	-
plean	auto	1	Examples/Consensus.lean|Consensus.Node.RequestVoting.eRequestVote_correct_block1_election_safety_using_quorum_votes	pass	-	792.508	-
plean	auto	1	Examples/Consensus.lean|Consensus.Node.RequestVoting.eVote_correct_block1_election_safety_using_quorum_votes	fail	tactic	12433.156	-
plean	auto	1	Examples/Consensus.lean|Consensus.Node.RequestVoting.entry_correct_block1_election_safety_using_quorum_votes	pass	-	4376.700	-
plean	auto	1	Examples/Consensus.lean|Consensus.base_block1_UniqueActions	pass	-	467.369	-
plean	auto	1	Examples/Consensus.lean|Consensus.base_block1_IncreasingCount	pass	-	476.483	-
plean	auto	1	Examples/Consensus.lean|Consensus.base_block1_ReceivedSubsetSent	pass	-	363.677	-
plean	auto	1	Examples/Consensus.lean|Consensus.Node.RequestVoting.eRequestVote_correct_block1_default	pass	-	414.417	-
plean	auto	1	Examples/Consensus.lean|Consensus.Node.RequestVoting.eVote_correct_block1_default	pass	-	425.258	-
plean	auto	1	Examples/Consensus.lean|Consensus.Node.RequestVoting.entry_correct_block1_default	fail	translation	88.539	-
plean	grind	1	Examples/Consensus.lean|Consensus.base_block0_one_vote_per_voter	pass	-	52.829	-
plean	grind	1	Examples/Consensus.lean|Consensus.base_block0_voted_after_eVote_sent	pass	-	41.476	-
plean	grind	1	Examples/Consensus.lean|Consensus.base_block0_votes_linked	pass	-	49.151	-
plean	grind	1	Examples/Consensus.lean|Consensus.base_block0_won_implies_quorum_votes	pass	-	40.115	-
plean	grind	1	Examples/Consensus.lean|Consensus.Node.RequestVoting.eRequestVote_correct_block0_quorum_votes	pass	-	450.882	-
plean	grind	1	Examples/Consensus.lean|Consensus.Node.RequestVoting.eVote_correct_block0_quorum_votes	fail	tactic	826.249	-
plean	grind	1	Examples/Consensus.lean|Consensus.Node.RequestVoting.entry_correct_block0_quorum_votes	fail	tactic	840.214	-
plean	grind	1	Examples/Consensus.lean|Consensus.base_block1_unique_leader	pass	-	44.269	-
plean	grind	1	Examples/Consensus.lean|Consensus.Node.RequestVoting.eRequestVote_correct_block1_election_safety_using_quorum_votes	pass	-	258.175	-
plean	grind	1	Examples/Consensus.lean|Consensus.Node.RequestVoting.eVote_correct_block1_election_safety_using_quorum_votes	fail	tactic	704.313	-
plean	grind	1	Examples/Consensus.lean|Consensus.Node.RequestVoting.entry_correct_block1_election_safety_using_quorum_votes	fail	tactic	960.695	-
plean	grind	1	Examples/Consensus.lean|Consensus.base_block1_UniqueActions	pass	-	33.332	-
plean	grind	1	Examples/Consensus.lean|Consensus.base_block1_IncreasingCount	pass	-	36.861	-
plean	grind	1	Examples/Consensus.lean|Consensus.base_block1_ReceivedSubsetSent	pass	-	32.708	-
plean	grind	1	Examples/Consensus.lean|Consensus.Node.RequestVoting.eRequestVote_correct_block1_default	pass	-	188.351	-
plean	grind	1	Examples/Consensus.lean|Consensus.Node.RequestVoting.eVote_correct_block1_default	pass	-	167.804	-
plean	grind	1	Examples/Consensus.lean|Consensus.Node.RequestVoting.entry_correct_block1_default	fail	tactic	1126.653	-
plean	duper	1	Examples/Consensus.lean|Consensus.base_block0_one_vote_per_voter	pass	-	613.604	-
plean	duper	1	Examples/Consensus.lean|Consensus.base_block0_voted_after_eVote_sent	pass	-	513.404	-
plean	duper	1	Examples/Consensus.lean|Consensus.base_block0_votes_linked	fail	tactic	1978.085	-
plean	duper	1	Examples/Consensus.lean|Consensus.base_block0_won_implies_quorum_votes	fail	tactic	1661.939	-
plean	duper	1	Examples/Consensus.lean|Consensus.Node.RequestVoting.eRequestVote_correct_block0_quorum_votes	fail	tactic	0.000	-
plean	duper	1	Examples/Consensus.lean|Consensus.Node.RequestVoting.eVote_correct_block0_quorum_votes	fail	tactic	0.000	-
plean	duper	1	Examples/Consensus.lean|Consensus.Node.RequestVoting.entry_correct_block0_quorum_votes	fail	tactic	0.000	-
plean	duper	1	Examples/Consensus.lean|Consensus.base_block1_unique_leader	fail	tactic	1884.718	-
plean	duper	1	Examples/Consensus.lean|Consensus.Node.RequestVoting.eRequestVote_correct_block1_election_safety_using_quorum_votes	fail	tactic	0.000	-
plean	duper	1	Examples/Consensus.lean|Consensus.Node.RequestVoting.eVote_correct_block1_election_safety_using_quorum_votes	fail	tactic	0.000	-
plean	duper	1	Examples/Consensus.lean|Consensus.Node.RequestVoting.entry_correct_block1_election_safety_using_quorum_votes	fail	tactic	0.000	-
plean	duper	1	Examples/Consensus.lean|Consensus.base_block1_UniqueActions	pass	-	374.449	-
plean	duper	1	Examples/Consensus.lean|Consensus.base_block1_IncreasingCount	pass	-	355.546	-
plean	duper	1	Examples/Consensus.lean|Consensus.base_block1_ReceivedSubsetSent	pass	-	323.155	-
plean	duper	1	Examples/Consensus.lean|Consensus.Node.RequestVoting.eRequestVote_correct_block1_default	fail	timeout	949.463	-
plean	duper	1	Examples/Consensus.lean|Consensus.Node.RequestVoting.eVote_correct_block1_default	fail	timeout	837.169	-
plean	duper	1	Examples/Consensus.lean|Consensus.Node.RequestVoting.entry_correct_block1_default	fail	timeout	910.850	-
plean	auto	1	Examples/DistributedLock.lean|DistributedLock.base_Safety_unique_holder	pass	-	419.199	-
plean	auto	1	Examples/DistributedLock.lean|DistributedLock.base_Safety_no_lock_while_transfer	pass	-	368.031	-
plean	auto	1	Examples/DistributedLock.lean|DistributedLock.base_Safety_unique_accept	pass	-	375.833	-
plean	auto	1	Examples/DistributedLock.lean|DistributedLock.base_Safety_not_held_after_release	pass	-	405.201	-
plean	auto	1	Examples/DistributedLock.lean|DistributedLock.base_Safety_transfer_to_higher	pass	-	411.977	-
plean	auto	1	Examples/DistributedLock.lean|DistributedLock.Node.Act.eGrant_correct_Safety_safety	pass	-	1333.756	-
plean	auto	1	Examples/DistributedLock.lean|DistributedLock.Node.Act.eAccept_correct_Safety_safety	pass	-	1094.623	-
plean	auto	1	Examples/DistributedLock.lean|DistributedLock.base_Safety_UniqueActions	pass	-	335.895	-
plean	auto	1	Examples/DistributedLock.lean|DistributedLock.base_Safety_IncreasingCount	pass	-	319.961	-
plean	auto	1	Examples/DistributedLock.lean|DistributedLock.base_Safety_ReceivedSubsetSent	pass	-	238.547	-
plean	auto	1	Examples/DistributedLock.lean|DistributedLock.Node.Act.eGrant_correct_Safety_default	pass	-	444.035	-
plean	auto	1	Examples/DistributedLock.lean|DistributedLock.Node.Act.eAccept_correct_Safety_default	pass	-	400.376	-
plean	grind	1	Examples/DistributedLock.lean|DistributedLock.base_Safety_unique_holder	pass	-	50.006	-
plean	grind	1	Examples/DistributedLock.lean|DistributedLock.base_Safety_no_lock_while_transfer	pass	-	34.645	-
plean	grind	1	Examples/DistributedLock.lean|DistributedLock.base_Safety_unique_accept	pass	-	35.894	-
plean	grind	1	Examples/DistributedLock.lean|DistributedLock.base_Safety_not_held_after_release	pass	-	36.234	-
plean	grind	1	Examples/DistributedLock.lean|DistributedLock.base_Safety_transfer_to_higher	pass	-	37.453	-
plean	grind	1	Examples/DistributedLock.lean|DistributedLock.Node.Act.eGrant_correct_Safety_safety	pass	-	439.320	-
plean	grind	1	Examples/DistributedLock.lean|DistributedLock.Node.Act.eAccept_correct_Safety_safety	fail	tactic	486.770	-
plean	grind	1	Examples/DistributedLock.lean|DistributedLock.base_Safety_UniqueActions	pass	-	34.038	-
plean	grind	1	Examples/DistributedLock.lean|DistributedLock.base_Safety_IncreasingCount	pass	-	32.971	-
plean	grind	1	Examples/DistributedLock.lean|DistributedLock.base_Safety_ReceivedSubsetSent	pass	-	28.161	-
plean	grind	1	Examples/DistributedLock.lean|DistributedLock.Node.Act.eGrant_correct_Safety_default	pass	-	164.674	-
plean	grind	1	Examples/DistributedLock.lean|DistributedLock.Node.Act.eAccept_correct_Safety_default	pass	-	113.892	-
plean	duper	1	Examples/DistributedLock.lean|DistributedLock.base_Safety_unique_holder	pass	-	718.943	-
plean	duper	1	Examples/DistributedLock.lean|DistributedLock.base_Safety_no_lock_while_transfer	pass	-	249.979	-
plean	duper	1	Examples/DistributedLock.lean|DistributedLock.base_Safety_unique_accept	pass	-	246.447	-
plean	duper	1	Examples/DistributedLock.lean|DistributedLock.base_Safety_not_held_after_release	pass	-	256.269	-
plean	duper	1	Examples/DistributedLock.lean|DistributedLock.base_Safety_transfer_to_higher	pass	-	268.470	-
plean	duper	1	Examples/DistributedLock.lean|DistributedLock.Node.Act.eGrant_correct_Safety_safety	fail	tactic	0.000	-
plean	duper	1	Examples/DistributedLock.lean|DistributedLock.Node.Act.eAccept_correct_Safety_safety	fail	tactic	0.000	-
plean	duper	1	Examples/DistributedLock.lean|DistributedLock.base_Safety_UniqueActions	pass	-	191.815	-
plean	duper	1	Examples/DistributedLock.lean|DistributedLock.base_Safety_IncreasingCount	pass	-	195.861	-
plean	duper	1	Examples/DistributedLock.lean|DistributedLock.base_Safety_ReceivedSubsetSent	pass	-	166.803	-
plean	duper	1	Examples/DistributedLock.lean|DistributedLock.Node.Act.eGrant_correct_Safety_default	fail	timeout	1005.945	-
plean	duper	1	Examples/DistributedLock.lean|DistributedLock.Node.Act.eAccept_correct_Safety_default	fail	timeout	725.473	-
plean	auto	1	Examples/LockServer.lean|LockServer.base_block0_const_server	pass	-	357.541	-
plean	auto	1	Examples/LockServer.lean|LockServer.base_block0_serv_is_serv	pass	-	310.565	-
plean	auto	1	Examples/LockServer.lean|LockServer.base_block0_single_server	pass	-	321.176	-
plean	auto	1	Examples/LockServer.lean|LockServer.base_block0_unique_server	pass	-	349.684	-
plean	auto	1	Examples/LockServer.lean|LockServer.base_block0_aquire_to_node	pass	-	556.420	-
plean	auto	1	Examples/LockServer.lean|LockServer.base_block0_release_to_node	pass	-	550.267	-
plean	auto	1	Examples/LockServer.lean|LockServer.base_block0_grant_to_node	pass	-	558.409	-
plean	auto	1	Examples/LockServer.lean|LockServer.base_block0_lock_to_server	pass	-	568.482	-
plean	auto	1	Examples/LockServer.lean|LockServer.base_block0_unlock_to_server	pass	-	560.282	-
plean	auto	1	Examples/LockServer.lean|LockServer.base_block0_node_send_lock	pass	-	467.134	-
plean	auto	1	Examples/LockServer.lean|LockServer.base_block0_node_send_unlock	pass	-	462.991	-
plean	auto	1	Examples/LockServer.lean|LockServer.Server.Serving.eLock_correct_block0_system_config	fail	tactic	13315.242	-
plean	auto	1	Examples/LockServer.lean|LockServer.Server.Serving.eUnlock_correct_block0_system_config	pass	-	1327.628	-
plean	auto	1	Examples/LockServer.lean|LockServer.Node.Working.eAquire_correct_block0_system_config	fail	tactic	17280.719	-
plean	auto	1	Examples/LockServer.lean|LockServer.Node.Working.eRelease_correct_block0_system_config	fail	tactic	13586.172	-
plean	auto	1	Examples/LockServer.lean|LockServer.Node.Working.eGrant_correct_block0_system_config	pass	-	1284.284	-
plean	auto	1	Examples/LockServer.lean|LockServer.base_block1_unique_lock_holder	pass	-	368.625	-
plean	auto	1	Examples/LockServer.lean|LockServer.base_block1_unique_grant	pass	-	468.474	-
plean	auto	1	Examples/LockServer.lean|LockServer.base_block1_unique_unlock	pass	-	483.696	-
plean	auto	1	Examples/LockServer.lean|LockServer.base_block1_grant_server_unlocked	pass	-	465.375	-
plean	auto	1	Examples/LockServer.lean|LockServer.base_block1_no_lock_while_grant	pass	-	467.515	-
plean	auto	1	Examples/LockServer.lean|LockServer.base_block1_no_lock_while_unlock	pass	-	500.946	-
plean	auto	1	Examples/LockServer.lean|LockServer.base_block1_grant_not_unlock	pass	-	462.346	-
plean	auto	1	Examples/LockServer.lean|LockServer.base_block1_node_server_mutex	pass	-	357.651	-
plean	auto	1	Examples/LockServer.lean|LockServer.Server.Serving.eLock_correct_block1_safety_using_system_config	pass	-	2496.626	-
plean	auto	1	Examples/LockServer.lean|LockServer.Server.Serving.eUnlock_correct_block1_safety_using_system_config	pass	-	1729.360	-
plean	auto	1	Examples/LockServer.lean|LockServer.Node.Working.eAquire_correct_block1_safety_using_system_config	pass	-	1536.197	-
plean	auto	1	Examples/LockServer.lean|LockServer.Node.Working.eRelease_correct_block1_safety_using_system_config	pass	-	2526.091	-
plean	auto	1	Examples/LockServer.lean|LockServer.Node.Working.eGrant_correct_block1_safety_using_system_config	pass	-	1847.751	-
plean	auto	1	Examples/LockServer.lean|LockServer.base_block1_UniqueActions	pass	-	468.380	-
plean	auto	1	Examples/LockServer.lean|LockServer.base_block1_IncreasingCount	pass	-	433.637	-
plean	auto	1	Examples/LockServer.lean|LockServer.base_block1_ReceivedSubsetSent	pass	-	333.916	-
plean	auto	1	Examples/LockServer.lean|LockServer.Server.Serving.eLock_correct_block1_default_using_system_config	pass	-	729.993	-
plean	auto	1	Examples/LockServer.lean|LockServer.Server.Serving.eUnlock_correct_block1_default_using_system_config	pass	-	686.857	-
plean	auto	1	Examples/LockServer.lean|LockServer.Node.Working.eAquire_correct_block1_default_using_system_config	pass	-	820.159	-
plean	auto	1	Examples/LockServer.lean|LockServer.Node.Working.eRelease_correct_block1_default_using_system_config	pass	-	807.070	-
plean	auto	1	Examples/LockServer.lean|LockServer.Node.Working.eGrant_correct_block1_default_using_system_config	pass	-	787.971	-
plean	grind	1	Examples/LockServer.lean|LockServer.base_block0_const_server	pass	-	39.450	-
plean	grind	1	Examples/LockServer.lean|LockServer.base_block0_serv_is_serv	pass	-	75.532	-
plean	grind	1	Examples/LockServer.lean|LockServer.base_block0_single_server	pass	-	32.027	-
plean	grind	1	Examples/LockServer.lean|LockServer.base_block0_unique_server	fail	tactic	18.016	-
plean	grind	1	Examples/LockServer.lean|LockServer.base_block0_aquire_to_node	pass	-	36.482	-
plean	grind	1	Examples/LockServer.lean|LockServer.base_block0_release_to_node	pass	-	35.810	-
plean	grind	1	Examples/LockServer.lean|LockServer.base_block0_grant_to_node	pass	-	34.725	-
plean	grind	1	Examples/LockServer.lean|LockServer.base_block0_lock_to_server	pass	-	35.469	-
plean	grind	1	Examples/LockServer.lean|LockServer.base_block0_unlock_to_server	pass	-	39.132	-
plean	grind	1	Examples/LockServer.lean|LockServer.base_block0_node_send_lock	pass	-	88.973	-
plean	grind	1	Examples/LockServer.lean|LockServer.base_block0_node_send_unlock	pass	-	81.571	-
plean	grind	1	Examples/LockServer.lean|LockServer.Server.Serving.eLock_correct_block0_system_config	fail	tactic	1018.062	-
plean	grind	1	Examples/LockServer.lean|LockServer.Server.Serving.eUnlock_correct_block0_system_config	pass	-	2025.158	-
plean	grind	1	Examples/LockServer.lean|LockServer.Node.Working.eAquire_correct_block0_system_config	fail	tactic	1745.991	-
plean	grind	1	Examples/LockServer.lean|LockServer.Node.Working.eRelease_correct_block0_system_config	fail	tactic	1017.985	-
plean	grind	1	Examples/LockServer.lean|LockServer.Node.Working.eGrant_correct_block0_system_config	pass	-	2049.427	-
plean	grind	1	Examples/LockServer.lean|LockServer.base_block1_unique_lock_holder	pass	-	38.766	-
plean	grind	1	Examples/LockServer.lean|LockServer.base_block1_unique_grant	pass	-	36.123	-
plean	grind	1	Examples/LockServer.lean|LockServer.base_block1_unique_unlock	pass	-	36.379	-
plean	grind	1	Examples/LockServer.lean|LockServer.base_block1_grant_server_unlocked	pass	-	38.254	-
plean	grind	1	Examples/LockServer.lean|LockServer.base_block1_no_lock_while_grant	pass	-	36.650	-
plean	grind	1	Examples/LockServer.lean|LockServer.base_block1_no_lock_while_unlock	pass	-	68.686	-
plean	grind	1	Examples/LockServer.lean|LockServer.base_block1_grant_not_unlock	pass	-	33.337	-
plean	grind	1	Examples/LockServer.lean|LockServer.base_block1_node_server_mutex	pass	-	38.066	-
plean	grind	1	Examples/LockServer.lean|LockServer.Server.Serving.eLock_correct_block1_safety_using_system_config	fail	tactic	1943.942	-
plean	grind	1	Examples/LockServer.lean|LockServer.Server.Serving.eUnlock_correct_block1_safety_using_system_config	fail	tactic	2691.130	-
plean	grind	1	Examples/LockServer.lean|LockServer.Node.Working.eAquire_correct_block1_safety_using_system_config	fail	tactic	2664.653	-
plean	grind	1	Examples/LockServer.lean|LockServer.Node.Working.eRelease_correct_block1_safety_using_system_config	pass	-	1361.789	-
plean	grind	1	Examples/LockServer.lean|LockServer.Node.Working.eGrant_correct_block1_safety_using_system_config	fail	tactic	2579.429	-
plean	grind	1	Examples/LockServer.lean|LockServer.base_block1_UniqueActions	pass	-	34.094	-
plean	grind	1	Examples/LockServer.lean|LockServer.base_block1_IncreasingCount	pass	-	32.109	-
plean	grind	1	Examples/LockServer.lean|LockServer.base_block1_ReceivedSubsetSent	pass	-	29.822	-
plean	grind	1	Examples/LockServer.lean|LockServer.Server.Serving.eLock_correct_block1_default_using_system_config	pass	-	424.110	-
plean	grind	1	Examples/LockServer.lean|LockServer.Server.Serving.eUnlock_correct_block1_default_using_system_config	pass	-	393.771	-
plean	grind	1	Examples/LockServer.lean|LockServer.Node.Working.eAquire_correct_block1_default_using_system_config	pass	-	514.570	-
plean	grind	1	Examples/LockServer.lean|LockServer.Node.Working.eRelease_correct_block1_default_using_system_config	pass	-	435.579	-
plean	grind	1	Examples/LockServer.lean|LockServer.Node.Working.eGrant_correct_block1_default_using_system_config	pass	-	358.866	-
plean	duper	1	Examples/LockServer.lean|LockServer.base_block0_const_server	pass	-	715.607	-
plean	duper	1	Examples/LockServer.lean|LockServer.base_block0_serv_is_serv	pass	-	885.685	-
plean	duper	1	Examples/LockServer.lean|LockServer.base_block0_single_server	fail	tactic	15.049	-
plean	duper	1	Examples/LockServer.lean|LockServer.base_block0_unique_server	fail	tactic	1681.867	-
plean	duper	1	Examples/LockServer.lean|LockServer.base_block0_aquire_to_node	pass	-	233.238	-
plean	duper	1	Examples/LockServer.lean|LockServer.base_block0_release_to_node	pass	-	238.147	-
plean	duper	1	Examples/LockServer.lean|LockServer.base_block0_grant_to_node	pass	-	226.601	-
plean	duper	1	Examples/LockServer.lean|LockServer.base_block0_lock_to_server	pass	-	217.321	-
plean	duper	1	Examples/LockServer.lean|LockServer.base_block0_unlock_to_server	pass	-	215.016	-
plean	duper	1	Examples/LockServer.lean|LockServer.base_block0_node_send_lock	pass	-	865.240	-
plean	duper	1	Examples/LockServer.lean|LockServer.base_block0_node_send_unlock	pass	-	863.963	-
plean	duper	1	Examples/LockServer.lean|LockServer.Server.Serving.eLock_correct_block0_system_config	fail	tactic	0.000	-
plean	duper	1	Examples/LockServer.lean|LockServer.Server.Serving.eUnlock_correct_block0_system_config	fail	tactic	0.000	-
plean	duper	1	Examples/LockServer.lean|LockServer.Node.Working.eAquire_correct_block0_system_config	fail	tactic	0.000	-
plean	duper	1	Examples/LockServer.lean|LockServer.Node.Working.eRelease_correct_block0_system_config	fail	tactic	0.000	-
plean	duper	1	Examples/LockServer.lean|LockServer.Node.Working.eGrant_correct_block0_system_config	fail	tactic	0.000	-
plean	duper	1	Examples/LockServer.lean|LockServer.base_block1_unique_lock_holder	fail	tactic	1819.929	-
plean	duper	1	Examples/LockServer.lean|LockServer.base_block1_unique_grant	pass	-	321.453	-
plean	duper	1	Examples/LockServer.lean|LockServer.base_block1_unique_unlock	pass	-	342.024	-
plean	duper	1	Examples/LockServer.lean|LockServer.base_block1_grant_server_unlocked	pass	-	335.678	-
plean	duper	1	Examples/LockServer.lean|LockServer.base_block1_no_lock_while_grant	pass	-	329.946	-
plean	duper	1	Examples/LockServer.lean|LockServer.base_block1_no_lock_while_unlock	pass	-	864.681	-
plean	duper	1	Examples/LockServer.lean|LockServer.base_block1_grant_not_unlock	pass	-	310.888	-
plean	duper	1	Examples/LockServer.lean|LockServer.base_block1_node_server_mutex	fail	tactic	1785.934	-
plean	duper	1	Examples/LockServer.lean|LockServer.Server.Serving.eLock_correct_block1_safety_using_system_config	fail	tactic	0.000	-
plean	duper	1	Examples/LockServer.lean|LockServer.Server.Serving.eUnlock_correct_block1_safety_using_system_config	fail	tactic	0.000	-
plean	duper	1	Examples/LockServer.lean|LockServer.Node.Working.eAquire_correct_block1_safety_using_system_config	fail	tactic	0.000	-
plean	duper	1	Examples/LockServer.lean|LockServer.Node.Working.eRelease_correct_block1_safety_using_system_config	fail	tactic	0.000	-
plean	duper	1	Examples/LockServer.lean|LockServer.Node.Working.eGrant_correct_block1_safety_using_system_config	fail	tactic	0.000	-
plean	duper	1	Examples/LockServer.lean|LockServer.base_block1_UniqueActions	pass	-	276.326	-
plean	duper	1	Examples/LockServer.lean|LockServer.base_block1_IncreasingCount	pass	-	265.769	-
plean	duper	1	Examples/LockServer.lean|LockServer.base_block1_ReceivedSubsetSent	pass	-	246.002	-
plean	duper	1	Examples/LockServer.lean|LockServer.Server.Serving.eLock_correct_block1_default_using_system_config	fail	tactic	112.323	-
plean	duper	1	Examples/LockServer.lean|LockServer.Server.Serving.eUnlock_correct_block1_default_using_system_config	fail	tactic	124.751	-
plean	duper	1	Examples/LockServer.lean|LockServer.Node.Working.eAquire_correct_block1_default_using_system_config	fail	tactic	137.063	-
plean	duper	1	Examples/LockServer.lean|LockServer.Node.Working.eRelease_correct_block1_default_using_system_config	fail	tactic	109.214	-
plean	duper	1	Examples/LockServer.lean|LockServer.Node.Working.eGrant_correct_block1_default_using_system_config	fail	tactic	133.018	-
plean	auto	1	Examples/PingPongAuto.lean|PingPongAuto.base_Safety_pong_after_ping	pass	-	274.366	-
plean	auto	1	Examples/PingPongAuto.lean|PingPongAuto.Server.Idle.ePing_correct_Safety_safety_using_default	pass	-	278.473	-
plean	auto	1	Examples/PingPongAuto.lean|PingPongAuto.base_Safety_UniqueActions	pass	-	221.299	-
plean	auto	1	Examples/PingPongAuto.lean|PingPongAuto.base_Safety_IncreasingCount	pass	-	210.167	-
plean	auto	1	Examples/PingPongAuto.lean|PingPongAuto.base_Safety_ReceivedSubsetSent	pass	-	164.267	-
plean	auto	1	Examples/PingPongAuto.lean|PingPongAuto.Server.Idle.ePing_correct_Safety_default	pass	-	343.092	-
plean	grind	1	Examples/PingPongAuto.lean|PingPongAuto.base_Safety_pong_after_ping	pass	-	27.300	-
plean	grind	1	Examples/PingPongAuto.lean|PingPongAuto.Server.Idle.ePing_correct_Safety_safety_using_default	pass	-	81.400	-
plean	grind	1	Examples/PingPongAuto.lean|PingPongAuto.base_Safety_UniqueActions	pass	-	18.054	-
plean	grind	1	Examples/PingPongAuto.lean|PingPongAuto.base_Safety_IncreasingCount	pass	-	17.213	-
plean	grind	1	Examples/PingPongAuto.lean|PingPongAuto.base_Safety_ReceivedSubsetSent	pass	-	14.683	-
plean	grind	1	Examples/PingPongAuto.lean|PingPongAuto.Server.Idle.ePing_correct_Safety_default	pass	-	122.376	-
plean	duper	1	Examples/PingPongAuto.lean|PingPongAuto.base_Safety_pong_after_ping	pass	-	186.967	-
plean	duper	1	Examples/PingPongAuto.lean|PingPongAuto.Server.Idle.ePing_correct_Safety_safety_using_default	fail	timeout	626.077	-
plean	duper	1	Examples/PingPongAuto.lean|PingPongAuto.base_Safety_UniqueActions	pass	-	105.543	-
plean	duper	1	Examples/PingPongAuto.lean|PingPongAuto.base_Safety_IncreasingCount	pass	-	98.831	-
plean	duper	1	Examples/PingPongAuto.lean|PingPongAuto.base_Safety_ReceivedSubsetSent	pass	-	78.723	-
plean	duper	1	Examples/PingPongAuto.lean|PingPongAuto.Server.Idle.ePing_correct_Safety_default	fail	timeout	1061.076	-
plean	auto	1	Examples/PingPongTrivial.lean|PingPongTrivial.base_Safety_always_true	pass	-	0.000	-
plean	grind	1	Examples/PingPongTrivial.lean|PingPongTrivial.base_Safety_always_true	pass	-	0.000	-
plean	duper	1	Examples/PingPongTrivial.lean|PingPongTrivial.base_Safety_always_true	pass	-	0.000	-
plean	auto	1	Examples/RingLeader.lean|RingLeader.base_block0_LeaderMax	pass	-	311.372	-
plean	auto	1	Examples/RingLeader.lean|RingLeader.base_block0_Aux	pass	-	268.807	-
plean	auto	1	Examples/RingLeader.lean|RingLeader.base_block0_NoBypass	pass	-	321.208	-
plean	auto	1	Examples/RingLeader.lean|RingLeader.base_block0_SelfPendingMax	pass	-	319.571	-
plean	auto	1	Examples/RingLeader.lean|RingLeader.Server.Proposing.eNominate_correct_block0_lemmas	fail	tactic	11398.325	-
plean	auto	1	Examples/RingLeader.lean|RingLeader.Server.Proposing.entry_correct_block0_lemmas	fail	tactic	11790.055	-
plean	auto	1	Examples/RingLeader.lean|RingLeader.base_block1_UniqueLeader	pass	-	268.782	-
plean	auto	1	Examples/RingLeader.lean|RingLeader.Server.Proposing.eNominate_correct_block1_Safety_using_lemmas	fail	tactic	11064.140	-
plean	auto	1	Examples/RingLeader.lean|RingLeader.Server.Proposing.entry_correct_block1_Safety_using_lemmas	pass	-	457.383	-
plean	auto	1	Examples/RingLeader.lean|RingLeader.base_block1_UniqueActions	pass	-	330.086	-
plean	auto	1	Examples/RingLeader.lean|RingLeader.base_block1_IncreasingCount	pass	-	342.093	-
plean	auto	1	Examples/RingLeader.lean|RingLeader.base_block1_ReceivedSubsetSent	pass	-	278.049	-
plean	auto	1	Examples/RingLeader.lean|RingLeader.Server.Proposing.eNominate_correct_block1_default	pass	-	533.235	-
plean	auto	1	Examples/RingLeader.lean|RingLeader.Server.Proposing.entry_correct_block1_default	pass	-	379.208	-
plean	grind	1	Examples/RingLeader.lean|RingLeader.base_block0_LeaderMax	pass	-	55.544	-
plean	grind	1	Examples/RingLeader.lean|RingLeader.base_block0_Aux	pass	-	49.546	-
plean	grind	1	Examples/RingLeader.lean|RingLeader.base_block0_NoBypass	pass	-	57.321	-
plean	grind	1	Examples/RingLeader.lean|RingLeader.base_block0_SelfPendingMax	pass	-	55.073	-
plean	grind	1	Examples/RingLeader.lean|RingLeader.Server.Proposing.eNominate_correct_block0_lemmas	fail	tactic	409.280	-
plean	grind	1	Examples/RingLeader.lean|RingLeader.Server.Proposing.entry_correct_block0_lemmas	fail	tactic	775.742	-
plean	grind	1	Examples/RingLeader.lean|RingLeader.base_block1_UniqueLeader	pass	-	49.981	-
plean	grind	1	Examples/RingLeader.lean|RingLeader.Server.Proposing.eNominate_correct_block1_Safety_using_lemmas	fail	tactic	412.266	-
plean	grind	1	Examples/RingLeader.lean|RingLeader.Server.Proposing.entry_correct_block1_Safety_using_lemmas	pass	-	98.082	-
plean	grind	1	Examples/RingLeader.lean|RingLeader.base_block1_UniqueActions	pass	-	51.206	-
plean	grind	1	Examples/RingLeader.lean|RingLeader.base_block1_IncreasingCount	pass	-	50.600	-
plean	grind	1	Examples/RingLeader.lean|RingLeader.base_block1_ReceivedSubsetSent	pass	-	47.679	-
plean	grind	1	Examples/RingLeader.lean|RingLeader.Server.Proposing.eNominate_correct_block1_default	pass	-	298.650	-
plean	grind	1	Examples/RingLeader.lean|RingLeader.Server.Proposing.entry_correct_block1_default	pass	-	181.060	-
plean	duper	1	Examples/RingLeader.lean|RingLeader.base_block0_LeaderMax	fail	tactic	1872.197	-
plean	duper	1	Examples/RingLeader.lean|RingLeader.base_block0_Aux	fail	tactic	1935.640	-
plean	duper	1	Examples/RingLeader.lean|RingLeader.base_block0_NoBypass	pass	-	248.003	-
plean	duper	1	Examples/RingLeader.lean|RingLeader.base_block0_SelfPendingMax	pass	-	208.836	-
plean	duper	1	Examples/RingLeader.lean|RingLeader.Server.Proposing.eNominate_correct_block0_lemmas	fail	tactic	0.000	-
plean	duper	1	Examples/RingLeader.lean|RingLeader.Server.Proposing.entry_correct_block0_lemmas	fail	tactic	0.000	-
plean	duper	1	Examples/RingLeader.lean|RingLeader.base_block1_UniqueLeader	fail	tactic	1796.278	-
plean	duper	1	Examples/RingLeader.lean|RingLeader.Server.Proposing.eNominate_correct_block1_Safety_using_lemmas	fail	tactic	0.000	-
plean	duper	1	Examples/RingLeader.lean|RingLeader.Server.Proposing.entry_correct_block1_Safety_using_lemmas	fail	tactic	44.313	-
plean	duper	1	Examples/RingLeader.lean|RingLeader.base_block1_UniqueActions	pass	-	203.568	-
plean	duper	1	Examples/RingLeader.lean|RingLeader.base_block1_IncreasingCount	pass	-	287.999	-
plean	duper	1	Examples/RingLeader.lean|RingLeader.base_block1_ReceivedSubsetSent	pass	-	190.549	-
plean	duper	1	Examples/RingLeader.lean|RingLeader.Server.Proposing.eNominate_correct_block1_default	fail	timeout	907.280	-
plean	duper	1	Examples/RingLeader.lean|RingLeader.Server.Proposing.entry_correct_block1_default	fail	tactic	70.444	-
plean	auto	1	Examples/ShardedKV.lean|ShardedKV.base_of_Safety_transfer_means_no_owner	pass	-	494.970	-
plean	auto	1	Examples/ShardedKV.lean|ShardedKV.base_of_Safety_unique_key_transfer	pass	-	429.756	-
plean	auto	1	Examples/ShardedKV.lean|ShardedKV.base_of_Safety_transfer_means_not_own	pass	-	410.921	-
plean	auto	1	Examples/ShardedKV.lean|ShardedKV.base_of_Safety_unique_owner	pass	-	285.314	-
plean	auto	1	Examples/ShardedKV.lean|ShardedKV.Node.Serving.eReshard_correct_of_Safety_Safety	pass	-	860.977	-
plean	auto	1	Examples/ShardedKV.lean|ShardedKV.Node.Serving.eTransfer_correct_of_Safety_Safety	pass	-	620.142	-
plean	auto	1	Examples/ShardedKV.lean|ShardedKV.base_of_Safety_UniqueActions	pass	-	348.331	-
plean	auto	1	Examples/ShardedKV.lean|ShardedKV.base_of_Safety_IncreasingCount	pass	-	338.900	-
plean	auto	1	Examples/ShardedKV.lean|ShardedKV.base_of_Safety_ReceivedSubsetSent	pass	-	255.441	-
plean	auto	1	Examples/ShardedKV.lean|ShardedKV.Node.Serving.eReshard_correct_of_Safety_default	pass	-	477.348	-
plean	auto	1	Examples/ShardedKV.lean|ShardedKV.Node.Serving.eTransfer_correct_of_Safety_default	pass	-	379.150	-
plean	grind	1	Examples/ShardedKV.lean|ShardedKV.base_of_Safety_transfer_means_no_owner	pass	-	41.694	-
plean	grind	1	Examples/ShardedKV.lean|ShardedKV.base_of_Safety_unique_key_transfer	pass	-	37.451	-
plean	grind	1	Examples/ShardedKV.lean|ShardedKV.base_of_Safety_transfer_means_not_own	pass	-	36.965	-
plean	grind	1	Examples/ShardedKV.lean|ShardedKV.base_of_Safety_unique_owner	fail	tactic	21.722	-
plean	grind	1	Examples/ShardedKV.lean|ShardedKV.Node.Serving.eReshard_correct_of_Safety_Safety	fail	tactic	552.611	-
plean	grind	1	Examples/ShardedKV.lean|ShardedKV.Node.Serving.eTransfer_correct_of_Safety_Safety	fail	tactic	604.659	-
plean	grind	1	Examples/ShardedKV.lean|ShardedKV.base_of_Safety_UniqueActions	pass	-	34.150	-
plean	grind	1	Examples/ShardedKV.lean|ShardedKV.base_of_Safety_IncreasingCount	pass	-	31.675	-
plean	grind	1	Examples/ShardedKV.lean|ShardedKV.base_of_Safety_ReceivedSubsetSent	pass	-	30.235	-
plean	grind	1	Examples/ShardedKV.lean|ShardedKV.Node.Serving.eReshard_correct_of_Safety_default	pass	-	162.841	-
plean	grind	1	Examples/ShardedKV.lean|ShardedKV.Node.Serving.eTransfer_correct_of_Safety_default	pass	-	141.008	-
plean	duper	1	Examples/ShardedKV.lean|ShardedKV.base_of_Safety_transfer_means_no_owner	pass	-	390.123	-
plean	duper	1	Examples/ShardedKV.lean|ShardedKV.base_of_Safety_unique_key_transfer	pass	-	283.970	-
plean	duper	1	Examples/ShardedKV.lean|ShardedKV.base_of_Safety_transfer_means_not_own	pass	-	306.585	-
plean	duper	1	Examples/ShardedKV.lean|ShardedKV.base_of_Safety_unique_owner	fail	tactic	1646.270	-
plean	duper	1	Examples/ShardedKV.lean|ShardedKV.Node.Serving.eReshard_correct_of_Safety_Safety	fail	tactic	0.000	-
plean	duper	1	Examples/ShardedKV.lean|ShardedKV.Node.Serving.eTransfer_correct_of_Safety_Safety	fail	tactic	0.000	-
plean	duper	1	Examples/ShardedKV.lean|ShardedKV.base_of_Safety_UniqueActions	pass	-	227.169	-
plean	duper	1	Examples/ShardedKV.lean|ShardedKV.base_of_Safety_IncreasingCount	pass	-	219.066	-
plean	duper	1	Examples/ShardedKV.lean|ShardedKV.base_of_Safety_ReceivedSubsetSent	pass	-	260.871	-
plean	duper	1	Examples/ShardedKV.lean|ShardedKV.Node.Serving.eReshard_correct_of_Safety_default	fail	timeout	1290.514	-
plean	duper	1	Examples/ShardedKV.lean|ShardedKV.Node.Serving.eTransfer_correct_of_Safety_default	fail	timeout	1286.585	-
plean	auto	1	Examples/TwoPhaseCommit.lean|TwoPhaseCommit.base_of_system_config_participant_set	pass	-	475.458	-
plean	auto	1	Examples/TwoPhaseCommit.lean|TwoPhaseCommit.Coordinator.WaitForResponses.eYes_correct_of_system_config_system_config	fail	translation	74.964	-
plean	auto	1	Examples/TwoPhaseCommit.lean|TwoPhaseCommit.Coordinator.WaitForResponses.eNo_correct_of_system_config_system_config	fail	tactic	5863.681	-
plean	auto	1	Examples/TwoPhaseCommit.lean|TwoPhaseCommit.Coordinator.Init.entry_correct_of_system_config_system_config	fail	tactic	5976.728	-
plean	auto	1	Examples/TwoPhaseCommit.lean|TwoPhaseCommit.Participant.Undecided.eVoteReq_correct_of_system_config_system_config	pass	-	402.197	-
plean	auto	1	Examples/TwoPhaseCommit.lean|TwoPhaseCommit.Participant.Undecided.eCommit_correct_of_system_config_system_config	pass	-	420.727	-
plean	auto	1	Examples/TwoPhaseCommit.lean|TwoPhaseCommit.Participant.Undecided.eAbort_correct_of_system_config_system_config	pass	-	394.718	-
plean	auto	1	Examples/TwoPhaseCommit.lean|TwoPhaseCommit.base_of_votes_yes_implies_pref	pass	-	513.929	-
plean	auto	1	Examples/TwoPhaseCommit.lean|TwoPhaseCommit.base_of_votes_votes_all_prefer	pass	-	469.362	-
plean	auto	1	Examples/TwoPhaseCommit.lean|TwoPhaseCommit.Coordinator.WaitForResponses.eYes_correct_of_votes_votes	fail	translation	132.760	-
plean	auto	1	Examples/TwoPhaseCommit.lean|TwoPhaseCommit.Coordinator.WaitForResponses.eNo_correct_of_votes_votes	fail	tactic	5925.485	-
plean	auto	1	Examples/TwoPhaseCommit.lean|TwoPhaseCommit.Coordinator.Init.entry_correct_of_votes_votes	fail	tactic	6010.825	-
plean	auto	1	Examples/TwoPhaseCommit.lean|TwoPhaseCommit.Participant.Undecided.eVoteReq_correct_of_votes_votes	pass	-	462.593	-
plean	auto	1	Examples/TwoPhaseCommit.lean|TwoPhaseCommit.Participant.Undecided.eCommit_correct_of_votes_votes	pass	-	421.073	-
plean	auto	1	Examples/TwoPhaseCommit.lean|TwoPhaseCommit.Participant.Undecided.eAbort_correct_of_votes_votes	pass	-	417.068	-
plean	auto	1	Examples/TwoPhaseCommit.lean|TwoPhaseCommit.base_of_default_UniqueActions	pass	-	511.729	-
plean	auto	1	Examples/TwoPhaseCommit.lean|TwoPhaseCommit.base_of_default_IncreasingCount	pass	-	503.484	-
plean	auto	1	Examples/TwoPhaseCommit.lean|TwoPhaseCommit.base_of_default_ReceivedSubsetSent	pass	-	430.302	-
plean	auto	1	Examples/TwoPhaseCommit.lean|TwoPhaseCommit.Coordinator.WaitForResponses.eYes_correct_of_default_default	fail	translation	101.480	-
plean	auto	1	Examples/TwoPhaseCommit.lean|TwoPhaseCommit.Coordinator.WaitForResponses.eNo_correct_of_default_default	pass	-	2015.496	-
plean	auto	1	Examples/TwoPhaseCommit.lean|TwoPhaseCommit.Coordinator.Init.entry_correct_of_default_default	pass	-	2098.265	-
plean	auto	1	Examples/TwoPhaseCommit.lean|TwoPhaseCommit.Participant.Undecided.eVoteReq_correct_of_default_default	pass	-	452.807	-
plean	auto	1	Examples/TwoPhaseCommit.lean|TwoPhaseCommit.Participant.Undecided.eCommit_correct_of_default_default	pass	-	375.073	-
plean	auto	1	Examples/TwoPhaseCommit.lean|TwoPhaseCommit.Participant.Undecided.eAbort_correct_of_default_default	pass	-	385.703	-
plean	auto	1	Examples/TwoPhaseCommit.lean|TwoPhaseCommit.base_of_commit_sent_commit_sent_implies_all_yes	pass	-	639.314	-
plean	auto	1	Examples/TwoPhaseCommit.lean|TwoPhaseCommit.Coordinator.WaitForResponses.eYes_correct_of_commit_sent_commit_sent_using_votes_system_config	fail	translation	129.463	-
plean	auto	1	Examples/TwoPhaseCommit.lean|TwoPhaseCommit.Coordinator.WaitForResponses.eNo_correct_of_commit_sent_commit_sent_using_votes_system_config	fail	tactic	6063.603	-
plean	auto	1	Examples/TwoPhaseCommit.lean|TwoPhaseCommit.Coordinator.Init.entry_correct_of_commit_sent_commit_sent_using_votes_system_config	fail	tactic	6041.057	-
plean	auto	1	Examples/TwoPhaseCommit.lean|TwoPhaseCommit.Participant.Undecided.eVoteReq_correct_of_commit_sent_commit_sent_using_votes_system_config	pass	-	477.790	-
plean	auto	1	Examples/TwoPhaseCommit.lean|TwoPhaseCommit.Participant.Undecided.eCommit_correct_of_commit_sent_commit_sent_using_votes_system_config	pass	-	457.415	-
plean	auto	1	Examples/TwoPhaseCommit.lean|TwoPhaseCommit.Participant.Undecided.eAbort_correct_of_commit_sent_commit_sent_using_votes_system_config	pass	-	450.852	-
plean	auto	1	Examples/TwoPhaseCommit.lean|TwoPhaseCommit.base_of_safety_accepted_implies_all_prefer	pass	-	596.634	-
plean	auto	1	Examples/TwoPhaseCommit.lean|TwoPhaseCommit.Coordinator.WaitForResponses.eYes_correct_of_safety_safety_using_commit_sent	fail	translation	156.642	-
plean	auto	1	Examples/TwoPhaseCommit.lean|TwoPhaseCommit.Coordinator.WaitForResponses.eNo_correct_of_safety_safety_using_commit_sent	fail	tactic	6034.135	-
plean	auto	1	Examples/TwoPhaseCommit.lean|TwoPhaseCommit.Coordinator.Init.entry_correct_of_safety_safety_using_commit_sent	fail	tactic	6115.155	-
plean	auto	1	Examples/TwoPhaseCommit.lean|TwoPhaseCommit.Participant.Undecided.eVoteReq_correct_of_safety_safety_using_commit_sent	pass	-	483.982	-
plean	auto	1	Examples/TwoPhaseCommit.lean|TwoPhaseCommit.Participant.Undecided.eCommit_correct_of_safety_safety_using_commit_sent	pass	-	482.355	-
plean	auto	1	Examples/TwoPhaseCommit.lean|TwoPhaseCommit.Participant.Undecided.eAbort_correct_of_safety_safety_using_commit_sent	pass	-	465.557	-
plean	grind	1	Examples/TwoPhaseCommit.lean|TwoPhaseCommit.base_of_system_config_participant_set	pass	-	56.843	-
plean	grind	1	Examples/TwoPhaseCommit.lean|TwoPhaseCommit.Coordinator.WaitForResponses.eYes_correct_of_system_config_system_config	fail	tactic	226.917	-
plean	grind	1	Examples/TwoPhaseCommit.lean|TwoPhaseCommit.Coordinator.WaitForResponses.eNo_correct_of_system_config_system_config	fail	tactic	452.071	-
plean	grind	1	Examples/TwoPhaseCommit.lean|TwoPhaseCommit.Coordinator.Init.entry_correct_of_system_config_system_config	pass	-	577.280	-
plean	grind	1	Examples/TwoPhaseCommit.lean|TwoPhaseCommit.Participant.Undecided.eVoteReq_correct_of_system_config_system_config	pass	-	80.110	-
plean	grind	1	Examples/TwoPhaseCommit.lean|TwoPhaseCommit.Participant.Undecided.eCommit_correct_of_system_config_system_config	pass	-	52.851	-
plean	grind	1	Examples/TwoPhaseCommit.lean|TwoPhaseCommit.Participant.Undecided.eAbort_correct_of_system_config_system_config	pass	-	53.178	-
plean	grind	1	Examples/TwoPhaseCommit.lean|TwoPhaseCommit.base_of_votes_yes_implies_pref	pass	-	49.861	-
plean	grind	1	Examples/TwoPhaseCommit.lean|TwoPhaseCommit.base_of_votes_votes_all_prefer	pass	-	52.943	-
plean	grind	1	Examples/TwoPhaseCommit.lean|TwoPhaseCommit.Coordinator.WaitForResponses.eYes_correct_of_votes_votes	fail	tactic	309.378	-
plean	grind	1	Examples/TwoPhaseCommit.lean|TwoPhaseCommit.Coordinator.WaitForResponses.eNo_correct_of_votes_votes	fail	tactic	620.385	-
plean	grind	1	Examples/TwoPhaseCommit.lean|TwoPhaseCommit.Coordinator.Init.entry_correct_of_votes_votes	pass	-	880.697	-
plean	grind	1	Examples/TwoPhaseCommit.lean|TwoPhaseCommit.Participant.Undecided.eVoteReq_correct_of_votes_votes	pass	-	119.887	-
plean	grind	1	Examples/TwoPhaseCommit.lean|TwoPhaseCommit.Participant.Undecided.eCommit_correct_of_votes_votes	pass	-	107.962	-
plean	grind	1	Examples/TwoPhaseCommit.lean|TwoPhaseCommit.Participant.Undecided.eAbort_correct_of_votes_votes	pass	-	119.697	-
plean	grind	1	Examples/TwoPhaseCommit.lean|TwoPhaseCommit.base_of_default_UniqueActions	pass	-	47.806	-
plean	grind	1	Examples/TwoPhaseCommit.lean|TwoPhaseCommit.base_of_default_IncreasingCount	pass	-	45.331	-
plean	grind	1	Examples/TwoPhaseCommit.lean|TwoPhaseCommit.base_of_default_ReceivedSubsetSent	pass	-	42.440	-
plean	grind	1	Examples/TwoPhaseCommit.lean|TwoPhaseCommit.Coordinator.WaitForResponses.eYes_correct_of_default_default	fail	tactic	458.460	-
plean	grind	1	Examples/TwoPhaseCommit.lean|TwoPhaseCommit.Coordinator.WaitForResponses.eNo_correct_of_default_default	pass	-	329.998	-
plean	grind	1	Examples/TwoPhaseCommit.lean|TwoPhaseCommit.Coordinator.Init.entry_correct_of_default_default	pass	-	234.007	-
plean	grind	1	Examples/TwoPhaseCommit.lean|TwoPhaseCommit.Participant.Undecided.eVoteReq_correct_of_default_default	pass	-	193.745	-
plean	grind	1	Examples/TwoPhaseCommit.lean|TwoPhaseCommit.Participant.Undecided.eCommit_correct_of_default_default	pass	-	136.577	-
plean	grind	1	Examples/TwoPhaseCommit.lean|TwoPhaseCommit.Participant.Undecided.eAbort_correct_of_default_default	pass	-	130.762	-
plean	grind	1	Examples/TwoPhaseCommit.lean|TwoPhaseCommit.base_of_commit_sent_commit_sent_implies_all_yes	pass	-	48.109	-
plean	grind	1	Examples/TwoPhaseCommit.lean|TwoPhaseCommit.Coordinator.WaitForResponses.eYes_correct_of_commit_sent_commit_sent_using_votes_system_config	fail	tactic	398.741	-
plean	grind	1	Examples/TwoPhaseCommit.lean|TwoPhaseCommit.Coordinator.WaitForResponses.eNo_correct_of_commit_sent_commit_sent_using_votes_system_config	fail	tactic	689.632	-
plean	grind	1	Examples/TwoPhaseCommit.lean|TwoPhaseCommit.Coordinator.Init.entry_correct_of_commit_sent_commit_sent_using_votes_system_config	pass	-	1391.479	-
plean	grind	1	Examples/TwoPhaseCommit.lean|TwoPhaseCommit.Participant.Undecided.eVoteReq_correct_of_commit_sent_commit_sent_using_votes_system_config	pass	-	133.441	-
plean	grind	1	Examples/TwoPhaseCommit.lean|TwoPhaseCommit.Participant.Undecided.eCommit_correct_of_commit_sent_commit_sent_using_votes_system_config	pass	-	95.316	-
plean	grind	1	Examples/TwoPhaseCommit.lean|TwoPhaseCommit.Participant.Undecided.eAbort_correct_of_commit_sent_commit_sent_using_votes_system_config	pass	-	95.030	-
plean	grind	1	Examples/TwoPhaseCommit.lean|TwoPhaseCommit.base_of_safety_accepted_implies_all_prefer	pass	-	54.940	-
plean	grind	1	Examples/TwoPhaseCommit.lean|TwoPhaseCommit.Coordinator.WaitForResponses.eYes_correct_of_safety_safety_using_commit_sent	fail	tactic	335.390	-
plean	grind	1	Examples/TwoPhaseCommit.lean|TwoPhaseCommit.Coordinator.WaitForResponses.eNo_correct_of_safety_safety_using_commit_sent	fail	tactic	625.707	-
plean	grind	1	Examples/TwoPhaseCommit.lean|TwoPhaseCommit.Coordinator.Init.entry_correct_of_safety_safety_using_commit_sent	pass	-	945.212	-
plean	grind	1	Examples/TwoPhaseCommit.lean|TwoPhaseCommit.Participant.Undecided.eVoteReq_correct_of_safety_safety_using_commit_sent	pass	-	108.991	-
plean	grind	1	Examples/TwoPhaseCommit.lean|TwoPhaseCommit.Participant.Undecided.eCommit_correct_of_safety_safety_using_commit_sent	pass	-	96.299	-
plean	grind	1	Examples/TwoPhaseCommit.lean|TwoPhaseCommit.Participant.Undecided.eAbort_correct_of_safety_safety_using_commit_sent	pass	-	106.175	-
plean	duper	1	Examples/TwoPhaseCommit.lean|TwoPhaseCommit.base_of_system_config_participant_set	fail	tactic	29.963	-
plean	duper	1	Examples/TwoPhaseCommit.lean|TwoPhaseCommit.Coordinator.WaitForResponses.eYes_correct_of_system_config_system_config	fail	tactic	0.000	-
plean	duper	1	Examples/TwoPhaseCommit.lean|TwoPhaseCommit.Coordinator.WaitForResponses.eNo_correct_of_system_config_system_config	fail	timeout	741.594	-
plean	duper	1	Examples/TwoPhaseCommit.lean|TwoPhaseCommit.Coordinator.Init.entry_correct_of_system_config_system_config	fail	timeout	858.128	-
plean	duper	1	Examples/TwoPhaseCommit.lean|TwoPhaseCommit.Participant.Undecided.eVoteReq_correct_of_system_config_system_config	fail	tactic	41.470	-
plean	duper	1	Examples/TwoPhaseCommit.lean|TwoPhaseCommit.Participant.Undecided.eCommit_correct_of_system_config_system_config	fail	tactic	28.584	-
plean	duper	1	Examples/TwoPhaseCommit.lean|TwoPhaseCommit.Participant.Undecided.eAbort_correct_of_system_config_system_config	fail	tactic	29.392	-
plean	duper	1	Examples/TwoPhaseCommit.lean|TwoPhaseCommit.base_of_votes_yes_implies_pref	pass	-	371.790	-
plean	duper	1	Examples/TwoPhaseCommit.lean|TwoPhaseCommit.base_of_votes_votes_all_prefer	fail	tactic	1927.037	-
plean	duper	1	Examples/TwoPhaseCommit.lean|TwoPhaseCommit.Coordinator.WaitForResponses.eYes_correct_of_votes_votes	fail	tactic	0.000	-
plean	duper	1	Examples/TwoPhaseCommit.lean|TwoPhaseCommit.Coordinator.WaitForResponses.eNo_correct_of_votes_votes	fail	tactic	121.952	-
plean	duper	1	Examples/TwoPhaseCommit.lean|TwoPhaseCommit.Coordinator.Init.entry_correct_of_votes_votes	fail	tactic	111.826	-
plean	duper	1	Examples/TwoPhaseCommit.lean|TwoPhaseCommit.Participant.Undecided.eVoteReq_correct_of_votes_votes	fail	timeout	902.671	-
plean	duper	1	Examples/TwoPhaseCommit.lean|TwoPhaseCommit.Participant.Undecided.eCommit_correct_of_votes_votes	fail	tactic	53.087	-
plean	duper	1	Examples/TwoPhaseCommit.lean|TwoPhaseCommit.Participant.Undecided.eAbort_correct_of_votes_votes	fail	tactic	232.625	-
plean	duper	1	Examples/TwoPhaseCommit.lean|TwoPhaseCommit.base_of_default_UniqueActions	pass	-	1092.007	-
plean	duper	1	Examples/TwoPhaseCommit.lean|TwoPhaseCommit.base_of_default_IncreasingCount	pass	-	504.374	-
plean	duper	1	Examples/TwoPhaseCommit.lean|TwoPhaseCommit.base_of_default_ReceivedSubsetSent	pass	-	530.405	-
plean	duper	1	Examples/TwoPhaseCommit.lean|TwoPhaseCommit.Coordinator.WaitForResponses.eYes_correct_of_default_default	fail	timeout	1929.126	-
plean	duper	1	Examples/TwoPhaseCommit.lean|TwoPhaseCommit.Coordinator.WaitForResponses.eNo_correct_of_default_default	fail	timeout	939.609	-
plean	duper	1	Examples/TwoPhaseCommit.lean|TwoPhaseCommit.Coordinator.Init.entry_correct_of_default_default	fail	timeout	961.307	-
plean	duper	1	Examples/TwoPhaseCommit.lean|TwoPhaseCommit.Participant.Undecided.eVoteReq_correct_of_default_default	fail	timeout	804.066	-
plean	duper	1	Examples/TwoPhaseCommit.lean|TwoPhaseCommit.Participant.Undecided.eCommit_correct_of_default_default	fail	timeout	1003.862	-
plean	duper	1	Examples/TwoPhaseCommit.lean|TwoPhaseCommit.Participant.Undecided.eAbort_correct_of_default_default	fail	timeout	990.932	-
plean	duper	1	Examples/TwoPhaseCommit.lean|TwoPhaseCommit.base_of_commit_sent_commit_sent_implies_all_yes	pass	-	391.998	-
plean	duper	1	Examples/TwoPhaseCommit.lean|TwoPhaseCommit.Coordinator.WaitForResponses.eYes_correct_of_commit_sent_commit_sent_using_votes_system_config	fail	tactic	0.000	-
plean	duper	1	Examples/TwoPhaseCommit.lean|TwoPhaseCommit.Coordinator.WaitForResponses.eNo_correct_of_commit_sent_commit_sent_using_votes_system_config	fail	tactic	0.000	-
plean	duper	1	Examples/TwoPhaseCommit.lean|TwoPhaseCommit.Coordinator.Init.entry_correct_of_commit_sent_commit_sent_using_votes_system_config	fail	tactic	0.000	-
plean	duper	1	Examples/TwoPhaseCommit.lean|TwoPhaseCommit.Participant.Undecided.eVoteReq_correct_of_commit_sent_commit_sent_using_votes_system_config	fail	tactic	0.000	-
plean	duper	1	Examples/TwoPhaseCommit.lean|TwoPhaseCommit.Participant.Undecided.eCommit_correct_of_commit_sent_commit_sent_using_votes_system_config	fail	tactic	54.124	-
plean	duper	1	Examples/TwoPhaseCommit.lean|TwoPhaseCommit.Participant.Undecided.eAbort_correct_of_commit_sent_commit_sent_using_votes_system_config	fail	tactic	61.132	-
plean	duper	1	Examples/TwoPhaseCommit.lean|TwoPhaseCommit.base_of_safety_accepted_implies_all_prefer	fail	tactic	2016.074	-
plean	duper	1	Examples/TwoPhaseCommit.lean|TwoPhaseCommit.Coordinator.WaitForResponses.eYes_correct_of_safety_safety_using_commit_sent	fail	tactic	0.000	-
plean	duper	1	Examples/TwoPhaseCommit.lean|TwoPhaseCommit.Coordinator.WaitForResponses.eNo_correct_of_safety_safety_using_commit_sent	fail	tactic	0.000	-
plean	duper	1	Examples/TwoPhaseCommit.lean|TwoPhaseCommit.Coordinator.Init.entry_correct_of_safety_safety_using_commit_sent	fail	tactic	0.000	-
plean	duper	1	Examples/TwoPhaseCommit.lean|TwoPhaseCommit.Participant.Undecided.eVoteReq_correct_of_safety_safety_using_commit_sent	fail	tactic	0.000	-
plean	duper	1	Examples/TwoPhaseCommit.lean|TwoPhaseCommit.Participant.Undecided.eCommit_correct_of_safety_safety_using_commit_sent	fail	tactic	60.444	-
plean	duper	1	Examples/TwoPhaseCommit.lean|TwoPhaseCommit.Participant.Undecided.eAbort_correct_of_safety_safety_using_commit_sent	fail	tactic	59.349	-
plean	smt-only	1	Examples/ClockBound.lean|ClockBound.base_Safety_gc_is_unique	pass	-	818.649	-
plean	smt-only	1	Examples/ClockBound.lean|ClockBound.base_Safety_gc_kind	pass	-	1828.073	-
plean	smt-only	1	Examples/ClockBound.lean|ClockBound.base_Safety_lc_global	pass	-	685.491	-
plean	smt-only	1	Examples/ClockBound.lean|ClockBound.base_Safety_lc_client_injective	pass	-	778.376	-
plean	smt-only	1	Examples/ClockBound.lean|ClockBound.base_Safety_gResp_label_payload_target_match	pass	-	817.254	-
plean	smt-only	1	Examples/ClockBound.lean|ClockBound.base_Safety_gQuery_label_target_is_gc	pass	-	785.636	-
plean	smt-only	1	Examples/ClockBound.lean|ClockBound.base_Safety_lResp_label_payload_target_match	pass	-	819.050	-
plean	smt-only	1	Examples/ClockBound.lean|ClockBound.GlobalClock.Serving.eGlobalQuery_correct_Safety_topology	fail	tactic	1144.132	-
plean	smt-only	1	Examples/ClockBound.lean|ClockBound.LocalClock.Idle.eLocalQuery_correct_Safety_topology	fail	tactic	1126.555	-
plean	smt-only	1	Examples/ClockBound.lean|ClockBound.LocalClock.Waiting.eGlobalResponse_correct_Safety_topology	fail	tactic	1267.451	-
plean	smt-only	1	Examples/ClockBound.lean|ClockBound.base_Safety_idle_no_gQuery	pass	-	997.774	-
plean	smt-only	1	Examples/ClockBound.lean|ClockBound.base_Safety_idle_no_gResp	pass	-	900.664	-
plean	smt-only	1	Examples/ClockBound.lean|ClockBound.base_Safety_gResp_unique_per_lc	pass	-	772.236	-
plean	smt-only	1	Examples/ClockBound.lean|ClockBound.base_Safety_gQuery_unique_per_lc	pass	-	824.932	-
plean	smt-only	1	Examples/ClockBound.lean|ClockBound.base_Safety_gQuery_excludes_gResp	pass	-	874.741	-
plean	smt-only	1	Examples/ClockBound.lean|ClockBound.GlobalClock.Serving.eGlobalQuery_correct_Safety_causal_using_topology	fail	tactic	1593.590	-
plean	smt-only	1	Examples/ClockBound.lean|ClockBound.LocalClock.Idle.eLocalQuery_correct_Safety_causal_using_topology	fail	tactic	1606.334	-
plean	smt-only	1	Examples/ClockBound.lean|ClockBound.LocalClock.Waiting.eGlobalResponse_correct_Safety_causal_using_topology	fail	tactic	1664.586	-
plean	smt-only	1	Examples/ClockBound.lean|ClockBound.base_Safety_globalTime_nonneg	pass	-	729.499	-
plean	smt-only	1	Examples/ClockBound.lean|ClockBound.base_Safety_gResp_trueTime_le_globalTime	pass	-	897.236	-
plean	smt-only	1	Examples/ClockBound.lean|ClockBound.base_Safety_gResp_trueTime_pos	pass	-	773.510	-
plean	smt-only	1	Examples/ClockBound.lean|ClockBound.base_Safety_lc_currEarly_le_globalTime	pass	-	779.889	-
plean	smt-only	1	Examples/ClockBound.lean|ClockBound.base_Safety_lc_currEarly_nonneg	pass	-	714.928	-
plean	smt-only	1	Examples/ClockBound.lean|ClockBound.base_Safety_lResp_trueTime_le_globalTime	pass	-	888.443	-
plean	smt-only	1	Examples/ClockBound.lean|ClockBound.GlobalClock.Serving.eGlobalQuery_correct_Safety_global_time_using_topology_causal	fail	tactic	2324.814	-
plean	smt-only	1	Examples/ClockBound.lean|ClockBound.LocalClock.Idle.eLocalQuery_correct_Safety_global_time_using_topology_causal	fail	tactic	2351.476	-
plean	smt-only	1	Examples/ClockBound.lean|ClockBound.LocalClock.Waiting.eGlobalResponse_correct_Safety_global_time_using_topology_causal	fail	tactic	2516.746	-
plean	smt-only	1	Examples/ClockBound.lean|ClockBound.base_Safety_gResp_target_currEarly	pass	-	912.250	-
plean	smt-only	1	Examples/ClockBound.lean|ClockBound.base_Safety_lResp_trueTime_le_inflight_gResp	pass	-	744.920	-
plean	smt-only	1	Examples/ClockBound.lean|ClockBound.GlobalClock.Serving.eGlobalQuery_correct_Safety_linking_using_topology_causal_global_time	fail	tactic	2609.582	-
plean	smt-only	1	Examples/ClockBound.lean|ClockBound.LocalClock.Idle.eLocalQuery_correct_Safety_linking_using_topology_causal_global_time	fail	tactic	2648.613	-
plean	smt-only	1	Examples/ClockBound.lean|ClockBound.LocalClock.Waiting.eGlobalResponse_correct_Safety_linking_using_topology_causal_global_time	fail	tactic	2666.794	-
plean	smt-only	1	Examples/ClockBound.lean|ClockBound.base_Safety_lResp_earliest_le_trueTime	pass	-	846.524	-
plean	smt-only	1	Examples/ClockBound.lean|ClockBound.GlobalClock.Serving.eGlobalQuery_correct_Safety_lresp_earliest_le_trueTime_lemma_using_topology_causal_global_time_linking	fail	tactic	2846.654	-
plean	smt-only	1	Examples/ClockBound.lean|ClockBound.LocalClock.Idle.eLocalQuery_correct_Safety_lresp_earliest_le_trueTime_lemma_using_topology_causal_global_time_linking	fail	tactic	2606.336	-
plean	smt-only	1	Examples/ClockBound.lean|ClockBound.LocalClock.Waiting.eGlobalResponse_correct_Safety_lresp_earliest_le_trueTime_lemma_using_topology_causal_global_time_linking	fail	tactic	2633.853	-
plean	smt-only	1	Examples/ClockBound.lean|ClockBound.base_Safety_lResp_trueTime_le_latest	pass	-	862.054	-
plean	smt-only	1	Examples/ClockBound.lean|ClockBound.GlobalClock.Serving.eGlobalQuery_correct_Safety_lresp_trueTime_le_latest_lemma_using_topology_causal_global_time_linking	fail	tactic	2754.069	-
plean	smt-only	1	Examples/ClockBound.lean|ClockBound.LocalClock.Idle.eLocalQuery_correct_Safety_lresp_trueTime_le_latest_lemma_using_topology_causal_global_time_linking	fail	tactic	2804.177	-
plean	smt-only	1	Examples/ClockBound.lean|ClockBound.LocalClock.Waiting.eGlobalResponse_correct_Safety_lresp_trueTime_le_latest_lemma_using_topology_causal_global_time_linking	fail	tactic	2882.265	-
plean	smt-only	1	Examples/ClockBound.lean|ClockBound.base_Safety_lc_currEarly_bounds_earliest	pass	-	961.549	-
plean	smt-only	1	Examples/ClockBound.lean|ClockBound.GlobalClock.Serving.eGlobalQuery_correct_Safety_lc_currEarly_bounds_earliest_lemma_using_topology_causal_global_time_linking	fail	tactic	3063.141	-
plean	smt-only	1	Examples/ClockBound.lean|ClockBound.LocalClock.Idle.eLocalQuery_correct_Safety_lc_currEarly_bounds_earliest_lemma_using_topology_causal_global_time_linking	fail	tactic	3015.881	-
plean	smt-only	1	Examples/ClockBound.lean|ClockBound.LocalClock.Waiting.eGlobalResponse_correct_Safety_lc_currEarly_bounds_earliest_lemma_using_topology_causal_global_time_linking	fail	tactic	2854.603	-
plean	smt-only	1	Examples/ClockBound.lean|ClockBound.base_Safety_g1	pass	-	781.473	-
plean	smt-only	1	Examples/ClockBound.lean|ClockBound.GlobalClock.Serving.eGlobalQuery_correct_Safety_G1_using_topology_causal_global_time_linking_lresp_earliest_le_trueTime_lemma_lresp_trueTime_le_latest_lemma_lc_currEarly_bounds_earliest_lemma	fail	tactic	3406.319	-
plean	smt-only	1	Examples/ClockBound.lean|ClockBound.LocalClock.Idle.eLocalQuery_correct_Safety_G1_using_topology_causal_global_time_linking_lresp_earliest_le_trueTime_lemma_lresp_trueTime_le_latest_lemma_lc_currEarly_bounds_earliest_lemma	fail	tactic	3743.819	-
plean	smt-only	1	Examples/ClockBound.lean|ClockBound.LocalClock.Waiting.eGlobalResponse_correct_Safety_G1_using_topology_causal_global_time_linking_lresp_earliest_le_trueTime_lemma_lresp_trueTime_le_latest_lemma_lc_currEarly_bounds_earliest_lemma	fail	tactic	3867.468	-
plean	smt-only	1	Examples/ClockBound.lean|ClockBound.base_Safety_g2	pass	-	788.140	-
plean	smt-only	1	Examples/ClockBound.lean|ClockBound.GlobalClock.Serving.eGlobalQuery_correct_Safety_G2_using_topology_causal_global_time_linking_lresp_earliest_le_trueTime_lemma_lresp_trueTime_le_latest_lemma_lc_currEarly_bounds_earliest_lemma	fail	tactic	3711.294	-
plean	smt-only	1	Examples/ClockBound.lean|ClockBound.LocalClock.Idle.eLocalQuery_correct_Safety_G2_using_topology_causal_global_time_linking_lresp_earliest_le_trueTime_lemma_lresp_trueTime_le_latest_lemma_lc_currEarly_bounds_earliest_lemma	fail	tactic	3825.860	-
plean	smt-only	1	Examples/ClockBound.lean|ClockBound.LocalClock.Waiting.eGlobalResponse_correct_Safety_G2_using_topology_causal_global_time_linking_lresp_earliest_le_trueTime_lemma_lresp_trueTime_le_latest_lemma_lc_currEarly_bounds_earliest_lemma	fail	tactic	3705.819	-
plean	smt-only	1	Examples/ClockBound.lean|ClockBound.base_Safety_g3	pass	-	783.850	-
plean	smt-only	1	Examples/ClockBound.lean|ClockBound.GlobalClock.Serving.eGlobalQuery_correct_Safety_G3_using_topology_causal_global_time_linking_lresp_earliest_le_trueTime_lemma_lresp_trueTime_le_latest_lemma_lc_currEarly_bounds_earliest_lemma	fail	tactic	4073.304	-
plean	smt-only	1	Examples/ClockBound.lean|ClockBound.LocalClock.Idle.eLocalQuery_correct_Safety_G3_using_topology_causal_global_time_linking_lresp_earliest_le_trueTime_lemma_lresp_trueTime_le_latest_lemma_lc_currEarly_bounds_earliest_lemma	fail	tactic	3943.748	-
plean	smt-only	1	Examples/ClockBound.lean|ClockBound.LocalClock.Waiting.eGlobalResponse_correct_Safety_G3_using_topology_causal_global_time_linking_lresp_earliest_le_trueTime_lemma_lresp_trueTime_le_latest_lemma_lc_currEarly_bounds_earliest_lemma	fail	tactic	3850.823	-
plean	smt-only	1	Examples/Consensus.lean|Consensus.base_block0_one_vote_per_voter	pass	-	719.489	-
plean	smt-only	1	Examples/Consensus.lean|Consensus.base_block0_voted_after_eVote_sent	pass	-	734.153	-
plean	smt-only	1	Examples/Consensus.lean|Consensus.base_block0_votes_linked	pass	-	739.842	-
plean	smt-only	1	Examples/Consensus.lean|Consensus.base_block0_won_implies_quorum_votes	fail	tactic	24.066	-
plean	smt-only	1	Examples/Consensus.lean|Consensus.Node.RequestVoting.eRequestVote_correct_block0_quorum_votes	fail	tactic	733.836	-
plean	smt-only	1	Examples/Consensus.lean|Consensus.Node.RequestVoting.eVote_correct_block0_quorum_votes	fail	tactic	756.246	-
plean	smt-only	1	Examples/Consensus.lean|Consensus.Node.RequestVoting.entry_correct_block0_quorum_votes	fail	tactic	12153.253	-
plean	smt-only	1	Examples/Consensus.lean|Consensus.base_block1_unique_leader	fail	tactic	29.979	-
plean	smt-only	1	Examples/Consensus.lean|Consensus.Node.RequestVoting.eRequestVote_correct_block1_election_safety_using_quorum_votes	fail	tactic	774.077	-
plean	smt-only	1	Examples/Consensus.lean|Consensus.Node.RequestVoting.eVote_correct_block1_election_safety_using_quorum_votes	fail	tactic	770.006	-
plean	smt-only	1	Examples/Consensus.lean|Consensus.Node.RequestVoting.entry_correct_block1_election_safety_using_quorum_votes	fail	tactic	16704.409	-
plean	smt-only	1	Examples/Consensus.lean|Consensus.base_block1_UniqueActions	pass	-	491.443	-
plean	smt-only	1	Examples/Consensus.lean|Consensus.base_block1_IncreasingCount	pass	-	506.612	-
plean	smt-only	1	Examples/Consensus.lean|Consensus.base_block1_ReceivedSubsetSent	pass	-	486.811	-
plean	smt-only	1	Examples/Consensus.lean|Consensus.Node.RequestVoting.eRequestVote_correct_block1_default	fail	tactic	617.139	-
plean	smt-only	1	Examples/Consensus.lean|Consensus.Node.RequestVoting.eVote_correct_block1_default	fail	tactic	632.111	-
plean	smt-only	1	Examples/Consensus.lean|Consensus.Node.RequestVoting.entry_correct_block1_default	fail	translation	6208.006	-
plean	smt-only	1	Examples/DistributedLock.lean|DistributedLock.base_Safety_unique_holder	pass	-	414.913	-
plean	smt-only	1	Examples/DistributedLock.lean|DistributedLock.base_Safety_no_lock_while_transfer	pass	-	365.866	-
plean	smt-only	1	Examples/DistributedLock.lean|DistributedLock.base_Safety_unique_accept	pass	-	359.640	-
plean	smt-only	1	Examples/DistributedLock.lean|DistributedLock.base_Safety_not_held_after_release	pass	-	401.701	-
plean	smt-only	1	Examples/DistributedLock.lean|DistributedLock.base_Safety_transfer_to_higher	pass	-	418.619	-
plean	smt-only	1	Examples/DistributedLock.lean|DistributedLock.Node.Act.eGrant_correct_Safety_safety	fail	tactic	554.177	-
plean	smt-only	1	Examples/DistributedLock.lean|DistributedLock.Node.Act.eAccept_correct_Safety_safety	fail	tactic	551.775	-
plean	smt-only	1	Examples/DistributedLock.lean|DistributedLock.base_Safety_UniqueActions	pass	-	300.204	-
plean	smt-only	1	Examples/DistributedLock.lean|DistributedLock.base_Safety_IncreasingCount	pass	-	274.037	-
plean	smt-only	1	Examples/DistributedLock.lean|DistributedLock.base_Safety_ReceivedSubsetSent	pass	-	237.189	-
plean	smt-only	1	Examples/DistributedLock.lean|DistributedLock.Node.Act.eGrant_correct_Safety_default	fail	tactic	392.147	-
plean	smt-only	1	Examples/DistributedLock.lean|DistributedLock.Node.Act.eAccept_correct_Safety_default	pass	-	864.206	-
plean	smt-only	1	Examples/LockServer.lean|LockServer.base_block0_const_server	pass	-	481.766	-
plean	smt-only	1	Examples/LockServer.lean|LockServer.base_block0_serv_is_serv	pass	-	1140.142	-
plean	smt-only	1	Examples/LockServer.lean|LockServer.base_block0_single_server	pass	-	401.702	-
plean	smt-only	1	Examples/LockServer.lean|LockServer.base_block0_unique_server	pass	-	496.845	-
plean	smt-only	1	Examples/LockServer.lean|LockServer.base_block0_aquire_to_node	pass	-	690.502	-
plean	smt-only	1	Examples/LockServer.lean|LockServer.base_block0_release_to_node	pass	-	693.824	-
plean	smt-only	1	Examples/LockServer.lean|LockServer.base_block0_grant_to_node	pass	-	688.855	-
plean	smt-only	1	Examples/LockServer.lean|LockServer.base_block0_lock_to_server	pass	-	736.917	-
plean	smt-only	1	Examples/LockServer.lean|LockServer.base_block0_unlock_to_server	pass	-	730.444	-
plean	smt-only	1	Examples/LockServer.lean|LockServer.base_block0_node_send_lock	pass	-	1508.012	-
plean	smt-only	1	Examples/LockServer.lean|LockServer.base_block0_node_send_unlock	pass	-	1501.120	-
plean	smt-only	1	Examples/LockServer.lean|LockServer.Server.Serving.eLock_correct_block0_system_config	fail	tactic	1216.259	-
plean	smt-only	1	Examples/LockServer.lean|LockServer.Server.Serving.eUnlock_correct_block0_system_config	fail	tactic	2001.552	-
plean	smt-only	1	Examples/LockServer.lean|LockServer.Node.Working.eAquire_correct_block0_system_config	fail	tactic	1943.839	-
plean	smt-only	1	Examples/LockServer.lean|LockServer.Node.Working.eRelease_correct_block0_system_config	fail	tactic	1216.296	-
plean	smt-only	1	Examples/LockServer.lean|LockServer.Node.Working.eGrant_correct_block0_system_config	fail	tactic	2026.552	-
plean	smt-only	1	Examples/LockServer.lean|LockServer.base_block1_unique_lock_holder	pass	-	479.837	-
plean	smt-only	1	Examples/LockServer.lean|LockServer.base_block1_unique_grant	pass	-	497.071	-
plean	smt-only	1	Examples/LockServer.lean|LockServer.base_block1_unique_unlock	pass	-	544.167	-
plean	smt-only	1	Examples/LockServer.lean|LockServer.base_block1_grant_server_unlocked	pass	-	536.939	-
plean	smt-only	1	Examples/LockServer.lean|LockServer.base_block1_no_lock_while_grant	pass	-	543.270	-
plean	smt-only	1	Examples/LockServer.lean|LockServer.base_block1_no_lock_while_unlock	pass	-	1237.462	-
plean	smt-only	1	Examples/LockServer.lean|LockServer.base_block1_grant_not_unlock	pass	-	516.135	-
plean	smt-only	1	Examples/LockServer.lean|LockServer.base_block1_node_server_mutex	pass	-	528.128	-
plean	smt-only	1	Examples/LockServer.lean|LockServer.Server.Serving.eLock_correct_block1_safety_using_system_config	fail	tactic	2161.266	-
plean	smt-only	1	Examples/LockServer.lean|LockServer.Server.Serving.eUnlock_correct_block1_safety_using_system_config	fail	tactic	2427.238	-
plean	smt-only	1	Examples/LockServer.lean|LockServer.Node.Working.eAquire_correct_block1_safety_using_system_config	fail	tactic	2493.842	-
plean	smt-only	1	Examples/LockServer.lean|LockServer.Node.Working.eRelease_correct_block1_safety_using_system_config	fail	tactic	2121.798	-
plean	smt-only	1	Examples/LockServer.lean|LockServer.Node.Working.eGrant_correct_block1_safety_using_system_config	fail	tactic	2488.197	-
plean	smt-only	1	Examples/LockServer.lean|LockServer.base_block1_UniqueActions	pass	-	443.885	-
plean	smt-only	1	Examples/LockServer.lean|LockServer.base_block1_IncreasingCount	pass	-	430.531	-
plean	smt-only	1	Examples/LockServer.lean|LockServer.base_block1_ReceivedSubsetSent	pass	-	389.330	-
plean	smt-only	1	Examples/LockServer.lean|LockServer.Server.Serving.eLock_correct_block1_default_using_system_config	fail	tactic	2385.871	-
plean	smt-only	1	Examples/LockServer.lean|LockServer.Server.Serving.eUnlock_correct_block1_default_using_system_config	pass	-	3562.585	-
plean	smt-only	1	Examples/LockServer.lean|LockServer.Node.Working.eAquire_correct_block1_default_using_system_config	fail	tactic	2529.094	-
plean	smt-only	1	Examples/LockServer.lean|LockServer.Node.Working.eRelease_correct_block1_default_using_system_config	fail	tactic	2524.125	-
plean	smt-only	1	Examples/LockServer.lean|LockServer.Node.Working.eGrant_correct_block1_default_using_system_config	pass	-	3642.070	-
plean	smt-only	1	Examples/PingPongAuto.lean|PingPongAuto.base_Safety_pong_after_ping	pass	-	267.913	-
plean	smt-only	1	Examples/PingPongAuto.lean|PingPongAuto.Server.Idle.ePing_correct_Safety_safety_using_default	fail	tactic	247.749	-
plean	smt-only	1	Examples/PingPongAuto.lean|PingPongAuto.base_Safety_UniqueActions	pass	-	169.351	-
plean	smt-only	1	Examples/PingPongAuto.lean|PingPongAuto.base_Safety_IncreasingCount	pass	-	155.100	-
plean	smt-only	1	Examples/PingPongAuto.lean|PingPongAuto.base_Safety_ReceivedSubsetSent	pass	-	128.983	-
plean	smt-only	1	Examples/PingPongAuto.lean|PingPongAuto.Server.Idle.ePing_correct_Safety_default	fail	tactic	422.449	-
plean	smt-only	1	Examples/PingPongTrivial.lean|PingPongTrivial.base_Safety_always_true	pass	-	0.000	-
plean	smt-only	1	Examples/RingLeader.lean|RingLeader.base_block0_LeaderMax	fail	tactic	33.118	-
plean	smt-only	1	Examples/RingLeader.lean|RingLeader.base_block0_Aux	pass	-	421.417	-
plean	smt-only	1	Examples/RingLeader.lean|RingLeader.base_block0_NoBypass	pass	-	486.635	-
plean	smt-only	1	Examples/RingLeader.lean|RingLeader.base_block0_SelfPendingMax	pass	-	472.155	-
plean	smt-only	1	Examples/RingLeader.lean|RingLeader.Server.Proposing.eNominate_correct_block0_lemmas	fail	tactic	518.483	-
plean	smt-only	1	Examples/RingLeader.lean|RingLeader.Server.Proposing.entry_correct_block0_lemmas	fail	tactic	6272.501	-
plean	smt-only	1	Examples/RingLeader.lean|RingLeader.base_block1_UniqueLeader	fail	tactic	29.893	-
plean	smt-only	1	Examples/RingLeader.lean|RingLeader.Server.Proposing.eNominate_correct_block1_Safety_using_lemmas	fail	tactic	526.385	-
plean	smt-only	1	Examples/RingLeader.lean|RingLeader.Server.Proposing.entry_correct_block1_Safety_using_lemmas	pass	-	743.645	-
plean	smt-only	1	Examples/RingLeader.lean|RingLeader.base_block1_UniqueActions	pass	-	415.052	-
plean	smt-only	1	Examples/RingLeader.lean|RingLeader.base_block1_IncreasingCount	pass	-	398.849	-
plean	smt-only	1	Examples/RingLeader.lean|RingLeader.base_block1_ReceivedSubsetSent	pass	-	382.749	-
plean	smt-only	1	Examples/RingLeader.lean|RingLeader.Server.Proposing.eNominate_correct_block1_default	fail	tactic	713.920	-
plean	smt-only	1	Examples/RingLeader.lean|RingLeader.Server.Proposing.entry_correct_block1_default	fail	tactic	4179.883	-
plean	smt-only	1	Examples/ShardedKV.lean|ShardedKV.base_of_Safety_transfer_means_no_owner	pass	-	450.982	-
plean	smt-only	1	Examples/ShardedKV.lean|ShardedKV.base_of_Safety_unique_key_transfer	pass	-	390.657	-
plean	smt-only	1	Examples/ShardedKV.lean|ShardedKV.base_of_Safety_transfer_means_not_own	pass	-	403.439	-
plean	smt-only	1	Examples/ShardedKV.lean|ShardedKV.base_of_Safety_unique_owner	pass	-	403.574	-
plean	smt-only	1	Examples/ShardedKV.lean|ShardedKV.Node.Serving.eReshard_correct_of_Safety_Safety	fail	tactic	700.823	-
plean	smt-only	1	Examples/ShardedKV.lean|ShardedKV.Node.Serving.eTransfer_correct_of_Safety_Safety	fail	tactic	762.750	-
plean	smt-only	1	Examples/ShardedKV.lean|ShardedKV.base_of_Safety_UniqueActions	pass	-	289.988	-
plean	smt-only	1	Examples/ShardedKV.lean|ShardedKV.base_of_Safety_IncreasingCount	pass	-	273.323	-
plean	smt-only	1	Examples/ShardedKV.lean|ShardedKV.base_of_Safety_ReceivedSubsetSent	pass	-	241.408	-
plean	smt-only	1	Examples/ShardedKV.lean|ShardedKV.Node.Serving.eReshard_correct_of_Safety_default	fail	tactic	454.351	-
plean	smt-only	1	Examples/ShardedKV.lean|ShardedKV.Node.Serving.eTransfer_correct_of_Safety_default	pass	-	980.960	-
plean	smt-only	1	Examples/TwoPhaseCommit.lean|TwoPhaseCommit.base_of_system_config_participant_set	pass	-	1340.727	-
plean	smt-only	1	Examples/TwoPhaseCommit.lean|TwoPhaseCommit.Coordinator.WaitForResponses.eYes_correct_of_system_config_system_config	fail	tactic	272.926	-
plean	smt-only	1	Examples/TwoPhaseCommit.lean|TwoPhaseCommit.Coordinator.WaitForResponses.eNo_correct_of_system_config_system_config	fail	tactic	555.256	-
plean	smt-only	1	Examples/TwoPhaseCommit.lean|TwoPhaseCommit.Coordinator.Init.entry_correct_of_system_config_system_config	fail	tactic	6274.288	-
plean	smt-only	1	Examples/TwoPhaseCommit.lean|TwoPhaseCommit.Participant.Undecided.eVoteReq_correct_of_system_config_system_config	pass	-	813.669	-
plean	smt-only	1	Examples/TwoPhaseCommit.lean|TwoPhaseCommit.Participant.Undecided.eCommit_correct_of_system_config_system_config	fail	tactic	222.579	-
plean	smt-only	1	Examples/TwoPhaseCommit.lean|TwoPhaseCommit.Participant.Undecided.eAbort_correct_of_system_config_system_config	fail	tactic	210.576	-
plean	smt-only	1	Examples/TwoPhaseCommit.lean|TwoPhaseCommit.base_of_votes_yes_implies_pref	pass	-	938.133	-
plean	smt-only	1	Examples/TwoPhaseCommit.lean|TwoPhaseCommit.base_of_votes_votes_all_prefer	pass	-	904.480	-
plean	smt-only	1	Examples/TwoPhaseCommit.lean|TwoPhaseCommit.Coordinator.WaitForResponses.eYes_correct_of_votes_votes	fail	tactic	386.870	-
plean	smt-only	1	Examples/TwoPhaseCommit.lean|TwoPhaseCommit.Coordinator.WaitForResponses.eNo_correct_of_votes_votes	fail	tactic	698.471	-
plean	smt-only	1	Examples/TwoPhaseCommit.lean|TwoPhaseCommit.Coordinator.Init.entry_correct_of_votes_votes	fail	tactic	4204.329	-
plean	smt-only	1	Examples/TwoPhaseCommit.lean|TwoPhaseCommit.Participant.Undecided.eVoteReq_correct_of_votes_votes	fail	tactic	357.904	-
plean	smt-only	1	Examples/TwoPhaseCommit.lean|TwoPhaseCommit.Participant.Undecided.eCommit_correct_of_votes_votes	fail	tactic	324.517	-
plean	smt-only	1	Examples/TwoPhaseCommit.lean|TwoPhaseCommit.Participant.Undecided.eAbort_correct_of_votes_votes	fail	tactic	330.054	-
plean	smt-only	1	Examples/TwoPhaseCommit.lean|TwoPhaseCommit.base_of_default_UniqueActions	pass	-	854.928	-
plean	smt-only	1	Examples/TwoPhaseCommit.lean|TwoPhaseCommit.base_of_default_IncreasingCount	pass	-	829.327	-
plean	smt-only	1	Examples/TwoPhaseCommit.lean|TwoPhaseCommit.base_of_default_ReceivedSubsetSent	pass	-	792.100	-
plean	smt-only	1	Examples/TwoPhaseCommit.lean|TwoPhaseCommit.Coordinator.WaitForResponses.eYes_correct_of_default_default	fail	tactic	617.207	-
plean	smt-only	1	Examples/TwoPhaseCommit.lean|TwoPhaseCommit.Coordinator.WaitForResponses.eNo_correct_of_default_default	fail	tactic	785.520	-
plean	smt-only	1	Examples/TwoPhaseCommit.lean|TwoPhaseCommit.Coordinator.Init.entry_correct_of_default_default	fail	tactic	3705.917	-
plean	smt-only	1	Examples/TwoPhaseCommit.lean|TwoPhaseCommit.Participant.Undecided.eVoteReq_correct_of_default_default	fail	tactic	579.160	-
plean	smt-only	1	Examples/TwoPhaseCommit.lean|TwoPhaseCommit.Participant.Undecided.eCommit_correct_of_default_default	fail	tactic	607.592	-
plean	smt-only	1	Examples/TwoPhaseCommit.lean|TwoPhaseCommit.Participant.Undecided.eAbort_correct_of_default_default	fail	tactic	633.763	-
plean	smt-only	1	Examples/TwoPhaseCommit.lean|TwoPhaseCommit.base_of_commit_sent_commit_sent_implies_all_yes	pass	-	1424.895	-
plean	smt-only	1	Examples/TwoPhaseCommit.lean|TwoPhaseCommit.Coordinator.WaitForResponses.eYes_correct_of_commit_sent_commit_sent_using_votes_system_config	fail	tactic	521.346	-
plean	smt-only	1	Examples/TwoPhaseCommit.lean|TwoPhaseCommit.Coordinator.WaitForResponses.eNo_correct_of_commit_sent_commit_sent_using_votes_system_config	fail	tactic	945.224	-
plean	smt-only	1	Examples/TwoPhaseCommit.lean|TwoPhaseCommit.Coordinator.Init.entry_correct_of_commit_sent_commit_sent_using_votes_system_config	fail	tactic	6066.162	-
plean	smt-only	1	Examples/TwoPhaseCommit.lean|TwoPhaseCommit.Participant.Undecided.eVoteReq_correct_of_commit_sent_commit_sent_using_votes_system_config	fail	tactic	516.497	-
plean	smt-only	1	Examples/TwoPhaseCommit.lean|TwoPhaseCommit.Participant.Undecided.eCommit_correct_of_commit_sent_commit_sent_using_votes_system_config	pass	-	763.916	-
plean	smt-only	1	Examples/TwoPhaseCommit.lean|TwoPhaseCommit.Participant.Undecided.eAbort_correct_of_commit_sent_commit_sent_using_votes_system_config	fail	tactic	463.892	-
plean	smt-only	1	Examples/TwoPhaseCommit.lean|TwoPhaseCommit.base_of_safety_accepted_implies_all_prefer	fail	tactic	38.458	-
plean	smt-only	1	Examples/TwoPhaseCommit.lean|TwoPhaseCommit.Coordinator.WaitForResponses.eYes_correct_of_safety_safety_using_commit_sent	fail	tactic	440.869	-
plean	smt-only	1	Examples/TwoPhaseCommit.lean|TwoPhaseCommit.Coordinator.WaitForResponses.eNo_correct_of_safety_safety_using_commit_sent	fail	tactic	794.805	-
plean	smt-only	1	Examples/TwoPhaseCommit.lean|TwoPhaseCommit.Coordinator.Init.entry_correct_of_safety_safety_using_commit_sent	fail	tactic	4779.485	-
plean	smt-only	1	Examples/TwoPhaseCommit.lean|TwoPhaseCommit.Participant.Undecided.eVoteReq_correct_of_safety_safety_using_commit_sent	pass	-	1402.778	-
plean	smt-only	1	Examples/TwoPhaseCommit.lean|TwoPhaseCommit.Participant.Undecided.eCommit_correct_of_safety_safety_using_commit_sent	pass	-	774.078	-
plean	smt-only	1	Examples/TwoPhaseCommit.lean|TwoPhaseCommit.Participant.Undecided.eAbort_correct_of_safety_safety_using_commit_sent	fail	tactic	398.781	-
plean	crush-verify	1	Examples/ClockBound.lean|ClockBound.base_Safety_gc_is_unique	pass	-	917.328	-
plean	crush-verify	1	Examples/ClockBound.lean|ClockBound.base_Safety_gc_kind	pass	-	1531.638	-
plean	crush-verify	1	Examples/ClockBound.lean|ClockBound.base_Safety_lc_global	pass	-	544.538	-
plean	crush-verify	1	Examples/ClockBound.lean|ClockBound.base_Safety_lc_client_injective	pass	-	538.756	-
plean	crush-verify	1	Examples/ClockBound.lean|ClockBound.base_Safety_gResp_label_payload_target_match	pass	-	534.440	-
plean	crush-verify	1	Examples/ClockBound.lean|ClockBound.base_Safety_gQuery_label_target_is_gc	pass	-	531.818	-
plean	crush-verify	1	Examples/ClockBound.lean|ClockBound.base_Safety_lResp_label_payload_target_match	pass	-	534.128	-
plean	crush-verify	1	Examples/ClockBound.lean|ClockBound.GlobalClock.Serving.eGlobalQuery_correct_Safety_topology	pass	-	5102.254	-
plean	crush-verify	1	Examples/ClockBound.lean|ClockBound.LocalClock.Idle.eLocalQuery_correct_Safety_topology	pass	-	4980.989	-
plean	crush-verify	1	Examples/ClockBound.lean|ClockBound.LocalClock.Waiting.eGlobalResponse_correct_Safety_topology	pass	-	5438.929	-
plean	crush-verify	1	Examples/ClockBound.lean|ClockBound.base_Safety_idle_no_gQuery	pass	-	540.870	-
plean	crush-verify	1	Examples/ClockBound.lean|ClockBound.base_Safety_idle_no_gResp	pass	-	542.182	-
plean	crush-verify	1	Examples/ClockBound.lean|ClockBound.base_Safety_gResp_unique_per_lc	pass	-	541.427	-
plean	crush-verify	1	Examples/ClockBound.lean|ClockBound.base_Safety_gQuery_unique_per_lc	pass	-	546.981	-
plean	crush-verify	1	Examples/ClockBound.lean|ClockBound.base_Safety_gQuery_excludes_gResp	pass	-	546.366	-
plean	crush-verify	1	Examples/ClockBound.lean|ClockBound.GlobalClock.Serving.eGlobalQuery_correct_Safety_causal_using_topology	pass	-	3611.519	-
plean	crush-verify	1	Examples/ClockBound.lean|ClockBound.LocalClock.Idle.eLocalQuery_correct_Safety_causal_using_topology	pass	-	3369.062	-
plean	crush-verify	1	Examples/ClockBound.lean|ClockBound.LocalClock.Waiting.eGlobalResponse_correct_Safety_causal_using_topology	pass	-	3858.514	-
plean	crush-verify	1	Examples/ClockBound.lean|ClockBound.base_Safety_globalTime_nonneg	pass	-	541.042	-
plean	crush-verify	1	Examples/ClockBound.lean|ClockBound.base_Safety_gResp_trueTime_le_globalTime	pass	-	547.625	-
plean	crush-verify	1	Examples/ClockBound.lean|ClockBound.base_Safety_gResp_trueTime_pos	pass	-	532.324	-
plean	crush-verify	1	Examples/ClockBound.lean|ClockBound.base_Safety_lc_currEarly_le_globalTime	pass	-	544.866	-
plean	crush-verify	1	Examples/ClockBound.lean|ClockBound.base_Safety_lc_currEarly_nonneg	pass	-	529.380	-
plean	crush-verify	1	Examples/ClockBound.lean|ClockBound.base_Safety_lResp_trueTime_le_globalTime	pass	-	544.312	-
plean	crush-verify	1	Examples/ClockBound.lean|ClockBound.GlobalClock.Serving.eGlobalQuery_correct_Safety_global_time_using_topology_causal	pass	-	4807.948	-
plean	crush-verify	1	Examples/ClockBound.lean|ClockBound.LocalClock.Idle.eLocalQuery_correct_Safety_global_time_using_topology_causal	pass	-	4937.240	-
plean	crush-verify	1	Examples/ClockBound.lean|ClockBound.LocalClock.Waiting.eGlobalResponse_correct_Safety_global_time_using_topology_causal	pass	-	5196.983	-
plean	crush-verify	1	Examples/ClockBound.lean|ClockBound.base_Safety_gResp_target_currEarly	pass	-	555.192	-
plean	crush-verify	1	Examples/ClockBound.lean|ClockBound.base_Safety_lResp_trueTime_le_inflight_gResp	pass	-	577.433	-
plean	crush-verify	1	Examples/ClockBound.lean|ClockBound.GlobalClock.Serving.eGlobalQuery_correct_Safety_linking_using_topology_causal_global_time	pass	-	1939.277	-
plean	crush-verify	1	Examples/ClockBound.lean|ClockBound.LocalClock.Idle.eLocalQuery_correct_Safety_linking_using_topology_causal_global_time	pass	-	1918.008	-
plean	crush-verify	1	Examples/ClockBound.lean|ClockBound.LocalClock.Waiting.eGlobalResponse_correct_Safety_linking_using_topology_causal_global_time	pass	-	2005.569	-
plean	crush-verify	1	Examples/ClockBound.lean|ClockBound.base_Safety_lResp_earliest_le_trueTime	pass	-	541.432	-
plean	crush-verify	1	Examples/ClockBound.lean|ClockBound.GlobalClock.Serving.eGlobalQuery_correct_Safety_lresp_earliest_le_trueTime_lemma_using_topology_causal_global_time_linking	pass	-	832.065	-
plean	crush-verify	1	Examples/ClockBound.lean|ClockBound.LocalClock.Idle.eLocalQuery_correct_Safety_lresp_earliest_le_trueTime_lemma_using_topology_causal_global_time_linking	pass	-	821.805	-
plean	crush-verify	1	Examples/ClockBound.lean|ClockBound.LocalClock.Waiting.eGlobalResponse_correct_Safety_lresp_earliest_le_trueTime_lemma_using_topology_causal_global_time_linking	pass	-	842.971	-
plean	crush-verify	1	Examples/ClockBound.lean|ClockBound.base_Safety_lResp_trueTime_le_latest	pass	-	545.525	-
plean	crush-verify	1	Examples/ClockBound.lean|ClockBound.GlobalClock.Serving.eGlobalQuery_correct_Safety_lresp_trueTime_le_latest_lemma_using_topology_causal_global_time_linking	pass	-	830.730	-
plean	crush-verify	1	Examples/ClockBound.lean|ClockBound.LocalClock.Idle.eLocalQuery_correct_Safety_lresp_trueTime_le_latest_lemma_using_topology_causal_global_time_linking	pass	-	833.931	-
plean	crush-verify	1	Examples/ClockBound.lean|ClockBound.LocalClock.Waiting.eGlobalResponse_correct_Safety_lresp_trueTime_le_latest_lemma_using_topology_causal_global_time_linking	pass	-	856.050	-
plean	crush-verify	1	Examples/ClockBound.lean|ClockBound.base_Safety_lc_currEarly_bounds_earliest	pass	-	553.983	-
plean	crush-verify	1	Examples/ClockBound.lean|ClockBound.GlobalClock.Serving.eGlobalQuery_correct_Safety_lc_currEarly_bounds_earliest_lemma_using_topology_causal_global_time_linking	pass	-	1051.404	-
plean	crush-verify	1	Examples/ClockBound.lean|ClockBound.LocalClock.Idle.eLocalQuery_correct_Safety_lc_currEarly_bounds_earliest_lemma_using_topology_causal_global_time_linking	pass	-	1068.234	-
plean	crush-verify	1	Examples/ClockBound.lean|ClockBound.LocalClock.Waiting.eGlobalResponse_correct_Safety_lc_currEarly_bounds_earliest_lemma_using_topology_causal_global_time_linking	pass	-	1200.591	-
plean	crush-verify	1	Examples/ClockBound.lean|ClockBound.base_Safety_g1	pass	-	559.194	-
plean	crush-verify	1	Examples/ClockBound.lean|ClockBound.GlobalClock.Serving.eGlobalQuery_correct_Safety_G1_using_topology_causal_global_time_linking_lresp_earliest_le_trueTime_lemma_lresp_trueTime_le_latest_lemma_lc_currEarly_bounds_earliest_lemma	pass	-	879.207	-
plean	crush-verify	1	Examples/ClockBound.lean|ClockBound.LocalClock.Idle.eLocalQuery_correct_Safety_G1_using_topology_causal_global_time_linking_lresp_earliest_le_trueTime_lemma_lresp_trueTime_le_latest_lemma_lc_currEarly_bounds_earliest_lemma	pass	-	888.506	-
plean	crush-verify	1	Examples/ClockBound.lean|ClockBound.LocalClock.Waiting.eGlobalResponse_correct_Safety_G1_using_topology_causal_global_time_linking_lresp_earliest_le_trueTime_lemma_lresp_trueTime_le_latest_lemma_lc_currEarly_bounds_earliest_lemma	pass	-	959.139	-
plean	crush-verify	1	Examples/ClockBound.lean|ClockBound.base_Safety_g2	pass	-	560.954	-
plean	crush-verify	1	Examples/ClockBound.lean|ClockBound.GlobalClock.Serving.eGlobalQuery_correct_Safety_G2_using_topology_causal_global_time_linking_lresp_earliest_le_trueTime_lemma_lresp_trueTime_le_latest_lemma_lc_currEarly_bounds_earliest_lemma	pass	-	894.177	-
plean	crush-verify	1	Examples/ClockBound.lean|ClockBound.LocalClock.Idle.eLocalQuery_correct_Safety_G2_using_topology_causal_global_time_linking_lresp_earliest_le_trueTime_lemma_lresp_trueTime_le_latest_lemma_lc_currEarly_bounds_earliest_lemma	pass	-	894.220	-
plean	crush-verify	1	Examples/ClockBound.lean|ClockBound.LocalClock.Waiting.eGlobalResponse_correct_Safety_G2_using_topology_causal_global_time_linking_lresp_earliest_le_trueTime_lemma_lresp_trueTime_le_latest_lemma_lc_currEarly_bounds_earliest_lemma	pass	-	952.404	-
plean	crush-verify	1	Examples/ClockBound.lean|ClockBound.base_Safety_g3	pass	-	550.496	-
plean	crush-verify	1	Examples/ClockBound.lean|ClockBound.GlobalClock.Serving.eGlobalQuery_correct_Safety_G3_using_topology_causal_global_time_linking_lresp_earliest_le_trueTime_lemma_lresp_trueTime_le_latest_lemma_lc_currEarly_bounds_earliest_lemma	pass	-	1024.998	-
plean	crush-verify	1	Examples/ClockBound.lean|ClockBound.LocalClock.Idle.eLocalQuery_correct_Safety_G3_using_topology_causal_global_time_linking_lresp_earliest_le_trueTime_lemma_lresp_trueTime_le_latest_lemma_lc_currEarly_bounds_earliest_lemma	pass	-	959.399	-
plean	crush-verify	1	Examples/ClockBound.lean|ClockBound.LocalClock.Waiting.eGlobalResponse_correct_Safety_G3_using_topology_causal_global_time_linking_lresp_earliest_le_trueTime_lemma_lresp_trueTime_le_latest_lemma_lc_currEarly_bounds_earliest_lemma	pass	-	1141.124	-
plean	crush-portfolio	1	Examples/ClockBound.lean|ClockBound.base_Safety_gc_is_unique	pass	-	620.732	-
plean	crush-portfolio	1	Examples/ClockBound.lean|ClockBound.base_Safety_gc_kind	pass	-	1610.064	-
plean	crush-portfolio	1	Examples/ClockBound.lean|ClockBound.base_Safety_lc_global	pass	-	580.482	-
plean	crush-portfolio	1	Examples/ClockBound.lean|ClockBound.base_Safety_lc_client_injective	pass	-	591.430	-
plean	crush-portfolio	1	Examples/ClockBound.lean|ClockBound.base_Safety_gResp_label_payload_target_match	pass	-	576.222	-
plean	crush-portfolio	1	Examples/ClockBound.lean|ClockBound.base_Safety_gQuery_label_target_is_gc	pass	-	558.177	-
plean	crush-portfolio	1	Examples/ClockBound.lean|ClockBound.base_Safety_lResp_label_payload_target_match	pass	-	580.157	-
plean	crush-portfolio	1	Examples/ClockBound.lean|ClockBound.GlobalClock.Serving.eGlobalQuery_correct_Safety_topology	pass	-	5707.327	-
plean	crush-portfolio	1	Examples/ClockBound.lean|ClockBound.LocalClock.Idle.eLocalQuery_correct_Safety_topology	pass	-	5609.739	-
plean	crush-portfolio	1	Examples/ClockBound.lean|ClockBound.LocalClock.Waiting.eGlobalResponse_correct_Safety_topology	pass	-	6184.714	-
plean	crush-portfolio	1	Examples/ClockBound.lean|ClockBound.base_Safety_idle_no_gQuery	pass	-	585.232	-
plean	crush-portfolio	1	Examples/ClockBound.lean|ClockBound.base_Safety_idle_no_gResp	pass	-	564.431	-
plean	crush-portfolio	1	Examples/ClockBound.lean|ClockBound.base_Safety_gResp_unique_per_lc	pass	-	591.082	-
plean	crush-portfolio	1	Examples/ClockBound.lean|ClockBound.base_Safety_gQuery_unique_per_lc	pass	-	583.321	-
plean	crush-portfolio	1	Examples/ClockBound.lean|ClockBound.base_Safety_gQuery_excludes_gResp	pass	-	580.576	-
plean	crush-portfolio	1	Examples/ClockBound.lean|ClockBound.GlobalClock.Serving.eGlobalQuery_correct_Safety_causal_using_topology	pass	-	16941.315	-
plean	crush-portfolio	1	Examples/ClockBound.lean|ClockBound.LocalClock.Idle.eLocalQuery_correct_Safety_causal_using_topology	pass	-	12365.613	-
plean	crush-portfolio	1	Examples/ClockBound.lean|ClockBound.LocalClock.Waiting.eGlobalResponse_correct_Safety_causal_using_topology	fail	tactic	410.843	-
plean	crush-portfolio	1	Examples/ClockBound.lean|ClockBound.base_Safety_globalTime_nonneg	pass	-	539.637	-
plean	crush-portfolio	1	Examples/ClockBound.lean|ClockBound.base_Safety_gResp_trueTime_le_globalTime	pass	-	524.959	-
plean	crush-portfolio	1	Examples/ClockBound.lean|ClockBound.base_Safety_gResp_trueTime_pos	pass	-	524.038	-
plean	crush-portfolio	1	Examples/ClockBound.lean|ClockBound.base_Safety_lc_currEarly_le_globalTime	pass	-	541.982	-
plean	crush-portfolio	1	Examples/ClockBound.lean|ClockBound.base_Safety_lc_currEarly_nonneg	pass	-	524.814	-
plean	crush-portfolio	1	Examples/ClockBound.lean|ClockBound.base_Safety_lResp_trueTime_le_globalTime	pass	-	528.053	-
plean	crush-portfolio	1	Examples/ClockBound.lean|ClockBound.GlobalClock.Serving.eGlobalQuery_correct_Safety_global_time_using_topology_causal	pass	-	5137.170	-
plean	crush-portfolio	1	Examples/ClockBound.lean|ClockBound.LocalClock.Idle.eLocalQuery_correct_Safety_global_time_using_topology_causal	pass	-	4708.772	-
plean	crush-portfolio	1	Examples/ClockBound.lean|ClockBound.LocalClock.Waiting.eGlobalResponse_correct_Safety_global_time_using_topology_causal	pass	-	5372.113	-
plean	crush-portfolio	1	Examples/ClockBound.lean|ClockBound.base_Safety_gResp_target_currEarly	pass	-	537.108	-
plean	crush-portfolio	1	Examples/ClockBound.lean|ClockBound.base_Safety_lResp_trueTime_le_inflight_gResp	pass	-	558.542	-
plean	crush-portfolio	1	Examples/ClockBound.lean|ClockBound.GlobalClock.Serving.eGlobalQuery_correct_Safety_linking_using_topology_causal_global_time	pass	-	2199.905	-
plean	crush-portfolio	1	Examples/ClockBound.lean|ClockBound.LocalClock.Idle.eLocalQuery_correct_Safety_linking_using_topology_causal_global_time	pass	-	2023.467	-
plean	crush-portfolio	1	Examples/ClockBound.lean|ClockBound.LocalClock.Waiting.eGlobalResponse_correct_Safety_linking_using_topology_causal_global_time	fail	tactic	666.266	-
plean	crush-portfolio	1	Examples/ClockBound.lean|ClockBound.base_Safety_lResp_earliest_le_trueTime	pass	-	534.180	-
plean	crush-portfolio	1	Examples/ClockBound.lean|ClockBound.GlobalClock.Serving.eGlobalQuery_correct_Safety_lresp_earliest_le_trueTime_lemma_using_topology_causal_global_time_linking	pass	-	781.470	-
plean	crush-portfolio	1	Examples/ClockBound.lean|ClockBound.LocalClock.Idle.eLocalQuery_correct_Safety_lresp_earliest_le_trueTime_lemma_using_topology_causal_global_time_linking	pass	-	778.680	-
plean	crush-portfolio	1	Examples/ClockBound.lean|ClockBound.LocalClock.Waiting.eGlobalResponse_correct_Safety_lresp_earliest_le_trueTime_lemma_using_topology_causal_global_time_linking	pass	-	1062.320	-
plean	crush-portfolio	1	Examples/ClockBound.lean|ClockBound.base_Safety_lResp_trueTime_le_latest	pass	-	526.100	-
plean	crush-portfolio	1	Examples/ClockBound.lean|ClockBound.GlobalClock.Serving.eGlobalQuery_correct_Safety_lresp_trueTime_le_latest_lemma_using_topology_causal_global_time_linking	pass	-	779.671	-
plean	crush-portfolio	1	Examples/ClockBound.lean|ClockBound.LocalClock.Idle.eLocalQuery_correct_Safety_lresp_trueTime_le_latest_lemma_using_topology_causal_global_time_linking	pass	-	787.786	-
plean	crush-portfolio	1	Examples/ClockBound.lean|ClockBound.LocalClock.Waiting.eGlobalResponse_correct_Safety_lresp_trueTime_le_latest_lemma_using_topology_causal_global_time_linking	pass	-	1061.422	-
plean	crush-portfolio	1	Examples/ClockBound.lean|ClockBound.base_Safety_lc_currEarly_bounds_earliest	pass	-	536.930	-
plean	crush-portfolio	1	Examples/ClockBound.lean|ClockBound.GlobalClock.Serving.eGlobalQuery_correct_Safety_lc_currEarly_bounds_earliest_lemma_using_topology_causal_global_time_linking	pass	-	1068.874	-
plean	crush-portfolio	1	Examples/ClockBound.lean|ClockBound.LocalClock.Idle.eLocalQuery_correct_Safety_lc_currEarly_bounds_earliest_lemma_using_topology_causal_global_time_linking	pass	-	1084.832	-
plean	crush-portfolio	1	Examples/ClockBound.lean|ClockBound.LocalClock.Waiting.eGlobalResponse_correct_Safety_lc_currEarly_bounds_earliest_lemma_using_topology_causal_global_time_linking	pass	-	1281.476	-
plean	crush-portfolio	1	Examples/ClockBound.lean|ClockBound.base_Safety_g1	pass	-	544.140	-
plean	crush-portfolio	1	Examples/ClockBound.lean|ClockBound.GlobalClock.Serving.eGlobalQuery_correct_Safety_G1_using_topology_causal_global_time_linking_lresp_earliest_le_trueTime_lemma_lresp_trueTime_le_latest_lemma_lc_currEarly_bounds_earliest_lemma	pass	-	887.777	-
plean	crush-portfolio	1	Examples/ClockBound.lean|ClockBound.LocalClock.Idle.eLocalQuery_correct_Safety_G1_using_topology_causal_global_time_linking_lresp_earliest_le_trueTime_lemma_lresp_trueTime_le_latest_lemma_lc_currEarly_bounds_earliest_lemma	pass	-	880.369	-
plean	crush-portfolio	1	Examples/ClockBound.lean|ClockBound.LocalClock.Waiting.eGlobalResponse_correct_Safety_G1_using_topology_causal_global_time_linking_lresp_earliest_le_trueTime_lemma_lresp_trueTime_le_latest_lemma_lc_currEarly_bounds_earliest_lemma	pass	-	1017.825	-
plean	crush-portfolio	1	Examples/ClockBound.lean|ClockBound.base_Safety_g2	pass	-	551.437	-
plean	crush-portfolio	1	Examples/ClockBound.lean|ClockBound.GlobalClock.Serving.eGlobalQuery_correct_Safety_G2_using_topology_causal_global_time_linking_lresp_earliest_le_trueTime_lemma_lresp_trueTime_le_latest_lemma_lc_currEarly_bounds_earliest_lemma	pass	-	883.338	-
plean	crush-portfolio	1	Examples/ClockBound.lean|ClockBound.LocalClock.Idle.eLocalQuery_correct_Safety_G2_using_topology_causal_global_time_linking_lresp_earliest_le_trueTime_lemma_lresp_trueTime_le_latest_lemma_lc_currEarly_bounds_earliest_lemma	pass	-	878.556	-
plean	crush-portfolio	1	Examples/ClockBound.lean|ClockBound.LocalClock.Waiting.eGlobalResponse_correct_Safety_G2_using_topology_causal_global_time_linking_lresp_earliest_le_trueTime_lemma_lresp_trueTime_le_latest_lemma_lc_currEarly_bounds_earliest_lemma	pass	-	1006.889	-
plean	crush-portfolio	1	Examples/ClockBound.lean|ClockBound.base_Safety_g3	pass	-	550.556	-
plean	crush-portfolio	1	Examples/ClockBound.lean|ClockBound.GlobalClock.Serving.eGlobalQuery_correct_Safety_G3_using_topology_causal_global_time_linking_lresp_earliest_le_trueTime_lemma_lresp_trueTime_le_latest_lemma_lc_currEarly_bounds_earliest_lemma	pass	-	1040.873	-
plean	crush-portfolio	1	Examples/ClockBound.lean|ClockBound.LocalClock.Idle.eLocalQuery_correct_Safety_G3_using_topology_causal_global_time_linking_lresp_earliest_le_trueTime_lemma_lresp_trueTime_le_latest_lemma_lc_currEarly_bounds_earliest_lemma	pass	-	981.168	-
plean	crush-portfolio	1	Examples/ClockBound.lean|ClockBound.LocalClock.Waiting.eGlobalResponse_correct_Safety_G3_using_topology_causal_global_time_linking_lresp_earliest_le_trueTime_lemma_lresp_trueTime_le_latest_lemma_lc_currEarly_bounds_earliest_lemma	fail	tactic	370.721	-
plean	crush-verify	1	Examples/Consensus.lean|Consensus.base_block0_one_vote_per_voter	pass	-	469.910	-
plean	crush-verify	1	Examples/Consensus.lean|Consensus.base_block0_voted_after_eVote_sent	pass	-	457.948	-
plean	crush-verify	1	Examples/Consensus.lean|Consensus.base_block0_votes_linked	pass	-	469.739	-
plean	crush-verify	1	Examples/Consensus.lean|Consensus.base_block0_won_implies_quorum_votes	pass	-	483.318	-
plean	crush-verify	1	Examples/Consensus.lean|Consensus.Node.RequestVoting.eRequestVote_correct_block0_quorum_votes	pass	-	1285.203	-
plean	crush-verify	1	Examples/Consensus.lean|Consensus.Node.RequestVoting.eVote_correct_block0_quorum_votes	fail	timeout	5808.025	-
plean	crush-verify	1	Examples/Consensus.lean|Consensus.Node.RequestVoting.entry_correct_block0_quorum_votes	pass	-	2848.549	-
plean	crush-verify	1	Examples/Consensus.lean|Consensus.base_block1_unique_leader	pass	-	476.021	-
plean	crush-verify	1	Examples/Consensus.lean|Consensus.Node.RequestVoting.eRequestVote_correct_block1_election_safety_using_quorum_votes	pass	-	1087.561	-
plean	crush-verify	1	Examples/Consensus.lean|Consensus.Node.RequestVoting.eVote_correct_block1_election_safety_using_quorum_votes	fail	timeout	6821.126	-
plean	crush-verify	1	Examples/Consensus.lean|Consensus.Node.RequestVoting.entry_correct_block1_election_safety_using_quorum_votes	pass	-	3518.563	-
plean	crush-verify	1	Examples/Consensus.lean|Consensus.base_block1_UniqueActions	pass	-	482.184	-
plean	crush-verify	1	Examples/Consensus.lean|Consensus.base_block1_IncreasingCount	pass	-	478.971	-
plean	crush-verify	1	Examples/Consensus.lean|Consensus.base_block1_ReceivedSubsetSent	pass	-	475.198	-
plean	crush-verify	1	Examples/Consensus.lean|Consensus.Node.RequestVoting.eRequestVote_correct_block1_default	pass	-	1072.588	-
plean	crush-verify	1	Examples/Consensus.lean|Consensus.Node.RequestVoting.eVote_correct_block1_default	pass	-	1055.803	-
plean	crush-verify	1	Examples/Consensus.lean|Consensus.Node.RequestVoting.entry_correct_block1_default	fail	timeout	5058.542	-
plean	crush-portfolio	1	Examples/Consensus.lean|Consensus.base_block0_one_vote_per_voter	pass	-	513.632	-
plean	crush-portfolio	1	Examples/Consensus.lean|Consensus.base_block0_voted_after_eVote_sent	pass	-	499.226	-
plean	crush-portfolio	1	Examples/Consensus.lean|Consensus.base_block0_votes_linked	pass	-	527.778	-
plean	crush-portfolio	1	Examples/Consensus.lean|Consensus.base_block0_won_implies_quorum_votes	pass	-	505.859	-
plean	crush-portfolio	1	Examples/Consensus.lean|Consensus.Node.RequestVoting.eRequestVote_correct_block0_quorum_votes	pass	-	1628.159	-
plean	crush-portfolio	1	Examples/Consensus.lean|Consensus.Node.RequestVoting.eVote_correct_block0_quorum_votes	fail	timeout	6144.370	-
plean	crush-portfolio	1	Examples/Consensus.lean|Consensus.Node.RequestVoting.entry_correct_block0_quorum_votes	pass	-	3121.832	-
plean	crush-portfolio	1	Examples/Consensus.lean|Consensus.base_block1_unique_leader	pass	-	517.144	-
plean	crush-portfolio	1	Examples/Consensus.lean|Consensus.Node.RequestVoting.eRequestVote_correct_block1_election_safety_using_quorum_votes	pass	-	1456.921	-
plean	crush-portfolio	1	Examples/Consensus.lean|Consensus.Node.RequestVoting.eVote_correct_block1_election_safety_using_quorum_votes	fail	timeout	7321.592	-
plean	crush-portfolio	1	Examples/Consensus.lean|Consensus.Node.RequestVoting.entry_correct_block1_election_safety_using_quorum_votes	fail	tactic	26783.328	-
plean	crush-portfolio	1	Examples/Consensus.lean|Consensus.base_block1_UniqueActions	pass	-	504.101	-
plean	crush-portfolio	1	Examples/Consensus.lean|Consensus.base_block1_IncreasingCount	pass	-	497.844	-
plean	crush-portfolio	1	Examples/Consensus.lean|Consensus.base_block1_ReceivedSubsetSent	pass	-	503.420	-
plean	crush-portfolio	1	Examples/Consensus.lean|Consensus.Node.RequestVoting.eRequestVote_correct_block1_default	pass	-	1244.604	-
plean	crush-portfolio	1	Examples/Consensus.lean|Consensus.Node.RequestVoting.eVote_correct_block1_default	pass	-	1215.400	-
plean	crush-portfolio	1	Examples/Consensus.lean|Consensus.Node.RequestVoting.entry_correct_block1_default	fail	timeout	5096.305	-
plean	crush-verify	1	Examples/DistributedLock.lean|DistributedLock.base_Safety_unique_holder	pass	-	501.452	-
plean	crush-verify	1	Examples/DistributedLock.lean|DistributedLock.base_Safety_no_lock_while_transfer	pass	-	502.328	-
plean	crush-verify	1	Examples/DistributedLock.lean|DistributedLock.base_Safety_unique_accept	pass	-	478.023	-
plean	crush-verify	1	Examples/DistributedLock.lean|DistributedLock.base_Safety_not_held_after_release	pass	-	482.007	-
plean	crush-verify	1	Examples/DistributedLock.lean|DistributedLock.base_Safety_transfer_to_higher	pass	-	477.145	-
plean	crush-verify	1	Examples/DistributedLock.lean|DistributedLock.Node.Act.eGrant_correct_Safety_safety	pass	-	1860.903	-
plean	crush-verify	1	Examples/DistributedLock.lean|DistributedLock.Node.Act.eAccept_correct_Safety_safety	pass	-	1395.532	-
plean	crush-verify	1	Examples/DistributedLock.lean|DistributedLock.base_Safety_UniqueActions	pass	-	476.472	-
plean	crush-verify	1	Examples/DistributedLock.lean|DistributedLock.base_Safety_IncreasingCount	pass	-	496.344	-
plean	crush-verify	1	Examples/DistributedLock.lean|DistributedLock.base_Safety_ReceivedSubsetSent	pass	-	466.947	-
plean	crush-verify	1	Examples/DistributedLock.lean|DistributedLock.Node.Act.eGrant_correct_Safety_default	pass	-	1089.712	-
plean	crush-verify	1	Examples/DistributedLock.lean|DistributedLock.Node.Act.eAccept_correct_Safety_default	pass	-	996.951	-
plean	crush-portfolio	1	Examples/DistributedLock.lean|DistributedLock.base_Safety_unique_holder	pass	-	542.255	-
plean	crush-portfolio	1	Examples/DistributedLock.lean|DistributedLock.base_Safety_no_lock_while_transfer	pass	-	495.426	-
plean	crush-portfolio	1	Examples/DistributedLock.lean|DistributedLock.base_Safety_unique_accept	pass	-	489.341	-
plean	crush-portfolio	1	Examples/DistributedLock.lean|DistributedLock.base_Safety_not_held_after_release	pass	-	514.036	-
plean	crush-portfolio	1	Examples/DistributedLock.lean|DistributedLock.base_Safety_transfer_to_higher	pass	-	505.216	-
plean	crush-portfolio	1	Examples/DistributedLock.lean|DistributedLock.Node.Act.eGrant_correct_Safety_safety	pass	-	2300.359	-
plean	crush-portfolio	1	Examples/DistributedLock.lean|DistributedLock.Node.Act.eAccept_correct_Safety_safety	fail	tactic	121.873	-
plean	crush-portfolio	1	Examples/DistributedLock.lean|DistributedLock.base_Safety_UniqueActions	pass	-	480.619	-
plean	crush-portfolio	1	Examples/DistributedLock.lean|DistributedLock.base_Safety_IncreasingCount	pass	-	477.575	-
plean	crush-portfolio	1	Examples/DistributedLock.lean|DistributedLock.base_Safety_ReceivedSubsetSent	pass	-	476.370	-
plean	crush-portfolio	1	Examples/DistributedLock.lean|DistributedLock.Node.Act.eGrant_correct_Safety_default	pass	-	1206.020	-
plean	crush-portfolio	1	Examples/DistributedLock.lean|DistributedLock.Node.Act.eAccept_correct_Safety_default	pass	-	1055.553	-
plean	crush-verify	1	Examples/LockServer.lean|LockServer.base_block0_const_server	pass	-	484.300	-
plean	crush-verify	1	Examples/LockServer.lean|LockServer.base_block0_serv_is_serv	pass	-	1368.334	-
plean	crush-verify	1	Examples/LockServer.lean|LockServer.base_block0_single_server	pass	-	466.845	-
plean	crush-verify	1	Examples/LockServer.lean|LockServer.base_block0_unique_server	pass	-	490.932	-
plean	crush-verify	1	Examples/LockServer.lean|LockServer.base_block0_aquire_to_node	pass	-	468.527	-
plean	crush-verify	1	Examples/LockServer.lean|LockServer.base_block0_release_to_node	pass	-	458.143	-
plean	crush-verify	1	Examples/LockServer.lean|LockServer.base_block0_grant_to_node	pass	-	465.580	-
plean	crush-verify	1	Examples/LockServer.lean|LockServer.base_block0_lock_to_server	pass	-	474.408	-
plean	crush-verify	1	Examples/LockServer.lean|LockServer.base_block0_unlock_to_server	pass	-	472.501	-
plean	crush-verify	1	Examples/LockServer.lean|LockServer.base_block0_node_send_lock	pass	-	1373.374	-
plean	crush-verify	1	Examples/LockServer.lean|LockServer.base_block0_node_send_unlock	pass	-	1370.932	-
plean	crush-verify	1	Examples/LockServer.lean|LockServer.Server.Serving.eLock_correct_block0_system_config	fail	timeout	201.653	-
plean	crush-verify	1	Examples/LockServer.lean|LockServer.Server.Serving.eUnlock_correct_block0_system_config	pass	-	7317.832	-
plean	crush-verify	1	Examples/LockServer.lean|LockServer.Node.Working.eAquire_correct_block0_system_config	fail	timeout	26883.877	-
plean	crush-verify	1	Examples/LockServer.lean|LockServer.Node.Working.eRelease_correct_block0_system_config	fail	timeout	1223.617	-
plean	crush-verify	1	Examples/LockServer.lean|LockServer.Node.Working.eGrant_correct_block0_system_config	pass	-	7284.969	-
plean	crush-verify	1	Examples/LockServer.lean|LockServer.base_block1_unique_lock_holder	pass	-	477.650	-
plean	crush-verify	1	Examples/LockServer.lean|LockServer.base_block1_unique_grant	pass	-	473.164	-
plean	crush-verify	1	Examples/LockServer.lean|LockServer.base_block1_unique_unlock	pass	-	466.971	-
plean	crush-verify	1	Examples/LockServer.lean|LockServer.base_block1_grant_server_unlocked	pass	-	480.176	-
plean	crush-verify	1	Examples/LockServer.lean|LockServer.base_block1_no_lock_while_grant	pass	-	460.945	-
plean	crush-verify	1	Examples/LockServer.lean|LockServer.base_block1_no_lock_while_unlock	pass	-	965.219	-
plean	crush-verify	1	Examples/LockServer.lean|LockServer.base_block1_grant_not_unlock	pass	-	473.640	-
plean	crush-verify	1	Examples/LockServer.lean|LockServer.base_block1_node_server_mutex	pass	-	471.869	-
plean	crush-verify	1	Examples/LockServer.lean|LockServer.Server.Serving.eLock_correct_block1_safety_using_system_config	pass	-	2132.850	-
plean	crush-verify	1	Examples/LockServer.lean|LockServer.Server.Serving.eUnlock_correct_block1_safety_using_system_config	pass	-	5007.609	-
plean	crush-verify	1	Examples/LockServer.lean|LockServer.Node.Working.eAquire_correct_block1_safety_using_system_config	pass	-	4917.868	-
plean	crush-verify	1	Examples/LockServer.lean|LockServer.Node.Working.eRelease_correct_block1_safety_using_system_config	pass	-	1973.850	-
plean	crush-verify	1	Examples/LockServer.lean|LockServer.Node.Working.eGrant_correct_block1_safety_using_system_config	pass	-	5001.556	-
plean	crush-verify	1	Examples/LockServer.lean|LockServer.base_block1_UniqueActions	pass	-	470.262	-
plean	crush-verify	1	Examples/LockServer.lean|LockServer.base_block1_IncreasingCount	pass	-	462.010	-
plean	crush-verify	1	Examples/LockServer.lean|LockServer.base_block1_ReceivedSubsetSent	pass	-	456.085	-
plean	crush-verify	1	Examples/LockServer.lean|LockServer.Server.Serving.eLock_correct_block1_default_using_system_config	pass	-	1252.580	-
plean	crush-verify	1	Examples/LockServer.lean|LockServer.Server.Serving.eUnlock_correct_block1_default_using_system_config	pass	-	1666.043	-
plean	crush-verify	1	Examples/LockServer.lean|LockServer.Node.Working.eAquire_correct_block1_default_using_system_config	pass	-	1671.236	-
plean	crush-verify	1	Examples/LockServer.lean|LockServer.Node.Working.eRelease_correct_block1_default_using_system_config	pass	-	1226.082	-
plean	crush-verify	1	Examples/LockServer.lean|LockServer.Node.Working.eGrant_correct_block1_default_using_system_config	pass	-	1625.164	-
plean	crush-portfolio	1	Examples/LockServer.lean|LockServer.base_block0_const_server	pass	-	504.613	-
plean	crush-portfolio	1	Examples/LockServer.lean|LockServer.base_block0_serv_is_serv	pass	-	1346.238	-
plean	crush-portfolio	1	Examples/LockServer.lean|LockServer.base_block0_single_server	pass	-	475.801	-
plean	crush-portfolio	1	Examples/LockServer.lean|LockServer.base_block0_unique_server	fail	tactic	20.671	-
plean	crush-portfolio	1	Examples/LockServer.lean|LockServer.base_block0_aquire_to_node	pass	-	472.821	-
plean	crush-portfolio	1	Examples/LockServer.lean|LockServer.base_block0_release_to_node	pass	-	479.083	-
plean	crush-portfolio	1	Examples/LockServer.lean|LockServer.base_block0_grant_to_node	pass	-	491.042	-
plean	crush-portfolio	1	Examples/LockServer.lean|LockServer.base_block0_lock_to_server	pass	-	492.526	-
plean	crush-portfolio	1	Examples/LockServer.lean|LockServer.base_block0_unlock_to_server	pass	-	478.516	-
plean	crush-portfolio	1	Examples/LockServer.lean|LockServer.base_block0_node_send_lock	pass	-	1411.266	-
plean	crush-portfolio	1	Examples/LockServer.lean|LockServer.base_block0_node_send_unlock	pass	-	1410.924	-
plean	crush-portfolio	1	Examples/LockServer.lean|LockServer.Server.Serving.eLock_correct_block0_system_config	fail	timeout	200.798	-
plean	crush-portfolio	1	Examples/LockServer.lean|LockServer.Server.Serving.eUnlock_correct_block0_system_config	pass	-	26021.503	-
plean	crush-portfolio	1	Examples/LockServer.lean|LockServer.Node.Working.eAquire_correct_block0_system_config	fail	timeout	26215.946	-
plean	crush-portfolio	1	Examples/LockServer.lean|LockServer.Node.Working.eRelease_correct_block0_system_config	fail	timeout	1209.626	-
plean	crush-portfolio	1	Examples/LockServer.lean|LockServer.Node.Working.eGrant_correct_block0_system_config	pass	-	11862.291	-
plean	crush-portfolio	1	Examples/LockServer.lean|LockServer.base_block1_unique_lock_holder	pass	-	477.527	-
plean	crush-portfolio	1	Examples/LockServer.lean|LockServer.base_block1_unique_grant	pass	-	473.906	-
plean	crush-portfolio	1	Examples/LockServer.lean|LockServer.base_block1_unique_unlock	pass	-	476.364	-
plean	crush-portfolio	1	Examples/LockServer.lean|LockServer.base_block1_grant_server_unlocked	pass	-	473.415	-
plean	crush-portfolio	1	Examples/LockServer.lean|LockServer.base_block1_no_lock_while_grant	pass	-	474.078	-
plean	crush-portfolio	1	Examples/LockServer.lean|LockServer.base_block1_no_lock_while_unlock	pass	-	953.228	-
plean	crush-portfolio	1	Examples/LockServer.lean|LockServer.base_block1_grant_not_unlock	pass	-	466.751	-
plean	crush-portfolio	1	Examples/LockServer.lean|LockServer.base_block1_node_server_mutex	pass	-	488.215	-
plean	crush-portfolio	1	Examples/LockServer.lean|LockServer.Server.Serving.eLock_correct_block1_safety_using_system_config	fail	tactic	268.994	-
plean	crush-portfolio	1	Examples/LockServer.lean|LockServer.Server.Serving.eUnlock_correct_block1_safety_using_system_config	fail	tactic	12398.602	-
plean	crush-portfolio	1	Examples/LockServer.lean|LockServer.Node.Working.eAquire_correct_block1_safety_using_system_config	pass	-	5252.910	-
plean	crush-portfolio	1	Examples/LockServer.lean|LockServer.Node.Working.eRelease_correct_block1_safety_using_system_config	pass	-	2931.478	-
plean	crush-portfolio	1	Examples/LockServer.lean|LockServer.Node.Working.eGrant_correct_block1_safety_using_system_config	fail	timeout	11649.694	-
plean	crush-portfolio	1	Examples/LockServer.lean|LockServer.base_block1_UniqueActions	pass	-	493.623	-
plean	crush-portfolio	1	Examples/LockServer.lean|LockServer.base_block1_IncreasingCount	pass	-	468.446	-
plean	crush-portfolio	1	Examples/LockServer.lean|LockServer.base_block1_ReceivedSubsetSent	pass	-	493.896	-
plean	crush-portfolio	1	Examples/LockServer.lean|LockServer.Server.Serving.eLock_correct_block1_default_using_system_config	pass	-	1392.995	-
plean	crush-portfolio	1	Examples/LockServer.lean|LockServer.Server.Serving.eUnlock_correct_block1_default_using_system_config	pass	-	1744.161	-
plean	crush-portfolio	1	Examples/LockServer.lean|LockServer.Node.Working.eAquire_correct_block1_default_using_system_config	pass	-	2357.504	-
plean	crush-portfolio	1	Examples/LockServer.lean|LockServer.Node.Working.eRelease_correct_block1_default_using_system_config	pass	-	1350.594	-
plean	crush-portfolio	1	Examples/LockServer.lean|LockServer.Node.Working.eGrant_correct_block1_default_using_system_config	pass	-	1745.569	-
plean	crush-verify	1	Examples/PingPongAuto.lean|PingPongAuto.base_Safety_pong_after_ping	pass	-	466.644	-
plean	crush-verify	1	Examples/PingPongAuto.lean|PingPongAuto.Server.Idle.ePing_correct_Safety_safety_using_default	pass	-	515.043	-
plean	crush-verify	1	Examples/PingPongAuto.lean|PingPongAuto.base_Safety_UniqueActions	pass	-	450.288	-
plean	crush-verify	1	Examples/PingPongAuto.lean|PingPongAuto.base_Safety_IncreasingCount	pass	-	444.481	-
plean	crush-verify	1	Examples/PingPongAuto.lean|PingPongAuto.base_Safety_ReceivedSubsetSent	pass	-	437.299	-
plean	crush-verify	1	Examples/PingPongAuto.lean|PingPongAuto.Server.Idle.ePing_correct_Safety_default	pass	-	1431.530	-
plean	crush-portfolio	1	Examples/PingPongAuto.lean|PingPongAuto.base_Safety_pong_after_ping	pass	-	477.510	-
plean	crush-portfolio	1	Examples/PingPongAuto.lean|PingPongAuto.Server.Idle.ePing_correct_Safety_safety_using_default	pass	-	565.626	-
plean	crush-portfolio	1	Examples/PingPongAuto.lean|PingPongAuto.base_Safety_UniqueActions	pass	-	449.129	-
plean	crush-portfolio	1	Examples/PingPongAuto.lean|PingPongAuto.base_Safety_IncreasingCount	pass	-	456.217	-
plean	crush-portfolio	1	Examples/PingPongAuto.lean|PingPongAuto.base_Safety_ReceivedSubsetSent	pass	-	442.324	-
plean	crush-portfolio	1	Examples/PingPongAuto.lean|PingPongAuto.Server.Idle.ePing_correct_Safety_default	pass	-	2095.700	-
plean	crush-verify	1	Examples/PingPongTrivial.lean|PingPongTrivial.base_Safety_always_true	pass	-	0.000	-
plean	crush-portfolio	1	Examples/PingPongTrivial.lean|PingPongTrivial.base_Safety_always_true	pass	-	0.000	-
plean	crush-verify	1	Examples/RingLeader.lean|RingLeader.base_block0_LeaderMax	pass	-	495.807	-
plean	crush-verify	1	Examples/RingLeader.lean|RingLeader.base_block0_Aux	pass	-	471.061	-
plean	crush-verify	1	Examples/RingLeader.lean|RingLeader.base_block0_NoBypass	pass	-	476.008	-
plean	crush-verify	1	Examples/RingLeader.lean|RingLeader.base_block0_SelfPendingMax	pass	-	472.851	-
plean	crush-verify	1	Examples/RingLeader.lean|RingLeader.Server.Proposing.eNominate_correct_block0_lemmas	fail	tactic	5587.598	-
plean	crush-verify	1	Examples/RingLeader.lean|RingLeader.Server.Proposing.entry_correct_block0_lemmas	fail	timeout	6903.370	-
plean	crush-verify	1	Examples/RingLeader.lean|RingLeader.base_block1_UniqueLeader	pass	-	477.724	-
plean	crush-verify	1	Examples/RingLeader.lean|RingLeader.Server.Proposing.eNominate_correct_block1_Safety_using_lemmas	fail	tactic	6420.359	-
plean	crush-verify	1	Examples/RingLeader.lean|RingLeader.Server.Proposing.entry_correct_block1_Safety_using_lemmas	pass	-	530.251	-
plean	crush-verify	1	Examples/RingLeader.lean|RingLeader.base_block1_UniqueActions	pass	-	474.381	-
plean	crush-verify	1	Examples/RingLeader.lean|RingLeader.base_block1_IncreasingCount	pass	-	488.403	-
plean	crush-verify	1	Examples/RingLeader.lean|RingLeader.base_block1_ReceivedSubsetSent	pass	-	474.424	-
plean	crush-verify	1	Examples/RingLeader.lean|RingLeader.Server.Proposing.eNominate_correct_block1_default	pass	-	1176.304	-
plean	crush-verify	1	Examples/RingLeader.lean|RingLeader.Server.Proposing.entry_correct_block1_default	pass	-	1534.241	-
plean	crush-portfolio	1	Examples/RingLeader.lean|RingLeader.base_block0_LeaderMax	pass	-	492.679	-
plean	crush-portfolio	1	Examples/RingLeader.lean|RingLeader.base_block0_Aux	pass	-	471.548	-
plean	crush-portfolio	1	Examples/RingLeader.lean|RingLeader.base_block0_NoBypass	pass	-	485.975	-
plean	crush-portfolio	1	Examples/RingLeader.lean|RingLeader.base_block0_SelfPendingMax	pass	-	482.885	-
plean	crush-portfolio	1	Examples/RingLeader.lean|RingLeader.Server.Proposing.eNominate_correct_block0_lemmas	fail	tactic	6557.473	-
plean	crush-portfolio	1	Examples/RingLeader.lean|RingLeader.Server.Proposing.entry_correct_block0_lemmas	fail	timeout	7350.506	-
plean	crush-portfolio	1	Examples/RingLeader.lean|RingLeader.base_block1_UniqueLeader	pass	-	490.505	-
plean	crush-portfolio	1	Examples/RingLeader.lean|RingLeader.Server.Proposing.eNominate_correct_block1_Safety_using_lemmas	fail	tactic	7399.611	-
plean	crush-portfolio	1	Examples/RingLeader.lean|RingLeader.Server.Proposing.entry_correct_block1_Safety_using_lemmas	pass	-	533.384	-
plean	crush-portfolio	1	Examples/RingLeader.lean|RingLeader.base_block1_UniqueActions	pass	-	483.428	-
plean	crush-portfolio	1	Examples/RingLeader.lean|RingLeader.base_block1_IncreasingCount	pass	-	488.469	-
plean	crush-portfolio	1	Examples/RingLeader.lean|RingLeader.base_block1_ReceivedSubsetSent	pass	-	472.989	-
plean	crush-portfolio	1	Examples/RingLeader.lean|RingLeader.Server.Proposing.eNominate_correct_block1_default	pass	-	1460.956	-
plean	crush-portfolio	1	Examples/RingLeader.lean|RingLeader.Server.Proposing.entry_correct_block1_default	pass	-	2183.311	-
plean	crush-verify	1	Examples/ShardedKV.lean|ShardedKV.base_of_Safety_transfer_means_no_owner	pass	-	494.491	-
plean	crush-verify	1	Examples/ShardedKV.lean|ShardedKV.base_of_Safety_unique_key_transfer	pass	-	473.677	-
plean	crush-verify	1	Examples/ShardedKV.lean|ShardedKV.base_of_Safety_transfer_means_not_own	pass	-	462.318	-
plean	crush-verify	1	Examples/ShardedKV.lean|ShardedKV.base_of_Safety_unique_owner	pass	-	477.045	-
plean	crush-verify	1	Examples/ShardedKV.lean|ShardedKV.Node.Serving.eReshard_correct_of_Safety_Safety	pass	-	1390.935	-
plean	crush-verify	1	Examples/ShardedKV.lean|ShardedKV.Node.Serving.eTransfer_correct_of_Safety_Safety	pass	-	2246.016	-
plean	crush-verify	1	Examples/ShardedKV.lean|ShardedKV.base_of_Safety_UniqueActions	pass	-	453.500	-
plean	crush-verify	1	Examples/ShardedKV.lean|ShardedKV.base_of_Safety_IncreasingCount	pass	-	456.017	-
plean	crush-verify	1	Examples/ShardedKV.lean|ShardedKV.base_of_Safety_ReceivedSubsetSent	pass	-	453.595	-
plean	crush-verify	1	Examples/ShardedKV.lean|ShardedKV.Node.Serving.eReshard_correct_of_Safety_default	pass	-	1040.016	-
plean	crush-verify	1	Examples/ShardedKV.lean|ShardedKV.Node.Serving.eTransfer_correct_of_Safety_default	pass	-	1388.246	-
plean	crush-portfolio	1	Examples/ShardedKV.lean|ShardedKV.base_of_Safety_transfer_means_no_owner	pass	-	526.469	-
plean	crush-portfolio	1	Examples/ShardedKV.lean|ShardedKV.base_of_Safety_unique_key_transfer	pass	-	514.764	-
plean	crush-portfolio	1	Examples/ShardedKV.lean|ShardedKV.base_of_Safety_transfer_means_not_own	pass	-	491.732	-
plean	crush-portfolio	1	Examples/ShardedKV.lean|ShardedKV.base_of_Safety_unique_owner	pass	-	529.692	-
plean	crush-portfolio	1	Examples/ShardedKV.lean|ShardedKV.Node.Serving.eReshard_correct_of_Safety_Safety	fail	tactic	184.988	-
plean	crush-portfolio	1	Examples/ShardedKV.lean|ShardedKV.Node.Serving.eTransfer_correct_of_Safety_Safety	fail	tactic	4180.484	-
plean	crush-portfolio	1	Examples/ShardedKV.lean|ShardedKV.base_of_Safety_UniqueActions	pass	-	475.838	-
plean	crush-portfolio	1	Examples/ShardedKV.lean|ShardedKV.base_of_Safety_IncreasingCount	pass	-	481.345	-
plean	crush-portfolio	1	Examples/ShardedKV.lean|ShardedKV.base_of_Safety_ReceivedSubsetSent	pass	-	468.439	-
plean	crush-portfolio	1	Examples/ShardedKV.lean|ShardedKV.Node.Serving.eReshard_correct_of_Safety_default	pass	-	1207.532	-
plean	crush-portfolio	1	Examples/ShardedKV.lean|ShardedKV.Node.Serving.eTransfer_correct_of_Safety_default	pass	-	1543.479	-
plean	crush-verify	1	Examples/TwoPhaseCommit.lean|TwoPhaseCommit.base_of_system_config_participant_set	pass	-	488.696	-
plean	crush-verify	1	Examples/TwoPhaseCommit.lean|TwoPhaseCommit.Coordinator.WaitForResponses.eYes_correct_of_system_config_system_config	fail	timeout	579.067	-
plean	crush-verify	1	Examples/TwoPhaseCommit.lean|TwoPhaseCommit.Coordinator.WaitForResponses.eNo_correct_of_system_config_system_config	fail	timeout	9728.192	-
plean	crush-verify	1	Examples/TwoPhaseCommit.lean|TwoPhaseCommit.Coordinator.Init.entry_correct_of_system_config_system_config	pass	-	3986.342	-
plean	crush-verify	1	Examples/TwoPhaseCommit.lean|TwoPhaseCommit.Participant.Undecided.eVoteReq_correct_of_system_config_system_config	pass	-	62.360	-
plean	crush-verify	1	Examples/TwoPhaseCommit.lean|TwoPhaseCommit.Participant.Undecided.eCommit_correct_of_system_config_system_config	pass	-	515.032	-
plean	crush-verify	1	Examples/TwoPhaseCommit.lean|TwoPhaseCommit.Participant.Undecided.eAbort_correct_of_system_config_system_config	pass	-	513.219	-
plean	crush-verify	1	Examples/TwoPhaseCommit.lean|TwoPhaseCommit.base_of_votes_yes_implies_pref	pass	-	483.006	-
plean	crush-verify	1	Examples/TwoPhaseCommit.lean|TwoPhaseCommit.base_of_votes_votes_all_prefer	pass	-	485.354	-
plean	crush-verify	1	Examples/TwoPhaseCommit.lean|TwoPhaseCommit.Coordinator.WaitForResponses.eYes_correct_of_votes_votes	fail	timeout	2684.720	-
plean	crush-verify	1	Examples/TwoPhaseCommit.lean|TwoPhaseCommit.Coordinator.WaitForResponses.eNo_correct_of_votes_votes	fail	timeout	12031.917	-
plean	crush-verify	1	Examples/TwoPhaseCommit.lean|TwoPhaseCommit.Coordinator.Init.entry_correct_of_votes_votes	pass	-	7408.496	-
plean	crush-verify	1	Examples/TwoPhaseCommit.lean|TwoPhaseCommit.Participant.Undecided.eVoteReq_correct_of_votes_votes	pass	-	1032.644	-
plean	crush-verify	1	Examples/TwoPhaseCommit.lean|TwoPhaseCommit.Participant.Undecided.eCommit_correct_of_votes_votes	pass	-	1026.709	-
plean	crush-verify	1	Examples/TwoPhaseCommit.lean|TwoPhaseCommit.Participant.Undecided.eAbort_correct_of_votes_votes	pass	-	981.697	-
plean	crush-verify	1	Examples/TwoPhaseCommit.lean|TwoPhaseCommit.base_of_default_UniqueActions	pass	-	485.811	-
plean	crush-verify	1	Examples/TwoPhaseCommit.lean|TwoPhaseCommit.base_of_default_IncreasingCount	pass	-	487.213	-
plean	crush-verify	1	Examples/TwoPhaseCommit.lean|TwoPhaseCommit.base_of_default_ReceivedSubsetSent	pass	-	483.745	-
plean	crush-verify	1	Examples/TwoPhaseCommit.lean|TwoPhaseCommit.Coordinator.WaitForResponses.eYes_correct_of_default_default	fail	timeout	6920.306	-
plean	crush-verify	1	Examples/TwoPhaseCommit.lean|TwoPhaseCommit.Coordinator.WaitForResponses.eNo_correct_of_default_default	pass	-	2555.563	-
plean	crush-verify	1	Examples/TwoPhaseCommit.lean|TwoPhaseCommit.Coordinator.Init.entry_correct_of_default_default	pass	-	2489.633	-
plean	crush-verify	1	Examples/TwoPhaseCommit.lean|TwoPhaseCommit.Participant.Undecided.eVoteReq_correct_of_default_default	pass	-	1098.094	-
plean	crush-verify	1	Examples/TwoPhaseCommit.lean|TwoPhaseCommit.Participant.Undecided.eCommit_correct_of_default_default	pass	-	1470.350	-
plean	crush-verify	1	Examples/TwoPhaseCommit.lean|TwoPhaseCommit.Participant.Undecided.eAbort_correct_of_default_default	pass	-	1469.188	-
plean	crush-verify	1	Examples/TwoPhaseCommit.lean|TwoPhaseCommit.base_of_commit_sent_commit_sent_implies_all_yes	pass	-	491.310	-
plean	crush-verify	1	Examples/TwoPhaseCommit.lean|TwoPhaseCommit.Coordinator.WaitForResponses.eYes_correct_of_commit_sent_commit_sent_using_votes_system_config	fail	timeout	4238.397	-
plean	crush-verify	1	Examples/TwoPhaseCommit.lean|TwoPhaseCommit.Coordinator.WaitForResponses.eNo_correct_of_commit_sent_commit_sent_using_votes_system_config	fail	timeout	13950.521	-
plean	crush-verify	1	Examples/TwoPhaseCommit.lean|TwoPhaseCommit.Coordinator.Init.entry_correct_of_commit_sent_commit_sent_using_votes_system_config	pass	-	8964.828	-
plean	crush-verify	1	Examples/TwoPhaseCommit.lean|TwoPhaseCommit.Participant.Undecided.eVoteReq_correct_of_commit_sent_commit_sent_using_votes_system_config	pass	-	1040.188	-
plean	crush-verify	1	Examples/TwoPhaseCommit.lean|TwoPhaseCommit.Participant.Undecided.eCommit_correct_of_commit_sent_commit_sent_using_votes_system_config	pass	-	551.684	-
plean	crush-verify	1	Examples/TwoPhaseCommit.lean|TwoPhaseCommit.Participant.Undecided.eAbort_correct_of_commit_sent_commit_sent_using_votes_system_config	pass	-	554.817	-
plean	crush-verify	1	Examples/TwoPhaseCommit.lean|TwoPhaseCommit.base_of_safety_accepted_implies_all_prefer	pass	-	500.081	-
plean	crush-verify	1	Examples/TwoPhaseCommit.lean|TwoPhaseCommit.Coordinator.WaitForResponses.eYes_correct_of_safety_safety_using_commit_sent	fail	timeout	2876.365	-
plean	crush-verify	1	Examples/TwoPhaseCommit.lean|TwoPhaseCommit.Coordinator.WaitForResponses.eNo_correct_of_safety_safety_using_commit_sent	fail	timeout	12401.476	-
plean	crush-verify	1	Examples/TwoPhaseCommit.lean|TwoPhaseCommit.Coordinator.Init.entry_correct_of_safety_safety_using_commit_sent	pass	-	7299.905	-
plean	crush-verify	1	Examples/TwoPhaseCommit.lean|TwoPhaseCommit.Participant.Undecided.eVoteReq_correct_of_safety_safety_using_commit_sent	pass	-	1016.282	-
plean	crush-verify	1	Examples/TwoPhaseCommit.lean|TwoPhaseCommit.Participant.Undecided.eCommit_correct_of_safety_safety_using_commit_sent	pass	-	560.909	-
plean	crush-verify	1	Examples/TwoPhaseCommit.lean|TwoPhaseCommit.Participant.Undecided.eAbort_correct_of_safety_safety_using_commit_sent	pass	-	568.246	-
plean	crush-portfolio	1	Examples/TwoPhaseCommit.lean|TwoPhaseCommit.base_of_system_config_participant_set	pass	-	568.945	-
plean	crush-portfolio	1	Examples/TwoPhaseCommit.lean|TwoPhaseCommit.Coordinator.WaitForResponses.eYes_correct_of_system_config_system_config	fail	timeout	572.204	-
plean	crush-portfolio	1	Examples/TwoPhaseCommit.lean|TwoPhaseCommit.Coordinator.WaitForResponses.eNo_correct_of_system_config_system_config	fail	timeout	14017.434	-
plean	crush-portfolio	1	Examples/TwoPhaseCommit.lean|TwoPhaseCommit.Coordinator.Init.entry_correct_of_system_config_system_config	pass	-	5407.609	-
plean	crush-portfolio	1	Examples/TwoPhaseCommit.lean|TwoPhaseCommit.Participant.Undecided.eVoteReq_correct_of_system_config_system_config	pass	-	61.423	-
plean	crush-portfolio	1	Examples/TwoPhaseCommit.lean|TwoPhaseCommit.Participant.Undecided.eCommit_correct_of_system_config_system_config	pass	-	536.337	-
plean	crush-portfolio	1	Examples/TwoPhaseCommit.lean|TwoPhaseCommit.Participant.Undecided.eAbort_correct_of_system_config_system_config	pass	-	532.630	-
plean	crush-portfolio	1	Examples/TwoPhaseCommit.lean|TwoPhaseCommit.base_of_votes_yes_implies_pref	pass	-	507.943	-
plean	crush-portfolio	1	Examples/TwoPhaseCommit.lean|TwoPhaseCommit.base_of_votes_votes_all_prefer	pass	-	520.607	-
plean	crush-portfolio	1	Examples/TwoPhaseCommit.lean|TwoPhaseCommit.Coordinator.WaitForResponses.eYes_correct_of_votes_votes	fail	timeout	2702.207	-
plean	crush-portfolio	1	Examples/TwoPhaseCommit.lean|TwoPhaseCommit.Coordinator.WaitForResponses.eNo_correct_of_votes_votes	fail	timeout	16494.101	-
plean	crush-portfolio	1	Examples/TwoPhaseCommit.lean|TwoPhaseCommit.Coordinator.Init.entry_correct_of_votes_votes	pass	-	8944.052	-
plean	crush-portfolio	1	Examples/TwoPhaseCommit.lean|TwoPhaseCommit.Participant.Undecided.eVoteReq_correct_of_votes_votes	pass	-	1120.517	-
plean	crush-portfolio	1	Examples/TwoPhaseCommit.lean|TwoPhaseCommit.Participant.Undecided.eCommit_correct_of_votes_votes	pass	-	1074.883	-
plean	crush-portfolio	1	Examples/TwoPhaseCommit.lean|TwoPhaseCommit.Participant.Undecided.eAbort_correct_of_votes_votes	pass	-	1036.876	-
plean	crush-portfolio	1	Examples/TwoPhaseCommit.lean|TwoPhaseCommit.base_of_default_UniqueActions	pass	-	525.766	-
plean	crush-portfolio	1	Examples/TwoPhaseCommit.lean|TwoPhaseCommit.base_of_default_IncreasingCount	pass	-	515.662	-
plean	crush-portfolio	1	Examples/TwoPhaseCommit.lean|TwoPhaseCommit.base_of_default_ReceivedSubsetSent	pass	-	523.870	-
plean	crush-portfolio	1	Examples/TwoPhaseCommit.lean|TwoPhaseCommit.Coordinator.WaitForResponses.eYes_correct_of_default_default	fail	timeout	7363.194	-
plean	crush-portfolio	1	Examples/TwoPhaseCommit.lean|TwoPhaseCommit.Coordinator.WaitForResponses.eNo_correct_of_default_default	pass	-	2859.605	-
plean	crush-portfolio	1	Examples/TwoPhaseCommit.lean|TwoPhaseCommit.Coordinator.Init.entry_correct_of_default_default	pass	-	2629.965	-
plean	crush-portfolio	1	Examples/TwoPhaseCommit.lean|TwoPhaseCommit.Participant.Undecided.eVoteReq_correct_of_default_default	pass	-	1262.444	-
plean	crush-portfolio	1	Examples/TwoPhaseCommit.lean|TwoPhaseCommit.Participant.Undecided.eCommit_correct_of_default_default	pass	-	2143.303	-
plean	crush-portfolio	1	Examples/TwoPhaseCommit.lean|TwoPhaseCommit.Participant.Undecided.eAbort_correct_of_default_default	pass	-	2138.529	-
plean	crush-portfolio	1	Examples/TwoPhaseCommit.lean|TwoPhaseCommit.base_of_commit_sent_commit_sent_implies_all_yes	pass	-	523.525	-
plean	crush-portfolio	1	Examples/TwoPhaseCommit.lean|TwoPhaseCommit.Coordinator.WaitForResponses.eYes_correct_of_commit_sent_commit_sent_using_votes_system_config	fail	timeout	4179.039	-
plean	crush-portfolio	1	Examples/TwoPhaseCommit.lean|TwoPhaseCommit.Coordinator.WaitForResponses.eNo_correct_of_commit_sent_commit_sent_using_votes_system_config	fail	timeout	18091.788	-
plean	crush-portfolio	1	Examples/TwoPhaseCommit.lean|TwoPhaseCommit.Coordinator.Init.entry_correct_of_commit_sent_commit_sent_using_votes_system_config	pass	-	10497.178	-
plean	crush-portfolio	1	Examples/TwoPhaseCommit.lean|TwoPhaseCommit.Participant.Undecided.eVoteReq_correct_of_commit_sent_commit_sent_using_votes_system_config	pass	-	1209.850	-
plean	crush-portfolio	1	Examples/TwoPhaseCommit.lean|TwoPhaseCommit.Participant.Undecided.eCommit_correct_of_commit_sent_commit_sent_using_votes_system_config	pass	-	659.167	-
plean	crush-portfolio	1	Examples/TwoPhaseCommit.lean|TwoPhaseCommit.Participant.Undecided.eAbort_correct_of_commit_sent_commit_sent_using_votes_system_config	pass	-	676.657	-
plean	crush-portfolio	1	Examples/TwoPhaseCommit.lean|TwoPhaseCommit.base_of_safety_accepted_implies_all_prefer	pass	-	537.755	-
plean	crush-portfolio	1	Examples/TwoPhaseCommit.lean|TwoPhaseCommit.Coordinator.WaitForResponses.eYes_correct_of_safety_safety_using_commit_sent	fail	timeout	2939.568	-
plean	crush-portfolio	1	Examples/TwoPhaseCommit.lean|TwoPhaseCommit.Coordinator.WaitForResponses.eNo_correct_of_safety_safety_using_commit_sent	fail	timeout	16840.152	-
plean	crush-portfolio	1	Examples/TwoPhaseCommit.lean|TwoPhaseCommit.Coordinator.Init.entry_correct_of_safety_safety_using_commit_sent	pass	-	8942.299	-
plean	crush-portfolio	1	Examples/TwoPhaseCommit.lean|TwoPhaseCommit.Participant.Undecided.eVoteReq_correct_of_safety_safety_using_commit_sent	pass	-	1086.918	-
plean	crush-portfolio	1	Examples/TwoPhaseCommit.lean|TwoPhaseCommit.Participant.Undecided.eCommit_correct_of_safety_safety_using_commit_sent	pass	-	657.175	-
plean	crush-portfolio	1	Examples/TwoPhaseCommit.lean|TwoPhaseCommit.Participant.Undecided.eAbort_correct_of_safety_safety_using_commit_sent	pass	-	623.135	-
