suite	lane	repeat	vc_key	declaration	goal_hash	outcome	replay	detail	total_nanos	phases	metrics
plean	crush-verify	1	Examples/ClockBound.lean|ClockBound.base_Safety_gc_is_unique	ClockBound.base_Safety_gc_is_unique	9217783470328235913	verified	not-requested	solver returned unsat; closed under the trust policy	874703168	collect=1336542,pre-reconstruct=1496125,normalize=5789541,monomorphize=107625,instantiate=102209,translate=32939542,solve=832931584	
plean	crush-verify	1	Examples/ClockBound.lean|ClockBound.base_Safety_gc_kind	ClockBound.base_Safety_gc_kind	4747500203123026018	verified	not-requested	solver returned unsat; closed under the trust policy	489160624	collect=250791,pre-reconstruct=520042,normalize=4904000,monomorphize=15625,instantiate=23333,translate=25049250,solve=458397583	
plean	crush-verify	1	Examples/ClockBound.lean|ClockBound.base_Safety_gc_kind	ClockBound.base_Safety_gc_kind	8178575544340140939	verified	not-requested	solver returned unsat; closed under the trust policy	477266833	collect=297000,pre-reconstruct=244792,normalize=5046333,monomorphize=9167,instantiate=13875,translate=25175583,solve=446480083	
plean	crush-verify	1	Examples/ClockBound.lean|ClockBound.base_Safety_gc_kind	ClockBound.base_Safety_gc_kind	14038347652141289466	verified	not-requested	solver returned unsat; closed under the trust policy	486285207	collect=314250,pre-reconstruct=250292,normalize=4969833,monomorphize=9458,instantiate=16041,translate=24799708,solve=455925625	
plean	crush-verify	1	Examples/ClockBound.lean|ClockBound.base_Safety_lc_global	ClockBound.base_Safety_lc_global	4931280644389291719	verified	not-requested	solver returned unsat; closed under the trust policy	494291417	collect=297459,pre-reconstruct=1853916,normalize=5233334,monomorphize=15291,instantiate=23958,translate=27079084,solve=459788375	
plean	crush-verify	1	Examples/ClockBound.lean|ClockBound.base_Safety_lc_client_injective	ClockBound.base_Safety_lc_client_injective	5962498473683230320	verified	not-requested	solver returned unsat; closed under the trust policy	499970500	collect=272833,pre-reconstruct=371250,normalize=5220167,monomorphize=16250,instantiate=25375,translate=29682333,solve=464382292	
plean	crush-verify	1	Examples/ClockBound.lean|ClockBound.base_Safety_gResp_label_payload_target_match	ClockBound.base_Safety_gResp_label_payload_target_match	9655152292311499269	verified	not-requested	solver returned unsat; closed under the trust policy	483685666	collect=287792,pre-reconstruct=1698542,normalize=5081417,monomorphize=17083,instantiate=24250,translate=27857416,solve=448719166	
plean	crush-verify	1	Examples/ClockBound.lean|ClockBound.base_Safety_gQuery_label_target_is_gc	ClockBound.base_Safety_gQuery_label_target_is_gc	2102103490302946582	verified	not-requested	solver returned unsat; closed under the trust policy	495882249	collect=287666,pre-reconstruct=754958,normalize=5147625,monomorphize=16500,instantiate=20125,translate=26931708,solve=462723667	
plean	crush-verify	1	Examples/ClockBound.lean|ClockBound.base_Safety_lResp_label_payload_target_match	ClockBound.base_Safety_lResp_label_payload_target_match	18010496958164174793	verified	not-requested	solver returned unsat; closed under the trust policy	490799081	collect=249583,pre-reconstruct=1527166,normalize=4851041,monomorphize=16416,instantiate=21375,translate=27213000,solve=456920500	
plean	crush-verify	1	Examples/ClockBound.lean|ClockBound.GlobalClock.Serving.eGlobalQuery_correct_Safety_topology	ClockBound.GlobalClock.Serving.eGlobalQuery_correct_Safety_topology	9217783470328235913	verified	not-requested	solver returned unsat; closed under the trust policy	523548125	collect=540708,pre-reconstruct=1672250,normalize=6890875,monomorphize=35834,instantiate=30625,translate=44626375,solve=469751458	
plean	crush-verify	1	Examples/ClockBound.lean|ClockBound.GlobalClock.Serving.eGlobalQuery_correct_Safety_topology	ClockBound.GlobalClock.Serving.eGlobalQuery_correct_Safety_topology	16804949093457988779	verified	not-requested	solver returned unsat; closed under the trust policy	516591749	collect=517542,pre-reconstruct=13273208,normalize=6336125,monomorphize=31667,instantiate=14291,translate=36037375,solve=460381541	
plean	crush-verify	1	Examples/ClockBound.lean|ClockBound.GlobalClock.Serving.eGlobalQuery_correct_Safety_topology	ClockBound.GlobalClock.Serving.eGlobalQuery_correct_Safety_topology	13431363688283874019	verified	not-requested	solver returned unsat; closed under the trust policy	510433835	collect=495916,pre-reconstruct=6233084,normalize=6338334,monomorphize=27209,instantiate=13917,translate=35034542,solve=462290833	
plean	crush-verify	1	Examples/ClockBound.lean|ClockBound.GlobalClock.Serving.eGlobalQuery_correct_Safety_topology	ClockBound.GlobalClock.Serving.eGlobalQuery_correct_Safety_topology	14264473940043153418	verified	not-requested	solver returned unsat; closed under the trust policy	508935915	collect=531083,pre-reconstruct=6605667,normalize=6106000,monomorphize=28708,instantiate=14375,translate=35186416,solve=460463666	
plean	crush-verify	1	Examples/ClockBound.lean|ClockBound.GlobalClock.Serving.eGlobalQuery_correct_Safety_topology	ClockBound.GlobalClock.Serving.eGlobalQuery_correct_Safety_topology	18311800787757908646	verified	not-requested	solver returned unsat; closed under the trust policy	537321750	collect=551792,pre-reconstruct=8355750,normalize=8949500,monomorphize=37417,instantiate=19000,translate=53696250,solve=465712041	
plean	crush-verify	1	Examples/ClockBound.lean|ClockBound.GlobalClock.Serving.eGlobalQuery_correct_Safety_topology	ClockBound.GlobalClock.Serving.eGlobalQuery_correct_Safety_topology	5962498473683230320	verified	not-requested	solver returned unsat; closed under the trust policy	575915375	collect=689708,pre-reconstruct=1504083,normalize=11736917,monomorphize=35667,instantiate=15250,translate=76679417,solve=485254333	
plean	crush-verify	1	Examples/ClockBound.lean|ClockBound.GlobalClock.Serving.eGlobalQuery_correct_Safety_topology	ClockBound.GlobalClock.Serving.eGlobalQuery_correct_Safety_topology	9655152292311499269	verified	not-requested	solver returned unsat; closed under the trust policy	514099417	collect=587500,pre-reconstruct=2336250,normalize=6899000,monomorphize=28084,instantiate=11166,translate=36187208,solve=468050209	
plean	crush-verify	1	Examples/ClockBound.lean|ClockBound.GlobalClock.Serving.eGlobalQuery_correct_Safety_topology	ClockBound.GlobalClock.Serving.eGlobalQuery_correct_Safety_topology	2102103490302946582	verified	not-requested	solver returned unsat; closed under the trust policy	502153499	collect=600667,pre-reconstruct=2028916,normalize=6133750,monomorphize=30791,instantiate=14000,translate=34574750,solve=458770625	
plean	crush-verify	1	Examples/ClockBound.lean|ClockBound.GlobalClock.Serving.eGlobalQuery_correct_Safety_topology	ClockBound.GlobalClock.Serving.eGlobalQuery_correct_Safety_topology	18010496958164174793	verified	not-requested	solver returned unsat; closed under the trust policy	514107250	collect=568042,pre-reconstruct=2170334,normalize=6191917,monomorphize=28583,instantiate=15958,translate=35014000,solve=470118416	
plean	crush-verify	1	Examples/ClockBound.lean|ClockBound.LocalClock.Idle.eLocalQuery_correct_Safety_topology	ClockBound.LocalClock.Idle.eLocalQuery_correct_Safety_topology	9217783470328235913	verified	not-requested	solver returned unsat; closed under the trust policy	512958958	collect=397083,pre-reconstruct=1107458,normalize=6214334,monomorphize=37875,instantiate=24916,translate=34295042,solve=470882250	
plean	crush-verify	1	Examples/ClockBound.lean|ClockBound.LocalClock.Idle.eLocalQuery_correct_Safety_topology	ClockBound.LocalClock.Idle.eLocalQuery_correct_Safety_topology	5378382556050440299	verified	not-requested	solver returned unsat; closed under the trust policy	503493708	collect=499750,pre-reconstruct=7539458,normalize=5985709,monomorphize=29292,instantiate=20916,translate=32654583,solve=456764000	
plean	crush-verify	1	Examples/ClockBound.lean|ClockBound.LocalClock.Idle.eLocalQuery_correct_Safety_topology	ClockBound.LocalClock.Idle.eLocalQuery_correct_Safety_topology	17764943260586014997	verified	not-requested	solver returned unsat; closed under the trust policy	490713916	collect=488792,pre-reconstruct=3656583,normalize=5925958,monomorphize=29333,instantiate=12792,translate=31762625,solve=448837833	
plean	crush-verify	1	Examples/ClockBound.lean|ClockBound.LocalClock.Idle.eLocalQuery_correct_Safety_topology	ClockBound.LocalClock.Idle.eLocalQuery_correct_Safety_topology	14251705215699586742	verified	not-requested	solver returned unsat; closed under the trust policy	509323083	collect=432209,pre-reconstruct=3594666,normalize=6190041,monomorphize=32500,instantiate=18459,translate=33164375,solve=465890833	
plean	crush-verify	1	Examples/ClockBound.lean|ClockBound.LocalClock.Idle.eLocalQuery_correct_Safety_topology	ClockBound.LocalClock.Idle.eLocalQuery_correct_Safety_topology	10051774356768118927	verified	not-requested	solver returned unsat; closed under the trust policy	521861877	collect=516667,pre-reconstruct=4781459,normalize=7271500,monomorphize=31209,instantiate=17542,translate=36935500,solve=472308000	
plean	crush-verify	1	Examples/ClockBound.lean|ClockBound.LocalClock.Idle.eLocalQuery_correct_Safety_topology	ClockBound.LocalClock.Idle.eLocalQuery_correct_Safety_topology	5962498473683230320	verified	not-requested	solver returned unsat; closed under the trust policy	535229584	collect=552417,pre-reconstruct=1388250,normalize=8823000,monomorphize=31417,instantiate=16584,translate=44479833,solve=479938083	
plean	crush-verify	1	Examples/ClockBound.lean|ClockBound.LocalClock.Idle.eLocalQuery_correct_Safety_topology	ClockBound.LocalClock.Idle.eLocalQuery_correct_Safety_topology	9655152292311499269	verified	not-requested	solver returned unsat; closed under the trust policy	508467292	collect=530834,pre-reconstruct=2101542,normalize=5862708,monomorphize=27083,instantiate=16000,translate=34634500,solve=465294625	
plean	crush-verify	1	Examples/ClockBound.lean|ClockBound.LocalClock.Idle.eLocalQuery_correct_Safety_topology	ClockBound.LocalClock.Idle.eLocalQuery_correct_Safety_topology	2102103490302946582	verified	not-requested	solver returned unsat; closed under the trust policy	511497000	collect=511750,pre-reconstruct=1831958,normalize=6092292,monomorphize=28917,instantiate=15500,translate=35356458,solve=467660125	
plean	crush-verify	1	Examples/ClockBound.lean|ClockBound.LocalClock.Idle.eLocalQuery_correct_Safety_topology	ClockBound.LocalClock.Idle.eLocalQuery_correct_Safety_topology	18010496958164174793	verified	not-requested	solver returned unsat; closed under the trust policy	519515999	collect=715666,pre-reconstruct=2282125,normalize=6633750,monomorphize=28625,instantiate=18125,translate=34649333,solve=475188375	
plean	crush-verify	1	Examples/ClockBound.lean|ClockBound.LocalClock.Waiting.eGlobalResponse_correct_Safety_topology	ClockBound.LocalClock.Waiting.eGlobalResponse_correct_Safety_topology	9217783470328235913	verified	not-requested	solver returned unsat; closed under the trust policy	538088083	collect=547583,pre-reconstruct=1496833,normalize=9104958,monomorphize=38458,instantiate=25042,translate=66211709,solve=460663500	
plean	crush-verify	1	Examples/ClockBound.lean|ClockBound.LocalClock.Waiting.eGlobalResponse_correct_Safety_topology	ClockBound.LocalClock.Waiting.eGlobalResponse_correct_Safety_topology	11008845176523822576	verified	not-requested	solver returned unsat; closed under the trust policy	543538291	collect=631167,pre-reconstruct=20738792,normalize=8054208,monomorphize=31958,instantiate=20291,translate=44088375,solve=469973500	
plean	crush-verify	1	Examples/ClockBound.lean|ClockBound.LocalClock.Waiting.eGlobalResponse_correct_Safety_topology	ClockBound.LocalClock.Waiting.eGlobalResponse_correct_Safety_topology	8133513428625142456	verified	not-requested	solver returned unsat; closed under the trust policy	527237874	collect=511000,pre-reconstruct=12938000,normalize=7338125,monomorphize=30083,instantiate=14208,translate=43683667,solve=462722791	
plean	crush-verify	1	Examples/ClockBound.lean|ClockBound.LocalClock.Waiting.eGlobalResponse_correct_Safety_topology	ClockBound.LocalClock.Waiting.eGlobalResponse_correct_Safety_topology	1396054107372167003	verified	not-requested	solver returned unsat; closed under the trust policy	522282542	collect=481916,pre-reconstruct=12804500,normalize=7678334,monomorphize=33500,instantiate=18292,translate=44017291,solve=457248709	
plean	crush-verify	1	Examples/ClockBound.lean|ClockBound.LocalClock.Waiting.eGlobalResponse_correct_Safety_topology	ClockBound.LocalClock.Waiting.eGlobalResponse_correct_Safety_topology	4954061742947908945	verified	not-requested	solver returned unsat; closed under the trust policy	609008999	collect=614125,pre-reconstruct=15243083,normalize=11517875,monomorphize=31208,instantiate=13958,translate=90578041,solve=491010709	
plean	crush-verify	1	Examples/ClockBound.lean|ClockBound.LocalClock.Waiting.eGlobalResponse_correct_Safety_topology	ClockBound.LocalClock.Waiting.eGlobalResponse_correct_Safety_topology	5962498473683230320	verified	not-requested	solver returned unsat; closed under the trust policy	665665459	collect=719209,pre-reconstruct=2229667,normalize=16623208,monomorphize=34125,instantiate=16666,translate=145474542,solve=500568042	
plean	crush-verify	1	Examples/ClockBound.lean|ClockBound.LocalClock.Waiting.eGlobalResponse_correct_Safety_topology	ClockBound.LocalClock.Waiting.eGlobalResponse_correct_Safety_topology	9655152292311499269	verified	not-requested	solver returned unsat; closed under the trust policy	522991085	collect=604625,pre-reconstruct=2500209,normalize=6973875,monomorphize=31250,instantiate=14834,translate=38557000,solve=474309292	
plean	crush-verify	1	Examples/ClockBound.lean|ClockBound.LocalClock.Waiting.eGlobalResponse_correct_Safety_topology	ClockBound.LocalClock.Waiting.eGlobalResponse_correct_Safety_topology	2102103490302946582	verified	not-requested	solver returned unsat; closed under the trust policy	528012250	collect=659541,pre-reconstruct=2416125,normalize=6765959,monomorphize=30708,instantiate=13708,translate=38036750,solve=480089459	
plean	crush-verify	1	Examples/ClockBound.lean|ClockBound.LocalClock.Waiting.eGlobalResponse_correct_Safety_topology	ClockBound.LocalClock.Waiting.eGlobalResponse_correct_Safety_topology	18010496958164174793	verified	not-requested	solver returned unsat; closed under the trust policy	525715916	collect=593125,pre-reconstruct=2372583,normalize=6794833,monomorphize=29292,instantiate=16250,translate=38742291,solve=477167542	
plean	crush-verify	1	Examples/ClockBound.lean|ClockBound.base_Safety_idle_no_gQuery	ClockBound.base_Safety_idle_no_gQuery	17596368786688314336	verified	not-requested	solver returned unsat; closed under the trust policy	499133958	collect=282958,pre-reconstruct=1819250,normalize=5573583,monomorphize=16750,instantiate=22708,translate=29561375,solve=461857334	
plean	crush-verify	1	Examples/ClockBound.lean|ClockBound.base_Safety_idle_no_gResp	ClockBound.base_Safety_idle_no_gResp	12643548649165426940	verified	not-requested	solver returned unsat; closed under the trust policy	500914417	collect=295041,pre-reconstruct=1416000,normalize=7190792,monomorphize=19958,instantiate=22917,translate=30062917,solve=461906792	
plean	crush-verify	1	Examples/ClockBound.lean|ClockBound.base_Safety_gResp_unique_per_lc	ClockBound.base_Safety_gResp_unique_per_lc	10849681932946429018	verified	not-requested	solver returned unsat; closed under the trust policy	494226916	collect=297292,pre-reconstruct=906125,normalize=5695375,monomorphize=21250,instantiate=21208,translate=30408041,solve=456877625	
plean	crush-verify	1	Examples/ClockBound.lean|ClockBound.base_Safety_gQuery_unique_per_lc	ClockBound.base_Safety_gQuery_unique_per_lc	12376273207244004441	verified	not-requested	solver returned unsat; closed under the trust policy	499734711	collect=308792,pre-reconstruct=734083,normalize=5588875,monomorphize=19834,instantiate=22209,translate=31492084,solve=461568834	
plean	crush-verify	1	Examples/ClockBound.lean|ClockBound.base_Safety_gQuery_excludes_gResp	ClockBound.base_Safety_gQuery_excludes_gResp	12643548649165426940	verified	not-requested	solver returned unsat; closed under the trust policy	505609083	collect=290708,pre-reconstruct=1223625,normalize=6129166,monomorphize=20667,instantiate=20500,translate=32301000,solve=465623417	
plean	crush-verify	1	Examples/ClockBound.lean|ClockBound.GlobalClock.Serving.eGlobalQuery_correct_Safety_causal_using_topology	ClockBound.GlobalClock.Serving.eGlobalQuery_correct_Safety_causal_using_topology	17596368786688314336	verified	not-requested	solver returned unsat; closed under the trust policy	589270793	collect=708709,pre-reconstruct=3245583,normalize=15040792,monomorphize=48583,instantiate=32167,translate=79694375,solve=490500584	
plean	crush-verify	1	Examples/ClockBound.lean|ClockBound.GlobalClock.Serving.eGlobalQuery_correct_Safety_causal_using_topology	ClockBound.GlobalClock.Serving.eGlobalQuery_correct_Safety_causal_using_topology	12643548649165426940	verified	not-requested	solver returned unsat; closed under the trust policy	655266000	collect=910417,pre-reconstruct=10256000,normalize=15143042,monomorphize=35875,instantiate=20708,translate=81657292,solve=547242666	
plean	crush-verify	1	Examples/ClockBound.lean|ClockBound.GlobalClock.Serving.eGlobalQuery_correct_Safety_causal_using_topology	ClockBound.GlobalClock.Serving.eGlobalQuery_correct_Safety_causal_using_topology	10849681932946429018	verified	not-requested	solver returned unsat; closed under the trust policy	684269960	collect=858833,pre-reconstruct=3391209,normalize=16911375,monomorphize=43084,instantiate=15167,translate=81012167,solve=582038125	
plean	crush-verify	1	Examples/ClockBound.lean|ClockBound.GlobalClock.Serving.eGlobalQuery_correct_Safety_causal_using_topology	ClockBound.GlobalClock.Serving.eGlobalQuery_correct_Safety_causal_using_topology	12376273207244004441	verified	not-requested	solver returned unsat; closed under the trust policy	612964167	collect=914625,pre-reconstruct=2657375,normalize=17069042,monomorphize=39334,instantiate=18208,translate=86525583,solve=505740000	
plean	crush-verify	1	Examples/ClockBound.lean|ClockBound.GlobalClock.Serving.eGlobalQuery_correct_Safety_causal_using_topology	ClockBound.GlobalClock.Serving.eGlobalQuery_correct_Safety_causal_using_topology	12643548649165426940	verified	not-requested	solver returned unsat; closed under the trust policy	653630875	collect=833875,pre-reconstruct=3887583,normalize=15162750,monomorphize=36792,instantiate=19709,translate=81746541,solve=551943625	
plean	crush-verify	1	Examples/ClockBound.lean|ClockBound.LocalClock.Idle.eLocalQuery_correct_Safety_causal_using_topology	ClockBound.LocalClock.Idle.eLocalQuery_correct_Safety_causal_using_topology	17596368786688314336	verified	not-requested	solver returned unsat; closed under the trust policy	578410833	collect=638500,pre-reconstruct=3015250,normalize=14006375,monomorphize=43875,instantiate=29291,translate=65436917,solve=495240625	
plean	crush-verify	1	Examples/ClockBound.lean|ClockBound.LocalClock.Idle.eLocalQuery_correct_Safety_causal_using_topology	ClockBound.LocalClock.Idle.eLocalQuery_correct_Safety_causal_using_topology	12643548649165426940	verified	not-requested	solver returned unsat; closed under the trust policy	582015624	collect=748458,pre-reconstruct=9504291,normalize=15353041,monomorphize=35542,instantiate=16500,translate=66276417,solve=490081375	
plean	crush-verify	1	Examples/ClockBound.lean|ClockBound.LocalClock.Idle.eLocalQuery_correct_Safety_causal_using_topology	ClockBound.LocalClock.Idle.eLocalQuery_correct_Safety_causal_using_topology	10849681932946429018	verified	not-requested	solver returned unsat; closed under the trust policy	618165749	collect=786916,pre-reconstruct=2435208,normalize=14669917,monomorphize=37958,instantiate=14125,translate=70667625,solve=529554000	
plean	crush-verify	1	Examples/ClockBound.lean|ClockBound.LocalClock.Idle.eLocalQuery_correct_Safety_causal_using_topology	ClockBound.LocalClock.Idle.eLocalQuery_correct_Safety_causal_using_topology	12376273207244004441	verified	not-requested	solver returned unsat; closed under the trust policy	596235416	collect=770500,pre-reconstruct=2440417,normalize=15413667,monomorphize=44125,instantiate=15083,translate=69242333,solve=508309291	
plean	crush-verify	1	Examples/ClockBound.lean|ClockBound.LocalClock.Idle.eLocalQuery_correct_Safety_causal_using_topology	ClockBound.LocalClock.Idle.eLocalQuery_correct_Safety_causal_using_topology	12643548649165426940	verified	not-requested	solver returned unsat; closed under the trust policy	610966915	collect=779416,pre-reconstruct=3924959,normalize=15281833,monomorphize=37208,instantiate=14541,translate=70638958,solve=520290000	
plean	crush-verify	1	Examples/ClockBound.lean|ClockBound.LocalClock.Waiting.eGlobalResponse_correct_Safety_causal_using_topology	ClockBound.LocalClock.Waiting.eGlobalResponse_correct_Safety_causal_using_topology	17596368786688314336	verified	not-requested	solver returned unsat; closed under the trust policy	702361208	collect=830917,pre-reconstruct=3707083,normalize=18978500,monomorphize=52750,instantiate=30500,translate=120514041,solve=558247417	
plean	crush-verify	1	Examples/ClockBound.lean|ClockBound.LocalClock.Waiting.eGlobalResponse_correct_Safety_causal_using_topology	ClockBound.LocalClock.Waiting.eGlobalResponse_correct_Safety_causal_using_topology	12643548649165426940	verified	not-requested	solver returned unsat; closed under the trust policy	705762332	collect=923708,pre-reconstruct=12582875,normalize=18988583,monomorphize=38291,instantiate=17417,translate=118731958,solve=554479500	
plean	crush-verify	1	Examples/ClockBound.lean|ClockBound.LocalClock.Waiting.eGlobalResponse_correct_Safety_causal_using_topology	ClockBound.LocalClock.Waiting.eGlobalResponse_correct_Safety_causal_using_topology	10849681932946429018	verified	not-requested	solver returned unsat; closed under the trust policy	645942625	collect=914000,pre-reconstruct=3133375,normalize=18005792,monomorphize=40750,instantiate=15208,translate=114087750,solve=509745750	
plean	crush-verify	1	Examples/ClockBound.lean|ClockBound.LocalClock.Waiting.eGlobalResponse_correct_Safety_causal_using_topology	ClockBound.LocalClock.Waiting.eGlobalResponse_correct_Safety_causal_using_topology	12376273207244004441	verified	not-requested	solver returned unsat; closed under the trust policy	642765709	collect=936125,pre-reconstruct=3060208,normalize=17919917,monomorphize=38750,instantiate=14084,translate=114925250,solve=505871375	
plean	crush-verify	1	Examples/ClockBound.lean|ClockBound.LocalClock.Waiting.eGlobalResponse_correct_Safety_causal_using_topology	ClockBound.LocalClock.Waiting.eGlobalResponse_correct_Safety_causal_using_topology	12643548649165426940	verified	not-requested	solver returned unsat; closed under the trust policy	650581707	collect=845833,pre-reconstruct=4086875,normalize=18588708,monomorphize=38166,instantiate=14250,translate=112572083,solve=514435792	
plean	crush-verify	1	Examples/ClockBound.lean|ClockBound.base_Safety_globalTime_nonneg	ClockBound.base_Safety_globalTime_nonneg	15016036629177840842	verified	not-requested	solver returned unsat; closed under the trust policy	493071542	collect=360916,pre-reconstruct=126500,normalize=5542792,monomorphize=20083,instantiate=21917,translate=27182584,solve=459816750	
plean	crush-verify	1	Examples/ClockBound.lean|ClockBound.base_Safety_gResp_trueTime_le_globalTime	ClockBound.base_Safety_gResp_trueTime_le_globalTime	12609763566346865927	verified	not-requested	solver returned unsat; closed under the trust policy	517622959	collect=329500,pre-reconstruct=128625,normalize=5919375,monomorphize=24792,instantiate=33625,translate=30243584,solve=480943458	
plean	crush-verify	1	Examples/ClockBound.lean|ClockBound.base_Safety_gResp_trueTime_pos	ClockBound.base_Safety_gResp_trueTime_pos	15641868076348175499	verified	not-requested	solver returned unsat; closed under the trust policy	497175125	collect=290167,pre-reconstruct=141000,normalize=5143875,monomorphize=17333,instantiate=23875,translate=26364542,solve=465194333	
plean	crush-verify	1	Examples/ClockBound.lean|ClockBound.base_Safety_lc_currEarly_le_globalTime	ClockBound.base_Safety_lc_currEarly_le_globalTime	7959936823214615021	verified	not-requested	solver returned unsat; closed under the trust policy	505436751	collect=268750,pre-reconstruct=109917,normalize=5366333,monomorphize=15959,instantiate=20042,translate=28843250,solve=470812500	
plean	crush-verify	1	Examples/ClockBound.lean|ClockBound.base_Safety_lc_currEarly_nonneg	ClockBound.base_Safety_lc_currEarly_nonneg	16744598148885465936	verified	not-requested	solver returned unsat; closed under the trust policy	498511124	collect=248500,pre-reconstruct=105208,normalize=5049833,monomorphize=16708,instantiate=23250,translate=27056666,solve=466010959	
plean	crush-verify	1	Examples/ClockBound.lean|ClockBound.base_Safety_lResp_trueTime_le_globalTime	ClockBound.base_Safety_lResp_trueTime_le_globalTime	1935629447783981196	verified	not-requested	solver returned unsat; closed under the trust policy	499178584	collect=290917,pre-reconstruct=128625,normalize=5356417,monomorphize=18292,instantiate=19833,translate=29116250,solve=464248250	
plean	crush-verify	1	Examples/ClockBound.lean|ClockBound.GlobalClock.Serving.eGlobalQuery_correct_Safety_global_time_using_topology_causal	ClockBound.GlobalClock.Serving.eGlobalQuery_correct_Safety_global_time_using_topology_causal	327111620200573234	verified	not-requested	solver returned unsat; closed under the trust policy	668750749	collect=733375,pre-reconstruct=28278541,normalize=17884500,monomorphize=47750,instantiate=24792,translate=84762958,solve=537018833	
plean	crush-verify	1	Examples/ClockBound.lean|ClockBound.GlobalClock.Serving.eGlobalQuery_correct_Safety_global_time_using_topology_causal	ClockBound.GlobalClock.Serving.eGlobalQuery_correct_Safety_global_time_using_topology_causal	14569801228064836222	verified	not-requested	solver returned unsat; closed under the trust policy	718823373	collect=903541,pre-reconstruct=28705083,normalize=19071458,monomorphize=45334,instantiate=15166,translate=96060833,solve=574021958	
plean	crush-verify	1	Examples/ClockBound.lean|ClockBound.GlobalClock.Serving.eGlobalQuery_correct_Safety_global_time_using_topology_causal	ClockBound.GlobalClock.Serving.eGlobalQuery_correct_Safety_global_time_using_topology_causal	15641868076348175499	verified	not-requested	solver returned unsat; closed under the trust policy	645482625	collect=843334,pre-reconstruct=4119333,normalize=16435333,monomorphize=40750,instantiate=16792,translate=71364458,solve=552662625	
plean	crush-verify	1	Examples/ClockBound.lean|ClockBound.GlobalClock.Serving.eGlobalQuery_correct_Safety_global_time_using_topology_causal	ClockBound.GlobalClock.Serving.eGlobalQuery_correct_Safety_global_time_using_topology_causal	1988608925920829094	verified	not-requested	solver returned unsat; closed under the trust policy	722349208	collect=884875,pre-reconstruct=29340542,normalize=20950959,monomorphize=41208,instantiate=17291,translate=109734875,solve=561379458	
plean	crush-verify	1	Examples/ClockBound.lean|ClockBound.GlobalClock.Serving.eGlobalQuery_correct_Safety_global_time_using_topology_causal	ClockBound.GlobalClock.Serving.eGlobalQuery_correct_Safety_global_time_using_topology_causal	12198363826653547569	verified	not-requested	solver returned unsat; closed under the trust policy	651545792	collect=870667,pre-reconstruct=16608083,normalize=18812167,monomorphize=44833,instantiate=14542,translate=89927666,solve=525267834	
plean	crush-verify	1	Examples/ClockBound.lean|ClockBound.GlobalClock.Serving.eGlobalQuery_correct_Safety_global_time_using_topology_causal	ClockBound.GlobalClock.Serving.eGlobalQuery_correct_Safety_global_time_using_topology_causal	10367416007846947672	verified	not-requested	solver returned unsat; closed under the trust policy	770181625	collect=900583,pre-reconstruct=29198125,normalize=18808542,monomorphize=39667,instantiate=17084,translate=89170208,solve=632047416	
plean	crush-verify	1	Examples/ClockBound.lean|ClockBound.LocalClock.Idle.eLocalQuery_correct_Safety_global_time_using_topology_causal	ClockBound.LocalClock.Idle.eLocalQuery_correct_Safety_global_time_using_topology_causal	1593003576436825992	verified	not-requested	solver returned unsat; closed under the trust policy	646131751	collect=657292,pre-reconstruct=28671417,normalize=16282583,monomorphize=45125,instantiate=24542,translate=72995708,solve=527455084	
plean	crush-verify	1	Examples/ClockBound.lean|ClockBound.LocalClock.Idle.eLocalQuery_correct_Safety_global_time_using_topology_causal	ClockBound.LocalClock.Idle.eLocalQuery_correct_Safety_global_time_using_topology_causal	13283348266636598248	verified	not-requested	solver returned unsat; closed under the trust policy	757213206	collect=889125,pre-reconstruct=29739708,normalize=19049500,monomorphize=42416,instantiate=15625,translate=80471291,solve=627005541	
plean	crush-verify	1	Examples/ClockBound.lean|ClockBound.LocalClock.Idle.eLocalQuery_correct_Safety_global_time_using_topology_causal	ClockBound.LocalClock.Idle.eLocalQuery_correct_Safety_global_time_using_topology_causal	15641868076348175499	verified	not-requested	solver returned unsat; closed under the trust policy	630903000	collect=877625,pre-reconstruct=4200500,normalize=16255667,monomorphize=39833,instantiate=14833,translate=74182750,solve=535331792	
plean	crush-verify	1	Examples/ClockBound.lean|ClockBound.LocalClock.Idle.eLocalQuery_correct_Safety_global_time_using_topology_causal	ClockBound.LocalClock.Idle.eLocalQuery_correct_Safety_global_time_using_topology_causal	314734623649752524	verified	not-requested	solver returned unsat; closed under the trust policy	680405043	collect=818792,pre-reconstruct=29315167,normalize=18448375,monomorphize=42667,instantiate=18500,translate=80180167,solve=551581375	
plean	crush-verify	1	Examples/ClockBound.lean|ClockBound.LocalClock.Idle.eLocalQuery_correct_Safety_global_time_using_topology_causal	ClockBound.LocalClock.Idle.eLocalQuery_correct_Safety_global_time_using_topology_causal	2525784664712972337	verified	not-requested	solver returned unsat; closed under the trust policy	663457252	collect=780750,pre-reconstruct=17433292,normalize=19313084,monomorphize=58208,instantiate=17459,translate=80024459,solve=545830000	
plean	crush-verify	1	Examples/ClockBound.lean|ClockBound.LocalClock.Idle.eLocalQuery_correct_Safety_global_time_using_topology_causal	ClockBound.LocalClock.Idle.eLocalQuery_correct_Safety_global_time_using_topology_causal	4298950767214619316	verified	not-requested	solver returned unsat; closed under the trust policy	838542043	collect=840375,pre-reconstruct=29120250,normalize=17922625,monomorphize=40917,instantiate=15375,translate=81605542,solve=708996959	
plean	crush-verify	1	Examples/ClockBound.lean|ClockBound.LocalClock.Waiting.eGlobalResponse_correct_Safety_global_time_using_topology_causal	ClockBound.LocalClock.Waiting.eGlobalResponse_correct_Safety_global_time_using_topology_causal	1269762195771883866	verified	not-requested	solver returned unsat; closed under the trust policy	709705499	collect=932375,pre-reconstruct=28496750,normalize=21469625,monomorphize=51000,instantiate=32833,translate=114115958,solve=544606958	
plean	crush-verify	1	Examples/ClockBound.lean|ClockBound.LocalClock.Waiting.eGlobalResponse_correct_Safety_global_time_using_topology_causal	ClockBound.LocalClock.Waiting.eGlobalResponse_correct_Safety_global_time_using_topology_causal	12800996476405111762	verified	not-requested	solver returned unsat; closed under the trust policy	824470751	collect=1012917,pre-reconstruct=30042875,normalize=22930000,monomorphize=46000,instantiate=52459,translate=129296417,solve=641090083	
plean	crush-verify	1	Examples/ClockBound.lean|ClockBound.LocalClock.Waiting.eGlobalResponse_correct_Safety_global_time_using_topology_causal	ClockBound.LocalClock.Waiting.eGlobalResponse_correct_Safety_global_time_using_topology_causal	15641868076348175499	verified	not-requested	solver returned unsat; closed under the trust policy	635532627	collect=830500,pre-reconstruct=4191875,normalize=16927542,monomorphize=49042,instantiate=15459,translate=79594792,solve=533923417	
plean	crush-verify	1	Examples/ClockBound.lean|ClockBound.LocalClock.Waiting.eGlobalResponse_correct_Safety_global_time_using_topology_causal	ClockBound.LocalClock.Waiting.eGlobalResponse_correct_Safety_global_time_using_topology_causal	7755917250996636014	verified	not-requested	solver returned unsat; closed under the trust policy	830446916	collect=1070375,pre-reconstruct=29290250,normalize=26527209,monomorphize=46291,instantiate=20041,translate=173270833,solve=600221917	
plean	crush-verify	1	Examples/ClockBound.lean|ClockBound.LocalClock.Waiting.eGlobalResponse_correct_Safety_global_time_using_topology_causal	ClockBound.LocalClock.Waiting.eGlobalResponse_correct_Safety_global_time_using_topology_causal	16689265288877707107	verified	not-requested	solver returned unsat; closed under the trust policy	729767459	collect=875583,pre-reconstruct=15691250,normalize=20922584,monomorphize=41208,instantiate=14625,translate=125377584,solve=566844625	
plean	crush-verify	1	Examples/ClockBound.lean|ClockBound.LocalClock.Waiting.eGlobalResponse_correct_Safety_global_time_using_topology_causal	ClockBound.LocalClock.Waiting.eGlobalResponse_correct_Safety_global_time_using_topology_causal	11464482663057027571	verified	not-requested	solver returned unsat; closed under the trust policy	816908210	collect=910666,pre-reconstruct=29496584,normalize=21886625,monomorphize=47334,instantiate=20042,translate=121524750,solve=643022209	
plean	crush-verify	1	Examples/ClockBound.lean|ClockBound.base_Safety_gResp_target_currEarly	ClockBound.base_Safety_gResp_target_currEarly	14115317460141931661	verified	not-requested	solver returned unsat; closed under the trust policy	503950833	collect=297333,pre-reconstruct=116917,normalize=5351708,monomorphize=17583,instantiate=22666,translate=29029209,solve=469115417	
plean	crush-verify	1	Examples/ClockBound.lean|ClockBound.base_Safety_lResp_trueTime_le_inflight_gResp	ClockBound.base_Safety_lResp_trueTime_le_inflight_gResp	9159584641452929094	verified	not-requested	solver returned unsat; closed under the trust policy	510729541	collect=366250,pre-reconstruct=128875,normalize=5565083,monomorphize=19542,instantiate=26500,translate=30946000,solve=473677291	
plean	crush-verify	1	Examples/ClockBound.lean|ClockBound.GlobalClock.Serving.eGlobalQuery_correct_Safety_linking_using_topology_causal_global_time	ClockBound.GlobalClock.Serving.eGlobalQuery_correct_Safety_linking_using_topology_causal_global_time	11251067094992062382	verified	not-requested	solver returned unsat; closed under the trust policy	759902833	collect=872583,pre-reconstruct=26070917,normalize=21011291,monomorphize=50792,instantiate=27792,translate=107653708,solve=604215750	
plean	crush-verify	1	Examples/ClockBound.lean|ClockBound.GlobalClock.Serving.eGlobalQuery_correct_Safety_linking_using_topology_causal_global_time	ClockBound.GlobalClock.Serving.eGlobalQuery_correct_Safety_linking_using_topology_causal_global_time	9159584641452929094	verified	not-requested	solver returned unsat; closed under the trust policy	895500000	collect=1072584,pre-reconstruct=5043875,normalize=23356375,monomorphize=44958,instantiate=14958,translate=107577750,solve=758389500	
plean	crush-verify	1	Examples/ClockBound.lean|ClockBound.LocalClock.Idle.eLocalQuery_correct_Safety_linking_using_topology_causal_global_time	ClockBound.LocalClock.Idle.eLocalQuery_correct_Safety_linking_using_topology_causal_global_time	17721448155896825669	verified	not-requested	solver returned unsat; closed under the trust policy	714275417	collect=757542,pre-reconstruct=27282583,normalize=19889084,monomorphize=52916,instantiate=27833,translate=88791250,solve=577474209	
plean	crush-verify	1	Examples/ClockBound.lean|ClockBound.LocalClock.Idle.eLocalQuery_correct_Safety_linking_using_topology_causal_global_time	ClockBound.LocalClock.Idle.eLocalQuery_correct_Safety_linking_using_topology_causal_global_time	9159584641452929094	verified	not-requested	solver returned unsat; closed under the trust policy	942856748	collect=1014708,pre-reconstruct=5546291,normalize=23187417,monomorphize=48708,instantiate=18833,translate=98436791,solve=814604000	
plean	crush-verify	1	Examples/ClockBound.lean|ClockBound.LocalClock.Waiting.eGlobalResponse_correct_Safety_linking_using_topology_causal_global_time	ClockBound.LocalClock.Waiting.eGlobalResponse_correct_Safety_linking_using_topology_causal_global_time	16865754606763250264	verified	not-requested	solver returned unsat; closed under the trust policy	825363666	collect=937666,pre-reconstruct=26274667,normalize=24274916,monomorphize=51500,instantiate=24417,translate=143990208,solve=629810292	
plean	crush-verify	1	Examples/ClockBound.lean|ClockBound.LocalClock.Waiting.eGlobalResponse_correct_Safety_linking_using_topology_causal_global_time	ClockBound.LocalClock.Waiting.eGlobalResponse_correct_Safety_linking_using_topology_causal_global_time	9159584641452929094	verified	not-requested	solver returned unsat; closed under the trust policy	924526208	collect=1091208,pre-reconstruct=4785458,normalize=25255458,monomorphize=49417,instantiate=15708,translate=157175000,solve=736153959	
plean	crush-verify	1	Examples/ClockBound.lean|ClockBound.base_Safety_lResp_earliest_le_trueTime	ClockBound.base_Safety_lResp_earliest_le_trueTime	13513896413497753601	verified	not-requested	solver returned unsat; closed under the trust policy	510763500	collect=379875,pre-reconstruct=139458,normalize=5780333,monomorphize=20000,instantiate=24125,translate=31480250,solve=472939459	
plean	crush-verify	1	Examples/ClockBound.lean|ClockBound.GlobalClock.Serving.eGlobalQuery_correct_Safety_lresp_earliest_le_trueTime_lemma_using_topology_causal_global_time_linking	ClockBound.GlobalClock.Serving.eGlobalQuery_correct_Safety_lresp_earliest_le_trueTime_lemma_using_topology_causal_global_time_linking	13513896413497753601	verified	not-requested	solver returned unsat; closed under the trust policy	659934960	collect=738708,pre-reconstruct=3421625,normalize=19937292,monomorphize=55334,instantiate=29167,translate=91740667,solve=544012167	
plean	crush-verify	1	Examples/ClockBound.lean|ClockBound.LocalClock.Idle.eLocalQuery_correct_Safety_lresp_earliest_le_trueTime_lemma_using_topology_causal_global_time_linking	ClockBound.LocalClock.Idle.eLocalQuery_correct_Safety_lresp_earliest_le_trueTime_lemma_using_topology_causal_global_time_linking	13513896413497753601	verified	not-requested	solver returned unsat; closed under the trust policy	703376000	collect=980000,pre-reconstruct=3615042,normalize=19221041,monomorphize=62875,instantiate=30709,translate=94580083,solve=584886250	
plean	crush-verify	1	Examples/ClockBound.lean|ClockBound.LocalClock.Waiting.eGlobalResponse_correct_Safety_lresp_earliest_le_trueTime_lemma_using_topology_causal_global_time_linking	ClockBound.LocalClock.Waiting.eGlobalResponse_correct_Safety_lresp_earliest_le_trueTime_lemma_using_topology_causal_global_time_linking	13513896413497753601	verified	not-requested	solver returned unsat; closed under the trust policy	695395793	collect=986667,pre-reconstruct=3546250,normalize=18727959,monomorphize=50625,instantiate=27459,translate=91165083,solve=580891750	
plean	crush-verify	1	Examples/ClockBound.lean|ClockBound.base_Safety_lResp_trueTime_le_latest	ClockBound.base_Safety_lResp_trueTime_le_latest	7299217268447103856	verified	not-requested	solver returned unsat; closed under the trust policy	496198124	collect=277500,pre-reconstruct=107375,normalize=5268791,monomorphize=18916,instantiate=21541,translate=29128459,solve=461375542	
plean	crush-verify	1	Examples/ClockBound.lean|ClockBound.GlobalClock.Serving.eGlobalQuery_correct_Safety_lresp_trueTime_le_latest_lemma_using_topology_causal_global_time_linking	ClockBound.GlobalClock.Serving.eGlobalQuery_correct_Safety_lresp_trueTime_le_latest_lemma_using_topology_causal_global_time_linking	7299217268447103856	verified	not-requested	solver returned unsat; closed under the trust policy	673541416	collect=740709,pre-reconstruct=3221500,normalize=18003541,monomorphize=50833,instantiate=26791,translate=86237250,solve=565260792	
plean	crush-verify	1	Examples/ClockBound.lean|ClockBound.LocalClock.Idle.eLocalQuery_correct_Safety_lresp_trueTime_le_latest_lemma_using_topology_causal_global_time_linking	ClockBound.LocalClock.Idle.eLocalQuery_correct_Safety_lresp_trueTime_le_latest_lemma_using_topology_causal_global_time_linking	7299217268447103856	verified	not-requested	solver returned unsat; closed under the trust policy	661472792	collect=833125,pre-reconstruct=3175958,normalize=18822583,monomorphize=55166,instantiate=30959,translate=87034709,solve=551520292	
plean	crush-verify	1	Examples/ClockBound.lean|ClockBound.LocalClock.Waiting.eGlobalResponse_correct_Safety_lresp_trueTime_le_latest_lemma_using_topology_causal_global_time_linking	ClockBound.LocalClock.Waiting.eGlobalResponse_correct_Safety_lresp_trueTime_le_latest_lemma_using_topology_causal_global_time_linking	7299217268447103856	verified	not-requested	solver returned unsat; closed under the trust policy	680175583	collect=899208,pre-reconstruct=3223625,normalize=18352125,monomorphize=51875,instantiate=27458,translate=86533917,solve=571087375	
plean	crush-verify	1	Examples/ClockBound.lean|ClockBound.base_Safety_lc_currEarly_bounds_earliest	ClockBound.base_Safety_lc_currEarly_bounds_earliest	14233989364540634623	verified	not-requested	solver returned unsat; closed under the trust policy	506172334	collect=294125,pre-reconstruct=113000,normalize=5344125,monomorphize=16959,instantiate=23125,translate=31741792,solve=468639208	
plean	crush-verify	1	Examples/ClockBound.lean|ClockBound.GlobalClock.Serving.eGlobalQuery_correct_Safety_lc_currEarly_bounds_earliest_lemma_using_topology_causal_global_time_linking	ClockBound.GlobalClock.Serving.eGlobalQuery_correct_Safety_lc_currEarly_bounds_earliest_lemma_using_topology_causal_global_time_linking	7403663779525726707	verified	not-requested	solver returned unsat; closed under the trust policy	891812751	collect=998583,pre-reconstruct=17927792,normalize=24783542,monomorphize=63708,instantiate=26792,translate=147163292,solve=700849042	
plean	crush-verify	1	Examples/ClockBound.lean|ClockBound.LocalClock.Idle.eLocalQuery_correct_Safety_lc_currEarly_bounds_earliest_lemma_using_topology_causal_global_time_linking	ClockBound.LocalClock.Idle.eLocalQuery_correct_Safety_lc_currEarly_bounds_earliest_lemma_using_topology_causal_global_time_linking	10097702384650176630	verified	not-requested	solver returned unsat; closed under the trust policy	892369667	collect=867958,pre-reconstruct=20707791,normalize=22202417,monomorphize=59208,instantiate=37292,translate=96802459,solve=751692542	
plean	crush-verify	1	Examples/ClockBound.lean|ClockBound.LocalClock.Waiting.eGlobalResponse_correct_Safety_lc_currEarly_bounds_earliest_lemma_using_topology_causal_global_time_linking	ClockBound.LocalClock.Waiting.eGlobalResponse_correct_Safety_lc_currEarly_bounds_earliest_lemma_using_topology_causal_global_time_linking	13331293180997607598	verified	not-requested	solver returned unsat; closed under the trust policy	979975250	collect=1047542,pre-reconstruct=18224416,normalize=26756292,monomorphize=54875,instantiate=24167,translate=162975250,solve=770892708	
plean	crush-verify	1	Examples/ClockBound.lean|ClockBound.base_Safety_g1	ClockBound.base_Safety_g1	5379138386581699736	verified	not-requested	solver returned unsat; closed under the trust policy	504341960	collect=344084,pre-reconstruct=161958,normalize=5454417,monomorphize=16584,instantiate=22583,translate=30003167,solve=468339167	
plean	crush-verify	1	Examples/ClockBound.lean|ClockBound.GlobalClock.Serving.eGlobalQuery_correct_Safety_G1_using_topology_causal_global_time_linking_lresp_earliest_le_trueTime_lemma_lresp_trueTime_le_latest_lemma_lc_currEarly_bounds_earliest_lemma	ClockBound.GlobalClock.Serving.eGlobalQuery_correct_Safety_G1_using_topology_causal_global_time_linking_lresp_earliest_le_trueTime_lemma_lresp_trueTime_le_latest_lemma_lc_currEarly_bounds_earliest_lemma	5379138386581699736	verified	not-requested	solver returned unsat; closed under the trust policy	686316541	collect=821834,pre-reconstruct=3345875,normalize=20089291,monomorphize=53292,instantiate=27667,translate=99328666,solve=562649916	
plean	crush-verify	1	Examples/ClockBound.lean|ClockBound.LocalClock.Idle.eLocalQuery_correct_Safety_G1_using_topology_causal_global_time_linking_lresp_earliest_le_trueTime_lemma_lresp_trueTime_le_latest_lemma_lc_currEarly_bounds_earliest_lemma	ClockBound.LocalClock.Idle.eLocalQuery_correct_Safety_G1_using_topology_causal_global_time_linking_lresp_earliest_le_trueTime_lemma_lresp_trueTime_le_latest_lemma_lc_currEarly_bounds_earliest_lemma	5379138386581699736	verified	not-requested	solver returned unsat; closed under the trust policy	697895210	collect=933417,pre-reconstruct=3455250,normalize=21508209,monomorphize=92000,instantiate=31875,translate=105965500,solve=565908959	
plean	crush-verify	1	Examples/ClockBound.lean|ClockBound.LocalClock.Waiting.eGlobalResponse_correct_Safety_G1_using_topology_causal_global_time_linking_lresp_earliest_le_trueTime_lemma_lresp_trueTime_le_latest_lemma_lc_currEarly_bounds_earliest_lemma	ClockBound.LocalClock.Waiting.eGlobalResponse_correct_Safety_G1_using_topology_causal_global_time_linking_lresp_earliest_le_trueTime_lemma_lresp_trueTime_le_latest_lemma_lc_currEarly_bounds_earliest_lemma	5379138386581699736	verified	not-requested	solver returned unsat; closed under the trust policy	759919499	collect=886583,pre-reconstruct=3350333,normalize=20771708,monomorphize=67791,instantiate=25500,translate=113619042,solve=621198542	
plean	crush-verify	1	Examples/ClockBound.lean|ClockBound.base_Safety_g2	ClockBound.base_Safety_g2	6568025738528990442	verified	not-requested	solver returned unsat; closed under the trust policy	502360042	collect=296917,pre-reconstruct=151083,normalize=5249417,monomorphize=17792,instantiate=24583,translate=29265625,solve=467354625	
plean	crush-verify	1	Examples/ClockBound.lean|ClockBound.GlobalClock.Serving.eGlobalQuery_correct_Safety_G2_using_topology_causal_global_time_linking_lresp_earliest_le_trueTime_lemma_lresp_trueTime_le_latest_lemma_lc_currEarly_bounds_earliest_lemma	ClockBound.GlobalClock.Serving.eGlobalQuery_correct_Safety_G2_using_topology_causal_global_time_linking_lresp_earliest_le_trueTime_lemma_lresp_trueTime_le_latest_lemma_lc_currEarly_bounds_earliest_lemma	6568025738528990442	verified	not-requested	solver returned unsat; closed under the trust policy	708085583	collect=936292,pre-reconstruct=3591125,normalize=21586000,monomorphize=56083,instantiate=27500,translate=103417625,solve=578470958	
plean	crush-verify	1	Examples/ClockBound.lean|ClockBound.LocalClock.Idle.eLocalQuery_correct_Safety_G2_using_topology_causal_global_time_linking_lresp_earliest_le_trueTime_lemma_lresp_trueTime_le_latest_lemma_lc_currEarly_bounds_earliest_lemma	ClockBound.LocalClock.Idle.eLocalQuery_correct_Safety_G2_using_topology_causal_global_time_linking_lresp_earliest_le_trueTime_lemma_lresp_trueTime_le_latest_lemma_lc_currEarly_bounds_earliest_lemma	6568025738528990442	verified	not-requested	solver returned unsat; closed under the trust policy	711002875	collect=990875,pre-reconstruct=3604167,normalize=21104417,monomorphize=57166,instantiate=25125,translate=107519333,solve=577701792	
plean	crush-verify	1	Examples/ClockBound.lean|ClockBound.LocalClock.Waiting.eGlobalResponse_correct_Safety_G2_using_topology_causal_global_time_linking_lresp_earliest_le_trueTime_lemma_lresp_trueTime_le_latest_lemma_lc_currEarly_bounds_earliest_lemma	ClockBound.LocalClock.Waiting.eGlobalResponse_correct_Safety_G2_using_topology_causal_global_time_linking_lresp_earliest_le_trueTime_lemma_lresp_trueTime_le_latest_lemma_lc_currEarly_bounds_earliest_lemma	6568025738528990442	verified	not-requested	solver returned unsat; closed under the trust policy	755053250	collect=1005375,pre-reconstruct=3376667,normalize=20994958,monomorphize=54458,instantiate=29750,translate=106504458,solve=623087584	
plean	crush-verify	1	Examples/ClockBound.lean|ClockBound.base_Safety_g3	ClockBound.base_Safety_g3	2923695510764499506	verified	not-requested	solver returned unsat; closed under the trust policy	555823291	collect=404625,pre-reconstruct=131291,normalize=5182875,monomorphize=18958,instantiate=22042,translate=32984125,solve=517079375	
plean	crush-verify	1	Examples/ClockBound.lean|ClockBound.GlobalClock.Serving.eGlobalQuery_correct_Safety_G3_using_topology_causal_global_time_linking_lresp_earliest_le_trueTime_lemma_lresp_trueTime_le_latest_lemma_lc_currEarly_bounds_earliest_lemma	ClockBound.GlobalClock.Serving.eGlobalQuery_correct_Safety_G3_using_topology_causal_global_time_linking_lresp_earliest_le_trueTime_lemma_lresp_trueTime_le_latest_lemma_lc_currEarly_bounds_earliest_lemma	2923695510764499506	verified	not-requested	solver returned unsat; closed under the trust policy	823026251	collect=962333,pre-reconstruct=3266542,normalize=21335792,monomorphize=64834,instantiate=30542,translate=100867458,solve=696498750	
plean	crush-verify	1	Examples/ClockBound.lean|ClockBound.LocalClock.Idle.eLocalQuery_correct_Safety_G3_using_topology_causal_global_time_linking_lresp_earliest_le_trueTime_lemma_lresp_trueTime_le_latest_lemma_lc_currEarly_bounds_earliest_lemma	ClockBound.LocalClock.Idle.eLocalQuery_correct_Safety_G3_using_topology_causal_global_time_linking_lresp_earliest_le_trueTime_lemma_lresp_trueTime_le_latest_lemma_lc_currEarly_bounds_earliest_lemma	2923695510764499506	verified	not-requested	solver returned unsat; closed under the trust policy	792503458	collect=928542,pre-reconstruct=3873125,normalize=23185833,monomorphize=65791,instantiate=29750,translate=104585084,solve=659835333	
plean	crush-verify	1	Examples/ClockBound.lean|ClockBound.LocalClock.Waiting.eGlobalResponse_correct_Safety_G3_using_topology_causal_global_time_linking_lresp_earliest_le_trueTime_lemma_lresp_trueTime_le_latest_lemma_lc_currEarly_bounds_earliest_lemma	ClockBound.LocalClock.Waiting.eGlobalResponse_correct_Safety_G3_using_topology_causal_global_time_linking_lresp_earliest_le_trueTime_lemma_lresp_trueTime_le_latest_lemma_lc_currEarly_bounds_earliest_lemma	2923695510764499506	verified	not-requested	solver returned unsat; closed under the trust policy	934418418	collect=954959,pre-reconstruct=3286708,normalize=20779959,monomorphize=56166,instantiate=25917,translate=103204250,solve=806110459	
plean	crush-portfolio	1	Examples/ClockBound.lean|ClockBound.base_Safety_gc_is_unique	ClockBound.base_Safety_gc_is_unique	9217783470328235913	core-reconstructed	certificate-error	core-directed reconstruction succeeded	573727710	collect=1420125,pre-reconstruct=2059500,normalize=5607542,monomorphize=110375,instantiate=96625,translate=31646792,solve=482823125,replay=140209,reconstruct=49823417	
plean	crush-portfolio	1	Examples/ClockBound.lean|ClockBound.base_Safety_gc_kind	ClockBound.base_Safety_gc_kind	4747500203123026018	core-reconstructed	certificate-error	core-directed reconstruction succeeded	479837958	collect=235750,pre-reconstruct=464750,normalize=6779083,monomorphize=14541,instantiate=17667,translate=24954250,solve=442591292,replay=20875,reconstruct=4759750	
plean	crush-portfolio	1	Examples/ClockBound.lean|ClockBound.base_Safety_gc_kind	ClockBound.base_Safety_gc_kind	8178575544340140939	core-reconstructed	certificate-error	core-directed reconstruction succeeded	509850875	collect=249292,pre-reconstruct=186709,normalize=4987125,monomorphize=10542,instantiate=14416,translate=25493166,solve=438113083,replay=9833,reconstruct=40786709	
plean	crush-portfolio	1	Examples/ClockBound.lean|ClockBound.base_Safety_gc_kind	ClockBound.base_Safety_gc_kind	14038347652141289466	core-reconstructed	certificate-error	core-directed reconstruction succeeded	539618959	collect=173334,pre-reconstruct=195083,normalize=4517125,monomorphize=9500,instantiate=8417,translate=24853500,solve=468853750,replay=9917,reconstruct=40998333	
plean	crush-portfolio	1	Examples/ClockBound.lean|ClockBound.base_Safety_lc_global	ClockBound.base_Safety_lc_global	4931280644389291719	core-reconstructed	certificate-error	core-directed reconstruction succeeded	536564292	collect=294750,pre-reconstruct=1630083,normalize=5161958,monomorphize=14792,instantiate=17875,translate=26853333,solve=452110584,replay=18583,reconstruct=50462334	
plean	crush-portfolio	1	Examples/ClockBound.lean|ClockBound.base_Safety_lc_client_injective	ClockBound.base_Safety_lc_client_injective	5962498473683230320	core-reconstructed	certificate-error	core-directed reconstruction succeeded	544998248	collect=284291,pre-reconstruct=405500,normalize=5414208,monomorphize=18541,instantiate=18833,translate=31152834,solve=455045458,replay=17500,reconstruct=52641083	
plean	crush-portfolio	1	Examples/ClockBound.lean|ClockBound.base_Safety_gResp_label_payload_target_match	ClockBound.base_Safety_gResp_label_payload_target_match	9655152292311499269	core-reconstructed	certificate-error	core-directed reconstruction succeeded	525844167	collect=264625,pre-reconstruct=1673958,normalize=5530916,monomorphize=18500,instantiate=22583,translate=28206792,solve=447332250,replay=17334,reconstruct=42777209	
plean	crush-portfolio	1	Examples/ClockBound.lean|ClockBound.base_Safety_gQuery_label_target_is_gc	ClockBound.base_Safety_gQuery_label_target_is_gc	2102103490302946582	core-reconstructed	certificate-error	core-directed reconstruction succeeded	540867375	collect=273625,pre-reconstruct=748125,normalize=5117000,monomorphize=15375,instantiate=16125,translate=27151125,solve=466094542,replay=22625,reconstruct=41428833	
plean	crush-portfolio	1	Examples/ClockBound.lean|ClockBound.base_Safety_lResp_label_payload_target_match	ClockBound.base_Safety_lResp_label_payload_target_match	18010496958164174793	core-reconstructed	certificate-error	core-directed reconstruction succeeded	523377624	collect=280833,pre-reconstruct=1493958,normalize=4911042,monomorphize=15792,instantiate=17000,translate=28457166,solve=446373875,replay=18041,reconstruct=41809917	
plean	crush-portfolio	1	Examples/ClockBound.lean|ClockBound.GlobalClock.Serving.eGlobalQuery_correct_Safety_topology	ClockBound.GlobalClock.Serving.eGlobalQuery_correct_Safety_topology	9217783470328235913	pre-reconstructed	not-attempted	closed before SMT translation	1796217167	collect=551667,pre-reconstruct=1795665500	
plean	crush-portfolio	1	Examples/ClockBound.lean|ClockBound.GlobalClock.Serving.eGlobalQuery_correct_Safety_topology	ClockBound.GlobalClock.Serving.eGlobalQuery_correct_Safety_topology	16804949093457988779	core-reconstructed	certificate-error	core-directed reconstruction succeeded	537242291	collect=374917,pre-reconstruct=21504500,normalize=6201250,monomorphize=35875,instantiate=21416,translate=35631000,solve=453401750,replay=16416,reconstruct=20055167	
plean	crush-portfolio	1	Examples/ClockBound.lean|ClockBound.GlobalClock.Serving.eGlobalQuery_correct_Safety_topology	ClockBound.GlobalClock.Serving.eGlobalQuery_correct_Safety_topology	13431363688283874019	core-reconstructed	certificate-error	core-directed reconstruction succeeded	521071667	collect=402250,pre-reconstruct=13059500,normalize=6034667,monomorphize=29333,instantiate=13833,translate=34742167,solve=451340125,replay=10875,reconstruct=15438917	
plean	crush-portfolio	1	Examples/ClockBound.lean|ClockBound.GlobalClock.Serving.eGlobalQuery_correct_Safety_topology	ClockBound.GlobalClock.Serving.eGlobalQuery_correct_Safety_topology	14264473940043153418	core-reconstructed	certificate-error	core-directed reconstruction succeeded	512213582	collect=415208,pre-reconstruct=13365458,normalize=6002334,monomorphize=27125,instantiate=9500,translate=34657458,solve=442303416,replay=11583,reconstruct=15421500	
plean	crush-portfolio	1	Examples/ClockBound.lean|ClockBound.GlobalClock.Serving.eGlobalQuery_correct_Safety_topology	ClockBound.GlobalClock.Serving.eGlobalQuery_correct_Safety_topology	18311800787757908646	core-reconstructed	certificate-error	core-directed reconstruction succeeded	588409999	collect=484750,pre-reconstruct=24384916,normalize=8863875,monomorphize=29333,instantiate=14417,translate=52453625,solve=463924083,replay=9792,reconstruct=38245208	
plean	crush-portfolio	1	Examples/ClockBound.lean|ClockBound.GlobalClock.Serving.eGlobalQuery_correct_Safety_topology	ClockBound.GlobalClock.Serving.eGlobalQuery_correct_Safety_topology	5962498473683230320	pre-reconstructed	not-attempted	closed before SMT translation	7357338792	collect=519625,pre-reconstruct=7356819167	
plean	crush-portfolio	1	Examples/ClockBound.lean|ClockBound.GlobalClock.Serving.eGlobalQuery_correct_Safety_topology	ClockBound.GlobalClock.Serving.eGlobalQuery_correct_Safety_topology	9655152292311499269	core-reconstructed	certificate-error	core-directed reconstruction succeeded	1212116168	collect=410333,pre-reconstruct=515008250,normalize=5871709,monomorphize=28958,instantiate=8917,translate=35776375,solve=461176834,replay=10125,reconstruct=193824667	
plean	crush-portfolio	1	Examples/ClockBound.lean|ClockBound.GlobalClock.Serving.eGlobalQuery_correct_Safety_topology	ClockBound.GlobalClock.Serving.eGlobalQuery_correct_Safety_topology	2102103490302946582	pre-reconstructed	not-attempted	closed before SMT translation	260736417	collect=448125,pre-reconstruct=260288292	
plean	crush-portfolio	1	Examples/ClockBound.lean|ClockBound.GlobalClock.Serving.eGlobalQuery_correct_Safety_topology	ClockBound.GlobalClock.Serving.eGlobalQuery_correct_Safety_topology	18010496958164174793	pre-reconstructed	not-attempted	closed before SMT translation	266547708	collect=383625,pre-reconstruct=266164083	
plean	crush-portfolio	1	Examples/ClockBound.lean|ClockBound.LocalClock.Idle.eLocalQuery_correct_Safety_topology	ClockBound.LocalClock.Idle.eLocalQuery_correct_Safety_topology	9217783470328235913	pre-reconstructed	not-attempted	closed before SMT translation	1615426583	collect=495250,pre-reconstruct=1614931333	
plean	crush-portfolio	1	Examples/ClockBound.lean|ClockBound.LocalClock.Idle.eLocalQuery_correct_Safety_topology	ClockBound.LocalClock.Idle.eLocalQuery_correct_Safety_topology	5378382556050440299	core-reconstructed	certificate-error	core-directed reconstruction succeeded	510177957	collect=311458,pre-reconstruct=13785792,normalize=5915666,monomorphize=34125,instantiate=21167,translate=31653750,solve=440711916,replay=17375,reconstruct=17726708	
plean	crush-portfolio	1	Examples/ClockBound.lean|ClockBound.LocalClock.Idle.eLocalQuery_correct_Safety_topology	ClockBound.LocalClock.Idle.eLocalQuery_correct_Safety_topology	17764943260586014997	core-reconstructed	certificate-error	core-directed reconstruction succeeded	509148541	collect=355125,pre-reconstruct=9910708,normalize=6192791,monomorphize=25583,instantiate=10042,translate=32404209,solve=444358167,replay=11208,reconstruct=15880708	
plean	crush-portfolio	1	Examples/ClockBound.lean|ClockBound.LocalClock.Idle.eLocalQuery_correct_Safety_topology	ClockBound.LocalClock.Idle.eLocalQuery_correct_Safety_topology	14251705215699586742	core-reconstructed	certificate-error	core-directed reconstruction succeeded	507189832	collect=369583,pre-reconstruct=9375416,normalize=5605875,monomorphize=27958,instantiate=11250,translate=31814208,solve=447279833,replay=10917,reconstruct=12694792	
plean	crush-portfolio	1	Examples/ClockBound.lean|ClockBound.LocalClock.Idle.eLocalQuery_correct_Safety_topology	ClockBound.LocalClock.Idle.eLocalQuery_correct_Safety_topology	10051774356768118927	core-reconstructed	certificate-error	core-directed reconstruction succeeded	563980540	collect=395291,pre-reconstruct=19784125,normalize=7230666,monomorphize=32625,instantiate=10250,translate=37044791,solve=463418958,replay=10792,reconstruct=36053042	
plean	crush-portfolio	1	Examples/ClockBound.lean|ClockBound.LocalClock.Idle.eLocalQuery_correct_Safety_topology	ClockBound.LocalClock.Idle.eLocalQuery_correct_Safety_topology	5962498473683230320	pre-reconstructed	not-attempted	closed before SMT translation	6473731167	collect=459125,pre-reconstruct=6473272042	
plean	crush-portfolio	1	Examples/ClockBound.lean|ClockBound.LocalClock.Idle.eLocalQuery_correct_Safety_topology	ClockBound.LocalClock.Idle.eLocalQuery_correct_Safety_topology	9655152292311499269	pre-reconstructed	not-attempted	closed before SMT translation	265488250	collect=388875,pre-reconstruct=265099375	
plean	crush-portfolio	1	Examples/ClockBound.lean|ClockBound.LocalClock.Idle.eLocalQuery_correct_Safety_topology	ClockBound.LocalClock.Idle.eLocalQuery_correct_Safety_topology	2102103490302946582	core-reconstructed	certificate-error	core-directed reconstruction succeeded	1209380875	collect=376917,pre-reconstruct=516896250,normalize=5806375,monomorphize=27416,instantiate=8875,translate=34851417,solve=450019125,replay=11666,reconstruct=201382834	
plean	crush-portfolio	1	Examples/ClockBound.lean|ClockBound.LocalClock.Idle.eLocalQuery_correct_Safety_topology	ClockBound.LocalClock.Idle.eLocalQuery_correct_Safety_topology	18010496958164174793	pre-reconstructed	not-attempted	closed before SMT translation	289306249	collect=387791,pre-reconstruct=288918458	
plean	crush-portfolio	1	Examples/ClockBound.lean|ClockBound.LocalClock.Waiting.eGlobalResponse_correct_Safety_topology	ClockBound.LocalClock.Waiting.eGlobalResponse_correct_Safety_topology	9217783470328235913	pre-reconstructed	not-attempted	closed before SMT translation	4466777917	collect=498875,pre-reconstruct=4466279042	
plean	crush-portfolio	1	Examples/ClockBound.lean|ClockBound.LocalClock.Waiting.eGlobalResponse_correct_Safety_topology	ClockBound.LocalClock.Waiting.eGlobalResponse_correct_Safety_topology	11008845176523822576	core-reconstructed	certificate-error	core-directed reconstruction succeeded	559540418	collect=396209,pre-reconstruct=26363292,normalize=7116500,monomorphize=38334,instantiate=17708,translate=45250459,solve=453008166,replay=16833,reconstruct=27332917	
plean	crush-portfolio	1	Examples/ClockBound.lean|ClockBound.LocalClock.Waiting.eGlobalResponse_correct_Safety_topology	ClockBound.LocalClock.Waiting.eGlobalResponse_correct_Safety_topology	8133513428625142456	core-reconstructed	certificate-error	core-directed reconstruction succeeded	554241125	collect=441209,pre-reconstruct=20396000,normalize=6980791,monomorphize=27583,instantiate=9750,translate=46166458,solve=457171959,replay=11125,reconstruct=23036250	
plean	crush-portfolio	1	Examples/ClockBound.lean|ClockBound.LocalClock.Waiting.eGlobalResponse_correct_Safety_topology	ClockBound.LocalClock.Waiting.eGlobalResponse_correct_Safety_topology	1396054107372167003	core-reconstructed	certificate-error	core-directed reconstruction succeeded	540859169	collect=409917,pre-reconstruct=19163750,normalize=7392167,monomorphize=32167,instantiate=11709,translate=44012750,solve=450441583,replay=13209,reconstruct=19381917	
plean	crush-portfolio	1	Examples/ClockBound.lean|ClockBound.LocalClock.Waiting.eGlobalResponse_correct_Safety_topology	ClockBound.LocalClock.Waiting.eGlobalResponse_correct_Safety_topology	4954061742947908945	core-reconstructed	certificate-error	core-directed reconstruction succeeded	648127292	collect=491334,pre-reconstruct=32055958,normalize=11292625,monomorphize=36000,instantiate=11125,translate=89285209,solve=466518625,replay=10375,reconstruct=48426041	
plean	crush-portfolio	1	Examples/ClockBound.lean|ClockBound.LocalClock.Waiting.eGlobalResponse_correct_Safety_topology	ClockBound.LocalClock.Waiting.eGlobalResponse_correct_Safety_topology	5962498473683230320	pre-reconstructed	not-attempted	closed before SMT translation	25110956376	collect=633459,pre-reconstruct=25110322917	
plean	crush-portfolio	1	Examples/ClockBound.lean|ClockBound.LocalClock.Waiting.eGlobalResponse_correct_Safety_topology	ClockBound.LocalClock.Waiting.eGlobalResponse_correct_Safety_topology	9655152292311499269	pre-reconstructed	not-attempted	closed before SMT translation	313766332	collect=435916,pre-reconstruct=313330416	
plean	crush-portfolio	1	Examples/ClockBound.lean|ClockBound.LocalClock.Waiting.eGlobalResponse_correct_Safety_topology	ClockBound.LocalClock.Waiting.eGlobalResponse_correct_Safety_topology	2102103490302946582	pre-reconstructed	not-attempted	closed before SMT translation	314879124	collect=436791,pre-reconstruct=314442333	
plean	crush-portfolio	1	Examples/ClockBound.lean|ClockBound.LocalClock.Waiting.eGlobalResponse_correct_Safety_topology	ClockBound.LocalClock.Waiting.eGlobalResponse_correct_Safety_topology	18010496958164174793	core-reconstructed	certificate-error	core-directed reconstruction succeeded	1279810958	collect=417833,pre-reconstruct=581343083,normalize=6406709,monomorphize=29667,instantiate=9916,translate=39126708,solve=427013042,replay=11083,reconstruct=225452917	
plean	crush-portfolio	1	Examples/ClockBound.lean|ClockBound.base_Safety_idle_no_gQuery	ClockBound.base_Safety_idle_no_gQuery	17596368786688314336	core-reconstructed	certificate-error	core-directed reconstruction succeeded	497099960	collect=284625,pre-reconstruct=1747209,normalize=5358000,monomorphize=17125,instantiate=17834,translate=29487875,solve=416260750,replay=17459,reconstruct=43909083	
plean	crush-portfolio	1	Examples/ClockBound.lean|ClockBound.base_Safety_idle_no_gResp	ClockBound.base_Safety_idle_no_gResp	12643548649165426940	core-reconstructed	certificate-error	core-directed reconstruction succeeded	506005915	collect=272916,pre-reconstruct=1189334,normalize=5896375,monomorphize=17791,instantiate=18000,translate=28909750,solve=420673791,replay=17166,reconstruct=49010792	
plean	crush-portfolio	1	Examples/ClockBound.lean|ClockBound.base_Safety_gResp_unique_per_lc	ClockBound.base_Safety_gResp_unique_per_lc	10849681932946429018	core-reconstructed	certificate-error	core-directed reconstruction succeeded	517793042	collect=345458,pre-reconstruct=948625,normalize=5988750,monomorphize=19542,instantiate=22167,translate=32339875,solve=426805416,replay=24292,reconstruct=51298917	
plean	crush-portfolio	1	Examples/ClockBound.lean|ClockBound.base_Safety_gQuery_unique_per_lc	ClockBound.base_Safety_gQuery_unique_per_lc	12376273207244004441	core-reconstructed	certificate-error	core-directed reconstruction succeeded	513891668	collect=306959,pre-reconstruct=779209,normalize=6173000,monomorphize=21750,instantiate=22000,translate=32414542,solve=426120833,replay=19500,reconstruct=48033875	
plean	crush-portfolio	1	Examples/ClockBound.lean|ClockBound.base_Safety_gQuery_excludes_gResp	ClockBound.base_Safety_gQuery_excludes_gResp	12643548649165426940	core-reconstructed	certificate-error	core-directed reconstruction succeeded	518973750	collect=354250,pre-reconstruct=1325958,normalize=6395708,monomorphize=21292,instantiate=19500,translate=33820709,solve=429081625,replay=27083,reconstruct=47927625	
plean	crush-portfolio	1	Examples/ClockBound.lean|ClockBound.GlobalClock.Serving.eGlobalQuery_correct_Safety_causal_using_topology	ClockBound.GlobalClock.Serving.eGlobalQuery_correct_Safety_causal_using_topology	17596368786688314336	pre-reconstructed	not-attempted	closed before SMT translation	17690282584	collect=737584,pre-reconstruct=17689545000	
plean	crush-portfolio	1	Examples/ClockBound.lean|ClockBound.base_Safety_globalTime_nonneg	ClockBound.base_Safety_globalTime_nonneg	15016036629177840842	core-reconstructed	certificate-error	core-directed reconstruction succeeded	439493792	collect=269750,pre-reconstruct=110125,normalize=4919625,monomorphize=15917,instantiate=18291,translate=26638500,solve=351775125,replay=17667,reconstruct=55728792	
plean	crush-portfolio	1	Examples/ClockBound.lean|ClockBound.base_Safety_gResp_trueTime_le_globalTime	ClockBound.base_Safety_gResp_trueTime_le_globalTime	12609763566346865927	core-reconstructed	certificate-error	core-directed reconstruction succeeded	414018251	collect=277084,pre-reconstruct=115833,normalize=5078208,monomorphize=16459,instantiate=18959,translate=28476167,solve=331644250,replay=18583,reconstruct=48372708	
plean	crush-portfolio	1	Examples/ClockBound.lean|ClockBound.base_Safety_gResp_trueTime_pos	ClockBound.base_Safety_gResp_trueTime_pos	15641868076348175499	core-reconstructed	certificate-error	core-directed reconstruction succeeded	437370374	collect=278500,pre-reconstruct=125959,normalize=4958333,monomorphize=16666,instantiate=16959,translate=26599083,solve=351934583,replay=31166,reconstruct=53409125	
plean	crush-portfolio	1	Examples/ClockBound.lean|ClockBound.base_Safety_lc_currEarly_le_globalTime	ClockBound.base_Safety_lc_currEarly_le_globalTime	7959936823214615021	core-reconstructed	certificate-error	core-directed reconstruction succeeded	446082044	collect=317167,pre-reconstruct=131584,normalize=5445458,monomorphize=15958,instantiate=18709,translate=28238667,solve=347729875,replay=26042,reconstruct=64158584	
plean	crush-portfolio	1	Examples/ClockBound.lean|ClockBound.base_Safety_lc_currEarly_nonneg	ClockBound.base_Safety_lc_currEarly_nonneg	16744598148885465936	core-reconstructed	certificate-error	core-directed reconstruction succeeded	446174169	collect=381917,pre-reconstruct=121875,normalize=5234459,monomorphize=15584,instantiate=17042,translate=27236292,solve=356484875,replay=19666,reconstruct=56662459	
plean	crush-portfolio	1	Examples/ClockBound.lean|ClockBound.base_Safety_lResp_trueTime_le_globalTime	ClockBound.base_Safety_lResp_trueTime_le_globalTime	1935629447783981196	core-reconstructed	certificate-error	core-directed reconstruction succeeded	424657875	collect=357917,pre-reconstruct=128166,normalize=5517791,monomorphize=18500,instantiate=19500,translate=29067709,solve=342636292,replay=19000,reconstruct=46893000	
plean	crush-portfolio	1	Examples/ClockBound.lean|ClockBound.GlobalClock.Serving.eGlobalQuery_correct_Safety_global_time_using_topology_causal	ClockBound.GlobalClock.Serving.eGlobalQuery_correct_Safety_global_time_using_topology_causal	327111620200573234	core-reconstructed	certificate-error	core-directed reconstruction succeeded	730541792	collect=804708,pre-reconstruct=123076542,normalize=17764792,monomorphize=49458,instantiate=17792,translate=84439208,solve=436901125,replay=21458,reconstruct=67466709	
plean	crush-portfolio	1	Examples/ClockBound.lean|ClockBound.GlobalClock.Serving.eGlobalQuery_correct_Safety_global_time_using_topology_causal	ClockBound.GlobalClock.Serving.eGlobalQuery_correct_Safety_global_time_using_topology_causal	14569801228064836222	core-reconstructed	certificate-error	core-directed reconstruction succeeded	789975000	collect=847666,pre-reconstruct=132626125,normalize=18708917,monomorphize=39833,instantiate=12333,translate=88163292,solve=458396542,replay=12500,reconstruct=91167792	
plean	crush-portfolio	1	Examples/ClockBound.lean|ClockBound.GlobalClock.Serving.eGlobalQuery_correct_Safety_global_time_using_topology_causal	ClockBound.GlobalClock.Serving.eGlobalQuery_correct_Safety_global_time_using_topology_causal	15641868076348175499	core-reconstructed	certificate-error	core-directed reconstruction succeeded	5714537791	collect=671292,pre-reconstruct=4875053000,normalize=15368000,monomorphize=38250,instantiate=10500,translate=71196416,solve=439100875,replay=10708,reconstruct=313088750	
plean	crush-portfolio	1	Examples/ClockBound.lean|ClockBound.GlobalClock.Serving.eGlobalQuery_correct_Safety_global_time_using_topology_causal	ClockBound.GlobalClock.Serving.eGlobalQuery_correct_Safety_global_time_using_topology_causal	1988608925920829094	core-reconstructed	certificate-error	core-directed reconstruction succeeded	875033501	collect=797833,pre-reconstruct=188900166,normalize=21068542,monomorphize=44000,instantiate=14959,translate=106943375,solve=443449417,replay=12959,reconstruct=113802250	
plean	crush-portfolio	1	Examples/ClockBound.lean|ClockBound.GlobalClock.Serving.eGlobalQuery_correct_Safety_global_time_using_topology_causal	ClockBound.GlobalClock.Serving.eGlobalQuery_correct_Safety_global_time_using_topology_causal	12198363826653547569	core-reconstructed	certificate-error	core-directed reconstruction succeeded	655205167	collect=738917,pre-reconstruct=71147125,normalize=17839000,monomorphize=37875,instantiate=11166,translate=89542875,solve=421658500,replay=13542,reconstruct=54216167	
plean	crush-portfolio	1	Examples/ClockBound.lean|ClockBound.GlobalClock.Serving.eGlobalQuery_correct_Safety_global_time_using_topology_causal	ClockBound.GlobalClock.Serving.eGlobalQuery_correct_Safety_global_time_using_topology_causal	10367416007846947672	core-reconstructed	certificate-error	core-directed reconstruction succeeded	842489375	collect=859208,pre-reconstruct=127851042,normalize=18916875,monomorphize=40375,instantiate=12625,translate=92294000,solve=521544792,replay=14541,reconstruct=80955917	
plean	crush-portfolio	1	Examples/ClockBound.lean|ClockBound.LocalClock.Idle.eLocalQuery_correct_Safety_global_time_using_topology_causal	ClockBound.LocalClock.Idle.eLocalQuery_correct_Safety_global_time_using_topology_causal	1593003576436825992	core-reconstructed	certificate-error	core-directed reconstruction succeeded	677188872	collect=689291,pre-reconstruct=123361000,normalize=16575375,monomorphize=48916,instantiate=17792,translate=72923083,solve=415391791,replay=20708,reconstruct=48160916	
plean	crush-portfolio	1	Examples/ClockBound.lean|ClockBound.LocalClock.Idle.eLocalQuery_correct_Safety_global_time_using_topology_causal	ClockBound.LocalClock.Idle.eLocalQuery_correct_Safety_global_time_using_topology_causal	13283348266636598248	core-reconstructed	certificate-error	core-directed reconstruction succeeded	807510208	collect=727375,pre-reconstruct=126128625,normalize=17021667,monomorphize=40583,instantiate=11916,translate=77018208,solve=522041375,replay=11167,reconstruct=64509292	
plean	crush-portfolio	1	Examples/ClockBound.lean|ClockBound.LocalClock.Idle.eLocalQuery_correct_Safety_global_time_using_topology_causal	ClockBound.LocalClock.Idle.eLocalQuery_correct_Safety_global_time_using_topology_causal	15641868076348175499	pre-reconstructed	not-attempted	closed before SMT translation	2461120166	collect=667500,pre-reconstruct=2460452666	
plean	crush-portfolio	1	Examples/ClockBound.lean|ClockBound.LocalClock.Idle.eLocalQuery_correct_Safety_global_time_using_topology_causal	ClockBound.LocalClock.Idle.eLocalQuery_correct_Safety_global_time_using_topology_causal	314734623649752524	core-reconstructed	certificate-error	core-directed reconstruction succeeded	813988292	collect=754125,pre-reconstruct=185926375,normalize=18385083,monomorphize=41500,instantiate=12042,translate=79761250,solve=438502042,replay=11125,reconstruct=90594750	
plean	crush-portfolio	1	Examples/ClockBound.lean|ClockBound.LocalClock.Idle.eLocalQuery_correct_Safety_global_time_using_topology_causal	ClockBound.LocalClock.Idle.eLocalQuery_correct_Safety_global_time_using_topology_causal	2525784664712972337	core-reconstructed	certificate-error	core-directed reconstruction succeeded	630970374	collect=675125,pre-reconstruct=69212708,normalize=16785875,monomorphize=37333,instantiate=10708,translate=74118042,solve=419253792,replay=10708,reconstruct=50866083	
plean	crush-portfolio	1	Examples/ClockBound.lean|ClockBound.LocalClock.Idle.eLocalQuery_correct_Safety_global_time_using_topology_causal	ClockBound.LocalClock.Idle.eLocalQuery_correct_Safety_global_time_using_topology_causal	4298950767214619316	core-reconstructed	certificate-error	core-directed reconstruction succeeded	817373250	collect=727875,pre-reconstruct=127137000,normalize=18238458,monomorphize=44291,instantiate=12292,translate=77623125,solve=526183584,replay=10875,reconstruct=67395750	
plean	crush-portfolio	1	Examples/ClockBound.lean|ClockBound.LocalClock.Waiting.eGlobalResponse_correct_Safety_global_time_using_topology_causal	ClockBound.LocalClock.Waiting.eGlobalResponse_correct_Safety_global_time_using_topology_causal	1269762195771883866	core-reconstructed	certificate-error	core-directed reconstruction succeeded	725888292	collect=743042,pre-reconstruct=124858625,normalize=20710792,monomorphize=57750,instantiate=22708,translate=113395792,solve=404710625,replay=23250,reconstruct=61365708	
plean	crush-portfolio	1	Examples/ClockBound.lean|ClockBound.LocalClock.Waiting.eGlobalResponse_correct_Safety_global_time_using_topology_causal	ClockBound.LocalClock.Waiting.eGlobalResponse_correct_Safety_global_time_using_topology_causal	12800996476405111762	core-reconstructed	certificate-error	core-directed reconstruction succeeded	831198374	collect=838875,pre-reconstruct=128083667,normalize=21524750,monomorphize=41375,instantiate=14500,translate=118561208,solve=481614791,replay=10791,reconstruct=80508417	
plean	crush-portfolio	1	Examples/ClockBound.lean|ClockBound.LocalClock.Waiting.eGlobalResponse_correct_Safety_global_time_using_topology_causal	ClockBound.LocalClock.Waiting.eGlobalResponse_correct_Safety_global_time_using_topology_causal	15641868076348175499	pre-reconstructed	not-attempted	closed before SMT translation	2510509917	collect=766458,pre-reconstruct=2509743459	
plean	crush-portfolio	1	Examples/ClockBound.lean|ClockBound.LocalClock.Waiting.eGlobalResponse_correct_Safety_global_time_using_topology_causal	ClockBound.LocalClock.Waiting.eGlobalResponse_correct_Safety_global_time_using_topology_causal	7755917250996636014	core-reconstructed	certificate-error	core-directed reconstruction succeeded	1020065543	collect=884417,pre-reconstruct=189455209,normalize=25406833,monomorphize=43959,instantiate=12333,translate=167458959,solve=463267208,replay=11625,reconstruct=173525000	
plean	crush-portfolio	1	Examples/ClockBound.lean|ClockBound.LocalClock.Waiting.eGlobalResponse_correct_Safety_global_time_using_topology_causal	ClockBound.LocalClock.Waiting.eGlobalResponse_correct_Safety_global_time_using_topology_causal	16689265288877707107	core-reconstructed	certificate-error	core-directed reconstruction succeeded	725051084	collect=915166,pre-reconstruct=73591375,normalize=21006000,monomorphize=39417,instantiate=12667,translate=124505083,solve=430128542,replay=10917,reconstruct=74841917	
plean	crush-portfolio	1	Examples/ClockBound.lean|ClockBound.LocalClock.Waiting.eGlobalResponse_correct_Safety_global_time_using_topology_causal	ClockBound.LocalClock.Waiting.eGlobalResponse_correct_Safety_global_time_using_topology_causal	11464482663057027571	core-reconstructed	certificate-error	core-directed reconstruction succeeded	925817291	collect=943959,pre-reconstruct=130036083,normalize=21607458,monomorphize=47250,instantiate=13042,translate=122409541,solve=508685292,replay=11208,reconstruct=142063458	
plean	crush-portfolio	1	Examples/ClockBound.lean|ClockBound.base_Safety_gResp_target_currEarly	ClockBound.base_Safety_gResp_target_currEarly	14115317460141931661	core-reconstructed	certificate-error	core-directed reconstruction succeeded	408059459	collect=374167,pre-reconstruct=151500,normalize=5579666,monomorphize=20833,instantiate=20417,translate=29724334,solve=321997917,replay=19875,reconstruct=50170750	
plean	crush-portfolio	1	Examples/ClockBound.lean|ClockBound.base_Safety_lResp_trueTime_le_inflight_gResp	ClockBound.base_Safety_lResp_trueTime_le_inflight_gResp	9159584641452929094	core-reconstructed	certificate-error	core-directed reconstruction succeeded	439214127	collect=365959,pre-reconstruct=124709,normalize=6529084,monomorphize=18792,instantiate=18333,translate=32139291,solve=350841250,replay=18667,reconstruct=49158042	
plean	crush-portfolio	1	Examples/ClockBound.lean|ClockBound.GlobalClock.Serving.eGlobalQuery_correct_Safety_linking_using_topology_causal_global_time	ClockBound.GlobalClock.Serving.eGlobalQuery_correct_Safety_linking_using_topology_causal_global_time	11251067094992062382	core-reconstructed	certificate-error	core-directed reconstruction succeeded	893468499	collect=849916,pre-reconstruct=115754375,normalize=21609917,monomorphize=54416,instantiate=18750,translate=103955542,solve=466131708,replay=24958,reconstruct=185068917	
plean	crush-portfolio	1	Examples/ClockBound.lean|ClockBound.GlobalClock.Serving.eGlobalQuery_correct_Safety_linking_using_topology_causal_global_time	ClockBound.GlobalClock.Serving.eGlobalQuery_correct_Safety_linking_using_topology_causal_global_time	9159584641452929094	core-reconstructed	certificate-error	core-directed reconstruction succeeded	12463964585	collect=845542,pre-reconstruct=11524337333,normalize=22143167,monomorphize=46542,instantiate=10209,translate=110276792,solve=626782667,replay=13000,reconstruct=179509333	
plean	crush-portfolio	1	Examples/ClockBound.lean|ClockBound.LocalClock.Idle.eLocalQuery_correct_Safety_linking_using_topology_causal_global_time	ClockBound.LocalClock.Idle.eLocalQuery_correct_Safety_linking_using_topology_causal_global_time	17721448155896825669	core-reconstructed	certificate-error	core-directed reconstruction succeeded	801458625	collect=807542,pre-reconstruct=114509833,normalize=20891667,monomorphize=52333,instantiate=20250,translate=89707250,solve=451746125,replay=19875,reconstruct=123703750	
plean	crush-portfolio	1	Examples/ClockBound.lean|ClockBound.LocalClock.Waiting.eGlobalResponse_correct_Safety_linking_using_topology_causal_global_time	ClockBound.LocalClock.Waiting.eGlobalResponse_correct_Safety_linking_using_topology_causal_global_time	16865754606763250264	reconstruction-failed	certificate-error	core-directed reconstruction did not close the goal	9690771959	collect=906625,pre-reconstruct=117752625,normalize=24579375,monomorphize=53917,instantiate=22292,translate=141861542,solve=512868458,replay=20125,reconstruct=8892707000	
plean	crush-portfolio	1	Examples/ClockBound.lean|ClockBound.LocalClock.Waiting.eGlobalResponse_correct_Safety_linking_using_topology_causal_global_time	ClockBound.LocalClock.Waiting.eGlobalResponse_correct_Safety_linking_using_topology_causal_global_time	16865754606763250264	reconstruction-failed	certificate-error	core-directed reconstruction did not close the goal	9965978499	collect=845375,pre-reconstruct=120057000,normalize=24975458,monomorphize=47083,instantiate=12208,translate=143589708,solve=505598959,replay=11500,reconstruct=9170841208	
plean	crush-portfolio	1	Examples/ClockBound.lean|ClockBound.LocalClock.Waiting.eGlobalResponse_correct_Safety_linking_using_topology_causal_global_time	ClockBound.LocalClock.Waiting.eGlobalResponse_correct_Safety_linking_using_topology_causal_global_time	16865754606763250264	reconstruction-failed	certificate-error	core-directed reconstruction did not close the goal	9842028001	collect=836250,pre-reconstruct=117900041,normalize=24899042,monomorphize=45250,instantiate=12458,translate=141244709,solve=514958250,replay=13792,reconstruct=9042118209	
plean	crush-portfolio	1	Examples/ClockBound.lean|ClockBound.LocalClock.Waiting.eGlobalResponse_correct_Safety_linking_using_topology_causal_global_time	ClockBound.LocalClock.Waiting.eGlobalResponse_correct_Safety_linking_using_topology_causal_global_time	16865754606763250264	reconstruction-failed	certificate-error	core-directed reconstruction did not close the goal	9867602040	collect=893042,pre-reconstruct=118777125,normalize=24143916,monomorphize=43333,instantiate=11666,translate=144240166,solve=547971458,replay=13167,reconstruct=9031508167	
plean	crush-portfolio	1	Examples/ClockBound.lean|ClockBound.base_Safety_lResp_earliest_le_trueTime	ClockBound.base_Safety_lResp_earliest_le_trueTime	13513896413497753601	core-reconstructed	certificate-error	core-directed reconstruction succeeded	459498415	collect=311667,pre-reconstruct=114541,normalize=5036958,monomorphize=16458,instantiate=19000,translate=28433291,solve=371029958,replay=19292,reconstruct=54517250	
plean	crush-portfolio	1	Examples/ClockBound.lean|ClockBound.GlobalClock.Serving.eGlobalQuery_correct_Safety_lresp_earliest_le_trueTime_lemma_using_topology_causal_global_time_linking	ClockBound.GlobalClock.Serving.eGlobalQuery_correct_Safety_lresp_earliest_le_trueTime_lemma_using_topology_causal_global_time_linking	13513896413497753601	pre-reconstructed	not-attempted	closed before SMT translation	2982396833	collect=799125,pre-reconstruct=2981597708	
plean	crush-portfolio	1	Examples/ClockBound.lean|ClockBound.LocalClock.Idle.eLocalQuery_correct_Safety_lresp_earliest_le_trueTime_lemma_using_topology_causal_global_time_linking	ClockBound.LocalClock.Idle.eLocalQuery_correct_Safety_lresp_earliest_le_trueTime_lemma_using_topology_causal_global_time_linking	13513896413497753601	pre-reconstructed	not-attempted	closed before SMT translation	2992492500	collect=728291,pre-reconstruct=2991764209	
plean	crush-portfolio	1	Examples/ClockBound.lean|ClockBound.LocalClock.Waiting.eGlobalResponse_correct_Safety_lresp_earliest_le_trueTime_lemma_using_topology_causal_global_time_linking	ClockBound.LocalClock.Waiting.eGlobalResponse_correct_Safety_lresp_earliest_le_trueTime_lemma_using_topology_causal_global_time_linking	13513896413497753601	core-reconstructed	certificate-error	core-directed reconstruction succeeded	7021196542	collect=839041,pre-reconstruct=6181011583,normalize=18236334,monomorphize=106167,instantiate=20917,translate=87578333,solve=458483167,replay=22458,reconstruct=274898542	
plean	crush-portfolio	1	Examples/ClockBound.lean|ClockBound.base_Safety_lResp_trueTime_le_latest	ClockBound.base_Safety_lResp_trueTime_le_latest	7299217268447103856	core-reconstructed	certificate-error	core-directed reconstruction succeeded	456094376	collect=321084,pre-reconstruct=113959,normalize=4926000,monomorphize=16458,instantiate=19708,translate=27296792,solve=372444583,replay=20875,reconstruct=50934917	
plean	crush-portfolio	1	Examples/ClockBound.lean|ClockBound.GlobalClock.Serving.eGlobalQuery_correct_Safety_lresp_trueTime_le_latest_lemma_using_topology_causal_global_time_linking	ClockBound.GlobalClock.Serving.eGlobalQuery_correct_Safety_lresp_trueTime_le_latest_lemma_using_topology_causal_global_time_linking	7299217268447103856	pre-reconstructed	not-attempted	closed before SMT translation	3016051750	collect=742083,pre-reconstruct=3015309667	
plean	crush-portfolio	1	Examples/ClockBound.lean|ClockBound.LocalClock.Idle.eLocalQuery_correct_Safety_lresp_trueTime_le_latest_lemma_using_topology_causal_global_time_linking	ClockBound.LocalClock.Idle.eLocalQuery_correct_Safety_lresp_trueTime_le_latest_lemma_using_topology_causal_global_time_linking	7299217268447103856	pre-reconstructed	not-attempted	closed before SMT translation	3185437083	collect=807375,pre-reconstruct=3184629708	
plean	crush-portfolio	1	Examples/ClockBound.lean|ClockBound.LocalClock.Waiting.eGlobalResponse_correct_Safety_lresp_trueTime_le_latest_lemma_using_topology_causal_global_time_linking	ClockBound.LocalClock.Waiting.eGlobalResponse_correct_Safety_lresp_trueTime_le_latest_lemma_using_topology_causal_global_time_linking	7299217268447103856	core-reconstructed	certificate-error	core-directed reconstruction succeeded	7204556375	collect=863333,pre-reconstruct=6351285084,normalize=18181625,monomorphize=89625,instantiate=18375,translate=86297833,solve=453460708,replay=20792,reconstruct=294339000	
plean	crush-portfolio	1	Examples/ClockBound.lean|ClockBound.base_Safety_lc_currEarly_bounds_earliest	ClockBound.base_Safety_lc_currEarly_bounds_earliest	14233989364540634623	core-reconstructed	certificate-error	core-directed reconstruction succeeded	435300584	collect=313666,pre-reconstruct=117584,normalize=5262500,monomorphize=17000,instantiate=17333,translate=30966459,solve=347073584,replay=20333,reconstruct=51512125	
plean	crush-portfolio	1	Examples/ClockBound.lean|ClockBound.GlobalClock.Serving.eGlobalQuery_correct_Safety_lc_currEarly_bounds_earliest_lemma_using_topology_causal_global_time_linking	ClockBound.GlobalClock.Serving.eGlobalQuery_correct_Safety_lc_currEarly_bounds_earliest_lemma_using_topology_causal_global_time_linking	7403663779525726707	core-reconstructed	certificate-error	core-directed reconstruction succeeded	859464376	collect=1016084,pre-reconstruct=89602667,normalize=24673125,monomorphize=63958,instantiate=20542,translate=120280125,solve=543883625,replay=19834,reconstruct=79904416	
plean	crush-portfolio	1	Examples/ClockBound.lean|ClockBound.LocalClock.Idle.eLocalQuery_correct_Safety_lc_currEarly_bounds_earliest_lemma_using_topology_causal_global_time_linking	ClockBound.LocalClock.Idle.eLocalQuery_correct_Safety_lc_currEarly_bounds_earliest_lemma_using_topology_causal_global_time_linking	10097702384650176630	core-reconstructed	certificate-error	core-directed reconstruction succeeded	923451500	collect=894125,pre-reconstruct=88594458,normalize=21525625,monomorphize=57334,instantiate=20792,translate=100211583,solve=630424125,replay=22167,reconstruct=81701291	
plean	crush-portfolio	1	Examples/ClockBound.lean|ClockBound.LocalClock.Waiting.eGlobalResponse_correct_Safety_lc_currEarly_bounds_earliest_lemma_using_topology_causal_global_time_linking	ClockBound.LocalClock.Waiting.eGlobalResponse_correct_Safety_lc_currEarly_bounds_earliest_lemma_using_topology_causal_global_time_linking	13331293180997607598	core-reconstructed	certificate-error	core-directed reconstruction succeeded	1052251331	collect=998958,pre-reconstruct=87976416,normalize=26030833,monomorphize=57125,instantiate=21708,translate=163379625,solve=618729667,replay=19083,reconstruct=155037916	
plean	crush-portfolio	1	Examples/ClockBound.lean|ClockBound.base_Safety_g1	ClockBound.base_Safety_g1	5379138386581699736	core-reconstructed	certificate-error	core-directed reconstruction succeeded	454163666	collect=295791,pre-reconstruct=138292,normalize=5162459,monomorphize=17500,instantiate=17542,translate=28895041,solve=362141208,replay=17625,reconstruct=57478208	
plean	crush-portfolio	1	Examples/ClockBound.lean|ClockBound.GlobalClock.Serving.eGlobalQuery_correct_Safety_G1_using_topology_causal_global_time_linking_lresp_earliest_le_trueTime_lemma_lresp_trueTime_le_latest_lemma_lc_currEarly_bounds_earliest_lemma	ClockBound.GlobalClock.Serving.eGlobalQuery_correct_Safety_G1_using_topology_causal_global_time_linking_lresp_earliest_le_trueTime_lemma_lresp_trueTime_le_latest_lemma_lc_currEarly_bounds_earliest_lemma	5379138386581699736	pre-reconstructed	not-attempted	closed before SMT translation	7184069292	collect=912625,pre-reconstruct=7183156667	
plean	crush-portfolio	1	Examples/ClockBound.lean|ClockBound.LocalClock.Idle.eLocalQuery_correct_Safety_G1_using_topology_causal_global_time_linking_lresp_earliest_le_trueTime_lemma_lresp_trueTime_le_latest_lemma_lc_currEarly_bounds_earliest_lemma	ClockBound.LocalClock.Idle.eLocalQuery_correct_Safety_G1_using_topology_causal_global_time_linking_lresp_earliest_le_trueTime_lemma_lresp_trueTime_le_latest_lemma_lc_currEarly_bounds_earliest_lemma	5379138386581699736	pre-reconstructed	not-attempted	closed before SMT translation	7220692583	collect=854583,pre-reconstruct=7219838000	
plean	crush-portfolio	1	Examples/ClockBound.lean|ClockBound.LocalClock.Waiting.eGlobalResponse_correct_Safety_G1_using_topology_causal_global_time_linking_lresp_earliest_le_trueTime_lemma_lresp_trueTime_le_latest_lemma_lc_currEarly_bounds_earliest_lemma	ClockBound.LocalClock.Waiting.eGlobalResponse_correct_Safety_G1_using_topology_causal_global_time_linking_lresp_earliest_le_trueTime_lemma_lresp_trueTime_le_latest_lemma_lc_currEarly_bounds_earliest_lemma	5379138386581699736	core-reconstructed	certificate-error	core-directed reconstruction succeeded	8293346709	collect=844917,pre-reconstruct=7528235208,normalize=22031375,monomorphize=118750,instantiate=21542,translate=104192667,solve=537472042,replay=23041,reconstruct=100407167	
plean	crush-portfolio	1	Examples/ClockBound.lean|ClockBound.base_Safety_g2	ClockBound.base_Safety_g2	6568025738528990442	core-reconstructed	certificate-error	core-directed reconstruction succeeded	444984294	collect=280792,pre-reconstruct=140417,normalize=5302125,monomorphize=18792,instantiate=18292,translate=29070833,solve=359739792,replay=18084,reconstruct=50395167	
plean	crush-portfolio	1	Examples/ClockBound.lean|ClockBound.GlobalClock.Serving.eGlobalQuery_correct_Safety_G2_using_topology_causal_global_time_linking_lresp_earliest_le_trueTime_lemma_lresp_trueTime_le_latest_lemma_lc_currEarly_bounds_earliest_lemma	ClockBound.GlobalClock.Serving.eGlobalQuery_correct_Safety_G2_using_topology_causal_global_time_linking_lresp_earliest_le_trueTime_lemma_lresp_trueTime_le_latest_lemma_lc_currEarly_bounds_earliest_lemma	6568025738528990442	pre-reconstructed	not-attempted	closed before SMT translation	7314585999	collect=862583,pre-reconstruct=7313723416	
plean	crush-portfolio	1	Examples/ClockBound.lean|ClockBound.LocalClock.Idle.eLocalQuery_correct_Safety_G2_using_topology_causal_global_time_linking_lresp_earliest_le_trueTime_lemma_lresp_trueTime_le_latest_lemma_lc_currEarly_bounds_earliest_lemma	ClockBound.LocalClock.Idle.eLocalQuery_correct_Safety_G2_using_topology_causal_global_time_linking_lresp_earliest_le_trueTime_lemma_lresp_trueTime_le_latest_lemma_lc_currEarly_bounds_earliest_lemma	6568025738528990442	pre-reconstructed	not-attempted	closed before SMT translation	7481704750	collect=823292,pre-reconstruct=7480881458	
plean	crush-portfolio	1	Examples/ClockBound.lean|ClockBound.LocalClock.Waiting.eGlobalResponse_correct_Safety_G2_using_topology_causal_global_time_linking_lresp_earliest_le_trueTime_lemma_lresp_trueTime_le_latest_lemma_lc_currEarly_bounds_earliest_lemma	ClockBound.LocalClock.Waiting.eGlobalResponse_correct_Safety_G2_using_topology_causal_global_time_linking_lresp_earliest_le_trueTime_lemma_lresp_trueTime_le_latest_lemma_lc_currEarly_bounds_earliest_lemma	6568025738528990442	core-reconstructed	certificate-error	core-directed reconstruction succeeded	8170506251	collect=876458,pre-reconstruct=7386292500,normalize=20407042,monomorphize=95709,instantiate=16667,translate=103478500,solve=560593834,replay=23458,reconstruct=98722083	
plean	crush-portfolio	1	Examples/ClockBound.lean|ClockBound.base_Safety_g3	ClockBound.base_Safety_g3	2923695510764499506	core-reconstructed	certificate-error	core-directed reconstruction succeeded	458824500	collect=391125,pre-reconstruct=156458,normalize=5839375,monomorphize=21125,instantiate=19250,translate=32077708,solve=367446459,replay=22292,reconstruct=52850708	
plean	crush-portfolio	1	Examples/ClockBound.lean|ClockBound.GlobalClock.Serving.eGlobalQuery_correct_Safety_G3_using_topology_causal_global_time_linking_lresp_earliest_le_trueTime_lemma_lresp_trueTime_le_latest_lemma_lc_currEarly_bounds_earliest_lemma	ClockBound.GlobalClock.Serving.eGlobalQuery_correct_Safety_G3_using_topology_causal_global_time_linking_lresp_earliest_le_trueTime_lemma_lresp_trueTime_le_latest_lemma_lc_currEarly_bounds_earliest_lemma	2923695510764499506	pre-reconstructed	not-attempted	closed before SMT translation	7529737084	collect=913375,pre-reconstruct=7528823709	
plean	crush-portfolio	1	Examples/ClockBound.lean|ClockBound.LocalClock.Idle.eLocalQuery_correct_Safety_G3_using_topology_causal_global_time_linking_lresp_earliest_le_trueTime_lemma_lresp_trueTime_le_latest_lemma_lc_currEarly_bounds_earliest_lemma	ClockBound.LocalClock.Idle.eLocalQuery_correct_Safety_G3_using_topology_causal_global_time_linking_lresp_earliest_le_trueTime_lemma_lresp_trueTime_le_latest_lemma_lc_currEarly_bounds_earliest_lemma	2923695510764499506	pre-reconstructed	not-attempted	closed before SMT translation	8117587708	collect=954208,pre-reconstruct=8116633500	
plean	crush-portfolio	1	Examples/ClockBound.lean|ClockBound.LocalClock.Waiting.eGlobalResponse_correct_Safety_G3_using_topology_causal_global_time_linking_lresp_earliest_le_trueTime_lemma_lresp_trueTime_le_latest_lemma_lc_currEarly_bounds_earliest_lemma	ClockBound.LocalClock.Waiting.eGlobalResponse_correct_Safety_G3_using_topology_causal_global_time_linking_lresp_earliest_le_trueTime_lemma_lresp_trueTime_le_latest_lemma_lc_currEarly_bounds_earliest_lemma	2923695510764499506	reconstruction-failed	certificate-error	core-directed reconstruction did not close the goal	23641881709	collect=908542,pre-reconstruct=7695011750,normalize=21686209,monomorphize=98750,instantiate=20542,translate=103608083,solve=702422583,replay=22500,reconstruct=15118102750	
plean	crush-verify	1	Examples/Consensus.lean|Consensus.base_block0_one_vote_per_voter	Consensus.base_block0_one_vote_per_voter	10849681932946429018	verified	not-requested	solver returned unsat; closed under the trust policy	445205334	collect=684334,pre-reconstruct=2327125,normalize=2593875,monomorphize=113541,instantiate=94000,translate=17326709,solve=422065750	
plean	crush-verify	1	Examples/Consensus.lean|Consensus.base_block0_voted_after_eVote_sent	Consensus.base_block0_voted_after_eVote_sent	3472907131936921987	verified	not-requested	solver returned unsat; closed under the trust policy	435757999	collect=221875,pre-reconstruct=1435666,normalize=2364958,monomorphize=19667,instantiate=25125,translate=11480166,solve=420210542	
plean	crush-verify	1	Examples/Consensus.lean|Consensus.base_block0_votes_linked	Consensus.base_block0_votes_linked	6190691505103623290	verified	not-requested	solver returned unsat; closed under the trust policy	449864539	collect=215708,pre-reconstruct=3253833,normalize=2244583,monomorphize=19875,instantiate=22833,translate=11379041,solve=432728666	
plean	crush-verify	1	Examples/Consensus.lean|Consensus.base_block0_won_implies_quorum_votes	Consensus.base_block0_won_implies_quorum_votes	7787634557034167565	verified	not-requested	solver returned unsat; closed under the trust policy	433046458	collect=236833,pre-reconstruct=777333,normalize=2536584,monomorphize=24333,instantiate=22875,translate=10564333,solve=418884167	
plean	crush-verify	1	Examples/Consensus.lean|Consensus.Node.RequestVoting.eRequestVote_correct_block0_quorum_votes	Consensus.Node.RequestVoting.eRequestVote_correct_block0_quorum_votes	16666216787458711032	verified	not-requested	solver returned unsat; closed under the trust policy	605103917	collect=601708,pre-reconstruct=22774208,normalize=11799250,monomorphize=35417,instantiate=25833,translate=44796042,solve=525071459	
plean	crush-verify	1	Examples/Consensus.lean|Consensus.Node.RequestVoting.eRequestVote_correct_block0_quorum_votes	Consensus.Node.RequestVoting.eRequestVote_correct_block0_quorum_votes	1671078499810707434	verified	not-requested	solver returned unsat; closed under the trust policy	480312208	collect=472917,pre-reconstruct=1003458,normalize=7624500,monomorphize=25166,instantiate=16083,translate=27406250,solve=443763834	
plean	crush-verify	1	Examples/Consensus.lean|Consensus.Node.RequestVoting.eVote_correct_block0_quorum_votes	Consensus.Node.RequestVoting.eVote_correct_block0_quorum_votes	17543746974329909032	unknown	not-attempted	solver exited without a verdict: cvc5 interrupted by timeout.	5480084207	collect=457542,pre-reconstruct=12546458,normalize=11526375,monomorphize=34208,instantiate=27583,translate=44390875,solve=5411101166	
plean	crush-verify	1	Examples/Consensus.lean|Consensus.Node.RequestVoting.eVote_correct_block0_quorum_votes	Consensus.Node.RequestVoting.eVote_correct_block0_quorum_votes	17543746974329909032	unknown	not-attempted	solver exited without a verdict: cvc5 interrupted by timeout.	5485347542	collect=511083,pre-reconstruct=12389250,normalize=11618250,monomorphize=32500,instantiate=23167,translate=42402292,solve=5418371000	
plean	crush-verify	1	Examples/Consensus.lean|Consensus.Node.RequestVoting.eVote_correct_block0_quorum_votes	Consensus.Node.RequestVoting.eVote_correct_block0_quorum_votes	10849681932946429018	verified	not-requested	solver returned unsat; closed under the trust policy	463212126	collect=395500,pre-reconstruct=1482583,normalize=5710209,monomorphize=25875,instantiate=15667,translate=24628833,solve=430953459	
plean	crush-verify	1	Examples/Consensus.lean|Consensus.Node.RequestVoting.eVote_correct_block0_quorum_votes	Consensus.Node.RequestVoting.eVote_correct_block0_quorum_votes	15748587994340257921	verified	not-requested	solver returned unsat; closed under the trust policy	478726376	collect=596292,pre-reconstruct=8078875,normalize=7704084,monomorphize=26958,instantiate=17292,translate=27014042,solve=435288833	
plean	crush-verify	1	Examples/Consensus.lean|Consensus.Node.RequestVoting.eVote_correct_block0_quorum_votes	Consensus.Node.RequestVoting.eVote_correct_block0_quorum_votes	11608084363687133148	unknown	not-attempted	solver exited without a verdict: cvc5 interrupted by timeout.	5459685831	collect=494833,pre-reconstruct=6671500,normalize=7589416,monomorphize=26791,instantiate=15333,translate=26011166,solve=5418876792	
plean	crush-verify	1	Examples/Consensus.lean|Consensus.Node.RequestVoting.eVote_correct_block0_quorum_votes	Consensus.Node.RequestVoting.eVote_correct_block0_quorum_votes	10849681932946429018	verified	not-requested	solver returned unsat; closed under the trust policy	457224251	collect=416500,pre-reconstruct=1377291,normalize=6071584,monomorphize=27125,instantiate=20875,translate=24436917,solve=424873959	
plean	crush-verify	1	Examples/Consensus.lean|Consensus.Node.RequestVoting.eVote_correct_block0_quorum_votes	Consensus.Node.RequestVoting.eVote_correct_block0_quorum_votes	15748587994340257921	verified	not-requested	solver returned unsat; closed under the trust policy	492087582	collect=722041,pre-reconstruct=7423541,normalize=8557875,monomorphize=28458,instantiate=20792,translate=26655500,solve=448679375	
plean	crush-verify	1	Examples/Consensus.lean|Consensus.Node.RequestVoting.eVote_correct_block0_quorum_votes	Consensus.Node.RequestVoting.eVote_correct_block0_quorum_votes	11608084363687133148	unknown	not-attempted	solver exited without a verdict: cvc5 interrupted by timeout.	5460189292	collect=481458,pre-reconstruct=4044250,normalize=7654208,monomorphize=27417,instantiate=17625,translate=27967542,solve=5419996792	
plean	crush-verify	1	Examples/Consensus.lean|Consensus.Node.RequestVoting.eVote_correct_block0_quorum_votes	Consensus.Node.RequestVoting.eVote_correct_block0_quorum_votes	10849681932946429018	verified	not-requested	solver returned unsat; closed under the trust policy	460442415	collect=319708,pre-reconstruct=1108042,normalize=4883458,monomorphize=24292,instantiate=11958,translate=23096416,solve=430998541	
plean	crush-verify	1	Examples/Consensus.lean|Consensus.Node.RequestVoting.eVote_correct_block0_quorum_votes	Consensus.Node.RequestVoting.eVote_correct_block0_quorum_votes	3472907131936921987	verified	not-requested	solver returned unsat; closed under the trust policy	467328875	collect=515500,pre-reconstruct=5199292,normalize=5952042,monomorphize=34417,instantiate=24833,translate=21855708,solve=433747083	
plean	crush-verify	1	Examples/Consensus.lean|Consensus.Node.RequestVoting.eVote_correct_block0_quorum_votes	Consensus.Node.RequestVoting.eVote_correct_block0_quorum_votes	11272300007460999684	verified	not-requested	solver returned unsat; closed under the trust policy	486815374	collect=437875,pre-reconstruct=2884708,normalize=5514958,monomorphize=25333,instantiate=16084,translate=22749500,solve=455186916	
plean	crush-verify	1	Examples/Consensus.lean|Consensus.Node.RequestVoting.eVote_correct_block0_quorum_votes	Consensus.Node.RequestVoting.eVote_correct_block0_quorum_votes	7787634557034167565	verified	not-requested	solver returned unsat; closed under the trust policy	456879751	collect=556750,pre-reconstruct=1558250,normalize=5285584,monomorphize=30208,instantiate=14292,translate=20175958,solve=429258709	
plean	crush-verify	1	Examples/Consensus.lean|Consensus.Node.RequestVoting.eVote_correct_block0_quorum_votes	Consensus.Node.RequestVoting.eVote_correct_block0_quorum_votes	8236911049903588693	unknown	not-attempted	solver exited without a verdict: cvc5 interrupted by timeout.	5441637291	collect=443917,pre-reconstruct=2170125,normalize=5043541,monomorphize=24333,instantiate=15583,translate=19948625,solve=5413991167	
plean	crush-verify	1	Examples/Consensus.lean|Consensus.Node.RequestVoting.eVote_correct_block0_quorum_votes	Consensus.Node.RequestVoting.eVote_correct_block0_quorum_votes	10849681932946429018	verified	not-requested	solver returned unsat; closed under the trust policy	453020500	collect=364584,pre-reconstruct=1186000,normalize=5408833,monomorphize=30916,instantiate=26125,translate=21331417,solve=424672625	
plean	crush-verify	1	Examples/Consensus.lean|Consensus.Node.RequestVoting.eVote_correct_block0_quorum_votes	Consensus.Node.RequestVoting.eVote_correct_block0_quorum_votes	3472907131936921987	verified	not-requested	solver returned unsat; closed under the trust policy	471079709	collect=517167,pre-reconstruct=3469375,normalize=5832750,monomorphize=27750,instantiate=18750,translate=23160125,solve=438053792	
plean	crush-verify	1	Examples/Consensus.lean|Consensus.Node.RequestVoting.eVote_correct_block0_quorum_votes	Consensus.Node.RequestVoting.eVote_correct_block0_quorum_votes	11272300007460999684	verified	not-requested	solver returned unsat; closed under the trust policy	486289748	collect=492750,pre-reconstruct=2851708,normalize=5757833,monomorphize=27291,instantiate=16083,translate=23360541,solve=453783542	
plean	crush-verify	1	Examples/Consensus.lean|Consensus.Node.RequestVoting.eVote_correct_block0_quorum_votes	Consensus.Node.RequestVoting.eVote_correct_block0_quorum_votes	7787634557034167565	verified	not-requested	solver returned unsat; closed under the trust policy	466059083	collect=428292,pre-reconstruct=1361291,normalize=5227542,monomorphize=24791,instantiate=14625,translate=22829500,solve=436173042	
plean	crush-verify	1	Examples/Consensus.lean|Consensus.Node.RequestVoting.eVote_correct_block0_quorum_votes	Consensus.Node.RequestVoting.eVote_correct_block0_quorum_votes	8236911049903588693	unknown	not-attempted	solver exited without a verdict: cvc5 interrupted by timeout.	5442421043	collect=457500,pre-reconstruct=2588250,normalize=4985375,monomorphize=22959,instantiate=15000,translate=20847917,solve=5413504042	
plean	crush-verify	1	Examples/Consensus.lean|Consensus.Node.RequestVoting.eVote_correct_block0_quorum_votes	Consensus.Node.RequestVoting.eVote_correct_block0_quorum_votes	10849681932946429018	verified	not-requested	solver returned unsat; closed under the trust policy	460861792	collect=369750,pre-reconstruct=1277416,normalize=5047625,monomorphize=29250,instantiate=16084,translate=21769250,solve=432352417	
plean	crush-verify	1	Examples/Consensus.lean|Consensus.Node.RequestVoting.eVote_correct_block0_quorum_votes	Consensus.Node.RequestVoting.eVote_correct_block0_quorum_votes	3472907131936921987	verified	not-requested	solver returned unsat; closed under the trust policy	465418208	collect=2068291,pre-reconstruct=1868750,normalize=10840208,monomorphize=48000,instantiate=30750,translate=24403792,solve=426158417	
plean	crush-verify	1	Examples/Consensus.lean|Consensus.Node.RequestVoting.eVote_correct_block0_quorum_votes	Consensus.Node.RequestVoting.eVote_correct_block0_quorum_votes	11272300007460999684	verified	not-requested	solver returned unsat; closed under the trust policy	483364248	collect=438541,pre-reconstruct=2752791,normalize=5587792,monomorphize=30500,instantiate=16583,translate=23143083,solve=451394958	
plean	crush-verify	1	Examples/Consensus.lean|Consensus.Node.RequestVoting.eVote_correct_block0_quorum_votes	Consensus.Node.RequestVoting.eVote_correct_block0_quorum_votes	7787634557034167565	verified	not-requested	solver returned unsat; closed under the trust policy	453187123	collect=396458,pre-reconstruct=1449666,normalize=5148458,monomorphize=28458,instantiate=15375,translate=21962250,solve=424186458	
plean	crush-verify	1	Examples/Consensus.lean|Consensus.Node.RequestVoting.eVote_correct_block0_quorum_votes	Consensus.Node.RequestVoting.eVote_correct_block0_quorum_votes	4603268118125486097	verified	not-requested	solver returned unsat; closed under the trust policy	460161126	collect=298833,pre-reconstruct=1206250,normalize=5242625,monomorphize=27542,instantiate=19292,translate=20491417,solve=432875167	
plean	crush-verify	1	Examples/Consensus.lean|Consensus.Node.RequestVoting.eVote_correct_block0_quorum_votes	Consensus.Node.RequestVoting.eVote_correct_block0_quorum_votes	4519860779536265759	unknown	not-attempted	solver exited without a verdict: cvc5 interrupted by timeout.	5461200583	collect=575042,pre-reconstruct=4131667,normalize=5560875,monomorphize=24416,instantiate=20417,translate=19581750,solve=5431306416	
plean	crush-verify	1	Examples/Consensus.lean|Consensus.Node.RequestVoting.eVote_correct_block0_quorum_votes	Consensus.Node.RequestVoting.eVote_correct_block0_quorum_votes	10849681932946429018	verified	not-requested	solver returned unsat; closed under the trust policy	469954626	collect=366292,pre-reconstruct=1301833,normalize=5581417,monomorphize=34250,instantiate=19625,translate=22426167,solve=440225042	
plean	crush-verify	1	Examples/Consensus.lean|Consensus.Node.RequestVoting.eVote_correct_block0_quorum_votes	Consensus.Node.RequestVoting.eVote_correct_block0_quorum_votes	3472907131936921987	verified	not-requested	solver returned unsat; closed under the trust policy	460123419	collect=423250,pre-reconstruct=1669834,normalize=5739959,monomorphize=26583,instantiate=16834,translate=22882417,solve=429364542	
plean	crush-verify	1	Examples/Consensus.lean|Consensus.Node.RequestVoting.eVote_correct_block0_quorum_votes	Consensus.Node.RequestVoting.eVote_correct_block0_quorum_votes	12904480799279521542	verified	not-requested	solver returned unsat; closed under the trust policy	492086540	collect=357000,pre-reconstruct=2635333,normalize=5419375,monomorphize=25125,instantiate=16041,translate=23422958,solve=460210708	
plean	crush-verify	1	Examples/Consensus.lean|Consensus.Node.RequestVoting.eVote_correct_block0_quorum_votes	Consensus.Node.RequestVoting.eVote_correct_block0_quorum_votes	7787634557034167565	verified	not-requested	solver returned unsat; closed under the trust policy	455425708	collect=361458,pre-reconstruct=1294083,normalize=5204459,monomorphize=25666,instantiate=15750,translate=20279333,solve=428244959	
plean	crush-verify	1	Examples/Consensus.lean|Consensus.Node.RequestVoting.eVote_correct_block0_quorum_votes	Consensus.Node.RequestVoting.eVote_correct_block0_quorum_votes	8236911049903588693	unknown	not-attempted	solver exited without a verdict: cvc5 interrupted by timeout.	5451912459	collect=425083,pre-reconstruct=2045000,normalize=5379333,monomorphize=27709,instantiate=22167,translate=20289333,solve=5423723834	
plean	crush-verify	1	Examples/Consensus.lean|Consensus.Node.RequestVoting.eVote_correct_block0_quorum_votes	Consensus.Node.RequestVoting.eVote_correct_block0_quorum_votes	17543746974329909032	unknown	not-attempted	solver exited without a verdict: cvc5 interrupted by timeout.	5491650582	collect=454584,pre-reconstruct=11147583,normalize=10809666,monomorphize=25125,instantiate=13000,translate=41288041,solve=5427912583	
plean	crush-verify	1	Examples/Consensus.lean|Consensus.Node.RequestVoting.eVote_correct_block0_quorum_votes	Consensus.Node.RequestVoting.eVote_correct_block0_quorum_votes	17543746974329909032	unknown	not-attempted	solver exited without a verdict: cvc5 interrupted by timeout.	5494829667	collect=457709,pre-reconstruct=11432958,normalize=11473500,monomorphize=25084,instantiate=17750,translate=42120583,solve=5429302083	
plean	crush-verify	1	Examples/Consensus.lean|Consensus.Node.RequestVoting.eVote_correct_block0_quorum_votes	Consensus.Node.RequestVoting.eVote_correct_block0_quorum_votes	10849681932946429018	verified	not-requested	solver returned unsat; closed under the trust policy	471183125	collect=418167,pre-reconstruct=1519542,normalize=5918875,monomorphize=26542,instantiate=17750,translate=22601208,solve=440681041	
plean	crush-verify	1	Examples/Consensus.lean|Consensus.Node.RequestVoting.eVote_correct_block0_quorum_votes	Consensus.Node.RequestVoting.eVote_correct_block0_quorum_votes	15748587994340257921	verified	not-requested	solver returned unsat; closed under the trust policy	483796127	collect=606792,pre-reconstruct=8317792,normalize=7817542,monomorphize=28000,instantiate=15750,translate=27011542,solve=439998709	
plean	crush-verify	1	Examples/Consensus.lean|Consensus.Node.RequestVoting.eVote_correct_block0_quorum_votes	Consensus.Node.RequestVoting.eVote_correct_block0_quorum_votes	11608084363687133148	unknown	not-attempted	solver exited without a verdict: cvc5 interrupted by timeout.	5460006540	collect=558583,pre-reconstruct=4336291,normalize=7760958,monomorphize=28625,instantiate=14333,translate=26558375,solve=5420749375	
plean	crush-verify	1	Examples/Consensus.lean|Consensus.Node.RequestVoting.eVote_correct_block0_quorum_votes	Consensus.Node.RequestVoting.eVote_correct_block0_quorum_votes	10849681932946429018	verified	not-requested	solver returned unsat; closed under the trust policy	470826833	collect=400000,pre-reconstruct=1334042,normalize=5729792,monomorphize=27833,instantiate=16458,translate=22809833,solve=440508875	
plean	crush-verify	1	Examples/Consensus.lean|Consensus.Node.RequestVoting.eVote_correct_block0_quorum_votes	Consensus.Node.RequestVoting.eVote_correct_block0_quorum_votes	15748587994340257921	verified	not-requested	solver returned unsat; closed under the trust policy	491457000	collect=572916,pre-reconstruct=6121084,normalize=7824208,monomorphize=29833,instantiate=14875,translate=26900959,solve=449993125	
plean	crush-verify	1	Examples/Consensus.lean|Consensus.Node.RequestVoting.eVote_correct_block0_quorum_votes	Consensus.Node.RequestVoting.eVote_correct_block0_quorum_votes	11608084363687133148	unknown	not-attempted	solver exited without a verdict: cvc5 interrupted by timeout.	5466591335	collect=524542,pre-reconstruct=3875667,normalize=7224667,monomorphize=26125,instantiate=14750,translate=27299834,solve=5427625750	
plean	crush-verify	1	Examples/Consensus.lean|Consensus.Node.RequestVoting.entry_correct_block0_quorum_votes	Consensus.Node.RequestVoting.entry_correct_block0_quorum_votes	14164405271770660395	verified	not-requested	solver returned unsat; closed under the trust policy	556145292	collect=472166,pre-reconstruct=5621500,normalize=10641625,monomorphize=32709,instantiate=18500,translate=39178709,solve=500180083	
plean	crush-verify	1	Examples/Consensus.lean|Consensus.Node.RequestVoting.entry_correct_block0_quorum_votes	Consensus.Node.RequestVoting.entry_correct_block0_quorum_votes	10849681932946429018	verified	not-requested	solver returned unsat; closed under the trust policy	463911042	collect=568667,pre-reconstruct=7330000,normalize=5447750,monomorphize=23542,instantiate=13792,translate=19931666,solve=430595625	
plean	crush-verify	1	Examples/Consensus.lean|Consensus.Node.RequestVoting.entry_correct_block0_quorum_votes	Consensus.Node.RequestVoting.entry_correct_block0_quorum_votes	3472907131936921987	verified	not-requested	solver returned unsat; closed under the trust policy	474461791	collect=439125,pre-reconstruct=1901750,normalize=7177667,monomorphize=36583,instantiate=17666,translate=20731625,solve=444157375	
plean	crush-verify	1	Examples/Consensus.lean|Consensus.Node.RequestVoting.entry_correct_block0_quorum_votes	Consensus.Node.RequestVoting.entry_correct_block0_quorum_votes	11272300007460999684	verified	not-requested	solver returned unsat; closed under the trust policy	492409126	collect=410042,pre-reconstruct=3024667,normalize=6525791,monomorphize=29917,instantiate=17208,translate=21253459,solve=461148042	
plean	crush-verify	1	Examples/Consensus.lean|Consensus.Node.RequestVoting.entry_correct_block0_quorum_votes	Consensus.Node.RequestVoting.entry_correct_block0_quorum_votes	7787634557034167565	verified	not-requested	solver returned unsat; closed under the trust policy	454963791	collect=450250,pre-reconstruct=2369500,normalize=6135666,monomorphize=24875,instantiate=20917,translate=19232083,solve=426730500	
plean	crush-verify	1	Examples/Consensus.lean|Consensus.Node.RequestVoting.entry_correct_block0_quorum_votes	Consensus.Node.RequestVoting.entry_correct_block0_quorum_votes	16072706003052080688	selected-fact	not-attempted	closed from a selected Lean fact	449375	collect=449375	
plean	crush-verify	1	Examples/Consensus.lean|Consensus.base_block1_unique_leader	Consensus.base_block1_unique_leader	16773836904586594644	verified	not-requested	solver returned unsat; closed under the trust policy	438559791	collect=228417,pre-reconstruct=560041,normalize=2325583,monomorphize=20583,instantiate=25834,translate=11447958,solve=423951375	
plean	crush-verify	1	Examples/Consensus.lean|Consensus.Node.RequestVoting.eRequestVote_correct_block1_election_safety_using_quorum_votes	Consensus.Node.RequestVoting.eRequestVote_correct_block1_election_safety_using_quorum_votes	16773836904586594644	verified	not-requested	solver returned unsat; closed under the trust policy	499194792	collect=555000,pre-reconstruct=1563041,normalize=9912417,monomorphize=44042,instantiate=27458,translate=35924334,solve=451168500	
plean	crush-verify	1	Examples/Consensus.lean|Consensus.Node.RequestVoting.eRequestVote_correct_block1_election_safety_using_quorum_votes	Consensus.Node.RequestVoting.eRequestVote_correct_block1_election_safety_using_quorum_votes	16773836904586594644	verified	not-requested	solver returned unsat; closed under the trust policy	475982917	collect=599791,pre-reconstruct=1548042,normalize=6899750,monomorphize=28042,instantiate=17083,translate=24789625,solve=442100584	
plean	crush-verify	1	Examples/Consensus.lean|Consensus.Node.RequestVoting.eVote_correct_block1_election_safety_using_quorum_votes	Consensus.Node.RequestVoting.eVote_correct_block1_election_safety_using_quorum_votes	16773836904586594644	unknown	not-attempted	solver exited without a verdict: cvc5 interrupted by timeout.	5472214668	collect=474167,pre-reconstruct=1291667,normalize=9780417,monomorphize=43000,instantiate=31125,translate=32744709,solve=5427849583	
plean	crush-verify	1	Examples/Consensus.lean|Consensus.Node.RequestVoting.eVote_correct_block1_election_safety_using_quorum_votes	Consensus.Node.RequestVoting.eVote_correct_block1_election_safety_using_quorum_votes	16773836904586594644	unknown	not-attempted	solver exited without a verdict: cvc5 interrupted by timeout.	5478169208	collect=417459,pre-reconstruct=1303375,normalize=9490166,monomorphize=32750,instantiate=14916,translate=32178000,solve=5434732542	
plean	crush-verify	1	Examples/Consensus.lean|Consensus.Node.RequestVoting.eVote_correct_block1_election_safety_using_quorum_votes	Consensus.Node.RequestVoting.eVote_correct_block1_election_safety_using_quorum_votes	16773836904586594644	unknown	not-attempted	solver exited without a verdict: cvc5 interrupted by timeout.	5470963041	collect=382917,pre-reconstruct=1274958,normalize=9153833,monomorphize=28208,instantiate=16166,translate=32164084,solve=5427942875	
plean	crush-verify	1	Examples/Consensus.lean|Consensus.Node.RequestVoting.eVote_correct_block1_election_safety_using_quorum_votes	Consensus.Node.RequestVoting.eVote_correct_block1_election_safety_using_quorum_votes	16773836904586594644	unknown	not-attempted	solver exited without a verdict: cvc5 interrupted by timeout.	5472973958	collect=437833,pre-reconstruct=1405625,normalize=9231125,monomorphize=29042,instantiate=21791,translate=31391750,solve=5430456792	
plean	crush-verify	1	Examples/Consensus.lean|Consensus.Node.RequestVoting.eVote_correct_block1_election_safety_using_quorum_votes	Consensus.Node.RequestVoting.eVote_correct_block1_election_safety_using_quorum_votes	16773836904586594644	verified	not-requested	solver returned unsat; closed under the trust policy	475489582	collect=370917,pre-reconstruct=1041458,normalize=6234541,monomorphize=27125,instantiate=11291,translate=24981000,solve=442823250	
plean	crush-verify	1	Examples/Consensus.lean|Consensus.Node.RequestVoting.eVote_correct_block1_election_safety_using_quorum_votes	Consensus.Node.RequestVoting.eVote_correct_block1_election_safety_using_quorum_votes	10849681932946429018	verified	not-requested	solver returned unsat; closed under the trust policy	468873500	collect=541334,pre-reconstruct=7171958,normalize=6698583,monomorphize=26375,instantiate=15250,translate=24158708,solve=430261292	
plean	crush-verify	1	Examples/Consensus.lean|Consensus.Node.RequestVoting.eVote_correct_block1_election_safety_using_quorum_votes	Consensus.Node.RequestVoting.eVote_correct_block1_election_safety_using_quorum_votes	3472907131936921987	verified	not-requested	solver returned unsat; closed under the trust policy	498203749	collect=442333,pre-reconstruct=1872041,normalize=6507333,monomorphize=26417,instantiate=15042,translate=24260208,solve=465080375	
plean	crush-verify	1	Examples/Consensus.lean|Consensus.Node.RequestVoting.eVote_correct_block1_election_safety_using_quorum_votes	Consensus.Node.RequestVoting.eVote_correct_block1_election_safety_using_quorum_votes	11272300007460999684	verified	not-requested	solver returned unsat; closed under the trust policy	499814624	collect=421916,pre-reconstruct=3056875,normalize=7373417,monomorphize=39416,instantiate=19750,translate=26006000,solve=462897250	
plean	crush-verify	1	Examples/Consensus.lean|Consensus.Node.RequestVoting.eVote_correct_block1_election_safety_using_quorum_votes	Consensus.Node.RequestVoting.eVote_correct_block1_election_safety_using_quorum_votes	7787634557034167565	verified	not-requested	solver returned unsat; closed under the trust policy	472309958	collect=475000,pre-reconstruct=1607250,normalize=6440792,monomorphize=27666,instantiate=16375,translate=22956250,solve=440786625	
plean	crush-verify	1	Examples/Consensus.lean|Consensus.Node.RequestVoting.eVote_correct_block1_election_safety_using_quorum_votes	Consensus.Node.RequestVoting.eVote_correct_block1_election_safety_using_quorum_votes	8236911049903588693	unknown	not-attempted	solver exited without a verdict: cvc5 interrupted by timeout.	5448841000	collect=481625,pre-reconstruct=2437917,normalize=5995917,monomorphize=24083,instantiate=15166,translate=21261542,solve=5418624750	
plean	crush-verify	1	Examples/Consensus.lean|Consensus.Node.RequestVoting.eVote_correct_block1_election_safety_using_quorum_votes	Consensus.Node.RequestVoting.eVote_correct_block1_election_safety_using_quorum_votes	16773836904586594644	verified	not-requested	solver returned unsat; closed under the trust policy	470291498	collect=374541,pre-reconstruct=1082166,normalize=6294584,monomorphize=28083,instantiate=19041,translate=23766875,solve=438726208	
plean	crush-verify	1	Examples/Consensus.lean|Consensus.Node.RequestVoting.eVote_correct_block1_election_safety_using_quorum_votes	Consensus.Node.RequestVoting.eVote_correct_block1_election_safety_using_quorum_votes	10849681932946429018	verified	not-requested	solver returned unsat; closed under the trust policy	473577166	collect=565375,pre-reconstruct=4067208,normalize=6389000,monomorphize=27167,instantiate=16500,translate=25598708,solve=436913208	
plean	crush-verify	1	Examples/Consensus.lean|Consensus.Node.RequestVoting.eVote_correct_block1_election_safety_using_quorum_votes	Consensus.Node.RequestVoting.eVote_correct_block1_election_safety_using_quorum_votes	3472907131936921987	verified	not-requested	solver returned unsat; closed under the trust policy	473608166	collect=545792,pre-reconstruct=2186000,normalize=7296875,monomorphize=35000,instantiate=18208,translate=26199666,solve=437326625	
plean	crush-verify	1	Examples/Consensus.lean|Consensus.Node.RequestVoting.eVote_correct_block1_election_safety_using_quorum_votes	Consensus.Node.RequestVoting.eVote_correct_block1_election_safety_using_quorum_votes	11272300007460999684	verified	not-requested	solver returned unsat; closed under the trust policy	534588624	collect=436500,pre-reconstruct=2929958,normalize=6361458,monomorphize=25833,instantiate=15125,translate=24287667,solve=500532083	
plean	crush-verify	1	Examples/Consensus.lean|Consensus.Node.RequestVoting.eVote_correct_block1_election_safety_using_quorum_votes	Consensus.Node.RequestVoting.eVote_correct_block1_election_safety_using_quorum_votes	7787634557034167565	verified	not-requested	solver returned unsat; closed under the trust policy	469800833	collect=452750,pre-reconstruct=1631125,normalize=7275833,monomorphize=34500,instantiate=17750,translate=23289875,solve=437099000	
plean	crush-verify	1	Examples/Consensus.lean|Consensus.Node.RequestVoting.eVote_correct_block1_election_safety_using_quorum_votes	Consensus.Node.RequestVoting.eVote_correct_block1_election_safety_using_quorum_votes	8236911049903588693	unknown	not-attempted	solver exited without a verdict: cvc5 interrupted by timeout.	5457325624	collect=495250,pre-reconstruct=2287250,normalize=6162750,monomorphize=23708,instantiate=14958,translate=21127000,solve=5427214708	
plean	crush-verify	1	Examples/Consensus.lean|Consensus.Node.RequestVoting.eVote_correct_block1_election_safety_using_quorum_votes	Consensus.Node.RequestVoting.eVote_correct_block1_election_safety_using_quorum_votes	16773836904586594644	verified	not-requested	solver returned unsat; closed under the trust policy	478928041	collect=342042,pre-reconstruct=1232541,normalize=6289458,monomorphize=28292,instantiate=15459,translate=24456333,solve=446563916	
plean	crush-verify	1	Examples/Consensus.lean|Consensus.Node.RequestVoting.eVote_correct_block1_election_safety_using_quorum_votes	Consensus.Node.RequestVoting.eVote_correct_block1_election_safety_using_quorum_votes	10849681932946429018	verified	not-requested	solver returned unsat; closed under the trust policy	472609082	collect=438750,pre-reconstruct=1589750,normalize=6291333,monomorphize=27458,instantiate=19458,translate=24074625,solve=440167708	
plean	crush-verify	1	Examples/Consensus.lean|Consensus.Node.RequestVoting.eVote_correct_block1_election_safety_using_quorum_votes	Consensus.Node.RequestVoting.eVote_correct_block1_election_safety_using_quorum_votes	3472907131936921987	verified	not-requested	solver returned unsat; closed under the trust policy	479722502	collect=408209,pre-reconstruct=1818709,normalize=6866167,monomorphize=29292,instantiate=22208,translate=26164375,solve=444413542	
plean	crush-verify	1	Examples/Consensus.lean|Consensus.Node.RequestVoting.eVote_correct_block1_election_safety_using_quorum_votes	Consensus.Node.RequestVoting.eVote_correct_block1_election_safety_using_quorum_votes	11272300007460999684	verified	not-requested	solver returned unsat; closed under the trust policy	505164292	collect=346083,pre-reconstruct=2863375,normalize=6029750,monomorphize=25500,instantiate=15458,translate=23977959,solve=471906167	
plean	crush-verify	1	Examples/Consensus.lean|Consensus.Node.RequestVoting.eVote_correct_block1_election_safety_using_quorum_votes	Consensus.Node.RequestVoting.eVote_correct_block1_election_safety_using_quorum_votes	7787634557034167565	verified	not-requested	solver returned unsat; closed under the trust policy	471342584	collect=330042,pre-reconstruct=1319417,normalize=6603250,monomorphize=29584,instantiate=15000,translate=23710875,solve=439334416	
plean	crush-verify	1	Examples/Consensus.lean|Consensus.Node.RequestVoting.eVote_correct_block1_election_safety_using_quorum_votes	Consensus.Node.RequestVoting.eVote_correct_block1_election_safety_using_quorum_votes	4603268118125486097	verified	not-requested	solver returned unsat; closed under the trust policy	479440667	collect=305083,pre-reconstruct=947625,normalize=5304084,monomorphize=23250,instantiate=15958,translate=20838125,solve=452006542	
plean	crush-verify	1	Examples/Consensus.lean|Consensus.Node.RequestVoting.eVote_correct_block1_election_safety_using_quorum_votes	Consensus.Node.RequestVoting.eVote_correct_block1_election_safety_using_quorum_votes	4519860779536265759	unknown	not-attempted	solver exited without a verdict: cvc5 interrupted by timeout.	5463663334	collect=514875,pre-reconstruct=4529833,normalize=6549250,monomorphize=25208,instantiate=16292,translate=22146709,solve=5429881167	
plean	crush-verify	1	Examples/Consensus.lean|Consensus.Node.RequestVoting.eVote_correct_block1_election_safety_using_quorum_votes	Consensus.Node.RequestVoting.eVote_correct_block1_election_safety_using_quorum_votes	16773836904586594644	verified	not-requested	solver returned unsat; closed under the trust policy	471127709	collect=334500,pre-reconstruct=1075333,normalize=6129625,monomorphize=27084,instantiate=18875,translate=24167750,solve=439374542	
plean	crush-verify	1	Examples/Consensus.lean|Consensus.Node.RequestVoting.eVote_correct_block1_election_safety_using_quorum_votes	Consensus.Node.RequestVoting.eVote_correct_block1_election_safety_using_quorum_votes	10849681932946429018	verified	not-requested	solver returned unsat; closed under the trust policy	480676959	collect=326875,pre-reconstruct=1258167,normalize=5724583,monomorphize=25583,instantiate=16625,translate=22742417,solve=450582709	
plean	crush-verify	1	Examples/Consensus.lean|Consensus.Node.RequestVoting.eVote_correct_block1_election_safety_using_quorum_votes	Consensus.Node.RequestVoting.eVote_correct_block1_election_safety_using_quorum_votes	3472907131936921987	verified	not-requested	solver returned unsat; closed under the trust policy	471692125	collect=385167,pre-reconstruct=1700583,normalize=6333125,monomorphize=26000,instantiate=19000,translate=23379000,solve=439849250	
plean	crush-verify	1	Examples/Consensus.lean|Consensus.Node.RequestVoting.eVote_correct_block1_election_safety_using_quorum_votes	Consensus.Node.RequestVoting.eVote_correct_block1_election_safety_using_quorum_votes	13155560877835609623	verified	not-requested	solver returned unsat; closed under the trust policy	500996125	collect=343958,pre-reconstruct=2719042,normalize=6025792,monomorphize=25667,instantiate=15791,translate=24092125,solve=467773750	
plean	crush-verify	1	Examples/Consensus.lean|Consensus.Node.RequestVoting.eVote_correct_block1_election_safety_using_quorum_votes	Consensus.Node.RequestVoting.eVote_correct_block1_election_safety_using_quorum_votes	7787634557034167565	verified	not-requested	solver returned unsat; closed under the trust policy	479208959	collect=323750,pre-reconstruct=1351834,normalize=5964042,monomorphize=25209,instantiate=16791,translate=22527875,solve=448999458	
plean	crush-verify	1	Examples/Consensus.lean|Consensus.Node.RequestVoting.eVote_correct_block1_election_safety_using_quorum_votes	Consensus.Node.RequestVoting.eVote_correct_block1_election_safety_using_quorum_votes	8236911049903588693	unknown	not-attempted	solver exited without a verdict: cvc5 interrupted by timeout.	5462097167	collect=323917,pre-reconstruct=2254917,normalize=6129209,monomorphize=24958,instantiate=17583,translate=21585625,solve=5431760958	
plean	crush-verify	1	Examples/Consensus.lean|Consensus.Node.RequestVoting.eVote_correct_block1_election_safety_using_quorum_votes	Consensus.Node.RequestVoting.eVote_correct_block1_election_safety_using_quorum_votes	16773836904586594644	unknown	not-attempted	solver exited without a verdict: cvc5 interrupted by timeout.	5465295959	collect=380959,pre-reconstruct=1147042,normalize=9014000,monomorphize=27125,instantiate=11958,translate=31526750,solve=5423188125	
plean	crush-verify	1	Examples/Consensus.lean|Consensus.Node.RequestVoting.eVote_correct_block1_election_safety_using_quorum_votes	Consensus.Node.RequestVoting.eVote_correct_block1_election_safety_using_quorum_votes	16773836904586594644	unknown	not-attempted	solver exited without a verdict: cvc5 interrupted by timeout.	5479141293	collect=445375,pre-reconstruct=1316334,normalize=9178750,monomorphize=26875,instantiate=17167,translate=31740500,solve=5436416292	
plean	crush-verify	1	Examples/Consensus.lean|Consensus.Node.RequestVoting.eVote_correct_block1_election_safety_using_quorum_votes	Consensus.Node.RequestVoting.eVote_correct_block1_election_safety_using_quorum_votes	16773836904586594644	unknown	not-attempted	solver exited without a verdict: cvc5 interrupted by timeout.	5479153876	collect=419125,pre-reconstruct=1251375,normalize=10661709,monomorphize=29917,instantiate=19292,translate=33211291,solve=5433561167	
plean	crush-verify	1	Examples/Consensus.lean|Consensus.Node.RequestVoting.eVote_correct_block1_election_safety_using_quorum_votes	Consensus.Node.RequestVoting.eVote_correct_block1_election_safety_using_quorum_votes	16773836904586594644	unknown	not-attempted	solver exited without a verdict: cvc5 interrupted by timeout.	5477941293	collect=520042,pre-reconstruct=1534833,normalize=9540209,monomorphize=29417,instantiate=20500,translate=32637875,solve=5433658417	
plean	crush-verify	1	Examples/Consensus.lean|Consensus.Node.RequestVoting.entry_correct_block1_election_safety_using_quorum_votes	Consensus.Node.RequestVoting.entry_correct_block1_election_safety_using_quorum_votes	14164405271770660395	verified	not-requested	solver returned unsat; closed under the trust policy	571198374	collect=524083,pre-reconstruct=6882416,normalize=12365000,monomorphize=38625,instantiate=18625,translate=43531250,solve=507838375	
plean	crush-verify	1	Examples/Consensus.lean|Consensus.Node.RequestVoting.entry_correct_block1_election_safety_using_quorum_votes	Consensus.Node.RequestVoting.entry_correct_block1_election_safety_using_quorum_votes	10849681932946429018	verified	not-requested	solver returned unsat; closed under the trust policy	480859125	collect=591042,pre-reconstruct=7114250,normalize=6149250,monomorphize=33500,instantiate=14583,translate=23051458,solve=443905042	
plean	crush-verify	1	Examples/Consensus.lean|Consensus.Node.RequestVoting.entry_correct_block1_election_safety_using_quorum_votes	Consensus.Node.RequestVoting.entry_correct_block1_election_safety_using_quorum_votes	3472907131936921987	verified	not-requested	solver returned unsat; closed under the trust policy	476567916	collect=472458,pre-reconstruct=2465542,normalize=6947291,monomorphize=24792,instantiate=14333,translate=22536917,solve=444106583	
plean	crush-verify	1	Examples/Consensus.lean|Consensus.Node.RequestVoting.entry_correct_block1_election_safety_using_quorum_votes	Consensus.Node.RequestVoting.entry_correct_block1_election_safety_using_quorum_votes	11272300007460999684	verified	not-requested	solver returned unsat; closed under the trust policy	501296457	collect=473583,pre-reconstruct=3100500,normalize=7127708,monomorphize=24958,instantiate=14750,translate=23583541,solve=466971417	
plean	crush-verify	1	Examples/Consensus.lean|Consensus.Node.RequestVoting.entry_correct_block1_election_safety_using_quorum_votes	Consensus.Node.RequestVoting.entry_correct_block1_election_safety_using_quorum_votes	7787634557034167565	verified	not-requested	solver returned unsat; closed under the trust policy	491196624	collect=454292,pre-reconstruct=1806583,normalize=7123292,monomorphize=24208,instantiate=15208,translate=22315083,solve=459457958	
plean	crush-verify	1	Examples/Consensus.lean|Consensus.Node.RequestVoting.entry_correct_block1_election_safety_using_quorum_votes	Consensus.Node.RequestVoting.entry_correct_block1_election_safety_using_quorum_votes	16773836904586594644	verified	not-requested	solver returned unsat; closed under the trust policy	584694460	collect=550167,pre-reconstruct=1622125,normalize=9764084,monomorphize=27166,instantiate=15459,translate=34896125,solve=537819334	
plean	crush-verify	1	Examples/Consensus.lean|Consensus.base_block1_UniqueActions	Consensus.base_block1_UniqueActions	17799728052405574097	verified	not-requested	solver returned unsat; closed under the trust policy	445631959	collect=245083,pre-reconstruct=1325334,normalize=2180916,monomorphize=19459,instantiate=27958,translate=10175000,solve=431658209	
plean	crush-verify	1	Examples/Consensus.lean|Consensus.base_block1_IncreasingCount	Consensus.base_block1_IncreasingCount	16645480121653727987	verified	not-requested	solver returned unsat; closed under the trust policy	458273209	collect=229667,pre-reconstruct=374625,normalize=1633209,monomorphize=19833,instantiate=23167,translate=9676750,solve=446315958	
plean	crush-verify	1	Examples/Consensus.lean|Consensus.base_block1_ReceivedSubsetSent	Consensus.base_block1_ReceivedSubsetSent	5156885450211704390	verified	not-requested	solver returned unsat; closed under the trust policy	441665374	collect=241416,pre-reconstruct=534750,normalize=1804042,monomorphize=21833,instantiate=21916,translate=9669708,solve=429371709	
plean	crush-verify	1	Examples/Consensus.lean|Consensus.Node.RequestVoting.eRequestVote_correct_block1_default	Consensus.Node.RequestVoting.eRequestVote_correct_block1_default	3933832768922563022	verified	not-requested	solver returned unsat; closed under the trust policy	530317208	collect=419750,pre-reconstruct=39845000,normalize=5512708,monomorphize=31750,instantiate=30708,translate=20169334,solve=464307958	
plean	crush-verify	1	Examples/Consensus.lean|Consensus.Node.RequestVoting.eRequestVote_correct_block1_default	Consensus.Node.RequestVoting.eRequestVote_correct_block1_default	1648220582697772830	verified	not-requested	solver returned unsat; closed under the trust policy	473754833	collect=453375,pre-reconstruct=5419083,normalize=4056041,monomorphize=23542,instantiate=15875,translate=16740542,solve=447046375	
plean	crush-verify	1	Examples/Consensus.lean|Consensus.Node.RequestVoting.eVote_correct_block1_default	Consensus.Node.RequestVoting.eVote_correct_block1_default	15750191371393283518	verified	not-requested	solver returned unsat; closed under the trust policy	506615874	collect=475916,pre-reconstruct=21028250,normalize=4585625,monomorphize=30708,instantiate=29875,translate=19290125,solve=461175375	
plean	crush-verify	1	Examples/Consensus.lean|Consensus.Node.RequestVoting.eVote_correct_block1_default	Consensus.Node.RequestVoting.eVote_correct_block1_default	1648220582697772830	verified	not-requested	solver returned unsat; closed under the trust policy	501107959	collect=448417,pre-reconstruct=5853417,normalize=3880708,monomorphize=20250,instantiate=14709,translate=15742833,solve=475147625	
plean	crush-verify	1	Examples/Consensus.lean|Consensus.Node.RequestVoting.entry_correct_block1_default	Consensus.Node.RequestVoting.entry_correct_block1_default	52639182277772575	unknown	not-attempted	solver exited without a verdict: cvc5 interrupted by timeout.	5499590166	collect=1696000,pre-reconstruct=10339291,normalize=12038583,monomorphize=27791,instantiate=25500,translate=45824417,solve=5429638584	
plean	crush-verify	1	Examples/Consensus.lean|Consensus.Node.RequestVoting.entry_correct_block1_default	Consensus.Node.RequestVoting.entry_correct_block1_default	52639182277772575	unknown	not-attempted	solver exited without a verdict: cvc5 interrupted by timeout.	5511188709	collect=1127209,pre-reconstruct=10309416,normalize=11327875,monomorphize=23500,instantiate=18791,translate=42915584,solve=5445466334	
plean	crush-verify	1	Examples/Consensus.lean|Consensus.Node.RequestVoting.entry_correct_block1_default	Consensus.Node.RequestVoting.entry_correct_block1_default	14110832598524762649	unknown	not-attempted	solver exited without a verdict: cvc5 interrupted by timeout.	5502462084	collect=1090875,pre-reconstruct=1137084,normalize=9341750,monomorphize=30291,instantiate=17792,translate=31793084,solve=5459051208	
plean	crush-verify	1	Examples/Consensus.lean|Consensus.Node.RequestVoting.entry_correct_block1_default	Consensus.Node.RequestVoting.entry_correct_block1_default	7547850720454359298	unknown	not-attempted	solver exited without a verdict: cvc5 interrupted by timeout.	5483092502	collect=1152208,pre-reconstruct=1129084,normalize=9066042,monomorphize=22209,instantiate=21417,translate=31269000,solve=5440432542	
plean	crush-verify	1	Examples/Consensus.lean|Consensus.Node.RequestVoting.entry_correct_block1_default	Consensus.Node.RequestVoting.entry_correct_block1_default	16544938116920668609	verified	not-requested	solver returned unsat; closed under the trust policy	471466417	collect=257625,pre-reconstruct=1276917,normalize=2951542,monomorphize=23500,instantiate=11791,translate=12902125,solve=454042917	
plean	crush-verify	1	Examples/Consensus.lean|Consensus.Node.RequestVoting.entry_correct_block1_default	Consensus.Node.RequestVoting.entry_correct_block1_default	528461590877090962	verified	not-requested	solver returned unsat; closed under the trust policy	469210374	collect=398500,pre-reconstruct=1431333,normalize=2380041,monomorphize=18500,instantiate=14250,translate=12216916,solve=452750834	
plean	crush-verify	1	Examples/Consensus.lean|Consensus.Node.RequestVoting.entry_correct_block1_default	Consensus.Node.RequestVoting.entry_correct_block1_default	12889697509642270060	verified	not-requested	solver returned unsat; closed under the trust policy	455572376	collect=327625,pre-reconstruct=784375,normalize=2566417,monomorphize=19000,instantiate=14000,translate=11191167,solve=440669792	
plean	crush-verify	1	Examples/Consensus.lean|Consensus.Node.RequestVoting.entry_correct_block1_default	Consensus.Node.RequestVoting.entry_correct_block1_default	12046566145604182226	selected-fact	not-attempted	closed from a selected Lean fact	319208	collect=319208	
plean	crush-verify	1	Examples/Consensus.lean|Consensus.Node.RequestVoting.entry_correct_block1_default	Consensus.Node.RequestVoting.entry_correct_block1_default	9909793585723607952	selected-fact	not-attempted	closed from a selected Lean fact	145041	collect=145041	
plean	crush-verify	1	Examples/Consensus.lean|Consensus.Node.RequestVoting.entry_correct_block1_default	Consensus.Node.RequestVoting.entry_correct_block1_default	170167779222765392	selected-fact	not-attempted	closed from a selected Lean fact	151166	collect=151166	
plean	crush-verify	1	Examples/Consensus.lean|Consensus.Node.RequestVoting.entry_correct_block1_default	Consensus.Node.RequestVoting.entry_correct_block1_default	15874917105148581670	selected-fact	not-attempted	closed from a selected Lean fact	133667	collect=133667	
plean	crush-verify	1	Examples/Consensus.lean|Consensus.Node.RequestVoting.entry_correct_block1_default	Consensus.Node.RequestVoting.entry_correct_block1_default	16544938116920668609	verified	not-requested	solver returned unsat; closed under the trust policy	462095125	collect=205209,pre-reconstruct=1374167,normalize=2823791,monomorphize=21458,instantiate=15666,translate=12221917,solve=445432917	
plean	crush-verify	1	Examples/Consensus.lean|Consensus.Node.RequestVoting.entry_correct_block1_default	Consensus.Node.RequestVoting.entry_correct_block1_default	528461590877090962	verified	not-requested	solver returned unsat; closed under the trust policy	472641125	collect=364375,pre-reconstruct=604708,normalize=2533000,monomorphize=20208,instantiate=15458,translate=11492959,solve=457610417	
plean	crush-verify	1	Examples/Consensus.lean|Consensus.Node.RequestVoting.entry_correct_block1_default	Consensus.Node.RequestVoting.entry_correct_block1_default	12889697509642270060	verified	not-requested	solver returned unsat; closed under the trust policy	457981792	collect=305875,pre-reconstruct=702250,normalize=2355750,monomorphize=19750,instantiate=14125,translate=11842250,solve=442741792	
plean	crush-verify	1	Examples/Consensus.lean|Consensus.Node.RequestVoting.entry_correct_block1_default	Consensus.Node.RequestVoting.entry_correct_block1_default	12046566145604182226	selected-fact	not-attempted	closed from a selected Lean fact	368958	collect=368958	
plean	crush-verify	1	Examples/Consensus.lean|Consensus.Node.RequestVoting.entry_correct_block1_default	Consensus.Node.RequestVoting.entry_correct_block1_default	9909793585723607952	selected-fact	not-attempted	closed from a selected Lean fact	156833	collect=156833	
plean	crush-verify	1	Examples/Consensus.lean|Consensus.Node.RequestVoting.entry_correct_block1_default	Consensus.Node.RequestVoting.entry_correct_block1_default	170167779222765392	selected-fact	not-attempted	closed from a selected Lean fact	150291	collect=150291	
plean	crush-verify	1	Examples/Consensus.lean|Consensus.Node.RequestVoting.entry_correct_block1_default	Consensus.Node.RequestVoting.entry_correct_block1_default	15874917105148581670	selected-fact	not-attempted	closed from a selected Lean fact	150375	collect=150375	
plean	crush-verify	1	Examples/Consensus.lean|Consensus.Node.RequestVoting.entry_correct_block1_default	Consensus.Node.RequestVoting.entry_correct_block1_default	52639182277772575	unknown	not-attempted	solver exited without a verdict: cvc5 interrupted by timeout.	5507274292	collect=1166250,pre-reconstruct=9095375,normalize=10781958,monomorphize=21625,instantiate=16209,translate=42616458,solve=5443576417	
plean	crush-verify	1	Examples/Consensus.lean|Consensus.Node.RequestVoting.entry_correct_block1_default	Consensus.Node.RequestVoting.entry_correct_block1_default	52639182277772575	unknown	not-attempted	solver exited without a verdict: cvc5 interrupted by timeout.	5502956831	collect=1072666,pre-reconstruct=9718208,normalize=11757500,monomorphize=25041,instantiate=18125,translate=42973208,solve=5437392083	
plean	crush-verify	1	Examples/Consensus.lean|Consensus.Node.RequestVoting.entry_correct_block1_default	Consensus.Node.RequestVoting.entry_correct_block1_default	14110832598524762649	unknown	not-attempted	solver exited without a verdict: cvc5 interrupted by timeout.	5485532749	collect=1029041,pre-reconstruct=1089375,normalize=8523500,monomorphize=19459,instantiate=15625,translate=28086958,solve=5446768791	
plean	crush-verify	1	Examples/Consensus.lean|Consensus.Node.RequestVoting.entry_correct_block1_default	Consensus.Node.RequestVoting.entry_correct_block1_default	7547850720454359298	unknown	not-attempted	solver exited without a verdict: cvc5 interrupted by timeout.	5489352125	collect=1016583,pre-reconstruct=1270667,normalize=8477084,monomorphize=17958,instantiate=18500,translate=39227375,solve=5439323958	
plean	crush-verify	1	Examples/Consensus.lean|Consensus.Node.RequestVoting.entry_correct_block1_default	Consensus.Node.RequestVoting.entry_correct_block1_default	52639182277772575	unknown	not-attempted	solver exited without a verdict: cvc5 interrupted by timeout.	5515316501	collect=1004375,pre-reconstruct=9724917,normalize=11198000,monomorphize=23375,instantiate=13167,translate=41388250,solve=5451964417	
plean	crush-verify	1	Examples/Consensus.lean|Consensus.Node.RequestVoting.entry_correct_block1_default	Consensus.Node.RequestVoting.entry_correct_block1_default	52639182277772575	unknown	not-attempted	solver exited without a verdict: cvc5 interrupted by timeout.	5508764999	collect=1192958,pre-reconstruct=9864958,normalize=11843416,monomorphize=25167,instantiate=21208,translate=40865542,solve=5444951750	
plean	crush-verify	1	Examples/Consensus.lean|Consensus.Node.RequestVoting.entry_correct_block1_default	Consensus.Node.RequestVoting.entry_correct_block1_default	14110832598524762649	unknown	not-attempted	solver exited without a verdict: cvc5 interrupted by timeout.	5474333251	collect=1073417,pre-reconstruct=1157792,normalize=8799000,monomorphize=26417,instantiate=17125,translate=28854250,solve=5434405250	
plean	crush-verify	1	Examples/Consensus.lean|Consensus.Node.RequestVoting.entry_correct_block1_default	Consensus.Node.RequestVoting.entry_correct_block1_default	7547850720454359298	unknown	not-attempted	solver exited without a verdict: cvc5 interrupted by timeout.	5471133335	collect=964709,pre-reconstruct=1079875,normalize=8483584,monomorphize=17334,instantiate=18958,translate=31199458,solve=5429369417	
plean	crush-verify	1	Examples/Consensus.lean|Consensus.Node.RequestVoting.entry_correct_block1_default	Consensus.Node.RequestVoting.entry_correct_block1_default	52639182277772575	unknown	not-attempted	solver exited without a verdict: cvc5 interrupted by timeout.	5504166874	collect=1076166,pre-reconstruct=9327917,normalize=11103917,monomorphize=21541,instantiate=13041,translate=40241250,solve=5442383042	
plean	crush-verify	1	Examples/Consensus.lean|Consensus.Node.RequestVoting.entry_correct_block1_default	Consensus.Node.RequestVoting.entry_correct_block1_default	52639182277772575	unknown	not-attempted	solver exited without a verdict: cvc5 interrupted by timeout.	5506614542	collect=967875,pre-reconstruct=9981958,normalize=11306584,monomorphize=21667,instantiate=21292,translate=40256375,solve=5444058791	
plean	crush-verify	1	Examples/Consensus.lean|Consensus.Node.RequestVoting.entry_correct_block1_default	Consensus.Node.RequestVoting.entry_correct_block1_default	14110832598524762649	unknown	not-attempted	solver exited without a verdict: cvc5 interrupted by timeout.	5479345874	collect=1061125,pre-reconstruct=1153041,normalize=8869625,monomorphize=21208,instantiate=15416,translate=28488000,solve=5439737459	
plean	crush-verify	1	Examples/Consensus.lean|Consensus.Node.RequestVoting.entry_correct_block1_default	Consensus.Node.RequestVoting.entry_correct_block1_default	7547850720454359298	unknown	not-attempted	solver exited without a verdict: cvc5 interrupted by timeout.	5476282542	collect=939875,pre-reconstruct=1051166,normalize=8311875,monomorphize=17917,instantiate=14750,translate=29243334,solve=5436703625	
plean	crush-verify	1	Examples/Consensus.lean|Consensus.Node.RequestVoting.entry_correct_block1_default	Consensus.Node.RequestVoting.entry_correct_block1_default	52639182277772575	unknown	not-attempted	solver exited without a verdict: cvc5 interrupted by timeout.	5506212209	collect=1011041,pre-reconstruct=9297584,normalize=10615250,monomorphize=21625,instantiate=14958,translate=40055584,solve=5445196167	
plean	crush-verify	1	Examples/Consensus.lean|Consensus.Node.RequestVoting.entry_correct_block1_default	Consensus.Node.RequestVoting.entry_correct_block1_default	52639182277772575	unknown	not-attempted	solver exited without a verdict: cvc5 interrupted by timeout.	5503941000	collect=1088041,pre-reconstruct=9671334,normalize=11130708,monomorphize=20791,instantiate=23834,translate=39917208,solve=5442089084	
plean	crush-verify	1	Examples/Consensus.lean|Consensus.Node.RequestVoting.entry_correct_block1_default	Consensus.Node.RequestVoting.entry_correct_block1_default	14110832598524762649	unknown	not-attempted	solver exited without a verdict: cvc5 interrupted by timeout.	5474827375	collect=954250,pre-reconstruct=1219125,normalize=8850042,monomorphize=23209,instantiate=16916,translate=29992666,solve=5433771167	
plean	crush-verify	1	Examples/Consensus.lean|Consensus.Node.RequestVoting.entry_correct_block1_default	Consensus.Node.RequestVoting.entry_correct_block1_default	7547850720454359298	unknown	not-attempted	solver exited without a verdict: cvc5 interrupted by timeout.	5485370082	collect=900959,pre-reconstruct=1196791,normalize=8383167,monomorphize=18500,instantiate=15291,translate=31716166,solve=5443139208	
plean	crush-verify	1	Examples/Consensus.lean|Consensus.Node.RequestVoting.entry_correct_block1_default	Consensus.Node.RequestVoting.entry_correct_block1_default	52639182277772575	unknown	not-attempted	solver exited without a verdict: cvc5 interrupted by timeout.	5505135293	collect=925417,pre-reconstruct=9502083,normalize=10870000,monomorphize=19375,instantiate=12417,translate=40507084,solve=5443298917	
plean	crush-verify	1	Examples/Consensus.lean|Consensus.Node.RequestVoting.entry_correct_block1_default	Consensus.Node.RequestVoting.entry_correct_block1_default	52639182277772575	unknown	not-attempted	solver exited without a verdict: cvc5 interrupted by timeout.	5495755210	collect=1075542,pre-reconstruct=9784667,normalize=11395250,monomorphize=23833,instantiate=16917,translate=41103334,solve=5432355667	
plean	crush-verify	1	Examples/Consensus.lean|Consensus.Node.RequestVoting.entry_correct_block1_default	Consensus.Node.RequestVoting.entry_correct_block1_default	14110832598524762649	unknown	not-attempted	solver exited without a verdict: cvc5 interrupted by timeout.	5481975542	collect=961792,pre-reconstruct=1086417,normalize=8307458,monomorphize=24292,instantiate=15375,translate=28894625,solve=5442685583	
plean	crush-verify	1	Examples/Consensus.lean|Consensus.Node.RequestVoting.entry_correct_block1_default	Consensus.Node.RequestVoting.entry_correct_block1_default	7547850720454359298	unknown	not-attempted	solver exited without a verdict: cvc5 interrupted by timeout.	5487347166	collect=955125,pre-reconstruct=1085000,normalize=8563834,monomorphize=19166,instantiate=15291,translate=29496417,solve=5447212333	
plean	crush-verify	1	Examples/Consensus.lean|Consensus.Node.RequestVoting.entry_correct_block1_default	Consensus.Node.RequestVoting.entry_correct_block1_default	52639182277772575	unknown	not-attempted	solver exited without a verdict: cvc5 interrupted by timeout.	5497367416	collect=973750,pre-reconstruct=9602666,normalize=10858625,monomorphize=21541,instantiate=12167,translate=40781667,solve=5435117000	
plean	crush-verify	1	Examples/Consensus.lean|Consensus.Node.RequestVoting.entry_correct_block1_default	Consensus.Node.RequestVoting.entry_correct_block1_default	52639182277772575	unknown	not-attempted	solver exited without a verdict: cvc5 interrupted by timeout.	5511500791	collect=931041,pre-reconstruct=10291542,normalize=11989416,monomorphize=23000,instantiate=20542,translate=40624500,solve=5447620750	
plean	crush-verify	1	Examples/Consensus.lean|Consensus.Node.RequestVoting.entry_correct_block1_default	Consensus.Node.RequestVoting.entry_correct_block1_default	14110832598524762649	unknown	not-attempted	solver exited without a verdict: cvc5 interrupted by timeout.	5479195040	collect=1003541,pre-reconstruct=1205917,normalize=8716791,monomorphize=20250,instantiate=15500,translate=29019125,solve=5439213916	
plean	crush-verify	1	Examples/Consensus.lean|Consensus.Node.RequestVoting.entry_correct_block1_default	Consensus.Node.RequestVoting.entry_correct_block1_default	7547850720454359298	unknown	not-attempted	solver exited without a verdict: cvc5 interrupted by timeout.	5474257709	collect=1025625,pre-reconstruct=1126375,normalize=8344250,monomorphize=17000,instantiate=16500,translate=29417792,solve=5434310167	
plean	crush-portfolio	1	Examples/Consensus.lean|Consensus.base_block0_one_vote_per_voter	Consensus.base_block0_one_vote_per_voter	10849681932946429018	core-reconstructed	certificate-error	core-directed reconstruction succeeded	521638540	collect=729750,pre-reconstruct=3908917,normalize=3296583,monomorphize=130041,instantiate=102625,translate=18240333,solve=481056541,replay=136625,reconstruct=14037125	
plean	crush-portfolio	1	Examples/Consensus.lean|Consensus.base_block0_voted_after_eVote_sent	Consensus.base_block0_voted_after_eVote_sent	3472907131936921987	core-reconstructed	certificate-error	core-directed reconstruction succeeded	455592667	collect=237666,pre-reconstruct=2201375,normalize=3032917,monomorphize=22417,instantiate=20667,translate=12149917,solve=425742666,replay=19292,reconstruct=12165750	
plean	crush-portfolio	1	Examples/Consensus.lean|Consensus.base_block0_votes_linked	Consensus.base_block0_votes_linked	6190691505103623290	core-reconstructed	certificate-error	core-directed reconstruction succeeded	486023167	collect=243209,pre-reconstruct=3693583,normalize=2452375,monomorphize=25125,instantiate=25083,translate=12032541,solve=436432584,replay=20708,reconstruct=31097959	
plean	crush-portfolio	1	Examples/Consensus.lean|Consensus.base_block0_won_implies_quorum_votes	Consensus.base_block0_won_implies_quorum_votes	7787634557034167565	core-reconstructed	certificate-error	core-directed reconstruction succeeded	453681708	collect=266916,pre-reconstruct=1310250,normalize=2498042,monomorphize=23000,instantiate=25000,translate=11146625,solve=424139541,replay=20875,reconstruct=14251459	
plean	crush-portfolio	1	Examples/Consensus.lean|Consensus.Node.RequestVoting.eRequestVote_correct_block0_quorum_votes	Consensus.Node.RequestVoting.eRequestVote_correct_block0_quorum_votes	16666216787458711032	core-reconstructed	certificate-error	core-directed reconstruction succeeded	933040960	collect=740209,pre-reconstruct=25934541,normalize=11585709,monomorphize=31542,instantiate=20375,translate=50614625,solve=548530458,replay=19792,reconstruct=295563709	
plean	crush-portfolio	1	Examples/Consensus.lean|Consensus.Node.RequestVoting.eRequestVote_correct_block0_quorum_votes	Consensus.Node.RequestVoting.eRequestVote_correct_block0_quorum_votes	1671078499810707434	core-reconstructed	certificate-error	core-directed reconstruction succeeded	543531917	collect=377750,pre-reconstruct=2146000,normalize=7640000,monomorphize=31333,instantiate=15083,translate=31854625,solve=465919959,replay=16458,reconstruct=35530709	
plean	crush-portfolio	1	Examples/Consensus.lean|Consensus.Node.RequestVoting.eVote_correct_block0_quorum_votes	Consensus.Node.RequestVoting.eVote_correct_block0_quorum_votes	17543746974329909032	unknown	not-attempted	solver exited without a verdict: cvc5 interrupted by timeout.	5499053792	collect=630042,pre-reconstruct=16313875,normalize=11681917,monomorphize=35541,instantiate=23042,translate=44432500,solve=5425936875	
plean	crush-portfolio	1	Examples/Consensus.lean|Consensus.Node.RequestVoting.eVote_correct_block0_quorum_votes	Consensus.Node.RequestVoting.eVote_correct_block0_quorum_votes	17543746974329909032	unknown	not-attempted	solver exited without a verdict: cvc5 interrupted by timeout.	5500771543	collect=583833,pre-reconstruct=15785583,normalize=12237292,monomorphize=31417,instantiate=20334,translate=47066042,solve=5425047042	
plean	crush-portfolio	1	Examples/Consensus.lean|Consensus.Node.RequestVoting.eVote_correct_block0_quorum_votes	Consensus.Node.RequestVoting.eVote_correct_block0_quorum_votes	10849681932946429018	pre-reconstructed	not-attempted	closed before SMT translation	977404332	collect=431291,pre-reconstruct=976973041	
plean	crush-portfolio	1	Examples/Consensus.lean|Consensus.Node.RequestVoting.eVote_correct_block0_quorum_votes	Consensus.Node.RequestVoting.eVote_correct_block0_quorum_votes	15748587994340257921	core-reconstructed	certificate-error	core-directed reconstruction succeeded	572791667	collect=488750,pre-reconstruct=28526125,normalize=8491084,monomorphize=32917,instantiate=15375,translate=28140875,solve=447036833,replay=19917,reconstruct=60039791	
plean	crush-portfolio	1	Examples/Consensus.lean|Consensus.Node.RequestVoting.eVote_correct_block0_quorum_votes	Consensus.Node.RequestVoting.eVote_correct_block0_quorum_votes	11608084363687133148	unknown	not-attempted	solver exited without a verdict: cvc5 interrupted by timeout.	5490791045	collect=619250,pre-reconstruct=16580334,normalize=8949709,monomorphize=35417,instantiate=17584,translate=28390417,solve=5436198334	
plean	crush-portfolio	1	Examples/Consensus.lean|Consensus.Node.RequestVoting.eVote_correct_block0_quorum_votes	Consensus.Node.RequestVoting.eVote_correct_block0_quorum_votes	10849681932946429018	pre-reconstructed	not-attempted	closed before SMT translation	995326374	collect=425291,pre-reconstruct=994901083	
plean	crush-portfolio	1	Examples/Consensus.lean|Consensus.Node.RequestVoting.eVote_correct_block0_quorum_votes	Consensus.Node.RequestVoting.eVote_correct_block0_quorum_votes	15748587994340257921	core-reconstructed	certificate-error	core-directed reconstruction succeeded	563276373	collect=506708,pre-reconstruct=25444583,normalize=8224583,monomorphize=40917,instantiate=21875,translate=29378583,solve=443715083,replay=12000,reconstruct=55932041	
plean	crush-portfolio	1	Examples/Consensus.lean|Consensus.Node.RequestVoting.eVote_correct_block0_quorum_votes	Consensus.Node.RequestVoting.eVote_correct_block0_quorum_votes	11608084363687133148	unknown	not-attempted	solver exited without a verdict: cvc5 interrupted by timeout.	5482838999	collect=526333,pre-reconstruct=15179500,normalize=7200958,monomorphize=26291,instantiate=9792,translate=28961875,solve=5430934250	
plean	crush-portfolio	1	Examples/Consensus.lean|Consensus.Node.RequestVoting.eVote_correct_block0_quorum_votes	Consensus.Node.RequestVoting.eVote_correct_block0_quorum_votes	10849681932946429018	pre-reconstructed	not-attempted	closed before SMT translation	2735500	collect=361375,pre-reconstruct=2374125	
plean	crush-portfolio	1	Examples/Consensus.lean|Consensus.Node.RequestVoting.eVote_correct_block0_quorum_votes	Consensus.Node.RequestVoting.eVote_correct_block0_quorum_votes	3472907131936921987	pre-reconstructed	not-attempted	closed before SMT translation	2829208	collect=339625,pre-reconstruct=2489583	
plean	crush-portfolio	1	Examples/Consensus.lean|Consensus.Node.RequestVoting.eVote_correct_block0_quorum_votes	Consensus.Node.RequestVoting.eVote_correct_block0_quorum_votes	11272300007460999684	pre-reconstructed	not-attempted	closed before SMT translation	2442083	collect=318000,pre-reconstruct=2124083	
plean	crush-portfolio	1	Examples/Consensus.lean|Consensus.Node.RequestVoting.eVote_correct_block0_quorum_votes	Consensus.Node.RequestVoting.eVote_correct_block0_quorum_votes	7787634557034167565	pre-reconstructed	not-attempted	closed before SMT translation	2304834	collect=314042,pre-reconstruct=1990792	
plean	crush-portfolio	1	Examples/Consensus.lean|Consensus.Node.RequestVoting.eVote_correct_block0_quorum_votes	Consensus.Node.RequestVoting.eVote_correct_block0_quorum_votes	8236911049903588693	unknown	not-attempted	solver exited without a verdict: cvc5 interrupted by timeout.	5460574583	collect=270834,pre-reconstruct=6860416,normalize=5564375,monomorphize=29583,instantiate=13125,translate=20300959,solve=5427535291	
plean	crush-portfolio	1	Examples/Consensus.lean|Consensus.Node.RequestVoting.eVote_correct_block0_quorum_votes	Consensus.Node.RequestVoting.eVote_correct_block0_quorum_votes	10849681932946429018	pre-reconstructed	not-attempted	closed before SMT translation	2709958	collect=362958,pre-reconstruct=2347000	
plean	crush-portfolio	1	Examples/Consensus.lean|Consensus.Node.RequestVoting.eVote_correct_block0_quorum_votes	Consensus.Node.RequestVoting.eVote_correct_block0_quorum_votes	3472907131936921987	pre-reconstructed	not-attempted	closed before SMT translation	2762583	collect=362000,pre-reconstruct=2400583	
plean	crush-portfolio	1	Examples/Consensus.lean|Consensus.Node.RequestVoting.eVote_correct_block0_quorum_votes	Consensus.Node.RequestVoting.eVote_correct_block0_quorum_votes	11272300007460999684	pre-reconstructed	not-attempted	closed before SMT translation	2522292	collect=317959,pre-reconstruct=2204333	
plean	crush-portfolio	1	Examples/Consensus.lean|Consensus.Node.RequestVoting.eVote_correct_block0_quorum_votes	Consensus.Node.RequestVoting.eVote_correct_block0_quorum_votes	7787634557034167565	pre-reconstructed	not-attempted	closed before SMT translation	2311958	collect=334375,pre-reconstruct=1977583	
plean	crush-portfolio	1	Examples/Consensus.lean|Consensus.Node.RequestVoting.eVote_correct_block0_quorum_votes	Consensus.Node.RequestVoting.eVote_correct_block0_quorum_votes	8236911049903588693	unknown	not-attempted	solver exited without a verdict: cvc5 interrupted by timeout.	5462917292	collect=244083,pre-reconstruct=4731542,normalize=5073375,monomorphize=26542,instantiate=19083,translate=20715792,solve=5432106875	
plean	crush-portfolio	1	Examples/Consensus.lean|Consensus.Node.RequestVoting.eVote_correct_block0_quorum_votes	Consensus.Node.RequestVoting.eVote_correct_block0_quorum_votes	10849681932946429018	pre-reconstructed	not-attempted	closed before SMT translation	3240416	collect=324083,pre-reconstruct=2916333	
plean	crush-portfolio	1	Examples/Consensus.lean|Consensus.Node.RequestVoting.eVote_correct_block0_quorum_votes	Consensus.Node.RequestVoting.eVote_correct_block0_quorum_votes	3472907131936921987	pre-reconstructed	not-attempted	closed before SMT translation	3071041	collect=360250,pre-reconstruct=2710791	
plean	crush-portfolio	1	Examples/Consensus.lean|Consensus.Node.RequestVoting.eVote_correct_block0_quorum_votes	Consensus.Node.RequestVoting.eVote_correct_block0_quorum_votes	11272300007460999684	pre-reconstructed	not-attempted	closed before SMT translation	2731292	collect=346459,pre-reconstruct=2384833	
plean	crush-portfolio	1	Examples/Consensus.lean|Consensus.Node.RequestVoting.eVote_correct_block0_quorum_votes	Consensus.Node.RequestVoting.eVote_correct_block0_quorum_votes	7787634557034167565	pre-reconstructed	not-attempted	closed before SMT translation	2449082	collect=352291,pre-reconstruct=2096791	
plean	crush-portfolio	1	Examples/Consensus.lean|Consensus.Node.RequestVoting.eVote_correct_block0_quorum_votes	Consensus.Node.RequestVoting.eVote_correct_block0_quorum_votes	4603268118125486097	core-reconstructed	certificate-error	core-directed reconstruction succeeded	462391123	collect=297458,pre-reconstruct=1962875,normalize=4684250,monomorphize=25458,instantiate=17375,translate=19839417,solve=434538208,replay=16041,reconstruct=1010041	
plean	crush-portfolio	1	Examples/Consensus.lean|Consensus.Node.RequestVoting.eVote_correct_block0_quorum_votes	Consensus.Node.RequestVoting.eVote_correct_block0_quorum_votes	4519860779536265759	unknown	not-attempted	solver exited without a verdict: cvc5 interrupted by timeout.	5454760834	collect=495167,pre-reconstruct=5453459,normalize=5013833,monomorphize=23792,instantiate=16334,translate=20342208,solve=5423416041	
plean	crush-portfolio	1	Examples/Consensus.lean|Consensus.Node.RequestVoting.eVote_correct_block0_quorum_votes	Consensus.Node.RequestVoting.eVote_correct_block0_quorum_votes	10849681932946429018	pre-reconstructed	not-attempted	closed before SMT translation	2935251	collect=357334,pre-reconstruct=2577917	
plean	crush-portfolio	1	Examples/Consensus.lean|Consensus.Node.RequestVoting.eVote_correct_block0_quorum_votes	Consensus.Node.RequestVoting.eVote_correct_block0_quorum_votes	3472907131936921987	pre-reconstructed	not-attempted	closed before SMT translation	3236708	collect=376833,pre-reconstruct=2859875	
plean	crush-portfolio	1	Examples/Consensus.lean|Consensus.Node.RequestVoting.eVote_correct_block0_quorum_votes	Consensus.Node.RequestVoting.eVote_correct_block0_quorum_votes	12904480799279521542	pre-reconstructed	not-attempted	closed before SMT translation	2777749	collect=442958,pre-reconstruct=2334791	
plean	crush-portfolio	1	Examples/Consensus.lean|Consensus.Node.RequestVoting.eVote_correct_block0_quorum_votes	Consensus.Node.RequestVoting.eVote_correct_block0_quorum_votes	7787634557034167565	pre-reconstructed	not-attempted	closed before SMT translation	2629917	collect=370042,pre-reconstruct=2259875	
plean	crush-portfolio	1	Examples/Consensus.lean|Consensus.Node.RequestVoting.eVote_correct_block0_quorum_votes	Consensus.Node.RequestVoting.eVote_correct_block0_quorum_votes	8236911049903588693	unknown	not-attempted	solver exited without a verdict: cvc5 interrupted by timeout.	5451541915	collect=295083,pre-reconstruct=2959250,normalize=5295625,monomorphize=30791,instantiate=23708,translate=19773791,solve=5423163667	
plean	crush-portfolio	1	Examples/Consensus.lean|Consensus.Node.RequestVoting.eVote_correct_block0_quorum_votes	Consensus.Node.RequestVoting.eVote_correct_block0_quorum_votes	17543746974329909032	unknown	not-attempted	solver exited without a verdict: cvc5 interrupted by timeout.	5494890792	collect=659167,pre-reconstruct=14200208,normalize=12139084,monomorphize=28792,instantiate=12583,translate=45254875,solve=5422596083	
plean	crush-portfolio	1	Examples/Consensus.lean|Consensus.Node.RequestVoting.eVote_correct_block0_quorum_votes	Consensus.Node.RequestVoting.eVote_correct_block0_quorum_votes	17543746974329909032	unknown	not-attempted	solver exited without a verdict: cvc5 interrupted by timeout.	5510604250	collect=624042,pre-reconstruct=15946709,normalize=11730583,monomorphize=34375,instantiate=26750,translate=45280083,solve=5436961708	
plean	crush-portfolio	1	Examples/Consensus.lean|Consensus.Node.RequestVoting.eVote_correct_block0_quorum_votes	Consensus.Node.RequestVoting.eVote_correct_block0_quorum_votes	10849681932946429018	pre-reconstructed	not-attempted	closed before SMT translation	1041129625	collect=428667,pre-reconstruct=1040700958	
plean	crush-portfolio	1	Examples/Consensus.lean|Consensus.Node.RequestVoting.eVote_correct_block0_quorum_votes	Consensus.Node.RequestVoting.eVote_correct_block0_quorum_votes	15748587994340257921	core-reconstructed	certificate-error	core-directed reconstruction succeeded	578996041	collect=518250,pre-reconstruct=29088333,normalize=7718042,monomorphize=26458,instantiate=11708,translate=28237000,solve=453503792,replay=15958,reconstruct=59876500	
plean	crush-portfolio	1	Examples/Consensus.lean|Consensus.Node.RequestVoting.eVote_correct_block0_quorum_votes	Consensus.Node.RequestVoting.eVote_correct_block0_quorum_votes	11608084363687133148	unknown	not-attempted	solver exited without a verdict: cvc5 interrupted by timeout.	5478455292	collect=487125,pre-reconstruct=16681209,normalize=7831666,monomorphize=31500,instantiate=16875,translate=26830167,solve=5426576750	
plean	crush-portfolio	1	Examples/Consensus.lean|Consensus.Node.RequestVoting.eVote_correct_block0_quorum_votes	Consensus.Node.RequestVoting.eVote_correct_block0_quorum_votes	10849681932946429018	pre-reconstructed	not-attempted	closed before SMT translation	980454250	collect=498750,pre-reconstruct=979955500	
plean	crush-portfolio	1	Examples/Consensus.lean|Consensus.Node.RequestVoting.eVote_correct_block0_quorum_votes	Consensus.Node.RequestVoting.eVote_correct_block0_quorum_votes	15748587994340257921	core-reconstructed	certificate-error	core-directed reconstruction succeeded	605098417	collect=436083,pre-reconstruct=25039417,normalize=7847542,monomorphize=30375,instantiate=13375,translate=28993666,solve=448958958,replay=13917,reconstruct=93765084	
plean	crush-portfolio	1	Examples/Consensus.lean|Consensus.Node.RequestVoting.eVote_correct_block0_quorum_votes	Consensus.Node.RequestVoting.eVote_correct_block0_quorum_votes	11608084363687133148	unknown	not-attempted	solver exited without a verdict: cvc5 interrupted by timeout.	5482224292	collect=560542,pre-reconstruct=16356833,normalize=8482542,monomorphize=27458,instantiate=11708,translate=30067000,solve=5426718209	
plean	crush-portfolio	1	Examples/Consensus.lean|Consensus.Node.RequestVoting.entry_correct_block0_quorum_votes	Consensus.Node.RequestVoting.entry_correct_block0_quorum_votes	14164405271770660395	core-reconstructed	certificate-error	core-directed reconstruction succeeded	769918456	collect=630791,pre-reconstruct=8721708,normalize=12490250,monomorphize=33500,instantiate=18208,translate=44760708,solve=522655958,replay=32458,reconstruct=180574875	
plean	crush-portfolio	1	Examples/Consensus.lean|Consensus.Node.RequestVoting.entry_correct_block0_quorum_votes	Consensus.Node.RequestVoting.entry_correct_block0_quorum_votes	10849681932946429018	pre-reconstructed	not-attempted	closed before SMT translation	2675458	collect=334375,pre-reconstruct=2341083	
plean	crush-portfolio	1	Examples/Consensus.lean|Consensus.Node.RequestVoting.entry_correct_block0_quorum_votes	Consensus.Node.RequestVoting.entry_correct_block0_quorum_votes	3472907131936921987	pre-reconstructed	not-attempted	closed before SMT translation	2456792	collect=302417,pre-reconstruct=2154375	
plean	crush-portfolio	1	Examples/Consensus.lean|Consensus.Node.RequestVoting.entry_correct_block0_quorum_votes	Consensus.Node.RequestVoting.entry_correct_block0_quorum_votes	11272300007460999684	pre-reconstructed	not-attempted	closed before SMT translation	2414500	collect=249250,pre-reconstruct=2165250	
plean	crush-portfolio	1	Examples/Consensus.lean|Consensus.Node.RequestVoting.entry_correct_block0_quorum_votes	Consensus.Node.RequestVoting.entry_correct_block0_quorum_votes	7787634557034167565	pre-reconstructed	not-attempted	closed before SMT translation	2159042	collect=338917,pre-reconstruct=1820125	
plean	crush-portfolio	1	Examples/Consensus.lean|Consensus.Node.RequestVoting.entry_correct_block0_quorum_votes	Consensus.Node.RequestVoting.entry_correct_block0_quorum_votes	16072706003052080688	selected-fact	not-attempted	closed from a selected Lean fact	502583	collect=502583	
plean	crush-portfolio	1	Examples/Consensus.lean|Consensus.base_block1_unique_leader	Consensus.base_block1_unique_leader	16773836904586594644	core-reconstructed	certificate-error	core-directed reconstruction succeeded	473786585	collect=241459,pre-reconstruct=1229708,normalize=2704959,monomorphize=26375,instantiate=25083,translate=12547709,solve=439692375,replay=37250,reconstruct=17281667	
plean	crush-portfolio	1	Examples/Consensus.lean|Consensus.Node.RequestVoting.eRequestVote_correct_block1_election_safety_using_quorum_votes	Consensus.Node.RequestVoting.eRequestVote_correct_block1_election_safety_using_quorum_votes	16773836904586594644	pre-reconstructed	not-attempted	closed before SMT translation	11320557209	collect=482292,pre-reconstruct=11320074917	
plean	crush-portfolio	1	Examples/Consensus.lean|Consensus.Node.RequestVoting.eRequestVote_correct_block1_election_safety_using_quorum_votes	Consensus.Node.RequestVoting.eRequestVote_correct_block1_election_safety_using_quorum_votes	16773836904586594644	pre-reconstructed	not-attempted	closed before SMT translation	3137125	collect=360750,pre-reconstruct=2776375	
plean	crush-portfolio	1	Examples/Consensus.lean|Consensus.Node.RequestVoting.entry_correct_block1_election_safety_using_quorum_votes	Consensus.Node.RequestVoting.entry_correct_block1_election_safety_using_quorum_votes	14164405271770660395	core-reconstructed	certificate-error	core-directed reconstruction succeeded	734326832	collect=470750,pre-reconstruct=8191916,normalize=11360334,monomorphize=33750,instantiate=20292,translate=43272083,solve=525979416,replay=29875,reconstruct=144968416	
plean	crush-portfolio	1	Examples/Consensus.lean|Consensus.Node.RequestVoting.entry_correct_block1_election_safety_using_quorum_votes	Consensus.Node.RequestVoting.entry_correct_block1_election_safety_using_quorum_votes	10849681932946429018	pre-reconstructed	not-attempted	closed before SMT translation	2488375	collect=360833,pre-reconstruct=2127542	
plean	crush-portfolio	1	Examples/Consensus.lean|Consensus.Node.RequestVoting.entry_correct_block1_election_safety_using_quorum_votes	Consensus.Node.RequestVoting.entry_correct_block1_election_safety_using_quorum_votes	3472907131936921987	pre-reconstructed	not-attempted	closed before SMT translation	2594082	collect=268666,pre-reconstruct=2325416	
plean	crush-portfolio	1	Examples/Consensus.lean|Consensus.Node.RequestVoting.entry_correct_block1_election_safety_using_quorum_votes	Consensus.Node.RequestVoting.entry_correct_block1_election_safety_using_quorum_votes	11272300007460999684	pre-reconstructed	not-attempted	closed before SMT translation	2300292	collect=311292,pre-reconstruct=1989000	
plean	crush-portfolio	1	Examples/Consensus.lean|Consensus.Node.RequestVoting.entry_correct_block1_election_safety_using_quorum_votes	Consensus.Node.RequestVoting.entry_correct_block1_election_safety_using_quorum_votes	7787634557034167565	pre-reconstructed	not-attempted	closed before SMT translation	2048792	collect=245083,pre-reconstruct=1803709	
plean	crush-portfolio	1	Examples/Consensus.lean|Consensus.Node.RequestVoting.entry_correct_block1_election_safety_using_quorum_votes	Consensus.Node.RequestVoting.entry_correct_block1_election_safety_using_quorum_votes	16773836904586594644	reconstruction-failed	certificate-error	core-directed reconstruction did not close the goal	7740730044	collect=345084,pre-reconstruct=3946416042,normalize=9755584,monomorphize=28834,instantiate=10459,translate=31633500,solve=513110083,replay=13125,reconstruct=3239417333	
plean	crush-portfolio	1	Examples/Consensus.lean|Consensus.Node.RequestVoting.entry_correct_block1_election_safety_using_quorum_votes	Consensus.Node.RequestVoting.entry_correct_block1_election_safety_using_quorum_votes	14164405271770660395	core-reconstructed	certificate-error	core-directed reconstruction succeeded	684400457	collect=442833,pre-reconstruct=8267250,normalize=10966458,monomorphize=25750,instantiate=15000,translate=41900458,solve=481503625,replay=11958,reconstruct=141267125	
plean	crush-portfolio	1	Examples/Consensus.lean|Consensus.Node.RequestVoting.entry_correct_block1_election_safety_using_quorum_votes	Consensus.Node.RequestVoting.entry_correct_block1_election_safety_using_quorum_votes	10849681932946429018	pre-reconstructed	not-attempted	closed before SMT translation	2435291	collect=375750,pre-reconstruct=2059541	
plean	crush-portfolio	1	Examples/Consensus.lean|Consensus.Node.RequestVoting.entry_correct_block1_election_safety_using_quorum_votes	Consensus.Node.RequestVoting.entry_correct_block1_election_safety_using_quorum_votes	3472907131936921987	pre-reconstructed	not-attempted	closed before SMT translation	2489917	collect=276250,pre-reconstruct=2213667	
plean	crush-portfolio	1	Examples/Consensus.lean|Consensus.Node.RequestVoting.entry_correct_block1_election_safety_using_quorum_votes	Consensus.Node.RequestVoting.entry_correct_block1_election_safety_using_quorum_votes	11272300007460999684	pre-reconstructed	not-attempted	closed before SMT translation	2227708	collect=252375,pre-reconstruct=1975333	
plean	crush-portfolio	1	Examples/Consensus.lean|Consensus.Node.RequestVoting.entry_correct_block1_election_safety_using_quorum_votes	Consensus.Node.RequestVoting.entry_correct_block1_election_safety_using_quorum_votes	7787634557034167565	pre-reconstructed	not-attempted	closed before SMT translation	2057417	collect=247292,pre-reconstruct=1810125	
plean	crush-portfolio	1	Examples/Consensus.lean|Consensus.Node.RequestVoting.entry_correct_block1_election_safety_using_quorum_votes	Consensus.Node.RequestVoting.entry_correct_block1_election_safety_using_quorum_votes	16773836904586594644	reconstruction-failed	certificate-error	core-directed reconstruction did not close the goal	8362079082	collect=317458,pre-reconstruct=4191482958,normalize=9830750,monomorphize=26792,instantiate=10458,translate=35954542,solve=557338875,replay=12583,reconstruct=3567104666	
plean	crush-portfolio	1	Examples/Consensus.lean|Consensus.Node.RequestVoting.entry_correct_block1_election_safety_using_quorum_votes	Consensus.Node.RequestVoting.entry_correct_block1_election_safety_using_quorum_votes	10849681932946429018	core-reconstructed	certificate-error	core-directed reconstruction succeeded	6830648834	collect=448959,pre-reconstruct=6247906750,normalize=10015958,monomorphize=33792,instantiate=12292,translate=34874125,solve=434654083,replay=12667,reconstruct=102690208	
plean	crush-portfolio	1	Examples/Consensus.lean|Consensus.Node.RequestVoting.entry_correct_block1_election_safety_using_quorum_votes	Consensus.Node.RequestVoting.entry_correct_block1_election_safety_using_quorum_votes	9155147294712570078	core-reconstructed	certificate-error	core-directed reconstruction succeeded	556136625	collect=504834,pre-reconstruct=4102875,normalize=10368041,monomorphize=36875,instantiate=16500,translate=36667750,solve=417097000,replay=14916,reconstruct=87327834	
plean	crush-portfolio	1	Examples/Consensus.lean|Consensus.Node.RequestVoting.entry_correct_block1_election_safety_using_quorum_votes	Consensus.Node.RequestVoting.entry_correct_block1_election_safety_using_quorum_votes	13024366220846055387	core-reconstructed	certificate-error	core-directed reconstruction succeeded	570057333	collect=467875,pre-reconstruct=6366917,normalize=9269625,monomorphize=30041,instantiate=14834,translate=36244000,solve=443010958,replay=12291,reconstruct=74640792	
plean	crush-portfolio	1	Examples/Consensus.lean|Consensus.Node.RequestVoting.entry_correct_block1_election_safety_using_quorum_votes	Consensus.Node.RequestVoting.entry_correct_block1_election_safety_using_quorum_votes	3854231118644686594	core-reconstructed	certificate-error	core-directed reconstruction succeeded	541556625	collect=480167,pre-reconstruct=3725292,normalize=8877625,monomorphize=25291,instantiate=10250,translate=34281209,solve=425163375,replay=11916,reconstruct=68981500	
plean	crush-portfolio	1	Examples/Consensus.lean|Consensus.Node.RequestVoting.entry_correct_block1_election_safety_using_quorum_votes	Consensus.Node.RequestVoting.entry_correct_block1_election_safety_using_quorum_votes	10849681932946429018	pre-reconstructed	not-attempted	closed before SMT translation	3491917	collect=469417,pre-reconstruct=3022500	
plean	crush-portfolio	1	Examples/Consensus.lean|Consensus.Node.RequestVoting.entry_correct_block1_election_safety_using_quorum_votes	Consensus.Node.RequestVoting.entry_correct_block1_election_safety_using_quorum_votes	3472907131936921987	pre-reconstructed	not-attempted	closed before SMT translation	3568500	collect=552375,pre-reconstruct=3016125	
plean	crush-portfolio	1	Examples/Consensus.lean|Consensus.Node.RequestVoting.entry_correct_block1_election_safety_using_quorum_votes	Consensus.Node.RequestVoting.entry_correct_block1_election_safety_using_quorum_votes	11272300007460999684	pre-reconstructed	not-attempted	closed before SMT translation	3208291	collect=462916,pre-reconstruct=2745375	
plean	crush-portfolio	1	Examples/Consensus.lean|Consensus.Node.RequestVoting.entry_correct_block1_election_safety_using_quorum_votes	Consensus.Node.RequestVoting.entry_correct_block1_election_safety_using_quorum_votes	7787634557034167565	pre-reconstructed	not-attempted	closed before SMT translation	2845375	collect=404875,pre-reconstruct=2440500	
plean	crush-portfolio	1	Examples/Consensus.lean|Consensus.Node.RequestVoting.entry_correct_block1_election_safety_using_quorum_votes	Consensus.Node.RequestVoting.entry_correct_block1_election_safety_using_quorum_votes	16773836904586594644	reconstruction-failed	certificate-error	core-directed reconstruction did not close the goal	8423307086	collect=451459,pre-reconstruct=4285145583,normalize=9140625,monomorphize=35000,instantiate=14209,translate=34437292,solve=522761709,replay=12500,reconstruct=3571308709	
plean	crush-portfolio	1	Examples/Consensus.lean|Consensus.Node.RequestVoting.entry_correct_block1_election_safety_using_quorum_votes	Consensus.Node.RequestVoting.entry_correct_block1_election_safety_using_quorum_votes	10849681932946429018	core-reconstructed	certificate-error	core-directed reconstruction succeeded	6787720500	collect=507875,pre-reconstruct=6213108291,normalize=9835208,monomorphize=34917,instantiate=14125,translate=37281167,solve=426008625,replay=11292,reconstruct=100919000	
plean	crush-portfolio	1	Examples/Consensus.lean|Consensus.Node.RequestVoting.entry_correct_block1_election_safety_using_quorum_votes	Consensus.Node.RequestVoting.entry_correct_block1_election_safety_using_quorum_votes	17096500834183132463	core-reconstructed	certificate-error	core-directed reconstruction succeeded	560730293	collect=559500,pre-reconstruct=4059208,normalize=10798209,monomorphize=29750,instantiate=10208,translate=36888750,solve=424523000,replay=12709,reconstruct=83848959	
plean	crush-portfolio	1	Examples/Consensus.lean|Consensus.Node.RequestVoting.entry_correct_block1_election_safety_using_quorum_votes	Consensus.Node.RequestVoting.entry_correct_block1_election_safety_using_quorum_votes	3144608655195846153	core-reconstructed	certificate-error	core-directed reconstruction succeeded	562692416	collect=454250,pre-reconstruct=6065833,normalize=9250166,monomorphize=29292,instantiate=12583,translate=33969500,solve=441583167,replay=12000,reconstruct=71315625	
plean	crush-portfolio	1	Examples/Consensus.lean|Consensus.Node.RequestVoting.entry_correct_block1_election_safety_using_quorum_votes	Consensus.Node.RequestVoting.entry_correct_block1_election_safety_using_quorum_votes	7787634557034167565	core-reconstructed	certificate-error	core-directed reconstruction succeeded	532188791	collect=407375,pre-reconstruct=3439416,normalize=8833625,monomorphize=31417,instantiate=13250,translate=33037583,solve=421106875,replay=12291,reconstruct=65306959	
plean	crush-portfolio	1	Examples/Consensus.lean|Consensus.Node.RequestVoting.entry_correct_block1_election_safety_using_quorum_votes	Consensus.Node.RequestVoting.entry_correct_block1_election_safety_using_quorum_votes	10849681932946429018	pre-reconstructed	not-attempted	closed before SMT translation	3345750	collect=370333,pre-reconstruct=2975417	
plean	crush-portfolio	1	Examples/Consensus.lean|Consensus.Node.RequestVoting.entry_correct_block1_election_safety_using_quorum_votes	Consensus.Node.RequestVoting.entry_correct_block1_election_safety_using_quorum_votes	3472907131936921987	pre-reconstructed	not-attempted	closed before SMT translation	3648084	collect=396000,pre-reconstruct=3252084	
plean	crush-portfolio	1	Examples/Consensus.lean|Consensus.Node.RequestVoting.entry_correct_block1_election_safety_using_quorum_votes	Consensus.Node.RequestVoting.entry_correct_block1_election_safety_using_quorum_votes	12904480799279521542	pre-reconstructed	not-attempted	closed before SMT translation	2929667	collect=326417,pre-reconstruct=2603250	
plean	crush-portfolio	1	Examples/Consensus.lean|Consensus.Node.RequestVoting.entry_correct_block1_election_safety_using_quorum_votes	Consensus.Node.RequestVoting.entry_correct_block1_election_safety_using_quorum_votes	7787634557034167565	pre-reconstructed	not-attempted	closed before SMT translation	2716376	collect=339042,pre-reconstruct=2377334	
plean	crush-portfolio	1	Examples/Consensus.lean|Consensus.base_block1_UniqueActions	Consensus.base_block1_UniqueActions	17799728052405574097	core-reconstructed	certificate-error	core-directed reconstruction succeeded	439646917	collect=278917,pre-reconstruct=2171042,normalize=2534000,monomorphize=24833,instantiate=18750,translate=11213125,solve=406234250,replay=20500,reconstruct=17151500	
plean	crush-portfolio	1	Examples/Consensus.lean|Consensus.base_block1_IncreasingCount	Consensus.base_block1_IncreasingCount	16645480121653727987	core-reconstructed	certificate-error	core-directed reconstruction succeeded	428854291	collect=218125,pre-reconstruct=743250,normalize=1664833,monomorphize=18792,instantiate=17375,translate=10829458,solve=400125833,replay=25541,reconstruct=15211084	
plean	crush-portfolio	1	Examples/Consensus.lean|Consensus.base_block1_ReceivedSubsetSent	Consensus.base_block1_ReceivedSubsetSent	5156885450211704390	core-reconstructed	certificate-error	core-directed reconstruction succeeded	446832251	collect=230208,pre-reconstruct=892834,normalize=1798542,monomorphize=22250,instantiate=21542,translate=10382084,solve=405639208,replay=20292,reconstruct=27825291	
plean	crush-portfolio	1	Examples/Consensus.lean|Consensus.Node.RequestVoting.eRequestVote_correct_block1_default	Consensus.Node.RequestVoting.eRequestVote_correct_block1_default	3933832768922563022	core-reconstructed	certificate-error	core-directed reconstruction succeeded	616378542	collect=527625,pre-reconstruct=44011209,normalize=5776250,monomorphize=46042,instantiate=22708,translate=19936958,solve=441551084,replay=27916,reconstruct=104478750	
plean	crush-portfolio	1	Examples/Consensus.lean|Consensus.Node.RequestVoting.eRequestVote_correct_block1_default	Consensus.Node.RequestVoting.eRequestVote_correct_block1_default	1648220582697772830	core-reconstructed	certificate-error	core-directed reconstruction succeeded	514042084	collect=367625,pre-reconstruct=6218292,normalize=3600792,monomorphize=21833,instantiate=11292,translate=17904042,solve=443649500,replay=18250,reconstruct=42250458	
plean	crush-portfolio	1	Examples/Consensus.lean|Consensus.Node.RequestVoting.eVote_correct_block1_default	Consensus.Node.RequestVoting.eVote_correct_block1_default	15750191371393283518	core-reconstructed	certificate-error	core-directed reconstruction succeeded	585718043	collect=465125,pre-reconstruct=23538125,normalize=4715750,monomorphize=37750,instantiate=18708,translate=19481375,solve=437433667,replay=18834,reconstruct=100008709	
plean	crush-portfolio	1	Examples/Consensus.lean|Consensus.Node.RequestVoting.eVote_correct_block1_default	Consensus.Node.RequestVoting.eVote_correct_block1_default	1648220582697772830	core-reconstructed	certificate-error	core-directed reconstruction succeeded	480828127	collect=315709,pre-reconstruct=5887500,normalize=3656375,monomorphize=20167,instantiate=11000,translate=17570459,solve=415953209,replay=11208,reconstruct=37402500	
plean	crush-portfolio	1	Examples/Consensus.lean|Consensus.Node.RequestVoting.entry_correct_block1_default	Consensus.Node.RequestVoting.entry_correct_block1_default	52639182277772575	unknown	not-attempted	solver exited without a verdict: cvc5 interrupted by timeout.	5479259875	collect=1946917,pre-reconstruct=10811792,normalize=11963458,monomorphize=31542,instantiate=22916,translate=44793625,solve=5409689625	
plean	crush-portfolio	1	Examples/Consensus.lean|Consensus.Node.RequestVoting.entry_correct_block1_default	Consensus.Node.RequestVoting.entry_correct_block1_default	52639182277772575	unknown	not-attempted	solver exited without a verdict: cvc5 interrupted by timeout.	5510934124	collect=1050833,pre-reconstruct=11893541,normalize=11562709,monomorphize=20833,instantiate=15792,translate=47560208,solve=5438830208	
plean	crush-portfolio	1	Examples/Consensus.lean|Consensus.Node.RequestVoting.entry_correct_block1_default	Consensus.Node.RequestVoting.entry_correct_block1_default	14110832598524762649	unknown	not-attempted	solver exited without a verdict: cvc5 interrupted by timeout.	5455894625	collect=997542,pre-reconstruct=2208625,normalize=8845583,monomorphize=22708,instantiate=17209,translate=29878916,solve=5413924042	
plean	crush-portfolio	1	Examples/Consensus.lean|Consensus.Node.RequestVoting.entry_correct_block1_default	Consensus.Node.RequestVoting.entry_correct_block1_default	7547850720454359298	unknown	not-attempted	solver exited without a verdict: cvc5 interrupted by timeout.	5449980375	collect=1345667,pre-reconstruct=2265333,normalize=8533917,monomorphize=22958,instantiate=16792,translate=32386667,solve=5405409041	
plean	crush-portfolio	1	Examples/Consensus.lean|Consensus.Node.RequestVoting.entry_correct_block1_default	Consensus.Node.RequestVoting.entry_correct_block1_default	16544938116920668609	pre-reconstructed	not-attempted	closed before SMT translation	2227292	collect=293417,pre-reconstruct=1933875	
plean	crush-portfolio	1	Examples/Consensus.lean|Consensus.Node.RequestVoting.entry_correct_block1_default	Consensus.Node.RequestVoting.entry_correct_block1_default	528461590877090962	core-reconstructed	certificate-error	core-directed reconstruction succeeded	433858960	collect=180084,pre-reconstruct=931417,normalize=2140500,monomorphize=19625,instantiate=11875,translate=12080709,solve=417198625,replay=21375,reconstruct=1274750	
plean	crush-portfolio	1	Examples/Consensus.lean|Consensus.Node.RequestVoting.entry_correct_block1_default	Consensus.Node.RequestVoting.entry_correct_block1_default	12889697509642270060	core-reconstructed	certificate-error	core-directed reconstruction succeeded	420543041	collect=272417,pre-reconstruct=1121417,normalize=2444000,monomorphize=18250,instantiate=13416,translate=11156750,solve=401598083,replay=10208,reconstruct=3908500	
plean	crush-portfolio	1	Examples/Consensus.lean|Consensus.Node.RequestVoting.entry_correct_block1_default	Consensus.Node.RequestVoting.entry_correct_block1_default	12046566145604182226	selected-fact	not-attempted	closed from a selected Lean fact	263000	collect=263000	
plean	crush-portfolio	1	Examples/Consensus.lean|Consensus.Node.RequestVoting.entry_correct_block1_default	Consensus.Node.RequestVoting.entry_correct_block1_default	9909793585723607952	selected-fact	not-attempted	closed from a selected Lean fact	143167	collect=143167	
plean	crush-portfolio	1	Examples/Consensus.lean|Consensus.Node.RequestVoting.entry_correct_block1_default	Consensus.Node.RequestVoting.entry_correct_block1_default	170167779222765392	selected-fact	not-attempted	closed from a selected Lean fact	136625	collect=136625	
plean	crush-portfolio	1	Examples/Consensus.lean|Consensus.Node.RequestVoting.entry_correct_block1_default	Consensus.Node.RequestVoting.entry_correct_block1_default	15874917105148581670	selected-fact	not-attempted	closed from a selected Lean fact	136875	collect=136875	
plean	crush-portfolio	1	Examples/Consensus.lean|Consensus.Node.RequestVoting.entry_correct_block1_default	Consensus.Node.RequestVoting.entry_correct_block1_default	16544938116920668609	pre-reconstructed	not-attempted	closed before SMT translation	1625667	collect=225584,pre-reconstruct=1400083	
plean	crush-portfolio	1	Examples/Consensus.lean|Consensus.Node.RequestVoting.entry_correct_block1_default	Consensus.Node.RequestVoting.entry_correct_block1_default	528461590877090962	core-reconstructed	certificate-error	core-directed reconstruction succeeded	425261250	collect=162667,pre-reconstruct=975542,normalize=2212917,monomorphize=18208,instantiate=16750,translate=10901917,solve=408700916,replay=11083,reconstruct=2261250	
plean	crush-portfolio	1	Examples/Consensus.lean|Consensus.Node.RequestVoting.entry_correct_block1_default	Consensus.Node.RequestVoting.entry_correct_block1_default	12889697509642270060	core-reconstructed	certificate-error	core-directed reconstruction succeeded	418273376	collect=272833,pre-reconstruct=1105917,normalize=2323834,monomorphize=19167,instantiate=14000,translate=10887166,solve=401311583,replay=13959,reconstruct=2324917	
plean	crush-portfolio	1	Examples/Consensus.lean|Consensus.Node.RequestVoting.entry_correct_block1_default	Consensus.Node.RequestVoting.entry_correct_block1_default	12046566145604182226	selected-fact	not-attempted	closed from a selected Lean fact	264500	collect=264500	
plean	crush-portfolio	1	Examples/Consensus.lean|Consensus.Node.RequestVoting.entry_correct_block1_default	Consensus.Node.RequestVoting.entry_correct_block1_default	9909793585723607952	selected-fact	not-attempted	closed from a selected Lean fact	139709	collect=139709	
plean	crush-portfolio	1	Examples/Consensus.lean|Consensus.Node.RequestVoting.entry_correct_block1_default	Consensus.Node.RequestVoting.entry_correct_block1_default	170167779222765392	selected-fact	not-attempted	closed from a selected Lean fact	133125	collect=133125	
plean	crush-portfolio	1	Examples/Consensus.lean|Consensus.Node.RequestVoting.entry_correct_block1_default	Consensus.Node.RequestVoting.entry_correct_block1_default	15874917105148581670	selected-fact	not-attempted	closed from a selected Lean fact	137166	collect=137166	
plean	crush-portfolio	1	Examples/Consensus.lean|Consensus.Node.RequestVoting.entry_correct_block1_default	Consensus.Node.RequestVoting.entry_correct_block1_default	52639182277772575	unknown	not-attempted	solver exited without a verdict: cvc5 interrupted by timeout.	5473402417	collect=1094584,pre-reconstruct=11161916,normalize=11389500,monomorphize=22250,instantiate=16042,translate=43028750,solve=5406689375	
plean	crush-portfolio	1	Examples/Consensus.lean|Consensus.Node.RequestVoting.entry_correct_block1_default	Consensus.Node.RequestVoting.entry_correct_block1_default	52639182277772575	unknown	not-attempted	solver exited without a verdict: cvc5 interrupted by timeout.	5476791042	collect=1008333,pre-reconstruct=10403458,normalize=10476417,monomorphize=20500,instantiate=18417,translate=40642250,solve=5414221667	
plean	crush-portfolio	1	Examples/Consensus.lean|Consensus.Node.RequestVoting.entry_correct_block1_default	Consensus.Node.RequestVoting.entry_correct_block1_default	14110832598524762649	unknown	not-attempted	solver exited without a verdict: cvc5 interrupted by timeout.	5447901708	collect=943917,pre-reconstruct=2328542,normalize=8543916,monomorphize=19666,instantiate=13417,translate=28660792,solve=5407391458	
plean	crush-portfolio	1	Examples/Consensus.lean|Consensus.Node.RequestVoting.entry_correct_block1_default	Consensus.Node.RequestVoting.entry_correct_block1_default	7547850720454359298	unknown	not-attempted	solver exited without a verdict: cvc5 interrupted by timeout.	5450027498	collect=1247166,pre-reconstruct=2347333,normalize=8677083,monomorphize=17208,instantiate=13875,translate=29507750,solve=5408217083	
plean	crush-portfolio	1	Examples/Consensus.lean|Consensus.Node.RequestVoting.entry_correct_block1_default	Consensus.Node.RequestVoting.entry_correct_block1_default	52639182277772575	unknown	not-attempted	solver exited without a verdict: cvc5 interrupted by timeout.	5473273543	collect=1123334,pre-reconstruct=10457667,normalize=11675959,monomorphize=24833,instantiate=14375,translate=44245250,solve=5405732125	
plean	crush-portfolio	1	Examples/Consensus.lean|Consensus.Node.RequestVoting.entry_correct_block1_default	Consensus.Node.RequestVoting.entry_correct_block1_default	52639182277772575	unknown	not-attempted	solver exited without a verdict: cvc5 interrupted by timeout.	5470891043	collect=982292,pre-reconstruct=10251084,normalize=10691375,monomorphize=22291,instantiate=20334,translate=41768625,solve=5407155042	
plean	crush-portfolio	1	Examples/Consensus.lean|Consensus.Node.RequestVoting.entry_correct_block1_default	Consensus.Node.RequestVoting.entry_correct_block1_default	14110832598524762649	unknown	not-attempted	solver exited without a verdict: cvc5 interrupted by timeout.	5454076041	collect=1017166,pre-reconstruct=2406333,normalize=8905333,monomorphize=25875,instantiate=13334,translate=29242084,solve=5412465916	
plean	crush-portfolio	1	Examples/Consensus.lean|Consensus.Node.RequestVoting.entry_correct_block1_default	Consensus.Node.RequestVoting.entry_correct_block1_default	7547850720454359298	unknown	not-attempted	solver exited without a verdict: cvc5 interrupted by timeout.	5462755376	collect=1065250,pre-reconstruct=2374792,normalize=9084375,monomorphize=23292,instantiate=18292,translate=31205250,solve=5418984125	
plean	crush-portfolio	1	Examples/Consensus.lean|Consensus.Node.RequestVoting.entry_correct_block1_default	Consensus.Node.RequestVoting.entry_correct_block1_default	52639182277772575	unknown	not-attempted	solver exited without a verdict: cvc5 interrupted by timeout.	5483825960	collect=1202334,pre-reconstruct=10783541,normalize=12343542,monomorphize=23500,instantiate=11417,translate=41523334,solve=5417938292	
plean	crush-portfolio	1	Examples/Consensus.lean|Consensus.Node.RequestVoting.entry_correct_block1_default	Consensus.Node.RequestVoting.entry_correct_block1_default	52639182277772575	unknown	not-attempted	solver exited without a verdict: cvc5 interrupted by timeout.	5480512792	collect=1001833,pre-reconstruct=10682542,normalize=11213375,monomorphize=30417,instantiate=18625,translate=42618583,solve=5414947417	
plean	crush-portfolio	1	Examples/Consensus.lean|Consensus.Node.RequestVoting.entry_correct_block1_default	Consensus.Node.RequestVoting.entry_correct_block1_default	14110832598524762649	unknown	not-attempted	solver exited without a verdict: cvc5 interrupted by timeout.	5482732834	collect=924542,pre-reconstruct=2654792,normalize=9083750,monomorphize=24333,instantiate=17750,translate=29606667,solve=5440421000	
plean	crush-portfolio	1	Examples/Consensus.lean|Consensus.Node.RequestVoting.entry_correct_block1_default	Consensus.Node.RequestVoting.entry_correct_block1_default	7547850720454359298	unknown	not-attempted	solver exited without a verdict: cvc5 interrupted by timeout.	5461852211	collect=956959,pre-reconstruct=2251750,normalize=8396334,monomorphize=19542,instantiate=14708,translate=29660959,solve=5420551959	
plean	crush-portfolio	1	Examples/Consensus.lean|Consensus.Node.RequestVoting.entry_correct_block1_default	Consensus.Node.RequestVoting.entry_correct_block1_default	52639182277772575	unknown	not-attempted	solver exited without a verdict: cvc5 interrupted by timeout.	5481421667	collect=1066584,pre-reconstruct=10906500,normalize=11288875,monomorphize=20833,instantiate=11375,translate=41186583,solve=5416940917	
plean	crush-portfolio	1	Examples/Consensus.lean|Consensus.Node.RequestVoting.entry_correct_block1_default	Consensus.Node.RequestVoting.entry_correct_block1_default	52639182277772575	unknown	not-attempted	solver exited without a verdict: cvc5 interrupted by timeout.	5479779209	collect=1008125,pre-reconstruct=10733666,normalize=11054375,monomorphize=27667,instantiate=16459,translate=42970750,solve=5413968167	
plean	crush-portfolio	1	Examples/Consensus.lean|Consensus.Node.RequestVoting.entry_correct_block1_default	Consensus.Node.RequestVoting.entry_correct_block1_default	14110832598524762649	unknown	not-attempted	solver exited without a verdict: cvc5 interrupted by timeout.	5458554376	collect=1045334,pre-reconstruct=2372458,normalize=8327792,monomorphize=20209,instantiate=17208,translate=29156125,solve=5417615250	
plean	crush-portfolio	1	Examples/Consensus.lean|Consensus.Node.RequestVoting.entry_correct_block1_default	Consensus.Node.RequestVoting.entry_correct_block1_default	7547850720454359298	unknown	not-attempted	solver exited without a verdict: cvc5 interrupted by timeout.	5456857958	collect=1054209,pre-reconstruct=2276208,normalize=8600083,monomorphize=22125,instantiate=18375,translate=30213958,solve=5414673000	
plean	crush-portfolio	1	Examples/Consensus.lean|Consensus.Node.RequestVoting.entry_correct_block1_default	Consensus.Node.RequestVoting.entry_correct_block1_default	52639182277772575	unknown	not-attempted	solver exited without a verdict: cvc5 interrupted by timeout.	5466921249	collect=1037583,pre-reconstruct=10316625,normalize=10381083,monomorphize=19458,instantiate=11458,translate=40276250,solve=5404878792	
plean	crush-portfolio	1	Examples/Consensus.lean|Consensus.Node.RequestVoting.entry_correct_block1_default	Consensus.Node.RequestVoting.entry_correct_block1_default	52639182277772575	unknown	not-attempted	solver exited without a verdict: cvc5 interrupted by timeout.	5463988667	collect=1002250,pre-reconstruct=10486541,normalize=10837542,monomorphize=29500,instantiate=18959,translate=42167625,solve=5399446250	
plean	crush-portfolio	1	Examples/Consensus.lean|Consensus.Node.RequestVoting.entry_correct_block1_default	Consensus.Node.RequestVoting.entry_correct_block1_default	14110832598524762649	unknown	not-attempted	solver exited without a verdict: cvc5 interrupted by timeout.	5451613168	collect=1122917,pre-reconstruct=2306500,normalize=8596750,monomorphize=32958,instantiate=22667,translate=31285459,solve=5408245917	
plean	crush-portfolio	1	Examples/Consensus.lean|Consensus.Node.RequestVoting.entry_correct_block1_default	Consensus.Node.RequestVoting.entry_correct_block1_default	7547850720454359298	unknown	not-attempted	solver exited without a verdict: cvc5 interrupted by timeout.	5448770667	collect=994917,pre-reconstruct=2265250,normalize=8554958,monomorphize=19959,instantiate=17625,translate=33457208,solve=5403460750	
plean	crush-portfolio	1	Examples/Consensus.lean|Consensus.Node.RequestVoting.entry_correct_block1_default	Consensus.Node.RequestVoting.entry_correct_block1_default	52639182277772575	unknown	not-attempted	solver exited without a verdict: cvc5 interrupted by timeout.	5464914875	collect=1041916,pre-reconstruct=10347667,normalize=11888042,monomorphize=22750,instantiate=15125,translate=41402125,solve=5400197250	
plean	crush-portfolio	1	Examples/Consensus.lean|Consensus.Node.RequestVoting.entry_correct_block1_default	Consensus.Node.RequestVoting.entry_correct_block1_default	52639182277772575	unknown	not-attempted	solver exited without a verdict: cvc5 interrupted by timeout.	5474074958	collect=1016375,pre-reconstruct=10772375,normalize=11740541,monomorphize=20125,instantiate=15209,translate=42953750,solve=5407556583	
plean	crush-portfolio	1	Examples/Consensus.lean|Consensus.Node.RequestVoting.entry_correct_block1_default	Consensus.Node.RequestVoting.entry_correct_block1_default	14110832598524762649	unknown	not-attempted	solver exited without a verdict: cvc5 interrupted by timeout.	5445598834	collect=945709,pre-reconstruct=2248625,normalize=8377917,monomorphize=19167,instantiate=13417,translate=29128458,solve=5404865541	
plean	crush-portfolio	1	Examples/Consensus.lean|Consensus.Node.RequestVoting.entry_correct_block1_default	Consensus.Node.RequestVoting.entry_correct_block1_default	7547850720454359298	unknown	not-attempted	solver exited without a verdict: cvc5 interrupted by timeout.	5449701457	collect=1020958,pre-reconstruct=2293792,normalize=8496083,monomorphize=18250,instantiate=15625,translate=29959791,solve=5407896958	
plean	crush-verify	1	Examples/DistributedLock.lean|DistributedLock.base_Safety_unique_holder	DistributedLock.base_Safety_unique_holder	16773836904586594644	verified	not-requested	solver returned unsat; closed under the trust policy	446611669	collect=1210167,pre-reconstruct=1371417,normalize=4075417,monomorphize=120917,instantiate=94209,translate=19213167,solve=420526375	
plean	crush-verify	1	Examples/DistributedLock.lean|DistributedLock.base_Safety_no_lock_while_transfer	DistributedLock.base_Safety_no_lock_while_transfer	17556563873992914379	verified	not-requested	solver returned unsat; closed under the trust policy	432156792	collect=212083,pre-reconstruct=1323542,normalize=2742167,monomorphize=17542,instantiate=22000,translate=11132958,solve=416706500	
plean	crush-verify	1	Examples/DistributedLock.lean|DistributedLock.base_Safety_unique_accept	DistributedLock.base_Safety_unique_accept	10849681932946429018	verified	not-requested	solver returned unsat; closed under the trust policy	431988874	collect=279750,pre-reconstruct=812625,normalize=3137667,monomorphize=22875,instantiate=26333,translate=12246666,solve=415462958	
plean	crush-verify	1	Examples/DistributedLock.lean|DistributedLock.base_Safety_not_held_after_release	DistributedLock.base_Safety_not_held_after_release	5620316417020356449	verified	not-requested	solver returned unsat; closed under the trust policy	452872168	collect=216375,pre-reconstruct=712250,normalize=2862042,monomorphize=16833,instantiate=23209,translate=11837542,solve=437203917	
plean	crush-verify	1	Examples/DistributedLock.lean|DistributedLock.base_Safety_transfer_to_higher	DistributedLock.base_Safety_transfer_to_higher	13437921368976050569	verified	not-requested	solver returned unsat; closed under the trust policy	432267459	collect=264292,pre-reconstruct=321709,normalize=3337084,monomorphize=20375,instantiate=23250,translate=11881791,solve=416418958	
plean	crush-verify	1	Examples/DistributedLock.lean|DistributedLock.Node.Act.eGrant_correct_Safety_safety	DistributedLock.Node.Act.eGrant_correct_Safety_safety	10700275402275472488	verified	not-requested	solver returned unsat; closed under the trust policy	756887834	collect=595667,pre-reconstruct=83709917,normalize=16564042,monomorphize=38792,instantiate=29625,translate=65424916,solve=590524875	
plean	crush-verify	1	Examples/DistributedLock.lean|DistributedLock.Node.Act.eGrant_correct_Safety_safety	DistributedLock.Node.Act.eGrant_correct_Safety_safety	12546798754174509371	verified	not-requested	solver returned unsat; closed under the trust policy	965250250	collect=437125,pre-reconstruct=9481542,normalize=10665166,monomorphize=34667,instantiate=18292,translate=67404333,solve=877209125	
plean	crush-verify	1	Examples/DistributedLock.lean|DistributedLock.Node.Act.eAccept_correct_Safety_safety	DistributedLock.Node.Act.eAccept_correct_Safety_safety	17739666914285792081	verified	not-requested	solver returned unsat; closed under the trust policy	645724707	collect=560000,pre-reconstruct=34983833,normalize=15845625,monomorphize=32000,instantiate=23792,translate=71343791,solve=522935666	
plean	crush-verify	1	Examples/DistributedLock.lean|DistributedLock.Node.Act.eAccept_correct_Safety_safety	DistributedLock.Node.Act.eAccept_correct_Safety_safety	12546798754174509371	verified	not-requested	solver returned unsat; closed under the trust policy	536261792	collect=439500,pre-reconstruct=10925750,normalize=11198000,monomorphize=28875,instantiate=20542,translate=39226500,solve=474422625	
plean	crush-verify	1	Examples/DistributedLock.lean|DistributedLock.base_Safety_UniqueActions	DistributedLock.base_Safety_UniqueActions	17799728052405574097	verified	not-requested	solver returned unsat; closed under the trust policy	430135415	collect=218416,pre-reconstruct=1012083,normalize=2736667,monomorphize=16250,instantiate=20500,translate=11130333,solve=415001166	
plean	crush-verify	1	Examples/DistributedLock.lean|DistributedLock.base_Safety_IncreasingCount	DistributedLock.base_Safety_IncreasingCount	16645480121653727987	verified	not-requested	solver returned unsat; closed under the trust policy	437760668	collect=230959,pre-reconstruct=112542,normalize=2243542,monomorphize=14667,instantiate=21083,translate=10437500,solve=424700375	
plean	crush-verify	1	Examples/DistributedLock.lean|DistributedLock.base_Safety_ReceivedSubsetSent	DistributedLock.base_Safety_ReceivedSubsetSent	5156885450211704390	verified	not-requested	solver returned unsat; closed under the trust policy	439571501	collect=214625,pre-reconstruct=297417,normalize=2242667,monomorphize=12542,instantiate=22583,translate=11029000,solve=425752667	
plean	crush-verify	1	Examples/DistributedLock.lean|DistributedLock.Node.Act.eGrant_correct_Safety_default	DistributedLock.Node.Act.eGrant_correct_Safety_default	14070365671432482870	verified	not-requested	solver returned unsat; closed under the trust policy	520112419	collect=390667,pre-reconstruct=46267834,normalize=5773917,monomorphize=26167,instantiate=26583,translate=23007042,solve=444620209	
plean	crush-verify	1	Examples/DistributedLock.lean|DistributedLock.Node.Act.eGrant_correct_Safety_default	DistributedLock.Node.Act.eGrant_correct_Safety_default	1648220582697772830	verified	not-requested	solver returned unsat; closed under the trust policy	451843375	collect=383667,pre-reconstruct=5122792,normalize=4105833,monomorphize=21708,instantiate=13750,translate=17589125,solve=424606500	
plean	crush-verify	1	Examples/DistributedLock.lean|DistributedLock.Node.Act.eAccept_correct_Safety_default	DistributedLock.Node.Act.eAccept_correct_Safety_default	1648220582697772830	verified	not-requested	solver returned unsat; closed under the trust policy	456431292	collect=413417,pre-reconstruct=3572417,normalize=3756208,monomorphize=28000,instantiate=27542,translate=16841000,solve=431792708	
plean	crush-verify	1	Examples/DistributedLock.lean|DistributedLock.Node.Act.eAccept_correct_Safety_default	DistributedLock.Node.Act.eAccept_correct_Safety_default	1648220582697772830	verified	not-requested	solver returned unsat; closed under the trust policy	455827376	collect=443667,pre-reconstruct=5424000,normalize=3682375,monomorphize=16917,instantiate=17875,translate=18701250,solve=427541292	
plean	crush-portfolio	1	Examples/DistributedLock.lean|DistributedLock.base_Safety_unique_holder	DistributedLock.base_Safety_unique_holder	16773836904586594644	core-reconstructed	certificate-error	core-directed reconstruction succeeded	495605293	collect=1226541,pre-reconstruct=1410375,normalize=3652833,monomorphize=117875,instantiate=96792,translate=16608125,solve=436129834,replay=119459,reconstruct=36243459	
plean	crush-portfolio	1	Examples/DistributedLock.lean|DistributedLock.base_Safety_no_lock_while_transfer	DistributedLock.base_Safety_no_lock_while_transfer	17556563873992914379	core-reconstructed	certificate-error	core-directed reconstruction succeeded	473829498	collect=202958,pre-reconstruct=1311291,normalize=2762375,monomorphize=16625,instantiate=16875,translate=11363833,solve=446045250,replay=26666,reconstruct=12083625	
plean	crush-portfolio	1	Examples/DistributedLock.lean|DistributedLock.base_Safety_unique_accept	DistributedLock.base_Safety_unique_accept	10849681932946429018	core-reconstructed	certificate-error	core-directed reconstruction succeeded	461814542	collect=220834,pre-reconstruct=645250,normalize=2557583,monomorphize=17209,instantiate=16166,translate=11724500,solve=433395917,replay=18750,reconstruct=13218333	
plean	crush-portfolio	1	Examples/DistributedLock.lean|DistributedLock.base_Safety_not_held_after_release	DistributedLock.base_Safety_not_held_after_release	5620316417020356449	core-reconstructed	certificate-error	core-directed reconstruction succeeded	463383457	collect=240417,pre-reconstruct=795625,normalize=2886458,monomorphize=16291,instantiate=19291,translate=11744834,solve=436712000,replay=18375,reconstruct=10950166	
plean	crush-portfolio	1	Examples/DistributedLock.lean|DistributedLock.base_Safety_transfer_to_higher	DistributedLock.base_Safety_transfer_to_higher	13437921368976050569	core-reconstructed	certificate-error	core-directed reconstruction succeeded	462447791	collect=313458,pre-reconstruct=355750,normalize=3689708,monomorphize=22042,instantiate=20375,translate=13210333,solve=423699208,replay=19583,reconstruct=21117334	
plean	crush-portfolio	1	Examples/DistributedLock.lean|DistributedLock.Node.Act.eGrant_correct_Safety_safety	DistributedLock.Node.Act.eGrant_correct_Safety_safety	10700275402275472488	core-reconstructed	certificate-error	core-directed reconstruction succeeded	1026452044	collect=662584,pre-reconstruct=89722834,normalize=15212667,monomorphize=31792,instantiate=18709,translate=61467833,solve=585653917,replay=19583,reconstruct=273662125	
plean	crush-portfolio	1	Examples/DistributedLock.lean|DistributedLock.Node.Act.eGrant_correct_Safety_safety	DistributedLock.Node.Act.eGrant_correct_Safety_safety	12546798754174509371	core-reconstructed	certificate-error	core-directed reconstruction succeeded	1010515458	collect=363958,pre-reconstruct=10231083,normalize=10732834,monomorphize=23417,instantiate=10791,translate=36039458,solve=818307375,replay=13000,reconstruct=134793542	
plean	crush-portfolio	1	Examples/DistributedLock.lean|DistributedLock.base_Safety_UniqueActions	DistributedLock.base_Safety_UniqueActions	17799728052405574097	core-reconstructed	certificate-error	core-directed reconstruction succeeded	494341084	collect=230666,pre-reconstruct=1074333,normalize=2807125,monomorphize=21209,instantiate=17875,translate=11435667,solve=465457709,replay=22167,reconstruct=13274333	
plean	crush-portfolio	1	Examples/DistributedLock.lean|DistributedLock.base_Safety_IncreasingCount	DistributedLock.base_Safety_IncreasingCount	16645480121653727987	core-reconstructed	certificate-error	core-directed reconstruction succeeded	447332043	collect=226875,pre-reconstruct=112542,normalize=2219459,monomorphize=14625,instantiate=19833,translate=9773583,solve=419510042,replay=26417,reconstruct=15428667	
plean	crush-portfolio	1	Examples/DistributedLock.lean|DistributedLock.base_Safety_ReceivedSubsetSent	DistributedLock.base_Safety_ReceivedSubsetSent	5156885450211704390	core-reconstructed	certificate-error	core-directed reconstruction succeeded	459250167	collect=236041,pre-reconstruct=315375,normalize=2224958,monomorphize=14959,instantiate=16250,translate=9675292,solve=432322958,replay=20375,reconstruct=14423959	
plean	crush-portfolio	1	Examples/DistributedLock.lean|DistributedLock.Node.Act.eGrant_correct_Safety_default	DistributedLock.Node.Act.eGrant_correct_Safety_default	14070365671432482870	core-reconstructed	certificate-error	core-directed reconstruction succeeded	623903874	collect=401250,pre-reconstruct=49981583,normalize=5834458,monomorphize=26292,instantiate=17958,translate=21460292,solve=456880917,replay=28916,reconstruct=89272208	
plean	crush-portfolio	1	Examples/DistributedLock.lean|DistributedLock.Node.Act.eGrant_correct_Safety_default	DistributedLock.Node.Act.eGrant_correct_Safety_default	1648220582697772830	core-reconstructed	certificate-error	core-directed reconstruction succeeded	483435041	collect=316958,pre-reconstruct=5070041,normalize=4096250,monomorphize=18250,instantiate=13667,translate=17722292,solve=420239542,replay=11875,reconstruct=35946166	
plean	crush-portfolio	1	Examples/DistributedLock.lean|DistributedLock.Node.Act.eAccept_correct_Safety_default	DistributedLock.Node.Act.eAccept_correct_Safety_default	1648220582697772830	core-reconstructed	certificate-error	core-directed reconstruction succeeded	488919543	collect=317417,pre-reconstruct=3771334,normalize=3477042,monomorphize=25208,instantiate=20291,translate=17077834,solve=434280584,replay=19042,reconstruct=29930791	
plean	crush-portfolio	1	Examples/DistributedLock.lean|DistributedLock.Node.Act.eAccept_correct_Safety_default	DistributedLock.Node.Act.eAccept_correct_Safety_default	1648220582697772830	core-reconstructed	certificate-error	core-directed reconstruction succeeded	491409877	collect=279000,pre-reconstruct=4665167,normalize=3936958,monomorphize=16875,instantiate=9417,translate=17670042,solve=432698459,replay=10459,reconstruct=32123500	
plean	crush-verify	1	Examples/LockServer.lean|LockServer.base_block0_const_server	LockServer.base_block0_const_server	14686363261710415044	verified	not-requested	solver returned unsat; closed under the trust policy	431217793	collect=673750,pre-reconstruct=2323125,normalize=3008209,monomorphize=107750,instantiate=91417,translate=17723042,solve=407290500	
plean	crush-verify	1	Examples/LockServer.lean|LockServer.base_block0_serv_is_serv	LockServer.base_block0_serv_is_serv	327222602524042645	verified	not-requested	solver returned unsat; closed under the trust policy	414187624	collect=217750,pre-reconstruct=516500,normalize=2296125,monomorphize=13333,instantiate=19333,translate=10724208,solve=400400375	
plean	crush-verify	1	Examples/LockServer.lean|LockServer.base_block0_serv_is_serv	LockServer.base_block0_serv_is_serv	513016926388149230	verified	not-requested	solver returned unsat; closed under the trust policy	412483084	collect=236375,pre-reconstruct=196250,normalize=2298417,monomorphize=8750,instantiate=15709,translate=10235791,solve=399491792	
plean	crush-verify	1	Examples/LockServer.lean|LockServer.base_block0_serv_is_serv	LockServer.base_block0_serv_is_serv	12685331912900740223	verified	not-requested	solver returned unsat; closed under the trust policy	436478334	collect=184083,pre-reconstruct=196916,normalize=2174209,monomorphize=9584,instantiate=15208,translate=10297542,solve=423600792	
plean	crush-verify	1	Examples/LockServer.lean|LockServer.base_block0_single_server	LockServer.base_block0_single_server	4986805042211733625	verified	not-requested	solver returned unsat; closed under the trust policy	425536542	collect=181083,pre-reconstruct=282084,normalize=2210292,monomorphize=13958,instantiate=21250,translate=11326542,solve=411501333	
plean	crush-verify	1	Examples/LockServer.lean|LockServer.base_block0_unique_server	LockServer.base_block0_unique_server	10688673803728801511	verified	not-requested	solver returned unsat; closed under the trust policy	448680126	collect=196542,pre-reconstruct=321750,normalize=2421625,monomorphize=15625,instantiate=20209,translate=11861125,solve=433843250	
plean	crush-verify	1	Examples/LockServer.lean|LockServer.base_block0_aquire_to_node	LockServer.base_block0_aquire_to_node	4037617051381969595	verified	not-requested	solver returned unsat; closed under the trust policy	419485209	collect=205625,pre-reconstruct=683417,normalize=2440958,monomorphize=16167,instantiate=21625,translate=13831042,solve=402286375	
plean	crush-verify	1	Examples/LockServer.lean|LockServer.base_block0_release_to_node	LockServer.base_block0_release_to_node	4037617051381969595	verified	not-requested	solver returned unsat; closed under the trust policy	425492873	collect=204708,pre-reconstruct=551750,normalize=2444333,monomorphize=16708,instantiate=24791,translate=13259958,solve=408990625	
plean	crush-verify	1	Examples/LockServer.lean|LockServer.base_block0_grant_to_node	LockServer.base_block0_grant_to_node	4037617051381969595	verified	not-requested	solver returned unsat; closed under the trust policy	417560377	collect=217417,pre-reconstruct=591125,normalize=2381042,monomorphize=15250,instantiate=23042,translate=13244084,solve=401088417	
plean	crush-verify	1	Examples/LockServer.lean|LockServer.base_block0_lock_to_server	LockServer.base_block0_lock_to_server	4037617051381969595	verified	not-requested	solver returned unsat; closed under the trust policy	418041792	collect=362125,pre-reconstruct=627084,normalize=2629042,monomorphize=15916,instantiate=21417,translate=14248500,solve=400137708	
plean	crush-verify	1	Examples/LockServer.lean|LockServer.base_block0_unlock_to_server	LockServer.base_block0_unlock_to_server	4037617051381969595	verified	not-requested	solver returned unsat; closed under the trust policy	421155583	collect=225500,pre-reconstruct=616958,normalize=2462917,monomorphize=17375,instantiate=21250,translate=13458792,solve=404352791	
plean	crush-verify	1	Examples/LockServer.lean|LockServer.base_block0_node_send_lock	LockServer.base_block0_node_send_lock	1610633711058459474	verified	not-requested	solver returned unsat; closed under the trust policy	418369791	collect=208542,pre-reconstruct=1005667,normalize=2380791,monomorphize=26458,instantiate=23750,translate=11940250,solve=402784333	
plean	crush-verify	1	Examples/LockServer.lean|LockServer.base_block0_node_send_lock	LockServer.base_block0_node_send_lock	1623970393443299567	verified	not-requested	solver returned unsat; closed under the trust policy	426892584	collect=291125,pre-reconstruct=927500,normalize=2571791,monomorphize=10125,instantiate=13334,translate=11716917,solve=411361792	
plean	crush-verify	1	Examples/LockServer.lean|LockServer.base_block0_node_send_lock	LockServer.base_block0_node_send_lock	5177169515618291839	verified	not-requested	solver returned unsat; closed under the trust policy	424664458	collect=266417,pre-reconstruct=640791,normalize=2541917,monomorphize=9875,instantiate=13584,translate=11672708,solve=409519166	
plean	crush-verify	1	Examples/LockServer.lean|LockServer.base_block0_node_send_unlock	LockServer.base_block0_node_send_unlock	1610633711058459474	verified	not-requested	solver returned unsat; closed under the trust policy	419946916	collect=197416,pre-reconstruct=759375,normalize=2437958,monomorphize=18584,instantiate=21542,translate=12426208,solve=404085833	
plean	crush-verify	1	Examples/LockServer.lean|LockServer.base_block0_node_send_unlock	LockServer.base_block0_node_send_unlock	1623970393443299567	verified	not-requested	solver returned unsat; closed under the trust policy	444823833	collect=297750,pre-reconstruct=980250,normalize=2607250,monomorphize=10333,instantiate=15875,translate=11732875,solve=429179500	
plean	crush-verify	1	Examples/LockServer.lean|LockServer.base_block0_node_send_unlock	LockServer.base_block0_node_send_unlock	5177169515618291839	verified	not-requested	solver returned unsat; closed under the trust policy	440171209	collect=238875,pre-reconstruct=545666,normalize=2563542,monomorphize=10209,instantiate=16292,translate=11794542,solve=425002083	
plean	crush-verify	1	Examples/LockServer.lean|LockServer.Server.Serving.eLock_correct_block0_system_config	LockServer.Server.Serving.eLock_correct_block0_system_config	18393412486576726406	unknown	not-attempted	solver exited without a verdict: cvc5 interrupted by timeout.	5695412498	collect=817708,pre-reconstruct=154002166,normalize=26277916,monomorphize=38750,instantiate=34250,translate=111078167,solve=5403163541	
plean	crush-verify	1	Examples/LockServer.lean|LockServer.Server.Serving.eLock_correct_block0_system_config	LockServer.Server.Serving.eLock_correct_block0_system_config	18393412486576726406	unknown	not-attempted	solver exited without a verdict: cvc5 interrupted by timeout.	5701269791	collect=615584,pre-reconstruct=147765416,normalize=27163417,monomorphize=34667,instantiate=18833,translate=113400541,solve=5412271333	
plean	crush-verify	1	Examples/LockServer.lean|LockServer.Server.Serving.eUnlock_correct_block0_system_config	LockServer.Server.Serving.eUnlock_correct_block0_system_config	9248108984757026292	verified	not-requested	solver returned unsat; closed under the trust policy	543407707	collect=538791,pre-reconstruct=5265708,normalize=12638541,monomorphize=42333,instantiate=26125,translate=38117042,solve=486779167	
plean	crush-verify	1	Examples/LockServer.lean|LockServer.Server.Serving.eUnlock_correct_block0_system_config	LockServer.Server.Serving.eUnlock_correct_block0_system_config	3832468867829520298	verified	not-requested	solver returned unsat; closed under the trust policy	484319083	collect=710042,pre-reconstruct=11389250,normalize=10097458,monomorphize=30542,instantiate=16042,translate=30987208,solve=431088541	
plean	crush-verify	1	Examples/LockServer.lean|LockServer.Server.Serving.eUnlock_correct_block0_system_config	LockServer.Server.Serving.eUnlock_correct_block0_system_config	9327454568639229885	verified	not-requested	solver returned unsat; closed under the trust policy	501548667	collect=555667,pre-reconstruct=4904417,normalize=11074708,monomorphize=35584,instantiate=16208,translate=35480667,solve=449481416	
plean	crush-verify	1	Examples/LockServer.lean|LockServer.Server.Serving.eUnlock_correct_block0_system_config	LockServer.Server.Serving.eUnlock_correct_block0_system_config	11338822310388736061	verified	not-requested	solver returned unsat; closed under the trust policy	473615334	collect=582000,pre-reconstruct=4466584,normalize=10403416,monomorphize=33375,instantiate=16959,translate=32316542,solve=425796458	
plean	crush-verify	1	Examples/LockServer.lean|LockServer.Server.Serving.eUnlock_correct_block0_system_config	LockServer.Server.Serving.eUnlock_correct_block0_system_config	4986805042211733625	verified	not-requested	solver returned unsat; closed under the trust policy	497630875	collect=849833,pre-reconstruct=1955208,normalize=12526917,monomorphize=43917,instantiate=20083,translate=35478250,solve=446756667	
plean	crush-verify	1	Examples/LockServer.lean|LockServer.Server.Serving.eUnlock_correct_block0_system_config	LockServer.Server.Serving.eUnlock_correct_block0_system_config	10688673803728801511	verified	not-requested	solver returned unsat; closed under the trust policy	520436584	collect=686708,pre-reconstruct=1731958,normalize=12507584,monomorphize=33209,instantiate=14500,translate=42735708,solve=462726917	
plean	crush-verify	1	Examples/LockServer.lean|LockServer.Server.Serving.eUnlock_correct_block0_system_config	LockServer.Server.Serving.eUnlock_correct_block0_system_config	4514497018860643544	verified	not-requested	solver returned unsat; closed under the trust policy	513020083	collect=633583,pre-reconstruct=6642583,normalize=12799042,monomorphize=40333,instantiate=15708,translate=38378125,solve=454510709	
plean	crush-verify	1	Examples/LockServer.lean|LockServer.Server.Serving.eUnlock_correct_block0_system_config	LockServer.Server.Serving.eUnlock_correct_block0_system_config	4514497018860643544	verified	not-requested	solver returned unsat; closed under the trust policy	502628959	collect=695542,pre-reconstruct=6860750,normalize=12490166,monomorphize=41834,instantiate=15958,translate=36431542,solve=446093167	
plean	crush-verify	1	Examples/LockServer.lean|LockServer.Server.Serving.eUnlock_correct_block0_system_config	LockServer.Server.Serving.eUnlock_correct_block0_system_config	4514497018860643544	verified	not-requested	solver returned unsat; closed under the trust policy	505749501	collect=720292,pre-reconstruct=6779958,normalize=12343917,monomorphize=37583,instantiate=18250,translate=36079542,solve=449769959	
plean	crush-verify	1	Examples/LockServer.lean|LockServer.Server.Serving.eUnlock_correct_block0_system_config	LockServer.Server.Serving.eUnlock_correct_block0_system_config	4514497018860643544	verified	not-requested	solver returned unsat; closed under the trust policy	513764583	collect=644333,pre-reconstruct=6220500,normalize=11774917,monomorphize=33291,instantiate=14375,translate=36282625,solve=458794542	
plean	crush-verify	1	Examples/LockServer.lean|LockServer.Server.Serving.eUnlock_correct_block0_system_config	LockServer.Server.Serving.eUnlock_correct_block0_system_config	4514497018860643544	verified	not-requested	solver returned unsat; closed under the trust policy	511965165	collect=649042,pre-reconstruct=6924208,normalize=12823416,monomorphize=32666,instantiate=14792,translate=39161916,solve=452359125	
plean	crush-verify	1	Examples/LockServer.lean|LockServer.Server.Serving.eUnlock_correct_block0_system_config	LockServer.Server.Serving.eUnlock_correct_block0_system_config	15048990807581438946	verified	not-requested	solver returned unsat; closed under the trust policy	503082458	collect=659750,pre-reconstruct=8254500,normalize=11486625,monomorphize=34625,instantiate=14000,translate=36933791,solve=445699167	
plean	crush-verify	1	Examples/LockServer.lean|LockServer.Server.Serving.eUnlock_correct_block0_system_config	LockServer.Server.Serving.eUnlock_correct_block0_system_config	8927465593518844657	verified	not-requested	solver returned unsat; closed under the trust policy	495672708	collect=597959,pre-reconstruct=8390125,normalize=12302333,monomorphize=38917,instantiate=21708,translate=40045500,solve=434276166	
plean	crush-verify	1	Examples/LockServer.lean|LockServer.Node.Working.eAquire_correct_block0_system_config	LockServer.Node.Working.eAquire_correct_block0_system_config	14686363261710415044	verified	not-requested	solver returned unsat; closed under the trust policy	470968500	collect=475500,pre-reconstruct=1984250,normalize=9619375,monomorphize=38917,instantiate=27250,translate=30394333,solve=428428875	
plean	crush-verify	1	Examples/LockServer.lean|LockServer.Node.Working.eAquire_correct_block0_system_config	LockServer.Node.Working.eAquire_correct_block0_system_config	327222602524042645	selected-fact	not-attempted	closed from a selected Lean fact	870250	collect=870250	
plean	crush-verify	1	Examples/LockServer.lean|LockServer.Node.Working.eAquire_correct_block0_system_config	LockServer.Node.Working.eAquire_correct_block0_system_config	513016926388149230	selected-fact	not-attempted	closed from a selected Lean fact	485292	collect=485292	
plean	crush-verify	1	Examples/LockServer.lean|LockServer.Node.Working.eAquire_correct_block0_system_config	LockServer.Node.Working.eAquire_correct_block0_system_config	12685331912900740223	selected-fact	not-attempted	closed from a selected Lean fact	399333	collect=399333	
plean	crush-verify	1	Examples/LockServer.lean|LockServer.Node.Working.eAquire_correct_block0_system_config	LockServer.Node.Working.eAquire_correct_block0_system_config	4986805042211733625	verified	not-requested	solver returned unsat; closed under the trust policy	471769832	collect=360375,pre-reconstruct=1454208,normalize=10778416,monomorphize=35875,instantiate=15250,translate=30482750,solve=428642958	
plean	crush-verify	1	Examples/LockServer.lean|LockServer.Node.Working.eAquire_correct_block0_system_config	LockServer.Node.Working.eAquire_correct_block0_system_config	10688673803728801511	verified	not-requested	solver returned unsat; closed under the trust policy	482797542	collect=628250,pre-reconstruct=1688834,normalize=9694750,monomorphize=33000,instantiate=16583,translate=31307750,solve=439428375	
plean	crush-verify	1	Examples/LockServer.lean|LockServer.Node.Working.eAquire_correct_block0_system_config	LockServer.Node.Working.eAquire_correct_block0_system_config	7145835395679027164	verified	not-requested	solver returned unsat; closed under the trust policy	503614750	collect=599083,pre-reconstruct=3401042,normalize=11508958,monomorphize=35584,instantiate=17333,translate=33196166,solve=454856584	
plean	crush-verify	1	Examples/LockServer.lean|LockServer.Node.Working.eAquire_correct_block0_system_config	LockServer.Node.Working.eAquire_correct_block0_system_config	7145835395679027164	verified	not-requested	solver returned unsat; closed under the trust policy	484513125	collect=633083,pre-reconstruct=3075834,normalize=10121792,monomorphize=32708,instantiate=14083,translate=32465875,solve=438169750	
plean	crush-verify	1	Examples/LockServer.lean|LockServer.Node.Working.eAquire_correct_block0_system_config	LockServer.Node.Working.eAquire_correct_block0_system_config	7145835395679027164	verified	not-requested	solver returned unsat; closed under the trust policy	495540165	collect=537958,pre-reconstruct=3089958,normalize=10049333,monomorphize=33333,instantiate=14708,translate=32899542,solve=448915333	
plean	crush-verify	1	Examples/LockServer.lean|LockServer.Node.Working.eAquire_correct_block0_system_config	LockServer.Node.Working.eAquire_correct_block0_system_config	7145835395679027164	unknown	not-attempted	solver exited without a verdict: cvc5 interrupted by timeout.	5462048082	collect=609166,pre-reconstruct=3767208,normalize=11458084,monomorphize=43750,instantiate=18166,translate=33638000,solve=5412513708	
plean	crush-verify	1	Examples/LockServer.lean|LockServer.Node.Working.eAquire_correct_block0_system_config	LockServer.Node.Working.eAquire_correct_block0_system_config	14686363261710415044	verified	not-requested	solver returned unsat; closed under the trust policy	474927958	collect=409375,pre-reconstruct=1907000,normalize=9065666,monomorphize=30667,instantiate=17084,translate=30363708,solve=433134458	
plean	crush-verify	1	Examples/LockServer.lean|LockServer.Node.Working.eAquire_correct_block0_system_config	LockServer.Node.Working.eAquire_correct_block0_system_config	327222602524042645	selected-fact	not-attempted	closed from a selected Lean fact	595250	collect=595250	
plean	crush-verify	1	Examples/LockServer.lean|LockServer.Node.Working.eAquire_correct_block0_system_config	LockServer.Node.Working.eAquire_correct_block0_system_config	513016926388149230	selected-fact	not-attempted	closed from a selected Lean fact	328667	collect=328667	
plean	crush-verify	1	Examples/LockServer.lean|LockServer.Node.Working.eAquire_correct_block0_system_config	LockServer.Node.Working.eAquire_correct_block0_system_config	12685331912900740223	selected-fact	not-attempted	closed from a selected Lean fact	331500	collect=331500	
plean	crush-verify	1	Examples/LockServer.lean|LockServer.Node.Working.eAquire_correct_block0_system_config	LockServer.Node.Working.eAquire_correct_block0_system_config	4986805042211733625	verified	not-requested	solver returned unsat; closed under the trust policy	471379083	collect=328667,pre-reconstruct=1512125,normalize=9289625,monomorphize=31833,instantiate=16250,translate=30479083,solve=429721500	
plean	crush-verify	1	Examples/LockServer.lean|LockServer.Node.Working.eAquire_correct_block0_system_config	LockServer.Node.Working.eAquire_correct_block0_system_config	10688673803728801511	verified	not-requested	solver returned unsat; closed under the trust policy	488236084	collect=612792,pre-reconstruct=1547834,normalize=9496792,monomorphize=34583,instantiate=13708,translate=30260417,solve=446269958	
plean	crush-verify	1	Examples/LockServer.lean|LockServer.Node.Working.eAquire_correct_block0_system_config	LockServer.Node.Working.eAquire_correct_block0_system_config	7145835395679027164	verified	not-requested	solver returned unsat; closed under the trust policy	481235667	collect=537750,pre-reconstruct=3078250,normalize=10014375,monomorphize=40250,instantiate=14625,translate=31795500,solve=435754917	
plean	crush-verify	1	Examples/LockServer.lean|LockServer.Node.Working.eAquire_correct_block0_system_config	LockServer.Node.Working.eAquire_correct_block0_system_config	7145835395679027164	verified	not-requested	solver returned unsat; closed under the trust policy	483926956	collect=534791,pre-reconstruct=3106708,normalize=9808083,monomorphize=32208,instantiate=14042,translate=32731583,solve=437699541	
plean	crush-verify	1	Examples/LockServer.lean|LockServer.Node.Working.eAquire_correct_block0_system_config	LockServer.Node.Working.eAquire_correct_block0_system_config	7145835395679027164	verified	not-requested	solver returned unsat; closed under the trust policy	487588042	collect=558584,pre-reconstruct=3335791,normalize=9977792,monomorphize=36250,instantiate=14167,translate=31347833,solve=442317625	
plean	crush-verify	1	Examples/LockServer.lean|LockServer.Node.Working.eAquire_correct_block0_system_config	LockServer.Node.Working.eAquire_correct_block0_system_config	7145835395679027164	unknown	not-attempted	solver exited without a verdict: cvc5 interrupted by timeout.	5457006291	collect=558875,pre-reconstruct=3115833,normalize=11298458,monomorphize=34291,instantiate=14125,translate=34186500,solve=5407798209	
plean	crush-verify	1	Examples/LockServer.lean|LockServer.Node.Working.eAquire_correct_block0_system_config	LockServer.Node.Working.eAquire_correct_block0_system_config	14686363261710415044	verified	not-requested	solver returned unsat; closed under the trust policy	477867251	collect=408792,pre-reconstruct=1955542,normalize=9616750,monomorphize=30167,instantiate=16708,translate=32421834,solve=433417458	
plean	crush-verify	1	Examples/LockServer.lean|LockServer.Node.Working.eAquire_correct_block0_system_config	LockServer.Node.Working.eAquire_correct_block0_system_config	327222602524042645	selected-fact	not-attempted	closed from a selected Lean fact	521333	collect=521333	
plean	crush-verify	1	Examples/LockServer.lean|LockServer.Node.Working.eAquire_correct_block0_system_config	LockServer.Node.Working.eAquire_correct_block0_system_config	513016926388149230	selected-fact	not-attempted	closed from a selected Lean fact	397375	collect=397375	
plean	crush-verify	1	Examples/LockServer.lean|LockServer.Node.Working.eAquire_correct_block0_system_config	LockServer.Node.Working.eAquire_correct_block0_system_config	12685331912900740223	selected-fact	not-attempted	closed from a selected Lean fact	401417	collect=401417	
plean	crush-verify	1	Examples/LockServer.lean|LockServer.Node.Working.eAquire_correct_block0_system_config	LockServer.Node.Working.eAquire_correct_block0_system_config	4986805042211733625	verified	not-requested	solver returned unsat; closed under the trust policy	463413002	collect=439417,pre-reconstruct=1332542,normalize=8782958,monomorphize=32084,instantiate=15792,translate=28812792,solve=423997417	
plean	crush-verify	1	Examples/LockServer.lean|LockServer.Node.Working.eAquire_correct_block0_system_config	LockServer.Node.Working.eAquire_correct_block0_system_config	10688673803728801511	verified	not-requested	solver returned unsat; closed under the trust policy	485370457	collect=422583,pre-reconstruct=1380542,normalize=9225166,monomorphize=34583,instantiate=15750,translate=30388375,solve=443903458	
plean	crush-verify	1	Examples/LockServer.lean|LockServer.Node.Working.eAquire_correct_block0_system_config	LockServer.Node.Working.eAquire_correct_block0_system_config	7145835395679027164	verified	not-requested	solver returned unsat; closed under the trust policy	482481669	collect=454917,pre-reconstruct=2855042,normalize=9418917,monomorphize=32292,instantiate=20375,translate=32905167,solve=436794959	
plean	crush-verify	1	Examples/LockServer.lean|LockServer.Node.Working.eAquire_correct_block0_system_config	LockServer.Node.Working.eAquire_correct_block0_system_config	7145835395679027164	verified	not-requested	solver returned unsat; closed under the trust policy	479504375	collect=521292,pre-reconstruct=2949875,normalize=9676292,monomorphize=37500,instantiate=15792,translate=32911916,solve=433391708	
plean	crush-verify	1	Examples/LockServer.lean|LockServer.Node.Working.eAquire_correct_block0_system_config	LockServer.Node.Working.eAquire_correct_block0_system_config	7145835395679027164	verified	not-requested	solver returned unsat; closed under the trust policy	479336125	collect=461292,pre-reconstruct=2832042,normalize=9788208,monomorphize=37750,instantiate=16209,translate=33120666,solve=433079958	
plean	crush-verify	1	Examples/LockServer.lean|LockServer.Node.Working.eAquire_correct_block0_system_config	LockServer.Node.Working.eAquire_correct_block0_system_config	7145835395679027164	unknown	not-attempted	solver exited without a verdict: cvc5 interrupted by timeout.	5457017250	collect=513375,pre-reconstruct=3011042,normalize=9756375,monomorphize=36792,instantiate=19583,translate=32466500,solve=5411213583	
plean	crush-verify	1	Examples/LockServer.lean|LockServer.Node.Working.eAquire_correct_block0_system_config	LockServer.Node.Working.eAquire_correct_block0_system_config	14686363261710415044	verified	not-requested	solver returned unsat; closed under the trust policy	473004751	collect=423000,pre-reconstruct=1953250,normalize=9370792,monomorphize=34625,instantiate=17959,translate=30700500,solve=430504625	
plean	crush-verify	1	Examples/LockServer.lean|LockServer.Node.Working.eAquire_correct_block0_system_config	LockServer.Node.Working.eAquire_correct_block0_system_config	327222602524042645	selected-fact	not-attempted	closed from a selected Lean fact	441500	collect=441500	
plean	crush-verify	1	Examples/LockServer.lean|LockServer.Node.Working.eAquire_correct_block0_system_config	LockServer.Node.Working.eAquire_correct_block0_system_config	513016926388149230	selected-fact	not-attempted	closed from a selected Lean fact	363083	collect=363083	
plean	crush-verify	1	Examples/LockServer.lean|LockServer.Node.Working.eAquire_correct_block0_system_config	LockServer.Node.Working.eAquire_correct_block0_system_config	12685331912900740223	selected-fact	not-attempted	closed from a selected Lean fact	424166	collect=424166	
plean	crush-verify	1	Examples/LockServer.lean|LockServer.Node.Working.eAquire_correct_block0_system_config	LockServer.Node.Working.eAquire_correct_block0_system_config	4986805042211733625	verified	not-requested	solver returned unsat; closed under the trust policy	470603333	collect=463125,pre-reconstruct=1477167,normalize=9277833,monomorphize=36250,instantiate=15708,translate=32327000,solve=427006250	
plean	crush-verify	1	Examples/LockServer.lean|LockServer.Node.Working.eAquire_correct_block0_system_config	LockServer.Node.Working.eAquire_correct_block0_system_config	10688673803728801511	verified	not-requested	solver returned unsat; closed under the trust policy	491265624	collect=429875,pre-reconstruct=1398292,normalize=9420750,monomorphize=39541,instantiate=14916,translate=30223000,solve=449739250	
plean	crush-verify	1	Examples/LockServer.lean|LockServer.Node.Working.eAquire_correct_block0_system_config	LockServer.Node.Working.eAquire_correct_block0_system_config	7145835395679027164	verified	not-requested	solver returned unsat; closed under the trust policy	482914500	collect=521500,pre-reconstruct=3171416,normalize=9985292,monomorphize=36459,instantiate=21000,translate=31385333,solve=437793500	
plean	crush-verify	1	Examples/LockServer.lean|LockServer.Node.Working.eAquire_correct_block0_system_config	LockServer.Node.Working.eAquire_correct_block0_system_config	7145835395679027164	verified	not-requested	solver returned unsat; closed under the trust policy	487493250	collect=488458,pre-reconstruct=2969542,normalize=9614500,monomorphize=35875,instantiate=15916,translate=31578167,solve=442790792	
plean	crush-verify	1	Examples/LockServer.lean|LockServer.Node.Working.eAquire_correct_block0_system_config	LockServer.Node.Working.eAquire_correct_block0_system_config	7145835395679027164	verified	not-requested	solver returned unsat; closed under the trust policy	515905917	collect=488167,pre-reconstruct=3396125,normalize=10022292,monomorphize=35083,instantiate=14334,translate=63319458,solve=438630458	
plean	crush-verify	1	Examples/LockServer.lean|LockServer.Node.Working.eAquire_correct_block0_system_config	LockServer.Node.Working.eAquire_correct_block0_system_config	7145835395679027164	unknown	not-attempted	solver exited without a verdict: cvc5 interrupted by timeout.	5467412583	collect=464916,pre-reconstruct=2879625,normalize=9377542,monomorphize=32917,instantiate=15583,translate=31977500,solve=5422664500	
plean	crush-verify	1	Examples/LockServer.lean|LockServer.Node.Working.eAquire_correct_block0_system_config	LockServer.Node.Working.eAquire_correct_block0_system_config	14686363261710415044	verified	not-requested	solver returned unsat; closed under the trust policy	471147959	collect=422708,pre-reconstruct=1811750,normalize=9937458,monomorphize=32167,instantiate=11834,translate=30952708,solve=427979334	
plean	crush-verify	1	Examples/LockServer.lean|LockServer.Node.Working.eAquire_correct_block0_system_config	LockServer.Node.Working.eAquire_correct_block0_system_config	327222602524042645	selected-fact	not-attempted	closed from a selected Lean fact	687042	collect=687042	
plean	crush-verify	1	Examples/LockServer.lean|LockServer.Node.Working.eAquire_correct_block0_system_config	LockServer.Node.Working.eAquire_correct_block0_system_config	513016926388149230	selected-fact	not-attempted	closed from a selected Lean fact	403334	collect=403334	
plean	crush-verify	1	Examples/LockServer.lean|LockServer.Node.Working.eAquire_correct_block0_system_config	LockServer.Node.Working.eAquire_correct_block0_system_config	12685331912900740223	selected-fact	not-attempted	closed from a selected Lean fact	378958	collect=378958	
plean	crush-verify	1	Examples/LockServer.lean|LockServer.Node.Working.eAquire_correct_block0_system_config	LockServer.Node.Working.eAquire_correct_block0_system_config	4986805042211733625	verified	not-requested	solver returned unsat; closed under the trust policy	472928208	collect=374167,pre-reconstruct=1520375,normalize=9954750,monomorphize=33458,instantiate=17750,translate=29641542,solve=431386166	
plean	crush-verify	1	Examples/LockServer.lean|LockServer.Node.Working.eAquire_correct_block0_system_config	LockServer.Node.Working.eAquire_correct_block0_system_config	10688673803728801511	verified	not-requested	solver returned unsat; closed under the trust policy	488799960	collect=580834,pre-reconstruct=1585042,normalize=9848542,monomorphize=34000,instantiate=16541,translate=30258167,solve=446476834	
plean	crush-verify	1	Examples/LockServer.lean|LockServer.Node.Working.eAquire_correct_block0_system_config	LockServer.Node.Working.eAquire_correct_block0_system_config	4514497018860643544	verified	not-requested	solver returned unsat; closed under the trust policy	503592168	collect=564250,pre-reconstruct=11515250,normalize=9701334,monomorphize=32792,instantiate=13750,translate=31124042,solve=450640750	
plean	crush-verify	1	Examples/LockServer.lean|LockServer.Node.Working.eAquire_correct_block0_system_config	LockServer.Node.Working.eAquire_correct_block0_system_config	4514497018860643544	verified	not-requested	solver returned unsat; closed under the trust policy	497572500	collect=749000,pre-reconstruct=6178000,normalize=10224500,monomorphize=34250,instantiate=17250,translate=31298792,solve=449070708	
plean	crush-verify	1	Examples/LockServer.lean|LockServer.Node.Working.eAquire_correct_block0_system_config	LockServer.Node.Working.eAquire_correct_block0_system_config	4514497018860643544	verified	not-requested	solver returned unsat; closed under the trust policy	497417667	collect=583417,pre-reconstruct=6569833,normalize=10404583,monomorphize=33708,instantiate=14375,translate=31264084,solve=448547667	
plean	crush-verify	1	Examples/LockServer.lean|LockServer.Node.Working.eAquire_correct_block0_system_config	LockServer.Node.Working.eAquire_correct_block0_system_config	4514497018860643544	verified	not-requested	solver returned unsat; closed under the trust policy	505969874	collect=666875,pre-reconstruct=7074125,normalize=11182458,monomorphize=46583,instantiate=17584,translate=32891333,solve=454090916	
plean	crush-verify	1	Examples/LockServer.lean|LockServer.Node.Working.eAquire_correct_block0_system_config	LockServer.Node.Working.eAquire_correct_block0_system_config	4514497018860643544	verified	not-requested	solver returned unsat; closed under the trust policy	501265792	collect=642042,pre-reconstruct=7011209,normalize=10830750,monomorphize=46625,instantiate=17250,translate=32355416,solve=450362500	
plean	crush-verify	1	Examples/LockServer.lean|LockServer.Node.Working.eAquire_correct_block0_system_config	LockServer.Node.Working.eAquire_correct_block0_system_config	4518981198314125566	verified	not-requested	solver returned unsat; closed under the trust policy	507487501	collect=563083,pre-reconstruct=3516834,normalize=10546958,monomorphize=43209,instantiate=22000,translate=31275709,solve=461519708	
plean	crush-verify	1	Examples/LockServer.lean|LockServer.Node.Working.eAquire_correct_block0_system_config	LockServer.Node.Working.eAquire_correct_block0_system_config	14179618030355035952	verified	not-requested	solver returned unsat; closed under the trust policy	482611710	collect=622084,pre-reconstruct=3012042,normalize=10216667,monomorphize=33084,instantiate=17125,translate=31260125,solve=437450583	
plean	crush-verify	1	Examples/LockServer.lean|LockServer.Node.Working.eAquire_correct_block0_system_config	LockServer.Node.Working.eAquire_correct_block0_system_config	8236911049903588693	unknown	not-attempted	solver exited without a verdict: cvc5 interrupted by timeout.	5458989374	collect=548416,pre-reconstruct=2842334,normalize=9855917,monomorphize=34541,instantiate=19666,translate=29127500,solve=5416561000	
plean	crush-verify	1	Examples/LockServer.lean|LockServer.Node.Working.eAquire_correct_block0_system_config	LockServer.Node.Working.eAquire_correct_block0_system_config	14686363261710415044	verified	not-requested	solver returned unsat; closed under the trust policy	477464251	collect=435042,pre-reconstruct=1941042,normalize=9064708,monomorphize=34958,instantiate=16042,translate=30502417,solve=435470042	
plean	crush-verify	1	Examples/LockServer.lean|LockServer.Node.Working.eAquire_correct_block0_system_config	LockServer.Node.Working.eAquire_correct_block0_system_config	327222602524042645	selected-fact	not-attempted	closed from a selected Lean fact	592750	collect=592750	
plean	crush-verify	1	Examples/LockServer.lean|LockServer.Node.Working.eAquire_correct_block0_system_config	LockServer.Node.Working.eAquire_correct_block0_system_config	513016926388149230	selected-fact	not-attempted	closed from a selected Lean fact	361791	collect=361791	
plean	crush-verify	1	Examples/LockServer.lean|LockServer.Node.Working.eAquire_correct_block0_system_config	LockServer.Node.Working.eAquire_correct_block0_system_config	12685331912900740223	selected-fact	not-attempted	closed from a selected Lean fact	328083	collect=328083	
plean	crush-verify	1	Examples/LockServer.lean|LockServer.Node.Working.eAquire_correct_block0_system_config	LockServer.Node.Working.eAquire_correct_block0_system_config	4986805042211733625	verified	not-requested	solver returned unsat; closed under the trust policy	473873165	collect=356541,pre-reconstruct=1496125,normalize=9590916,monomorphize=32583,instantiate=14750,translate=29986500,solve=432395750	
plean	crush-verify	1	Examples/LockServer.lean|LockServer.Node.Working.eAquire_correct_block0_system_config	LockServer.Node.Working.eAquire_correct_block0_system_config	10688673803728801511	verified	not-requested	solver returned unsat; closed under the trust policy	489588418	collect=622917,pre-reconstruct=1654875,normalize=11854958,monomorphize=41542,instantiate=14459,translate=32460750,solve=442938917	
plean	crush-verify	1	Examples/LockServer.lean|LockServer.Node.Working.eAquire_correct_block0_system_config	LockServer.Node.Working.eAquire_correct_block0_system_config	4514497018860643544	verified	not-requested	solver returned unsat; closed under the trust policy	510396250	collect=560208,pre-reconstruct=9517375,normalize=10736791,monomorphize=41834,instantiate=15250,translate=33349042,solve=456175750	
plean	crush-verify	1	Examples/LockServer.lean|LockServer.Node.Working.eAquire_correct_block0_system_config	LockServer.Node.Working.eAquire_correct_block0_system_config	4514497018860643544	verified	not-requested	solver returned unsat; closed under the trust policy	501648250	collect=698208,pre-reconstruct=6368625,normalize=10769541,monomorphize=49375,instantiate=19542,translate=34133584,solve=449609375	
plean	crush-verify	1	Examples/LockServer.lean|LockServer.Node.Working.eAquire_correct_block0_system_config	LockServer.Node.Working.eAquire_correct_block0_system_config	4514497018860643544	verified	not-requested	solver returned unsat; closed under the trust policy	503318042	collect=623708,pre-reconstruct=6568167,normalize=10379417,monomorphize=38542,instantiate=14042,translate=33071791,solve=452622375	
plean	crush-verify	1	Examples/LockServer.lean|LockServer.Node.Working.eAquire_correct_block0_system_config	LockServer.Node.Working.eAquire_correct_block0_system_config	4514497018860643544	verified	not-requested	solver returned unsat; closed under the trust policy	496307541	collect=563542,pre-reconstruct=6735166,normalize=11266208,monomorphize=42459,instantiate=18750,translate=32799875,solve=444881541	
plean	crush-verify	1	Examples/LockServer.lean|LockServer.Node.Working.eAquire_correct_block0_system_config	LockServer.Node.Working.eAquire_correct_block0_system_config	4514497018860643544	verified	not-requested	solver returned unsat; closed under the trust policy	517982749	collect=638292,pre-reconstruct=6758416,normalize=10511083,monomorphize=37750,instantiate=18542,translate=31074708,solve=468943958	
plean	crush-verify	1	Examples/LockServer.lean|LockServer.Node.Working.eAquire_correct_block0_system_config	LockServer.Node.Working.eAquire_correct_block0_system_config	4518981198314125566	verified	not-requested	solver returned unsat; closed under the trust policy	477022332	collect=554541,pre-reconstruct=3291875,normalize=10530791,monomorphize=31750,instantiate=15833,translate=30939625,solve=431657917	
plean	crush-verify	1	Examples/LockServer.lean|LockServer.Node.Working.eAquire_correct_block0_system_config	LockServer.Node.Working.eAquire_correct_block0_system_config	14179618030355035952	verified	not-requested	solver returned unsat; closed under the trust policy	479663791	collect=576833,pre-reconstruct=3479541,normalize=11176959,monomorphize=38750,instantiate=19792,translate=31302958,solve=433068958	
plean	crush-verify	1	Examples/LockServer.lean|LockServer.Node.Working.eAquire_correct_block0_system_config	LockServer.Node.Working.eAquire_correct_block0_system_config	8236911049903588693	unknown	not-attempted	solver exited without a verdict: cvc5 interrupted by timeout.	5460871960	collect=608875,pre-reconstruct=3112959,normalize=11511917,monomorphize=33834,instantiate=14042,translate=33357000,solve=5412233333	
plean	crush-verify	1	Examples/LockServer.lean|LockServer.Node.Working.eAquire_correct_block0_system_config	LockServer.Node.Working.eAquire_correct_block0_system_config	14686363261710415044	verified	not-requested	solver returned unsat; closed under the trust policy	472074250	collect=428875,pre-reconstruct=2067500,normalize=9493666,monomorphize=36042,instantiate=17042,translate=29600875,solve=430430250	
plean	crush-verify	1	Examples/LockServer.lean|LockServer.Node.Working.eAquire_correct_block0_system_config	LockServer.Node.Working.eAquire_correct_block0_system_config	327222602524042645	selected-fact	not-attempted	closed from a selected Lean fact	415583	collect=415583	
plean	crush-verify	1	Examples/LockServer.lean|LockServer.Node.Working.eAquire_correct_block0_system_config	LockServer.Node.Working.eAquire_correct_block0_system_config	513016926388149230	selected-fact	not-attempted	closed from a selected Lean fact	354417	collect=354417	
plean	crush-verify	1	Examples/LockServer.lean|LockServer.Node.Working.eAquire_correct_block0_system_config	LockServer.Node.Working.eAquire_correct_block0_system_config	12685331912900740223	selected-fact	not-attempted	closed from a selected Lean fact	370083	collect=370083	
plean	crush-verify	1	Examples/LockServer.lean|LockServer.Node.Working.eAquire_correct_block0_system_config	LockServer.Node.Working.eAquire_correct_block0_system_config	4986805042211733625	verified	not-requested	solver returned unsat; closed under the trust policy	472843418	collect=406625,pre-reconstruct=1316042,normalize=10166167,monomorphize=42667,instantiate=18375,translate=30110292,solve=430783250	
plean	crush-verify	1	Examples/LockServer.lean|LockServer.Node.Working.eAquire_correct_block0_system_config	LockServer.Node.Working.eAquire_correct_block0_system_config	10688673803728801511	verified	not-requested	solver returned unsat; closed under the trust policy	496160751	collect=460834,pre-reconstruct=1379458,normalize=9336750,monomorphize=41334,instantiate=16416,translate=32863042,solve=452062917	
plean	crush-verify	1	Examples/LockServer.lean|LockServer.Node.Working.eAquire_correct_block0_system_config	LockServer.Node.Working.eAquire_correct_block0_system_config	4514497018860643544	verified	not-requested	solver returned unsat; closed under the trust policy	496737542	collect=475417,pre-reconstruct=6736167,normalize=11531292,monomorphize=44042,instantiate=18583,translate=33998500,solve=443933541	
plean	crush-verify	1	Examples/LockServer.lean|LockServer.Node.Working.eAquire_correct_block0_system_config	LockServer.Node.Working.eAquire_correct_block0_system_config	4514497018860643544	verified	not-requested	solver returned unsat; closed under the trust policy	497185124	collect=487625,pre-reconstruct=5943833,normalize=9739375,monomorphize=45459,instantiate=15208,translate=33412708,solve=447540916	
plean	crush-verify	1	Examples/LockServer.lean|LockServer.Node.Working.eAquire_correct_block0_system_config	LockServer.Node.Working.eAquire_correct_block0_system_config	4514497018860643544	verified	not-requested	solver returned unsat; closed under the trust policy	484185375	collect=490292,pre-reconstruct=6359875,normalize=10219791,monomorphize=39542,instantiate=17750,translate=30837750,solve=436220375	
plean	crush-verify	1	Examples/LockServer.lean|LockServer.Node.Working.eAquire_correct_block0_system_config	LockServer.Node.Working.eAquire_correct_block0_system_config	4514497018860643544	verified	not-requested	solver returned unsat; closed under the trust policy	494702876	collect=469959,pre-reconstruct=5708417,normalize=10137042,monomorphize=37000,instantiate=14625,translate=31235083,solve=447100750	
plean	crush-verify	1	Examples/LockServer.lean|LockServer.Node.Working.eAquire_correct_block0_system_config	LockServer.Node.Working.eAquire_correct_block0_system_config	4514497018860643544	verified	not-requested	solver returned unsat; closed under the trust policy	490141875	collect=515208,pre-reconstruct=5963875,normalize=10155375,monomorphize=44333,instantiate=13833,translate=33392667,solve=440056584	
plean	crush-verify	1	Examples/LockServer.lean|LockServer.Node.Working.eAquire_correct_block0_system_config	LockServer.Node.Working.eAquire_correct_block0_system_config	1610633711058459474	unknown	not-attempted	solver exited without a verdict: cvc5 interrupted by timeout.	5459337042	collect=511083,pre-reconstruct=2321667,normalize=9682958,monomorphize=34042,instantiate=17750,translate=32039042,solve=5414730500	
plean	crush-verify	1	Examples/LockServer.lean|LockServer.Node.Working.eAquire_correct_block0_system_config	LockServer.Node.Working.eAquire_correct_block0_system_config	14686363261710415044	verified	not-requested	solver returned unsat; closed under the trust policy	478882044	collect=403209,pre-reconstruct=1907792,normalize=9831042,monomorphize=39292,instantiate=16209,translate=30064750,solve=436619750	
plean	crush-verify	1	Examples/LockServer.lean|LockServer.Node.Working.eAquire_correct_block0_system_config	LockServer.Node.Working.eAquire_correct_block0_system_config	327222602524042645	selected-fact	not-attempted	closed from a selected Lean fact	427459	collect=427459	
plean	crush-verify	1	Examples/LockServer.lean|LockServer.Node.Working.eAquire_correct_block0_system_config	LockServer.Node.Working.eAquire_correct_block0_system_config	513016926388149230	selected-fact	not-attempted	closed from a selected Lean fact	421375	collect=421375	
plean	crush-verify	1	Examples/LockServer.lean|LockServer.Node.Working.eAquire_correct_block0_system_config	LockServer.Node.Working.eAquire_correct_block0_system_config	12685331912900740223	selected-fact	not-attempted	closed from a selected Lean fact	433416	collect=433416	
plean	crush-verify	1	Examples/LockServer.lean|LockServer.Node.Working.eAquire_correct_block0_system_config	LockServer.Node.Working.eAquire_correct_block0_system_config	4986805042211733625	verified	not-requested	solver returned unsat; closed under the trust policy	473378208	collect=408375,pre-reconstruct=1328583,normalize=9116167,monomorphize=40625,instantiate=17708,translate=29629083,solve=432837667	
plean	crush-verify	1	Examples/LockServer.lean|LockServer.Node.Working.eAquire_correct_block0_system_config	LockServer.Node.Working.eAquire_correct_block0_system_config	10688673803728801511	verified	not-requested	solver returned unsat; closed under the trust policy	504349166	collect=480083,pre-reconstruct=1450042,normalize=9520416,monomorphize=43208,instantiate=16000,translate=29715834,solve=463123583	
plean	crush-verify	1	Examples/LockServer.lean|LockServer.Node.Working.eAquire_correct_block0_system_config	LockServer.Node.Working.eAquire_correct_block0_system_config	4514497018860643544	verified	not-requested	solver returned unsat; closed under the trust policy	497569792	collect=473792,pre-reconstruct=5713416,normalize=10349333,monomorphize=42292,instantiate=15417,translate=34059250,solve=446916292	
plean	crush-verify	1	Examples/LockServer.lean|LockServer.Node.Working.eAquire_correct_block0_system_config	LockServer.Node.Working.eAquire_correct_block0_system_config	4514497018860643544	verified	not-requested	solver returned unsat; closed under the trust policy	494138917	collect=443250,pre-reconstruct=5706458,normalize=9632583,monomorphize=34709,instantiate=14292,translate=30188708,solve=448118917	
plean	crush-verify	1	Examples/LockServer.lean|LockServer.Node.Working.eAquire_correct_block0_system_config	LockServer.Node.Working.eAquire_correct_block0_system_config	4514497018860643544	verified	not-requested	solver returned unsat; closed under the trust policy	508496791	collect=472917,pre-reconstruct=5910458,normalize=9638375,monomorphize=42083,instantiate=19958,translate=30490625,solve=461922375	
plean	crush-verify	1	Examples/LockServer.lean|LockServer.Node.Working.eAquire_correct_block0_system_config	LockServer.Node.Working.eAquire_correct_block0_system_config	4514497018860643544	verified	not-requested	solver returned unsat; closed under the trust policy	497611875	collect=490500,pre-reconstruct=5898042,normalize=9861250,monomorphize=35333,instantiate=14500,translate=30757375,solve=450554875	
plean	crush-verify	1	Examples/LockServer.lean|LockServer.Node.Working.eAquire_correct_block0_system_config	LockServer.Node.Working.eAquire_correct_block0_system_config	4514497018860643544	verified	not-requested	solver returned unsat; closed under the trust policy	487860916	collect=469875,pre-reconstruct=5768625,normalize=10233708,monomorphize=34292,instantiate=14458,translate=31491583,solve=439848375	
plean	crush-verify	1	Examples/LockServer.lean|LockServer.Node.Working.eAquire_correct_block0_system_config	LockServer.Node.Working.eAquire_correct_block0_system_config	1610633711058459474	unknown	not-attempted	solver exited without a verdict: cvc5 interrupted by timeout.	5468423292	collect=627667,pre-reconstruct=2785625,normalize=10735000,monomorphize=37875,instantiate=16375,translate=32950375,solve=5421270375	
plean	crush-verify	1	Examples/LockServer.lean|LockServer.Node.Working.eAquire_correct_block0_system_config	LockServer.Node.Working.eAquire_correct_block0_system_config	14686363261710415044	verified	not-requested	solver returned unsat; closed under the trust policy	512216168	collect=445500,pre-reconstruct=1875459,normalize=9743708,monomorphize=35459,instantiate=12542,translate=29470875,solve=470632625	
plean	crush-verify	1	Examples/LockServer.lean|LockServer.Node.Working.eAquire_correct_block0_system_config	LockServer.Node.Working.eAquire_correct_block0_system_config	327222602524042645	selected-fact	not-attempted	closed from a selected Lean fact	679875	collect=679875	
plean	crush-verify	1	Examples/LockServer.lean|LockServer.Node.Working.eAquire_correct_block0_system_config	LockServer.Node.Working.eAquire_correct_block0_system_config	513016926388149230	selected-fact	not-attempted	closed from a selected Lean fact	477625	collect=477625	
plean	crush-verify	1	Examples/LockServer.lean|LockServer.Node.Working.eAquire_correct_block0_system_config	LockServer.Node.Working.eAquire_correct_block0_system_config	12685331912900740223	selected-fact	not-attempted	closed from a selected Lean fact	455750	collect=455750	
plean	crush-verify	1	Examples/LockServer.lean|LockServer.Node.Working.eAquire_correct_block0_system_config	LockServer.Node.Working.eAquire_correct_block0_system_config	4986805042211733625	verified	not-requested	solver returned unsat; closed under the trust policy	471497125	collect=366625,pre-reconstruct=1527125,normalize=9825958,monomorphize=32292,instantiate=14750,translate=31990334,solve=427740041	
plean	crush-verify	1	Examples/LockServer.lean|LockServer.Node.Working.eAquire_correct_block0_system_config	LockServer.Node.Working.eAquire_correct_block0_system_config	10688673803728801511	verified	not-requested	solver returned unsat; closed under the trust policy	508743666	collect=579250,pre-reconstruct=1545583,normalize=9627250,monomorphize=33792,instantiate=14250,translate=29540791,solve=467402750	
plean	crush-verify	1	Examples/LockServer.lean|LockServer.Node.Working.eAquire_correct_block0_system_config	LockServer.Node.Working.eAquire_correct_block0_system_config	7145835395679027164	verified	not-requested	solver returned unsat; closed under the trust policy	498266207	collect=598500,pre-reconstruct=3220000,normalize=10163208,monomorphize=32333,instantiate=16458,translate=32528958,solve=451706750	
plean	crush-verify	1	Examples/LockServer.lean|LockServer.Node.Working.eAquire_correct_block0_system_config	LockServer.Node.Working.eAquire_correct_block0_system_config	7145835395679027164	verified	not-requested	solver returned unsat; closed under the trust policy	498339002	collect=589917,pre-reconstruct=3139167,normalize=10279917,monomorphize=32667,instantiate=14417,translate=31906208,solve=452376709	
plean	crush-verify	1	Examples/LockServer.lean|LockServer.Node.Working.eAquire_correct_block0_system_config	LockServer.Node.Working.eAquire_correct_block0_system_config	7145835395679027164	verified	not-requested	solver returned unsat; closed under the trust policy	517535749	collect=577583,pre-reconstruct=3148625,normalize=10046042,monomorphize=32833,instantiate=14208,translate=32585166,solve=471131292	
plean	crush-verify	1	Examples/LockServer.lean|LockServer.Node.Working.eAquire_correct_block0_system_config	LockServer.Node.Working.eAquire_correct_block0_system_config	7145835395679027164	unknown	not-attempted	solver exited without a verdict: cvc5 interrupted by timeout.	5471127085	collect=599209,pre-reconstruct=3304000,normalize=11249834,monomorphize=46125,instantiate=19792,translate=33185708,solve=5422722417	
plean	crush-verify	1	Examples/LockServer.lean|LockServer.Node.Working.eAquire_correct_block0_system_config	LockServer.Node.Working.eAquire_correct_block0_system_config	14686363261710415044	verified	not-requested	solver returned unsat; closed under the trust policy	489970417	collect=532541,pre-reconstruct=2088000,normalize=9773084,monomorphize=37375,instantiate=17625,translate=33384167,solve=444137625	
plean	crush-verify	1	Examples/LockServer.lean|LockServer.Node.Working.eAquire_correct_block0_system_config	LockServer.Node.Working.eAquire_correct_block0_system_config	327222602524042645	selected-fact	not-attempted	closed from a selected Lean fact	610375	collect=610375	
plean	crush-verify	1	Examples/LockServer.lean|LockServer.Node.Working.eAquire_correct_block0_system_config	LockServer.Node.Working.eAquire_correct_block0_system_config	513016926388149230	selected-fact	not-attempted	closed from a selected Lean fact	388208	collect=388208	
plean	crush-verify	1	Examples/LockServer.lean|LockServer.Node.Working.eAquire_correct_block0_system_config	LockServer.Node.Working.eAquire_correct_block0_system_config	12685331912900740223	selected-fact	not-attempted	closed from a selected Lean fact	470417	collect=470417	
plean	crush-verify	1	Examples/LockServer.lean|LockServer.Node.Working.eAquire_correct_block0_system_config	LockServer.Node.Working.eAquire_correct_block0_system_config	4986805042211733625	verified	not-requested	solver returned unsat; closed under the trust policy	475168125	collect=523167,pre-reconstruct=1740416,normalize=10653875,monomorphize=33833,instantiate=21584,translate=31450000,solve=430745250	
plean	crush-verify	1	Examples/LockServer.lean|LockServer.Node.Working.eAquire_correct_block0_system_config	LockServer.Node.Working.eAquire_correct_block0_system_config	10688673803728801511	verified	not-requested	solver returned unsat; closed under the trust policy	499710042	collect=746375,pre-reconstruct=1692292,normalize=10920000,monomorphize=38875,instantiate=15417,translate=32949791,solve=453347292	
plean	crush-verify	1	Examples/LockServer.lean|LockServer.Node.Working.eAquire_correct_block0_system_config	LockServer.Node.Working.eAquire_correct_block0_system_config	7145835395679027164	verified	not-requested	solver returned unsat; closed under the trust policy	493413249	collect=577291,pre-reconstruct=3398042,normalize=10618666,monomorphize=34708,instantiate=14250,translate=34079125,solve=444691167	
plean	crush-verify	1	Examples/LockServer.lean|LockServer.Node.Working.eAquire_correct_block0_system_config	LockServer.Node.Working.eAquire_correct_block0_system_config	7145835395679027164	verified	not-requested	solver returned unsat; closed under the trust policy	493656249	collect=553583,pre-reconstruct=3166875,normalize=12326250,monomorphize=38458,instantiate=16875,translate=35204458,solve=442349750	
plean	crush-verify	1	Examples/LockServer.lean|LockServer.Node.Working.eAquire_correct_block0_system_config	LockServer.Node.Working.eAquire_correct_block0_system_config	7145835395679027164	verified	not-requested	solver returned unsat; closed under the trust policy	499517458	collect=559208,pre-reconstruct=3214125,normalize=11017167,monomorphize=36542,instantiate=14083,translate=36221083,solve=448455250	
plean	crush-verify	1	Examples/LockServer.lean|LockServer.Node.Working.eAquire_correct_block0_system_config	LockServer.Node.Working.eAquire_correct_block0_system_config	7145835395679027164	unknown	not-attempted	solver exited without a verdict: cvc5 interrupted by timeout.	5486982251	collect=596875,pre-reconstruct=3676167,normalize=11239167,monomorphize=35333,instantiate=13917,translate=35768667,solve=5435652125	
plean	crush-verify	1	Examples/LockServer.lean|LockServer.Node.Working.eAquire_correct_block0_system_config	LockServer.Node.Working.eAquire_correct_block0_system_config	14686363261710415044	verified	not-requested	solver returned unsat; closed under the trust policy	474787459	collect=471417,pre-reconstruct=2400791,normalize=9778542,monomorphize=38417,instantiate=15250,translate=29969958,solve=432113084	
plean	crush-verify	1	Examples/LockServer.lean|LockServer.Node.Working.eAquire_correct_block0_system_config	LockServer.Node.Working.eAquire_correct_block0_system_config	327222602524042645	selected-fact	not-attempted	closed from a selected Lean fact	449334	collect=449334	
plean	crush-verify	1	Examples/LockServer.lean|LockServer.Node.Working.eAquire_correct_block0_system_config	LockServer.Node.Working.eAquire_correct_block0_system_config	513016926388149230	selected-fact	not-attempted	closed from a selected Lean fact	418750	collect=418750	
plean	crush-verify	1	Examples/LockServer.lean|LockServer.Node.Working.eAquire_correct_block0_system_config	LockServer.Node.Working.eAquire_correct_block0_system_config	12685331912900740223	selected-fact	not-attempted	closed from a selected Lean fact	378041	collect=378041	
plean	crush-verify	1	Examples/LockServer.lean|LockServer.Node.Working.eAquire_correct_block0_system_config	LockServer.Node.Working.eAquire_correct_block0_system_config	4986805042211733625	verified	not-requested	solver returned unsat; closed under the trust policy	472355917	collect=424708,pre-reconstruct=1357916,normalize=10666625,monomorphize=36167,instantiate=15709,translate=31146417,solve=428708375	
plean	crush-verify	1	Examples/LockServer.lean|LockServer.Node.Working.eAquire_correct_block0_system_config	LockServer.Node.Working.eAquire_correct_block0_system_config	10688673803728801511	verified	not-requested	solver returned unsat; closed under the trust policy	496742083	collect=449500,pre-reconstruct=1425375,normalize=9974833,monomorphize=42208,instantiate=17875,translate=32920125,solve=451912167	
plean	crush-verify	1	Examples/LockServer.lean|LockServer.Node.Working.eAquire_correct_block0_system_config	LockServer.Node.Working.eAquire_correct_block0_system_config	7145835395679027164	verified	not-requested	solver returned unsat; closed under the trust policy	497071625	collect=477334,pre-reconstruct=2867542,normalize=9610667,monomorphize=34500,instantiate=16041,translate=31454541,solve=452611000	
plean	crush-verify	1	Examples/LockServer.lean|LockServer.Node.Working.eAquire_correct_block0_system_config	LockServer.Node.Working.eAquire_correct_block0_system_config	7145835395679027164	verified	not-requested	solver returned unsat; closed under the trust policy	500007376	collect=511792,pre-reconstruct=3229167,normalize=10406708,monomorphize=34875,instantiate=15875,translate=32153750,solve=453655209	
plean	crush-verify	1	Examples/LockServer.lean|LockServer.Node.Working.eAquire_correct_block0_system_config	LockServer.Node.Working.eAquire_correct_block0_system_config	7145835395679027164	verified	not-requested	solver returned unsat; closed under the trust policy	488537041	collect=471500,pre-reconstruct=2842833,normalize=10086125,monomorphize=35042,instantiate=13583,translate=32600750,solve=442487208	
plean	crush-verify	1	Examples/LockServer.lean|LockServer.Node.Working.eAquire_correct_block0_system_config	LockServer.Node.Working.eAquire_correct_block0_system_config	7145835395679027164	unknown	not-attempted	solver exited without a verdict: cvc5 interrupted by timeout.	5470055833	collect=481041,pre-reconstruct=3207250,normalize=9532167,monomorphize=32584,instantiate=13583,translate=31768166,solve=5425021042	
plean	crush-verify	1	Examples/LockServer.lean|LockServer.Node.Working.eAquire_correct_block0_system_config	LockServer.Node.Working.eAquire_correct_block0_system_config	14686363261710415044	verified	not-requested	solver returned unsat; closed under the trust policy	484041625	collect=427500,pre-reconstruct=2090750,normalize=10154500,monomorphize=42750,instantiate=16917,translate=32502583,solve=438806625	
plean	crush-verify	1	Examples/LockServer.lean|LockServer.Node.Working.eAquire_correct_block0_system_config	LockServer.Node.Working.eAquire_correct_block0_system_config	327222602524042645	selected-fact	not-attempted	closed from a selected Lean fact	459083	collect=459083	
plean	crush-verify	1	Examples/LockServer.lean|LockServer.Node.Working.eAquire_correct_block0_system_config	LockServer.Node.Working.eAquire_correct_block0_system_config	513016926388149230	selected-fact	not-attempted	closed from a selected Lean fact	382125	collect=382125	
plean	crush-verify	1	Examples/LockServer.lean|LockServer.Node.Working.eAquire_correct_block0_system_config	LockServer.Node.Working.eAquire_correct_block0_system_config	12685331912900740223	selected-fact	not-attempted	closed from a selected Lean fact	380917	collect=380917	
plean	crush-verify	1	Examples/LockServer.lean|LockServer.Node.Working.eAquire_correct_block0_system_config	LockServer.Node.Working.eAquire_correct_block0_system_config	4986805042211733625	verified	not-requested	solver returned unsat; closed under the trust policy	476849792	collect=417958,pre-reconstruct=1565542,normalize=9340250,monomorphize=33209,instantiate=16333,translate=29194750,solve=436281750	
plean	crush-verify	1	Examples/LockServer.lean|LockServer.Node.Working.eAquire_correct_block0_system_config	LockServer.Node.Working.eAquire_correct_block0_system_config	10688673803728801511	verified	not-requested	solver returned unsat; closed under the trust policy	527171292	collect=433625,pre-reconstruct=1353667,normalize=45076250,monomorphize=50083,instantiate=17750,translate=33463750,solve=446776167	
plean	crush-verify	1	Examples/LockServer.lean|LockServer.Node.Working.eAquire_correct_block0_system_config	LockServer.Node.Working.eAquire_correct_block0_system_config	7145835395679027164	verified	not-requested	solver returned unsat; closed under the trust policy	482923040	collect=511666,pre-reconstruct=2893958,normalize=9597750,monomorphize=32958,instantiate=15708,translate=32173917,solve=437697083	
plean	crush-verify	1	Examples/LockServer.lean|LockServer.Node.Working.eAquire_correct_block0_system_config	LockServer.Node.Working.eAquire_correct_block0_system_config	7145835395679027164	verified	not-requested	solver returned unsat; closed under the trust policy	480569752	collect=462209,pre-reconstruct=2861084,normalize=9979334,monomorphize=36666,instantiate=16167,translate=32562250,solve=434652042	
plean	crush-verify	1	Examples/LockServer.lean|LockServer.Node.Working.eAquire_correct_block0_system_config	LockServer.Node.Working.eAquire_correct_block0_system_config	7145835395679027164	verified	not-requested	solver returned unsat; closed under the trust policy	493136124	collect=481250,pre-reconstruct=2843583,normalize=9326875,monomorphize=34791,instantiate=13375,translate=33129834,solve=447306416	
plean	crush-verify	1	Examples/LockServer.lean|LockServer.Node.Working.eAquire_correct_block0_system_config	LockServer.Node.Working.eAquire_correct_block0_system_config	7145835395679027164	unknown	not-attempted	solver exited without a verdict: cvc5 interrupted by timeout.	5459676542	collect=461125,pre-reconstruct=2883917,normalize=10063833,monomorphize=32958,instantiate=20209,translate=33959083,solve=5412255417	
plean	crush-verify	1	Examples/LockServer.lean|LockServer.Node.Working.eRelease_correct_block0_system_config	LockServer.Node.Working.eRelease_correct_block0_system_config	4771238628247517874	unknown	not-attempted	solver exited without a verdict: cvc5 interrupted by timeout.	5674658751	collect=772167,pre-reconstruct=119715584,normalize=27338833,monomorphize=46792,instantiate=19542,translate=111647583,solve=5415118250	
plean	crush-verify	1	Examples/LockServer.lean|LockServer.Node.Working.eRelease_correct_block0_system_config	LockServer.Node.Working.eRelease_correct_block0_system_config	4771238628247517874	unknown	not-attempted	solver exited without a verdict: cvc5 interrupted by timeout.	5689889043	collect=797083,pre-reconstruct=120589500,normalize=28767375,monomorphize=37209,instantiate=23375,translate=114523542,solve=5425150959	
plean	crush-verify	1	Examples/LockServer.lean|LockServer.Node.Working.eRelease_correct_block0_system_config	LockServer.Node.Working.eRelease_correct_block0_system_config	3859708290587325303	verified	not-requested	solver returned unsat; closed under the trust policy	482461959	collect=427500,pre-reconstruct=5248583,normalize=1212917,monomorphize=36417,instantiate=15917,translate=34243292,solve=441277333	
plean	crush-verify	1	Examples/LockServer.lean|LockServer.Node.Working.eRelease_correct_block0_system_config	LockServer.Node.Working.eRelease_correct_block0_system_config	4986805042211733625	verified	not-requested	solver returned unsat; closed under the trust policy	467015209	collect=803417,pre-reconstruct=1751917,normalize=892500,monomorphize=34209,instantiate=18666,translate=32799125,solve=430715375	
plean	crush-verify	1	Examples/LockServer.lean|LockServer.Node.Working.eRelease_correct_block0_system_config	LockServer.Node.Working.eRelease_correct_block0_system_config	10688673803728801511	verified	not-requested	solver returned unsat; closed under the trust policy	490048373	collect=782250,pre-reconstruct=1733000,normalize=1072166,monomorphize=31416,instantiate=14625,translate=35442333,solve=450972583	
plean	crush-verify	1	Examples/LockServer.lean|LockServer.Node.Working.eRelease_correct_block0_system_config	LockServer.Node.Working.eRelease_correct_block0_system_config	15978112400485849043	verified	not-requested	solver returned unsat; closed under the trust policy	489811458	collect=769416,pre-reconstruct=1726250,normalize=909292,monomorphize=30916,instantiate=14958,translate=33772084,solve=452588542	
plean	crush-verify	1	Examples/LockServer.lean|LockServer.Node.Working.eRelease_correct_block0_system_config	LockServer.Node.Working.eRelease_correct_block0_system_config	15978112400485849043	verified	not-requested	solver returned unsat; closed under the trust policy	481189833	collect=722917,pre-reconstruct=1657125,normalize=877792,monomorphize=29791,instantiate=14125,translate=34865833,solve=443022250	
plean	crush-verify	1	Examples/LockServer.lean|LockServer.Node.Working.eRelease_correct_block0_system_config	LockServer.Node.Working.eRelease_correct_block0_system_config	15978112400485849043	verified	not-requested	solver returned unsat; closed under the trust policy	480683916	collect=803041,pre-reconstruct=1718958,normalize=884958,monomorphize=32000,instantiate=16667,translate=33907500,solve=443320792	
plean	crush-verify	1	Examples/LockServer.lean|LockServer.Node.Working.eRelease_correct_block0_system_config	LockServer.Node.Working.eRelease_correct_block0_system_config	15978112400485849043	verified	not-requested	solver returned unsat; closed under the trust policy	488738916	collect=710750,pre-reconstruct=1634125,normalize=871833,monomorphize=28750,instantiate=13959,translate=33565958,solve=451913541	
plean	crush-verify	1	Examples/LockServer.lean|LockServer.Node.Working.eRelease_correct_block0_system_config	LockServer.Node.Working.eRelease_correct_block0_system_config	15978112400485849043	unknown	not-attempted	solver exited without a verdict: cvc5 interrupted by timeout.	5455484499	collect=750083,pre-reconstruct=1810833,normalize=907000,monomorphize=29083,instantiate=14625,translate=34200417,solve=5417772458	
plean	crush-verify	1	Examples/LockServer.lean|LockServer.Node.Working.eRelease_correct_block0_system_config	LockServer.Node.Working.eRelease_correct_block0_system_config	9449450896466898005	verified	not-requested	solver returned unsat; closed under the trust policy	488265501	collect=535625,pre-reconstruct=5070875,normalize=11642334,monomorphize=35042,instantiate=18375,translate=36630917,solve=434332333	
plean	crush-verify	1	Examples/LockServer.lean|LockServer.Node.Working.eRelease_correct_block0_system_config	LockServer.Node.Working.eRelease_correct_block0_system_config	15933597646116326340	verified	not-requested	solver returned unsat; closed under the trust policy	489367208	collect=642291,pre-reconstruct=17266334,normalize=11167292,monomorphize=38042,instantiate=20583,translate=32158416,solve=428074250	
plean	crush-verify	1	Examples/LockServer.lean|LockServer.Node.Working.eRelease_correct_block0_system_config	LockServer.Node.Working.eRelease_correct_block0_system_config	13653452712972439819	verified	not-requested	solver returned unsat; closed under the trust policy	489854417	collect=622084,pre-reconstruct=4782625,normalize=11500792,monomorphize=39250,instantiate=21083,translate=33234250,solve=439654333	
plean	crush-verify	1	Examples/LockServer.lean|LockServer.Node.Working.eRelease_correct_block0_system_config	LockServer.Node.Working.eRelease_correct_block0_system_config	10198470693717768411	verified	not-requested	solver returned unsat; closed under the trust policy	479568291	collect=597292,pre-reconstruct=4805875,normalize=10782083,monomorphize=29500,instantiate=18708,translate=31464208,solve=431870625	
plean	crush-verify	1	Examples/LockServer.lean|LockServer.Node.Working.eRelease_correct_block0_system_config	LockServer.Node.Working.eRelease_correct_block0_system_config	4986805042211733625	verified	not-requested	solver returned unsat; closed under the trust policy	504074125	collect=605083,pre-reconstruct=1741500,normalize=11493833,monomorphize=32458,instantiate=14167,translate=35290750,solve=454896334	
plean	crush-verify	1	Examples/LockServer.lean|LockServer.Node.Working.eRelease_correct_block0_system_config	LockServer.Node.Working.eRelease_correct_block0_system_config	10688673803728801511	verified	not-requested	solver returned unsat; closed under the trust policy	517464542	collect=678167,pre-reconstruct=1880083,normalize=12994708,monomorphize=33209,instantiate=13875,translate=39544917,solve=462319583	
plean	crush-verify	1	Examples/LockServer.lean|LockServer.Node.Working.eRelease_correct_block0_system_config	LockServer.Node.Working.eRelease_correct_block0_system_config	9218810190354359957	verified	not-requested	solver returned unsat; closed under the trust policy	510029501	collect=671875,pre-reconstruct=3329708,normalize=13240709,monomorphize=35292,instantiate=14500,translate=39435542,solve=453301875	
plean	crush-verify	1	Examples/LockServer.lean|LockServer.Node.Working.eRelease_correct_block0_system_config	LockServer.Node.Working.eRelease_correct_block0_system_config	9218810190354359957	verified	not-requested	solver returned unsat; closed under the trust policy	501352376	collect=677708,pre-reconstruct=3334042,normalize=13038334,monomorphize=34333,instantiate=13625,translate=37158917,solve=447095417	
plean	crush-verify	1	Examples/LockServer.lean|LockServer.Node.Working.eRelease_correct_block0_system_config	LockServer.Node.Working.eRelease_correct_block0_system_config	9218810190354359957	verified	not-requested	solver returned unsat; closed under the trust policy	507944791	collect=657291,pre-reconstruct=3400750,normalize=12480000,monomorphize=33667,instantiate=14625,translate=39045375,solve=452313083	
plean	crush-verify	1	Examples/LockServer.lean|LockServer.Node.Working.eRelease_correct_block0_system_config	LockServer.Node.Working.eRelease_correct_block0_system_config	9218810190354359957	verified	not-requested	solver returned unsat; closed under the trust policy	533724958	collect=631167,pre-reconstruct=3428667,normalize=12410250,monomorphize=32333,instantiate=14042,translate=37760958,solve=479447541	
plean	crush-verify	1	Examples/LockServer.lean|LockServer.Node.Working.eRelease_correct_block0_system_config	LockServer.Node.Working.eRelease_correct_block0_system_config	9218810190354359957	unknown	not-attempted	solver exited without a verdict: cvc5 interrupted by timeout.	5483912043	collect=701667,pre-reconstruct=3445208,normalize=12931250,monomorphize=36042,instantiate=14042,translate=38576584,solve=5428207250	
plean	crush-verify	1	Examples/LockServer.lean|LockServer.Node.Working.eGrant_correct_block0_system_config	LockServer.Node.Working.eGrant_correct_block0_system_config	10469584737019126809	verified	not-requested	solver returned unsat; closed under the trust policy	531246249	collect=520333,pre-reconstruct=5436584,normalize=12664958,monomorphize=49209,instantiate=21041,translate=37724041,solve=474830083	
plean	crush-verify	1	Examples/LockServer.lean|LockServer.Node.Working.eGrant_correct_block0_system_config	LockServer.Node.Working.eGrant_correct_block0_system_config	988427700800287548	verified	not-requested	solver returned unsat; closed under the trust policy	502956082	collect=675208,pre-reconstruct=14311333,normalize=10911166,monomorphize=32666,instantiate=17042,translate=30634708,solve=446373959	
plean	crush-verify	1	Examples/LockServer.lean|LockServer.Node.Working.eGrant_correct_block0_system_config	LockServer.Node.Working.eGrant_correct_block0_system_config	15131463664581960719	verified	not-requested	solver returned unsat; closed under the trust policy	486431250	collect=523250,pre-reconstruct=4856292,normalize=10648375,monomorphize=31500,instantiate=19042,translate=31147791,solve=439205000	
plean	crush-verify	1	Examples/LockServer.lean|LockServer.Node.Working.eGrant_correct_block0_system_config	LockServer.Node.Working.eGrant_correct_block0_system_config	8906875677205015087	verified	not-requested	solver returned unsat; closed under the trust policy	485581708	collect=623000,pre-reconstruct=4537583,normalize=10779209,monomorphize=30167,instantiate=17625,translate=31070833,solve=438523291	
plean	crush-verify	1	Examples/LockServer.lean|LockServer.Node.Working.eGrant_correct_block0_system_config	LockServer.Node.Working.eGrant_correct_block0_system_config	4986805042211733625	verified	not-requested	solver returned unsat; closed under the trust policy	492286500	collect=638125,pre-reconstruct=2342708,normalize=11692084,monomorphize=32333,instantiate=15125,translate=36757083,solve=440809042	
plean	crush-verify	1	Examples/LockServer.lean|LockServer.Node.Working.eGrant_correct_block0_system_config	LockServer.Node.Working.eGrant_correct_block0_system_config	10688673803728801511	verified	not-requested	solver returned unsat; closed under the trust policy	527554416	collect=651209,pre-reconstruct=2198250,normalize=13286458,monomorphize=35250,instantiate=17875,translate=39552541,solve=471812833	
plean	crush-verify	1	Examples/LockServer.lean|LockServer.Node.Working.eGrant_correct_block0_system_config	LockServer.Node.Working.eGrant_correct_block0_system_config	4514497018860643544	verified	not-requested	solver returned unsat; closed under the trust policy	513820293	collect=730334,pre-reconstruct=7306292,normalize=11880917,monomorphize=38709,instantiate=18167,translate=36680041,solve=457165833	
plean	crush-verify	1	Examples/LockServer.lean|LockServer.Node.Working.eGrant_correct_block0_system_config	LockServer.Node.Working.eGrant_correct_block0_system_config	4514497018860643544	verified	not-requested	solver returned unsat; closed under the trust policy	549191501	collect=674542,pre-reconstruct=7626041,normalize=12178667,monomorphize=40334,instantiate=21917,translate=36971292,solve=491678708	
plean	crush-verify	1	Examples/LockServer.lean|LockServer.Node.Working.eGrant_correct_block0_system_config	LockServer.Node.Working.eGrant_correct_block0_system_config	4514497018860643544	verified	not-requested	solver returned unsat; closed under the trust policy	517522415	collect=645833,pre-reconstruct=10087083,normalize=12900125,monomorphize=34958,instantiate=15500,translate=40862083,solve=452976833	
plean	crush-verify	1	Examples/LockServer.lean|LockServer.Node.Working.eGrant_correct_block0_system_config	LockServer.Node.Working.eGrant_correct_block0_system_config	4514497018860643544	verified	not-requested	solver returned unsat; closed under the trust policy	560437960	collect=652209,pre-reconstruct=7797583,normalize=13954834,monomorphize=39917,instantiate=19417,translate=42511000,solve=495463000	
plean	crush-verify	1	Examples/LockServer.lean|LockServer.Node.Working.eGrant_correct_block0_system_config	LockServer.Node.Working.eGrant_correct_block0_system_config	4514497018860643544	verified	not-requested	solver returned unsat; closed under the trust policy	527755832	collect=997291,pre-reconstruct=8435375,normalize=12739542,monomorphize=36458,instantiate=19250,translate=36536291,solve=468991625	
plean	crush-verify	1	Examples/LockServer.lean|LockServer.Node.Working.eGrant_correct_block0_system_config	LockServer.Node.Working.eGrant_correct_block0_system_config	13789245467655844699	verified	not-requested	solver returned unsat; closed under the trust policy	514301333	collect=573166,pre-reconstruct=8303375,normalize=11262875,monomorphize=31917,instantiate=19667,translate=37814208,solve=456296125	
plean	crush-verify	1	Examples/LockServer.lean|LockServer.Node.Working.eGrant_correct_block0_system_config	LockServer.Node.Working.eGrant_correct_block0_system_config	12119882637271472877	verified	not-requested	solver returned unsat; closed under the trust policy	514988501	collect=575958,pre-reconstruct=8853375,normalize=12626167,monomorphize=32959,instantiate=21250,translate=36918917,solve=455959875	
plean	crush-verify	1	Examples/LockServer.lean|LockServer.base_block1_unique_lock_holder	LockServer.base_block1_unique_lock_holder	16773836904586594644	verified	not-requested	solver returned unsat; closed under the trust policy	447652125	collect=235875,pre-reconstruct=362250,normalize=2787625,monomorphize=17584,instantiate=20916,translate=13011084,solve=431216791	
plean	crush-verify	1	Examples/LockServer.lean|LockServer.base_block1_unique_grant	LockServer.base_block1_unique_grant	10849681932946429018	verified	not-requested	solver returned unsat; closed under the trust policy	435583792	collect=234834,pre-reconstruct=729000,normalize=2294875,monomorphize=19250,instantiate=22875,translate=12690375,solve=419592583	
plean	crush-verify	1	Examples/LockServer.lean|LockServer.base_block1_unique_unlock	LockServer.base_block1_unique_unlock	10849681932946429018	verified	not-requested	solver returned unsat; closed under the trust policy	443340500	collect=217708,pre-reconstruct=625500,normalize=2492333,monomorphize=17667,instantiate=19667,translate=13124250,solve=426843375	
plean	crush-verify	1	Examples/LockServer.lean|LockServer.base_block1_grant_server_unlocked	LockServer.base_block1_grant_server_unlocked	8816480584991979279	verified	not-requested	solver returned unsat; closed under the trust policy	438731542	collect=221292,pre-reconstruct=881125,normalize=2777125,monomorphize=17750,instantiate=22667,translate=12970458,solve=421841125	
plean	crush-verify	1	Examples/LockServer.lean|LockServer.base_block1_no_lock_while_grant	LockServer.base_block1_no_lock_while_grant	2858811034250566954	verified	not-requested	solver returned unsat; closed under the trust policy	444800209	collect=226709,pre-reconstruct=970083,normalize=3043667,monomorphize=17833,instantiate=32458,translate=13838292,solve=426671167	
plean	crush-verify	1	Examples/LockServer.lean|LockServer.base_block1_no_lock_while_unlock	LockServer.base_block1_no_lock_while_unlock	2858811034250566954	verified	not-requested	solver returned unsat; closed under the trust policy	438011625	collect=249667,pre-reconstruct=928916,normalize=3001125,monomorphize=17250,instantiate=25750,translate=14068375,solve=419720542	
plean	crush-verify	1	Examples/LockServer.lean|LockServer.base_block1_no_lock_while_unlock	LockServer.base_block1_no_lock_while_unlock	8816480584991979279	verified	not-requested	solver returned unsat; closed under the trust policy	445254542	collect=347000,pre-reconstruct=1413625,normalize=3147250,monomorphize=10958,instantiate=15792,translate=13365875,solve=426954042	
plean	crush-verify	1	Examples/LockServer.lean|LockServer.base_block1_grant_not_unlock	LockServer.base_block1_grant_not_unlock	5020557892783833700	verified	not-requested	solver returned unsat; closed under the trust policy	437486041	collect=211834,pre-reconstruct=837500,normalize=2643083,monomorphize=14708,instantiate=30500,translate=13509833,solve=420238583	
plean	crush-verify	1	Examples/LockServer.lean|LockServer.base_block1_node_server_mutex	LockServer.base_block1_node_server_mutex	15721615376094418957	verified	not-requested	solver returned unsat; closed under the trust policy	449674959	collect=213500,pre-reconstruct=1665375,normalize=2762375,monomorphize=16125,instantiate=24125,translate=13006375,solve=431987084	
plean	crush-verify	1	Examples/LockServer.lean|LockServer.Server.Serving.eLock_correct_block1_safety_using_system_config	LockServer.Server.Serving.eLock_correct_block1_safety_using_system_config	5638558002877018789	verified	not-requested	solver returned unsat; closed under the trust policy	1105672042	collect=833833,pre-reconstruct=162826042,normalize=32404750,monomorphize=57833,instantiate=32667,translate=128618125,solve=780898792	
plean	crush-verify	1	Examples/LockServer.lean|LockServer.Server.Serving.eLock_correct_block1_safety_using_system_config	LockServer.Server.Serving.eLock_correct_block1_safety_using_system_config	14403342944072032826	verified	not-requested	solver returned unsat; closed under the trust policy	627836123	collect=929708,pre-reconstruct=16528333,normalize=24415875,monomorphize=41000,instantiate=18000,translate=72769291,solve=513133916	
plean	crush-verify	1	Examples/LockServer.lean|LockServer.Server.Serving.eUnlock_correct_block1_safety_using_system_config	LockServer.Server.Serving.eUnlock_correct_block1_safety_using_system_config	16773836904586594644	verified	not-requested	solver returned unsat; closed under the trust policy	563739250	collect=685250,pre-reconstruct=2419750,normalize=19400292,monomorphize=57875,instantiate=28708,translate=67391458,solve=473755917	
plean	crush-verify	1	Examples/LockServer.lean|LockServer.Server.Serving.eUnlock_correct_block1_safety_using_system_config	LockServer.Server.Serving.eUnlock_correct_block1_safety_using_system_config	10849681932946429018	verified	not-requested	solver returned unsat; closed under the trust policy	558228042	collect=871917,pre-reconstruct=12262125,normalize=16702083,monomorphize=39292,instantiate=15125,translate=50713042,solve=477624458	
plean	crush-verify	1	Examples/LockServer.lean|LockServer.Server.Serving.eUnlock_correct_block1_safety_using_system_config	LockServer.Server.Serving.eUnlock_correct_block1_safety_using_system_config	10849681932946429018	verified	not-requested	solver returned unsat; closed under the trust policy	539394376	collect=728208,pre-reconstruct=2745500,normalize=19222417,monomorphize=49167,instantiate=15209,translate=52600500,solve=464033375	
plean	crush-verify	1	Examples/LockServer.lean|LockServer.Server.Serving.eUnlock_correct_block1_safety_using_system_config	LockServer.Server.Serving.eUnlock_correct_block1_safety_using_system_config	17077501841322660645	verified	not-requested	solver returned unsat; closed under the trust policy	548697415	collect=764708,pre-reconstruct=7741208,normalize=20409666,monomorphize=40667,instantiate=15500,translate=61522708,solve=458202958	
plean	crush-verify	1	Examples/LockServer.lean|LockServer.Server.Serving.eUnlock_correct_block1_safety_using_system_config	LockServer.Server.Serving.eUnlock_correct_block1_safety_using_system_config	9042827449886563080	verified	not-requested	solver returned unsat; closed under the trust policy	556438208	collect=734750,pre-reconstruct=7007125,normalize=19126833,monomorphize=45875,instantiate=18166,translate=55969792,solve=473535667	
plean	crush-verify	1	Examples/LockServer.lean|LockServer.Server.Serving.eUnlock_correct_block1_safety_using_system_config	LockServer.Server.Serving.eUnlock_correct_block1_safety_using_system_config	2077501239970092901	verified	not-requested	solver returned unsat; closed under the trust policy	562784665	collect=780041,pre-reconstruct=8308958,normalize=21301708,monomorphize=47000,instantiate=15375,translate=68390500,solve=463941083	
plean	crush-verify	1	Examples/LockServer.lean|LockServer.Server.Serving.eUnlock_correct_block1_safety_using_system_config	LockServer.Server.Serving.eUnlock_correct_block1_safety_using_system_config	8057504668116980717	verified	not-requested	solver returned unsat; closed under the trust policy	528438667	collect=729125,pre-reconstruct=7052208,normalize=17229625,monomorphize=39625,instantiate=16375,translate=50875959,solve=452495750	
plean	crush-verify	1	Examples/LockServer.lean|LockServer.Server.Serving.eUnlock_correct_block1_safety_using_system_config	LockServer.Server.Serving.eUnlock_correct_block1_safety_using_system_config	6728360673115201136	verified	not-requested	solver returned unsat; closed under the trust policy	594392667	collect=777834,pre-reconstruct=9381583,normalize=20644458,monomorphize=40458,instantiate=18042,translate=63955917,solve=499574375	
plean	crush-verify	1	Examples/LockServer.lean|LockServer.Node.Working.eAquire_correct_block1_safety_using_system_config	LockServer.Node.Working.eAquire_correct_block1_safety_using_system_config	16773836904586594644	verified	not-requested	solver returned unsat; closed under the trust policy	523085709	collect=651667,pre-reconstruct=2237250,normalize=15524708,monomorphize=47875,instantiate=30917,translate=49534917,solve=455058375	
plean	crush-verify	1	Examples/LockServer.lean|LockServer.Node.Working.eAquire_correct_block1_safety_using_system_config	LockServer.Node.Working.eAquire_correct_block1_safety_using_system_config	10849681932946429018	verified	not-requested	solver returned unsat; closed under the trust policy	537886542	collect=950792,pre-reconstruct=10266042,normalize=17373250,monomorphize=41959,instantiate=16125,translate=54545166,solve=454693208	
plean	crush-verify	1	Examples/LockServer.lean|LockServer.Node.Working.eAquire_correct_block1_safety_using_system_config	LockServer.Node.Working.eAquire_correct_block1_safety_using_system_config	10849681932946429018	verified	not-requested	solver returned unsat; closed under the trust policy	535025834	collect=837792,pre-reconstruct=3169583,normalize=19392084,monomorphize=47083,instantiate=15417,translate=53938333,solve=457625542	
plean	crush-verify	1	Examples/LockServer.lean|LockServer.Node.Working.eAquire_correct_block1_safety_using_system_config	LockServer.Node.Working.eAquire_correct_block1_safety_using_system_config	8816480584991979279	verified	not-requested	solver returned unsat; closed under the trust policy	547879376	collect=880209,pre-reconstruct=4050792,normalize=18843208,monomorphize=49958,instantiate=17417,translate=58285000,solve=465752792	
plean	crush-verify	1	Examples/LockServer.lean|LockServer.Node.Working.eAquire_correct_block1_safety_using_system_config	LockServer.Node.Working.eAquire_correct_block1_safety_using_system_config	2858811034250566954	verified	not-requested	solver returned unsat; closed under the trust policy	529477792	collect=731583,pre-reconstruct=3631042,normalize=18386625,monomorphize=39875,instantiate=16584,translate=51210833,solve=455461250	
plean	crush-verify	1	Examples/LockServer.lean|LockServer.Node.Working.eAquire_correct_block1_safety_using_system_config	LockServer.Node.Working.eAquire_correct_block1_safety_using_system_config	9219045509621939689	verified	not-requested	solver returned unsat; closed under the trust policy	546863665	collect=739208,pre-reconstruct=4313083,normalize=18470875,monomorphize=60416,instantiate=16625,translate=53382458,solve=469881000	
plean	crush-verify	1	Examples/LockServer.lean|LockServer.Node.Working.eAquire_correct_block1_safety_using_system_config	LockServer.Node.Working.eAquire_correct_block1_safety_using_system_config	9377920895867529283	verified	not-requested	solver returned unsat; closed under the trust policy	526496084	collect=706583,pre-reconstruct=2618333,normalize=17566959,monomorphize=37292,instantiate=13958,translate=53068167,solve=452484792	
plean	crush-verify	1	Examples/LockServer.lean|LockServer.Node.Working.eAquire_correct_block1_safety_using_system_config	LockServer.Node.Working.eAquire_correct_block1_safety_using_system_config	15721615376094418957	verified	not-requested	solver returned unsat; closed under the trust policy	530118000	collect=689291,pre-reconstruct=4684417,normalize=17786417,monomorphize=41000,instantiate=14917,translate=49506667,solve=457395291	
plean	crush-verify	1	Examples/LockServer.lean|LockServer.Node.Working.eRelease_correct_block1_safety_using_system_config	LockServer.Node.Working.eRelease_correct_block1_safety_using_system_config	15472059920208394241	verified	not-requested	solver returned unsat; closed under the trust policy	943008793	collect=971542,pre-reconstruct=138695708,normalize=34843792,monomorphize=63375,instantiate=35542,translate=135468709,solve=632930125	
plean	crush-verify	1	Examples/LockServer.lean|LockServer.Node.Working.eRelease_correct_block1_safety_using_system_config	LockServer.Node.Working.eRelease_correct_block1_safety_using_system_config	14403342944072032826	verified	not-requested	solver returned unsat; closed under the trust policy	641727376	collect=825125,pre-reconstruct=20231417,normalize=23184000,monomorphize=41417,instantiate=19625,translate=75875334,solve=521550458	
plean	crush-verify	1	Examples/LockServer.lean|LockServer.Node.Working.eGrant_correct_block1_safety_using_system_config	LockServer.Node.Working.eGrant_correct_block1_safety_using_system_config	16773836904586594644	verified	not-requested	solver returned unsat; closed under the trust policy	565507793	collect=741334,pre-reconstruct=2424292,normalize=19865583,monomorphize=50750,instantiate=26667,translate=63598084,solve=478801083	
plean	crush-verify	1	Examples/LockServer.lean|LockServer.Node.Working.eGrant_correct_block1_safety_using_system_config	LockServer.Node.Working.eGrant_correct_block1_safety_using_system_config	10849681932946429018	verified	not-requested	solver returned unsat; closed under the trust policy	560199043	collect=883958,pre-reconstruct=13702959,normalize=16750000,monomorphize=61250,instantiate=17292,translate=50073250,solve=478710334	
plean	crush-verify	1	Examples/LockServer.lean|LockServer.Node.Working.eGrant_correct_block1_safety_using_system_config	LockServer.Node.Working.eGrant_correct_block1_safety_using_system_config	10849681932946429018	verified	not-requested	solver returned unsat; closed under the trust policy	535767290	collect=772834,pre-reconstruct=2945666,normalize=17567666,monomorphize=42333,instantiate=15208,translate=56330750,solve=458092833	
plean	crush-verify	1	Examples/LockServer.lean|LockServer.Node.Working.eGrant_correct_block1_safety_using_system_config	LockServer.Node.Working.eGrant_correct_block1_safety_using_system_config	11487314681173964415	verified	not-requested	solver returned unsat; closed under the trust policy	554088248	collect=744041,pre-reconstruct=8306833,normalize=21496750,monomorphize=45583,instantiate=19458,translate=60723375,solve=462752208	
plean	crush-verify	1	Examples/LockServer.lean|LockServer.Node.Working.eGrant_correct_block1_safety_using_system_config	LockServer.Node.Working.eGrant_correct_block1_safety_using_system_config	3195954266918937936	verified	not-requested	solver returned unsat; closed under the trust policy	549051832	collect=796541,pre-reconstruct=8395625,normalize=20642833,monomorphize=47125,instantiate=20500,translate=57876042,solve=461273166	
plean	crush-verify	1	Examples/LockServer.lean|LockServer.Node.Working.eGrant_correct_block1_safety_using_system_config	LockServer.Node.Working.eGrant_correct_block1_safety_using_system_config	9168753893001741842	verified	not-requested	solver returned unsat; closed under the trust policy	572793667	collect=803083,pre-reconstruct=8816833,normalize=23090250,monomorphize=42417,instantiate=17709,translate=68178083,solve=471845292	
plean	crush-verify	1	Examples/LockServer.lean|LockServer.Node.Working.eGrant_correct_block1_safety_using_system_config	LockServer.Node.Working.eGrant_correct_block1_safety_using_system_config	8057504668116980717	verified	not-requested	solver returned unsat; closed under the trust policy	550513710	collect=812209,pre-reconstruct=8006792,normalize=19040250,monomorphize=42542,instantiate=17209,translate=57900750,solve=464693958	
plean	crush-verify	1	Examples/LockServer.lean|LockServer.Node.Working.eGrant_correct_block1_safety_using_system_config	LockServer.Node.Working.eGrant_correct_block1_safety_using_system_config	14957208058715598055	verified	not-requested	solver returned unsat; closed under the trust policy	573389583	collect=858167,pre-reconstruct=10662000,normalize=22454167,monomorphize=48583,instantiate=16750,translate=66214958,solve=473134958	
plean	crush-verify	1	Examples/LockServer.lean|LockServer.base_block1_UniqueActions	LockServer.base_block1_UniqueActions	17799728052405574097	verified	not-requested	solver returned unsat; closed under the trust policy	436945750	collect=231125,pre-reconstruct=1232458,normalize=2502125,monomorphize=14584,instantiate=26083,translate=12642042,solve=420297333	
plean	crush-verify	1	Examples/LockServer.lean|LockServer.base_block1_IncreasingCount	LockServer.base_block1_IncreasingCount	16645480121653727987	verified	not-requested	solver returned unsat; closed under the trust policy	443969749	collect=198500,pre-reconstruct=103083,normalize=2201125,monomorphize=13709,instantiate=19583,translate=11345541,solve=430088208	
plean	crush-verify	1	Examples/LockServer.lean|LockServer.base_block1_ReceivedSubsetSent	LockServer.base_block1_ReceivedSubsetSent	5156885450211704390	verified	not-requested	solver returned unsat; closed under the trust policy	430835793	collect=197041,pre-reconstruct=288917,normalize=2014709,monomorphize=12750,instantiate=24417,translate=10919542,solve=417378417	
plean	crush-verify	1	Examples/LockServer.lean|LockServer.Server.Serving.eLock_correct_block1_default_using_system_config	LockServer.Server.Serving.eLock_correct_block1_default_using_system_config	10577971421229949761	verified	not-requested	solver returned unsat; closed under the trust policy	593113623	collect=568167,pre-reconstruct=52074833,normalize=12800583,monomorphize=42541,instantiate=30041,translate=37922833,solve=489674625	
plean	crush-verify	1	Examples/LockServer.lean|LockServer.Server.Serving.eLock_correct_block1_default_using_system_config	LockServer.Server.Serving.eLock_correct_block1_default_using_system_config	1648220582697772830	verified	not-requested	solver returned unsat; closed under the trust policy	500899708	collect=686500,pre-reconstruct=10250250,normalize=13424833,monomorphize=41541,instantiate=16959,translate=37779667,solve=438699958	
plean	crush-verify	1	Examples/LockServer.lean|LockServer.Server.Serving.eUnlock_correct_block1_default_using_system_config	LockServer.Server.Serving.eUnlock_correct_block1_default_using_system_config	16544938116920668609	verified	not-requested	solver returned unsat; closed under the trust policy	492756416	collect=611500,pre-reconstruct=2842833,normalize=10642000,monomorphize=42917,instantiate=26708,translate=33258833,solve=445331625	
plean	crush-verify	1	Examples/LockServer.lean|LockServer.Server.Serving.eUnlock_correct_block1_default_using_system_config	LockServer.Server.Serving.eUnlock_correct_block1_default_using_system_config	528461590877090962	verified	not-requested	solver returned unsat; closed under the trust policy	493589624	collect=647417,pre-reconstruct=1315791,normalize=9994542,monomorphize=29708,instantiate=13958,translate=34420750,solve=447167458	
plean	crush-verify	1	Examples/LockServer.lean|LockServer.Server.Serving.eUnlock_correct_block1_default_using_system_config	LockServer.Server.Serving.eUnlock_correct_block1_default_using_system_config	12889697509642270060	verified	not-requested	solver returned unsat; closed under the trust policy	476917125	collect=612583,pre-reconstruct=1875167,normalize=10770584,monomorphize=31125,instantiate=16125,translate=32010083,solve=431601458	
plean	crush-verify	1	Examples/LockServer.lean|LockServer.Node.Working.eAquire_correct_block1_default_using_system_config	LockServer.Node.Working.eAquire_correct_block1_default_using_system_config	16544938116920668609	verified	not-requested	solver returned unsat; closed under the trust policy	510315667	collect=615750,pre-reconstruct=2640000,normalize=10944500,monomorphize=39375,instantiate=27166,translate=34442459,solve=461606417	
plean	crush-verify	1	Examples/LockServer.lean|LockServer.Node.Working.eAquire_correct_block1_default_using_system_config	LockServer.Node.Working.eAquire_correct_block1_default_using_system_config	15844998937588682005	verified	not-requested	solver returned unsat; closed under the trust policy	503004458	collect=660708,pre-reconstruct=1314041,normalize=10696833,monomorphize=30667,instantiate=13917,translate=34981875,solve=455306417	
plean	crush-verify	1	Examples/LockServer.lean|LockServer.Node.Working.eAquire_correct_block1_default_using_system_config	LockServer.Node.Working.eAquire_correct_block1_default_using_system_config	1228555396091097693	verified	not-requested	solver returned unsat; closed under the trust policy	490845959	collect=770625,pre-reconstruct=11249083,normalize=12235209,monomorphize=60584,instantiate=14583,translate=37139833,solve=429376042	
plean	crush-verify	1	Examples/LockServer.lean|LockServer.Node.Working.eRelease_correct_block1_default_using_system_config	LockServer.Node.Working.eRelease_correct_block1_default_using_system_config	14195648400486448912	verified	not-requested	solver returned unsat; closed under the trust policy	588449417	collect=555959,pre-reconstruct=44973750,normalize=13827084,monomorphize=43166,instantiate=26625,translate=39037625,solve=489985208	
plean	crush-verify	1	Examples/LockServer.lean|LockServer.Node.Working.eRelease_correct_block1_default_using_system_config	LockServer.Node.Working.eRelease_correct_block1_default_using_system_config	1648220582697772830	verified	not-requested	solver returned unsat; closed under the trust policy	507068792	collect=648042,pre-reconstruct=7192375,normalize=11418625,monomorphize=33417,instantiate=20625,translate=37529375,solve=450226333	
plean	crush-verify	1	Examples/LockServer.lean|LockServer.Node.Working.eGrant_correct_block1_default_using_system_config	LockServer.Node.Working.eGrant_correct_block1_default_using_system_config	16544938116920668609	verified	not-requested	solver returned unsat; closed under the trust policy	479033542	collect=495750,pre-reconstruct=2516750,normalize=9973750,monomorphize=59708,instantiate=32459,translate=35615167,solve=430339958	
plean	crush-verify	1	Examples/LockServer.lean|LockServer.Node.Working.eGrant_correct_block1_default_using_system_config	LockServer.Node.Working.eGrant_correct_block1_default_using_system_config	528461590877090962	verified	not-requested	solver returned unsat; closed under the trust policy	489047334	collect=674792,pre-reconstruct=1402417,normalize=10391792,monomorphize=35042,instantiate=16541,translate=33276500,solve=443250250	
plean	crush-verify	1	Examples/LockServer.lean|LockServer.Node.Working.eGrant_correct_block1_default_using_system_config	LockServer.Node.Working.eGrant_correct_block1_default_using_system_config	12889697509642270060	verified	not-requested	solver returned unsat; closed under the trust policy	493919458	collect=643041,pre-reconstruct=1766333,normalize=10879375,monomorphize=38125,instantiate=15250,translate=34806250,solve=445771084	
plean	crush-portfolio	1	Examples/LockServer.lean|LockServer.base_block0_const_server	LockServer.base_block0_const_server	14686363261710415044	core-reconstructed	certificate-error	core-directed reconstruction succeeded	451589333	collect=663875,pre-reconstruct=2315000,normalize=3079791,monomorphize=106875,instantiate=94292,translate=17327542,solve=403457625,replay=120083,reconstruct=24424250	
plean	crush-portfolio	1	Examples/LockServer.lean|LockServer.base_block0_serv_is_serv	LockServer.base_block0_serv_is_serv	327222602524042645	core-reconstructed	certificate-error	core-directed reconstruction succeeded	418010832	collect=209625,pre-reconstruct=449500,normalize=2315500,monomorphize=13333,instantiate=17041,translate=10809333,solve=401285333,replay=17500,reconstruct=2893667	
plean	crush-portfolio	1	Examples/LockServer.lean|LockServer.base_block0_serv_is_serv	LockServer.base_block0_serv_is_serv	513016926388149230	core-reconstructed	certificate-error	core-directed reconstruction succeeded	426111166	collect=203041,pre-reconstruct=152917,normalize=2202459,monomorphize=8625,instantiate=13250,translate=10198416,solve=394874083,replay=9750,reconstruct=18448625	
plean	crush-portfolio	1	Examples/LockServer.lean|LockServer.base_block0_serv_is_serv	LockServer.base_block0_serv_is_serv	12685331912900740223	core-reconstructed	certificate-error	core-directed reconstruction succeeded	474529375	collect=129542,pre-reconstruct=155792,normalize=2013166,monomorphize=8834,instantiate=7666,translate=10202291,solve=441712750,replay=10959,reconstruct=20288375	
plean	crush-portfolio	1	Examples/LockServer.lean|LockServer.base_block0_single_server	LockServer.base_block0_single_server	4986805042211733625	core-reconstructed	certificate-error	core-directed reconstruction succeeded	454410043	collect=176167,pre-reconstruct=278584,normalize=2208916,monomorphize=13917,instantiate=15041,translate=11350375,solve=415897292,replay=22959,reconstruct=24446792	
plean	crush-portfolio	1	Examples/LockServer.lean|LockServer.base_block0_unique_server	LockServer.base_block0_unique_server	10688673803728801511	reconstruction-failed	certificate-error	core-directed reconstruction did not close the goal	1908489541	collect=208666,pre-reconstruct=361709,normalize=2743500,monomorphize=15500,instantiate=20666,translate=12310208,solve=413424208,replay=19042,reconstruct=1479386042	
plean	crush-portfolio	1	Examples/LockServer.lean|LockServer.base_block0_aquire_to_node	LockServer.base_block0_aquire_to_node	4037617051381969595	core-reconstructed	certificate-error	core-directed reconstruction succeeded	446492915	collect=224000,pre-reconstruct=813167,normalize=2502333,monomorphize=16375,instantiate=20541,translate=14031375,solve=409584000,replay=17791,reconstruct=19283333	
plean	crush-portfolio	1	Examples/LockServer.lean|LockServer.base_block0_release_to_node	LockServer.base_block0_release_to_node	4037617051381969595	core-reconstructed	certificate-error	core-directed reconstruction succeeded	449390750	collect=196542,pre-reconstruct=533583,normalize=2486667,monomorphize=14292,instantiate=15750,translate=13464125,solve=413680042,replay=18583,reconstruct=18981166	
plean	crush-portfolio	1	Examples/LockServer.lean|LockServer.base_block0_grant_to_node	LockServer.base_block0_grant_to_node	4037617051381969595	core-reconstructed	certificate-error	core-directed reconstruction succeeded	444620583	collect=197500,pre-reconstruct=559083,normalize=2380417,monomorphize=17542,instantiate=16000,translate=13332833,solve=409818416,replay=22042,reconstruct=18276750	
plean	crush-portfolio	1	Examples/LockServer.lean|LockServer.base_block0_lock_to_server	LockServer.base_block0_lock_to_server	4037617051381969595	core-reconstructed	certificate-error	core-directed reconstruction succeeded	448647043	collect=196709,pre-reconstruct=543459,normalize=2473458,monomorphize=14792,instantiate=15792,translate=13803083,solve=413066792,replay=19958,reconstruct=18513000	
plean	crush-portfolio	1	Examples/LockServer.lean|LockServer.base_block0_unlock_to_server	LockServer.base_block0_unlock_to_server	4037617051381969595	core-reconstructed	certificate-error	core-directed reconstruction succeeded	446869957	collect=198583,pre-reconstruct=525417,normalize=2438875,monomorphize=16208,instantiate=15041,translate=13386208,solve=412112417,replay=20583,reconstruct=18156625	
plean	crush-portfolio	1	Examples/LockServer.lean|LockServer.base_block0_node_send_lock	LockServer.base_block0_node_send_lock	1610633711058459474	core-reconstructed	certificate-error	core-directed reconstruction succeeded	448082125	collect=205125,pre-reconstruct=1022875,normalize=2390625,monomorphize=16375,instantiate=18792,translate=12033917,solve=412167083,replay=17666,reconstruct=20209667	
plean	crush-portfolio	1	Examples/LockServer.lean|LockServer.base_block0_node_send_lock	LockServer.base_block0_node_send_lock	1623970393443299567	core-reconstructed	certificate-error	core-directed reconstruction succeeded	444970498	collect=150083,pre-reconstruct=909666,normalize=2342208,monomorphize=10208,instantiate=7667,translate=11720333,solve=410158291,replay=10000,reconstruct=19662042	
plean	crush-portfolio	1	Examples/LockServer.lean|LockServer.base_block0_node_send_lock	LockServer.base_block0_node_send_lock	5177169515618291839	core-reconstructed	certificate-error	core-directed reconstruction succeeded	439525833	collect=155541,pre-reconstruct=656375,normalize=2347917,monomorphize=9250,instantiate=7708,translate=12310584,solve=404435916,replay=9750,reconstruct=19592792	
plean	crush-portfolio	1	Examples/LockServer.lean|LockServer.base_block0_node_send_unlock	LockServer.base_block0_node_send_unlock	1610633711058459474	core-reconstructed	certificate-error	core-directed reconstruction succeeded	448002624	collect=217291,pre-reconstruct=745417,normalize=2342000,monomorphize=16000,instantiate=17083,translate=13704375,solve=409738708,replay=17667,reconstruct=21204083	
plean	crush-portfolio	1	Examples/LockServer.lean|LockServer.base_block0_node_send_unlock	LockServer.base_block0_node_send_unlock	1623970393443299567	core-reconstructed	certificate-error	core-directed reconstruction succeeded	455076416	collect=222500,pre-reconstruct=1234250,normalize=2867042,monomorphize=12542,instantiate=14916,translate=12674791,solve=418229125,replay=11667,reconstruct=19809583	
plean	crush-portfolio	1	Examples/LockServer.lean|LockServer.base_block0_node_send_unlock	LockServer.base_block0_node_send_unlock	5177169515618291839	core-reconstructed	certificate-error	core-directed reconstruction succeeded	462941832	collect=184708,pre-reconstruct=564042,normalize=2460083,monomorphize=10541,instantiate=8750,translate=11877417,solve=427283625,replay=11583,reconstruct=20541083	
plean	crush-portfolio	1	Examples/LockServer.lean|LockServer.Server.Serving.eLock_correct_block0_system_config	LockServer.Server.Serving.eLock_correct_block0_system_config	18393412486576726406	unknown	not-attempted	solver exited without a verdict: cvc5 interrupted by timeout.	5736255458	collect=1998000,pre-reconstruct=183381625,normalize=28856500,monomorphize=40250,instantiate=19083,translate=116048000,solve=5405912000	
plean	crush-portfolio	1	Examples/LockServer.lean|LockServer.Server.Serving.eLock_correct_block0_system_config	LockServer.Server.Serving.eLock_correct_block0_system_config	18393412486576726406	unknown	not-attempted	solver exited without a verdict: cvc5 interrupted by timeout.	5691566793	collect=738708,pre-reconstruct=153298791,normalize=26687584,monomorphize=29917,instantiate=27959,translate=110073167,solve=5400710667	
plean	crush-portfolio	1	Examples/LockServer.lean|LockServer.Node.Working.eAquire_correct_block0_system_config	LockServer.Node.Working.eAquire_correct_block0_system_config	14686363261710415044	pre-reconstructed	not-attempted	closed before SMT translation	3333875	collect=536000,pre-reconstruct=2797875	
plean	crush-portfolio	1	Examples/LockServer.lean|LockServer.Node.Working.eAquire_correct_block0_system_config	LockServer.Node.Working.eAquire_correct_block0_system_config	327222602524042645	selected-fact	not-attempted	closed from a selected Lean fact	366209	collect=366209	
plean	crush-portfolio	1	Examples/LockServer.lean|LockServer.Node.Working.eAquire_correct_block0_system_config	LockServer.Node.Working.eAquire_correct_block0_system_config	513016926388149230	selected-fact	not-attempted	closed from a selected Lean fact	361625	collect=361625	
plean	crush-portfolio	1	Examples/LockServer.lean|LockServer.Node.Working.eAquire_correct_block0_system_config	LockServer.Node.Working.eAquire_correct_block0_system_config	12685331912900740223	selected-fact	not-attempted	closed from a selected Lean fact	345750	collect=345750	
plean	crush-portfolio	1	Examples/LockServer.lean|LockServer.Node.Working.eAquire_correct_block0_system_config	LockServer.Node.Working.eAquire_correct_block0_system_config	4986805042211733625	pre-reconstructed	not-attempted	closed before SMT translation	2789875	collect=367625,pre-reconstruct=2422250	
plean	crush-portfolio	1	Examples/LockServer.lean|LockServer.Node.Working.eAquire_correct_block0_system_config	LockServer.Node.Working.eAquire_correct_block0_system_config	10688673803728801511	pre-reconstructed	not-attempted	closed before SMT translation	3189209	collect=367417,pre-reconstruct=2821792	
plean	crush-portfolio	1	Examples/LockServer.lean|LockServer.Node.Working.eAquire_correct_block0_system_config	LockServer.Node.Working.eAquire_correct_block0_system_config	7145835395679027164	core-reconstructed	certificate-error	core-directed reconstruction succeeded	511227083	collect=439333,pre-reconstruct=6535333,normalize=9686250,monomorphize=40042,instantiate=18208,translate=33937875,solve=420524042,replay=22083,reconstruct=40023917	
plean	crush-portfolio	1	Examples/LockServer.lean|LockServer.Node.Working.eAquire_correct_block0_system_config	LockServer.Node.Working.eAquire_correct_block0_system_config	7145835395679027164	core-reconstructed	certificate-error	core-directed reconstruction succeeded	499752082	collect=559334,pre-reconstruct=6432958,normalize=9619750,monomorphize=29666,instantiate=11666,translate=30712041,solve=414151750,replay=9708,reconstruct=38225209	
plean	crush-portfolio	1	Examples/LockServer.lean|LockServer.Node.Working.eAquire_correct_block0_system_config	LockServer.Node.Working.eAquire_correct_block0_system_config	7145835395679027164	core-reconstructed	certificate-error	core-directed reconstruction succeeded	503114876	collect=493583,pre-reconstruct=6266292,normalize=9425166,monomorphize=30917,instantiate=8833,translate=30955292,solve=415018584,replay=9834,reconstruct=40906375	
plean	crush-portfolio	1	Examples/LockServer.lean|LockServer.Node.Working.eAquire_correct_block0_system_config	LockServer.Node.Working.eAquire_correct_block0_system_config	7145835395679027164	unknown	not-attempted	solver exited without a verdict: cvc5 interrupted by timeout.	5436220209	collect=518958,pre-reconstruct=6517459,normalize=9729667,monomorphize=33917,instantiate=12250,translate=31035791,solve=5388372167	
plean	crush-portfolio	1	Examples/LockServer.lean|LockServer.Node.Working.eAquire_correct_block0_system_config	LockServer.Node.Working.eAquire_correct_block0_system_config	14686363261710415044	pre-reconstructed	not-attempted	closed before SMT translation	2959958	collect=408125,pre-reconstruct=2551833	
plean	crush-portfolio	1	Examples/LockServer.lean|LockServer.Node.Working.eAquire_correct_block0_system_config	LockServer.Node.Working.eAquire_correct_block0_system_config	327222602524042645	selected-fact	not-attempted	closed from a selected Lean fact	322333	collect=322333	
plean	crush-portfolio	1	Examples/LockServer.lean|LockServer.Node.Working.eAquire_correct_block0_system_config	LockServer.Node.Working.eAquire_correct_block0_system_config	513016926388149230	selected-fact	not-attempted	closed from a selected Lean fact	315875	collect=315875	
plean	crush-portfolio	1	Examples/LockServer.lean|LockServer.Node.Working.eAquire_correct_block0_system_config	LockServer.Node.Working.eAquire_correct_block0_system_config	12685331912900740223	selected-fact	not-attempted	closed from a selected Lean fact	314166	collect=314166	
plean	crush-portfolio	1	Examples/LockServer.lean|LockServer.Node.Working.eAquire_correct_block0_system_config	LockServer.Node.Working.eAquire_correct_block0_system_config	4986805042211733625	pre-reconstructed	not-attempted	closed before SMT translation	2775000	collect=323875,pre-reconstruct=2451125	
plean	crush-portfolio	1	Examples/LockServer.lean|LockServer.Node.Working.eAquire_correct_block0_system_config	LockServer.Node.Working.eAquire_correct_block0_system_config	10688673803728801511	pre-reconstructed	not-attempted	closed before SMT translation	3109374	collect=353583,pre-reconstruct=2755791	
plean	crush-portfolio	1	Examples/LockServer.lean|LockServer.Node.Working.eAquire_correct_block0_system_config	LockServer.Node.Working.eAquire_correct_block0_system_config	7145835395679027164	core-reconstructed	certificate-error	core-directed reconstruction succeeded	502446915	collect=389000,pre-reconstruct=6344458,normalize=9460041,monomorphize=31000,instantiate=16958,translate=30892000,solve=415713041,replay=10792,reconstruct=39589625	
plean	crush-portfolio	1	Examples/LockServer.lean|LockServer.Node.Working.eAquire_correct_block0_system_config	LockServer.Node.Working.eAquire_correct_block0_system_config	7145835395679027164	core-reconstructed	certificate-error	core-directed reconstruction succeeded	512448958	collect=508833,pre-reconstruct=7065875,normalize=9860458,monomorphize=33417,instantiate=10625,translate=31276875,solve=420956500,replay=10542,reconstruct=42725833	
plean	crush-portfolio	1	Examples/LockServer.lean|LockServer.Node.Working.eAquire_correct_block0_system_config	LockServer.Node.Working.eAquire_correct_block0_system_config	7145835395679027164	core-reconstructed	certificate-error	core-directed reconstruction succeeded	505351875	collect=538250,pre-reconstruct=6505417,normalize=10434833,monomorphize=37208,instantiate=12500,translate=34536500,solve=411999292,replay=10292,reconstruct=41277583	
plean	crush-portfolio	1	Examples/LockServer.lean|LockServer.Node.Working.eAquire_correct_block0_system_config	LockServer.Node.Working.eAquire_correct_block0_system_config	7145835395679027164	unknown	not-attempted	solver exited without a verdict: cvc5 interrupted by timeout.	5431281958	collect=520917,pre-reconstruct=6493083,normalize=9891917,monomorphize=30750,instantiate=12833,translate=32218500,solve=5382113958	
plean	crush-portfolio	1	Examples/LockServer.lean|LockServer.Node.Working.eAquire_correct_block0_system_config	LockServer.Node.Working.eAquire_correct_block0_system_config	14686363261710415044	pre-reconstructed	not-attempted	closed before SMT translation	3099542	collect=408708,pre-reconstruct=2690834	
plean	crush-portfolio	1	Examples/LockServer.lean|LockServer.Node.Working.eAquire_correct_block0_system_config	LockServer.Node.Working.eAquire_correct_block0_system_config	327222602524042645	selected-fact	not-attempted	closed from a selected Lean fact	345334	collect=345334	
plean	crush-portfolio	1	Examples/LockServer.lean|LockServer.Node.Working.eAquire_correct_block0_system_config	LockServer.Node.Working.eAquire_correct_block0_system_config	513016926388149230	selected-fact	not-attempted	closed from a selected Lean fact	374666	collect=374666	
plean	crush-portfolio	1	Examples/LockServer.lean|LockServer.Node.Working.eAquire_correct_block0_system_config	LockServer.Node.Working.eAquire_correct_block0_system_config	12685331912900740223	selected-fact	not-attempted	closed from a selected Lean fact	375750	collect=375750	
plean	crush-portfolio	1	Examples/LockServer.lean|LockServer.Node.Working.eAquire_correct_block0_system_config	LockServer.Node.Working.eAquire_correct_block0_system_config	4986805042211733625	pre-reconstructed	not-attempted	closed before SMT translation	2941791	collect=385541,pre-reconstruct=2556250	
plean	crush-portfolio	1	Examples/LockServer.lean|LockServer.Node.Working.eAquire_correct_block0_system_config	LockServer.Node.Working.eAquire_correct_block0_system_config	10688673803728801511	pre-reconstructed	not-attempted	closed before SMT translation	3277916	collect=391958,pre-reconstruct=2885958	
plean	crush-portfolio	1	Examples/LockServer.lean|LockServer.Node.Working.eAquire_correct_block0_system_config	LockServer.Node.Working.eAquire_correct_block0_system_config	7145835395679027164	core-reconstructed	certificate-error	core-directed reconstruction succeeded	491818624	collect=426250,pre-reconstruct=6293375,normalize=9267291,monomorphize=30541,instantiate=20625,translate=31349458,solve=407595709,replay=10708,reconstruct=36824667	
plean	crush-portfolio	1	Examples/LockServer.lean|LockServer.Node.Working.eAquire_correct_block0_system_config	LockServer.Node.Working.eAquire_correct_block0_system_config	7145835395679027164	core-reconstructed	certificate-error	core-directed reconstruction succeeded	493112917	collect=451458,pre-reconstruct=6409417,normalize=9454291,monomorphize=30167,instantiate=10209,translate=30784625,solve=407523750,replay=10500,reconstruct=38438500	
plean	crush-portfolio	1	Examples/LockServer.lean|LockServer.Node.Working.eAquire_correct_block0_system_config	LockServer.Node.Working.eAquire_correct_block0_system_config	7145835395679027164	core-reconstructed	certificate-error	core-directed reconstruction succeeded	513915374	collect=444917,pre-reconstruct=6755083,normalize=9596250,monomorphize=31750,instantiate=11458,translate=31962333,solve=425926958,replay=10584,reconstruct=39176041	
plean	crush-portfolio	1	Examples/LockServer.lean|LockServer.Node.Working.eAquire_correct_block0_system_config	LockServer.Node.Working.eAquire_correct_block0_system_config	7145835395679027164	unknown	not-attempted	solver exited without a verdict: cvc5 interrupted by timeout.	5437645749	collect=433792,pre-reconstruct=6457250,normalize=9678333,monomorphize=35416,instantiate=11667,translate=31567500,solve=5389461791	
plean	crush-portfolio	1	Examples/LockServer.lean|LockServer.Node.Working.eAquire_correct_block0_system_config	LockServer.Node.Working.eAquire_correct_block0_system_config	14686363261710415044	pre-reconstructed	not-attempted	closed before SMT translation	3130916	collect=400708,pre-reconstruct=2730208	
plean	crush-portfolio	1	Examples/LockServer.lean|LockServer.Node.Working.eAquire_correct_block0_system_config	LockServer.Node.Working.eAquire_correct_block0_system_config	327222602524042645	selected-fact	not-attempted	closed from a selected Lean fact	427375	collect=427375	
plean	crush-portfolio	1	Examples/LockServer.lean|LockServer.Node.Working.eAquire_correct_block0_system_config	LockServer.Node.Working.eAquire_correct_block0_system_config	513016926388149230	selected-fact	not-attempted	closed from a selected Lean fact	356792	collect=356792	
plean	crush-portfolio	1	Examples/LockServer.lean|LockServer.Node.Working.eAquire_correct_block0_system_config	LockServer.Node.Working.eAquire_correct_block0_system_config	12685331912900740223	selected-fact	not-attempted	closed from a selected Lean fact	345167	collect=345167	
plean	crush-portfolio	1	Examples/LockServer.lean|LockServer.Node.Working.eAquire_correct_block0_system_config	LockServer.Node.Working.eAquire_correct_block0_system_config	4986805042211733625	pre-reconstructed	not-attempted	closed before SMT translation	3074375	collect=368000,pre-reconstruct=2706375	
plean	crush-portfolio	1	Examples/LockServer.lean|LockServer.Node.Working.eAquire_correct_block0_system_config	LockServer.Node.Working.eAquire_correct_block0_system_config	10688673803728801511	pre-reconstructed	not-attempted	closed before SMT translation	3615875	collect=380667,pre-reconstruct=3235208	
plean	crush-portfolio	1	Examples/LockServer.lean|LockServer.Node.Working.eAquire_correct_block0_system_config	LockServer.Node.Working.eAquire_correct_block0_system_config	7145835395679027164	core-reconstructed	certificate-error	core-directed reconstruction succeeded	503049792	collect=467583,pre-reconstruct=6441333,normalize=9399459,monomorphize=30459,instantiate=15584,translate=31324041,solve=417643500,replay=10291,reconstruct=37717542	
plean	crush-portfolio	1	Examples/LockServer.lean|LockServer.Node.Working.eAquire_correct_block0_system_config	LockServer.Node.Working.eAquire_correct_block0_system_config	7145835395679027164	core-reconstructed	certificate-error	core-directed reconstruction succeeded	503792666	collect=462416,pre-reconstruct=7383750,normalize=10132250,monomorphize=33083,instantiate=11500,translate=33556334,solve=414259375,replay=22750,reconstruct=37931208	
plean	crush-portfolio	1	Examples/LockServer.lean|LockServer.Node.Working.eAquire_correct_block0_system_config	LockServer.Node.Working.eAquire_correct_block0_system_config	7145835395679027164	core-reconstructed	certificate-error	core-directed reconstruction succeeded	504182167	collect=450958,pre-reconstruct=6391167,normalize=9357125,monomorphize=30542,instantiate=10334,translate=31120958,solve=418575041,replay=10500,reconstruct=38235542	
plean	crush-portfolio	1	Examples/LockServer.lean|LockServer.Node.Working.eAquire_correct_block0_system_config	LockServer.Node.Working.eAquire_correct_block0_system_config	7145835395679027164	unknown	not-attempted	solver exited without a verdict: cvc5 interrupted by timeout.	5452323749	collect=431958,pre-reconstruct=6552334,normalize=9414666,monomorphize=29458,instantiate=10750,translate=30912083,solve=5404972500	
plean	crush-portfolio	1	Examples/LockServer.lean|LockServer.Node.Working.eAquire_correct_block0_system_config	LockServer.Node.Working.eAquire_correct_block0_system_config	14686363261710415044	pre-reconstructed	not-attempted	closed before SMT translation	3096251	collect=432459,pre-reconstruct=2663792	
plean	crush-portfolio	1	Examples/LockServer.lean|LockServer.Node.Working.eAquire_correct_block0_system_config	LockServer.Node.Working.eAquire_correct_block0_system_config	327222602524042645	selected-fact	not-attempted	closed from a selected Lean fact	341000	collect=341000	
plean	crush-portfolio	1	Examples/LockServer.lean|LockServer.Node.Working.eAquire_correct_block0_system_config	LockServer.Node.Working.eAquire_correct_block0_system_config	513016926388149230	selected-fact	not-attempted	closed from a selected Lean fact	329333	collect=329333	
plean	crush-portfolio	1	Examples/LockServer.lean|LockServer.Node.Working.eAquire_correct_block0_system_config	LockServer.Node.Working.eAquire_correct_block0_system_config	12685331912900740223	selected-fact	not-attempted	closed from a selected Lean fact	333917	collect=333917	
plean	crush-portfolio	1	Examples/LockServer.lean|LockServer.Node.Working.eAquire_correct_block0_system_config	LockServer.Node.Working.eAquire_correct_block0_system_config	4986805042211733625	pre-reconstructed	not-attempted	closed before SMT translation	2816292	collect=336209,pre-reconstruct=2480083	
plean	crush-portfolio	1	Examples/LockServer.lean|LockServer.Node.Working.eAquire_correct_block0_system_config	LockServer.Node.Working.eAquire_correct_block0_system_config	10688673803728801511	pre-reconstructed	not-attempted	closed before SMT translation	3214792	collect=373875,pre-reconstruct=2840917	
plean	crush-portfolio	1	Examples/LockServer.lean|LockServer.Node.Working.eAquire_correct_block0_system_config	LockServer.Node.Working.eAquire_correct_block0_system_config	4514497018860643544	core-reconstructed	certificate-error	core-directed reconstruction succeeded	494261000	collect=426166,pre-reconstruct=16114500,normalize=10220625,monomorphize=40417,instantiate=10792,translate=31092250,solve=402554292,replay=11167,reconstruct=33790791	
plean	crush-portfolio	1	Examples/LockServer.lean|LockServer.Node.Working.eAquire_correct_block0_system_config	LockServer.Node.Working.eAquire_correct_block0_system_config	4514497018860643544	core-reconstructed	certificate-error	core-directed reconstruction succeeded	480124584	collect=452416,pre-reconstruct=8940667,normalize=9906125,monomorphize=36042,instantiate=10042,translate=30249375,solve=395125250,replay=11250,reconstruct=35393417	
plean	crush-portfolio	1	Examples/LockServer.lean|LockServer.Node.Working.eAquire_correct_block0_system_config	LockServer.Node.Working.eAquire_correct_block0_system_config	4514497018860643544	core-reconstructed	certificate-error	core-directed reconstruction succeeded	497445042	collect=499750,pre-reconstruct=9117208,normalize=10052792,monomorphize=39250,instantiate=10167,translate=32338625,solve=405435250,replay=11375,reconstruct=39940625	
plean	crush-portfolio	1	Examples/LockServer.lean|LockServer.Node.Working.eAquire_correct_block0_system_config	LockServer.Node.Working.eAquire_correct_block0_system_config	4514497018860643544	core-reconstructed	certificate-error	core-directed reconstruction succeeded	476366709	collect=568500,pre-reconstruct=10652125,normalize=10157917,monomorphize=37167,instantiate=10542,translate=33303000,solve=391808500,replay=11458,reconstruct=29817500	
plean	crush-portfolio	1	Examples/LockServer.lean|LockServer.Node.Working.eAquire_correct_block0_system_config	LockServer.Node.Working.eAquire_correct_block0_system_config	4514497018860643544	core-reconstructed	certificate-error	core-directed reconstruction succeeded	479129124	collect=513625,pre-reconstruct=9534500,normalize=10446666,monomorphize=40208,instantiate=9791,translate=30700750,solve=398856042,replay=12000,reconstruct=29015542	
plean	crush-portfolio	1	Examples/LockServer.lean|LockServer.Node.Working.eAquire_correct_block0_system_config	LockServer.Node.Working.eAquire_correct_block0_system_config	4518981198314125566	pre-reconstructed	not-attempted	closed before SMT translation	1565379501	collect=447959,pre-reconstruct=1564931542	
plean	crush-portfolio	1	Examples/LockServer.lean|LockServer.Node.Working.eAquire_correct_block0_system_config	LockServer.Node.Working.eAquire_correct_block0_system_config	14179618030355035952	pre-reconstructed	not-attempted	closed before SMT translation	1554873125	collect=431209,pre-reconstruct=1554441916	
plean	crush-portfolio	1	Examples/LockServer.lean|LockServer.Node.Working.eAquire_correct_block0_system_config	LockServer.Node.Working.eAquire_correct_block0_system_config	8236911049903588693	unknown	not-attempted	solver exited without a verdict: cvc5 interrupted by timeout.	5412546584	collect=450084,pre-reconstruct=4499417,normalize=9012583,monomorphize=35500,instantiate=10084,translate=28222333,solve=5370316583	
plean	crush-portfolio	1	Examples/LockServer.lean|LockServer.Node.Working.eAquire_correct_block0_system_config	LockServer.Node.Working.eAquire_correct_block0_system_config	14686363261710415044	pre-reconstructed	not-attempted	closed before SMT translation	3061792	collect=426375,pre-reconstruct=2635417	
plean	crush-portfolio	1	Examples/LockServer.lean|LockServer.Node.Working.eAquire_correct_block0_system_config	LockServer.Node.Working.eAquire_correct_block0_system_config	327222602524042645	selected-fact	not-attempted	closed from a selected Lean fact	339333	collect=339333	
plean	crush-portfolio	1	Examples/LockServer.lean|LockServer.Node.Working.eAquire_correct_block0_system_config	LockServer.Node.Working.eAquire_correct_block0_system_config	513016926388149230	selected-fact	not-attempted	closed from a selected Lean fact	338333	collect=338333	
plean	crush-portfolio	1	Examples/LockServer.lean|LockServer.Node.Working.eAquire_correct_block0_system_config	LockServer.Node.Working.eAquire_correct_block0_system_config	12685331912900740223	selected-fact	not-attempted	closed from a selected Lean fact	340666	collect=340666	
plean	crush-portfolio	1	Examples/LockServer.lean|LockServer.Node.Working.eAquire_correct_block0_system_config	LockServer.Node.Working.eAquire_correct_block0_system_config	4986805042211733625	pre-reconstructed	not-attempted	closed before SMT translation	2873875	collect=350542,pre-reconstruct=2523333	
plean	crush-portfolio	1	Examples/LockServer.lean|LockServer.Node.Working.eAquire_correct_block0_system_config	LockServer.Node.Working.eAquire_correct_block0_system_config	10688673803728801511	pre-reconstructed	not-attempted	closed before SMT translation	3343999	collect=358916,pre-reconstruct=2985083	
plean	crush-portfolio	1	Examples/LockServer.lean|LockServer.Node.Working.eAquire_correct_block0_system_config	LockServer.Node.Working.eAquire_correct_block0_system_config	4514497018860643544	core-reconstructed	certificate-error	core-directed reconstruction succeeded	486666376	collect=391167,pre-reconstruct=12684083,normalize=9818500,monomorphize=35459,instantiate=13417,translate=31293542,solve=397301417,replay=10583,reconstruct=35118208	
plean	crush-portfolio	1	Examples/LockServer.lean|LockServer.Node.Working.eAquire_correct_block0_system_config	LockServer.Node.Working.eAquire_correct_block0_system_config	4514497018860643544	core-reconstructed	certificate-error	core-directed reconstruction succeeded	483600292	collect=482750,pre-reconstruct=10075459,normalize=10796584,monomorphize=46167,instantiate=9666,translate=30913916,solve=396507417,replay=10666,reconstruct=34757667	
plean	crush-portfolio	1	Examples/LockServer.lean|LockServer.Node.Working.eAquire_correct_block0_system_config	LockServer.Node.Working.eAquire_correct_block0_system_config	4514497018860643544	core-reconstructed	certificate-error	core-directed reconstruction succeeded	485524625	collect=486042,pre-reconstruct=10729334,normalize=10491916,monomorphize=43333,instantiate=10125,translate=32580958,solve=394517333,replay=11625,reconstruct=36653959	
plean	crush-portfolio	1	Examples/LockServer.lean|LockServer.Node.Working.eAquire_correct_block0_system_config	LockServer.Node.Working.eAquire_correct_block0_system_config	4514497018860643544	core-reconstructed	certificate-error	core-directed reconstruction succeeded	488103043	collect=493042,pre-reconstruct=9397542,normalize=10186250,monomorphize=36875,instantiate=9916,translate=31061917,solve=406348500,replay=12084,reconstruct=30556917	
plean	crush-portfolio	1	Examples/LockServer.lean|LockServer.Node.Working.eAquire_correct_block0_system_config	LockServer.Node.Working.eAquire_correct_block0_system_config	4514497018860643544	core-reconstructed	certificate-error	core-directed reconstruction succeeded	486197251	collect=633208,pre-reconstruct=10629417,normalize=10925417,monomorphize=41875,instantiate=15125,translate=33034750,solve=398858333,replay=10709,reconstruct=32048417	
plean	crush-portfolio	1	Examples/LockServer.lean|LockServer.Node.Working.eAquire_correct_block0_system_config	LockServer.Node.Working.eAquire_correct_block0_system_config	4518981198314125566	pre-reconstructed	not-attempted	closed before SMT translation	1658977083	collect=556333,pre-reconstruct=1658420750	
plean	crush-portfolio	1	Examples/LockServer.lean|LockServer.Node.Working.eAquire_correct_block0_system_config	LockServer.Node.Working.eAquire_correct_block0_system_config	14179618030355035952	pre-reconstructed	not-attempted	closed before SMT translation	1576546250	collect=436166,pre-reconstruct=1576110084	
plean	crush-portfolio	1	Examples/LockServer.lean|LockServer.Node.Working.eAquire_correct_block0_system_config	LockServer.Node.Working.eAquire_correct_block0_system_config	8236911049903588693	unknown	not-attempted	solver exited without a verdict: cvc5 interrupted by timeout.	5409962042	collect=406625,pre-reconstruct=4357541,normalize=9960500,monomorphize=41000,instantiate=9917,translate=29099709,solve=5366086750	
plean	crush-portfolio	1	Examples/LockServer.lean|LockServer.Node.Working.eAquire_correct_block0_system_config	LockServer.Node.Working.eAquire_correct_block0_system_config	14686363261710415044	pre-reconstructed	not-attempted	closed before SMT translation	3199499	collect=434333,pre-reconstruct=2765166	
plean	crush-portfolio	1	Examples/LockServer.lean|LockServer.Node.Working.eAquire_correct_block0_system_config	LockServer.Node.Working.eAquire_correct_block0_system_config	327222602524042645	selected-fact	not-attempted	closed from a selected Lean fact	406875	collect=406875	
plean	crush-portfolio	1	Examples/LockServer.lean|LockServer.Node.Working.eAquire_correct_block0_system_config	LockServer.Node.Working.eAquire_correct_block0_system_config	513016926388149230	selected-fact	not-attempted	closed from a selected Lean fact	431125	collect=431125	
plean	crush-portfolio	1	Examples/LockServer.lean|LockServer.Node.Working.eAquire_correct_block0_system_config	LockServer.Node.Working.eAquire_correct_block0_system_config	12685331912900740223	selected-fact	not-attempted	closed from a selected Lean fact	384750	collect=384750	
plean	crush-portfolio	1	Examples/LockServer.lean|LockServer.Node.Working.eAquire_correct_block0_system_config	LockServer.Node.Working.eAquire_correct_block0_system_config	4986805042211733625	pre-reconstructed	not-attempted	closed before SMT translation	3160958	collect=476375,pre-reconstruct=2684583	
plean	crush-portfolio	1	Examples/LockServer.lean|LockServer.Node.Working.eAquire_correct_block0_system_config	LockServer.Node.Working.eAquire_correct_block0_system_config	10688673803728801511	pre-reconstructed	not-attempted	closed before SMT translation	3374875	collect=412875,pre-reconstruct=2962000	
plean	crush-portfolio	1	Examples/LockServer.lean|LockServer.Node.Working.eAquire_correct_block0_system_config	LockServer.Node.Working.eAquire_correct_block0_system_config	4514497018860643544	core-reconstructed	certificate-error	core-directed reconstruction succeeded	491402292	collect=430875,pre-reconstruct=10493000,normalize=9458209,monomorphize=36458,instantiate=24625,translate=30573125,solve=404106791,replay=11000,reconstruct=36268209	
plean	crush-portfolio	1	Examples/LockServer.lean|LockServer.Node.Working.eAquire_correct_block0_system_config	LockServer.Node.Working.eAquire_correct_block0_system_config	4514497018860643544	core-reconstructed	certificate-error	core-directed reconstruction succeeded	495065165	collect=437167,pre-reconstruct=9635667,normalize=9600041,monomorphize=35708,instantiate=12916,translate=32533792,solve=407023583,replay=11625,reconstruct=35774666	
plean	crush-portfolio	1	Examples/LockServer.lean|LockServer.Node.Working.eAquire_correct_block0_system_config	LockServer.Node.Working.eAquire_correct_block0_system_config	4514497018860643544	core-reconstructed	certificate-error	core-directed reconstruction succeeded	500410126	collect=527500,pre-reconstruct=9609375,normalize=9812459,monomorphize=35250,instantiate=10125,translate=31250459,solve=412261625,replay=10958,reconstruct=36892375	
plean	crush-portfolio	1	Examples/LockServer.lean|LockServer.Node.Working.eAquire_correct_block0_system_config	LockServer.Node.Working.eAquire_correct_block0_system_config	4514497018860643544	core-reconstructed	certificate-error	core-directed reconstruction succeeded	498651043	collect=440125,pre-reconstruct=11279750,normalize=10363917,monomorphize=54667,instantiate=13084,translate=33174250,solve=412667416,replay=14042,reconstruct=30643792	
plean	crush-portfolio	1	Examples/LockServer.lean|LockServer.Node.Working.eAquire_correct_block0_system_config	LockServer.Node.Working.eAquire_correct_block0_system_config	4514497018860643544	core-reconstructed	certificate-error	core-directed reconstruction succeeded	485991790	collect=471083,pre-reconstruct=11104916,normalize=10565000,monomorphize=50084,instantiate=22208,translate=32894583,solve=402402500,replay=11791,reconstruct=28469625	
plean	crush-portfolio	1	Examples/LockServer.lean|LockServer.Node.Working.eAquire_correct_block0_system_config	LockServer.Node.Working.eAquire_correct_block0_system_config	1610633711058459474	unknown	not-attempted	solver exited without a verdict: cvc5 interrupted by timeout.	5432543458	collect=475667,pre-reconstruct=4642708,normalize=10136042,monomorphize=44458,instantiate=12750,translate=30161208,solve=5387070625	
plean	crush-portfolio	1	Examples/LockServer.lean|LockServer.Node.Working.eAquire_correct_block0_system_config	LockServer.Node.Working.eAquire_correct_block0_system_config	14686363261710415044	pre-reconstructed	not-attempted	closed before SMT translation	3297541	collect=417416,pre-reconstruct=2880125	
plean	crush-portfolio	1	Examples/LockServer.lean|LockServer.Node.Working.eAquire_correct_block0_system_config	LockServer.Node.Working.eAquire_correct_block0_system_config	327222602524042645	selected-fact	not-attempted	closed from a selected Lean fact	415916	collect=415916	
plean	crush-portfolio	1	Examples/LockServer.lean|LockServer.Node.Working.eAquire_correct_block0_system_config	LockServer.Node.Working.eAquire_correct_block0_system_config	513016926388149230	selected-fact	not-attempted	closed from a selected Lean fact	377292	collect=377292	
plean	crush-portfolio	1	Examples/LockServer.lean|LockServer.Node.Working.eAquire_correct_block0_system_config	LockServer.Node.Working.eAquire_correct_block0_system_config	12685331912900740223	selected-fact	not-attempted	closed from a selected Lean fact	378084	collect=378084	
plean	crush-portfolio	1	Examples/LockServer.lean|LockServer.Node.Working.eAquire_correct_block0_system_config	LockServer.Node.Working.eAquire_correct_block0_system_config	4986805042211733625	pre-reconstructed	not-attempted	closed before SMT translation	3398999	collect=417916,pre-reconstruct=2981083	
plean	crush-portfolio	1	Examples/LockServer.lean|LockServer.Node.Working.eAquire_correct_block0_system_config	LockServer.Node.Working.eAquire_correct_block0_system_config	10688673803728801511	pre-reconstructed	not-attempted	closed before SMT translation	3635749	collect=381458,pre-reconstruct=3254291	
plean	crush-portfolio	1	Examples/LockServer.lean|LockServer.Node.Working.eAquire_correct_block0_system_config	LockServer.Node.Working.eAquire_correct_block0_system_config	4514497018860643544	core-reconstructed	certificate-error	core-directed reconstruction succeeded	486158333	collect=409916,pre-reconstruct=9353583,normalize=9497125,monomorphize=38458,instantiate=13959,translate=30282375,solve=403011000,replay=10917,reconstruct=33541000	
plean	crush-portfolio	1	Examples/LockServer.lean|LockServer.Node.Working.eAquire_correct_block0_system_config	LockServer.Node.Working.eAquire_correct_block0_system_config	4514497018860643544	core-reconstructed	certificate-error	core-directed reconstruction succeeded	497909333	collect=437042,pre-reconstruct=9282833,normalize=9719250,monomorphize=38583,instantiate=10125,translate=32193667,solve=410167500,replay=11708,reconstruct=36048625	
plean	crush-portfolio	1	Examples/LockServer.lean|LockServer.Node.Working.eAquire_correct_block0_system_config	LockServer.Node.Working.eAquire_correct_block0_system_config	4514497018860643544	core-reconstructed	certificate-error	core-directed reconstruction succeeded	489516084	collect=432958,pre-reconstruct=9072083,normalize=9489334,monomorphize=38125,instantiate=11500,translate=30751833,solve=402391875,replay=11417,reconstruct=37316959	
plean	crush-portfolio	1	Examples/LockServer.lean|LockServer.Node.Working.eAquire_correct_block0_system_config	LockServer.Node.Working.eAquire_correct_block0_system_config	4514497018860643544	core-reconstructed	certificate-error	core-directed reconstruction succeeded	480044501	collect=423459,pre-reconstruct=9330000,normalize=9811042,monomorphize=35042,instantiate=12333,translate=30769875,solve=402144209,replay=10541,reconstruct=27508000	
plean	crush-portfolio	1	Examples/LockServer.lean|LockServer.Node.Working.eAquire_correct_block0_system_config	LockServer.Node.Working.eAquire_correct_block0_system_config	4514497018860643544	core-reconstructed	certificate-error	core-directed reconstruction succeeded	492928668	collect=482916,pre-reconstruct=9641167,normalize=10135708,monomorphize=45334,instantiate=11709,translate=33232917,solve=410838583,replay=10750,reconstruct=28529584	
plean	crush-portfolio	1	Examples/LockServer.lean|LockServer.Node.Working.eAquire_correct_block0_system_config	LockServer.Node.Working.eAquire_correct_block0_system_config	1610633711058459474	unknown	not-attempted	solver exited without a verdict: cvc5 interrupted by timeout.	5434695208	collect=408000,pre-reconstruct=4269917,normalize=9115500,monomorphize=35417,instantiate=10583,translate=30599916,solve=5390255875	
plean	crush-portfolio	1	Examples/LockServer.lean|LockServer.Node.Working.eRelease_correct_block0_system_config	LockServer.Node.Working.eRelease_correct_block0_system_config	4771238628247517874	unknown	not-attempted	solver exited without a verdict: cvc5 interrupted by timeout.	5684422457	collect=823041,pre-reconstruct=128693209,normalize=26595875,monomorphize=45833,instantiate=23875,translate=118065791,solve=5410174833	
plean	crush-portfolio	1	Examples/LockServer.lean|LockServer.Node.Working.eRelease_correct_block0_system_config	LockServer.Node.Working.eRelease_correct_block0_system_config	4771238628247517874	unknown	not-attempted	solver exited without a verdict: cvc5 interrupted by timeout.	5660396249	collect=682375,pre-reconstruct=129954291,normalize=28357958,monomorphize=32542,instantiate=21708,translate=119374375,solve=5381973000	
plean	crush-portfolio	1	Examples/LockServer.lean|LockServer.Node.Working.eGrant_correct_block0_system_config	LockServer.Node.Working.eGrant_correct_block0_system_config	10469584737019126809	core-reconstructed	certificate-error	core-directed reconstruction succeeded	13956215958	collect=527875,pre-reconstruct=13427331083,normalize=13349417,monomorphize=50458,instantiate=19625,translate=40971458,solve=444482584,replay=20583,reconstruct=29462875	
plean	crush-portfolio	1	Examples/LockServer.lean|LockServer.Node.Working.eGrant_correct_block0_system_config	LockServer.Node.Working.eGrant_correct_block0_system_config	988427700800287548	core-reconstructed	certificate-error	core-directed reconstruction succeeded	464628375	collect=448791,pre-reconstruct=13915417,normalize=10342250,monomorphize=40375,instantiate=13083,translate=31094750,solve=388437334,replay=11583,reconstruct=20324792	
plean	crush-portfolio	1	Examples/LockServer.lean|LockServer.base_block1_unique_lock_holder	LockServer.base_block1_unique_lock_holder	16773836904586594644	core-reconstructed	certificate-error	core-directed reconstruction succeeded	463339666	collect=214625,pre-reconstruct=356417,normalize=2799125,monomorphize=15625,instantiate=17166,translate=14386250,solve=420390625,replay=19583,reconstruct=25140250	
plean	crush-portfolio	1	Examples/LockServer.lean|LockServer.base_block1_unique_grant	LockServer.base_block1_unique_grant	10849681932946429018	core-reconstructed	certificate-error	core-directed reconstruction succeeded	420351666	collect=215000,pre-reconstruct=644833,normalize=2332959,monomorphize=16250,instantiate=16416,translate=12468125,solve=380764375,replay=21125,reconstruct=23872583	
plean	crush-portfolio	1	Examples/LockServer.lean|LockServer.base_block1_unique_unlock	LockServer.base_block1_unique_unlock	10849681932946429018	core-reconstructed	certificate-error	core-directed reconstruction succeeded	423248416	collect=267625,pre-reconstruct=723750,normalize=2695166,monomorphize=16417,instantiate=20917,translate=13950000,solve=385639166,replay=19750,reconstruct=19915625	
plean	crush-portfolio	1	Examples/LockServer.lean|LockServer.base_block1_grant_server_unlocked	LockServer.base_block1_grant_server_unlocked	8816480584991979279	core-reconstructed	certificate-error	core-directed reconstruction succeeded	438974917	collect=236500,pre-reconstruct=915458,normalize=2710375,monomorphize=16542,instantiate=18708,translate=13044292,solve=400315042,replay=20500,reconstruct=21697500	
plean	crush-portfolio	1	Examples/LockServer.lean|LockServer.base_block1_no_lock_while_grant	LockServer.base_block1_no_lock_while_grant	2858811034250566954	core-reconstructed	certificate-error	core-directed reconstruction succeeded	428069541	collect=229250,pre-reconstruct=890834,normalize=3211750,monomorphize=22292,instantiate=18666,translate=14465500,solve=387013166,replay=20000,reconstruct=22198083	
plean	crush-portfolio	1	Examples/LockServer.lean|LockServer.base_block1_no_lock_while_unlock	LockServer.base_block1_no_lock_while_unlock	2858811034250566954	core-reconstructed	certificate-error	core-directed reconstruction succeeded	422527000	collect=263875,pre-reconstruct=927875,normalize=2966500,monomorphize=16292,instantiate=20416,translate=14077500,solve=383988167,replay=16166,reconstruct=20250209	
plean	crush-portfolio	1	Examples/LockServer.lean|LockServer.base_block1_no_lock_while_unlock	LockServer.base_block1_no_lock_while_unlock	8816480584991979279	core-reconstructed	certificate-error	core-directed reconstruction succeeded	435617709	collect=215375,pre-reconstruct=1481000,normalize=3294084,monomorphize=10958,instantiate=9542,translate=14152959,solve=389370583,replay=13458,reconstruct=27069750	
plean	crush-portfolio	1	Examples/LockServer.lean|LockServer.base_block1_grant_not_unlock	LockServer.base_block1_grant_not_unlock	5020557892783833700	core-reconstructed	certificate-error	core-directed reconstruction succeeded	414784915	collect=255875,pre-reconstruct=787083,normalize=2521708,monomorphize=21500,instantiate=23875,translate=13816792,solve=375005333,replay=22541,reconstruct=22330208	
plean	crush-portfolio	1	Examples/LockServer.lean|LockServer.base_block1_node_server_mutex	LockServer.base_block1_node_server_mutex	15721615376094418957	core-reconstructed	certificate-error	core-directed reconstruction succeeded	442765125	collect=213459,pre-reconstruct=1732125,normalize=2891000,monomorphize=15542,instantiate=17458,translate=13383500,solve=398570750,replay=18375,reconstruct=25922916	
plean	crush-portfolio	1	Examples/LockServer.lean|LockServer.Node.Working.eAquire_correct_block1_safety_using_system_config	LockServer.Node.Working.eAquire_correct_block1_safety_using_system_config	16773836904586594644	pre-reconstructed	not-attempted	closed before SMT translation	6285792	collect=691667,pre-reconstruct=5594125	
plean	crush-portfolio	1	Examples/LockServer.lean|LockServer.Node.Working.eAquire_correct_block1_safety_using_system_config	LockServer.Node.Working.eAquire_correct_block1_safety_using_system_config	10849681932946429018	pre-reconstructed	not-attempted	closed before SMT translation	20796178667	collect=590750,pre-reconstruct=20795587917	
plean	crush-portfolio	1	Examples/LockServer.lean|LockServer.Node.Working.eRelease_correct_block1_safety_using_system_config	LockServer.Node.Working.eRelease_correct_block1_safety_using_system_config	15472059920208394241	core-reconstructed	certificate-error	core-directed reconstruction succeeded	1585618167	collect=972041,pre-reconstruct=143475459,normalize=32513083,monomorphize=47417,instantiate=18416,translate=126571709,solve=604839333,replay=20917,reconstruct=677159792	
plean	crush-portfolio	1	Examples/LockServer.lean|LockServer.Node.Working.eRelease_correct_block1_safety_using_system_config	LockServer.Node.Working.eRelease_correct_block1_safety_using_system_config	14403342944072032826	core-reconstructed	certificate-error	core-directed reconstruction succeeded	901080708	collect=655458,pre-reconstruct=19531542,normalize=22826291,monomorphize=41208,instantiate=13083,translate=70073459,solve=462325042,replay=11750,reconstruct=325602875	
plean	crush-portfolio	1	Examples/LockServer.lean|LockServer.base_block1_UniqueActions	LockServer.base_block1_UniqueActions	17799728052405574097	core-reconstructed	certificate-error	core-directed reconstruction succeeded	383595126	collect=206292,pre-reconstruct=1008375,normalize=2461708,monomorphize=16458,instantiate=17834,translate=12066584,solve=342695709,replay=19583,reconstruct=25102583	
plean	crush-portfolio	1	Examples/LockServer.lean|LockServer.base_block1_IncreasingCount	LockServer.base_block1_IncreasingCount	16645480121653727987	core-reconstructed	certificate-error	core-directed reconstruction succeeded	359741416	collect=191750,pre-reconstruct=103708,normalize=2066542,monomorphize=12875,instantiate=15791,translate=11584375,solve=321194292,replay=18666,reconstruct=24553417	
plean	crush-portfolio	1	Examples/LockServer.lean|LockServer.base_block1_ReceivedSubsetSent	LockServer.base_block1_ReceivedSubsetSent	5156885450211704390	core-reconstructed	certificate-error	core-directed reconstruction succeeded	380213581	collect=187375,pre-reconstruct=327083,normalize=2119333,monomorphize=14541,instantiate=16708,translate=12022458,solve=342701625,replay=18958,reconstruct=22805500	
plean	crush-portfolio	1	Examples/LockServer.lean|LockServer.Server.Serving.eLock_correct_block1_default_using_system_config	LockServer.Server.Serving.eLock_correct_block1_default_using_system_config	10577971421229949761	core-reconstructed	certificate-error	core-directed reconstruction succeeded	590907667	collect=555000,pre-reconstruct=56875458,normalize=12950541,monomorphize=45500,instantiate=18959,translate=38273625,solve=393016584,replay=23250,reconstruct=89148750	
plean	crush-portfolio	1	Examples/LockServer.lean|LockServer.Server.Serving.eLock_correct_block1_default_using_system_config	LockServer.Server.Serving.eLock_correct_block1_default_using_system_config	1648220582697772830	core-reconstructed	certificate-error	core-directed reconstruction succeeded	451957458	collect=494375,pre-reconstruct=8680041,normalize=11911041,monomorphize=38583,instantiate=15750,translate=34824000,solve=360350417,replay=11209,reconstruct=35632042	
plean	crush-portfolio	1	Examples/LockServer.lean|LockServer.Server.Serving.eUnlock_correct_block1_default_using_system_config	LockServer.Server.Serving.eUnlock_correct_block1_default_using_system_config	16544938116920668609	pre-reconstructed	not-attempted	closed before SMT translation	3929500	collect=485792,pre-reconstruct=3443708	
plean	crush-portfolio	1	Examples/LockServer.lean|LockServer.Server.Serving.eUnlock_correct_block1_default_using_system_config	LockServer.Server.Serving.eUnlock_correct_block1_default_using_system_config	528461590877090962	core-reconstructed	certificate-error	core-directed reconstruction succeeded	407316000	collect=357000,pre-reconstruct=3154125,normalize=10086666,monomorphize=41750,instantiate=22292,translate=33643750,solve=358662667,replay=23000,reconstruct=1324750	
plean	crush-portfolio	1	Examples/LockServer.lean|LockServer.Server.Serving.eUnlock_correct_block1_default_using_system_config	LockServer.Server.Serving.eUnlock_correct_block1_default_using_system_config	12889697509642270060	core-reconstructed	certificate-error	core-directed reconstruction succeeded	543337459	collect=660417,pre-reconstruct=3697750,normalize=10460292,monomorphize=32542,instantiate=15167,translate=31935459,solve=360871916,replay=11541,reconstruct=135652375	
plean	crush-portfolio	1	Examples/LockServer.lean|LockServer.Node.Working.eAquire_correct_block1_default_using_system_config	LockServer.Node.Working.eAquire_correct_block1_default_using_system_config	16544938116920668609	core-reconstructed	certificate-error	core-directed reconstruction succeeded	4653397211	collect=539208,pre-reconstruct=3570279333,normalize=12108459,monomorphize=42792,instantiate=16959,translate=35316917,solve=357453584,replay=922292,reconstruct=676717667	
plean	crush-portfolio	1	Examples/LockServer.lean|LockServer.Node.Working.eAquire_correct_block1_default_using_system_config	LockServer.Node.Working.eAquire_correct_block1_default_using_system_config	15844998937588682005	core-reconstructed	certificate-error	core-directed reconstruction succeeded	439896668	collect=535042,pre-reconstruct=3188834,normalize=10400750,monomorphize=33500,instantiate=12041,translate=33165542,solve=364954209,replay=12333,reconstruct=27594417	
plean	crush-portfolio	1	Examples/LockServer.lean|LockServer.Node.Working.eAquire_correct_block1_default_using_system_config	LockServer.Node.Working.eAquire_correct_block1_default_using_system_config	1228555396091097693	core-reconstructed	certificate-error	core-directed reconstruction succeeded	427520584	collect=485042,pre-reconstruct=11379083,normalize=11141292,monomorphize=30042,instantiate=11375,translate=36573208,solve=342424042,replay=11125,reconstruct=25465375	
plean	crush-portfolio	1	Examples/LockServer.lean|LockServer.Node.Working.eRelease_correct_block1_default_using_system_config	LockServer.Node.Working.eRelease_correct_block1_default_using_system_config	14195648400486448912	core-reconstructed	certificate-error	core-directed reconstruction succeeded	600856706	collect=572333,pre-reconstruct=49563250,normalize=13176708,monomorphize=45500,instantiate=18167,translate=40080666,solve=403268291,replay=17625,reconstruct=94114166	
plean	crush-portfolio	1	Examples/LockServer.lean|LockServer.Node.Working.eRelease_correct_block1_default_using_system_config	LockServer.Node.Working.eRelease_correct_block1_default_using_system_config	1648220582697772830	core-reconstructed	certificate-error	core-directed reconstruction succeeded	438350999	collect=461917,pre-reconstruct=7569833,normalize=11059208,monomorphize=30375,instantiate=13125,translate=34103584,solve=353247291,replay=12708,reconstruct=31852958	
plean	crush-portfolio	1	Examples/LockServer.lean|LockServer.Node.Working.eGrant_correct_block1_default_using_system_config	LockServer.Node.Working.eGrant_correct_block1_default_using_system_config	16544938116920668609	pre-reconstructed	not-attempted	closed before SMT translation	3866749	collect=467791,pre-reconstruct=3398958	
plean	crush-portfolio	1	Examples/LockServer.lean|LockServer.Node.Working.eGrant_correct_block1_default_using_system_config	LockServer.Node.Working.eGrant_correct_block1_default_using_system_config	528461590877090962	core-reconstructed	certificate-error	core-directed reconstruction succeeded	413156459	collect=392500,pre-reconstruct=3167208,normalize=10008625,monomorphize=40792,instantiate=19459,translate=31254542,solve=366981583,replay=19000,reconstruct=1272750	
plean	crush-portfolio	1	Examples/LockServer.lean|LockServer.Node.Working.eGrant_correct_block1_default_using_system_config	LockServer.Node.Working.eGrant_correct_block1_default_using_system_config	12889697509642270060	core-reconstructed	certificate-error	core-directed reconstruction succeeded	528948668	collect=594417,pre-reconstruct=3423625,normalize=10094292,monomorphize=29959,instantiate=13708,translate=32712125,solve=347818417,replay=10875,reconstruct=134251250	
plean	crush-verify	1	Examples/PingPongAuto.lean|PingPongAuto.base_Safety_pong_after_ping	PingPongAuto.base_Safety_pong_after_ping	18288489372800052644	verified	not-requested	solver returned unsat; closed under the trust policy	397789583	collect=594667,pre-reconstruct=3826333,normalize=321500,monomorphize=97042,instantiate=91083,translate=11339916,solve=381519042	
plean	crush-verify	1	Examples/PingPongAuto.lean|PingPongAuto.Server.Idle.ePing_correct_Safety_safety_using_default	PingPongAuto.Server.Idle.ePing_correct_Safety_safety_using_default	9381606963662592011	verified	not-requested	solver returned unsat; closed under the trust policy	428105458	collect=396042,pre-reconstruct=3554375,normalize=3225250,monomorphize=25250,instantiate=20625,translate=13138541,solve=407745375	
plean	crush-verify	1	Examples/PingPongAuto.lean|PingPongAuto.base_Safety_UniqueActions	PingPongAuto.base_Safety_UniqueActions	17799728052405574097	verified	not-requested	solver returned unsat; closed under the trust policy	398616792	collect=185000,pre-reconstruct=1407416,normalize=1076209,monomorphize=16833,instantiate=19667,translate=5391583,solve=390520084	
plean	crush-verify	1	Examples/PingPongAuto.lean|PingPongAuto.base_Safety_IncreasingCount	PingPongAuto.base_Safety_IncreasingCount	16645480121653727987	verified	not-requested	solver returned unsat; closed under the trust policy	422387084	collect=143417,pre-reconstruct=101292,normalize=89583,monomorphize=14625,instantiate=19667,translate=4714000,solve=417304500	
plean	crush-verify	1	Examples/PingPongAuto.lean|PingPongAuto.base_Safety_ReceivedSubsetSent	PingPongAuto.base_Safety_ReceivedSubsetSent	5156885450211704390	verified	not-requested	solver returned unsat; closed under the trust policy	404309667	collect=130583,pre-reconstruct=260834,normalize=88416,monomorphize=13375,instantiate=18875,translate=4833042,solve=398964542	
plean	crush-verify	1	Examples/PingPongAuto.lean|PingPongAuto.Server.Idle.ePing_correct_Safety_default	PingPongAuto.Server.Idle.ePing_correct_Safety_default	16544938116920668609	verified	not-requested	solver returned unsat; closed under the trust policy	414191668	collect=306042,pre-reconstruct=1147125,normalize=2849917,monomorphize=23708,instantiate=21042,translate=9767417,solve=400076417	
plean	crush-verify	1	Examples/PingPongAuto.lean|PingPongAuto.Server.Idle.ePing_correct_Safety_default	PingPongAuto.Server.Idle.ePing_correct_Safety_default	15844998937588682005	verified	not-requested	solver returned unsat; closed under the trust policy	411181042	collect=300959,pre-reconstruct=339875,normalize=2441000,monomorphize=15458,instantiate=13125,translate=9520875,solve=398549750	
plean	crush-verify	1	Examples/PingPongAuto.lean|PingPongAuto.Server.Idle.ePing_correct_Safety_default	PingPongAuto.Server.Idle.ePing_correct_Safety_default	13732268014966527204	verified	not-requested	solver returned unsat; closed under the trust policy	413978167	collect=264458,pre-reconstruct=6275209,normalize=2536917,monomorphize=18875,instantiate=13542,translate=8432583,solve=396436583	
plean	crush-portfolio	1	Examples/PingPongAuto.lean|PingPongAuto.base_Safety_pong_after_ping	PingPongAuto.base_Safety_pong_after_ping	18288489372800052644	core-reconstructed	certificate-error	core-directed reconstruction succeeded	448572542	collect=586208,pre-reconstruct=3837208,normalize=329584,monomorphize=116041,instantiate=92959,translate=12106875,solve=418434875,replay=122292,reconstruct=12946500	
plean	crush-portfolio	1	Examples/PingPongAuto.lean|PingPongAuto.Server.Idle.ePing_correct_Safety_safety_using_default	PingPongAuto.Server.Idle.ePing_correct_Safety_safety_using_default	9381606963662592011	core-reconstructed	certificate-error	core-directed reconstruction succeeded	508799917	collect=434167,pre-reconstruct=4679416,normalize=3224125,monomorphize=26875,instantiate=28375,translate=12805000,solve=431160917,replay=18792,reconstruct=56422250	
plean	crush-portfolio	1	Examples/PingPongAuto.lean|PingPongAuto.base_Safety_UniqueActions	PingPongAuto.base_Safety_UniqueActions	17799728052405574097	core-reconstructed	certificate-error	core-directed reconstruction succeeded	425570750	collect=171708,pre-reconstruct=1391625,normalize=1106958,monomorphize=15917,instantiate=17834,translate=5524875,solve=409921916,replay=17542,reconstruct=7402375	
plean	crush-portfolio	1	Examples/PingPongAuto.lean|PingPongAuto.base_Safety_IncreasingCount	PingPongAuto.base_Safety_IncreasingCount	16645480121653727987	core-reconstructed	certificate-error	core-directed reconstruction succeeded	421964833	collect=139458,pre-reconstruct=106583,normalize=87625,monomorphize=13250,instantiate=15959,translate=5139333,solve=408766667,replay=17500,reconstruct=7678458	
plean	crush-portfolio	1	Examples/PingPongAuto.lean|PingPongAuto.base_Safety_ReceivedSubsetSent	PingPongAuto.base_Safety_ReceivedSubsetSent	5156885450211704390	core-reconstructed	certificate-error	core-directed reconstruction succeeded	427387083	collect=137125,pre-reconstruct=251584,normalize=90083,monomorphize=13625,instantiate=15583,translate=4694584,solve=415048042,replay=17791,reconstruct=7118666	
plean	crush-portfolio	1	Examples/PingPongAuto.lean|PingPongAuto.Server.Idle.ePing_correct_Safety_default	PingPongAuto.Server.Idle.ePing_correct_Safety_default	16544938116920668609	core-reconstructed	certificate-error	core-directed reconstruction succeeded	1146941042	collect=358750,pre-reconstruct=88188666,normalize=3507542,monomorphize=33667,instantiate=16791,translate=10580959,solve=415485250,replay=18458,reconstruct=628750959	
plean	crush-portfolio	1	Examples/PingPongAuto.lean|PingPongAuto.Server.Idle.ePing_correct_Safety_default	PingPongAuto.Server.Idle.ePing_correct_Safety_default	15844998937588682005	core-reconstructed	certificate-error	core-directed reconstruction succeeded	446568377	collect=225375,pre-reconstruct=797417,normalize=2393959,monomorphize=15666,instantiate=9875,translate=8945209,solve=410237917,replay=10417,reconstruct=23932542	
plean	crush-portfolio	1	Examples/PingPongAuto.lean|PingPongAuto.Server.Idle.ePing_correct_Safety_default	PingPongAuto.Server.Idle.ePing_correct_Safety_default	13732268014966527204	core-reconstructed	certificate-error	core-directed reconstruction succeeded	447543499	collect=199875,pre-reconstruct=6616500,normalize=2596750,monomorphize=18291,instantiate=13791,translate=9191875,solve=406517875,replay=10417,reconstruct=22378125	
plean	crush-verify	1	Examples/RingLeader.lean|RingLeader.base_block0_LeaderMax	RingLeader.base_block0_LeaderMax	18214968319457382413	verified	not-requested	solver returned unsat; closed under the trust policy	435299541	collect=726292,pre-reconstruct=3192125,normalize=3022708,monomorphize=122750,instantiate=96666,translate=16398625,solve=411740375	
plean	crush-verify	1	Examples/RingLeader.lean|RingLeader.base_block0_Aux	RingLeader.base_block0_Aux	6338006259632583832	verified	not-requested	solver returned unsat; closed under the trust policy	449584207	collect=249333,pre-reconstruct=886583,normalize=2330083,monomorphize=26708,instantiate=22000,translate=10313417,solve=435756083	
plean	crush-verify	1	Examples/RingLeader.lean|RingLeader.base_block0_NoBypass	RingLeader.base_block0_NoBypass	2988620290146603912	verified	not-requested	solver returned unsat; closed under the trust policy	440300128	collect=278125,pre-reconstruct=1699334,normalize=2714917,monomorphize=29084,instantiate=22250,translate=12462584,solve=423093834	
plean	crush-verify	1	Examples/RingLeader.lean|RingLeader.base_block0_SelfPendingMax	RingLeader.base_block0_SelfPendingMax	8450047937783188241	verified	not-requested	solver returned unsat; closed under the trust policy	432929626	collect=271209,pre-reconstruct=1413250,normalize=2525334,monomorphize=28708,instantiate=23750,translate=12050041,solve=416617334	
plean	crush-verify	1	Examples/RingLeader.lean|RingLeader.Server.Proposing.eNominate_correct_block0_lemmas	RingLeader.Server.Proposing.eNominate_correct_block0_lemmas	1297098216057955516	unknown	not-attempted	no reason given	1924172127	collect=709958,pre-reconstruct=20474417,normalize=6600792,monomorphize=67459,instantiate=26959,translate=41316375,solve=1854976167	
plean	crush-verify	1	Examples/RingLeader.lean|RingLeader.Server.Proposing.eNominate_correct_block0_lemmas	RingLeader.Server.Proposing.eNominate_correct_block0_lemmas	1297098216057955516	unknown	not-attempted	no reason given	1927669793	collect=633375,pre-reconstruct=16391958,normalize=7074125,monomorphize=58792,instantiate=21625,translate=43533709,solve=1859956209	
plean	crush-verify	1	Examples/RingLeader.lean|RingLeader.Server.Proposing.eNominate_correct_block0_lemmas	RingLeader.Server.Proposing.eNominate_correct_block0_lemmas	18214968319457382413	unknown	not-attempted	no reason given	1403184834	collect=586708,pre-reconstruct=2008458,normalize=5062042,monomorphize=57500,instantiate=17209,translate=31155084,solve=1364297833	
plean	crush-verify	1	Examples/RingLeader.lean|RingLeader.Server.Proposing.eNominate_correct_block0_lemmas	RingLeader.Server.Proposing.eNominate_correct_block0_lemmas	18214968319457382413	unknown	not-attempted	no reason given	1413722876	collect=521291,pre-reconstruct=1840459,normalize=4971333,monomorphize=58042,instantiate=16292,translate=32751917,solve=1373563542	
plean	crush-verify	1	Examples/RingLeader.lean|RingLeader.Server.Proposing.eNominate_correct_block0_lemmas	RingLeader.Server.Proposing.eNominate_correct_block0_lemmas	18214968319457382413	verified	not-requested	solver returned unsat; closed under the trust policy	521651917	collect=588000,pre-reconstruct=1922083,normalize=4887542,monomorphize=59125,instantiate=11875,translate=31388125,solve=482795167	
plean	crush-verify	1	Examples/RingLeader.lean|RingLeader.Server.Proposing.eNominate_correct_block0_lemmas	RingLeader.Server.Proposing.eNominate_correct_block0_lemmas	6338006259632583832	verified	not-requested	solver returned unsat; closed under the trust policy	480446083	collect=954083,pre-reconstruct=1595250,normalize=4582833,monomorphize=58000,instantiate=15042,translate=34853375,solve=438387500	
plean	crush-verify	1	Examples/RingLeader.lean|RingLeader.Server.Proposing.eNominate_correct_block0_lemmas	RingLeader.Server.Proposing.eNominate_correct_block0_lemmas	2988620290146603912	verified	not-requested	solver returned unsat; closed under the trust policy	478119085	collect=740709,pre-reconstruct=3995792,normalize=5450500,monomorphize=66458,instantiate=17917,translate=33182584,solve=434665125	
plean	crush-verify	1	Examples/RingLeader.lean|RingLeader.Server.Proposing.eNominate_correct_block0_lemmas	RingLeader.Server.Proposing.eNominate_correct_block0_lemmas	8450047937783188241	verified	not-requested	solver returned unsat; closed under the trust policy	490832042	collect=708833,pre-reconstruct=2298542,normalize=5308167,monomorphize=61208,instantiate=15709,translate=32392708,solve=450046875	
plean	crush-verify	1	Examples/RingLeader.lean|RingLeader.Server.Proposing.eNominate_correct_block0_lemmas	RingLeader.Server.Proposing.eNominate_correct_block0_lemmas	8236911049903588693	unknown	not-attempted	no reason given	596999833	collect=624458,pre-reconstruct=2437375,normalize=4811167,monomorphize=55375,instantiate=15333,translate=33029375,solve=556026750	
plean	crush-verify	1	Examples/RingLeader.lean|RingLeader.Server.Proposing.eNominate_correct_block0_lemmas	RingLeader.Server.Proposing.eNominate_correct_block0_lemmas	18214968319457382413	verified	not-requested	solver returned unsat; closed under the trust policy	464319043	collect=544458,pre-reconstruct=1996750,normalize=4614208,monomorphize=57834,instantiate=17709,translate=33483834,solve=423604250	
plean	crush-verify	1	Examples/RingLeader.lean|RingLeader.Server.Proposing.eNominate_correct_block0_lemmas	RingLeader.Server.Proposing.eNominate_correct_block0_lemmas	6338006259632583832	verified	not-requested	solver returned unsat; closed under the trust policy	471237582	collect=786583,pre-reconstruct=2222416,normalize=4808250,monomorphize=58750,instantiate=19458,translate=33817833,solve=429524292	
plean	crush-verify	1	Examples/RingLeader.lean|RingLeader.Server.Proposing.eNominate_correct_block0_lemmas	RingLeader.Server.Proposing.eNominate_correct_block0_lemmas	2988620290146603912	verified	not-requested	solver returned unsat; closed under the trust policy	480940584	collect=700667,pre-reconstruct=4650500,normalize=5460083,monomorphize=61000,instantiate=17667,translate=35750167,solve=434300500	
plean	crush-verify	1	Examples/RingLeader.lean|RingLeader.Server.Proposing.eNominate_correct_block0_lemmas	RingLeader.Server.Proposing.eNominate_correct_block0_lemmas	8450047937783188241	verified	not-requested	solver returned unsat; closed under the trust policy	478948209	collect=710625,pre-reconstruct=2301250,normalize=5588500,monomorphize=66292,instantiate=18625,translate=35795875,solve=434467042	
plean	crush-verify	1	Examples/RingLeader.lean|RingLeader.Server.Proposing.eNominate_correct_block0_lemmas	RingLeader.Server.Proposing.eNominate_correct_block0_lemmas	8236911049903588693	unknown	not-attempted	no reason given	585831709	collect=675417,pre-reconstruct=2883709,normalize=5385334,monomorphize=56083,instantiate=15500,translate=32311250,solve=544504416	
plean	crush-verify	1	Examples/RingLeader.lean|RingLeader.Server.Proposing.eNominate_correct_block0_lemmas	RingLeader.Server.Proposing.eNominate_correct_block0_lemmas	18214968319457382413	verified	not-requested	solver returned unsat; closed under the trust policy	466073418	collect=498083,pre-reconstruct=1884084,normalize=4362584,monomorphize=56625,instantiate=17667,translate=31255375,solve=427999000	
plean	crush-verify	1	Examples/RingLeader.lean|RingLeader.Server.Proposing.eNominate_correct_block0_lemmas	RingLeader.Server.Proposing.eNominate_correct_block0_lemmas	6338006259632583832	verified	not-requested	solver returned unsat; closed under the trust policy	472701791	collect=514500,pre-reconstruct=1384000,normalize=4291083,monomorphize=58458,instantiate=13917,translate=29828958,solve=436610875	
plean	crush-verify	1	Examples/RingLeader.lean|RingLeader.Server.Proposing.eNominate_correct_block0_lemmas	RingLeader.Server.Proposing.eNominate_correct_block0_lemmas	2988620290146603912	verified	not-requested	solver returned unsat; closed under the trust policy	483160333	collect=554167,pre-reconstruct=2142708,normalize=4944500,monomorphize=61167,instantiate=16041,translate=32743042,solve=442698708	
plean	crush-verify	1	Examples/RingLeader.lean|RingLeader.Server.Proposing.eNominate_correct_block0_lemmas	RingLeader.Server.Proposing.eNominate_correct_block0_lemmas	8450047937783188241	verified	not-requested	solver returned unsat; closed under the trust policy	473433416	collect=557625,pre-reconstruct=1988333,normalize=4869291,monomorphize=62459,instantiate=16291,translate=33164042,solve=432775375	
plean	crush-verify	1	Examples/RingLeader.lean|RingLeader.Server.Proposing.eNominate_correct_block0_lemmas	RingLeader.Server.Proposing.eNominate_correct_block0_lemmas	4603268118125486097	verified	not-requested	solver returned unsat; closed under the trust policy	461314208	collect=486167,pre-reconstruct=1750208,normalize=4396416,monomorphize=142667,instantiate=21417,translate=30692417,solve=423824916	
plean	crush-verify	1	Examples/RingLeader.lean|RingLeader.Server.Proposing.eNominate_correct_block0_lemmas	RingLeader.Server.Proposing.eNominate_correct_block0_lemmas	4519860779536265759	unknown	not-attempted	no reason given	597832831	collect=724000,pre-reconstruct=4724833,normalize=4716333,monomorphize=55291,instantiate=15458,translate=29690208,solve=557906708	
plean	crush-verify	1	Examples/RingLeader.lean|RingLeader.Server.Proposing.eNominate_correct_block0_lemmas	RingLeader.Server.Proposing.eNominate_correct_block0_lemmas	18214968319457382413	verified	not-requested	solver returned unsat; closed under the trust policy	490374624	collect=500125,pre-reconstruct=1827291,normalize=4660208,monomorphize=73375,instantiate=18792,translate=32428000,solve=450866833	
plean	crush-verify	1	Examples/RingLeader.lean|RingLeader.Server.Proposing.eNominate_correct_block0_lemmas	RingLeader.Server.Proposing.eNominate_correct_block0_lemmas	6338006259632583832	verified	not-requested	solver returned unsat; closed under the trust policy	471794876	collect=515083,pre-reconstruct=1516917,normalize=4626625,monomorphize=58958,instantiate=15084,translate=31974917,solve=433087292	
plean	crush-verify	1	Examples/RingLeader.lean|RingLeader.Server.Proposing.eNominate_correct_block0_lemmas	RingLeader.Server.Proposing.eNominate_correct_block0_lemmas	2988620290146603912	verified	not-requested	solver returned unsat; closed under the trust policy	476148459	collect=759208,pre-reconstruct=2374750,normalize=5512250,monomorphize=64209,instantiate=17333,translate=36223625,solve=431197084	
plean	crush-verify	1	Examples/RingLeader.lean|RingLeader.Server.Proposing.eNominate_correct_block0_lemmas	RingLeader.Server.Proposing.eNominate_correct_block0_lemmas	8450047937783188241	verified	not-requested	solver returned unsat; closed under the trust policy	483126251	collect=635834,pre-reconstruct=2291917,normalize=5338958,monomorphize=78417,instantiate=20583,translate=33325042,solve=441435500	
plean	crush-verify	1	Examples/RingLeader.lean|RingLeader.Server.Proposing.eNominate_correct_block0_lemmas	RingLeader.Server.Proposing.eNominate_correct_block0_lemmas	8236911049903588693	unknown	not-attempted	no reason given	603784124	collect=539375,pre-reconstruct=2506250,normalize=4770208,monomorphize=55333,instantiate=15125,translate=31486458,solve=564411375	
plean	crush-verify	1	Examples/RingLeader.lean|RingLeader.Server.Proposing.eNominate_correct_block0_lemmas	RingLeader.Server.Proposing.eNominate_correct_block0_lemmas	1297098216057955516	unknown	not-attempted	no reason given	2068147041	collect=621416,pre-reconstruct=17355333,normalize=6709417,monomorphize=59917,instantiate=12708,translate=45614917,solve=1997773333	
plean	crush-verify	1	Examples/RingLeader.lean|RingLeader.Server.Proposing.eNominate_correct_block0_lemmas	RingLeader.Server.Proposing.eNominate_correct_block0_lemmas	1297098216057955516	unknown	not-attempted	no reason given	2107426960	collect=619917,pre-reconstruct=16978833,normalize=6431834,monomorphize=56708,instantiate=17125,translate=44552459,solve=2038770084	
plean	crush-verify	1	Examples/RingLeader.lean|RingLeader.Server.Proposing.eNominate_correct_block0_lemmas	RingLeader.Server.Proposing.eNominate_correct_block0_lemmas	18214968319457382413	unknown	not-attempted	no reason given	1563173792	collect=655958,pre-reconstruct=2090042,normalize=5673584,monomorphize=62583,instantiate=26000,translate=34684250,solve=1519981375	
plean	crush-verify	1	Examples/RingLeader.lean|RingLeader.Server.Proposing.eNominate_correct_block0_lemmas	RingLeader.Server.Proposing.eNominate_correct_block0_lemmas	18214968319457382413	unknown	not-attempted	no reason given	1512679415	collect=612833,pre-reconstruct=2376334,normalize=5369333,monomorphize=58791,instantiate=16458,translate=33312125,solve=1470933541	
plean	crush-verify	1	Examples/RingLeader.lean|RingLeader.Server.Proposing.entry_correct_block0_lemmas	RingLeader.Server.Proposing.entry_correct_block0_lemmas	18214968319457382413	verified	not-requested	solver returned unsat; closed under the trust policy	439685916	collect=526208,pre-reconstruct=1705625,normalize=3602167,monomorphize=33791,instantiate=16750,translate=18031250,solve=415770125	
plean	crush-verify	1	Examples/RingLeader.lean|RingLeader.Server.Proposing.entry_correct_block0_lemmas	RingLeader.Server.Proposing.entry_correct_block0_lemmas	6338006259632583832	verified	not-requested	solver returned unsat; closed under the trust policy	454567000	collect=500333,pre-reconstruct=1344750,normalize=4125917,monomorphize=30750,instantiate=14125,translate=17176333,solve=431374792	
plean	crush-verify	1	Examples/RingLeader.lean|RingLeader.Server.Proposing.entry_correct_block0_lemmas	RingLeader.Server.Proposing.entry_correct_block0_lemmas	2988620290146603912	unknown	not-attempted	solver exited without a verdict: cvc5 interrupted by timeout.	5440411834	collect=483625,pre-reconstruct=3632792,normalize=4514667,monomorphize=29375,instantiate=14708,translate=22592792,solve=5409143875	
plean	crush-verify	1	Examples/RingLeader.lean|RingLeader.Server.Proposing.entry_correct_block0_lemmas	RingLeader.Server.Proposing.entry_correct_block0_lemmas	18214968319457382413	verified	not-requested	solver returned unsat; closed under the trust policy	453725041	collect=336375,pre-reconstruct=1735833,normalize=3802125,monomorphize=32500,instantiate=17417,translate=18193208,solve=429607583	
plean	crush-verify	1	Examples/RingLeader.lean|RingLeader.Server.Proposing.entry_correct_block0_lemmas	RingLeader.Server.Proposing.entry_correct_block0_lemmas	6338006259632583832	verified	not-requested	solver returned unsat; closed under the trust policy	443151250	collect=489250,pre-reconstruct=1614875,normalize=4197375,monomorphize=29375,instantiate=17833,translate=18832959,solve=417969583	
plean	crush-verify	1	Examples/RingLeader.lean|RingLeader.Server.Proposing.entry_correct_block0_lemmas	RingLeader.Server.Proposing.entry_correct_block0_lemmas	2988620290146603912	unknown	not-attempted	solver exited without a verdict: cvc5 interrupted by timeout.	5449011752	collect=496750,pre-reconstruct=4020375,normalize=6009334,monomorphize=33167,instantiate=14667,translate=21379792,solve=5417057667	
plean	crush-verify	1	Examples/RingLeader.lean|RingLeader.Server.Proposing.entry_correct_block0_lemmas	RingLeader.Server.Proposing.entry_correct_block0_lemmas	18214968319457382413	verified	not-requested	solver returned unsat; closed under the trust policy	448383458	collect=284000,pre-reconstruct=1884334,normalize=4042375,monomorphize=33917,instantiate=18083,translate=17255583,solve=424865166	
plean	crush-verify	1	Examples/RingLeader.lean|RingLeader.Server.Proposing.entry_correct_block0_lemmas	RingLeader.Server.Proposing.entry_correct_block0_lemmas	6338006259632583832	verified	not-requested	solver returned unsat; closed under the trust policy	447876916	collect=394584,pre-reconstruct=1417041,normalize=4461250,monomorphize=34292,instantiate=18833,translate=18094416,solve=423456500	
plean	crush-verify	1	Examples/RingLeader.lean|RingLeader.Server.Proposing.entry_correct_block0_lemmas	RingLeader.Server.Proposing.entry_correct_block0_lemmas	2988620290146603912	unknown	not-attempted	solver exited without a verdict: cvc5 interrupted by timeout.	5433159249	collect=372875,pre-reconstruct=2349583,normalize=4579917,monomorphize=36666,instantiate=15625,translate=21419000,solve=5404385583	
plean	crush-verify	1	Examples/RingLeader.lean|RingLeader.Server.Proposing.entry_correct_block0_lemmas	RingLeader.Server.Proposing.entry_correct_block0_lemmas	18214968319457382413	verified	not-requested	solver returned unsat; closed under the trust policy	443263750	collect=315667,pre-reconstruct=1646709,normalize=3620416,monomorphize=27208,instantiate=18917,translate=16395375,solve=421239458	
plean	crush-verify	1	Examples/RingLeader.lean|RingLeader.Server.Proposing.entry_correct_block0_lemmas	RingLeader.Server.Proposing.entry_correct_block0_lemmas	6338006259632583832	verified	not-requested	solver returned unsat; closed under the trust policy	462084083	collect=323667,pre-reconstruct=1050583,normalize=3437375,monomorphize=28375,instantiate=16625,translate=15967667,solve=441259791	
plean	crush-verify	1	Examples/RingLeader.lean|RingLeader.Server.Proposing.entry_correct_block0_lemmas	RingLeader.Server.Proposing.entry_correct_block0_lemmas	2988620290146603912	unknown	not-attempted	solver exited without a verdict: cvc5 interrupted by timeout.	5450729835	collect=330417,pre-reconstruct=1760000,normalize=4267667,monomorphize=30042,instantiate=16500,translate=18836417,solve=5425488792	
plean	crush-verify	1	Examples/RingLeader.lean|RingLeader.Server.Proposing.entry_correct_block0_lemmas	RingLeader.Server.Proposing.entry_correct_block0_lemmas	18214968319457382413	verified	not-requested	solver returned unsat; closed under the trust policy	437468041	collect=298125,pre-reconstruct=1513041,normalize=3611000,monomorphize=29000,instantiate=11250,translate=16138292,solve=415867333	
plean	crush-verify	1	Examples/RingLeader.lean|RingLeader.Server.Proposing.entry_correct_block0_lemmas	RingLeader.Server.Proposing.entry_correct_block0_lemmas	6338006259632583832	verified	not-requested	solver returned unsat; closed under the trust policy	438145331	collect=466791,pre-reconstruct=1233250,normalize=3741416,monomorphize=27541,instantiate=14208,translate=16659500,solve=416002625	
plean	crush-verify	1	Examples/RingLeader.lean|RingLeader.Server.Proposing.entry_correct_block0_lemmas	RingLeader.Server.Proposing.entry_correct_block0_lemmas	2988620290146603912	verified	not-requested	solver returned unsat; closed under the trust policy	458882125	collect=442291,pre-reconstruct=3159917,normalize=4229042,monomorphize=30666,instantiate=15584,translate=17511000,solve=433493625	
plean	crush-verify	1	Examples/RingLeader.lean|RingLeader.Server.Proposing.entry_correct_block0_lemmas	RingLeader.Server.Proposing.entry_correct_block0_lemmas	8450047937783188241	verified	not-requested	solver returned unsat; closed under the trust policy	450268499	collect=490000,pre-reconstruct=2504708,normalize=4066583,monomorphize=33459,instantiate=18625,translate=19098083,solve=424057041	
plean	crush-verify	1	Examples/RingLeader.lean|RingLeader.Server.Proposing.entry_correct_block0_lemmas	RingLeader.Server.Proposing.entry_correct_block0_lemmas	12046566145604182226	selected-fact	not-attempted	closed from a selected Lean fact	405833	collect=405833	
plean	crush-verify	1	Examples/RingLeader.lean|RingLeader.Server.Proposing.entry_correct_block0_lemmas	RingLeader.Server.Proposing.entry_correct_block0_lemmas	9909793585723607952	selected-fact	not-attempted	closed from a selected Lean fact	230541	collect=230541	
plean	crush-verify	1	Examples/RingLeader.lean|RingLeader.Server.Proposing.entry_correct_block0_lemmas	RingLeader.Server.Proposing.entry_correct_block0_lemmas	7367757810942744193	selected-fact	not-attempted	closed from a selected Lean fact	218041	collect=218041	
plean	crush-verify	1	Examples/RingLeader.lean|RingLeader.Server.Proposing.entry_correct_block0_lemmas	RingLeader.Server.Proposing.entry_correct_block0_lemmas	5348997425301145125	selected-fact	not-attempted	closed from a selected Lean fact	209917	collect=209917	
plean	crush-verify	1	Examples/RingLeader.lean|RingLeader.Server.Proposing.entry_correct_block0_lemmas	RingLeader.Server.Proposing.entry_correct_block0_lemmas	18214968319457382413	unknown	not-attempted	no reason given	576810540	collect=288000,pre-reconstruct=1593791,normalize=3533542,monomorphize=28333,instantiate=14791,translate=16360667,solve=554991416	
plean	crush-verify	1	Examples/RingLeader.lean|RingLeader.Server.Proposing.entry_correct_block0_lemmas	RingLeader.Server.Proposing.entry_correct_block0_lemmas	18214968319457382413	unknown	not-attempted	no reason given	585732084	collect=287917,pre-reconstruct=1569750,normalize=3514917,monomorphize=27667,instantiate=16250,translate=17009000,solve=563306583	
plean	crush-verify	1	Examples/RingLeader.lean|RingLeader.Server.Proposing.entry_correct_block0_lemmas	RingLeader.Server.Proposing.entry_correct_block0_lemmas	18214968319457382413	unknown	not-attempted	no reason given	578607500	collect=316500,pre-reconstruct=1638583,normalize=3550958,monomorphize=31250,instantiate=14334,translate=16537833,solve=556518042	
plean	crush-verify	1	Examples/RingLeader.lean|RingLeader.Server.Proposing.entry_correct_block0_lemmas	RingLeader.Server.Proposing.entry_correct_block0_lemmas	18214968319457382413	unknown	not-attempted	no reason given	575013625	collect=276750,pre-reconstruct=1575292,normalize=3627208,monomorphize=28208,instantiate=14792,translate=16507958,solve=552983417	
plean	crush-verify	1	Examples/RingLeader.lean|RingLeader.Server.Proposing.entry_correct_block0_lemmas	RingLeader.Server.Proposing.entry_correct_block0_lemmas	18214968319457382413	verified	not-requested	solver returned unsat; closed under the trust policy	437819500	collect=309083,pre-reconstruct=1632333,normalize=3689375,monomorphize=30750,instantiate=11792,translate=16080500,solve=416065667	
plean	crush-verify	1	Examples/RingLeader.lean|RingLeader.Server.Proposing.entry_correct_block0_lemmas	RingLeader.Server.Proposing.entry_correct_block0_lemmas	6338006259632583832	verified	not-requested	solver returned unsat; closed under the trust policy	461244041	collect=486000,pre-reconstruct=1471917,normalize=4010208,monomorphize=30417,instantiate=23291,translate=16867458,solve=438354750	
plean	crush-verify	1	Examples/RingLeader.lean|RingLeader.Server.Proposing.entry_correct_block0_lemmas	RingLeader.Server.Proposing.entry_correct_block0_lemmas	2988620290146603912	unknown	not-attempted	solver exited without a verdict: cvc5 interrupted by timeout.	5439276125	collect=549958,pre-reconstruct=3070458,normalize=4580208,monomorphize=30334,instantiate=17250,translate=18899750,solve=5412128167	
plean	crush-verify	1	Examples/RingLeader.lean|RingLeader.Server.Proposing.entry_correct_block0_lemmas	RingLeader.Server.Proposing.entry_correct_block0_lemmas	18214968319457382413	verified	not-requested	solver returned unsat; closed under the trust policy	448295584	collect=406542,pre-reconstruct=1697292,normalize=4082750,monomorphize=34958,instantiate=16000,translate=18297750,solve=423760292	
plean	crush-verify	1	Examples/RingLeader.lean|RingLeader.Server.Proposing.entry_correct_block0_lemmas	RingLeader.Server.Proposing.entry_correct_block0_lemmas	6338006259632583832	verified	not-requested	solver returned unsat; closed under the trust policy	448869251	collect=541625,pre-reconstruct=1214750,normalize=4053834,monomorphize=31292,instantiate=14750,translate=18308917,solve=424704083	
plean	crush-verify	1	Examples/RingLeader.lean|RingLeader.Server.Proposing.entry_correct_block0_lemmas	RingLeader.Server.Proposing.entry_correct_block0_lemmas	2988620290146603912	unknown	not-attempted	solver exited without a verdict: cvc5 interrupted by timeout.	5447931542	collect=456458,pre-reconstruct=2879875,normalize=4750125,monomorphize=31500,instantiate=16833,translate=19865459,solve=5419931292	
plean	crush-verify	1	Examples/RingLeader.lean|RingLeader.Server.Proposing.entry_correct_block0_lemmas	RingLeader.Server.Proposing.entry_correct_block0_lemmas	18214968319457382413	verified	not-requested	solver returned unsat; closed under the trust policy	440083000	collect=306833,pre-reconstruct=1604917,normalize=3525500,monomorphize=28250,instantiate=16708,translate=16130959,solve=418469833	
plean	crush-verify	1	Examples/RingLeader.lean|RingLeader.Server.Proposing.entry_correct_block0_lemmas	RingLeader.Server.Proposing.entry_correct_block0_lemmas	6338006259632583832	verified	not-requested	solver returned unsat; closed under the trust policy	445795083	collect=287416,pre-reconstruct=1140375,normalize=3475167,monomorphize=29333,instantiate=18500,translate=16064917,solve=424779375	
plean	crush-verify	1	Examples/RingLeader.lean|RingLeader.Server.Proposing.entry_correct_block0_lemmas	RingLeader.Server.Proposing.entry_correct_block0_lemmas	2988620290146603912	unknown	not-attempted	solver exited without a verdict: cvc5 interrupted by timeout.	5428083000	collect=334583,pre-reconstruct=1749375,normalize=4291042,monomorphize=29667,instantiate=13417,translate=18579250,solve=5403085666	
plean	crush-verify	1	Examples/RingLeader.lean|RingLeader.Server.Proposing.entry_correct_block0_lemmas	RingLeader.Server.Proposing.entry_correct_block0_lemmas	18214968319457382413	verified	not-requested	solver returned unsat; closed under the trust policy	441601874	collect=301791,pre-reconstruct=1628292,normalize=3538917,monomorphize=27458,instantiate=15250,translate=16213250,solve=419876916	
plean	crush-verify	1	Examples/RingLeader.lean|RingLeader.Server.Proposing.entry_correct_block0_lemmas	RingLeader.Server.Proposing.entry_correct_block0_lemmas	6338006259632583832	verified	not-requested	solver returned unsat; closed under the trust policy	437247999	collect=295458,pre-reconstruct=1110458,normalize=3547292,monomorphize=31083,instantiate=17875,translate=16501750,solve=415744083	
plean	crush-verify	1	Examples/RingLeader.lean|RingLeader.Server.Proposing.entry_correct_block0_lemmas	RingLeader.Server.Proposing.entry_correct_block0_lemmas	2988620290146603912	unknown	not-attempted	solver exited without a verdict: cvc5 interrupted by timeout.	5439310834	collect=332292,pre-reconstruct=1769500,normalize=4141792,monomorphize=29458,instantiate=16834,translate=18949041,solve=5414071917	
plean	crush-verify	1	Examples/RingLeader.lean|RingLeader.base_block1_UniqueLeader	RingLeader.base_block1_UniqueLeader	6338006259632583832	verified	not-requested	solver returned unsat; closed under the trust policy	426384459	collect=264167,pre-reconstruct=931500,normalize=2383250,monomorphize=27292,instantiate=21083,translate=10301167,solve=412456000	
plean	crush-verify	1	Examples/RingLeader.lean|RingLeader.Server.Proposing.eNominate_correct_block1_Safety_using_lemmas	RingLeader.Server.Proposing.eNominate_correct_block1_Safety_using_lemmas	6338006259632583832	unknown	not-attempted	no reason given	588732126	collect=603708,pre-reconstruct=1685875,normalize=5456959,monomorphize=68250,instantiate=24542,translate=34347667,solve=546545125	
plean	crush-verify	1	Examples/RingLeader.lean|RingLeader.Server.Proposing.eNominate_correct_block1_Safety_using_lemmas	RingLeader.Server.Proposing.eNominate_correct_block1_Safety_using_lemmas	6338006259632583832	unknown	not-attempted	no reason given	592741707	collect=556625,pre-reconstruct=1447583,normalize=5471625,monomorphize=61916,instantiate=15792,translate=34025208,solve=551162958	
plean	crush-verify	1	Examples/RingLeader.lean|RingLeader.Server.Proposing.eNominate_correct_block1_Safety_using_lemmas	RingLeader.Server.Proposing.eNominate_correct_block1_Safety_using_lemmas	6338006259632583832	unknown	not-attempted	no reason given	598779377	collect=565917,pre-reconstruct=1452250,normalize=5339334,monomorphize=64208,instantiate=19709,translate=33785292,solve=557552667	
plean	crush-verify	1	Examples/RingLeader.lean|RingLeader.Server.Proposing.eNominate_correct_block1_Safety_using_lemmas	RingLeader.Server.Proposing.eNominate_correct_block1_Safety_using_lemmas	6338006259632583832	unknown	not-attempted	no reason given	583820083	collect=552500,pre-reconstruct=1395541,normalize=5334125,monomorphize=66792,instantiate=14042,translate=33537875,solve=542919208	
plean	crush-verify	1	Examples/RingLeader.lean|RingLeader.Server.Proposing.eNominate_correct_block1_Safety_using_lemmas	RingLeader.Server.Proposing.eNominate_correct_block1_Safety_using_lemmas	6338006259632583832	verified	not-requested	solver returned unsat; closed under the trust policy	469129583	collect=535583,pre-reconstruct=1396750,normalize=4392916,monomorphize=60500,instantiate=12125,translate=30865459,solve=431866250	
plean	crush-verify	1	Examples/RingLeader.lean|RingLeader.Server.Proposing.eNominate_correct_block1_Safety_using_lemmas	RingLeader.Server.Proposing.eNominate_correct_block1_Safety_using_lemmas	18214968319457382413	verified	not-requested	solver returned unsat; closed under the trust policy	470229126	collect=776041,pre-reconstruct=5159834,normalize=4938042,monomorphize=58917,instantiate=15000,translate=32469958,solve=426811334	
plean	crush-verify	1	Examples/RingLeader.lean|RingLeader.Server.Proposing.eNominate_correct_block1_Safety_using_lemmas	RingLeader.Server.Proposing.eNominate_correct_block1_Safety_using_lemmas	6338006259632583832	verified	not-requested	solver returned unsat; closed under the trust policy	469200625	collect=829375,pre-reconstruct=1945333,normalize=5129875,monomorphize=60542,instantiate=16125,translate=33925917,solve=427293458	
plean	crush-verify	1	Examples/RingLeader.lean|RingLeader.Server.Proposing.eNominate_correct_block1_Safety_using_lemmas	RingLeader.Server.Proposing.eNominate_correct_block1_Safety_using_lemmas	2988620290146603912	verified	not-requested	solver returned unsat; closed under the trust policy	474390708	collect=775375,pre-reconstruct=2920416,normalize=7027958,monomorphize=69209,instantiate=16375,translate=35417167,solve=428164208	
plean	crush-verify	1	Examples/RingLeader.lean|RingLeader.Server.Proposing.eNominate_correct_block1_Safety_using_lemmas	RingLeader.Server.Proposing.eNominate_correct_block1_Safety_using_lemmas	8450047937783188241	verified	not-requested	solver returned unsat; closed under the trust policy	502956084	collect=760375,pre-reconstruct=2607375,normalize=5830709,monomorphize=64875,instantiate=15167,translate=35041208,solve=458636375	
plean	crush-verify	1	Examples/RingLeader.lean|RingLeader.Server.Proposing.eNominate_correct_block1_Safety_using_lemmas	RingLeader.Server.Proposing.eNominate_correct_block1_Safety_using_lemmas	8236911049903588693	unknown	not-attempted	no reason given	577080874	collect=698958,pre-reconstruct=2718584,normalize=5278292,monomorphize=58833,instantiate=15875,translate=32316541,solve=535993791	
plean	crush-verify	1	Examples/RingLeader.lean|RingLeader.Server.Proposing.eNominate_correct_block1_Safety_using_lemmas	RingLeader.Server.Proposing.eNominate_correct_block1_Safety_using_lemmas	6338006259632583832	verified	not-requested	solver returned unsat; closed under the trust policy	461098706	collect=562667,pre-reconstruct=1451083,normalize=4516833,monomorphize=60916,instantiate=20791,translate=31197583,solve=423288833	
plean	crush-verify	1	Examples/RingLeader.lean|RingLeader.Server.Proposing.eNominate_correct_block1_Safety_using_lemmas	RingLeader.Server.Proposing.eNominate_correct_block1_Safety_using_lemmas	18214968319457382413	verified	not-requested	solver returned unsat; closed under the trust policy	465900999	collect=764791,pre-reconstruct=4099583,normalize=4918167,monomorphize=60208,instantiate=15250,translate=31250125,solve=424792875	
plean	crush-verify	1	Examples/RingLeader.lean|RingLeader.Server.Proposing.eNominate_correct_block1_Safety_using_lemmas	RingLeader.Server.Proposing.eNominate_correct_block1_Safety_using_lemmas	6338006259632583832	verified	not-requested	solver returned unsat; closed under the trust policy	469308792	collect=698333,pre-reconstruct=1467375,normalize=4759917,monomorphize=59417,instantiate=14458,translate=30957792,solve=431351500	
plean	crush-verify	1	Examples/RingLeader.lean|RingLeader.Server.Proposing.eNominate_correct_block1_Safety_using_lemmas	RingLeader.Server.Proposing.eNominate_correct_block1_Safety_using_lemmas	2988620290146603912	verified	not-requested	solver returned unsat; closed under the trust policy	475331166	collect=777542,pre-reconstruct=2394917,normalize=5593416,monomorphize=63458,instantiate=16250,translate=35090416,solve=431395167	
plean	crush-verify	1	Examples/RingLeader.lean|RingLeader.Server.Proposing.eNominate_correct_block1_Safety_using_lemmas	RingLeader.Server.Proposing.eNominate_correct_block1_Safety_using_lemmas	8450047937783188241	verified	not-requested	solver returned unsat; closed under the trust policy	483792291	collect=742750,pre-reconstruct=2164958,normalize=5388042,monomorphize=66333,instantiate=14625,translate=33517667,solve=441897916	
plean	crush-verify	1	Examples/RingLeader.lean|RingLeader.Server.Proposing.eNominate_correct_block1_Safety_using_lemmas	RingLeader.Server.Proposing.eNominate_correct_block1_Safety_using_lemmas	8236911049903588693	unknown	not-attempted	no reason given	588012207	collect=720791,pre-reconstruct=2798208,normalize=5452625,monomorphize=60291,instantiate=15666,translate=33202459,solve=545762167	
plean	crush-verify	1	Examples/RingLeader.lean|RingLeader.Server.Proposing.eNominate_correct_block1_Safety_using_lemmas	RingLeader.Server.Proposing.eNominate_correct_block1_Safety_using_lemmas	6338006259632583832	verified	not-requested	solver returned unsat; closed under the trust policy	477710583	collect=580125,pre-reconstruct=1945166,normalize=5068583,monomorphize=60209,instantiate=19167,translate=32994666,solve=437042667	
plean	crush-verify	1	Examples/RingLeader.lean|RingLeader.Server.Proposing.eNominate_correct_block1_Safety_using_lemmas	RingLeader.Server.Proposing.eNominate_correct_block1_Safety_using_lemmas	18214968319457382413	verified	not-requested	solver returned unsat; closed under the trust policy	468000666	collect=673375,pre-reconstruct=2294208,normalize=5016875,monomorphize=58458,instantiate=21041,translate=31799125,solve=428137584	
plean	crush-verify	1	Examples/RingLeader.lean|RingLeader.Server.Proposing.eNominate_correct_block1_Safety_using_lemmas	RingLeader.Server.Proposing.eNominate_correct_block1_Safety_using_lemmas	6338006259632583832	verified	not-requested	solver returned unsat; closed under the trust policy	480082250	collect=614042,pre-reconstruct=1430333,normalize=4769125,monomorphize=63833,instantiate=15250,translate=32392167,solve=440797500	
plean	crush-verify	1	Examples/RingLeader.lean|RingLeader.Server.Proposing.eNominate_correct_block1_Safety_using_lemmas	RingLeader.Server.Proposing.eNominate_correct_block1_Safety_using_lemmas	2988620290146603912	verified	not-requested	solver returned unsat; closed under the trust policy	473649085	collect=629625,pre-reconstruct=2244625,normalize=5437417,monomorphize=66000,instantiate=22584,translate=34229292,solve=431019542	
plean	crush-verify	1	Examples/RingLeader.lean|RingLeader.Server.Proposing.eNominate_correct_block1_Safety_using_lemmas	RingLeader.Server.Proposing.eNominate_correct_block1_Safety_using_lemmas	8450047937783188241	verified	not-requested	solver returned unsat; closed under the trust policy	482457626	collect=701500,pre-reconstruct=2173209,normalize=5680125,monomorphize=69292,instantiate=20125,translate=36297125,solve=437516250	
plean	crush-verify	1	Examples/RingLeader.lean|RingLeader.Server.Proposing.eNominate_correct_block1_Safety_using_lemmas	RingLeader.Server.Proposing.eNominate_correct_block1_Safety_using_lemmas	4603268118125486097	verified	not-requested	solver returned unsat; closed under the trust policy	457504998	collect=589875,pre-reconstruct=1431083,normalize=4573625,monomorphize=58042,instantiate=15791,translate=32011416,solve=418825166	
plean	crush-verify	1	Examples/RingLeader.lean|RingLeader.Server.Proposing.eNominate_correct_block1_Safety_using_lemmas	RingLeader.Server.Proposing.eNominate_correct_block1_Safety_using_lemmas	4519860779536265759	unknown	not-attempted	no reason given	583756457	collect=780000,pre-reconstruct=4652750,normalize=5231875,monomorphize=60083,instantiate=20958,translate=31228625,solve=541782166	
plean	crush-verify	1	Examples/RingLeader.lean|RingLeader.Server.Proposing.eNominate_correct_block1_Safety_using_lemmas	RingLeader.Server.Proposing.eNominate_correct_block1_Safety_using_lemmas	6338006259632583832	verified	not-requested	solver returned unsat; closed under the trust policy	472116542	collect=564958,pre-reconstruct=1483042,normalize=4504875,monomorphize=58834,instantiate=21333,translate=31618333,solve=433865167	
plean	crush-verify	1	Examples/RingLeader.lean|RingLeader.Server.Proposing.eNominate_correct_block1_Safety_using_lemmas	RingLeader.Server.Proposing.eNominate_correct_block1_Safety_using_lemmas	18214968319457382413	verified	not-requested	solver returned unsat; closed under the trust policy	470954416	collect=549458,pre-reconstruct=1842792,normalize=4457875,monomorphize=57333,instantiate=16375,translate=30713833,solve=433316750	
plean	crush-verify	1	Examples/RingLeader.lean|RingLeader.Server.Proposing.eNominate_correct_block1_Safety_using_lemmas	RingLeader.Server.Proposing.eNominate_correct_block1_Safety_using_lemmas	6338006259632583832	verified	not-requested	solver returned unsat; closed under the trust policy	467754543	collect=841541,pre-reconstruct=1619375,normalize=5241709,monomorphize=67667,instantiate=22459,translate=32568542,solve=427393250	
plean	crush-verify	1	Examples/RingLeader.lean|RingLeader.Server.Proposing.eNominate_correct_block1_Safety_using_lemmas	RingLeader.Server.Proposing.eNominate_correct_block1_Safety_using_lemmas	2988620290146603912	verified	not-requested	solver returned unsat; closed under the trust policy	482583874	collect=759875,pre-reconstruct=2394083,normalize=5245875,monomorphize=66958,instantiate=18500,translate=34404333,solve=439694250	
plean	crush-verify	1	Examples/RingLeader.lean|RingLeader.Server.Proposing.eNominate_correct_block1_Safety_using_lemmas	RingLeader.Server.Proposing.eNominate_correct_block1_Safety_using_lemmas	8450047937783188241	verified	not-requested	solver returned unsat; closed under the trust policy	493320833	collect=777291,pre-reconstruct=3079084,normalize=5907250,monomorphize=72166,instantiate=17959,translate=37893000,solve=445574083	
plean	crush-verify	1	Examples/RingLeader.lean|RingLeader.Server.Proposing.eNominate_correct_block1_Safety_using_lemmas	RingLeader.Server.Proposing.eNominate_correct_block1_Safety_using_lemmas	8236911049903588693	unknown	not-attempted	no reason given	591219084	collect=726708,pre-reconstruct=2557000,normalize=4984167,monomorphize=60958,instantiate=15792,translate=30786875,solve=552087584	
plean	crush-verify	1	Examples/RingLeader.lean|RingLeader.Server.Proposing.eNominate_correct_block1_Safety_using_lemmas	RingLeader.Server.Proposing.eNominate_correct_block1_Safety_using_lemmas	6338006259632583832	unknown	not-attempted	no reason given	587447332	collect=542000,pre-reconstruct=1419208,normalize=5312917,monomorphize=61833,instantiate=11791,translate=33630958,solve=546468625	
plean	crush-verify	1	Examples/RingLeader.lean|RingLeader.Server.Proposing.eNominate_correct_block1_Safety_using_lemmas	RingLeader.Server.Proposing.eNominate_correct_block1_Safety_using_lemmas	6338006259632583832	unknown	not-attempted	no reason given	605045332	collect=566958,pre-reconstruct=1479958,normalize=5454708,monomorphize=69417,instantiate=14875,translate=33705375,solve=563754041	
plean	crush-verify	1	Examples/RingLeader.lean|RingLeader.Server.Proposing.eNominate_correct_block1_Safety_using_lemmas	RingLeader.Server.Proposing.eNominate_correct_block1_Safety_using_lemmas	6338006259632583832	unknown	not-attempted	no reason given	629269917	collect=645083,pre-reconstruct=1513500,normalize=5592542,monomorphize=63250,instantiate=18375,translate=64374542,solve=557062625	
plean	crush-verify	1	Examples/RingLeader.lean|RingLeader.Server.Proposing.eNominate_correct_block1_Safety_using_lemmas	RingLeader.Server.Proposing.eNominate_correct_block1_Safety_using_lemmas	6338006259632583832	unknown	not-attempted	no reason given	583657708	collect=623042,pre-reconstruct=1479583,normalize=5420750,monomorphize=60583,instantiate=14833,translate=33795000,solve=542263917	
plean	crush-verify	1	Examples/RingLeader.lean|RingLeader.Server.Proposing.entry_correct_block1_Safety_using_lemmas	RingLeader.Server.Proposing.entry_correct_block1_Safety_using_lemmas	6338006259632583832	verified	not-requested	solver returned unsat; closed under the trust policy	443566165	collect=343333,pre-reconstruct=1228083,normalize=3600083,monomorphize=34958,instantiate=17250,translate=17364792,solve=420977666	
plean	crush-verify	1	Examples/RingLeader.lean|RingLeader.base_block1_UniqueActions	RingLeader.base_block1_UniqueActions	17799728052405574097	verified	not-requested	solver returned unsat; closed under the trust policy	421520083	collect=268542,pre-reconstruct=2173208,normalize=2811834,monomorphize=28833,instantiate=31708,translate=11020083,solve=405185875	
plean	crush-verify	1	Examples/RingLeader.lean|RingLeader.base_block1_IncreasingCount	RingLeader.base_block1_IncreasingCount	16645480121653727987	verified	not-requested	solver returned unsat; closed under the trust policy	416023667	collect=259166,pre-reconstruct=776250,normalize=2398459,monomorphize=27625,instantiate=19792,translate=10612083,solve=401930292	
plean	crush-verify	1	Examples/RingLeader.lean|RingLeader.base_block1_ReceivedSubsetSent	RingLeader.base_block1_ReceivedSubsetSent	5156885450211704390	verified	not-requested	solver returned unsat; closed under the trust policy	438154332	collect=267750,pre-reconstruct=978750,normalize=2439542,monomorphize=27208,instantiate=20708,translate=10128291,solve=424292083	
plean	crush-verify	1	Examples/RingLeader.lean|RingLeader.Server.Proposing.eNominate_correct_block1_default	RingLeader.Server.Proposing.eNominate_correct_block1_default	15750191371393283518	verified	not-requested	solver returned unsat; closed under the trust policy	480420500	collect=429250,pre-reconstruct=14327375,normalize=5735750,monomorphize=36875,instantiate=24042,translate=21071333,solve=438795875	
plean	crush-verify	1	Examples/RingLeader.lean|RingLeader.Server.Proposing.eNominate_correct_block1_default	RingLeader.Server.Proposing.eNominate_correct_block1_default	2837296597729179324	verified	not-requested	solver returned unsat; closed under the trust policy	558648874	collect=519750,pre-reconstruct=35252875,normalize=7928209,monomorphize=30833,instantiate=16458,translate=26779958,solve=488120791	
plean	crush-verify	1	Examples/RingLeader.lean|RingLeader.Server.Proposing.entry_correct_block1_default	RingLeader.Server.Proposing.entry_correct_block1_default	16544938116920668609	verified	not-requested	solver returned unsat; closed under the trust policy	463591500	collect=534000,pre-reconstruct=2337583,normalize=5357792,monomorphize=57041,instantiate=25000,translate=26250542,solve=429029542	
plean	crush-verify	1	Examples/RingLeader.lean|RingLeader.Server.Proposing.entry_correct_block1_default	RingLeader.Server.Proposing.entry_correct_block1_default	15844998937588682005	verified	not-requested	solver returned unsat; closed under the trust policy	458924834	collect=604209,pre-reconstruct=1006458,normalize=4997458,monomorphize=47459,instantiate=16750,translate=24587917,solve=427664583	
plean	crush-verify	1	Examples/RingLeader.lean|RingLeader.Server.Proposing.entry_correct_block1_default	RingLeader.Server.Proposing.entry_correct_block1_default	7388740722836317667	verified	not-requested	solver returned unsat; closed under the trust policy	476457541	collect=531833,pre-reconstruct=8729084,normalize=4921208,monomorphize=48083,instantiate=15083,translate=24065792,solve=438146458	
plean	crush-portfolio	1	Examples/RingLeader.lean|RingLeader.base_block0_LeaderMax	RingLeader.base_block0_LeaderMax	18214968319457382413	core-reconstructed	certificate-error	core-directed reconstruction succeeded	1845375960	collect=711083,pre-reconstruct=1350477209,normalize=3076125,monomorphize=135333,instantiate=89917,translate=17656583,solve=466034584,replay=120459,reconstruct=7074667	
plean	crush-portfolio	1	Examples/RingLeader.lean|RingLeader.base_block0_Aux	RingLeader.base_block0_Aux	6338006259632583832	pre-reconstructed	not-attempted	closed before SMT translation	1740959	collect=248334,pre-reconstruct=1492625	
plean	crush-portfolio	1	Examples/RingLeader.lean|RingLeader.base_block0_NoBypass	RingLeader.base_block0_NoBypass	2988620290146603912	core-reconstructed	certificate-error	core-directed reconstruction succeeded	2326828250	collect=264625,pre-reconstruct=1885314000,normalize=2840834,monomorphize=38833,instantiate=18250,translate=14043584,solve=418060666,replay=17625,reconstruct=6229833	
plean	crush-portfolio	1	Examples/RingLeader.lean|RingLeader.base_block0_SelfPendingMax	RingLeader.base_block0_SelfPendingMax	8450047937783188241	core-reconstructed	certificate-error	core-directed reconstruction succeeded	2062346541	collect=295375,pre-reconstruct=1622894917,normalize=2584083,monomorphize=35292,instantiate=15125,translate=12227375,solve=418096208,replay=18875,reconstruct=6179291	
plean	crush-portfolio	1	Examples/RingLeader.lean|RingLeader.Server.Proposing.eNominate_correct_block0_lemmas	RingLeader.Server.Proposing.eNominate_correct_block0_lemmas	1297098216057955516	unknown	not-attempted	no reason given	2020381376	collect=691792,pre-reconstruct=22710916,normalize=6506709,monomorphize=66667,instantiate=19208,translate=42910792,solve=1947475292	
plean	crush-portfolio	1	Examples/RingLeader.lean|RingLeader.Server.Proposing.eNominate_correct_block0_lemmas	RingLeader.Server.Proposing.eNominate_correct_block0_lemmas	1297098216057955516	unknown	not-attempted	no reason given	2064575083	collect=637458,pre-reconstruct=20035833,normalize=6901167,monomorphize=65792,instantiate=16791,translate=42718667,solve=1994199375	
plean	crush-portfolio	1	Examples/RingLeader.lean|RingLeader.Server.Proposing.entry_correct_block0_lemmas	RingLeader.Server.Proposing.entry_correct_block0_lemmas	18214968319457382413	pre-reconstructed	not-attempted	closed before SMT translation	2999797167	collect=339458,pre-reconstruct=2999457709	
plean	crush-portfolio	1	Examples/RingLeader.lean|RingLeader.Server.Proposing.entry_correct_block0_lemmas	RingLeader.Server.Proposing.entry_correct_block0_lemmas	6338006259632583832	pre-reconstructed	not-attempted	closed before SMT translation	2144875	collect=272583,pre-reconstruct=1872292	
plean	crush-portfolio	1	Examples/RingLeader.lean|RingLeader.Server.Proposing.entry_correct_block0_lemmas	RingLeader.Server.Proposing.entry_correct_block0_lemmas	2988620290146603912	unknown	not-attempted	solver exited without a verdict: cvc5 interrupted by timeout.	30555698292	collect=391792,pre-reconstruct=25099989875,normalize=4328709,monomorphize=36833,instantiate=16208,translate=18679583,solve=5432255292	
plean	crush-portfolio	1	Examples/RingLeader.lean|RingLeader.Server.Proposing.entry_correct_block0_lemmas	RingLeader.Server.Proposing.entry_correct_block0_lemmas	18214968319457382413	pre-reconstructed	not-attempted	closed before SMT translation	2966691291	collect=291958,pre-reconstruct=2966399333	
plean	crush-portfolio	1	Examples/RingLeader.lean|RingLeader.Server.Proposing.entry_correct_block0_lemmas	RingLeader.Server.Proposing.entry_correct_block0_lemmas	6338006259632583832	pre-reconstructed	not-attempted	closed before SMT translation	2051708	collect=294000,pre-reconstruct=1757708	
plean	crush-portfolio	1	Examples/RingLeader.lean|RingLeader.base_block1_UniqueLeader	RingLeader.base_block1_UniqueLeader	6338006259632583832	pre-reconstructed	not-attempted	closed before SMT translation	2711077251	collect=281042,pre-reconstruct=2710796209	
plean	crush-portfolio	1	Examples/RingLeader.lean|RingLeader.Server.Proposing.entry_correct_block1_Safety_using_lemmas	RingLeader.Server.Proposing.entry_correct_block1_Safety_using_lemmas	6338006259632583832	pre-reconstructed	not-attempted	closed before SMT translation	5606128709	collect=370000,pre-reconstruct=5605758709	
plean	crush-portfolio	1	Examples/RingLeader.lean|RingLeader.base_block1_UniqueActions	RingLeader.base_block1_UniqueActions	17799728052405574097	core-reconstructed	certificate-error	core-directed reconstruction succeeded	441155877	collect=255042,pre-reconstruct=3325625,normalize=2931792,monomorphize=35167,instantiate=18000,translate=11136667,solve=417150125,replay=19084,reconstruct=6284375	
plean	crush-portfolio	1	Examples/RingLeader.lean|RingLeader.base_block1_IncreasingCount	RingLeader.base_block1_IncreasingCount	16645480121653727987	core-reconstructed	certificate-error	core-directed reconstruction succeeded	407757334	collect=275625,pre-reconstruct=1696125,normalize=2350042,monomorphize=33708,instantiate=22708,translate=10988500,solve=385879334,replay=18250,reconstruct=6493042	
plean	crush-portfolio	1	Examples/RingLeader.lean|RingLeader.base_block1_ReceivedSubsetSent	RingLeader.base_block1_ReceivedSubsetSent	5156885450211704390	core-reconstructed	certificate-error	core-directed reconstruction succeeded	420750375	collect=250125,pre-reconstruct=1751750,normalize=2316584,monomorphize=27917,instantiate=17041,translate=10042542,solve=400154666,replay=22500,reconstruct=6167250	
plean	crush-portfolio	1	Examples/RingLeader.lean|RingLeader.Server.Proposing.eNominate_correct_block1_default	RingLeader.Server.Proposing.eNominate_correct_block1_default	15750191371393283518	core-reconstructed	certificate-error	core-directed reconstruction succeeded	553458041	collect=404916,pre-reconstruct=15725458,normalize=5980333,monomorphize=35500,instantiate=17667,translate=20069000,solve=423940792,replay=23959,reconstruct=87260416	
plean	crush-portfolio	1	Examples/RingLeader.lean|RingLeader.Server.Proposing.eNominate_correct_block1_default	RingLeader.Server.Proposing.eNominate_correct_block1_default	2837296597729179324	core-reconstructed	certificate-error	core-directed reconstruction succeeded	706438500	collect=392167,pre-reconstruct=38940500,normalize=8160958,monomorphize=32500,instantiate=11375,translate=26497875,solve=460841875,replay=13083,reconstruct=171548167	
plean	crush-portfolio	1	Examples/RingLeader.lean|RingLeader.Server.Proposing.entry_correct_block1_default	RingLeader.Server.Proposing.entry_correct_block1_default	16544938116920668609	core-reconstructed	certificate-error	core-directed reconstruction succeeded	4047250457	collect=560083,pre-reconstruct=2970411083,normalize=5539542,monomorphize=59166,instantiate=16708,translate=27248250,solve=400302958,replay=22833,reconstruct=643089834	
plean	crush-portfolio	1	Examples/RingLeader.lean|RingLeader.Server.Proposing.entry_correct_block1_default	RingLeader.Server.Proposing.entry_correct_block1_default	15844998937588682005	core-reconstructed	certificate-error	core-directed reconstruction succeeded	457602582	collect=485167,pre-reconstruct=2938917,normalize=4775167,monomorphize=62166,instantiate=9375,translate=24114333,solve=398806875,replay=16041,reconstruct=26394541	
plean	crush-portfolio	1	Examples/RingLeader.lean|RingLeader.Server.Proposing.entry_correct_block1_default	RingLeader.Server.Proposing.entry_correct_block1_default	7388740722836317667	core-reconstructed	certificate-error	core-directed reconstruction succeeded	469505920	collect=550959,pre-reconstruct=13952834,normalize=5405292,monomorphize=52292,instantiate=14584,translate=26978417,solve=404039792,replay=12708,reconstruct=18499042	
plean	crush-verify	1	Examples/ShardedKV.lean|ShardedKV.base_of_Safety_transfer_means_no_owner	ShardedKV.base_of_Safety_transfer_means_no_owner	13721038439373211784	verified	not-requested	solver returned unsat; closed under the trust policy	430185667	collect=690333,pre-reconstruct=3663750,normalize=3536917,monomorphize=122125,instantiate=105417,translate=18807333,solve=403259792	
plean	crush-verify	1	Examples/ShardedKV.lean|ShardedKV.base_of_Safety_unique_key_transfer	ShardedKV.base_of_Safety_unique_key_transfer	10849681932946429018	verified	not-requested	solver returned unsat; closed under the trust policy	414794916	collect=222292,pre-reconstruct=658750,normalize=2413416,monomorphize=16125,instantiate=22375,translate=13238250,solve=398223708	
plean	crush-verify	1	Examples/ShardedKV.lean|ShardedKV.base_of_Safety_transfer_means_not_own	ShardedKV.base_of_Safety_transfer_means_not_own	11553383572066568625	verified	not-requested	solver returned unsat; closed under the trust policy	419292834	collect=221167,pre-reconstruct=1410750,normalize=3428542,monomorphize=18750,instantiate=25542,translate=13574125,solve=400613958	
plean	crush-verify	1	Examples/ShardedKV.lean|ShardedKV.base_of_Safety_unique_owner	ShardedKV.base_of_Safety_unique_owner	16773836904586594644	verified	not-requested	solver returned unsat; closed under the trust policy	418210416	collect=212458,pre-reconstruct=336416,normalize=2653666,monomorphize=15167,instantiate=20208,translate=11966959,solve=403005542	
plean	crush-verify	1	Examples/ShardedKV.lean|ShardedKV.Node.Serving.eReshard_correct_of_Safety_Safety	ShardedKV.Node.Serving.eReshard_correct_of_Safety_Safety	4377730141265845087	verified	not-requested	solver returned unsat; closed under the trust policy	614316416	collect=483000,pre-reconstruct=40886208,normalize=15288708,monomorphize=33583,instantiate=28625,translate=44101250,solve=513495042	
plean	crush-verify	1	Examples/ShardedKV.lean|ShardedKV.Node.Serving.eReshard_correct_of_Safety_Safety	ShardedKV.Node.Serving.eReshard_correct_of_Safety_Safety	14015400550429348442	verified	not-requested	solver returned unsat; closed under the trust policy	498521834	collect=489958,pre-reconstruct=9114334,normalize=9699958,monomorphize=21709,instantiate=13917,translate=35960958,solve=443221000	
plean	crush-verify	1	Examples/ShardedKV.lean|ShardedKV.Node.Serving.eTransfer_correct_of_Safety_Safety	ShardedKV.Node.Serving.eTransfer_correct_of_Safety_Safety	13775947038904500875	verified	not-requested	solver returned unsat; closed under the trust policy	470684416	collect=483166,pre-reconstruct=4606167,normalize=6810959,monomorphize=35750,instantiate=25125,translate=27045208,solve=431678041	
plean	crush-verify	1	Examples/ShardedKV.lean|ShardedKV.Node.Serving.eTransfer_correct_of_Safety_Safety	ShardedKV.Node.Serving.eTransfer_correct_of_Safety_Safety	10849681932946429018	verified	not-requested	solver returned unsat; closed under the trust policy	440154628	collect=511042,pre-reconstruct=4415709,normalize=6445917,monomorphize=25125,instantiate=14542,translate=26547584,solve=402194709	
plean	crush-verify	1	Examples/ShardedKV.lean|ShardedKV.Node.Serving.eTransfer_correct_of_Safety_Safety	ShardedKV.Node.Serving.eTransfer_correct_of_Safety_Safety	4115319545406062553	verified	not-requested	solver returned unsat; closed under the trust policy	503288625	collect=461708,pre-reconstruct=4989542,normalize=7567625,monomorphize=25292,instantiate=16875,translate=27774833,solve=462452750	
plean	crush-verify	1	Examples/ShardedKV.lean|ShardedKV.Node.Serving.eTransfer_correct_of_Safety_Safety	ShardedKV.Node.Serving.eTransfer_correct_of_Safety_Safety	16773836904586594644	verified	not-requested	solver returned unsat; closed under the trust policy	494828542	collect=442958,pre-reconstruct=1191917,normalize=7399500,monomorphize=26042,instantiate=14166,translate=27634042,solve=458119917	
plean	crush-verify	1	Examples/ShardedKV.lean|ShardedKV.base_of_Safety_UniqueActions	ShardedKV.base_of_Safety_UniqueActions	17799728052405574097	verified	not-requested	solver returned unsat; closed under the trust policy	415675458	collect=200167,pre-reconstruct=925583,normalize=2462666,monomorphize=16875,instantiate=24625,translate=11679792,solve=400365750	
plean	crush-verify	1	Examples/ShardedKV.lean|ShardedKV.base_of_Safety_IncreasingCount	ShardedKV.base_of_Safety_IncreasingCount	16645480121653727987	verified	not-requested	solver returned unsat; closed under the trust policy	428220459	collect=201917,pre-reconstruct=108625,normalize=2131500,monomorphize=13875,instantiate=19042,translate=11529417,solve=414216083	
plean	crush-verify	1	Examples/ShardedKV.lean|ShardedKV.base_of_Safety_ReceivedSubsetSent	ShardedKV.base_of_Safety_ReceivedSubsetSent	5156885450211704390	verified	not-requested	solver returned unsat; closed under the trust policy	408296875	collect=195209,pre-reconstruct=295583,normalize=2128292,monomorphize=15167,instantiate=21541,translate=9795250,solve=395845833	
plean	crush-verify	1	Examples/ShardedKV.lean|ShardedKV.Node.Serving.eReshard_correct_of_Safety_default	ShardedKV.Node.Serving.eReshard_correct_of_Safety_default	11070871872451873618	verified	not-requested	solver returned unsat; closed under the trust policy	495902206	collect=381375,pre-reconstruct=25358125,normalize=4265333,monomorphize=28916,instantiate=23333,translate=27104583,solve=438740541	
plean	crush-verify	1	Examples/ShardedKV.lean|ShardedKV.Node.Serving.eReshard_correct_of_Safety_default	ShardedKV.Node.Serving.eReshard_correct_of_Safety_default	1648220582697772830	verified	not-requested	solver returned unsat; closed under the trust policy	433913207	collect=409917,pre-reconstruct=4596041,normalize=4063958,monomorphize=19541,instantiate=14041,translate=19257625,solve=405552084	
plean	crush-verify	1	Examples/ShardedKV.lean|ShardedKV.Node.Serving.eTransfer_correct_of_Safety_default	ShardedKV.Node.Serving.eTransfer_correct_of_Safety_default	16544938116920668609	verified	not-requested	solver returned unsat; closed under the trust policy	428221544	collect=254417,pre-reconstruct=1446334,normalize=2345292,monomorphize=24750,instantiate=21834,translate=16284250,solve=407844667	
plean	crush-verify	1	Examples/ShardedKV.lean|ShardedKV.Node.Serving.eTransfer_correct_of_Safety_default	ShardedKV.Node.Serving.eTransfer_correct_of_Safety_default	528461590877090962	verified	not-requested	solver returned unsat; closed under the trust policy	430385000	collect=311500,pre-reconstruct=459250,normalize=2184375,monomorphize=16375,instantiate=12667,translate=14373000,solve=413027833	
plean	crush-verify	1	Examples/ShardedKV.lean|ShardedKV.Node.Serving.eTransfer_correct_of_Safety_default	ShardedKV.Node.Serving.eTransfer_correct_of_Safety_default	12889697509642270060	verified	not-requested	solver returned unsat; closed under the trust policy	418265374	collect=297458,pre-reconstruct=624292,normalize=2380291,monomorphize=17041,instantiate=15792,translate=14847292,solve=400083208	
plean	crush-portfolio	1	Examples/ShardedKV.lean|ShardedKV.base_of_Safety_transfer_means_no_owner	ShardedKV.base_of_Safety_transfer_means_no_owner	13721038439373211784	core-reconstructed	certificate-error	core-directed reconstruction succeeded	462403334	collect=721708,pre-reconstruct=3457333,normalize=3463500,monomorphize=114875,instantiate=100125,translate=19464584,solve=415777042,replay=148834,reconstruct=19155333	
plean	crush-portfolio	1	Examples/ShardedKV.lean|ShardedKV.base_of_Safety_unique_key_transfer	ShardedKV.base_of_Safety_unique_key_transfer	10849681932946429018	core-reconstructed	certificate-error	core-directed reconstruction succeeded	447599542	collect=218541,pre-reconstruct=671959,normalize=2427291,monomorphize=19042,instantiate=19375,translate=13001250,solve=414214458,replay=19834,reconstruct=17007792	
plean	crush-portfolio	1	Examples/ShardedKV.lean|ShardedKV.base_of_Safety_transfer_means_not_own	ShardedKV.base_of_Safety_transfer_means_not_own	11553383572066568625	core-reconstructed	certificate-error	core-directed reconstruction succeeded	447494002	collect=234584,pre-reconstruct=1118917,normalize=2942292,monomorphize=17542,instantiate=18083,translate=13678750,solve=413794500,replay=17292,reconstruct=15672042	
plean	crush-portfolio	1	Examples/ShardedKV.lean|ShardedKV.base_of_Safety_unique_owner	ShardedKV.base_of_Safety_unique_owner	16773836904586594644	core-reconstructed	certificate-error	core-directed reconstruction succeeded	478858292	collect=205458,pre-reconstruct=330250,normalize=2631542,monomorphize=17208,instantiate=15542,translate=11077792,solve=416343125,replay=18500,reconstruct=48218875	
plean	crush-portfolio	1	Examples/ShardedKV.lean|ShardedKV.Node.Serving.eTransfer_correct_of_Safety_Safety	ShardedKV.Node.Serving.eTransfer_correct_of_Safety_Safety	13775947038904500875	core-reconstructed	certificate-error	core-directed reconstruction succeeded	616121333	collect=482083,pre-reconstruct=9376625,normalize=6480083,monomorphize=30541,instantiate=21333,translate=27552250,solve=502419292,replay=19667,reconstruct=69739459	
plean	crush-portfolio	1	Examples/ShardedKV.lean|ShardedKV.Node.Serving.eTransfer_correct_of_Safety_Safety	ShardedKV.Node.Serving.eTransfer_correct_of_Safety_Safety	10849681932946429018	pre-reconstructed	not-attempted	closed before SMT translation	2448003709	collect=375875,pre-reconstruct=2447627834	
plean	crush-portfolio	1	Examples/ShardedKV.lean|ShardedKV.Node.Serving.eTransfer_correct_of_Safety_Safety	ShardedKV.Node.Serving.eTransfer_correct_of_Safety_Safety	4115319545406062553	core-reconstructed	certificate-error	core-directed reconstruction succeeded	591250374	collect=330958,pre-reconstruct=11900250,normalize=8183167,monomorphize=33458,instantiate=13666,translate=28593584,solve=470111833,replay=14167,reconstruct=72069291	
plean	crush-portfolio	1	Examples/ShardedKV.lean|ShardedKV.Node.Serving.eTransfer_correct_of_Safety_Safety	ShardedKV.Node.Serving.eTransfer_correct_of_Safety_Safety	16773836904586594644	reconstruction-failed	certificate-error	core-directed reconstruction did not close the goal	18137927792	collect=337250,pre-reconstruct=3836013917,normalize=7015917,monomorphize=26208,instantiate=9708,translate=25751000,solve=477768542,replay=11959,reconstruct=13790993291	
plean	crush-portfolio	1	Examples/ShardedKV.lean|ShardedKV.Node.Serving.eTransfer_correct_of_Safety_Safety	ShardedKV.Node.Serving.eTransfer_correct_of_Safety_Safety	13775947038904500875	core-reconstructed	certificate-error	core-directed reconstruction succeeded	557220167	collect=368000,pre-reconstruct=9050875,normalize=6713625,monomorphize=24625,instantiate=11500,translate=26053584,solve=450928000,replay=11500,reconstruct=64058458	
plean	crush-portfolio	1	Examples/ShardedKV.lean|ShardedKV.Node.Serving.eTransfer_correct_of_Safety_Safety	ShardedKV.Node.Serving.eTransfer_correct_of_Safety_Safety	10849681932946429018	pre-reconstructed	not-attempted	closed before SMT translation	2524496541	collect=302666,pre-reconstruct=2524193875	
plean	crush-portfolio	1	Examples/ShardedKV.lean|ShardedKV.Node.Serving.eTransfer_correct_of_Safety_Safety	ShardedKV.Node.Serving.eTransfer_correct_of_Safety_Safety	4115319545406062553	core-reconstructed	certificate-error	core-directed reconstruction succeeded	593148042	collect=400417,pre-reconstruct=10880625,normalize=7754416,monomorphize=34334,instantiate=12208,translate=29035958,solve=465644417,replay=13542,reconstruct=79372125	
plean	crush-portfolio	1	Examples/ShardedKV.lean|ShardedKV.Node.Serving.eTransfer_correct_of_Safety_Safety	ShardedKV.Node.Serving.eTransfer_correct_of_Safety_Safety	16773836904586594644	reconstruction-failed	certificate-error	core-directed reconstruction did not close the goal	18362223833	collect=357500,pre-reconstruct=3911777042,normalize=7420750,monomorphize=28791,instantiate=10583,translate=28511750,solve=469078458,replay=14625,reconstruct=13945024334	
plean	crush-portfolio	1	Examples/ShardedKV.lean|ShardedKV.Node.Serving.eTransfer_correct_of_Safety_Safety	ShardedKV.Node.Serving.eTransfer_correct_of_Safety_Safety	13775947038904500875	core-reconstructed	certificate-error	core-directed reconstruction succeeded	637030125	collect=484333,pre-reconstruct=10414042,normalize=7103334,monomorphize=24500,instantiate=11833,translate=27605875,solve=522924333,replay=12417,reconstruct=68449458	
plean	crush-portfolio	1	Examples/ShardedKV.lean|ShardedKV.base_of_Safety_UniqueActions	ShardedKV.base_of_Safety_UniqueActions	17799728052405574097	core-reconstructed	certificate-error	core-directed reconstruction succeeded	439066000	collect=285875,pre-reconstruct=1099542,normalize=2947292,monomorphize=17250,instantiate=17334,translate=12346833,solve=404617958,replay=21666,reconstruct=17712250	
plean	crush-portfolio	1	Examples/ShardedKV.lean|ShardedKV.base_of_Safety_IncreasingCount	ShardedKV.base_of_Safety_IncreasingCount	16645480121653727987	core-reconstructed	certificate-error	core-directed reconstruction succeeded	445267461	collect=221167,pre-reconstruct=124667,normalize=2425875,monomorphize=16459,instantiate=21042,translate=11074625,solve=414217500,replay=26209,reconstruct=17139917	
plean	crush-portfolio	1	Examples/ShardedKV.lean|ShardedKV.base_of_Safety_ReceivedSubsetSent	ShardedKV.base_of_Safety_ReceivedSubsetSent	5156885450211704390	core-reconstructed	certificate-error	core-directed reconstruction succeeded	426071209	collect=231500,pre-reconstruct=306292,normalize=2281667,monomorphize=17792,instantiate=21833,translate=10700417,solve=397535375,replay=27375,reconstruct=14948958	
plean	crush-portfolio	1	Examples/ShardedKV.lean|ShardedKV.Node.Serving.eReshard_correct_of_Safety_default	ShardedKV.Node.Serving.eReshard_correct_of_Safety_default	11070871872451873618	core-reconstructed	certificate-error	core-directed reconstruction succeeded	597440252	collect=342292,pre-reconstruct=25411042,normalize=4587292,monomorphize=28459,instantiate=22625,translate=25279458,solve=442383125,replay=17417,reconstruct=99368542	
plean	crush-portfolio	1	Examples/ShardedKV.lean|ShardedKV.Node.Serving.eReshard_correct_of_Safety_default	ShardedKV.Node.Serving.eReshard_correct_of_Safety_default	1648220582697772830	core-reconstructed	certificate-error	core-directed reconstruction succeeded	478822626	collect=260291,pre-reconstruct=3411750,normalize=3300584,monomorphize=18584,instantiate=14083,translate=19983125,solve=413648167,replay=11292,reconstruct=38174750	
plean	crush-portfolio	1	Examples/ShardedKV.lean|ShardedKV.Node.Serving.eTransfer_correct_of_Safety_default	ShardedKV.Node.Serving.eTransfer_correct_of_Safety_default	16544938116920668609	pre-reconstructed	not-attempted	closed before SMT translation	1716582	collect=250666,pre-reconstruct=1465916	
plean	crush-portfolio	1	Examples/ShardedKV.lean|ShardedKV.Node.Serving.eTransfer_correct_of_Safety_default	ShardedKV.Node.Serving.eTransfer_correct_of_Safety_default	528461590877090962	core-reconstructed	certificate-error	core-directed reconstruction succeeded	433884084	collect=139208,pre-reconstruct=825417,normalize=2081584,monomorphize=23875,instantiate=17041,translate=15290250,solve=414218500,replay=18084,reconstruct=1270125	
plean	crush-portfolio	1	Examples/ShardedKV.lean|ShardedKV.Node.Serving.eTransfer_correct_of_Safety_default	ShardedKV.Node.Serving.eTransfer_correct_of_Safety_default	12889697509642270060	core-reconstructed	certificate-error	core-directed reconstruction succeeded	621533250	collect=291292,pre-reconstruct=1093833,normalize=2367917,monomorphize=15417,instantiate=16125,translate=14432541,solve=436450000,replay=30708,reconstruct=166835417	
plean	crush-verify	1	Examples/TwoPhaseCommit.lean|TwoPhaseCommit.base_of_system_config_participant_set	TwoPhaseCommit.base_of_system_config_participant_set	3447196019152406883	verified	not-requested	solver returned unsat; closed under the trust policy	446658834	collect=680458,pre-reconstruct=2685292,normalize=3696125,monomorphize=104542,instantiate=88250,translate=21617750,solve=417786417	
plean	crush-verify	1	Examples/TwoPhaseCommit.lean|TwoPhaseCommit.Coordinator.WaitForResponses.eYes_correct_of_system_config_system_config	TwoPhaseCommit.Coordinator.WaitForResponses.eYes_correct_of_system_config_system_config	4225373430424136924	unknown	not-attempted	solver exited without a verdict: cvc5 interrupted by timeout.	5460508042	collect=294542,pre-reconstruct=5285917,normalize=3900667,monomorphize=76875,instantiate=27250,translate=12371958,solve=5438550833	
plean	crush-verify	1	Examples/TwoPhaseCommit.lean|TwoPhaseCommit.Coordinator.WaitForResponses.eYes_correct_of_system_config_system_config	TwoPhaseCommit.Coordinator.WaitForResponses.eYes_correct_of_system_config_system_config	4225373430424136924	unknown	not-attempted	solver exited without a verdict: cvc5 interrupted by timeout.	5429074373	collect=289916,pre-reconstruct=3899292,normalize=4015541,monomorphize=19125,instantiate=15458,translate=11981458,solve=5408853583	
plean	crush-verify	1	Examples/TwoPhaseCommit.lean|TwoPhaseCommit.Coordinator.WaitForResponses.eYes_correct_of_system_config_system_config	TwoPhaseCommit.Coordinator.WaitForResponses.eYes_correct_of_system_config_system_config	5471309529939874078	unknown	not-attempted	solver exited without a verdict: cvc5 interrupted by timeout.	5438859041	collect=542708,pre-reconstruct=4776542,normalize=3204500,monomorphize=18583,instantiate=14958,translate=17306333,solve=5412995417	
plean	crush-verify	1	Examples/TwoPhaseCommit.lean|TwoPhaseCommit.Coordinator.WaitForResponses.eYes_correct_of_system_config_system_config	TwoPhaseCommit.Coordinator.WaitForResponses.eYes_correct_of_system_config_system_config	5471309529939874078	unknown	not-attempted	solver exited without a verdict: cvc5 interrupted by timeout.	5432583500	collect=351250,pre-reconstruct=5279542,normalize=3384000,monomorphize=18084,instantiate=20208,translate=17246208,solve=5406284208	
plean	crush-verify	1	Examples/TwoPhaseCommit.lean|TwoPhaseCommit.Coordinator.WaitForResponses.eYes_correct_of_system_config_system_config	TwoPhaseCommit.Coordinator.WaitForResponses.eYes_correct_of_system_config_system_config	3447196019152406883	pre-reconstructed	not-attempted	closed before SMT translation	1683875	collect=207583,pre-reconstruct=1476292	
plean	crush-verify	1	Examples/TwoPhaseCommit.lean|TwoPhaseCommit.Coordinator.WaitForResponses.eYes_correct_of_system_config_system_config	TwoPhaseCommit.Coordinator.WaitForResponses.eYes_correct_of_system_config_system_config	8236911049903588693	unknown	not-attempted	solver exited without a verdict: cvc5 interrupted by timeout.	5433608498	collect=152666,pre-reconstruct=4556958,normalize=2204333,monomorphize=17834,instantiate=11833,translate=11996416,solve=5414668458	
plean	crush-verify	1	Examples/TwoPhaseCommit.lean|TwoPhaseCommit.Coordinator.WaitForResponses.eYes_correct_of_system_config_system_config	TwoPhaseCommit.Coordinator.WaitForResponses.eYes_correct_of_system_config_system_config	3447196019152406883	pre-reconstructed	not-attempted	closed before SMT translation	1378167	collect=233458,pre-reconstruct=1144709	
plean	crush-verify	1	Examples/TwoPhaseCommit.lean|TwoPhaseCommit.Coordinator.WaitForResponses.eYes_correct_of_system_config_system_config	TwoPhaseCommit.Coordinator.WaitForResponses.eYes_correct_of_system_config_system_config	8236911049903588693	unknown	not-attempted	solver exited without a verdict: cvc5 interrupted by timeout.	5431333792	collect=155500,pre-reconstruct=2014000,normalize=2012333,monomorphize=17833,instantiate=14375,translate=11751667,solve=5415368084	
plean	crush-verify	1	Examples/TwoPhaseCommit.lean|TwoPhaseCommit.Coordinator.WaitForResponses.eYes_correct_of_system_config_system_config	TwoPhaseCommit.Coordinator.WaitForResponses.eYes_correct_of_system_config_system_config	3447196019152406883	pre-reconstructed	not-attempted	closed before SMT translation	1322583	collect=201083,pre-reconstruct=1121500	
plean	crush-verify	1	Examples/TwoPhaseCommit.lean|TwoPhaseCommit.Coordinator.WaitForResponses.eYes_correct_of_system_config_system_config	TwoPhaseCommit.Coordinator.WaitForResponses.eYes_correct_of_system_config_system_config	4603268118125486097	verified	not-requested	solver returned unsat; closed under the trust policy	419429750	collect=171334,pre-reconstruct=501542,normalize=1798792,monomorphize=16208,instantiate=14500,translate=10646291,solve=406281083	
plean	crush-verify	1	Examples/TwoPhaseCommit.lean|TwoPhaseCommit.Coordinator.WaitForResponses.eYes_correct_of_system_config_system_config	TwoPhaseCommit.Coordinator.WaitForResponses.eYes_correct_of_system_config_system_config	4519860779536265759	unknown	not-attempted	solver exited without a verdict: cvc5 interrupted by timeout.	5419095667	collect=367750,pre-reconstruct=2342833,normalize=2191167,monomorphize=17333,instantiate=13625,translate=10640542,solve=5403522417	
plean	crush-verify	1	Examples/TwoPhaseCommit.lean|TwoPhaseCommit.Coordinator.WaitForResponses.eYes_correct_of_system_config_system_config	TwoPhaseCommit.Coordinator.WaitForResponses.eYes_correct_of_system_config_system_config	3447196019152406883	pre-reconstructed	not-attempted	closed before SMT translation	1316541	collect=210541,pre-reconstruct=1106000	
plean	crush-verify	1	Examples/TwoPhaseCommit.lean|TwoPhaseCommit.Coordinator.WaitForResponses.eYes_correct_of_system_config_system_config	TwoPhaseCommit.Coordinator.WaitForResponses.eYes_correct_of_system_config_system_config	8236911049903588693	unknown	not-attempted	solver exited without a verdict: cvc5 interrupted by timeout.	5423321378	collect=228084,pre-reconstruct=1826875,normalize=2340167,monomorphize=20834,instantiate=18042,translate=12015459,solve=5406871917	
plean	crush-verify	1	Examples/TwoPhaseCommit.lean|TwoPhaseCommit.Coordinator.WaitForResponses.eYes_correct_of_system_config_system_config	TwoPhaseCommit.Coordinator.WaitForResponses.eYes_correct_of_system_config_system_config	4225373430424136924	unknown	not-attempted	solver exited without a verdict: cvc5 interrupted by timeout.	5423047708	collect=279541,pre-reconstruct=3151542,normalize=3746667,monomorphize=20750,instantiate=11083,translate=11113041,solve=5404725084	
plean	crush-verify	1	Examples/TwoPhaseCommit.lean|TwoPhaseCommit.Coordinator.WaitForResponses.eYes_correct_of_system_config_system_config	TwoPhaseCommit.Coordinator.WaitForResponses.eYes_correct_of_system_config_system_config	4225373430424136924	unknown	not-attempted	solver exited without a verdict: cvc5 interrupted by timeout.	5432457460	collect=300292,pre-reconstruct=3627125,normalize=3894375,monomorphize=19834,instantiate=14500,translate=12747000,solve=5411854334	
plean	crush-verify	1	Examples/TwoPhaseCommit.lean|TwoPhaseCommit.Coordinator.WaitForResponses.eYes_correct_of_system_config_system_config	TwoPhaseCommit.Coordinator.WaitForResponses.eYes_correct_of_system_config_system_config	5471309529939874078	unknown	not-attempted	solver exited without a verdict: cvc5 interrupted by timeout.	5429797457	collect=258958,pre-reconstruct=5130542,normalize=3462709,monomorphize=21791,instantiate=18750,translate=16614291,solve=5404290416	
plean	crush-verify	1	Examples/TwoPhaseCommit.lean|TwoPhaseCommit.Coordinator.WaitForResponses.eYes_correct_of_system_config_system_config	TwoPhaseCommit.Coordinator.WaitForResponses.eYes_correct_of_system_config_system_config	5471309529939874078	unknown	not-attempted	solver exited without a verdict: cvc5 interrupted by timeout.	5442491668	collect=282000,pre-reconstruct=5242959,normalize=3168750,monomorphize=19791,instantiate=13875,translate=18663709,solve=5415100584	
plean	crush-verify	1	Examples/TwoPhaseCommit.lean|TwoPhaseCommit.Coordinator.WaitForResponses.eNo_correct_of_system_config_system_config	TwoPhaseCommit.Coordinator.WaitForResponses.eNo_correct_of_system_config_system_config	14328788366895590194	verified	not-requested	solver returned unsat; closed under the trust policy	478064749	collect=351167,pre-reconstruct=8857000,normalize=4391333,monomorphize=34791,instantiate=22541,translate=20297375,solve=444110542	
plean	crush-verify	1	Examples/TwoPhaseCommit.lean|TwoPhaseCommit.Coordinator.WaitForResponses.eNo_correct_of_system_config_system_config	TwoPhaseCommit.Coordinator.WaitForResponses.eNo_correct_of_system_config_system_config	16544938116920668609	unknown	not-attempted	solver exited without a verdict: cvc5 interrupted by timeout.	5424407874	collect=364250,pre-reconstruct=4151041,normalize=2633292,monomorphize=20292,instantiate=16750,translate=11946916,solve=5405275333	
plean	crush-verify	1	Examples/TwoPhaseCommit.lean|TwoPhaseCommit.Coordinator.WaitForResponses.eNo_correct_of_system_config_system_config	TwoPhaseCommit.Coordinator.WaitForResponses.eNo_correct_of_system_config_system_config	14328788366895590194	verified	not-requested	solver returned unsat; closed under the trust policy	476784540	collect=312125,pre-reconstruct=6871708,normalize=3963583,monomorphize=21625,instantiate=17416,translate=19258042,solve=446340041	
plean	crush-verify	1	Examples/TwoPhaseCommit.lean|TwoPhaseCommit.Coordinator.WaitForResponses.eNo_correct_of_system_config_system_config	TwoPhaseCommit.Coordinator.WaitForResponses.eNo_correct_of_system_config_system_config	16544938116920668609	unknown	not-attempted	solver exited without a verdict: cvc5 interrupted by timeout.	5427953291	collect=384417,pre-reconstruct=2680083,normalize=2519417,monomorphize=20125,instantiate=14125,translate=11682041,solve=5410653083	
plean	crush-verify	1	Examples/TwoPhaseCommit.lean|TwoPhaseCommit.Coordinator.WaitForResponses.eNo_correct_of_system_config_system_config	TwoPhaseCommit.Coordinator.WaitForResponses.eNo_correct_of_system_config_system_config	16544938116920668609	verified	not-requested	solver returned unsat; closed under the trust policy	446309126	collect=278083,pre-reconstruct=1263459,normalize=3622208,monomorphize=22709,instantiate=15583,translate=16042584,solve=425064500	
plean	crush-verify	1	Examples/TwoPhaseCommit.lean|TwoPhaseCommit.Coordinator.WaitForResponses.eNo_correct_of_system_config_system_config	TwoPhaseCommit.Coordinator.WaitForResponses.eNo_correct_of_system_config_system_config	11269035718580243533	verified	not-requested	solver returned unsat; closed under the trust policy	461502791	collect=423083,pre-reconstruct=575500,normalize=3645583,monomorphize=20542,instantiate=14083,translate=15413083,solve=441410917	
plean	crush-verify	1	Examples/TwoPhaseCommit.lean|TwoPhaseCommit.Coordinator.WaitForResponses.eNo_correct_of_system_config_system_config	TwoPhaseCommit.Coordinator.WaitForResponses.eNo_correct_of_system_config_system_config	16316480181442834656	verified	not-requested	solver returned unsat; closed under the trust policy	432691750	collect=390875,pre-reconstruct=5895875,normalize=3772834,monomorphize=19458,instantiate=15333,translate=14981500,solve=407615875	
plean	crush-verify	1	Examples/TwoPhaseCommit.lean|TwoPhaseCommit.Coordinator.WaitForResponses.eNo_correct_of_system_config_system_config	TwoPhaseCommit.Coordinator.WaitForResponses.eNo_correct_of_system_config_system_config	16544938116920668609	unknown	not-attempted	solver exited without a verdict: cvc5 interrupted by timeout.	5419668124	collect=221583,pre-reconstruct=1218875,normalize=2192167,monomorphize=23791,instantiate=13875,translate=11647375,solve=5404350458	
plean	crush-verify	1	Examples/TwoPhaseCommit.lean|TwoPhaseCommit.Coordinator.WaitForResponses.eNo_correct_of_system_config_system_config	TwoPhaseCommit.Coordinator.WaitForResponses.eNo_correct_of_system_config_system_config	16544938116920668609	verified	not-requested	solver returned unsat; closed under the trust policy	440818498	collect=316708,pre-reconstruct=1410250,normalize=3778708,monomorphize=24125,instantiate=15791,translate=16586583,solve=418686333	
plean	crush-verify	1	Examples/TwoPhaseCommit.lean|TwoPhaseCommit.Coordinator.WaitForResponses.eNo_correct_of_system_config_system_config	TwoPhaseCommit.Coordinator.WaitForResponses.eNo_correct_of_system_config_system_config	3663896596369207448	verified	not-requested	solver returned unsat; closed under the trust policy	439199832	collect=431792,pre-reconstruct=592083,normalize=3695541,monomorphize=20500,instantiate=14084,translate=15105666,solve=419340166	
plean	crush-verify	1	Examples/TwoPhaseCommit.lean|TwoPhaseCommit.Coordinator.WaitForResponses.eNo_correct_of_system_config_system_config	TwoPhaseCommit.Coordinator.WaitForResponses.eNo_correct_of_system_config_system_config	169441211374121931	verified	not-requested	solver returned unsat; closed under the trust policy	437307666	collect=395666,pre-reconstruct=4747834,normalize=3912083,monomorphize=21708,instantiate=14750,translate=16291750,solve=411923875	
plean	crush-verify	1	Examples/TwoPhaseCommit.lean|TwoPhaseCommit.Coordinator.WaitForResponses.eNo_correct_of_system_config_system_config	TwoPhaseCommit.Coordinator.WaitForResponses.eNo_correct_of_system_config_system_config	16762529229697648496	unknown	not-attempted	solver exited without a verdict: cvc5 interrupted by timeout.	5416012709	collect=214000,pre-reconstruct=1134042,normalize=2156916,monomorphize=22167,instantiate=16334,translate=11680708,solve=5400788542	
plean	crush-verify	1	Examples/TwoPhaseCommit.lean|TwoPhaseCommit.Coordinator.WaitForResponses.eNo_correct_of_system_config_system_config	TwoPhaseCommit.Coordinator.WaitForResponses.eNo_correct_of_system_config_system_config	3447196019152406883	pre-reconstructed	not-attempted	closed before SMT translation	1443625	collect=226083,pre-reconstruct=1217542	
plean	crush-verify	1	Examples/TwoPhaseCommit.lean|TwoPhaseCommit.Coordinator.WaitForResponses.eNo_correct_of_system_config_system_config	TwoPhaseCommit.Coordinator.WaitForResponses.eNo_correct_of_system_config_system_config	8236911049903588693	unknown	not-attempted	solver exited without a verdict: cvc5 interrupted by timeout.	5428895834	collect=176834,pre-reconstruct=2052709,normalize=1944792,monomorphize=21875,instantiate=11417,translate=10965166,solve=5413723041	
plean	crush-verify	1	Examples/TwoPhaseCommit.lean|TwoPhaseCommit.Coordinator.WaitForResponses.eNo_correct_of_system_config_system_config	TwoPhaseCommit.Coordinator.WaitForResponses.eNo_correct_of_system_config_system_config	3447196019152406883	pre-reconstructed	not-attempted	closed before SMT translation	1336583	collect=216458,pre-reconstruct=1120125	
plean	crush-verify	1	Examples/TwoPhaseCommit.lean|TwoPhaseCommit.Coordinator.WaitForResponses.eNo_correct_of_system_config_system_config	TwoPhaseCommit.Coordinator.WaitForResponses.eNo_correct_of_system_config_system_config	8236911049903588693	unknown	not-attempted	solver exited without a verdict: cvc5 interrupted by timeout.	5430955583	collect=157083,pre-reconstruct=2102375,normalize=1974167,monomorphize=19875,instantiate=15583,translate=10850542,solve=5415835958	
plean	crush-verify	1	Examples/TwoPhaseCommit.lean|TwoPhaseCommit.Coordinator.WaitForResponses.eNo_correct_of_system_config_system_config	TwoPhaseCommit.Coordinator.WaitForResponses.eNo_correct_of_system_config_system_config	3447196019152406883	pre-reconstructed	not-attempted	closed before SMT translation	1425167	collect=256458,pre-reconstruct=1168709	
plean	crush-verify	1	Examples/TwoPhaseCommit.lean|TwoPhaseCommit.Coordinator.WaitForResponses.eNo_correct_of_system_config_system_config	TwoPhaseCommit.Coordinator.WaitForResponses.eNo_correct_of_system_config_system_config	4603268118125486097	verified	not-requested	solver returned unsat; closed under the trust policy	417427375	collect=360084,pre-reconstruct=722458,normalize=1996500,monomorphize=21125,instantiate=15625,translate=11318667,solve=402992916	
plean	crush-verify	1	Examples/TwoPhaseCommit.lean|TwoPhaseCommit.Coordinator.WaitForResponses.eNo_correct_of_system_config_system_config	TwoPhaseCommit.Coordinator.WaitForResponses.eNo_correct_of_system_config_system_config	4519860779536265759	unknown	not-attempted	solver exited without a verdict: cvc5 interrupted by timeout.	5420864167	collect=412500,pre-reconstruct=3377417,normalize=2315333,monomorphize=19709,instantiate=19916,translate=10921333,solve=5403797959	
plean	crush-verify	1	Examples/TwoPhaseCommit.lean|TwoPhaseCommit.Coordinator.WaitForResponses.eNo_correct_of_system_config_system_config	TwoPhaseCommit.Coordinator.WaitForResponses.eNo_correct_of_system_config_system_config	3447196019152406883	pre-reconstructed	not-attempted	closed before SMT translation	1568749	collect=262791,pre-reconstruct=1305958	
plean	crush-verify	1	Examples/TwoPhaseCommit.lean|TwoPhaseCommit.Coordinator.WaitForResponses.eNo_correct_of_system_config_system_config	TwoPhaseCommit.Coordinator.WaitForResponses.eNo_correct_of_system_config_system_config	8236911049903588693	unknown	not-attempted	solver exited without a verdict: cvc5 interrupted by timeout.	5427738708	collect=191458,pre-reconstruct=1586583,normalize=2325625,monomorphize=20375,instantiate=17709,translate=11604208,solve=5411992750	
plean	crush-verify	1	Examples/TwoPhaseCommit.lean|TwoPhaseCommit.Coordinator.WaitForResponses.eNo_correct_of_system_config_system_config	TwoPhaseCommit.Coordinator.WaitForResponses.eNo_correct_of_system_config_system_config	14328788366895590194	verified	not-requested	solver returned unsat; closed under the trust policy	470362751	collect=269166,pre-reconstruct=6811709,normalize=3838042,monomorphize=20250,instantiate=12458,translate=18859917,solve=440551209	
plean	crush-verify	1	Examples/TwoPhaseCommit.lean|TwoPhaseCommit.Coordinator.WaitForResponses.eNo_correct_of_system_config_system_config	TwoPhaseCommit.Coordinator.WaitForResponses.eNo_correct_of_system_config_system_config	16544938116920668609	unknown	not-attempted	solver exited without a verdict: cvc5 interrupted by timeout.	5426173833	collect=356792,pre-reconstruct=2453500,normalize=2508542,monomorphize=21333,instantiate=14333,translate=11660833,solve=5409158500	
plean	crush-verify	1	Examples/TwoPhaseCommit.lean|TwoPhaseCommit.Coordinator.WaitForResponses.eNo_correct_of_system_config_system_config	TwoPhaseCommit.Coordinator.WaitForResponses.eNo_correct_of_system_config_system_config	14328788366895590194	verified	not-requested	solver returned unsat; closed under the trust policy	477419706	collect=350041,pre-reconstruct=7173083,normalize=3981208,monomorphize=18500,instantiate=15583,translate=18947166,solve=446934125	
plean	crush-verify	1	Examples/TwoPhaseCommit.lean|TwoPhaseCommit.Coordinator.WaitForResponses.eNo_correct_of_system_config_system_config	TwoPhaseCommit.Coordinator.WaitForResponses.eNo_correct_of_system_config_system_config	16544938116920668609	unknown	not-attempted	solver exited without a verdict: cvc5 interrupted by timeout.	5430853711	collect=342417,pre-reconstruct=1946750,normalize=2491584,monomorphize=20917,instantiate=14167,translate=11828584,solve=5414209292	
plean	crush-verify	1	Examples/TwoPhaseCommit.lean|TwoPhaseCommit.Coordinator.WaitForResponses.eNo_correct_of_system_config_system_config	TwoPhaseCommit.Coordinator.WaitForResponses.eNo_correct_of_system_config_system_config	16544938116920668609	verified	not-requested	solver returned unsat; closed under the trust policy	452488251	collect=298542,pre-reconstruct=1291583,normalize=3605208,monomorphize=23625,instantiate=15750,translate=16260084,solve=430993459	
plean	crush-verify	1	Examples/TwoPhaseCommit.lean|TwoPhaseCommit.Coordinator.WaitForResponses.eNo_correct_of_system_config_system_config	TwoPhaseCommit.Coordinator.WaitForResponses.eNo_correct_of_system_config_system_config	11269035718580243533	verified	not-requested	solver returned unsat; closed under the trust policy	435432334	collect=452792,pre-reconstruct=600083,normalize=3558959,monomorphize=20125,instantiate=13417,translate=15111958,solve=415675000	
plean	crush-verify	1	Examples/TwoPhaseCommit.lean|TwoPhaseCommit.Coordinator.WaitForResponses.eNo_correct_of_system_config_system_config	TwoPhaseCommit.Coordinator.WaitForResponses.eNo_correct_of_system_config_system_config	16316480181442834656	verified	not-requested	solver returned unsat; closed under the trust policy	437892751	collect=364958,pre-reconstruct=4984125,normalize=3302042,monomorphize=18667,instantiate=14167,translate=14536000,solve=414672792	
plean	crush-verify	1	Examples/TwoPhaseCommit.lean|TwoPhaseCommit.Coordinator.WaitForResponses.eNo_correct_of_system_config_system_config	TwoPhaseCommit.Coordinator.WaitForResponses.eNo_correct_of_system_config_system_config	16544938116920668609	unknown	not-attempted	solver exited without a verdict: cvc5 interrupted by timeout.	5422223126	collect=286792,pre-reconstruct=1311417,normalize=2340542,monomorphize=24292,instantiate=15833,translate=11691417,solve=5406552833	
plean	crush-verify	1	Examples/TwoPhaseCommit.lean|TwoPhaseCommit.Coordinator.WaitForResponses.eNo_correct_of_system_config_system_config	TwoPhaseCommit.Coordinator.WaitForResponses.eNo_correct_of_system_config_system_config	16544938116920668609	verified	not-requested	solver returned unsat; closed under the trust policy	442666582	collect=373541,pre-reconstruct=1603750,normalize=3740875,monomorphize=50083,instantiate=20083,translate=16705125,solve=420173125	
plean	crush-verify	1	Examples/TwoPhaseCommit.lean|TwoPhaseCommit.Coordinator.WaitForResponses.eNo_correct_of_system_config_system_config	TwoPhaseCommit.Coordinator.WaitForResponses.eNo_correct_of_system_config_system_config	3663896596369207448	verified	not-requested	solver returned unsat; closed under the trust policy	440692501	collect=424250,pre-reconstruct=610542,normalize=4109583,monomorphize=23542,instantiate=15042,translate=17192625,solve=418316917	
plean	crush-verify	1	Examples/TwoPhaseCommit.lean|TwoPhaseCommit.Coordinator.WaitForResponses.eNo_correct_of_system_config_system_config	TwoPhaseCommit.Coordinator.WaitForResponses.eNo_correct_of_system_config_system_config	169441211374121931	verified	not-requested	solver returned unsat; closed under the trust policy	437709210	collect=404959,pre-reconstruct=4737917,normalize=3540334,monomorphize=20625,instantiate=15375,translate=15598167,solve=413391833	
plean	crush-verify	1	Examples/TwoPhaseCommit.lean|TwoPhaseCommit.Coordinator.WaitForResponses.eNo_correct_of_system_config_system_config	TwoPhaseCommit.Coordinator.WaitForResponses.eNo_correct_of_system_config_system_config	16762529229697648496	unknown	not-attempted	solver exited without a verdict: cvc5 interrupted by timeout.	5420624750	collect=208875,pre-reconstruct=1178375,normalize=2257250,monomorphize=23583,instantiate=17958,translate=11985959,solve=5404952750	
plean	crush-verify	1	Examples/TwoPhaseCommit.lean|TwoPhaseCommit.Coordinator.WaitForResponses.eNo_correct_of_system_config_system_config	TwoPhaseCommit.Coordinator.WaitForResponses.eNo_correct_of_system_config_system_config	14328788366895590194	verified	not-requested	solver returned unsat; closed under the trust policy	479626709	collect=285750,pre-reconstruct=7320000,normalize=4045875,monomorphize=19208,instantiate=11584,translate=19795625,solve=448148667	
plean	crush-verify	1	Examples/TwoPhaseCommit.lean|TwoPhaseCommit.Coordinator.WaitForResponses.eNo_correct_of_system_config_system_config	TwoPhaseCommit.Coordinator.WaitForResponses.eNo_correct_of_system_config_system_config	16544938116920668609	unknown	not-attempted	solver exited without a verdict: cvc5 interrupted by timeout.	5421929335	collect=401084,pre-reconstruct=2944792,normalize=2536959,monomorphize=24083,instantiate=14125,translate=11764333,solve=5404243959	
plean	crush-verify	1	Examples/TwoPhaseCommit.lean|TwoPhaseCommit.Coordinator.WaitForResponses.eNo_correct_of_system_config_system_config	TwoPhaseCommit.Coordinator.WaitForResponses.eNo_correct_of_system_config_system_config	14328788366895590194	verified	not-requested	solver returned unsat; closed under the trust policy	477778376	collect=288750,pre-reconstruct=7144042,normalize=4078667,monomorphize=19792,instantiate=14667,translate=18494667,solve=447737791	
plean	crush-verify	1	Examples/TwoPhaseCommit.lean|TwoPhaseCommit.Coordinator.WaitForResponses.eNo_correct_of_system_config_system_config	TwoPhaseCommit.Coordinator.WaitForResponses.eNo_correct_of_system_config_system_config	16544938116920668609	unknown	not-attempted	solver exited without a verdict: cvc5 interrupted by timeout.	5426793915	collect=399417,pre-reconstruct=2257917,normalize=2953792,monomorphize=28291,instantiate=14916,translate=13256416,solve=5407883166	
plean	crush-verify	1	Examples/TwoPhaseCommit.lean|TwoPhaseCommit.Coordinator.WaitForResponses.eNo_correct_of_system_config_system_config	TwoPhaseCommit.Coordinator.WaitForResponses.eNo_correct_of_system_config_system_config	16544938116920668609	verified	not-requested	solver returned unsat; closed under the trust policy	459407460	collect=273167,pre-reconstruct=1509334,normalize=4381834,monomorphize=28542,instantiate=16000,translate=17269958,solve=435928625	
plean	crush-verify	1	Examples/TwoPhaseCommit.lean|TwoPhaseCommit.Coordinator.WaitForResponses.eNo_correct_of_system_config_system_config	TwoPhaseCommit.Coordinator.WaitForResponses.eNo_correct_of_system_config_system_config	11269035718580243533	verified	not-requested	solver returned unsat; closed under the trust policy	437540958	collect=426250,pre-reconstruct=605417,normalize=3870500,monomorphize=21167,instantiate=14083,translate=15320833,solve=417282708	
plean	crush-verify	1	Examples/TwoPhaseCommit.lean|TwoPhaseCommit.Coordinator.WaitForResponses.eNo_correct_of_system_config_system_config	TwoPhaseCommit.Coordinator.WaitForResponses.eNo_correct_of_system_config_system_config	16316480181442834656	verified	not-requested	solver returned unsat; closed under the trust policy	433759042	collect=368625,pre-reconstruct=5352291,normalize=3708792,monomorphize=21334,instantiate=17667,translate=15916875,solve=408373458	
plean	crush-verify	1	Examples/TwoPhaseCommit.lean|TwoPhaseCommit.Coordinator.WaitForResponses.eNo_correct_of_system_config_system_config	TwoPhaseCommit.Coordinator.WaitForResponses.eNo_correct_of_system_config_system_config	16544938116920668609	unknown	not-attempted	solver exited without a verdict: cvc5 interrupted by timeout.	5423490874	collect=234333,pre-reconstruct=1257541,normalize=2401166,monomorphize=22709,instantiate=17833,translate=11885458,solve=5407671834	
plean	crush-verify	1	Examples/TwoPhaseCommit.lean|TwoPhaseCommit.Coordinator.WaitForResponses.eNo_correct_of_system_config_system_config	TwoPhaseCommit.Coordinator.WaitForResponses.eNo_correct_of_system_config_system_config	16544938116920668609	verified	not-requested	solver returned unsat; closed under the trust policy	452444335	collect=270709,pre-reconstruct=1379834,normalize=3722750,monomorphize=23125,instantiate=14459,translate=16124750,solve=430908708	
plean	crush-verify	1	Examples/TwoPhaseCommit.lean|TwoPhaseCommit.Coordinator.WaitForResponses.eNo_correct_of_system_config_system_config	TwoPhaseCommit.Coordinator.WaitForResponses.eNo_correct_of_system_config_system_config	3663896596369207448	verified	not-requested	solver returned unsat; closed under the trust policy	463732794	collect=427500,pre-reconstruct=609209,normalize=3697917,monomorphize=20292,instantiate=13625,translate=15215292,solve=443748959	
plean	crush-verify	1	Examples/TwoPhaseCommit.lean|TwoPhaseCommit.Coordinator.WaitForResponses.eNo_correct_of_system_config_system_config	TwoPhaseCommit.Coordinator.WaitForResponses.eNo_correct_of_system_config_system_config	169441211374121931	verified	not-requested	solver returned unsat; closed under the trust policy	453296665	collect=373917,pre-reconstruct=5073041,normalize=3703208,monomorphize=19792,instantiate=18125,translate=15106041,solve=429002541	
plean	crush-verify	1	Examples/TwoPhaseCommit.lean|TwoPhaseCommit.Coordinator.WaitForResponses.eNo_correct_of_system_config_system_config	TwoPhaseCommit.Coordinator.WaitForResponses.eNo_correct_of_system_config_system_config	16762529229697648496	unknown	not-attempted	solver exited without a verdict: cvc5 interrupted by timeout.	5434390834	collect=276625,pre-reconstruct=1593417,normalize=2425042,monomorphize=27209,instantiate=13666,translate=12607875,solve=5417447000	
plean	crush-verify	1	Examples/TwoPhaseCommit.lean|TwoPhaseCommit.Coordinator.Init.entry_correct_of_system_config_system_config	TwoPhaseCommit.Coordinator.Init.entry_correct_of_system_config_system_config	10238892770241185239	verified	not-requested	solver returned unsat; closed under the trust policy	472317959	collect=361500,pre-reconstruct=7779417,normalize=3759875,monomorphize=22042,instantiate=17917,translate=19617500,solve=440759708	
plean	crush-verify	1	Examples/TwoPhaseCommit.lean|TwoPhaseCommit.Coordinator.Init.entry_correct_of_system_config_system_config	TwoPhaseCommit.Coordinator.Init.entry_correct_of_system_config_system_config	16544938116920668609	unknown	not-attempted	solver exited without a verdict: cvc5 interrupted by timeout.	5434689250	collect=382500,pre-reconstruct=4008834,normalize=2377916,monomorphize=20000,instantiate=17500,translate=11437500,solve=5416445000	
plean	crush-verify	1	Examples/TwoPhaseCommit.lean|TwoPhaseCommit.Coordinator.Init.entry_correct_of_system_config_system_config	TwoPhaseCommit.Coordinator.Init.entry_correct_of_system_config_system_config	10238892770241185239	verified	not-requested	solver returned unsat; closed under the trust policy	479396084	collect=344375,pre-reconstruct=7988167,normalize=3914959,monomorphize=17416,instantiate=15375,translate=18675000,solve=448440792	
plean	crush-verify	1	Examples/TwoPhaseCommit.lean|TwoPhaseCommit.Coordinator.Init.entry_correct_of_system_config_system_config	TwoPhaseCommit.Coordinator.Init.entry_correct_of_system_config_system_config	16544938116920668609	unknown	not-attempted	solver exited without a verdict: cvc5 interrupted by timeout.	5426373290	collect=342458,pre-reconstruct=3028958,normalize=2270333,monomorphize=18542,instantiate=13916,translate=10570208,solve=5410128875	
plean	crush-verify	1	Examples/TwoPhaseCommit.lean|TwoPhaseCommit.Coordinator.Init.entry_correct_of_system_config_system_config	TwoPhaseCommit.Coordinator.Init.entry_correct_of_system_config_system_config	16544938116920668609	verified	not-requested	solver returned unsat; closed under the trust policy	445140374	collect=336875,pre-reconstruct=1754666,normalize=4226791,monomorphize=19209,instantiate=16083,translate=15646667,solve=423140083	
plean	crush-verify	1	Examples/TwoPhaseCommit.lean|TwoPhaseCommit.Coordinator.Init.entry_correct_of_system_config_system_config	TwoPhaseCommit.Coordinator.Init.entry_correct_of_system_config_system_config	11269035718580243533	verified	not-requested	solver returned unsat; closed under the trust policy	445604206	collect=480208,pre-reconstruct=675250,normalize=4244833,monomorphize=17916,instantiate=15041,translate=15176083,solve=424994875	
plean	crush-verify	1	Examples/TwoPhaseCommit.lean|TwoPhaseCommit.Coordinator.Init.entry_correct_of_system_config_system_config	TwoPhaseCommit.Coordinator.Init.entry_correct_of_system_config_system_config	17743988793785745605	verified	not-requested	solver returned unsat; closed under the trust policy	430046416	collect=390208,pre-reconstruct=6629791,normalize=4612375,monomorphize=20042,instantiate=16542,translate=14849583,solve=403527875	
plean	crush-verify	1	Examples/TwoPhaseCommit.lean|TwoPhaseCommit.Coordinator.Init.entry_correct_of_system_config_system_config	TwoPhaseCommit.Coordinator.Init.entry_correct_of_system_config_system_config	16544938116920668609	unknown	not-attempted	solver exited without a verdict: cvc5 interrupted by timeout.	5423949250	collect=199375,pre-reconstruct=1170750,normalize=2262250,monomorphize=18625,instantiate=15625,translate=10938750,solve=5409343875	
plean	crush-verify	1	Examples/TwoPhaseCommit.lean|TwoPhaseCommit.Coordinator.Init.entry_correct_of_system_config_system_config	TwoPhaseCommit.Coordinator.Init.entry_correct_of_system_config_system_config	16544938116920668609	verified	not-requested	solver returned unsat; closed under the trust policy	440889334	collect=273208,pre-reconstruct=1329250,normalize=3589500,monomorphize=19625,instantiate=19250,translate=14622709,solve=421035792	
plean	crush-verify	1	Examples/TwoPhaseCommit.lean|TwoPhaseCommit.Coordinator.Init.entry_correct_of_system_config_system_config	TwoPhaseCommit.Coordinator.Init.entry_correct_of_system_config_system_config	3663896596369207448	verified	not-requested	solver returned unsat; closed under the trust policy	439545749	collect=464000,pre-reconstruct=637083,normalize=3546125,monomorphize=19833,instantiate=15250,translate=14704000,solve=420159458	
plean	crush-verify	1	Examples/TwoPhaseCommit.lean|TwoPhaseCommit.Coordinator.Init.entry_correct_of_system_config_system_config	TwoPhaseCommit.Coordinator.Init.entry_correct_of_system_config_system_config	17468433773464704659	verified	not-requested	solver returned unsat; closed under the trust policy	439008500	collect=393791,pre-reconstruct=7308209,normalize=3180000,monomorphize=17334,instantiate=15125,translate=14658416,solve=413435625	
plean	crush-verify	1	Examples/TwoPhaseCommit.lean|TwoPhaseCommit.Coordinator.Init.entry_correct_of_system_config_system_config	TwoPhaseCommit.Coordinator.Init.entry_correct_of_system_config_system_config	16137886489408589020	unknown	not-attempted	solver exited without a verdict: cvc5 interrupted by timeout.	5425409750	collect=229417,pre-reconstruct=1358000,normalize=2231542,monomorphize=19000,instantiate=19458,translate=11108583,solve=5410443750	
plean	crush-verify	1	Examples/TwoPhaseCommit.lean|TwoPhaseCommit.Coordinator.Init.entry_correct_of_system_config_system_config	TwoPhaseCommit.Coordinator.Init.entry_correct_of_system_config_system_config	3447196019152406883	pre-reconstructed	not-attempted	closed before SMT translation	1149458	collect=188208,pre-reconstruct=961250	
plean	crush-verify	1	Examples/TwoPhaseCommit.lean|TwoPhaseCommit.Coordinator.Init.entry_correct_of_system_config_system_config	TwoPhaseCommit.Coordinator.Init.entry_correct_of_system_config_system_config	12046566145604182226	selected-fact	not-attempted	closed from a selected Lean fact	136500	collect=136500	
plean	crush-verify	1	Examples/TwoPhaseCommit.lean|TwoPhaseCommit.Coordinator.Init.entry_correct_of_system_config_system_config	TwoPhaseCommit.Coordinator.Init.entry_correct_of_system_config_system_config	9909793585723607952	selected-fact	not-attempted	closed from a selected Lean fact	135041	collect=135041	
plean	crush-verify	1	Examples/TwoPhaseCommit.lean|TwoPhaseCommit.Coordinator.Init.entry_correct_of_system_config_system_config	TwoPhaseCommit.Coordinator.Init.entry_correct_of_system_config_system_config	13137414707843300806	selected-fact	not-attempted	closed from a selected Lean fact	121875	collect=121875	
plean	crush-verify	1	Examples/TwoPhaseCommit.lean|TwoPhaseCommit.Coordinator.Init.entry_correct_of_system_config_system_config	TwoPhaseCommit.Coordinator.Init.entry_correct_of_system_config_system_config	17949712576744242606	selected-fact	not-attempted	closed from a selected Lean fact	116666	collect=116666	
plean	crush-verify	1	Examples/TwoPhaseCommit.lean|TwoPhaseCommit.Coordinator.Init.entry_correct_of_system_config_system_config	TwoPhaseCommit.Coordinator.Init.entry_correct_of_system_config_system_config	3447196019152406883	pre-reconstructed	not-attempted	closed before SMT translation	1257375	collect=196125,pre-reconstruct=1061250	
plean	crush-verify	1	Examples/TwoPhaseCommit.lean|TwoPhaseCommit.Coordinator.Init.entry_correct_of_system_config_system_config	TwoPhaseCommit.Coordinator.Init.entry_correct_of_system_config_system_config	12046566145604182226	selected-fact	not-attempted	closed from a selected Lean fact	188458	collect=188458	
plean	crush-verify	1	Examples/TwoPhaseCommit.lean|TwoPhaseCommit.Coordinator.Init.entry_correct_of_system_config_system_config	TwoPhaseCommit.Coordinator.Init.entry_correct_of_system_config_system_config	9909793585723607952	selected-fact	not-attempted	closed from a selected Lean fact	123541	collect=123541	
plean	crush-verify	1	Examples/TwoPhaseCommit.lean|TwoPhaseCommit.Coordinator.Init.entry_correct_of_system_config_system_config	TwoPhaseCommit.Coordinator.Init.entry_correct_of_system_config_system_config	13137414707843300806	selected-fact	not-attempted	closed from a selected Lean fact	142458	collect=142458	
plean	crush-verify	1	Examples/TwoPhaseCommit.lean|TwoPhaseCommit.Coordinator.Init.entry_correct_of_system_config_system_config	TwoPhaseCommit.Coordinator.Init.entry_correct_of_system_config_system_config	17949712576744242606	selected-fact	not-attempted	closed from a selected Lean fact	123083	collect=123083	
plean	crush-verify	1	Examples/TwoPhaseCommit.lean|TwoPhaseCommit.Coordinator.Init.entry_correct_of_system_config_system_config	TwoPhaseCommit.Coordinator.Init.entry_correct_of_system_config_system_config	3447196019152406883	pre-reconstructed	not-attempted	closed before SMT translation	1378292	collect=236834,pre-reconstruct=1141458	
plean	crush-verify	1	Examples/TwoPhaseCommit.lean|TwoPhaseCommit.Coordinator.Init.entry_correct_of_system_config_system_config	TwoPhaseCommit.Coordinator.Init.entry_correct_of_system_config_system_config	12046566145604182226	selected-fact	not-attempted	closed from a selected Lean fact	138500	collect=138500	
plean	crush-verify	1	Examples/TwoPhaseCommit.lean|TwoPhaseCommit.Coordinator.Init.entry_correct_of_system_config_system_config	TwoPhaseCommit.Coordinator.Init.entry_correct_of_system_config_system_config	9909793585723607952	selected-fact	not-attempted	closed from a selected Lean fact	121500	collect=121500	
plean	crush-verify	1	Examples/TwoPhaseCommit.lean|TwoPhaseCommit.Coordinator.Init.entry_correct_of_system_config_system_config	TwoPhaseCommit.Coordinator.Init.entry_correct_of_system_config_system_config	13137414707843300806	selected-fact	not-attempted	closed from a selected Lean fact	129291	collect=129291	
plean	crush-verify	1	Examples/TwoPhaseCommit.lean|TwoPhaseCommit.Coordinator.Init.entry_correct_of_system_config_system_config	TwoPhaseCommit.Coordinator.Init.entry_correct_of_system_config_system_config	17949712576744242606	selected-fact	not-attempted	closed from a selected Lean fact	118958	collect=118958	
plean	crush-verify	1	Examples/TwoPhaseCommit.lean|TwoPhaseCommit.Coordinator.Init.entry_correct_of_system_config_system_config	TwoPhaseCommit.Coordinator.Init.entry_correct_of_system_config_system_config	13813344405981881898	unknown	not-attempted	solver exited without a verdict: cvc5 interrupted by timeout.	5442185125	collect=252833,pre-reconstruct=5049209,normalize=3083500,monomorphize=24500,instantiate=12250,translate=14816375,solve=5418946458	
plean	crush-verify	1	Examples/TwoPhaseCommit.lean|TwoPhaseCommit.Coordinator.Init.entry_correct_of_system_config_system_config	TwoPhaseCommit.Coordinator.Init.entry_correct_of_system_config_system_config	13813344405981881898	unknown	not-attempted	solver exited without a verdict: cvc5 interrupted by timeout.	5439332458	collect=234584,pre-reconstruct=5347584,normalize=2879708,monomorphize=24250,instantiate=15166,translate=15218291,solve=5415612875	
plean	crush-verify	1	Examples/TwoPhaseCommit.lean|TwoPhaseCommit.Coordinator.Init.entry_correct_of_system_config_system_config	TwoPhaseCommit.Coordinator.Init.entry_correct_of_system_config_system_config	13744480014606109495	unknown	not-attempted	solver exited without a verdict: cvc5 interrupted by timeout.	5422251627	collect=163834,pre-reconstruct=2054250,normalize=265875,monomorphize=23959,instantiate=16334,translate=10512708,solve=5409214667	
plean	crush-verify	1	Examples/TwoPhaseCommit.lean|TwoPhaseCommit.Coordinator.Init.entry_correct_of_system_config_system_config	TwoPhaseCommit.Coordinator.Init.entry_correct_of_system_config_system_config	13813344405981881898	unknown	not-attempted	solver exited without a verdict: cvc5 interrupted by timeout.	5428839544	collect=280167,pre-reconstruct=5357042,normalize=2989292,monomorphize=19959,instantiate=22667,translate=15280167,solve=5404890250	
plean	crush-verify	1	Examples/TwoPhaseCommit.lean|TwoPhaseCommit.Coordinator.Init.entry_correct_of_system_config_system_config	TwoPhaseCommit.Coordinator.Init.entry_correct_of_system_config_system_config	13813344405981881898	verified	not-requested	solver returned unsat; closed under the trust policy	436155291	collect=247416,pre-reconstruct=4662583,normalize=2926875,monomorphize=19958,instantiate=15792,translate=14445917,solve=413836750	
plean	crush-verify	1	Examples/TwoPhaseCommit.lean|TwoPhaseCommit.Participant.Undecided.eVoteReq_correct_of_system_config_system_config	TwoPhaseCommit.Participant.Undecided.eVoteReq_correct_of_system_config_system_config	3447196019152406883	pre-reconstructed	not-attempted	closed before SMT translation	1715751	collect=273417,pre-reconstruct=1442334	
plean	crush-verify	1	Examples/TwoPhaseCommit.lean|TwoPhaseCommit.Participant.Undecided.eVoteReq_correct_of_system_config_system_config	TwoPhaseCommit.Participant.Undecided.eVoteReq_correct_of_system_config_system_config	3447196019152406883	pre-reconstructed	not-attempted	closed before SMT translation	1365874	collect=209041,pre-reconstruct=1156833	
plean	crush-verify	1	Examples/TwoPhaseCommit.lean|TwoPhaseCommit.Participant.Undecided.eCommit_correct_of_system_config_system_config	TwoPhaseCommit.Participant.Undecided.eCommit_correct_of_system_config_system_config	211772291733197949	verified	not-requested	solver returned unsat; closed under the trust policy	448343416	collect=296083,pre-reconstruct=4825041,normalize=3268958,monomorphize=24917,instantiate=37458,translate=15478792,solve=424412167	
plean	crush-verify	1	Examples/TwoPhaseCommit.lean|TwoPhaseCommit.Participant.Undecided.eAbort_correct_of_system_config_system_config	TwoPhaseCommit.Participant.Undecided.eAbort_correct_of_system_config_system_config	12981512828516331385	verified	not-requested	solver returned unsat; closed under the trust policy	449048709	collect=352250,pre-reconstruct=5100792,normalize=3271458,monomorphize=24208,instantiate=23417,translate=16265834,solve=424010750	
plean	crush-verify	1	Examples/TwoPhaseCommit.lean|TwoPhaseCommit.base_of_votes_yes_implies_pref	TwoPhaseCommit.base_of_votes_yes_implies_pref	3253717144076215989	verified	not-requested	solver returned unsat; closed under the trust policy	434566418	collect=256042,pre-reconstruct=1628459,normalize=3130916,monomorphize=15917,instantiate=21375,translate=15683084,solve=413830625	
plean	crush-verify	1	Examples/TwoPhaseCommit.lean|TwoPhaseCommit.base_of_votes_votes_all_prefer	TwoPhaseCommit.base_of_votes_votes_all_prefer	10882727174046215897	verified	not-requested	solver returned unsat; closed under the trust policy	458289833	collect=238458,pre-reconstruct=464625,normalize=3465042,monomorphize=17083,instantiate=25083,translate=17352833,solve=436726709	
plean	crush-verify	1	Examples/TwoPhaseCommit.lean|TwoPhaseCommit.Coordinator.WaitForResponses.eYes_correct_of_votes_votes	TwoPhaseCommit.Coordinator.WaitForResponses.eYes_correct_of_votes_votes	14426783131750606986	unknown	not-attempted	solver exited without a verdict: cvc5 interrupted by timeout.	5446584583	collect=384250,pre-reconstruct=7109500,normalize=7499666,monomorphize=34250,instantiate=28875,translate=23620417,solve=5407907625	
plean	crush-verify	1	Examples/TwoPhaseCommit.lean|TwoPhaseCommit.Coordinator.WaitForResponses.eYes_correct_of_votes_votes	TwoPhaseCommit.Coordinator.WaitForResponses.eYes_correct_of_votes_votes	14426783131750606986	unknown	not-attempted	solver exited without a verdict: cvc5 interrupted by timeout.	5454146917	collect=443000,pre-reconstruct=6453542,normalize=7523875,monomorphize=26083,instantiate=21459,translate=24469041,solve=5415209917	
plean	crush-verify	1	Examples/TwoPhaseCommit.lean|TwoPhaseCommit.Coordinator.WaitForResponses.eYes_correct_of_votes_votes	TwoPhaseCommit.Coordinator.WaitForResponses.eYes_correct_of_votes_votes	14131650322810283276	unknown	not-attempted	solver exited without a verdict: cvc5 interrupted by timeout.	5442966001	collect=328042,pre-reconstruct=6599750,normalize=4318334,monomorphize=20541,instantiate=22167,translate=23037000,solve=5408640167	
plean	crush-verify	1	Examples/TwoPhaseCommit.lean|TwoPhaseCommit.Coordinator.WaitForResponses.eYes_correct_of_votes_votes	TwoPhaseCommit.Coordinator.WaitForResponses.eYes_correct_of_votes_votes	14131650322810283276	unknown	not-attempted	solver exited without a verdict: cvc5 interrupted by timeout.	5440536877	collect=372417,pre-reconstruct=6638750,normalize=4224834,monomorphize=21083,instantiate=20042,translate=25591292,solve=5403668459	
plean	crush-verify	1	Examples/TwoPhaseCommit.lean|TwoPhaseCommit.Coordinator.WaitForResponses.eYes_correct_of_votes_votes	TwoPhaseCommit.Coordinator.WaitForResponses.eYes_correct_of_votes_votes	3253717144076215989	verified	not-requested	solver returned unsat; closed under the trust policy	424916125	collect=232542,pre-reconstruct=1144833,normalize=2339500,monomorphize=20458,instantiate=11625,translate=13495792,solve=407671375	
plean	crush-verify	1	Examples/TwoPhaseCommit.lean|TwoPhaseCommit.Coordinator.WaitForResponses.eYes_correct_of_votes_votes	TwoPhaseCommit.Coordinator.WaitForResponses.eYes_correct_of_votes_votes	10882727174046215897	verified	not-requested	solver returned unsat; closed under the trust policy	432406916	collect=462333,pre-reconstruct=1010958,normalize=2993083,monomorphize=21083,instantiate=14125,translate=14497000,solve=413408334	
plean	crush-verify	1	Examples/TwoPhaseCommit.lean|TwoPhaseCommit.Coordinator.WaitForResponses.eYes_correct_of_votes_votes	TwoPhaseCommit.Coordinator.WaitForResponses.eYes_correct_of_votes_votes	8236911049903588693	unknown	not-attempted	no reason given	2547119166	collect=364708,pre-reconstruct=3765125,normalize=2503834,monomorphize=19083,instantiate=14458,translate=12803750,solve=2527648208	
plean	crush-verify	1	Examples/TwoPhaseCommit.lean|TwoPhaseCommit.Coordinator.WaitForResponses.eYes_correct_of_votes_votes	TwoPhaseCommit.Coordinator.WaitForResponses.eYes_correct_of_votes_votes	3253717144076215989	verified	not-requested	solver returned unsat; closed under the trust policy	433871500	collect=264417,pre-reconstruct=1167958,normalize=2621333,monomorphize=22875,instantiate=19250,translate=13693917,solve=416081750	
plean	crush-verify	1	Examples/TwoPhaseCommit.lean|TwoPhaseCommit.Coordinator.WaitForResponses.eYes_correct_of_votes_votes	TwoPhaseCommit.Coordinator.WaitForResponses.eYes_correct_of_votes_votes	10882727174046215897	verified	not-requested	solver returned unsat; closed under the trust policy	436230084	collect=423250,pre-reconstruct=1207458,normalize=2941042,monomorphize=22459,instantiate=13916,translate=14909084,solve=416712875	
plean	crush-verify	1	Examples/TwoPhaseCommit.lean|TwoPhaseCommit.Coordinator.WaitForResponses.eYes_correct_of_votes_votes	TwoPhaseCommit.Coordinator.WaitForResponses.eYes_correct_of_votes_votes	8236911049903588693	unknown	not-attempted	no reason given	2593734500	collect=357125,pre-reconstruct=3898208,normalize=3164292,monomorphize=22750,instantiate=18500,translate=15130875,solve=2571142750	
plean	crush-verify	1	Examples/TwoPhaseCommit.lean|TwoPhaseCommit.Coordinator.WaitForResponses.eYes_correct_of_votes_votes	TwoPhaseCommit.Coordinator.WaitForResponses.eYes_correct_of_votes_votes	3253717144076215989	verified	not-requested	solver returned unsat; closed under the trust policy	435596875	collect=223334,pre-reconstruct=1068166,normalize=2503917,monomorphize=20708,instantiate=15375,translate=13665000,solve=418100375	
plean	crush-verify	1	Examples/TwoPhaseCommit.lean|TwoPhaseCommit.Coordinator.WaitForResponses.eYes_correct_of_votes_votes	TwoPhaseCommit.Coordinator.WaitForResponses.eYes_correct_of_votes_votes	10882727174046215897	verified	not-requested	solver returned unsat; closed under the trust policy	436940248	collect=260916,pre-reconstruct=720291,normalize=2635333,monomorphize=24625,instantiate=14208,translate=14602250,solve=418682625	
plean	crush-verify	1	Examples/TwoPhaseCommit.lean|TwoPhaseCommit.Coordinator.WaitForResponses.eYes_correct_of_votes_votes	TwoPhaseCommit.Coordinator.WaitForResponses.eYes_correct_of_votes_votes	4603268118125486097	verified	not-requested	solver returned unsat; closed under the trust policy	428369666	collect=275875,pre-reconstruct=594125,normalize=2142542,monomorphize=18166,instantiate=18375,translate=12788041,solve=412532542	
plean	crush-verify	1	Examples/TwoPhaseCommit.lean|TwoPhaseCommit.Coordinator.WaitForResponses.eYes_correct_of_votes_votes	TwoPhaseCommit.Coordinator.WaitForResponses.eYes_correct_of_votes_votes	4519860779536265759	unknown	not-attempted	no reason given	2525540918	collect=449708,pre-reconstruct=3015500,normalize=2600209,monomorphize=19625,instantiate=16209,translate=12854667,solve=2506585000	
plean	crush-verify	1	Examples/TwoPhaseCommit.lean|TwoPhaseCommit.Coordinator.WaitForResponses.eYes_correct_of_votes_votes	TwoPhaseCommit.Coordinator.WaitForResponses.eYes_correct_of_votes_votes	3253717144076215989	verified	not-requested	solver returned unsat; closed under the trust policy	437653001	collect=230459,pre-reconstruct=1093209,normalize=2520792,monomorphize=21041,instantiate=17916,translate=13596042,solve=420173542	
plean	crush-verify	1	Examples/TwoPhaseCommit.lean|TwoPhaseCommit.Coordinator.WaitForResponses.eYes_correct_of_votes_votes	TwoPhaseCommit.Coordinator.WaitForResponses.eYes_correct_of_votes_votes	10882727174046215897	verified	not-requested	solver returned unsat; closed under the trust policy	432607168	collect=268667,pre-reconstruct=962834,normalize=3087000,monomorphize=26500,instantiate=17750,translate=15187583,solve=413056834	
plean	crush-verify	1	Examples/TwoPhaseCommit.lean|TwoPhaseCommit.Coordinator.WaitForResponses.eYes_correct_of_votes_votes	TwoPhaseCommit.Coordinator.WaitForResponses.eYes_correct_of_votes_votes	8236911049903588693	unknown	not-attempted	no reason given	2572839126	collect=238334,pre-reconstruct=1545709,normalize=2321042,monomorphize=21291,instantiate=17333,translate=13327167,solve=2555368250	
plean	crush-verify	1	Examples/TwoPhaseCommit.lean|TwoPhaseCommit.Coordinator.WaitForResponses.eYes_correct_of_votes_votes	TwoPhaseCommit.Coordinator.WaitForResponses.eYes_correct_of_votes_votes	14426783131750606986	unknown	not-attempted	solver exited without a verdict: cvc5 interrupted by timeout.	5442674751	collect=349333,pre-reconstruct=6074000,normalize=7470000,monomorphize=21625,instantiate=11792,translate=23170084,solve=5405577917	
plean	crush-verify	1	Examples/TwoPhaseCommit.lean|TwoPhaseCommit.Coordinator.WaitForResponses.eYes_correct_of_votes_votes	TwoPhaseCommit.Coordinator.WaitForResponses.eYes_correct_of_votes_votes	14426783131750606986	unknown	not-attempted	solver exited without a verdict: cvc5 interrupted by timeout.	5444486543	collect=362917,pre-reconstruct=7064417,normalize=7166125,monomorphize=19917,instantiate=17750,translate=24568167,solve=5405287250	
plean	crush-verify	1	Examples/TwoPhaseCommit.lean|TwoPhaseCommit.Coordinator.WaitForResponses.eYes_correct_of_votes_votes	TwoPhaseCommit.Coordinator.WaitForResponses.eYes_correct_of_votes_votes	14131650322810283276	unknown	not-attempted	solver exited without a verdict: cvc5 interrupted by timeout.	5444148374	collect=317958,pre-reconstruct=6641041,normalize=4215417,monomorphize=26250,instantiate=18041,translate=23775084,solve=5409154583	
plean	crush-verify	1	Examples/TwoPhaseCommit.lean|TwoPhaseCommit.Coordinator.WaitForResponses.eYes_correct_of_votes_votes	TwoPhaseCommit.Coordinator.WaitForResponses.eYes_correct_of_votes_votes	14131650322810283276	unknown	not-attempted	solver exited without a verdict: cvc5 interrupted by timeout.	5454652668	collect=329292,pre-reconstruct=6669583,normalize=4661334,monomorphize=25584,instantiate=18959,translate=23228708,solve=5419719208	
plean	crush-verify	1	Examples/TwoPhaseCommit.lean|TwoPhaseCommit.Coordinator.WaitForResponses.eNo_correct_of_votes_votes	TwoPhaseCommit.Coordinator.WaitForResponses.eNo_correct_of_votes_votes	14328788366895590194	verified	not-requested	solver returned unsat; closed under the trust policy	478714748	collect=364458,pre-reconstruct=7511583,normalize=4934292,monomorphize=29916,instantiate=19208,translate=21666083,solve=444189208	
plean	crush-verify	1	Examples/TwoPhaseCommit.lean|TwoPhaseCommit.Coordinator.WaitForResponses.eNo_correct_of_votes_votes	TwoPhaseCommit.Coordinator.WaitForResponses.eNo_correct_of_votes_votes	16544938116920668609	unknown	not-attempted	solver exited without a verdict: cvc5 interrupted by timeout.	5433221833	collect=435417,pre-reconstruct=4758500,normalize=2941500,monomorphize=22083,instantiate=14250,translate=14257583,solve=5410792500	
plean	crush-verify	1	Examples/TwoPhaseCommit.lean|TwoPhaseCommit.Coordinator.WaitForResponses.eNo_correct_of_votes_votes	TwoPhaseCommit.Coordinator.WaitForResponses.eNo_correct_of_votes_votes	14328788366895590194	verified	not-requested	solver returned unsat; closed under the trust policy	480038751	collect=312833,pre-reconstruct=8437917,normalize=4581875,monomorphize=24750,instantiate=17084,translate=22013500,solve=444650792	
plean	crush-verify	1	Examples/TwoPhaseCommit.lean|TwoPhaseCommit.Coordinator.WaitForResponses.eNo_correct_of_votes_votes	TwoPhaseCommit.Coordinator.WaitForResponses.eNo_correct_of_votes_votes	16544938116920668609	unknown	not-attempted	solver exited without a verdict: cvc5 interrupted by timeout.	5434834543	collect=424709,pre-reconstruct=3599750,normalize=2838417,monomorphize=21125,instantiate=16917,translate=13994292,solve=5413939333	
plean	crush-verify	1	Examples/TwoPhaseCommit.lean|TwoPhaseCommit.Coordinator.WaitForResponses.eNo_correct_of_votes_votes	TwoPhaseCommit.Coordinator.WaitForResponses.eNo_correct_of_votes_votes	16544938116920668609	verified	not-requested	solver returned unsat; closed under the trust policy	463139460	collect=284542,pre-reconstruct=1492041,normalize=4199042,monomorphize=20959,instantiate=16417,translate=20083917,solve=437042542	
plean	crush-verify	1	Examples/TwoPhaseCommit.lean|TwoPhaseCommit.Coordinator.WaitForResponses.eNo_correct_of_votes_votes	TwoPhaseCommit.Coordinator.WaitForResponses.eNo_correct_of_votes_votes	11269035718580243533	verified	not-requested	solver returned unsat; closed under the trust policy	448956498	collect=530417,pre-reconstruct=950250,normalize=4554291,monomorphize=21291,instantiate=14666,translate=17910250,solve=424975333	
plean	crush-verify	1	Examples/TwoPhaseCommit.lean|TwoPhaseCommit.Coordinator.WaitForResponses.eNo_correct_of_votes_votes	TwoPhaseCommit.Coordinator.WaitForResponses.eNo_correct_of_votes_votes	16316480181442834656	verified	not-requested	solver returned unsat; closed under the trust policy	440303918	collect=469500,pre-reconstruct=6529334,normalize=4007916,monomorphize=23292,instantiate=15834,translate=17537875,solve=411720167	
plean	crush-verify	1	Examples/TwoPhaseCommit.lean|TwoPhaseCommit.Coordinator.WaitForResponses.eNo_correct_of_votes_votes	TwoPhaseCommit.Coordinator.WaitForResponses.eNo_correct_of_votes_votes	16544938116920668609	unknown	not-attempted	solver exited without a verdict: cvc5 interrupted by timeout.	5439182001	collect=259459,pre-reconstruct=1289125,normalize=2574542,monomorphize=21666,instantiate=14000,translate=14179167,solve=5420844042	
plean	crush-verify	1	Examples/TwoPhaseCommit.lean|TwoPhaseCommit.Coordinator.WaitForResponses.eNo_correct_of_votes_votes	TwoPhaseCommit.Coordinator.WaitForResponses.eNo_correct_of_votes_votes	16544938116920668609	verified	not-requested	solver returned unsat; closed under the trust policy	455658418	collect=289125,pre-reconstruct=1413417,normalize=3951792,monomorphize=22000,instantiate=14792,translate=18137417,solve=431829875	
plean	crush-verify	1	Examples/TwoPhaseCommit.lean|TwoPhaseCommit.Coordinator.WaitForResponses.eNo_correct_of_votes_votes	TwoPhaseCommit.Coordinator.WaitForResponses.eNo_correct_of_votes_votes	3663896596369207448	verified	not-requested	solver returned unsat; closed under the trust policy	440328208	collect=434083,pre-reconstruct=613583,normalize=3868667,monomorphize=20458,instantiate=13959,translate=17311500,solve=418065958	
plean	crush-verify	1	Examples/TwoPhaseCommit.lean|TwoPhaseCommit.Coordinator.WaitForResponses.eNo_correct_of_votes_votes	TwoPhaseCommit.Coordinator.WaitForResponses.eNo_correct_of_votes_votes	169441211374121931	verified	not-requested	solver returned unsat; closed under the trust policy	449369167	collect=403041,pre-reconstruct=5137208,normalize=3736542,monomorphize=21542,instantiate=14542,translate=16802000,solve=423254292	
plean	crush-verify	1	Examples/TwoPhaseCommit.lean|TwoPhaseCommit.Coordinator.WaitForResponses.eNo_correct_of_votes_votes	TwoPhaseCommit.Coordinator.WaitForResponses.eNo_correct_of_votes_votes	11907710230033842077	unknown	not-attempted	solver exited without a verdict: cvc5 interrupted by timeout.	5423064708	collect=308666,pre-reconstruct=1556709,normalize=2763833,monomorphize=21916,instantiate=17125,translate=15239792,solve=5403156667	
plean	crush-verify	1	Examples/TwoPhaseCommit.lean|TwoPhaseCommit.Coordinator.WaitForResponses.eNo_correct_of_votes_votes	TwoPhaseCommit.Coordinator.WaitForResponses.eNo_correct_of_votes_votes	3253717144076215989	verified	not-requested	solver returned unsat; closed under the trust policy	430722458	collect=238000,pre-reconstruct=1136542,normalize=2718834,monomorphize=27916,instantiate=11500,translate=14423916,solve=412165750	
plean	crush-verify	1	Examples/TwoPhaseCommit.lean|TwoPhaseCommit.Coordinator.WaitForResponses.eNo_correct_of_votes_votes	TwoPhaseCommit.Coordinator.WaitForResponses.eNo_correct_of_votes_votes	10882727174046215897	verified	not-requested	solver returned unsat; closed under the trust policy	443991040	collect=397167,pre-reconstruct=977708,normalize=2961416,monomorphize=21458,instantiate=14083,translate=15663333,solve=423955875	
plean	crush-verify	1	Examples/TwoPhaseCommit.lean|TwoPhaseCommit.Coordinator.WaitForResponses.eNo_correct_of_votes_votes	TwoPhaseCommit.Coordinator.WaitForResponses.eNo_correct_of_votes_votes	8236911049903588693	unknown	not-attempted	solver exited without a verdict: cvc5 interrupted by timeout.	5432815416	collect=407458,pre-reconstruct=3669791,normalize=2617166,monomorphize=19792,instantiate=15209,translate=14391000,solve=5411695000	
plean	crush-verify	1	Examples/TwoPhaseCommit.lean|TwoPhaseCommit.Coordinator.WaitForResponses.eNo_correct_of_votes_votes	TwoPhaseCommit.Coordinator.WaitForResponses.eNo_correct_of_votes_votes	3253717144076215989	verified	not-requested	solver returned unsat; closed under the trust policy	427759877	collect=238042,pre-reconstruct=1126667,normalize=2390209,monomorphize=21209,instantiate=17250,translate=13560250,solve=410406250	
plean	crush-verify	1	Examples/TwoPhaseCommit.lean|TwoPhaseCommit.Coordinator.WaitForResponses.eNo_correct_of_votes_votes	TwoPhaseCommit.Coordinator.WaitForResponses.eNo_correct_of_votes_votes	10882727174046215897	verified	not-requested	solver returned unsat; closed under the trust policy	443037750	collect=414209,pre-reconstruct=934583,normalize=3301833,monomorphize=23625,instantiate=14666,translate=15244667,solve=423104167	
plean	crush-verify	1	Examples/TwoPhaseCommit.lean|TwoPhaseCommit.Coordinator.WaitForResponses.eNo_correct_of_votes_votes	TwoPhaseCommit.Coordinator.WaitForResponses.eNo_correct_of_votes_votes	8236911049903588693	unknown	not-attempted	solver exited without a verdict: cvc5 interrupted by timeout.	5426375168	collect=368500,pre-reconstruct=3020167,normalize=2634459,monomorphize=20791,instantiate=15667,translate=13504959,solve=5406810625	
plean	crush-verify	1	Examples/TwoPhaseCommit.lean|TwoPhaseCommit.Coordinator.WaitForResponses.eNo_correct_of_votes_votes	TwoPhaseCommit.Coordinator.WaitForResponses.eNo_correct_of_votes_votes	3253717144076215989	verified	not-requested	solver returned unsat; closed under the trust policy	431380501	collect=229417,pre-reconstruct=1140917,normalize=3025375,monomorphize=24375,instantiate=16208,translate=14849167,solve=412095042	
plean	crush-verify	1	Examples/TwoPhaseCommit.lean|TwoPhaseCommit.Coordinator.WaitForResponses.eNo_correct_of_votes_votes	TwoPhaseCommit.Coordinator.WaitForResponses.eNo_correct_of_votes_votes	10882727174046215897	verified	not-requested	solver returned unsat; closed under the trust policy	437551541	collect=300292,pre-reconstruct=1060375,normalize=3053459,monomorphize=21458,instantiate=18916,translate=15116041,solve=417981000	
plean	crush-verify	1	Examples/TwoPhaseCommit.lean|TwoPhaseCommit.Coordinator.WaitForResponses.eNo_correct_of_votes_votes	TwoPhaseCommit.Coordinator.WaitForResponses.eNo_correct_of_votes_votes	4603268118125486097	verified	not-requested	solver returned unsat; closed under the trust policy	422579332	collect=286208,pre-reconstruct=721125,normalize=2665458,monomorphize=25500,instantiate=23375,translate=14024041,solve=404833625	
plean	crush-verify	1	Examples/TwoPhaseCommit.lean|TwoPhaseCommit.Coordinator.WaitForResponses.eNo_correct_of_votes_votes	TwoPhaseCommit.Coordinator.WaitForResponses.eNo_correct_of_votes_votes	4519860779536265759	unknown	not-attempted	solver exited without a verdict: cvc5 interrupted by timeout.	5434900250	collect=434792,pre-reconstruct=3600917,normalize=3047625,monomorphize=24250,instantiate=15833,translate=14169917,solve=5413606916	
plean	crush-verify	1	Examples/TwoPhaseCommit.lean|TwoPhaseCommit.Coordinator.WaitForResponses.eNo_correct_of_votes_votes	TwoPhaseCommit.Coordinator.WaitForResponses.eNo_correct_of_votes_votes	3253717144076215989	verified	not-requested	solver returned unsat; closed under the trust policy	442414499	collect=255416,pre-reconstruct=1494541,normalize=2734959,monomorphize=22375,instantiate=16000,translate=16560625,solve=421330583	
plean	crush-verify	1	Examples/TwoPhaseCommit.lean|TwoPhaseCommit.Coordinator.WaitForResponses.eNo_correct_of_votes_votes	TwoPhaseCommit.Coordinator.WaitForResponses.eNo_correct_of_votes_votes	10882727174046215897	verified	not-requested	solver returned unsat; closed under the trust policy	475146293	collect=329833,pre-reconstruct=838500,normalize=2773625,monomorphize=22084,instantiate=15292,translate=14651709,solve=456515250	
plean	crush-verify	1	Examples/TwoPhaseCommit.lean|TwoPhaseCommit.Coordinator.WaitForResponses.eNo_correct_of_votes_votes	TwoPhaseCommit.Coordinator.WaitForResponses.eNo_correct_of_votes_votes	8236911049903588693	unknown	not-attempted	solver exited without a verdict: cvc5 interrupted by timeout.	5439536459	collect=325292,pre-reconstruct=1910000,normalize=2530166,monomorphize=19459,instantiate=15875,translate=14059250,solve=5420676417	
plean	crush-verify	1	Examples/TwoPhaseCommit.lean|TwoPhaseCommit.Coordinator.WaitForResponses.eNo_correct_of_votes_votes	TwoPhaseCommit.Coordinator.WaitForResponses.eNo_correct_of_votes_votes	14328788366895590194	verified	not-requested	solver returned unsat; closed under the trust policy	492235499	collect=312542,pre-reconstruct=7056708,normalize=4488917,monomorphize=21500,instantiate=11666,translate=22815958,solve=457528208	
plean	crush-verify	1	Examples/TwoPhaseCommit.lean|TwoPhaseCommit.Coordinator.WaitForResponses.eNo_correct_of_votes_votes	TwoPhaseCommit.Coordinator.WaitForResponses.eNo_correct_of_votes_votes	16544938116920668609	unknown	not-attempted	solver exited without a verdict: cvc5 interrupted by timeout.	5435758041	collect=426083,pre-reconstruct=3081125,normalize=3137750,monomorphize=23291,instantiate=15500,translate=15330417,solve=5413743875	
plean	crush-verify	1	Examples/TwoPhaseCommit.lean|TwoPhaseCommit.Coordinator.WaitForResponses.eNo_correct_of_votes_votes	TwoPhaseCommit.Coordinator.WaitForResponses.eNo_correct_of_votes_votes	14328788366895590194	verified	not-requested	solver returned unsat; closed under the trust policy	483154750	collect=297583,pre-reconstruct=7041041,normalize=4361834,monomorphize=21625,instantiate=16042,translate=22992375,solve=448424250	
plean	crush-verify	1	Examples/TwoPhaseCommit.lean|TwoPhaseCommit.Coordinator.WaitForResponses.eNo_correct_of_votes_votes	TwoPhaseCommit.Coordinator.WaitForResponses.eNo_correct_of_votes_votes	16544938116920668609	unknown	not-attempted	solver exited without a verdict: cvc5 interrupted by timeout.	5423585085	collect=433084,pre-reconstruct=2471500,normalize=3051084,monomorphize=24500,instantiate=15459,translate=15939333,solve=5401650125	
plean	crush-verify	1	Examples/TwoPhaseCommit.lean|TwoPhaseCommit.Coordinator.WaitForResponses.eNo_correct_of_votes_votes	TwoPhaseCommit.Coordinator.WaitForResponses.eNo_correct_of_votes_votes	16544938116920668609	verified	not-requested	solver returned unsat; closed under the trust policy	447894917	collect=292709,pre-reconstruct=1624084,normalize=4605958,monomorphize=21041,instantiate=16459,translate=19385875,solve=421948791	
plean	crush-verify	1	Examples/TwoPhaseCommit.lean|TwoPhaseCommit.Coordinator.WaitForResponses.eNo_correct_of_votes_votes	TwoPhaseCommit.Coordinator.WaitForResponses.eNo_correct_of_votes_votes	11269035718580243533	verified	not-requested	solver returned unsat; closed under the trust policy	440471709	collect=513875,pre-reconstruct=723166,normalize=4121584,monomorphize=21250,instantiate=18125,translate=18119542,solve=416954167	
plean	crush-verify	1	Examples/TwoPhaseCommit.lean|TwoPhaseCommit.Coordinator.WaitForResponses.eNo_correct_of_votes_votes	TwoPhaseCommit.Coordinator.WaitForResponses.eNo_correct_of_votes_votes	16316480181442834656	verified	not-requested	solver returned unsat; closed under the trust policy	440724750	collect=442917,pre-reconstruct=5935000,normalize=3965209,monomorphize=21417,instantiate=14708,translate=17007666,solve=413337833	
plean	crush-verify	1	Examples/TwoPhaseCommit.lean|TwoPhaseCommit.Coordinator.WaitForResponses.eNo_correct_of_votes_votes	TwoPhaseCommit.Coordinator.WaitForResponses.eNo_correct_of_votes_votes	16544938116920668609	unknown	not-attempted	solver exited without a verdict: cvc5 interrupted by timeout.	5433114627	collect=223042,pre-reconstruct=1517959,normalize=3125125,monomorphize=24709,instantiate=14875,translate=14739459,solve=5413469458	
plean	crush-verify	1	Examples/TwoPhaseCommit.lean|TwoPhaseCommit.Coordinator.WaitForResponses.eNo_correct_of_votes_votes	TwoPhaseCommit.Coordinator.WaitForResponses.eNo_correct_of_votes_votes	16544938116920668609	verified	not-requested	solver returned unsat; closed under the trust policy	454567250	collect=302375,pre-reconstruct=1474625,normalize=4039333,monomorphize=21417,instantiate=16917,translate=18292583,solve=430420000	
plean	crush-verify	1	Examples/TwoPhaseCommit.lean|TwoPhaseCommit.Coordinator.WaitForResponses.eNo_correct_of_votes_votes	TwoPhaseCommit.Coordinator.WaitForResponses.eNo_correct_of_votes_votes	3663896596369207448	verified	not-requested	solver returned unsat; closed under the trust policy	441992377	collect=463083,pre-reconstruct=672792,normalize=4029792,monomorphize=20834,instantiate=17084,translate=17350542,solve=419438250	
plean	crush-verify	1	Examples/TwoPhaseCommit.lean|TwoPhaseCommit.Coordinator.WaitForResponses.eNo_correct_of_votes_votes	TwoPhaseCommit.Coordinator.WaitForResponses.eNo_correct_of_votes_votes	169441211374121931	verified	not-requested	solver returned unsat; closed under the trust policy	433338208	collect=389625,pre-reconstruct=4643041,normalize=3688792,monomorphize=21042,instantiate=18000,translate=16762625,solve=407815083	
plean	crush-verify	1	Examples/TwoPhaseCommit.lean|TwoPhaseCommit.Coordinator.WaitForResponses.eNo_correct_of_votes_votes	TwoPhaseCommit.Coordinator.WaitForResponses.eNo_correct_of_votes_votes	11907710230033842077	unknown	not-attempted	solver exited without a verdict: cvc5 interrupted by timeout.	5432715541	collect=225416,pre-reconstruct=1285459,normalize=2515792,monomorphize=21291,instantiate=16000,translate=13732500,solve=5414919083	
plean	crush-verify	1	Examples/TwoPhaseCommit.lean|TwoPhaseCommit.Coordinator.WaitForResponses.eNo_correct_of_votes_votes	TwoPhaseCommit.Coordinator.WaitForResponses.eNo_correct_of_votes_votes	14328788366895590194	verified	not-requested	solver returned unsat; closed under the trust policy	486447375	collect=292750,pre-reconstruct=6802834,normalize=4227000,monomorphize=20833,instantiate=12625,translate=20502125,solve=454589208	
plean	crush-verify	1	Examples/TwoPhaseCommit.lean|TwoPhaseCommit.Coordinator.WaitForResponses.eNo_correct_of_votes_votes	TwoPhaseCommit.Coordinator.WaitForResponses.eNo_correct_of_votes_votes	16544938116920668609	unknown	not-attempted	solver exited without a verdict: cvc5 interrupted by timeout.	5440050750	collect=393750,pre-reconstruct=3158709,normalize=2824542,monomorphize=21541,instantiate=14875,translate=14978375,solve=5418658958	
plean	crush-verify	1	Examples/TwoPhaseCommit.lean|TwoPhaseCommit.Coordinator.WaitForResponses.eNo_correct_of_votes_votes	TwoPhaseCommit.Coordinator.WaitForResponses.eNo_correct_of_votes_votes	14328788366895590194	verified	not-requested	solver returned unsat; closed under the trust policy	484802999	collect=298875,pre-reconstruct=7814125,normalize=4520416,monomorphize=23541,instantiate=19500,translate=20679167,solve=451447375	
plean	crush-verify	1	Examples/TwoPhaseCommit.lean|TwoPhaseCommit.Coordinator.WaitForResponses.eNo_correct_of_votes_votes	TwoPhaseCommit.Coordinator.WaitForResponses.eNo_correct_of_votes_votes	16544938116920668609	unknown	not-attempted	solver exited without a verdict: cvc5 interrupted by timeout.	5428211626	collect=397292,pre-reconstruct=2493250,normalize=2870750,monomorphize=20834,instantiate=13959,translate=14182666,solve=5408232875	
plean	crush-verify	1	Examples/TwoPhaseCommit.lean|TwoPhaseCommit.Coordinator.WaitForResponses.eNo_correct_of_votes_votes	TwoPhaseCommit.Coordinator.WaitForResponses.eNo_correct_of_votes_votes	16544938116920668609	verified	not-requested	solver returned unsat; closed under the trust policy	450683082	collect=280083,pre-reconstruct=1381625,normalize=3943875,monomorphize=22250,instantiate=15000,translate=20638541,solve=424401708	
plean	crush-verify	1	Examples/TwoPhaseCommit.lean|TwoPhaseCommit.Coordinator.WaitForResponses.eNo_correct_of_votes_votes	TwoPhaseCommit.Coordinator.WaitForResponses.eNo_correct_of_votes_votes	11269035718580243533	verified	not-requested	solver returned unsat; closed under the trust policy	473685665	collect=467833,pre-reconstruct=710250,normalize=4112875,monomorphize=20875,instantiate=14083,translate=17183291,solve=451176458	
plean	crush-verify	1	Examples/TwoPhaseCommit.lean|TwoPhaseCommit.Coordinator.WaitForResponses.eNo_correct_of_votes_votes	TwoPhaseCommit.Coordinator.WaitForResponses.eNo_correct_of_votes_votes	16316480181442834656	verified	not-requested	solver returned unsat; closed under the trust policy	437498333	collect=427791,pre-reconstruct=6472292,normalize=4226375,monomorphize=21083,instantiate=16500,translate=16937334,solve=409396958	
plean	crush-verify	1	Examples/TwoPhaseCommit.lean|TwoPhaseCommit.Coordinator.WaitForResponses.eNo_correct_of_votes_votes	TwoPhaseCommit.Coordinator.WaitForResponses.eNo_correct_of_votes_votes	16544938116920668609	unknown	not-attempted	solver exited without a verdict: cvc5 interrupted by timeout.	5430139791	collect=225750,pre-reconstruct=1508833,normalize=2598333,monomorphize=21667,instantiate=13916,translate=14215208,solve=5411556084	
plean	crush-verify	1	Examples/TwoPhaseCommit.lean|TwoPhaseCommit.Coordinator.WaitForResponses.eNo_correct_of_votes_votes	TwoPhaseCommit.Coordinator.WaitForResponses.eNo_correct_of_votes_votes	16544938116920668609	verified	not-requested	solver returned unsat; closed under the trust policy	450005000	collect=291166,pre-reconstruct=1456417,normalize=3978875,monomorphize=21750,instantiate=16416,translate=18171542,solve=426068834	
plean	crush-verify	1	Examples/TwoPhaseCommit.lean|TwoPhaseCommit.Coordinator.WaitForResponses.eNo_correct_of_votes_votes	TwoPhaseCommit.Coordinator.WaitForResponses.eNo_correct_of_votes_votes	3663896596369207448	verified	not-requested	solver returned unsat; closed under the trust policy	454162084	collect=444458,pre-reconstruct=739459,normalize=3879083,monomorphize=19834,instantiate=14417,translate=17027208,solve=432037625	
plean	crush-verify	1	Examples/TwoPhaseCommit.lean|TwoPhaseCommit.Coordinator.WaitForResponses.eNo_correct_of_votes_votes	TwoPhaseCommit.Coordinator.WaitForResponses.eNo_correct_of_votes_votes	169441211374121931	verified	not-requested	solver returned unsat; closed under the trust policy	437489457	collect=445833,pre-reconstruct=5551833,normalize=4006583,monomorphize=21959,instantiate=14750,translate=17093208,solve=410355291	
plean	crush-verify	1	Examples/TwoPhaseCommit.lean|TwoPhaseCommit.Coordinator.WaitForResponses.eNo_correct_of_votes_votes	TwoPhaseCommit.Coordinator.WaitForResponses.eNo_correct_of_votes_votes	11907710230033842077	unknown	not-attempted	solver exited without a verdict: cvc5 interrupted by timeout.	5426045336	collect=265084,pre-reconstruct=1454542,normalize=2811584,monomorphize=22667,instantiate=16042,translate=14006584,solve=5407468833	
plean	crush-verify	1	Examples/TwoPhaseCommit.lean|TwoPhaseCommit.Coordinator.Init.entry_correct_of_votes_votes	TwoPhaseCommit.Coordinator.Init.entry_correct_of_votes_votes	10238892770241185239	verified	not-requested	solver returned unsat; closed under the trust policy	469675667	collect=355334,pre-reconstruct=7245583,normalize=4232875,monomorphize=26875,instantiate=17875,translate=19418667,solve=438378458	
plean	crush-verify	1	Examples/TwoPhaseCommit.lean|TwoPhaseCommit.Coordinator.Init.entry_correct_of_votes_votes	TwoPhaseCommit.Coordinator.Init.entry_correct_of_votes_votes	16544938116920668609	unknown	not-attempted	no reason given	690248793	collect=383792,pre-reconstruct=4474917,normalize=2631500,monomorphize=19917,instantiate=14833,translate=12538084,solve=670185750	
plean	crush-verify	1	Examples/TwoPhaseCommit.lean|TwoPhaseCommit.Coordinator.Init.entry_correct_of_votes_votes	TwoPhaseCommit.Coordinator.Init.entry_correct_of_votes_votes	10238892770241185239	verified	not-requested	solver returned unsat; closed under the trust policy	468715874	collect=279458,pre-reconstruct=7893958,normalize=4321125,monomorphize=18916,instantiate=16958,translate=19490750,solve=436694709	
plean	crush-verify	1	Examples/TwoPhaseCommit.lean|TwoPhaseCommit.Coordinator.Init.entry_correct_of_votes_votes	TwoPhaseCommit.Coordinator.Init.entry_correct_of_votes_votes	16544938116920668609	unknown	not-attempted	no reason given	681155751	collect=422375,pre-reconstruct=3781083,normalize=2737417,monomorphize=19875,instantiate=14000,translate=12785959,solve=661395042	
plean	crush-verify	1	Examples/TwoPhaseCommit.lean|TwoPhaseCommit.Coordinator.Init.entry_correct_of_votes_votes	TwoPhaseCommit.Coordinator.Init.entry_correct_of_votes_votes	16544938116920668609	verified	not-requested	solver returned unsat; closed under the trust policy	443801833	collect=290292,pre-reconstruct=1605708,normalize=4613125,monomorphize=25375,instantiate=17083,translate=17589958,solve=419660292	
plean	crush-verify	1	Examples/TwoPhaseCommit.lean|TwoPhaseCommit.Coordinator.Init.entry_correct_of_votes_votes	TwoPhaseCommit.Coordinator.Init.entry_correct_of_votes_votes	11269035718580243533	verified	not-requested	solver returned unsat; closed under the trust policy	444397123	collect=485333,pre-reconstruct=770083,normalize=4245292,monomorphize=19041,instantiate=13375,translate=16694916,solve=422169083	
plean	crush-verify	1	Examples/TwoPhaseCommit.lean|TwoPhaseCommit.Coordinator.Init.entry_correct_of_votes_votes	TwoPhaseCommit.Coordinator.Init.entry_correct_of_votes_votes	17743988793785745605	verified	not-requested	solver returned unsat; closed under the trust policy	446623667	collect=443375,pre-reconstruct=8078209,normalize=4115750,monomorphize=19458,instantiate=14250,translate=16410625,solve=417542000	
plean	crush-verify	1	Examples/TwoPhaseCommit.lean|TwoPhaseCommit.Coordinator.Init.entry_correct_of_votes_votes	TwoPhaseCommit.Coordinator.Init.entry_correct_of_votes_votes	16544938116920668609	unknown	not-attempted	no reason given	693815833	collect=218917,pre-reconstruct=1526208,normalize=3034042,monomorphize=19791,instantiate=19833,translate=13792917,solve=675204125	
plean	crush-verify	1	Examples/TwoPhaseCommit.lean|TwoPhaseCommit.Coordinator.Init.entry_correct_of_votes_votes	TwoPhaseCommit.Coordinator.Init.entry_correct_of_votes_votes	16544938116920668609	verified	not-requested	solver returned unsat; closed under the trust policy	446613501	collect=293958,pre-reconstruct=1643708,normalize=4064084,monomorphize=20000,instantiate=34375,translate=18497917,solve=422059459	
plean	crush-verify	1	Examples/TwoPhaseCommit.lean|TwoPhaseCommit.Coordinator.Init.entry_correct_of_votes_votes	TwoPhaseCommit.Coordinator.Init.entry_correct_of_votes_votes	3663896596369207448	verified	not-requested	solver returned unsat; closed under the trust policy	450283917	collect=470542,pre-reconstruct=672708,normalize=4181042,monomorphize=19083,instantiate=21625,translate=16681042,solve=428237875	
plean	crush-verify	1	Examples/TwoPhaseCommit.lean|TwoPhaseCommit.Coordinator.Init.entry_correct_of_votes_votes	TwoPhaseCommit.Coordinator.Init.entry_correct_of_votes_votes	17468433773464704659	verified	not-requested	solver returned unsat; closed under the trust policy	440198376	collect=429417,pre-reconstruct=6616833,normalize=3528834,monomorphize=19875,instantiate=14625,translate=15967125,solve=413621667	
plean	crush-verify	1	Examples/TwoPhaseCommit.lean|TwoPhaseCommit.Coordinator.Init.entry_correct_of_votes_votes	TwoPhaseCommit.Coordinator.Init.entry_correct_of_votes_votes	16762529229697648496	unknown	not-attempted	no reason given	681618624	collect=215916,pre-reconstruct=1293250,normalize=2466125,monomorphize=19625,instantiate=13958,translate=12475500,solve=665134250	
plean	crush-verify	1	Examples/TwoPhaseCommit.lean|TwoPhaseCommit.Coordinator.Init.entry_correct_of_votes_votes	TwoPhaseCommit.Coordinator.Init.entry_correct_of_votes_votes	3253717144076215989	verified	not-requested	solver returned unsat; closed under the trust policy	431861000	collect=200583,pre-reconstruct=997417,normalize=2166834,monomorphize=19125,instantiate=11541,translate=12283125,solve=416182375	
plean	crush-verify	1	Examples/TwoPhaseCommit.lean|TwoPhaseCommit.Coordinator.Init.entry_correct_of_votes_votes	TwoPhaseCommit.Coordinator.Init.entry_correct_of_votes_votes	10882727174046215897	verified	not-requested	solver returned unsat; closed under the trust policy	439216668	collect=360416,pre-reconstruct=831167,normalize=2723459,monomorphize=21334,instantiate=15125,translate=13088083,solve=422177084	
plean	crush-verify	1	Examples/TwoPhaseCommit.lean|TwoPhaseCommit.Coordinator.Init.entry_correct_of_votes_votes	TwoPhaseCommit.Coordinator.Init.entry_correct_of_votes_votes	12046566145604182226	selected-fact	not-attempted	closed from a selected Lean fact	365208	collect=365208	
plean	crush-verify	1	Examples/TwoPhaseCommit.lean|TwoPhaseCommit.Coordinator.Init.entry_correct_of_votes_votes	TwoPhaseCommit.Coordinator.Init.entry_correct_of_votes_votes	9909793585723607952	selected-fact	not-attempted	closed from a selected Lean fact	156666	collect=156666	
plean	crush-verify	1	Examples/TwoPhaseCommit.lean|TwoPhaseCommit.Coordinator.Init.entry_correct_of_votes_votes	TwoPhaseCommit.Coordinator.Init.entry_correct_of_votes_votes	13137414707843300806	selected-fact	not-attempted	closed from a selected Lean fact	155833	collect=155833	
plean	crush-verify	1	Examples/TwoPhaseCommit.lean|TwoPhaseCommit.Coordinator.Init.entry_correct_of_votes_votes	TwoPhaseCommit.Coordinator.Init.entry_correct_of_votes_votes	17949712576744242606	selected-fact	not-attempted	closed from a selected Lean fact	148500	collect=148500	
plean	crush-verify	1	Examples/TwoPhaseCommit.lean|TwoPhaseCommit.Coordinator.Init.entry_correct_of_votes_votes	TwoPhaseCommit.Coordinator.Init.entry_correct_of_votes_votes	3253717144076215989	verified	not-requested	solver returned unsat; closed under the trust policy	427092208	collect=218708,pre-reconstruct=1060500,normalize=2576166,monomorphize=19792,instantiate=16500,translate=13146583,solve=410053959	
plean	crush-verify	1	Examples/TwoPhaseCommit.lean|TwoPhaseCommit.Coordinator.Init.entry_correct_of_votes_votes	TwoPhaseCommit.Coordinator.Init.entry_correct_of_votes_votes	10882727174046215897	verified	not-requested	solver returned unsat; closed under the trust policy	439708082	collect=366041,pre-reconstruct=890958,normalize=2767292,monomorphize=20333,instantiate=13500,translate=13093000,solve=422556958	
plean	crush-verify	1	Examples/TwoPhaseCommit.lean|TwoPhaseCommit.Coordinator.Init.entry_correct_of_votes_votes	TwoPhaseCommit.Coordinator.Init.entry_correct_of_votes_votes	12046566145604182226	selected-fact	not-attempted	closed from a selected Lean fact	304750	collect=304750	
plean	crush-verify	1	Examples/TwoPhaseCommit.lean|TwoPhaseCommit.Coordinator.Init.entry_correct_of_votes_votes	TwoPhaseCommit.Coordinator.Init.entry_correct_of_votes_votes	9909793585723607952	selected-fact	not-attempted	closed from a selected Lean fact	151708	collect=151708	
plean	crush-verify	1	Examples/TwoPhaseCommit.lean|TwoPhaseCommit.Coordinator.Init.entry_correct_of_votes_votes	TwoPhaseCommit.Coordinator.Init.entry_correct_of_votes_votes	13137414707843300806	selected-fact	not-attempted	closed from a selected Lean fact	141584	collect=141584	
plean	crush-verify	1	Examples/TwoPhaseCommit.lean|TwoPhaseCommit.Coordinator.Init.entry_correct_of_votes_votes	TwoPhaseCommit.Coordinator.Init.entry_correct_of_votes_votes	17949712576744242606	selected-fact	not-attempted	closed from a selected Lean fact	137917	collect=137917	
plean	crush-verify	1	Examples/TwoPhaseCommit.lean|TwoPhaseCommit.Coordinator.Init.entry_correct_of_votes_votes	TwoPhaseCommit.Coordinator.Init.entry_correct_of_votes_votes	3253717144076215989	verified	not-requested	solver returned unsat; closed under the trust policy	434600042	collect=201875,pre-reconstruct=1043625,normalize=2205667,monomorphize=19375,instantiate=18375,translate=12249875,solve=418861250	
plean	crush-verify	1	Examples/TwoPhaseCommit.lean|TwoPhaseCommit.Coordinator.Init.entry_correct_of_votes_votes	TwoPhaseCommit.Coordinator.Init.entry_correct_of_votes_votes	10882727174046215897	verified	not-requested	solver returned unsat; closed under the trust policy	442882334	collect=358334,pre-reconstruct=1115750,normalize=3162333,monomorphize=21500,instantiate=15209,translate=13779375,solve=424429833	
plean	crush-verify	1	Examples/TwoPhaseCommit.lean|TwoPhaseCommit.Coordinator.Init.entry_correct_of_votes_votes	TwoPhaseCommit.Coordinator.Init.entry_correct_of_votes_votes	12046566145604182226	selected-fact	not-attempted	closed from a selected Lean fact	342333	collect=342333	
plean	crush-verify	1	Examples/TwoPhaseCommit.lean|TwoPhaseCommit.Coordinator.Init.entry_correct_of_votes_votes	TwoPhaseCommit.Coordinator.Init.entry_correct_of_votes_votes	9909793585723607952	selected-fact	not-attempted	closed from a selected Lean fact	154250	collect=154250	
plean	crush-verify	1	Examples/TwoPhaseCommit.lean|TwoPhaseCommit.Coordinator.Init.entry_correct_of_votes_votes	TwoPhaseCommit.Coordinator.Init.entry_correct_of_votes_votes	13137414707843300806	selected-fact	not-attempted	closed from a selected Lean fact	141625	collect=141625	
plean	crush-verify	1	Examples/TwoPhaseCommit.lean|TwoPhaseCommit.Coordinator.Init.entry_correct_of_votes_votes	TwoPhaseCommit.Coordinator.Init.entry_correct_of_votes_votes	17949712576744242606	selected-fact	not-attempted	closed from a selected Lean fact	151375	collect=151375	
plean	crush-verify	1	Examples/TwoPhaseCommit.lean|TwoPhaseCommit.Coordinator.Init.entry_correct_of_votes_votes	TwoPhaseCommit.Coordinator.Init.entry_correct_of_votes_votes	3253717144076215989	unknown	not-attempted	solver exited without a verdict: cvc5 interrupted by timeout.	5430865002	collect=231500,pre-reconstruct=1132250,normalize=2575167,monomorphize=18084,instantiate=15959,translate=15067000,solve=5411825042	
plean	crush-verify	1	Examples/TwoPhaseCommit.lean|TwoPhaseCommit.Coordinator.Init.entry_correct_of_votes_votes	TwoPhaseCommit.Coordinator.Init.entry_correct_of_votes_votes	3253717144076215989	unknown	not-attempted	solver exited without a verdict: cvc5 interrupted by timeout.	5423486541	collect=266375,pre-reconstruct=1205000,normalize=2904000,monomorphize=19625,instantiate=15083,translate=14402583,solve=5404673875	
plean	crush-verify	1	Examples/TwoPhaseCommit.lean|TwoPhaseCommit.Coordinator.Init.entry_correct_of_votes_votes	TwoPhaseCommit.Coordinator.Init.entry_correct_of_votes_votes	3253717144076215989	unknown	not-attempted	solver exited without a verdict: cvc5 interrupted by timeout.	5439376584	collect=284750,pre-reconstruct=1360375,normalize=2617583,monomorphize=19375,instantiate=20959,translate=13430333,solve=5421643209	
plean	crush-verify	1	Examples/TwoPhaseCommit.lean|TwoPhaseCommit.Coordinator.Init.entry_correct_of_votes_votes	TwoPhaseCommit.Coordinator.Init.entry_correct_of_votes_votes	3253717144076215989	unknown	not-attempted	solver exited without a verdict: cvc5 interrupted by timeout.	5430516292	collect=256417,pre-reconstruct=1238167,normalize=2839875,monomorphize=20291,instantiate=15916,translate=13977584,solve=5412168042	
plean	crush-verify	1	Examples/TwoPhaseCommit.lean|TwoPhaseCommit.Coordinator.Init.entry_correct_of_votes_votes	TwoPhaseCommit.Coordinator.Init.entry_correct_of_votes_votes	3253717144076215989	verified	not-requested	solver returned unsat; closed under the trust policy	431573709	collect=251625,pre-reconstruct=1121500,normalize=2843708,monomorphize=18541,instantiate=16042,translate=13345209,solve=413977084	
plean	crush-verify	1	Examples/TwoPhaseCommit.lean|TwoPhaseCommit.Coordinator.Init.entry_correct_of_votes_votes	TwoPhaseCommit.Coordinator.Init.entry_correct_of_votes_votes	10882727174046215897	verified	not-requested	solver returned unsat; closed under the trust policy	443305582	collect=393083,pre-reconstruct=1174958,normalize=4359208,monomorphize=20625,instantiate=17083,translate=18828084,solve=418512541	
plean	crush-verify	1	Examples/TwoPhaseCommit.lean|TwoPhaseCommit.Participant.Undecided.eVoteReq_correct_of_votes_votes	TwoPhaseCommit.Participant.Undecided.eVoteReq_correct_of_votes_votes	851939294204728703	verified	not-requested	solver returned unsat; closed under the trust policy	449306042	collect=325541,pre-reconstruct=6097209,normalize=3705666,monomorphize=28417,instantiate=22083,translate=17025292,solve=422101834	
plean	crush-verify	1	Examples/TwoPhaseCommit.lean|TwoPhaseCommit.Participant.Undecided.eVoteReq_correct_of_votes_votes	TwoPhaseCommit.Participant.Undecided.eVoteReq_correct_of_votes_votes	6192621171823565272	verified	not-requested	solver returned unsat; closed under the trust policy	445400543	collect=411708,pre-reconstruct=7581417,normalize=3779292,monomorphize=23167,instantiate=15708,translate=17341292,solve=416247959	
plean	crush-verify	1	Examples/TwoPhaseCommit.lean|TwoPhaseCommit.Participant.Undecided.eCommit_correct_of_votes_votes	TwoPhaseCommit.Participant.Undecided.eCommit_correct_of_votes_votes	3253717144076215989	verified	not-requested	solver returned unsat; closed under the trust policy	428286041	collect=333916,pre-reconstruct=1248875,normalize=2862833,monomorphize=29959,instantiate=29000,translate=14771708,solve=409009750	
plean	crush-verify	1	Examples/TwoPhaseCommit.lean|TwoPhaseCommit.Participant.Undecided.eCommit_correct_of_votes_votes	TwoPhaseCommit.Participant.Undecided.eCommit_correct_of_votes_votes	10882727174046215897	verified	not-requested	solver returned unsat; closed under the trust policy	476020333	collect=452125,pre-reconstruct=999000,normalize=4483666,monomorphize=22458,instantiate=17292,translate=19178667,solve=450867125	
plean	crush-verify	1	Examples/TwoPhaseCommit.lean|TwoPhaseCommit.Participant.Undecided.eAbort_correct_of_votes_votes	TwoPhaseCommit.Participant.Undecided.eAbort_correct_of_votes_votes	3253717144076215989	verified	not-requested	solver returned unsat; closed under the trust policy	432207084	collect=330292,pre-reconstruct=1333250,normalize=3243208,monomorphize=32667,instantiate=27084,translate=15607250,solve=411633333	
plean	crush-verify	1	Examples/TwoPhaseCommit.lean|TwoPhaseCommit.Participant.Undecided.eAbort_correct_of_votes_votes	TwoPhaseCommit.Participant.Undecided.eAbort_correct_of_votes_votes	10882727174046215897	verified	not-requested	solver returned unsat; closed under the trust policy	441444123	collect=440666,pre-reconstruct=1093208,normalize=4292416,monomorphize=21667,instantiate=14000,translate=18978958,solve=416603208	
plean	crush-verify	1	Examples/TwoPhaseCommit.lean|TwoPhaseCommit.base_of_default_UniqueActions	TwoPhaseCommit.base_of_default_UniqueActions	17799728052405574097	verified	not-requested	solver returned unsat; closed under the trust policy	436935167	collect=220500,pre-reconstruct=1063834,normalize=3466833,monomorphize=16375,instantiate=22500,translate=16238083,solve=415907042	
plean	crush-verify	1	Examples/TwoPhaseCommit.lean|TwoPhaseCommit.base_of_default_IncreasingCount	TwoPhaseCommit.base_of_default_IncreasingCount	16645480121653727987	verified	not-requested	solver returned unsat; closed under the trust policy	430865542	collect=232500,pre-reconstruct=120583,normalize=2586792,monomorphize=17292,instantiate=24500,translate=14520292,solve=413363583	
plean	crush-verify	1	Examples/TwoPhaseCommit.lean|TwoPhaseCommit.base_of_default_ReceivedSubsetSent	TwoPhaseCommit.base_of_default_ReceivedSubsetSent	5156885450211704390	verified	not-requested	solver returned unsat; closed under the trust policy	445388417	collect=207625,pre-reconstruct=313875,normalize=2623584,monomorphize=13625,instantiate=20250,translate=14382667,solve=427826791	
plean	crush-verify	1	Examples/TwoPhaseCommit.lean|TwoPhaseCommit.Coordinator.WaitForResponses.eYes_correct_of_default_default	TwoPhaseCommit.Coordinator.WaitForResponses.eYes_correct_of_default_default	2735765044016143122	unknown	not-attempted	solver exited without a verdict: cvc5 interrupted by timeout.	5443946375	collect=350667,pre-reconstruct=4965750,normalize=6122542,monomorphize=28125,instantiate=28541,translate=18958500,solve=5413492250	
plean	crush-verify	1	Examples/TwoPhaseCommit.lean|TwoPhaseCommit.Coordinator.WaitForResponses.eYes_correct_of_default_default	TwoPhaseCommit.Coordinator.WaitForResponses.eYes_correct_of_default_default	2735765044016143122	unknown	not-attempted	solver exited without a verdict: cvc5 interrupted by timeout.	5444486624	collect=253958,pre-reconstruct=5241125,normalize=6154083,monomorphize=19291,instantiate=14750,translate=19804459,solve=5412998958	
plean	crush-verify	1	Examples/TwoPhaseCommit.lean|TwoPhaseCommit.Coordinator.WaitForResponses.eYes_correct_of_default_default	TwoPhaseCommit.Coordinator.WaitForResponses.eYes_correct_of_default_default	4143274893606034728	unknown	not-attempted	solver exited without a verdict: cvc5 interrupted by timeout.	5450624248	collect=267833,pre-reconstruct=8563000,normalize=3914041,monomorphize=29958,instantiate=17250,translate=20802083,solve=5417030083	
plean	crush-verify	1	Examples/TwoPhaseCommit.lean|TwoPhaseCommit.Coordinator.WaitForResponses.eYes_correct_of_default_default	TwoPhaseCommit.Coordinator.WaitForResponses.eYes_correct_of_default_default	4143274893606034728	unknown	not-attempted	solver exited without a verdict: cvc5 interrupted by timeout.	5444172875	collect=262042,pre-reconstruct=7370041,normalize=3608500,monomorphize=20459,instantiate=16583,translate=18220500,solve=5414674750	
plean	crush-verify	1	Examples/TwoPhaseCommit.lean|TwoPhaseCommit.Coordinator.WaitForResponses.eYes_correct_of_default_default	TwoPhaseCommit.Coordinator.WaitForResponses.eYes_correct_of_default_default	16544938116920668609	verified	not-requested	solver returned unsat; closed under the trust policy	429821667	collect=217750,pre-reconstruct=1234958,normalize=2559000,monomorphize=21209,instantiate=11625,translate=13037333,solve=412739792	
plean	crush-verify	1	Examples/TwoPhaseCommit.lean|TwoPhaseCommit.Coordinator.WaitForResponses.eYes_correct_of_default_default	TwoPhaseCommit.Coordinator.WaitForResponses.eYes_correct_of_default_default	528461590877090962	verified	not-requested	solver returned unsat; closed under the trust policy	441153957	collect=372041,pre-reconstruct=532459,normalize=2402458,monomorphize=18500,instantiate=13583,translate=13269625,solve=424545291	
plean	crush-verify	1	Examples/TwoPhaseCommit.lean|TwoPhaseCommit.Coordinator.WaitForResponses.eYes_correct_of_default_default	TwoPhaseCommit.Coordinator.WaitForResponses.eYes_correct_of_default_default	12889697509642270060	verified	not-requested	solver returned unsat; closed under the trust policy	447490418	collect=355667,pre-reconstruct=686583,normalize=2667334,monomorphize=17875,instantiate=13250,translate=12852334,solve=430897375	
plean	crush-verify	1	Examples/TwoPhaseCommit.lean|TwoPhaseCommit.Coordinator.WaitForResponses.eYes_correct_of_default_default	TwoPhaseCommit.Coordinator.WaitForResponses.eYes_correct_of_default_default	8236911049903588693	unknown	not-attempted	solver exited without a verdict: cvc5 interrupted by timeout.	5442665375	collect=322083,pre-reconstruct=3284125,normalize=2485667,monomorphize=18708,instantiate=15958,translate=11933834,solve=5424605000	
plean	crush-verify	1	Examples/TwoPhaseCommit.lean|TwoPhaseCommit.Coordinator.WaitForResponses.eYes_correct_of_default_default	TwoPhaseCommit.Coordinator.WaitForResponses.eYes_correct_of_default_default	16544938116920668609	verified	not-requested	solver returned unsat; closed under the trust policy	431808791	collect=229666,pre-reconstruct=1305375,normalize=2424709,monomorphize=18458,instantiate=19417,translate=12669458,solve=415141708	
plean	crush-verify	1	Examples/TwoPhaseCommit.lean|TwoPhaseCommit.Coordinator.WaitForResponses.eYes_correct_of_default_default	TwoPhaseCommit.Coordinator.WaitForResponses.eYes_correct_of_default_default	528461590877090962	verified	not-requested	solver returned unsat; closed under the trust policy	427709125	collect=368167,pre-reconstruct=538333,normalize=2572375,monomorphize=19125,instantiate=13792,translate=12211625,solve=411985708	
plean	crush-verify	1	Examples/TwoPhaseCommit.lean|TwoPhaseCommit.Coordinator.WaitForResponses.eYes_correct_of_default_default	TwoPhaseCommit.Coordinator.WaitForResponses.eYes_correct_of_default_default	12889697509642270060	verified	not-requested	solver returned unsat; closed under the trust policy	421665543	collect=360959,pre-reconstruct=691292,normalize=2660209,monomorphize=18000,instantiate=16958,translate=12745292,solve=405172833	
plean	crush-verify	1	Examples/TwoPhaseCommit.lean|TwoPhaseCommit.Coordinator.WaitForResponses.eYes_correct_of_default_default	TwoPhaseCommit.Coordinator.WaitForResponses.eYes_correct_of_default_default	8236911049903588693	unknown	not-attempted	solver exited without a verdict: cvc5 interrupted by timeout.	5440681374	collect=323208,pre-reconstruct=2663500,normalize=2700375,monomorphize=19875,instantiate=19250,translate=12680083,solve=5422275083	
plean	crush-verify	1	Examples/TwoPhaseCommit.lean|TwoPhaseCommit.Coordinator.WaitForResponses.eYes_correct_of_default_default	TwoPhaseCommit.Coordinator.WaitForResponses.eYes_correct_of_default_default	16544938116920668609	verified	not-requested	solver returned unsat; closed under the trust policy	428836750	collect=214583,pre-reconstruct=1188167,normalize=2502250,monomorphize=22666,instantiate=18000,translate=14082959,solve=410808125	
plean	crush-verify	1	Examples/TwoPhaseCommit.lean|TwoPhaseCommit.Coordinator.WaitForResponses.eYes_correct_of_default_default	TwoPhaseCommit.Coordinator.WaitForResponses.eYes_correct_of_default_default	528461590877090962	verified	not-requested	solver returned unsat; closed under the trust policy	432860667	collect=231708,pre-reconstruct=431834,normalize=2086792,monomorphize=17875,instantiate=12917,translate=12321666,solve=417757875	
plean	crush-verify	1	Examples/TwoPhaseCommit.lean|TwoPhaseCommit.Coordinator.WaitForResponses.eYes_correct_of_default_default	TwoPhaseCommit.Coordinator.WaitForResponses.eYes_correct_of_default_default	12889697509642270060	verified	not-requested	solver returned unsat; closed under the trust policy	421480292	collect=254584,pre-reconstruct=600083,normalize=2352250,monomorphize=18000,instantiate=16542,translate=12504625,solve=405734208	
plean	crush-verify	1	Examples/TwoPhaseCommit.lean|TwoPhaseCommit.Coordinator.WaitForResponses.eYes_correct_of_default_default	TwoPhaseCommit.Coordinator.WaitForResponses.eYes_correct_of_default_default	4603268118125486097	verified	not-requested	solver returned unsat; closed under the trust policy	423070041	collect=223958,pre-reconstruct=576792,normalize=2087000,monomorphize=17750,instantiate=16416,translate=11585125,solve=408563000	
plean	crush-verify	1	Examples/TwoPhaseCommit.lean|TwoPhaseCommit.Coordinator.WaitForResponses.eYes_correct_of_default_default	TwoPhaseCommit.Coordinator.WaitForResponses.eYes_correct_of_default_default	4519860779536265759	unknown	not-attempted	solver exited without a verdict: cvc5 interrupted by timeout.	5434997584	collect=369625,pre-reconstruct=2762584,normalize=3143417,monomorphize=24708,instantiate=15500,translate=12708500,solve=5415973250	
plean	crush-verify	1	Examples/TwoPhaseCommit.lean|TwoPhaseCommit.Coordinator.WaitForResponses.eYes_correct_of_default_default	TwoPhaseCommit.Coordinator.WaitForResponses.eYes_correct_of_default_default	16137886489408589020	verified	not-requested	solver returned unsat; closed under the trust policy	442767292	collect=287292,pre-reconstruct=1432833,normalize=2702875,monomorphize=19834,instantiate=13875,translate=13915333,solve=424395250	
plean	crush-verify	1	Examples/TwoPhaseCommit.lean|TwoPhaseCommit.Coordinator.WaitForResponses.eYes_correct_of_default_default	TwoPhaseCommit.Coordinator.WaitForResponses.eYes_correct_of_default_default	8761413723712181751	verified	not-requested	solver returned unsat; closed under the trust policy	433513958	collect=251875,pre-reconstruct=490084,normalize=2143083,monomorphize=21500,instantiate=17083,translate=12443291,solve=418147042	
plean	crush-verify	1	Examples/TwoPhaseCommit.lean|TwoPhaseCommit.Coordinator.WaitForResponses.eYes_correct_of_default_default	TwoPhaseCommit.Coordinator.WaitForResponses.eYes_correct_of_default_default	7355590783910374036	verified	not-requested	solver returned unsat; closed under the trust policy	453257333	collect=238708,pre-reconstruct=606334,normalize=2304625,monomorphize=17625,instantiate=15750,translate=12442250,solve=437632041	
plean	crush-verify	1	Examples/TwoPhaseCommit.lean|TwoPhaseCommit.Coordinator.WaitForResponses.eYes_correct_of_default_default	TwoPhaseCommit.Coordinator.WaitForResponses.eYes_correct_of_default_default	8236911049903588693	unknown	not-attempted	solver exited without a verdict: cvc5 interrupted by timeout.	5431325374	collect=242167,pre-reconstruct=1542375,normalize=2322833,monomorphize=18667,instantiate=14333,translate=11842208,solve=5415342791	
plean	crush-verify	1	Examples/TwoPhaseCommit.lean|TwoPhaseCommit.Coordinator.WaitForResponses.eYes_correct_of_default_default	TwoPhaseCommit.Coordinator.WaitForResponses.eYes_correct_of_default_default	16544938116920668609	verified	not-requested	solver returned unsat; closed under the trust policy	438604583	collect=225250,pre-reconstruct=1211583,normalize=2514834,monomorphize=20000,instantiate=11708,translate=12708750,solve=421912458	
plean	crush-verify	1	Examples/TwoPhaseCommit.lean|TwoPhaseCommit.Coordinator.WaitForResponses.eYes_correct_of_default_default	TwoPhaseCommit.Coordinator.WaitForResponses.eYes_correct_of_default_default	528461590877090962	verified	not-requested	solver returned unsat; closed under the trust policy	438519541	collect=336333,pre-reconstruct=578292,normalize=2636000,monomorphize=18458,instantiate=14459,translate=12508833,solve=422427166	
plean	crush-verify	1	Examples/TwoPhaseCommit.lean|TwoPhaseCommit.Coordinator.WaitForResponses.eYes_correct_of_default_default	TwoPhaseCommit.Coordinator.WaitForResponses.eYes_correct_of_default_default	12889697509642270060	verified	not-requested	solver returned unsat; closed under the trust policy	429717625	collect=327417,pre-reconstruct=648541,normalize=2647958,monomorphize=18792,instantiate=14917,translate=12756042,solve=413303958	
plean	crush-verify	1	Examples/TwoPhaseCommit.lean|TwoPhaseCommit.Coordinator.WaitForResponses.eYes_correct_of_default_default	TwoPhaseCommit.Coordinator.WaitForResponses.eYes_correct_of_default_default	8236911049903588693	unknown	not-attempted	solver exited without a verdict: cvc5 interrupted by timeout.	5433150583	collect=328291,pre-reconstruct=2862709,normalize=2543875,monomorphize=19583,instantiate=14084,translate=12124666,solve=5415257375	
plean	crush-verify	1	Examples/TwoPhaseCommit.lean|TwoPhaseCommit.Coordinator.WaitForResponses.eYes_correct_of_default_default	TwoPhaseCommit.Coordinator.WaitForResponses.eYes_correct_of_default_default	16544938116920668609	verified	not-requested	solver returned unsat; closed under the trust policy	439891752	collect=264542,pre-reconstruct=1329709,normalize=2810459,monomorphize=19625,instantiate=15792,translate=13327709,solve=422123916	
plean	crush-verify	1	Examples/TwoPhaseCommit.lean|TwoPhaseCommit.Coordinator.WaitForResponses.eYes_correct_of_default_default	TwoPhaseCommit.Coordinator.WaitForResponses.eYes_correct_of_default_default	528461590877090962	verified	not-requested	solver returned unsat; closed under the trust policy	439698626	collect=362375,pre-reconstruct=526167,normalize=2760542,monomorphize=21084,instantiate=15708,translate=13489708,solve=422523042	
plean	crush-verify	1	Examples/TwoPhaseCommit.lean|TwoPhaseCommit.Coordinator.WaitForResponses.eYes_correct_of_default_default	TwoPhaseCommit.Coordinator.WaitForResponses.eYes_correct_of_default_default	12889697509642270060	verified	not-requested	solver returned unsat; closed under the trust policy	441599376	collect=424792,pre-reconstruct=691792,normalize=2691250,monomorphize=22458,instantiate=14833,translate=13068292,solve=424685959	
plean	crush-verify	1	Examples/TwoPhaseCommit.lean|TwoPhaseCommit.Coordinator.WaitForResponses.eYes_correct_of_default_default	TwoPhaseCommit.Coordinator.WaitForResponses.eYes_correct_of_default_default	8236911049903588693	unknown	not-attempted	solver exited without a verdict: cvc5 interrupted by timeout.	5470221541	collect=350917,pre-reconstruct=2584333,normalize=2663541,monomorphize=19792,instantiate=16125,translate=13819583,solve=5450767250	
plean	crush-verify	1	Examples/TwoPhaseCommit.lean|TwoPhaseCommit.Coordinator.WaitForResponses.eYes_correct_of_default_default	TwoPhaseCommit.Coordinator.WaitForResponses.eYes_correct_of_default_default	16544938116920668609	verified	not-requested	solver returned unsat; closed under the trust policy	422823125	collect=277000,pre-reconstruct=1298000,normalize=2603083,monomorphize=19250,instantiate=17125,translate=13362250,solve=405246417	
plean	crush-verify	1	Examples/TwoPhaseCommit.lean|TwoPhaseCommit.Coordinator.WaitForResponses.eYes_correct_of_default_default	TwoPhaseCommit.Coordinator.WaitForResponses.eYes_correct_of_default_default	528461590877090962	verified	not-requested	solver returned unsat; closed under the trust policy	451607374	collect=238000,pre-reconstruct=422958,normalize=2317042,monomorphize=19541,instantiate=12875,translate=12186000,solve=436410958	
plean	crush-verify	1	Examples/TwoPhaseCommit.lean|TwoPhaseCommit.Coordinator.WaitForResponses.eYes_correct_of_default_default	TwoPhaseCommit.Coordinator.WaitForResponses.eYes_correct_of_default_default	12889697509642270060	verified	not-requested	solver returned unsat; closed under the trust policy	437948333	collect=295750,pre-reconstruct=664958,normalize=2419125,monomorphize=18750,instantiate=14250,translate=13554958,solve=420980542	
plean	crush-verify	1	Examples/TwoPhaseCommit.lean|TwoPhaseCommit.Coordinator.WaitForResponses.eYes_correct_of_default_default	TwoPhaseCommit.Coordinator.WaitForResponses.eYes_correct_of_default_default	4603268118125486097	verified	not-requested	solver returned unsat; closed under the trust policy	427799584	collect=248042,pre-reconstruct=611375,normalize=2180750,monomorphize=18041,instantiate=14125,translate=11553917,solve=413173334	
plean	crush-verify	1	Examples/TwoPhaseCommit.lean|TwoPhaseCommit.Coordinator.WaitForResponses.eYes_correct_of_default_default	TwoPhaseCommit.Coordinator.WaitForResponses.eYes_correct_of_default_default	4519860779536265759	unknown	not-attempted	solver exited without a verdict: cvc5 interrupted by timeout.	5442516667	collect=385125,pre-reconstruct=3236208,normalize=3185334,monomorphize=19750,instantiate=16375,translate=12881666,solve=5422792209	
plean	crush-verify	1	Examples/TwoPhaseCommit.lean|TwoPhaseCommit.Coordinator.WaitForResponses.eYes_correct_of_default_default	TwoPhaseCommit.Coordinator.WaitForResponses.eYes_correct_of_default_default	16137886489408589020	verified	not-requested	solver returned unsat; closed under the trust policy	436054916	collect=257292,pre-reconstruct=1315791,normalize=2671042,monomorphize=20042,instantiate=15791,translate=13137083,solve=418637875	
plean	crush-verify	1	Examples/TwoPhaseCommit.lean|TwoPhaseCommit.Coordinator.WaitForResponses.eYes_correct_of_default_default	TwoPhaseCommit.Coordinator.WaitForResponses.eYes_correct_of_default_default	8761413723712181751	verified	not-requested	solver returned unsat; closed under the trust policy	428184999	collect=277916,pre-reconstruct=456083,normalize=2150000,monomorphize=19042,instantiate=14416,translate=13057959,solve=412209583	
plean	crush-verify	1	Examples/TwoPhaseCommit.lean|TwoPhaseCommit.Coordinator.WaitForResponses.eYes_correct_of_default_default	TwoPhaseCommit.Coordinator.WaitForResponses.eYes_correct_of_default_default	7355590783910374036	verified	not-requested	solver returned unsat; closed under the trust policy	427139041	collect=314667,pre-reconstruct=665750,normalize=2551167,monomorphize=21041,instantiate=12708,translate=12763291,solve=410810417	
plean	crush-verify	1	Examples/TwoPhaseCommit.lean|TwoPhaseCommit.Coordinator.WaitForResponses.eYes_correct_of_default_default	TwoPhaseCommit.Coordinator.WaitForResponses.eYes_correct_of_default_default	8236911049903588693	unknown	not-attempted	solver exited without a verdict: cvc5 interrupted by timeout.	5426298416	collect=258583,pre-reconstruct=1893375,normalize=2575583,monomorphize=18166,instantiate=13875,translate=12751875,solve=5408786959	
plean	crush-verify	1	Examples/TwoPhaseCommit.lean|TwoPhaseCommit.Coordinator.WaitForResponses.eYes_correct_of_default_default	TwoPhaseCommit.Coordinator.WaitForResponses.eYes_correct_of_default_default	2735765044016143122	unknown	not-attempted	solver exited without a verdict: cvc5 interrupted by timeout.	5447662332	collect=272875,pre-reconstruct=5511000,normalize=5889708,monomorphize=23875,instantiate=15375,translate=18524208,solve=5417425291	
plean	crush-verify	1	Examples/TwoPhaseCommit.lean|TwoPhaseCommit.Coordinator.WaitForResponses.eYes_correct_of_default_default	TwoPhaseCommit.Coordinator.WaitForResponses.eYes_correct_of_default_default	2735765044016143122	unknown	not-attempted	solver exited without a verdict: cvc5 interrupted by timeout.	5442776293	collect=283750,pre-reconstruct=5285917,normalize=6125458,monomorphize=18959,instantiate=16709,translate=19467000,solve=5411578500	
plean	crush-verify	1	Examples/TwoPhaseCommit.lean|TwoPhaseCommit.Coordinator.WaitForResponses.eYes_correct_of_default_default	TwoPhaseCommit.Coordinator.WaitForResponses.eYes_correct_of_default_default	4143274893606034728	unknown	not-attempted	solver exited without a verdict: cvc5 interrupted by timeout.	5437641583	collect=282667,pre-reconstruct=7670125,normalize=3836916,monomorphize=18208,instantiate=18667,translate=18136083,solve=5407678917	
plean	crush-verify	1	Examples/TwoPhaseCommit.lean|TwoPhaseCommit.Coordinator.WaitForResponses.eYes_correct_of_default_default	TwoPhaseCommit.Coordinator.WaitForResponses.eYes_correct_of_default_default	4143274893606034728	unknown	not-attempted	solver exited without a verdict: cvc5 interrupted by timeout.	5438904000	collect=282375,pre-reconstruct=8773875,normalize=3931917,monomorphize=22042,instantiate=15083,translate=17937500,solve=5407941208	
plean	crush-verify	1	Examples/TwoPhaseCommit.lean|TwoPhaseCommit.Coordinator.WaitForResponses.eYes_correct_of_default_default	TwoPhaseCommit.Coordinator.WaitForResponses.eYes_correct_of_default_default	2735765044016143122	unknown	not-attempted	solver exited without a verdict: cvc5 interrupted by timeout.	5440665750	collect=261542,pre-reconstruct=4666708,normalize=5689417,monomorphize=19500,instantiate=11417,translate=18552083,solve=5411465083	
plean	crush-verify	1	Examples/TwoPhaseCommit.lean|TwoPhaseCommit.Coordinator.WaitForResponses.eYes_correct_of_default_default	TwoPhaseCommit.Coordinator.WaitForResponses.eYes_correct_of_default_default	2735765044016143122	unknown	not-attempted	solver exited without a verdict: cvc5 interrupted by timeout.	5467001749	collect=275791,pre-reconstruct=5365500,normalize=5949917,monomorphize=20625,instantiate=14500,translate=18849625,solve=5436525791	
plean	crush-verify	1	Examples/TwoPhaseCommit.lean|TwoPhaseCommit.Coordinator.WaitForResponses.eYes_correct_of_default_default	TwoPhaseCommit.Coordinator.WaitForResponses.eYes_correct_of_default_default	4143274893606034728	unknown	not-attempted	solver exited without a verdict: cvc5 interrupted by timeout.	5436081958	collect=269333,pre-reconstruct=7277583,normalize=3597375,monomorphize=19417,instantiate=18958,translate=17797500,solve=5407101792	
plean	crush-verify	1	Examples/TwoPhaseCommit.lean|TwoPhaseCommit.Coordinator.WaitForResponses.eYes_correct_of_default_default	TwoPhaseCommit.Coordinator.WaitForResponses.eYes_correct_of_default_default	4143274893606034728	unknown	not-attempted	solver exited without a verdict: cvc5 interrupted by timeout.	5447272792	collect=325875,pre-reconstruct=8327500,normalize=3826250,monomorphize=19500,instantiate=15334,translate=18188208,solve=5416570125	
plean	crush-verify	1	Examples/TwoPhaseCommit.lean|TwoPhaseCommit.Coordinator.WaitForResponses.eNo_correct_of_default_default	TwoPhaseCommit.Coordinator.WaitForResponses.eNo_correct_of_default_default	14328788366895590194	verified	not-requested	solver returned unsat; closed under the trust policy	492938710	collect=402792,pre-reconstruct=7698292,normalize=4639167,monomorphize=33709,instantiate=20750,translate=20080584,solve=460063416	
plean	crush-verify	1	Examples/TwoPhaseCommit.lean|TwoPhaseCommit.Coordinator.WaitForResponses.eNo_correct_of_default_default	TwoPhaseCommit.Coordinator.WaitForResponses.eNo_correct_of_default_default	16544938116920668609	verified	not-requested	solver returned unsat; closed under the trust policy	450788209	collect=394500,pre-reconstruct=5127708,normalize=3223542,monomorphize=21709,instantiate=15333,translate=13555250,solve=428450167	
plean	crush-verify	1	Examples/TwoPhaseCommit.lean|TwoPhaseCommit.Coordinator.WaitForResponses.eNo_correct_of_default_default	TwoPhaseCommit.Coordinator.WaitForResponses.eNo_correct_of_default_default	528461590877090962	verified	not-requested	solver returned unsat; closed under the trust policy	437464127	collect=376709,pre-reconstruct=687542,normalize=2962584,monomorphize=18541,instantiate=13625,translate=13844292,solve=419560834	
plean	crush-verify	1	Examples/TwoPhaseCommit.lean|TwoPhaseCommit.Coordinator.WaitForResponses.eNo_correct_of_default_default	TwoPhaseCommit.Coordinator.WaitForResponses.eNo_correct_of_default_default	12889697509642270060	verified	not-requested	solver returned unsat; closed under the trust policy	438511249	collect=409209,pre-reconstruct=830333,normalize=3048000,monomorphize=19416,instantiate=17791,translate=13117542,solve=421068958	
plean	crush-verify	1	Examples/TwoPhaseCommit.lean|TwoPhaseCommit.Coordinator.WaitForResponses.eNo_correct_of_default_default	TwoPhaseCommit.Coordinator.WaitForResponses.eNo_correct_of_default_default	4143274893606034728	verified	not-requested	solver returned unsat; closed under the trust policy	486933416	collect=439208,pre-reconstruct=9183750,normalize=4919500,monomorphize=19167,instantiate=14833,translate=22644458,solve=449712500	
plean	crush-verify	1	Examples/TwoPhaseCommit.lean|TwoPhaseCommit.Coordinator.Init.entry_correct_of_default_default	TwoPhaseCommit.Coordinator.Init.entry_correct_of_default_default	10238892770241185239	verified	not-requested	solver returned unsat; closed under the trust policy	478600417	collect=300042,pre-reconstruct=7339791,normalize=4038708,monomorphize=24542,instantiate=23583,translate=19078667,solve=447795084	
plean	crush-verify	1	Examples/TwoPhaseCommit.lean|TwoPhaseCommit.Coordinator.Init.entry_correct_of_default_default	TwoPhaseCommit.Coordinator.Init.entry_correct_of_default_default	16544938116920668609	verified	not-requested	solver returned unsat; closed under the trust policy	428470167	collect=398083,pre-reconstruct=3436834,normalize=2790625,monomorphize=17333,instantiate=14167,translate=11889125,solve=409924000	
plean	crush-verify	1	Examples/TwoPhaseCommit.lean|TwoPhaseCommit.Coordinator.Init.entry_correct_of_default_default	TwoPhaseCommit.Coordinator.Init.entry_correct_of_default_default	528461590877090962	verified	not-requested	solver returned unsat; closed under the trust policy	433470458	collect=355416,pre-reconstruct=520167,normalize=2292541,monomorphize=17625,instantiate=17292,translate=11204792,solve=419062625	
plean	crush-verify	1	Examples/TwoPhaseCommit.lean|TwoPhaseCommit.Coordinator.Init.entry_correct_of_default_default	TwoPhaseCommit.Coordinator.Init.entry_correct_of_default_default	12889697509642270060	verified	not-requested	solver returned unsat; closed under the trust policy	428121124	collect=355583,pre-reconstruct=742083,normalize=2796208,monomorphize=17500,instantiate=15250,translate=10970584,solve=413223916	
plean	crush-verify	1	Examples/TwoPhaseCommit.lean|TwoPhaseCommit.Coordinator.Init.entry_correct_of_default_default	TwoPhaseCommit.Coordinator.Init.entry_correct_of_default_default	4143274893606034728	verified	not-requested	solver returned unsat; closed under the trust policy	484812708	collect=422459,pre-reconstruct=8938833,normalize=4812166,monomorphize=34583,instantiate=19417,translate=20905625,solve=449679625	
plean	crush-verify	1	Examples/TwoPhaseCommit.lean|TwoPhaseCommit.Participant.Undecided.eVoteReq_correct_of_default_default	TwoPhaseCommit.Participant.Undecided.eVoteReq_correct_of_default_default	14809004730794296810	verified	not-requested	solver returned unsat; closed under the trust policy	479660834	collect=446750,pre-reconstruct=14010750,normalize=4840250,monomorphize=28083,instantiate=24500,translate=20548042,solve=439762459	
plean	crush-verify	1	Examples/TwoPhaseCommit.lean|TwoPhaseCommit.Participant.Undecided.eVoteReq_correct_of_default_default	TwoPhaseCommit.Participant.Undecided.eVoteReq_correct_of_default_default	8184572425587739870	verified	not-requested	solver returned unsat; closed under the trust policy	481103750	collect=399959,pre-reconstruct=14959417,normalize=4317833,monomorphize=18834,instantiate=14375,translate=18012041,solve=443381291	
plean	crush-verify	1	Examples/TwoPhaseCommit.lean|TwoPhaseCommit.Participant.Undecided.eCommit_correct_of_default_default	TwoPhaseCommit.Participant.Undecided.eCommit_correct_of_default_default	16544938116920668609	verified	not-requested	solver returned unsat; closed under the trust policy	457920708	collect=308416,pre-reconstruct=1316417,normalize=3218458,monomorphize=26375,instantiate=23667,translate=14333625,solve=438693750	
plean	crush-verify	1	Examples/TwoPhaseCommit.lean|TwoPhaseCommit.Participant.Undecided.eCommit_correct_of_default_default	TwoPhaseCommit.Participant.Undecided.eCommit_correct_of_default_default	15844998937588682005	verified	not-requested	solver returned unsat; closed under the trust policy	458697750	collect=366458,pre-reconstruct=458250,normalize=3261375,monomorphize=18291,instantiate=13584,translate=12730959,solve=441848833	
plean	crush-verify	1	Examples/TwoPhaseCommit.lean|TwoPhaseCommit.Participant.Undecided.eCommit_correct_of_default_default	TwoPhaseCommit.Participant.Undecided.eCommit_correct_of_default_default	4774769295374664251	verified	not-requested	solver returned unsat; closed under the trust policy	451375291	collect=340500,pre-reconstruct=7176958,normalize=3644875,monomorphize=22125,instantiate=17667,translate=13338250,solve=426834916	
plean	crush-verify	1	Examples/TwoPhaseCommit.lean|TwoPhaseCommit.Participant.Undecided.eAbort_correct_of_default_default	TwoPhaseCommit.Participant.Undecided.eAbort_correct_of_default_default	16544938116920668609	verified	not-requested	solver returned unsat; closed under the trust policy	441077083	collect=312458,pre-reconstruct=1377792,normalize=3174125,monomorphize=27583,instantiate=21708,translate=15174375,solve=420989042	
plean	crush-verify	1	Examples/TwoPhaseCommit.lean|TwoPhaseCommit.Participant.Undecided.eAbort_correct_of_default_default	TwoPhaseCommit.Participant.Undecided.eAbort_correct_of_default_default	15844998937588682005	verified	not-requested	solver returned unsat; closed under the trust policy	435077499	collect=357041,pre-reconstruct=491333,normalize=3144625,monomorphize=17625,instantiate=15458,translate=13749542,solve=417301875	
plean	crush-verify	1	Examples/TwoPhaseCommit.lean|TwoPhaseCommit.Participant.Undecided.eAbort_correct_of_default_default	TwoPhaseCommit.Participant.Undecided.eAbort_correct_of_default_default	4774769295374664251	verified	not-requested	solver returned unsat; closed under the trust policy	437780458	collect=403375,pre-reconstruct=7151833,normalize=3255292,monomorphize=18625,instantiate=18250,translate=13514458,solve=413418625	
plean	crush-verify	1	Examples/TwoPhaseCommit.lean|TwoPhaseCommit.base_of_commit_sent_commit_sent_implies_all_yes	TwoPhaseCommit.base_of_commit_sent_commit_sent_implies_all_yes	10882727174046215897	verified	not-requested	solver returned unsat; closed under the trust policy	450836292	collect=236875,pre-reconstruct=375833,normalize=2960542,monomorphize=17083,instantiate=21625,translate=15810250,solve=431414084	
plean	crush-verify	1	Examples/TwoPhaseCommit.lean|TwoPhaseCommit.Coordinator.WaitForResponses.eYes_correct_of_commit_sent_commit_sent_using_votes_system_config	TwoPhaseCommit.Coordinator.WaitForResponses.eYes_correct_of_commit_sent_commit_sent_using_votes_system_config	15367589611972491121	unknown	not-attempted	solver exited without a verdict: cvc5 interrupted by timeout.	5458596124	collect=398291,pre-reconstruct=5389083,normalize=7026042,monomorphize=30708,instantiate=22166,translate=25040000,solve=5420689834	
plean	crush-verify	1	Examples/TwoPhaseCommit.lean|TwoPhaseCommit.Coordinator.WaitForResponses.eYes_correct_of_commit_sent_commit_sent_using_votes_system_config	TwoPhaseCommit.Coordinator.WaitForResponses.eYes_correct_of_commit_sent_commit_sent_using_votes_system_config	15367589611972491121	unknown	not-attempted	solver exited without a verdict: cvc5 interrupted by timeout.	5454863085	collect=338917,pre-reconstruct=5340958,normalize=7276125,monomorphize=23084,instantiate=14875,translate=24337084,solve=5417532042	
plean	crush-verify	1	Examples/TwoPhaseCommit.lean|TwoPhaseCommit.Coordinator.WaitForResponses.eYes_correct_of_commit_sent_commit_sent_using_votes_system_config	TwoPhaseCommit.Coordinator.WaitForResponses.eYes_correct_of_commit_sent_commit_sent_using_votes_system_config	10882727174046215897	unknown	not-attempted	solver exited without a verdict: cvc5 interrupted by timeout.	5445126709	collect=330917,pre-reconstruct=1090083,normalize=5240042,monomorphize=29125,instantiate=15584,translate=23532333,solve=5414888625	
plean	crush-verify	1	Examples/TwoPhaseCommit.lean|TwoPhaseCommit.Coordinator.WaitForResponses.eYes_correct_of_commit_sent_commit_sent_using_votes_system_config	TwoPhaseCommit.Coordinator.WaitForResponses.eYes_correct_of_commit_sent_commit_sent_using_votes_system_config	10882727174046215897	unknown	not-attempted	solver exited without a verdict: cvc5 interrupted by timeout.	5439284042	collect=341167,pre-reconstruct=1091875,normalize=5388833,monomorphize=25000,instantiate=16875,translate=23462667,solve=5408957625	
plean	crush-verify	1	Examples/TwoPhaseCommit.lean|TwoPhaseCommit.Coordinator.WaitForResponses.eYes_correct_of_commit_sent_commit_sent_using_votes_system_config	TwoPhaseCommit.Coordinator.WaitForResponses.eYes_correct_of_commit_sent_commit_sent_using_votes_system_config	10882727174046215897	verified	not-requested	solver returned unsat; closed under the trust policy	447795500	collect=328792,pre-reconstruct=899917,normalize=3785042,monomorphize=23291,instantiate=11000,translate=17972000,solve=424775458	
plean	crush-verify	1	Examples/TwoPhaseCommit.lean|TwoPhaseCommit.Coordinator.WaitForResponses.eYes_correct_of_commit_sent_commit_sent_using_votes_system_config	TwoPhaseCommit.Coordinator.WaitForResponses.eYes_correct_of_commit_sent_commit_sent_using_votes_system_config	3253717144076215989	verified	not-requested	solver returned unsat; closed under the trust policy	441818125	collect=457667,pre-reconstruct=5390958,normalize=4097667,monomorphize=23583,instantiate=14875,translate=17004750,solve=414828625	
plean	crush-verify	1	Examples/TwoPhaseCommit.lean|TwoPhaseCommit.Coordinator.WaitForResponses.eYes_correct_of_commit_sent_commit_sent_using_votes_system_config	TwoPhaseCommit.Coordinator.WaitForResponses.eYes_correct_of_commit_sent_commit_sent_using_votes_system_config	10882727174046215897	verified	not-requested	solver returned unsat; closed under the trust policy	448320039	collect=426041,pre-reconstruct=1169291,normalize=4116250,monomorphize=24333,instantiate=14083,translate=17735083,solve=424834958	
plean	crush-verify	1	Examples/TwoPhaseCommit.lean|TwoPhaseCommit.Coordinator.WaitForResponses.eYes_correct_of_commit_sent_commit_sent_using_votes_system_config	TwoPhaseCommit.Coordinator.WaitForResponses.eYes_correct_of_commit_sent_commit_sent_using_votes_system_config	3447196019152406883	pre-reconstructed	not-attempted	closed before SMT translation	2407625	collect=395208,pre-reconstruct=2012417	
plean	crush-verify	1	Examples/TwoPhaseCommit.lean|TwoPhaseCommit.Coordinator.WaitForResponses.eYes_correct_of_commit_sent_commit_sent_using_votes_system_config	TwoPhaseCommit.Coordinator.WaitForResponses.eYes_correct_of_commit_sent_commit_sent_using_votes_system_config	8236911049903588693	unknown	not-attempted	solver exited without a verdict: cvc5 interrupted by timeout.	5441184001	collect=219375,pre-reconstruct=2056542,normalize=3833000,monomorphize=21709,instantiate=18542,translate=16070375,solve=5418964458	
plean	crush-verify	1	Examples/TwoPhaseCommit.lean|TwoPhaseCommit.Coordinator.WaitForResponses.eYes_correct_of_commit_sent_commit_sent_using_votes_system_config	TwoPhaseCommit.Coordinator.WaitForResponses.eYes_correct_of_commit_sent_commit_sent_using_votes_system_config	10882727174046215897	verified	not-requested	solver returned unsat; closed under the trust policy	453704292	collect=423208,pre-reconstruct=1127917,normalize=4121708,monomorphize=24750,instantiate=17708,translate=19736667,solve=428252334	
plean	crush-verify	1	Examples/TwoPhaseCommit.lean|TwoPhaseCommit.Coordinator.WaitForResponses.eYes_correct_of_commit_sent_commit_sent_using_votes_system_config	TwoPhaseCommit.Coordinator.WaitForResponses.eYes_correct_of_commit_sent_commit_sent_using_votes_system_config	3253717144076215989	verified	not-requested	solver returned unsat; closed under the trust policy	444139458	collect=448625,pre-reconstruct=2795541,normalize=3898750,monomorphize=23625,instantiate=14584,translate=17350250,solve=419608083	
plean	crush-verify	1	Examples/TwoPhaseCommit.lean|TwoPhaseCommit.Coordinator.WaitForResponses.eYes_correct_of_commit_sent_commit_sent_using_votes_system_config	TwoPhaseCommit.Coordinator.WaitForResponses.eYes_correct_of_commit_sent_commit_sent_using_votes_system_config	10882727174046215897	verified	not-requested	solver returned unsat; closed under the trust policy	469866249	collect=440166,pre-reconstruct=1130875,normalize=4592583,monomorphize=26917,instantiate=22208,translate=19226458,solve=444427042	
plean	crush-verify	1	Examples/TwoPhaseCommit.lean|TwoPhaseCommit.Coordinator.WaitForResponses.eYes_correct_of_commit_sent_commit_sent_using_votes_system_config	TwoPhaseCommit.Coordinator.WaitForResponses.eYes_correct_of_commit_sent_commit_sent_using_votes_system_config	3447196019152406883	pre-reconstructed	not-attempted	closed before SMT translation	2275750	collect=432292,pre-reconstruct=1843458	
plean	crush-verify	1	Examples/TwoPhaseCommit.lean|TwoPhaseCommit.Coordinator.WaitForResponses.eYes_correct_of_commit_sent_commit_sent_using_votes_system_config	TwoPhaseCommit.Coordinator.WaitForResponses.eYes_correct_of_commit_sent_commit_sent_using_votes_system_config	8236911049903588693	unknown	not-attempted	solver exited without a verdict: cvc5 interrupted by timeout.	5440171333	collect=371875,pre-reconstruct=2594250,normalize=4112459,monomorphize=28291,instantiate=19333,translate=16181334,solve=5416863791	
plean	crush-verify	1	Examples/TwoPhaseCommit.lean|TwoPhaseCommit.Coordinator.WaitForResponses.eYes_correct_of_commit_sent_commit_sent_using_votes_system_config	TwoPhaseCommit.Coordinator.WaitForResponses.eYes_correct_of_commit_sent_commit_sent_using_votes_system_config	10882727174046215897	verified	not-requested	solver returned unsat; closed under the trust policy	459513291	collect=398792,pre-reconstruct=1177500,normalize=3830208,monomorphize=25000,instantiate=15583,translate=19221791,solve=434844417	
plean	crush-verify	1	Examples/TwoPhaseCommit.lean|TwoPhaseCommit.Coordinator.WaitForResponses.eYes_correct_of_commit_sent_commit_sent_using_votes_system_config	TwoPhaseCommit.Coordinator.WaitForResponses.eYes_correct_of_commit_sent_commit_sent_using_votes_system_config	3253717144076215989	verified	not-requested	solver returned unsat; closed under the trust policy	444490332	collect=311000,pre-reconstruct=1770250,normalize=4495875,monomorphize=39625,instantiate=22041,translate=19513791,solve=418337750	
plean	crush-verify	1	Examples/TwoPhaseCommit.lean|TwoPhaseCommit.Coordinator.WaitForResponses.eYes_correct_of_commit_sent_commit_sent_using_votes_system_config	TwoPhaseCommit.Coordinator.WaitForResponses.eYes_correct_of_commit_sent_commit_sent_using_votes_system_config	10882727174046215897	verified	not-requested	solver returned unsat; closed under the trust policy	451318417	collect=318209,pre-reconstruct=879083,normalize=3827417,monomorphize=22541,instantiate=15709,translate=17951625,solve=428303833	
plean	crush-verify	1	Examples/TwoPhaseCommit.lean|TwoPhaseCommit.Coordinator.WaitForResponses.eYes_correct_of_commit_sent_commit_sent_using_votes_system_config	TwoPhaseCommit.Coordinator.WaitForResponses.eYes_correct_of_commit_sent_commit_sent_using_votes_system_config	3447196019152406883	pre-reconstructed	not-attempted	closed before SMT translation	1945541	collect=315250,pre-reconstruct=1630291	
plean	crush-verify	1	Examples/TwoPhaseCommit.lean|TwoPhaseCommit.Coordinator.WaitForResponses.eYes_correct_of_commit_sent_commit_sent_using_votes_system_config	TwoPhaseCommit.Coordinator.WaitForResponses.eYes_correct_of_commit_sent_commit_sent_using_votes_system_config	4603268118125486097	verified	not-requested	solver returned unsat; closed under the trust policy	427259792	collect=267750,pre-reconstruct=770709,normalize=3409250,monomorphize=23583,instantiate=20958,translate=16526625,solve=406240917	
plean	crush-verify	1	Examples/TwoPhaseCommit.lean|TwoPhaseCommit.Coordinator.WaitForResponses.eYes_correct_of_commit_sent_commit_sent_using_votes_system_config	TwoPhaseCommit.Coordinator.WaitForResponses.eYes_correct_of_commit_sent_commit_sent_using_votes_system_config	4519860779536265759	unknown	not-attempted	solver exited without a verdict: cvc5 interrupted by timeout.	5438953375	collect=486416,pre-reconstruct=3403500,normalize=3885667,monomorphize=22584,instantiate=14292,translate=15894458,solve=5415246458	
plean	crush-verify	1	Examples/TwoPhaseCommit.lean|TwoPhaseCommit.Coordinator.WaitForResponses.eYes_correct_of_commit_sent_commit_sent_using_votes_system_config	TwoPhaseCommit.Coordinator.WaitForResponses.eYes_correct_of_commit_sent_commit_sent_using_votes_system_config	10882727174046215897	verified	not-requested	solver returned unsat; closed under the trust policy	459872624	collect=368583,pre-reconstruct=936750,normalize=3748458,monomorphize=24083,instantiate=15542,translate=20289208,solve=434490000	
plean	crush-verify	1	Examples/TwoPhaseCommit.lean|TwoPhaseCommit.Coordinator.WaitForResponses.eYes_correct_of_commit_sent_commit_sent_using_votes_system_config	TwoPhaseCommit.Coordinator.WaitForResponses.eYes_correct_of_commit_sent_commit_sent_using_votes_system_config	3253717144076215989	verified	not-requested	solver returned unsat; closed under the trust policy	458840291	collect=284167,pre-reconstruct=1250375,normalize=3556458,monomorphize=21833,instantiate=14708,translate=17081958,solve=436630792	
plean	crush-verify	1	Examples/TwoPhaseCommit.lean|TwoPhaseCommit.Coordinator.WaitForResponses.eYes_correct_of_commit_sent_commit_sent_using_votes_system_config	TwoPhaseCommit.Coordinator.WaitForResponses.eYes_correct_of_commit_sent_commit_sent_using_votes_system_config	10882727174046215897	verified	not-requested	solver returned unsat; closed under the trust policy	452882251	collect=312834,pre-reconstruct=905042,normalize=4034542,monomorphize=25000,instantiate=22833,translate=18760250,solve=428821750	
plean	crush-verify	1	Examples/TwoPhaseCommit.lean|TwoPhaseCommit.Coordinator.WaitForResponses.eYes_correct_of_commit_sent_commit_sent_using_votes_system_config	TwoPhaseCommit.Coordinator.WaitForResponses.eYes_correct_of_commit_sent_commit_sent_using_votes_system_config	3447196019152406883	pre-reconstructed	not-attempted	closed before SMT translation	2225875	collect=453000,pre-reconstruct=1772875	
plean	crush-verify	1	Examples/TwoPhaseCommit.lean|TwoPhaseCommit.Coordinator.WaitForResponses.eYes_correct_of_commit_sent_commit_sent_using_votes_system_config	TwoPhaseCommit.Coordinator.WaitForResponses.eYes_correct_of_commit_sent_commit_sent_using_votes_system_config	8236911049903588693	unknown	not-attempted	solver exited without a verdict: cvc5 interrupted by timeout.	5447636335	collect=387125,pre-reconstruct=2358792,normalize=3649333,monomorphize=24042,instantiate=16084,translate=18062792,solve=5423138167	
plean	crush-verify	1	Examples/TwoPhaseCommit.lean|TwoPhaseCommit.Coordinator.WaitForResponses.eYes_correct_of_commit_sent_commit_sent_using_votes_system_config	TwoPhaseCommit.Coordinator.WaitForResponses.eYes_correct_of_commit_sent_commit_sent_using_votes_system_config	15367589611972491121	unknown	not-attempted	solver exited without a verdict: cvc5 interrupted by timeout.	5456106457	collect=346958,pre-reconstruct=6374667,normalize=6862833,monomorphize=21333,instantiate=14750,translate=25589041,solve=5416896875	
plean	crush-verify	1	Examples/TwoPhaseCommit.lean|TwoPhaseCommit.Coordinator.WaitForResponses.eYes_correct_of_commit_sent_commit_sent_using_votes_system_config	TwoPhaseCommit.Coordinator.WaitForResponses.eYes_correct_of_commit_sent_commit_sent_using_votes_system_config	15367589611972491121	unknown	not-attempted	solver exited without a verdict: cvc5 interrupted by timeout.	5448498290	collect=357250,pre-reconstruct=6559208,normalize=8386416,monomorphize=24375,instantiate=16333,translate=25774875,solve=5407379833	
plean	crush-verify	1	Examples/TwoPhaseCommit.lean|TwoPhaseCommit.Coordinator.WaitForResponses.eYes_correct_of_commit_sent_commit_sent_using_votes_system_config	TwoPhaseCommit.Coordinator.WaitForResponses.eYes_correct_of_commit_sent_commit_sent_using_votes_system_config	10882727174046215897	unknown	not-attempted	solver exited without a verdict: cvc5 interrupted by timeout.	5447408373	collect=353167,pre-reconstruct=1104500,normalize=5841500,monomorphize=25291,instantiate=15458,translate=23404166,solve=5416664291	
plean	crush-verify	1	Examples/TwoPhaseCommit.lean|TwoPhaseCommit.Coordinator.WaitForResponses.eYes_correct_of_commit_sent_commit_sent_using_votes_system_config	TwoPhaseCommit.Coordinator.WaitForResponses.eYes_correct_of_commit_sent_commit_sent_using_votes_system_config	10882727174046215897	unknown	not-attempted	solver exited without a verdict: cvc5 interrupted by timeout.	5452452209	collect=357959,pre-reconstruct=1120500,normalize=5474250,monomorphize=27583,instantiate=15375,translate=23518958,solve=5421937584	
plean	crush-verify	1	Examples/TwoPhaseCommit.lean|TwoPhaseCommit.Coordinator.WaitForResponses.eNo_correct_of_commit_sent_commit_sent_using_votes_system_config	TwoPhaseCommit.Coordinator.WaitForResponses.eNo_correct_of_commit_sent_commit_sent_using_votes_system_config	14328788366895590194	verified	not-requested	solver returned unsat; closed under the trust policy	498092167	collect=401917,pre-reconstruct=7825500,normalize=5895417,monomorphize=30833,instantiate=18542,translate=24451750,solve=459468208	
plean	crush-verify	1	Examples/TwoPhaseCommit.lean|TwoPhaseCommit.Coordinator.WaitForResponses.eNo_correct_of_commit_sent_commit_sent_using_votes_system_config	TwoPhaseCommit.Coordinator.WaitForResponses.eNo_correct_of_commit_sent_commit_sent_using_votes_system_config	16544938116920668609	unknown	not-attempted	solver exited without a verdict: cvc5 interrupted by timeout.	5442350876	collect=632500,pre-reconstruct=6289791,normalize=4401333,monomorphize=24292,instantiate=17334,translate=17603417,solve=5413382209	
plean	crush-verify	1	Examples/TwoPhaseCommit.lean|TwoPhaseCommit.Coordinator.WaitForResponses.eNo_correct_of_commit_sent_commit_sent_using_votes_system_config	TwoPhaseCommit.Coordinator.WaitForResponses.eNo_correct_of_commit_sent_commit_sent_using_votes_system_config	14328788366895590194	verified	not-requested	solver returned unsat; closed under the trust policy	499662334	collect=359250,pre-reconstruct=7839042,normalize=5935667,monomorphize=27917,instantiate=18167,translate=25152208,solve=460330083	
plean	crush-verify	1	Examples/TwoPhaseCommit.lean|TwoPhaseCommit.Coordinator.WaitForResponses.eNo_correct_of_commit_sent_commit_sent_using_votes_system_config	TwoPhaseCommit.Coordinator.WaitForResponses.eNo_correct_of_commit_sent_commit_sent_using_votes_system_config	16544938116920668609	unknown	not-attempted	solver exited without a verdict: cvc5 interrupted by timeout.	5439674333	collect=466666,pre-reconstruct=4198958,normalize=4087292,monomorphize=23167,instantiate=14125,translate=17918500,solve=5412965625	
plean	crush-verify	1	Examples/TwoPhaseCommit.lean|TwoPhaseCommit.Coordinator.WaitForResponses.eNo_correct_of_commit_sent_commit_sent_using_votes_system_config	TwoPhaseCommit.Coordinator.WaitForResponses.eNo_correct_of_commit_sent_commit_sent_using_votes_system_config	16544938116920668609	verified	not-requested	solver returned unsat; closed under the trust policy	464122419	collect=325417,pre-reconstruct=1640667,normalize=5140459,monomorphize=28500,instantiate=16834,translate=21871542,solve=435099000	
plean	crush-verify	1	Examples/TwoPhaseCommit.lean|TwoPhaseCommit.Coordinator.WaitForResponses.eNo_correct_of_commit_sent_commit_sent_using_votes_system_config	TwoPhaseCommit.Coordinator.WaitForResponses.eNo_correct_of_commit_sent_commit_sent_using_votes_system_config	11269035718580243533	verified	not-requested	solver returned unsat; closed under the trust policy	451975917	collect=671792,pre-reconstruct=849125,normalize=5781291,monomorphize=25250,instantiate=14958,translate=20747334,solve=423886167	
plean	crush-verify	1	Examples/TwoPhaseCommit.lean|TwoPhaseCommit.Coordinator.WaitForResponses.eNo_correct_of_commit_sent_commit_sent_using_votes_system_config	TwoPhaseCommit.Coordinator.WaitForResponses.eNo_correct_of_commit_sent_commit_sent_using_votes_system_config	16316480181442834656	verified	not-requested	solver returned unsat; closed under the trust policy	451301918	collect=481875,pre-reconstruct=6589292,normalize=4976334,monomorphize=25500,instantiate=14000,translate=20480792,solve=418734125	
plean	crush-verify	1	Examples/TwoPhaseCommit.lean|TwoPhaseCommit.Coordinator.WaitForResponses.eNo_correct_of_commit_sent_commit_sent_using_votes_system_config	TwoPhaseCommit.Coordinator.WaitForResponses.eNo_correct_of_commit_sent_commit_sent_using_votes_system_config	16544938116920668609	unknown	not-attempted	solver exited without a verdict: cvc5 interrupted by timeout.	5438561708	collect=281459,pre-reconstruct=1744542,normalize=4292041,monomorphize=29125,instantiate=15208,translate=18192125,solve=5414007208	
plean	crush-verify	1	Examples/TwoPhaseCommit.lean|TwoPhaseCommit.Coordinator.WaitForResponses.eNo_correct_of_commit_sent_commit_sent_using_votes_system_config	TwoPhaseCommit.Coordinator.WaitForResponses.eNo_correct_of_commit_sent_commit_sent_using_votes_system_config	16544938116920668609	verified	not-requested	solver returned unsat; closed under the trust policy	481757625	collect=386250,pre-reconstruct=2012958,normalize=5783333,monomorphize=34584,instantiate=20458,translate=23706959,solve=449813083	
plean	crush-verify	1	Examples/TwoPhaseCommit.lean|TwoPhaseCommit.Coordinator.WaitForResponses.eNo_correct_of_commit_sent_commit_sent_using_votes_system_config	TwoPhaseCommit.Coordinator.WaitForResponses.eNo_correct_of_commit_sent_commit_sent_using_votes_system_config	3663896596369207448	verified	not-requested	solver returned unsat; closed under the trust policy	465613542	collect=481125,pre-reconstruct=777417,normalize=5035792,monomorphize=26666,instantiate=14375,translate=23665500,solve=435612667	
plean	crush-verify	1	Examples/TwoPhaseCommit.lean|TwoPhaseCommit.Coordinator.WaitForResponses.eNo_correct_of_commit_sent_commit_sent_using_votes_system_config	TwoPhaseCommit.Coordinator.WaitForResponses.eNo_correct_of_commit_sent_commit_sent_using_votes_system_config	169441211374121931	verified	not-requested	solver returned unsat; closed under the trust policy	460361624	collect=467458,pre-reconstruct=6452625,normalize=5106125,monomorphize=29708,instantiate=14417,translate=21577583,solve=426713708	
plean	crush-verify	1	Examples/TwoPhaseCommit.lean|TwoPhaseCommit.Coordinator.WaitForResponses.eNo_correct_of_commit_sent_commit_sent_using_votes_system_config	TwoPhaseCommit.Coordinator.WaitForResponses.eNo_correct_of_commit_sent_commit_sent_using_votes_system_config	16107403682016392080	unknown	not-attempted	solver exited without a verdict: cvc5 interrupted by timeout.	5446854042	collect=279959,pre-reconstruct=1572875,normalize=3724667,monomorphize=27750,instantiate=15458,translate=18572833,solve=5422660500	
plean	crush-verify	1	Examples/TwoPhaseCommit.lean|TwoPhaseCommit.Coordinator.WaitForResponses.eNo_correct_of_commit_sent_commit_sent_using_votes_system_config	TwoPhaseCommit.Coordinator.WaitForResponses.eNo_correct_of_commit_sent_commit_sent_using_votes_system_config	10882727174046215897	verified	not-requested	solver returned unsat; closed under the trust policy	454365414	collect=339791,pre-reconstruct=1010833,normalize=4375791,monomorphize=36041,instantiate=12709,translate=18972291,solve=429617958	
plean	crush-verify	1	Examples/TwoPhaseCommit.lean|TwoPhaseCommit.Coordinator.WaitForResponses.eNo_correct_of_commit_sent_commit_sent_using_votes_system_config	TwoPhaseCommit.Coordinator.WaitForResponses.eNo_correct_of_commit_sent_commit_sent_using_votes_system_config	3253717144076215989	verified	not-requested	solver returned unsat; closed under the trust policy	447563253	collect=439834,pre-reconstruct=4679709,normalize=4134167,monomorphize=26792,instantiate=14917,translate=17184375,solve=421083459	
plean	crush-verify	1	Examples/TwoPhaseCommit.lean|TwoPhaseCommit.Coordinator.WaitForResponses.eNo_correct_of_commit_sent_commit_sent_using_votes_system_config	TwoPhaseCommit.Coordinator.WaitForResponses.eNo_correct_of_commit_sent_commit_sent_using_votes_system_config	10882727174046215897	verified	not-requested	solver returned unsat; closed under the trust policy	446801334	collect=445709,pre-reconstruct=1174000,normalize=4354292,monomorphize=26250,instantiate=14209,translate=17780208,solve=423006666	
plean	crush-verify	1	Examples/TwoPhaseCommit.lean|TwoPhaseCommit.Coordinator.WaitForResponses.eNo_correct_of_commit_sent_commit_sent_using_votes_system_config	TwoPhaseCommit.Coordinator.WaitForResponses.eNo_correct_of_commit_sent_commit_sent_using_votes_system_config	3447196019152406883	pre-reconstructed	not-attempted	closed before SMT translation	2510291	collect=394958,pre-reconstruct=2115333	
plean	crush-verify	1	Examples/TwoPhaseCommit.lean|TwoPhaseCommit.Coordinator.WaitForResponses.eNo_correct_of_commit_sent_commit_sent_using_votes_system_config	TwoPhaseCommit.Coordinator.WaitForResponses.eNo_correct_of_commit_sent_commit_sent_using_votes_system_config	8236911049903588693	unknown	not-attempted	solver exited without a verdict: cvc5 interrupted by timeout.	5448989457	collect=218458,pre-reconstruct=1985666,normalize=3764750,monomorphize=24708,instantiate=15583,translate=16349500,solve=5426630792	
plean	crush-verify	1	Examples/TwoPhaseCommit.lean|TwoPhaseCommit.Coordinator.WaitForResponses.eNo_correct_of_commit_sent_commit_sent_using_votes_system_config	TwoPhaseCommit.Coordinator.WaitForResponses.eNo_correct_of_commit_sent_commit_sent_using_votes_system_config	10882727174046215897	verified	not-requested	solver returned unsat; closed under the trust policy	445943624	collect=313875,pre-reconstruct=901541,normalize=3736167,monomorphize=28958,instantiate=16959,translate=17801541,solve=423144583	
plean	crush-verify	1	Examples/TwoPhaseCommit.lean|TwoPhaseCommit.Coordinator.WaitForResponses.eNo_correct_of_commit_sent_commit_sent_using_votes_system_config	TwoPhaseCommit.Coordinator.WaitForResponses.eNo_correct_of_commit_sent_commit_sent_using_votes_system_config	3253717144076215989	verified	not-requested	solver returned unsat; closed under the trust policy	467640918	collect=501417,pre-reconstruct=4269208,normalize=3978125,monomorphize=28625,instantiate=14042,translate=16930917,solve=441918584	
plean	crush-verify	1	Examples/TwoPhaseCommit.lean|TwoPhaseCommit.Coordinator.WaitForResponses.eNo_correct_of_commit_sent_commit_sent_using_votes_system_config	TwoPhaseCommit.Coordinator.WaitForResponses.eNo_correct_of_commit_sent_commit_sent_using_votes_system_config	10882727174046215897	verified	not-requested	solver returned unsat; closed under the trust policy	447622874	collect=429667,pre-reconstruct=1210875,normalize=4668125,monomorphize=27541,instantiate=14750,translate=18926041,solve=422345875	
plean	crush-verify	1	Examples/TwoPhaseCommit.lean|TwoPhaseCommit.Coordinator.WaitForResponses.eNo_correct_of_commit_sent_commit_sent_using_votes_system_config	TwoPhaseCommit.Coordinator.WaitForResponses.eNo_correct_of_commit_sent_commit_sent_using_votes_system_config	3447196019152406883	pre-reconstructed	not-attempted	closed before SMT translation	2350709	collect=428584,pre-reconstruct=1922125	
plean	crush-verify	1	Examples/TwoPhaseCommit.lean|TwoPhaseCommit.Coordinator.WaitForResponses.eNo_correct_of_commit_sent_commit_sent_using_votes_system_config	TwoPhaseCommit.Coordinator.WaitForResponses.eNo_correct_of_commit_sent_commit_sent_using_votes_system_config	8236911049903588693	unknown	not-attempted	solver exited without a verdict: cvc5 interrupted by timeout.	5457650541	collect=254166,pre-reconstruct=1931083,normalize=3933417,monomorphize=25833,instantiate=14417,translate=16139042,solve=5435352583	
plean	crush-verify	1	Examples/TwoPhaseCommit.lean|TwoPhaseCommit.Coordinator.WaitForResponses.eNo_correct_of_commit_sent_commit_sent_using_votes_system_config	TwoPhaseCommit.Coordinator.WaitForResponses.eNo_correct_of_commit_sent_commit_sent_using_votes_system_config	10882727174046215897	verified	not-requested	solver returned unsat; closed under the trust policy	447187751	collect=288292,pre-reconstruct=912500,normalize=3726750,monomorphize=27958,instantiate=16125,translate=18153959,solve=424062167	
plean	crush-verify	1	Examples/TwoPhaseCommit.lean|TwoPhaseCommit.Coordinator.WaitForResponses.eNo_correct_of_commit_sent_commit_sent_using_votes_system_config	TwoPhaseCommit.Coordinator.WaitForResponses.eNo_correct_of_commit_sent_commit_sent_using_votes_system_config	3253717144076215989	verified	not-requested	solver returned unsat; closed under the trust policy	433348500	collect=321958,pre-reconstruct=1338958,normalize=3618417,monomorphize=25250,instantiate=14208,translate=16903917,solve=411125792	
plean	crush-verify	1	Examples/TwoPhaseCommit.lean|TwoPhaseCommit.Coordinator.WaitForResponses.eNo_correct_of_commit_sent_commit_sent_using_votes_system_config	TwoPhaseCommit.Coordinator.WaitForResponses.eNo_correct_of_commit_sent_commit_sent_using_votes_system_config	10882727174046215897	verified	not-requested	solver returned unsat; closed under the trust policy	449626626	collect=311500,pre-reconstruct=908625,normalize=3834500,monomorphize=26959,instantiate=13542,translate=17697167,solve=426834333	
plean	crush-verify	1	Examples/TwoPhaseCommit.lean|TwoPhaseCommit.Coordinator.WaitForResponses.eNo_correct_of_commit_sent_commit_sent_using_votes_system_config	TwoPhaseCommit.Coordinator.WaitForResponses.eNo_correct_of_commit_sent_commit_sent_using_votes_system_config	3447196019152406883	pre-reconstructed	not-attempted	closed before SMT translation	2019167	collect=300500,pre-reconstruct=1718667	
plean	crush-verify	1	Examples/TwoPhaseCommit.lean|TwoPhaseCommit.Coordinator.WaitForResponses.eNo_correct_of_commit_sent_commit_sent_using_votes_system_config	TwoPhaseCommit.Coordinator.WaitForResponses.eNo_correct_of_commit_sent_commit_sent_using_votes_system_config	4603268118125486097	verified	not-requested	solver returned unsat; closed under the trust policy	436821082	collect=228250,pre-reconstruct=735917,normalize=3247208,monomorphize=25166,instantiate=13333,translate=16074750,solve=416496458	
plean	crush-verify	1	Examples/TwoPhaseCommit.lean|TwoPhaseCommit.Coordinator.WaitForResponses.eNo_correct_of_commit_sent_commit_sent_using_votes_system_config	TwoPhaseCommit.Coordinator.WaitForResponses.eNo_correct_of_commit_sent_commit_sent_using_votes_system_config	4519860779536265759	unknown	not-attempted	solver exited without a verdict: cvc5 interrupted by timeout.	5433395499	collect=461125,pre-reconstruct=3847541,normalize=3769917,monomorphize=25166,instantiate=14834,translate=16165375,solve=5409111541	
plean	crush-verify	1	Examples/TwoPhaseCommit.lean|TwoPhaseCommit.Coordinator.WaitForResponses.eNo_correct_of_commit_sent_commit_sent_using_votes_system_config	TwoPhaseCommit.Coordinator.WaitForResponses.eNo_correct_of_commit_sent_commit_sent_using_votes_system_config	10882727174046215897	verified	not-requested	solver returned unsat; closed under the trust policy	447273710	collect=306584,pre-reconstruct=913208,normalize=3686667,monomorphize=29375,instantiate=13584,translate=17671584,solve=424652708	
plean	crush-verify	1	Examples/TwoPhaseCommit.lean|TwoPhaseCommit.Coordinator.WaitForResponses.eNo_correct_of_commit_sent_commit_sent_using_votes_system_config	TwoPhaseCommit.Coordinator.WaitForResponses.eNo_correct_of_commit_sent_commit_sent_using_votes_system_config	3253717144076215989	verified	not-requested	solver returned unsat; closed under the trust policy	434875002	collect=286792,pre-reconstruct=1286250,normalize=3693917,monomorphize=25709,instantiate=13625,translate=17227250,solve=412341459	
plean	crush-verify	1	Examples/TwoPhaseCommit.lean|TwoPhaseCommit.Coordinator.WaitForResponses.eNo_correct_of_commit_sent_commit_sent_using_votes_system_config	TwoPhaseCommit.Coordinator.WaitForResponses.eNo_correct_of_commit_sent_commit_sent_using_votes_system_config	10882727174046215897	verified	not-requested	solver returned unsat; closed under the trust policy	443893793	collect=294375,pre-reconstruct=861542,normalize=3730917,monomorphize=27209,instantiate=13542,translate=17816750,solve=421149458	
plean	crush-verify	1	Examples/TwoPhaseCommit.lean|TwoPhaseCommit.Coordinator.WaitForResponses.eNo_correct_of_commit_sent_commit_sent_using_votes_system_config	TwoPhaseCommit.Coordinator.WaitForResponses.eNo_correct_of_commit_sent_commit_sent_using_votes_system_config	3447196019152406883	pre-reconstructed	not-attempted	closed before SMT translation	1935708	collect=290625,pre-reconstruct=1645083	
plean	crush-verify	1	Examples/TwoPhaseCommit.lean|TwoPhaseCommit.Coordinator.WaitForResponses.eNo_correct_of_commit_sent_commit_sent_using_votes_system_config	TwoPhaseCommit.Coordinator.WaitForResponses.eNo_correct_of_commit_sent_commit_sent_using_votes_system_config	8236911049903588693	unknown	not-attempted	solver exited without a verdict: cvc5 interrupted by timeout.	5428950165	collect=233916,pre-reconstruct=1760416,normalize=3643916,monomorphize=24750,instantiate=14125,translate=16329375,solve=5406943667	
plean	crush-verify	1	Examples/TwoPhaseCommit.lean|TwoPhaseCommit.Coordinator.WaitForResponses.eNo_correct_of_commit_sent_commit_sent_using_votes_system_config	TwoPhaseCommit.Coordinator.WaitForResponses.eNo_correct_of_commit_sent_commit_sent_using_votes_system_config	14328788366895590194	verified	not-requested	solver returned unsat; closed under the trust policy	493965752	collect=374000,pre-reconstruct=8014667,normalize=5654750,monomorphize=28042,instantiate=12042,translate=25963292,solve=453918959	
plean	crush-verify	1	Examples/TwoPhaseCommit.lean|TwoPhaseCommit.Coordinator.WaitForResponses.eNo_correct_of_commit_sent_commit_sent_using_votes_system_config	TwoPhaseCommit.Coordinator.WaitForResponses.eNo_correct_of_commit_sent_commit_sent_using_votes_system_config	16544938116920668609	unknown	not-attempted	solver exited without a verdict: cvc5 interrupted by timeout.	5430665459	collect=486917,pre-reconstruct=3400625,normalize=4173458,monomorphize=26584,instantiate=13792,translate=17674000,solve=5404890083	
plean	crush-verify	1	Examples/TwoPhaseCommit.lean|TwoPhaseCommit.Coordinator.WaitForResponses.eNo_correct_of_commit_sent_commit_sent_using_votes_system_config	TwoPhaseCommit.Coordinator.WaitForResponses.eNo_correct_of_commit_sent_commit_sent_using_votes_system_config	14328788366895590194	verified	not-requested	solver returned unsat; closed under the trust policy	495418043	collect=357500,pre-reconstruct=8174958,normalize=5689417,monomorphize=26334,instantiate=14792,translate=26172500,solve=454982542	
plean	crush-verify	1	Examples/TwoPhaseCommit.lean|TwoPhaseCommit.Coordinator.WaitForResponses.eNo_correct_of_commit_sent_commit_sent_using_votes_system_config	TwoPhaseCommit.Coordinator.WaitForResponses.eNo_correct_of_commit_sent_commit_sent_using_votes_system_config	16544938116920668609	unknown	not-attempted	solver exited without a verdict: cvc5 interrupted by timeout.	5440086334	collect=440958,pre-reconstruct=2986583,normalize=4075125,monomorphize=27292,instantiate=20209,translate=18582875,solve=5413953292	
plean	crush-verify	1	Examples/TwoPhaseCommit.lean|TwoPhaseCommit.Coordinator.WaitForResponses.eNo_correct_of_commit_sent_commit_sent_using_votes_system_config	TwoPhaseCommit.Coordinator.WaitForResponses.eNo_correct_of_commit_sent_commit_sent_using_votes_system_config	16544938116920668609	verified	not-requested	solver returned unsat; closed under the trust policy	488168624	collect=460292,pre-reconstruct=1870709,normalize=5369250,monomorphize=29416,instantiate=14958,translate=22933916,solve=457490083	
plean	crush-verify	1	Examples/TwoPhaseCommit.lean|TwoPhaseCommit.Coordinator.WaitForResponses.eNo_correct_of_commit_sent_commit_sent_using_votes_system_config	TwoPhaseCommit.Coordinator.WaitForResponses.eNo_correct_of_commit_sent_commit_sent_using_votes_system_config	11269035718580243533	verified	not-requested	solver returned unsat; closed under the trust policy	470560126	collect=646417,pre-reconstruct=1554750,normalize=5927084,monomorphize=29667,instantiate=17833,translate=22143000,solve=440241375	
plean	crush-verify	1	Examples/TwoPhaseCommit.lean|TwoPhaseCommit.Coordinator.WaitForResponses.eNo_correct_of_commit_sent_commit_sent_using_votes_system_config	TwoPhaseCommit.Coordinator.WaitForResponses.eNo_correct_of_commit_sent_commit_sent_using_votes_system_config	16316480181442834656	verified	not-requested	solver returned unsat; closed under the trust policy	461005168	collect=517833,pre-reconstruct=7247458,normalize=5317875,monomorphize=26959,instantiate=14709,translate=22763834,solve=425116500	
plean	crush-verify	1	Examples/TwoPhaseCommit.lean|TwoPhaseCommit.Coordinator.WaitForResponses.eNo_correct_of_commit_sent_commit_sent_using_votes_system_config	TwoPhaseCommit.Coordinator.WaitForResponses.eNo_correct_of_commit_sent_commit_sent_using_votes_system_config	16544938116920668609	unknown	not-attempted	solver exited without a verdict: cvc5 interrupted by timeout.	5438321457	collect=332541,pre-reconstruct=1585000,normalize=3747666,monomorphize=26125,instantiate=14375,translate=19727958,solve=5412887792	
plean	crush-verify	1	Examples/TwoPhaseCommit.lean|TwoPhaseCommit.Coordinator.WaitForResponses.eNo_correct_of_commit_sent_commit_sent_using_votes_system_config	TwoPhaseCommit.Coordinator.WaitForResponses.eNo_correct_of_commit_sent_commit_sent_using_votes_system_config	16544938116920668609	verified	not-requested	solver returned unsat; closed under the trust policy	463674167	collect=343500,pre-reconstruct=1665542,normalize=5401875,monomorphize=30083,instantiate=14458,translate=21806375,solve=434412334	
plean	crush-verify	1	Examples/TwoPhaseCommit.lean|TwoPhaseCommit.Coordinator.WaitForResponses.eNo_correct_of_commit_sent_commit_sent_using_votes_system_config	TwoPhaseCommit.Coordinator.WaitForResponses.eNo_correct_of_commit_sent_commit_sent_using_votes_system_config	3663896596369207448	verified	not-requested	solver returned unsat; closed under the trust policy	455086167	collect=519167,pre-reconstruct=785667,normalize=5321500,monomorphize=26958,instantiate=15958,translate=20451792,solve=427965125	
plean	crush-verify	1	Examples/TwoPhaseCommit.lean|TwoPhaseCommit.Coordinator.WaitForResponses.eNo_correct_of_commit_sent_commit_sent_using_votes_system_config	TwoPhaseCommit.Coordinator.WaitForResponses.eNo_correct_of_commit_sent_commit_sent_using_votes_system_config	169441211374121931	verified	not-requested	solver returned unsat; closed under the trust policy	452640709	collect=433125,pre-reconstruct=5938292,normalize=5136792,monomorphize=27875,instantiate=14167,translate=21336000,solve=419754458	
plean	crush-verify	1	Examples/TwoPhaseCommit.lean|TwoPhaseCommit.Coordinator.WaitForResponses.eNo_correct_of_commit_sent_commit_sent_using_votes_system_config	TwoPhaseCommit.Coordinator.WaitForResponses.eNo_correct_of_commit_sent_commit_sent_using_votes_system_config	16107403682016392080	unknown	not-attempted	solver exited without a verdict: cvc5 interrupted by timeout.	5436283166	collect=288166,pre-reconstruct=1650166,normalize=3823292,monomorphize=30458,instantiate=18333,translate=17180417,solve=5413292334	
plean	crush-verify	1	Examples/TwoPhaseCommit.lean|TwoPhaseCommit.Coordinator.WaitForResponses.eNo_correct_of_commit_sent_commit_sent_using_votes_system_config	TwoPhaseCommit.Coordinator.WaitForResponses.eNo_correct_of_commit_sent_commit_sent_using_votes_system_config	14328788366895590194	verified	not-requested	solver returned unsat; closed under the trust policy	492283957	collect=385041,pre-reconstruct=8536041,normalize=5721583,monomorphize=32125,instantiate=12375,translate=24224000,solve=453372792	
plean	crush-verify	1	Examples/TwoPhaseCommit.lean|TwoPhaseCommit.Coordinator.WaitForResponses.eNo_correct_of_commit_sent_commit_sent_using_votes_system_config	TwoPhaseCommit.Coordinator.WaitForResponses.eNo_correct_of_commit_sent_commit_sent_using_votes_system_config	16544938116920668609	unknown	not-attempted	solver exited without a verdict: cvc5 interrupted by timeout.	5432771250	collect=445042,pre-reconstruct=4288042,normalize=4239166,monomorphize=26334,instantiate=15125,translate=17739416,solve=5406018125	
plean	crush-verify	1	Examples/TwoPhaseCommit.lean|TwoPhaseCommit.Coordinator.WaitForResponses.eNo_correct_of_commit_sent_commit_sent_using_votes_system_config	TwoPhaseCommit.Coordinator.WaitForResponses.eNo_correct_of_commit_sent_commit_sent_using_votes_system_config	14328788366895590194	verified	not-requested	solver returned unsat; closed under the trust policy	494768707	collect=350708,pre-reconstruct=8127333,normalize=5553625,monomorphize=27250,instantiate=19666,translate=23887375,solve=456802750	
plean	crush-verify	1	Examples/TwoPhaseCommit.lean|TwoPhaseCommit.Coordinator.WaitForResponses.eNo_correct_of_commit_sent_commit_sent_using_votes_system_config	TwoPhaseCommit.Coordinator.WaitForResponses.eNo_correct_of_commit_sent_commit_sent_using_votes_system_config	16544938116920668609	unknown	not-attempted	solver exited without a verdict: cvc5 interrupted by timeout.	5450436916	collect=468292,pre-reconstruct=3345541,normalize=4357834,monomorphize=27250,instantiate=15708,translate=18683916,solve=5423538375	
plean	crush-verify	1	Examples/TwoPhaseCommit.lean|TwoPhaseCommit.Coordinator.WaitForResponses.eNo_correct_of_commit_sent_commit_sent_using_votes_system_config	TwoPhaseCommit.Coordinator.WaitForResponses.eNo_correct_of_commit_sent_commit_sent_using_votes_system_config	16544938116920668609	verified	not-requested	solver returned unsat; closed under the trust policy	467573874	collect=345500,pre-reconstruct=1747000,normalize=5344541,monomorphize=29292,instantiate=19500,translate=21684000,solve=438404041	
plean	crush-verify	1	Examples/TwoPhaseCommit.lean|TwoPhaseCommit.Coordinator.WaitForResponses.eNo_correct_of_commit_sent_commit_sent_using_votes_system_config	TwoPhaseCommit.Coordinator.WaitForResponses.eNo_correct_of_commit_sent_commit_sent_using_votes_system_config	11269035718580243533	verified	not-requested	solver returned unsat; closed under the trust policy	458535415	collect=521708,pre-reconstruct=870625,normalize=5580208,monomorphize=26292,instantiate=13916,translate=20936958,solve=430585708	
plean	crush-verify	1	Examples/TwoPhaseCommit.lean|TwoPhaseCommit.Coordinator.WaitForResponses.eNo_correct_of_commit_sent_commit_sent_using_votes_system_config	TwoPhaseCommit.Coordinator.WaitForResponses.eNo_correct_of_commit_sent_commit_sent_using_votes_system_config	16316480181442834656	verified	not-requested	solver returned unsat; closed under the trust policy	466084917	collect=486000,pre-reconstruct=7024250,normalize=5215042,monomorphize=29375,instantiate=15250,translate=20522209,solve=432792791	
plean	crush-verify	1	Examples/TwoPhaseCommit.lean|TwoPhaseCommit.Coordinator.WaitForResponses.eNo_correct_of_commit_sent_commit_sent_using_votes_system_config	TwoPhaseCommit.Coordinator.WaitForResponses.eNo_correct_of_commit_sent_commit_sent_using_votes_system_config	16544938116920668609	unknown	not-attempted	solver exited without a verdict: cvc5 interrupted by timeout.	5429736876	collect=266417,pre-reconstruct=1588375,normalize=3749208,monomorphize=28208,instantiate=13209,translate=17546625,solve=5406544834	
plean	crush-verify	1	Examples/TwoPhaseCommit.lean|TwoPhaseCommit.Coordinator.WaitForResponses.eNo_correct_of_commit_sent_commit_sent_using_votes_system_config	TwoPhaseCommit.Coordinator.WaitForResponses.eNo_correct_of_commit_sent_commit_sent_using_votes_system_config	16544938116920668609	verified	not-requested	solver returned unsat; closed under the trust policy	460178208	collect=341917,pre-reconstruct=1616125,normalize=5117375,monomorphize=26708,instantiate=14458,translate=21937750,solve=431123875	
plean	crush-verify	1	Examples/TwoPhaseCommit.lean|TwoPhaseCommit.Coordinator.WaitForResponses.eNo_correct_of_commit_sent_commit_sent_using_votes_system_config	TwoPhaseCommit.Coordinator.WaitForResponses.eNo_correct_of_commit_sent_commit_sent_using_votes_system_config	3663896596369207448	verified	not-requested	solver returned unsat; closed under the trust policy	451081083	collect=534333,pre-reconstruct=831542,normalize=5543959,monomorphize=25125,instantiate=14125,translate=20559833,solve=423572166	
plean	crush-verify	1	Examples/TwoPhaseCommit.lean|TwoPhaseCommit.Coordinator.WaitForResponses.eNo_correct_of_commit_sent_commit_sent_using_votes_system_config	TwoPhaseCommit.Coordinator.WaitForResponses.eNo_correct_of_commit_sent_commit_sent_using_votes_system_config	169441211374121931	verified	not-requested	solver returned unsat; closed under the trust policy	481650583	collect=438542,pre-reconstruct=6745958,normalize=5298458,monomorphize=30458,instantiate=14375,translate=21287292,solve=447835500	
plean	crush-verify	1	Examples/TwoPhaseCommit.lean|TwoPhaseCommit.Coordinator.WaitForResponses.eNo_correct_of_commit_sent_commit_sent_using_votes_system_config	TwoPhaseCommit.Coordinator.WaitForResponses.eNo_correct_of_commit_sent_commit_sent_using_votes_system_config	16107403682016392080	unknown	not-attempted	solver exited without a verdict: cvc5 interrupted by timeout.	5439933084	collect=299625,pre-reconstruct=1641958,normalize=3680250,monomorphize=25000,instantiate=14500,translate=16973834,solve=5417297917	
plean	crush-verify	1	Examples/TwoPhaseCommit.lean|TwoPhaseCommit.Coordinator.Init.entry_correct_of_commit_sent_commit_sent_using_votes_system_config	TwoPhaseCommit.Coordinator.Init.entry_correct_of_commit_sent_commit_sent_using_votes_system_config	10238892770241185239	verified	not-requested	solver returned unsat; closed under the trust policy	488149209	collect=421792,pre-reconstruct=7565792,normalize=5200917,monomorphize=28792,instantiate=17625,translate=22927583,solve=451986708	
plean	crush-verify	1	Examples/TwoPhaseCommit.lean|TwoPhaseCommit.Coordinator.Init.entry_correct_of_commit_sent_commit_sent_using_votes_system_config	TwoPhaseCommit.Coordinator.Init.entry_correct_of_commit_sent_commit_sent_using_votes_system_config	16544938116920668609	unknown	not-attempted	solver exited without a verdict: cvc5 interrupted by timeout.	5439029335	collect=477167,pre-reconstruct=7024750,normalize=4982000,monomorphize=21584,instantiate=30834,translate=17022042,solve=5409470958	
plean	crush-verify	1	Examples/TwoPhaseCommit.lean|TwoPhaseCommit.Coordinator.Init.entry_correct_of_commit_sent_commit_sent_using_votes_system_config	TwoPhaseCommit.Coordinator.Init.entry_correct_of_commit_sent_commit_sent_using_votes_system_config	10238892770241185239	verified	not-requested	solver returned unsat; closed under the trust policy	482448458	collect=336375,pre-reconstruct=8323125,normalize=5585958,monomorphize=21709,instantiate=22750,translate=23137333,solve=445021208	
plean	crush-verify	1	Examples/TwoPhaseCommit.lean|TwoPhaseCommit.Coordinator.Init.entry_correct_of_commit_sent_commit_sent_using_votes_system_config	TwoPhaseCommit.Coordinator.Init.entry_correct_of_commit_sent_commit_sent_using_votes_system_config	16544938116920668609	unknown	not-attempted	solver exited without a verdict: cvc5 interrupted by timeout.	5438722876	collect=460834,pre-reconstruct=5217542,normalize=3881833,monomorphize=23292,instantiate=15125,translate=16263542,solve=5412860708	
plean	crush-verify	1	Examples/TwoPhaseCommit.lean|TwoPhaseCommit.Coordinator.Init.entry_correct_of_commit_sent_commit_sent_using_votes_system_config	TwoPhaseCommit.Coordinator.Init.entry_correct_of_commit_sent_commit_sent_using_votes_system_config	16544938116920668609	verified	not-requested	solver returned unsat; closed under the trust policy	468498958	collect=408959,pre-reconstruct=2180542,normalize=5534166,monomorphize=30333,instantiate=17292,translate=22208791,solve=438118875	
plean	crush-verify	1	Examples/TwoPhaseCommit.lean|TwoPhaseCommit.Coordinator.Init.entry_correct_of_commit_sent_commit_sent_using_votes_system_config	TwoPhaseCommit.Coordinator.Init.entry_correct_of_commit_sent_commit_sent_using_votes_system_config	11269035718580243533	verified	not-requested	solver returned unsat; closed under the trust policy	458501584	collect=525167,pre-reconstruct=762625,normalize=5053833,monomorphize=44834,instantiate=14125,translate=22266667,solve=429834333	
plean	crush-verify	1	Examples/TwoPhaseCommit.lean|TwoPhaseCommit.Coordinator.Init.entry_correct_of_commit_sent_commit_sent_using_votes_system_config	TwoPhaseCommit.Coordinator.Init.entry_correct_of_commit_sent_commit_sent_using_votes_system_config	17743988793785745605	verified	not-requested	solver returned unsat; closed under the trust policy	446497416	collect=485625,pre-reconstruct=8031458,normalize=4949125,monomorphize=22625,instantiate=14250,translate=19143708,solve=413850625	
plean	crush-verify	1	Examples/TwoPhaseCommit.lean|TwoPhaseCommit.Coordinator.Init.entry_correct_of_commit_sent_commit_sent_using_votes_system_config	TwoPhaseCommit.Coordinator.Init.entry_correct_of_commit_sent_commit_sent_using_votes_system_config	16544938116920668609	unknown	not-attempted	solver exited without a verdict: cvc5 interrupted by timeout.	5441583459	collect=242625,pre-reconstruct=1528542,normalize=3808541,monomorphize=20875,instantiate=13834,translate=16157958,solve=5419811084	
plean	crush-verify	1	Examples/TwoPhaseCommit.lean|TwoPhaseCommit.Coordinator.Init.entry_correct_of_commit_sent_commit_sent_using_votes_system_config	TwoPhaseCommit.Coordinator.Init.entry_correct_of_commit_sent_commit_sent_using_votes_system_config	16544938116920668609	verified	not-requested	solver returned unsat; closed under the trust policy	454276832	collect=452916,pre-reconstruct=1731708,normalize=6000166,monomorphize=23708,instantiate=15417,translate=21417833,solve=424635084	
plean	crush-verify	1	Examples/TwoPhaseCommit.lean|TwoPhaseCommit.Coordinator.Init.entry_correct_of_commit_sent_commit_sent_using_votes_system_config	TwoPhaseCommit.Coordinator.Init.entry_correct_of_commit_sent_commit_sent_using_votes_system_config	3663896596369207448	verified	not-requested	solver returned unsat; closed under the trust policy	450256916	collect=483875,pre-reconstruct=783541,normalize=4781917,monomorphize=19000,instantiate=11167,translate=20325125,solve=423852291	
plean	crush-verify	1	Examples/TwoPhaseCommit.lean|TwoPhaseCommit.Coordinator.Init.entry_correct_of_commit_sent_commit_sent_using_votes_system_config	TwoPhaseCommit.Coordinator.Init.entry_correct_of_commit_sent_commit_sent_using_votes_system_config	17468433773464704659	verified	not-requested	solver returned unsat; closed under the trust policy	450239625	collect=477583,pre-reconstruct=6530458,normalize=5054917,monomorphize=24375,instantiate=14167,translate=20141958,solve=417996167	
plean	crush-verify	1	Examples/TwoPhaseCommit.lean|TwoPhaseCommit.Coordinator.Init.entry_correct_of_commit_sent_commit_sent_using_votes_system_config	TwoPhaseCommit.Coordinator.Init.entry_correct_of_commit_sent_commit_sent_using_votes_system_config	4554345946624791324	unknown	not-attempted	solver exited without a verdict: cvc5 interrupted by timeout.	5441554083	collect=241083,pre-reconstruct=1470250,normalize=3635125,monomorphize=21458,instantiate=14250,translate=15765459,solve=5420406458	
plean	crush-verify	1	Examples/TwoPhaseCommit.lean|TwoPhaseCommit.Coordinator.Init.entry_correct_of_commit_sent_commit_sent_using_votes_system_config	TwoPhaseCommit.Coordinator.Init.entry_correct_of_commit_sent_commit_sent_using_votes_system_config	10882727174046215897	verified	not-requested	solver returned unsat; closed under the trust policy	450410501	collect=261667,pre-reconstruct=802167,normalize=3685917,monomorphize=30333,instantiate=12042,translate=17371625,solve=428246750	
plean	crush-verify	1	Examples/TwoPhaseCommit.lean|TwoPhaseCommit.Coordinator.Init.entry_correct_of_commit_sent_commit_sent_using_votes_system_config	TwoPhaseCommit.Coordinator.Init.entry_correct_of_commit_sent_commit_sent_using_votes_system_config	3253717144076215989	verified	not-requested	solver returned unsat; closed under the trust policy	433940040	collect=441708,pre-reconstruct=3708000,normalize=3638791,monomorphize=24750,instantiate=14458,translate=15726583,solve=410385750	
plean	crush-verify	1	Examples/TwoPhaseCommit.lean|TwoPhaseCommit.Coordinator.Init.entry_correct_of_commit_sent_commit_sent_using_votes_system_config	TwoPhaseCommit.Coordinator.Init.entry_correct_of_commit_sent_commit_sent_using_votes_system_config	10882727174046215897	verified	not-requested	solver returned unsat; closed under the trust policy	446138290	collect=373333,pre-reconstruct=1043250,normalize=4032416,monomorphize=22625,instantiate=16541,translate=17448167,solve=423201958	
plean	crush-verify	1	Examples/TwoPhaseCommit.lean|TwoPhaseCommit.Coordinator.Init.entry_correct_of_commit_sent_commit_sent_using_votes_system_config	TwoPhaseCommit.Coordinator.Init.entry_correct_of_commit_sent_commit_sent_using_votes_system_config	3447196019152406883	pre-reconstructed	not-attempted	closed before SMT translation	2569668	collect=430709,pre-reconstruct=2138959	
plean	crush-verify	1	Examples/TwoPhaseCommit.lean|TwoPhaseCommit.Coordinator.Init.entry_correct_of_commit_sent_commit_sent_using_votes_system_config	TwoPhaseCommit.Coordinator.Init.entry_correct_of_commit_sent_commit_sent_using_votes_system_config	12046566145604182226	selected-fact	not-attempted	closed from a selected Lean fact	194834	collect=194834	
plean	crush-verify	1	Examples/TwoPhaseCommit.lean|TwoPhaseCommit.Coordinator.Init.entry_correct_of_commit_sent_commit_sent_using_votes_system_config	TwoPhaseCommit.Coordinator.Init.entry_correct_of_commit_sent_commit_sent_using_votes_system_config	9909793585723607952	selected-fact	not-attempted	closed from a selected Lean fact	175417	collect=175417	
plean	crush-verify	1	Examples/TwoPhaseCommit.lean|TwoPhaseCommit.Coordinator.Init.entry_correct_of_commit_sent_commit_sent_using_votes_system_config	TwoPhaseCommit.Coordinator.Init.entry_correct_of_commit_sent_commit_sent_using_votes_system_config	13137414707843300806	selected-fact	not-attempted	closed from a selected Lean fact	188250	collect=188250	
plean	crush-verify	1	Examples/TwoPhaseCommit.lean|TwoPhaseCommit.Coordinator.Init.entry_correct_of_commit_sent_commit_sent_using_votes_system_config	TwoPhaseCommit.Coordinator.Init.entry_correct_of_commit_sent_commit_sent_using_votes_system_config	17949712576744242606	selected-fact	not-attempted	closed from a selected Lean fact	174333	collect=174333	
plean	crush-verify	1	Examples/TwoPhaseCommit.lean|TwoPhaseCommit.Coordinator.Init.entry_correct_of_commit_sent_commit_sent_using_votes_system_config	TwoPhaseCommit.Coordinator.Init.entry_correct_of_commit_sent_commit_sent_using_votes_system_config	10882727174046215897	verified	not-requested	solver returned unsat; closed under the trust policy	447699041	collect=299042,pre-reconstruct=867458,normalize=3817250,monomorphize=22125,instantiate=15916,translate=17415250,solve=425262000	
plean	crush-verify	1	Examples/TwoPhaseCommit.lean|TwoPhaseCommit.Coordinator.Init.entry_correct_of_commit_sent_commit_sent_using_votes_system_config	TwoPhaseCommit.Coordinator.Init.entry_correct_of_commit_sent_commit_sent_using_votes_system_config	3253717144076215989	verified	not-requested	solver returned unsat; closed under the trust policy	438248040	collect=526000,pre-reconstruct=4195625,normalize=4472458,monomorphize=22500,instantiate=15416,translate=16989791,solve=412026250	
plean	crush-verify	1	Examples/TwoPhaseCommit.lean|TwoPhaseCommit.Coordinator.Init.entry_correct_of_commit_sent_commit_sent_using_votes_system_config	TwoPhaseCommit.Coordinator.Init.entry_correct_of_commit_sent_commit_sent_using_votes_system_config	10882727174046215897	verified	not-requested	solver returned unsat; closed under the trust policy	468921793	collect=384167,pre-reconstruct=1110041,normalize=3997417,monomorphize=23709,instantiate=13958,translate=16900667,solve=446491834	
plean	crush-verify	1	Examples/TwoPhaseCommit.lean|TwoPhaseCommit.Coordinator.Init.entry_correct_of_commit_sent_commit_sent_using_votes_system_config	TwoPhaseCommit.Coordinator.Init.entry_correct_of_commit_sent_commit_sent_using_votes_system_config	3447196019152406883	pre-reconstructed	not-attempted	closed before SMT translation	2395375	collect=427500,pre-reconstruct=1967875	
plean	crush-verify	1	Examples/TwoPhaseCommit.lean|TwoPhaseCommit.Coordinator.Init.entry_correct_of_commit_sent_commit_sent_using_votes_system_config	TwoPhaseCommit.Coordinator.Init.entry_correct_of_commit_sent_commit_sent_using_votes_system_config	12046566145604182226	selected-fact	not-attempted	closed from a selected Lean fact	185916	collect=185916	
plean	crush-verify	1	Examples/TwoPhaseCommit.lean|TwoPhaseCommit.Coordinator.Init.entry_correct_of_commit_sent_commit_sent_using_votes_system_config	TwoPhaseCommit.Coordinator.Init.entry_correct_of_commit_sent_commit_sent_using_votes_system_config	9909793585723607952	selected-fact	not-attempted	closed from a selected Lean fact	191833	collect=191833	
plean	crush-verify	1	Examples/TwoPhaseCommit.lean|TwoPhaseCommit.Coordinator.Init.entry_correct_of_commit_sent_commit_sent_using_votes_system_config	TwoPhaseCommit.Coordinator.Init.entry_correct_of_commit_sent_commit_sent_using_votes_system_config	13137414707843300806	selected-fact	not-attempted	closed from a selected Lean fact	186375	collect=186375	
plean	crush-verify	1	Examples/TwoPhaseCommit.lean|TwoPhaseCommit.Coordinator.Init.entry_correct_of_commit_sent_commit_sent_using_votes_system_config	TwoPhaseCommit.Coordinator.Init.entry_correct_of_commit_sent_commit_sent_using_votes_system_config	17949712576744242606	selected-fact	not-attempted	closed from a selected Lean fact	176125	collect=176125	
plean	crush-verify	1	Examples/TwoPhaseCommit.lean|TwoPhaseCommit.Coordinator.Init.entry_correct_of_commit_sent_commit_sent_using_votes_system_config	TwoPhaseCommit.Coordinator.Init.entry_correct_of_commit_sent_commit_sent_using_votes_system_config	10882727174046215897	verified	not-requested	solver returned unsat; closed under the trust policy	439636460	collect=274791,pre-reconstruct=819792,normalize=3564292,monomorphize=22667,instantiate=19542,translate=16461084,solve=418474292	
plean	crush-verify	1	Examples/TwoPhaseCommit.lean|TwoPhaseCommit.Coordinator.Init.entry_correct_of_commit_sent_commit_sent_using_votes_system_config	TwoPhaseCommit.Coordinator.Init.entry_correct_of_commit_sent_commit_sent_using_votes_system_config	3253717144076215989	verified	not-requested	solver returned unsat; closed under the trust policy	448806499	collect=421875,pre-reconstruct=3763833,normalize=3840417,monomorphize=22166,instantiate=14791,translate=16048375,solve=424695042	
plean	crush-verify	1	Examples/TwoPhaseCommit.lean|TwoPhaseCommit.Coordinator.Init.entry_correct_of_commit_sent_commit_sent_using_votes_system_config	TwoPhaseCommit.Coordinator.Init.entry_correct_of_commit_sent_commit_sent_using_votes_system_config	10882727174046215897	verified	not-requested	solver returned unsat; closed under the trust policy	468783583	collect=381375,pre-reconstruct=1169042,normalize=4570583,monomorphize=29000,instantiate=15458,translate=17509208,solve=445108917	
plean	crush-verify	1	Examples/TwoPhaseCommit.lean|TwoPhaseCommit.Coordinator.Init.entry_correct_of_commit_sent_commit_sent_using_votes_system_config	TwoPhaseCommit.Coordinator.Init.entry_correct_of_commit_sent_commit_sent_using_votes_system_config	3447196019152406883	pre-reconstructed	not-attempted	closed before SMT translation	2311376	collect=365959,pre-reconstruct=1945417	
plean	crush-verify	1	Examples/TwoPhaseCommit.lean|TwoPhaseCommit.Coordinator.Init.entry_correct_of_commit_sent_commit_sent_using_votes_system_config	TwoPhaseCommit.Coordinator.Init.entry_correct_of_commit_sent_commit_sent_using_votes_system_config	12046566145604182226	selected-fact	not-attempted	closed from a selected Lean fact	190375	collect=190375	
plean	crush-verify	1	Examples/TwoPhaseCommit.lean|TwoPhaseCommit.Coordinator.Init.entry_correct_of_commit_sent_commit_sent_using_votes_system_config	TwoPhaseCommit.Coordinator.Init.entry_correct_of_commit_sent_commit_sent_using_votes_system_config	9909793585723607952	selected-fact	not-attempted	closed from a selected Lean fact	176750	collect=176750	
plean	crush-verify	1	Examples/TwoPhaseCommit.lean|TwoPhaseCommit.Coordinator.Init.entry_correct_of_commit_sent_commit_sent_using_votes_system_config	TwoPhaseCommit.Coordinator.Init.entry_correct_of_commit_sent_commit_sent_using_votes_system_config	13137414707843300806	selected-fact	not-attempted	closed from a selected Lean fact	180042	collect=180042	
plean	crush-verify	1	Examples/TwoPhaseCommit.lean|TwoPhaseCommit.Coordinator.Init.entry_correct_of_commit_sent_commit_sent_using_votes_system_config	TwoPhaseCommit.Coordinator.Init.entry_correct_of_commit_sent_commit_sent_using_votes_system_config	17949712576744242606	selected-fact	not-attempted	closed from a selected Lean fact	172459	collect=172459	
plean	crush-verify	1	Examples/TwoPhaseCommit.lean|TwoPhaseCommit.Coordinator.Init.entry_correct_of_commit_sent_commit_sent_using_votes_system_config	TwoPhaseCommit.Coordinator.Init.entry_correct_of_commit_sent_commit_sent_using_votes_system_config	10882727174046215897	unknown	not-attempted	solver exited without a verdict: cvc5 interrupted by timeout.	5447275583	collect=334125,pre-reconstruct=1019667,normalize=5542500,monomorphize=24250,instantiate=18583,translate=22886375,solve=5417450083	
plean	crush-verify	1	Examples/TwoPhaseCommit.lean|TwoPhaseCommit.Coordinator.Init.entry_correct_of_commit_sent_commit_sent_using_votes_system_config	TwoPhaseCommit.Coordinator.Init.entry_correct_of_commit_sent_commit_sent_using_votes_system_config	10882727174046215897	unknown	not-attempted	solver exited without a verdict: cvc5 interrupted by timeout.	5575122249	collect=336459,pre-reconstruct=1054291,normalize=5179666,monomorphize=22167,instantiate=14708,translate=22820875,solve=5545694083	
plean	crush-verify	1	Examples/TwoPhaseCommit.lean|TwoPhaseCommit.Coordinator.Init.entry_correct_of_commit_sent_commit_sent_using_votes_system_config	TwoPhaseCommit.Coordinator.Init.entry_correct_of_commit_sent_commit_sent_using_votes_system_config	10882727174046215897	unknown	not-attempted	solver exited without a verdict: cvc5 interrupted by timeout.	5433124167	collect=239792,pre-reconstruct=872042,normalize=355625,monomorphize=19083,instantiate=13667,translate=16032500,solve=5415591458	
plean	crush-verify	1	Examples/TwoPhaseCommit.lean|TwoPhaseCommit.Coordinator.Init.entry_correct_of_commit_sent_commit_sent_using_votes_system_config	TwoPhaseCommit.Coordinator.Init.entry_correct_of_commit_sent_commit_sent_using_votes_system_config	10882727174046215897	unknown	not-attempted	solver exited without a verdict: cvc5 interrupted by timeout.	5436354500	collect=380958,pre-reconstruct=1022625,normalize=5783917,monomorphize=24041,instantiate=16958,translate=22898917,solve=5406227084	
plean	crush-verify	1	Examples/TwoPhaseCommit.lean|TwoPhaseCommit.Coordinator.Init.entry_correct_of_commit_sent_commit_sent_using_votes_system_config	TwoPhaseCommit.Coordinator.Init.entry_correct_of_commit_sent_commit_sent_using_votes_system_config	10882727174046215897	verified	not-requested	solver returned unsat; closed under the trust policy	455763876	collect=367084,pre-reconstruct=1093417,normalize=5516584,monomorphize=24292,instantiate=14541,translate=21447958,solve=427300000	
plean	crush-verify	1	Examples/TwoPhaseCommit.lean|TwoPhaseCommit.Participant.Undecided.eVoteReq_correct_of_commit_sent_commit_sent_using_votes_system_config	TwoPhaseCommit.Participant.Undecided.eVoteReq_correct_of_commit_sent_commit_sent_using_votes_system_config	10882727174046215897	verified	not-requested	solver returned unsat; closed under the trust policy	459621500	collect=516250,pre-reconstruct=1212375,normalize=4366000,monomorphize=34541,instantiate=30625,translate=21155000,solve=432306709	
plean	crush-verify	1	Examples/TwoPhaseCommit.lean|TwoPhaseCommit.Participant.Undecided.eVoteReq_correct_of_commit_sent_commit_sent_using_votes_system_config	TwoPhaseCommit.Participant.Undecided.eVoteReq_correct_of_commit_sent_commit_sent_using_votes_system_config	10882727174046215897	verified	not-requested	solver returned unsat; closed under the trust policy	446278915	collect=519708,pre-reconstruct=1454250,normalize=4972333,monomorphize=24208,instantiate=16833,translate=20162208,solve=419129375	
plean	crush-verify	1	Examples/TwoPhaseCommit.lean|TwoPhaseCommit.Participant.Undecided.eCommit_correct_of_commit_sent_commit_sent_using_votes_system_config	TwoPhaseCommit.Participant.Undecided.eCommit_correct_of_commit_sent_commit_sent_using_votes_system_config	10882727174046215897	verified	not-requested	solver returned unsat; closed under the trust policy	473163542	collect=435792,pre-reconstruct=1099792,normalize=5412708,monomorphize=31750,instantiate=26750,translate=22695292,solve=443461458	
plean	crush-verify	1	Examples/TwoPhaseCommit.lean|TwoPhaseCommit.Participant.Undecided.eAbort_correct_of_commit_sent_commit_sent_using_votes_system_config	TwoPhaseCommit.Participant.Undecided.eAbort_correct_of_commit_sent_commit_sent_using_votes_system_config	10882727174046215897	verified	not-requested	solver returned unsat; closed under the trust policy	467041917	collect=409792,pre-reconstruct=1023292,normalize=5463250,monomorphize=30708,instantiate=24125,translate=22762250,solve=437328500	
plean	crush-verify	1	Examples/TwoPhaseCommit.lean|TwoPhaseCommit.base_of_safety_accepted_implies_all_prefer	TwoPhaseCommit.base_of_safety_accepted_implies_all_prefer	627119205886132577	verified	not-requested	solver returned unsat; closed under the trust policy	450998209	collect=302000,pre-reconstruct=504625,normalize=3624666,monomorphize=16667,instantiate=26167,translate=19234209,solve=427289875	
plean	crush-verify	1	Examples/TwoPhaseCommit.lean|TwoPhaseCommit.Coordinator.WaitForResponses.eYes_correct_of_safety_safety_using_commit_sent	TwoPhaseCommit.Coordinator.WaitForResponses.eYes_correct_of_safety_safety_using_commit_sent	6742371409679850061	unknown	not-attempted	solver exited without a verdict: cvc5 interrupted by timeout.	5445415376	collect=416667,pre-reconstruct=5993041,normalize=6465125,monomorphize=30250,instantiate=23792,translate=17360042,solve=5415126459	
plean	crush-verify	1	Examples/TwoPhaseCommit.lean|TwoPhaseCommit.Coordinator.WaitForResponses.eYes_correct_of_safety_safety_using_commit_sent	TwoPhaseCommit.Coordinator.WaitForResponses.eYes_correct_of_safety_safety_using_commit_sent	6742371409679850061	unknown	not-attempted	solver exited without a verdict: cvc5 interrupted by timeout.	5439816376	collect=315708,pre-reconstruct=5604292,normalize=6396875,monomorphize=19834,instantiate=14625,translate=15622417,solve=5411842625	
plean	crush-verify	1	Examples/TwoPhaseCommit.lean|TwoPhaseCommit.Coordinator.WaitForResponses.eYes_correct_of_safety_safety_using_commit_sent	TwoPhaseCommit.Coordinator.WaitForResponses.eYes_correct_of_safety_safety_using_commit_sent	627119205886132577	unknown	not-attempted	solver exited without a verdict: cvc5 interrupted by timeout.	5454990417	collect=368375,pre-reconstruct=1004958,normalize=7411458,monomorphize=27792,instantiate=22792,translate=29067750,solve=5417087292	
plean	crush-verify	1	Examples/TwoPhaseCommit.lean|TwoPhaseCommit.Coordinator.WaitForResponses.eYes_correct_of_safety_safety_using_commit_sent	TwoPhaseCommit.Coordinator.WaitForResponses.eYes_correct_of_safety_safety_using_commit_sent	627119205886132577	unknown	not-attempted	solver exited without a verdict: cvc5 interrupted by timeout.	5475029541	collect=418958,pre-reconstruct=1202792,normalize=24817750,monomorphize=70333,instantiate=31625,translate=33826666,solve=5414661417	
plean	crush-verify	1	Examples/TwoPhaseCommit.lean|TwoPhaseCommit.Coordinator.WaitForResponses.eYes_correct_of_safety_safety_using_commit_sent	TwoPhaseCommit.Coordinator.WaitForResponses.eYes_correct_of_safety_safety_using_commit_sent	627119205886132577	verified	not-requested	solver returned unsat; closed under the trust policy	453066043	collect=302709,pre-reconstruct=775542,normalize=3552750,monomorphize=21250,instantiate=14834,translate=17330708,solve=431068250	
plean	crush-verify	1	Examples/TwoPhaseCommit.lean|TwoPhaseCommit.Coordinator.WaitForResponses.eYes_correct_of_safety_safety_using_commit_sent	TwoPhaseCommit.Coordinator.WaitForResponses.eYes_correct_of_safety_safety_using_commit_sent	627119205886132577	verified	not-requested	solver returned unsat; closed under the trust policy	458564041	collect=593333,pre-reconstruct=1324500,normalize=3589458,monomorphize=22375,instantiate=14875,translate=17456500,solve=435563000	
plean	crush-verify	1	Examples/TwoPhaseCommit.lean|TwoPhaseCommit.Coordinator.WaitForResponses.eYes_correct_of_safety_safety_using_commit_sent	TwoPhaseCommit.Coordinator.WaitForResponses.eYes_correct_of_safety_safety_using_commit_sent	8236911049903588693	unknown	not-attempted	solver exited without a verdict: cvc5 interrupted by timeout.	5439449126	collect=483958,pre-reconstruct=4437625,normalize=3316084,monomorphize=20959,instantiate=18583,translate=15534042,solve=5415637875	
plean	crush-verify	1	Examples/TwoPhaseCommit.lean|TwoPhaseCommit.Coordinator.WaitForResponses.eYes_correct_of_safety_safety_using_commit_sent	TwoPhaseCommit.Coordinator.WaitForResponses.eYes_correct_of_safety_safety_using_commit_sent	627119205886132577	verified	not-requested	solver returned unsat; closed under the trust policy	446259668	collect=336500,pre-reconstruct=866167,normalize=3684667,monomorphize=23250,instantiate=19292,translate=17047958,solve=424281834	
plean	crush-verify	1	Examples/TwoPhaseCommit.lean|TwoPhaseCommit.Coordinator.WaitForResponses.eYes_correct_of_safety_safety_using_commit_sent	TwoPhaseCommit.Coordinator.WaitForResponses.eYes_correct_of_safety_safety_using_commit_sent	627119205886132577	verified	not-requested	solver returned unsat; closed under the trust policy	439783501	collect=502166,pre-reconstruct=1025334,normalize=3829875,monomorphize=23833,instantiate=14917,translate=16173834,solve=418213542	
plean	crush-verify	1	Examples/TwoPhaseCommit.lean|TwoPhaseCommit.Coordinator.WaitForResponses.eYes_correct_of_safety_safety_using_commit_sent	TwoPhaseCommit.Coordinator.WaitForResponses.eYes_correct_of_safety_safety_using_commit_sent	8236911049903588693	unknown	not-attempted	solver exited without a verdict: cvc5 interrupted by timeout.	5440003000	collect=452125,pre-reconstruct=3783750,normalize=3366000,monomorphize=20250,instantiate=14000,translate=14675708,solve=5417691167	
plean	crush-verify	1	Examples/TwoPhaseCommit.lean|TwoPhaseCommit.Coordinator.WaitForResponses.eYes_correct_of_safety_safety_using_commit_sent	TwoPhaseCommit.Coordinator.WaitForResponses.eYes_correct_of_safety_safety_using_commit_sent	627119205886132577	verified	not-requested	solver returned unsat; closed under the trust policy	455261959	collect=300292,pre-reconstruct=916792,normalize=3737417,monomorphize=23459,instantiate=15208,translate=17236583,solve=433032208	
plean	crush-verify	1	Examples/TwoPhaseCommit.lean|TwoPhaseCommit.Coordinator.WaitForResponses.eYes_correct_of_safety_safety_using_commit_sent	TwoPhaseCommit.Coordinator.WaitForResponses.eYes_correct_of_safety_safety_using_commit_sent	627119205886132577	verified	not-requested	solver returned unsat; closed under the trust policy	445933915	collect=391083,pre-reconstruct=977042,normalize=4827000,monomorphize=32541,instantiate=18500,translate=17434333,solve=422253416	
plean	crush-verify	1	Examples/TwoPhaseCommit.lean|TwoPhaseCommit.Coordinator.WaitForResponses.eYes_correct_of_safety_safety_using_commit_sent	TwoPhaseCommit.Coordinator.WaitForResponses.eYes_correct_of_safety_safety_using_commit_sent	4603268118125486097	verified	not-requested	solver returned unsat; closed under the trust policy	440012875	collect=332833,pre-reconstruct=744750,normalize=3061167,monomorphize=20583,instantiate=13833,translate=14951084,solve=420888625	
plean	crush-verify	1	Examples/TwoPhaseCommit.lean|TwoPhaseCommit.Coordinator.WaitForResponses.eYes_correct_of_safety_safety_using_commit_sent	TwoPhaseCommit.Coordinator.WaitForResponses.eYes_correct_of_safety_safety_using_commit_sent	4519860779536265759	unknown	not-attempted	solver exited without a verdict: cvc5 interrupted by timeout.	5449638540	collect=474125,pre-reconstruct=4981583,normalize=3779916,monomorphize=22208,instantiate=15125,translate=15878833,solve=5424486750	
plean	crush-verify	1	Examples/TwoPhaseCommit.lean|TwoPhaseCommit.Coordinator.WaitForResponses.eYes_correct_of_safety_safety_using_commit_sent	TwoPhaseCommit.Coordinator.WaitForResponses.eYes_correct_of_safety_safety_using_commit_sent	627119205886132577	verified	not-requested	solver returned unsat; closed under the trust policy	448312915	collect=293958,pre-reconstruct=959292,normalize=3791041,monomorphize=22833,instantiate=16500,translate=17139125,solve=426090166	
plean	crush-verify	1	Examples/TwoPhaseCommit.lean|TwoPhaseCommit.Coordinator.WaitForResponses.eYes_correct_of_safety_safety_using_commit_sent	TwoPhaseCommit.Coordinator.WaitForResponses.eYes_correct_of_safety_safety_using_commit_sent	627119205886132577	verified	not-requested	solver returned unsat; closed under the trust policy	447934001	collect=428625,pre-reconstruct=864041,normalize=3483584,monomorphize=21834,instantiate=19625,translate=17317792,solve=425798500	
plean	crush-verify	1	Examples/TwoPhaseCommit.lean|TwoPhaseCommit.Coordinator.WaitForResponses.eYes_correct_of_safety_safety_using_commit_sent	TwoPhaseCommit.Coordinator.WaitForResponses.eYes_correct_of_safety_safety_using_commit_sent	8236911049903588693	unknown	not-attempted	solver exited without a verdict: cvc5 interrupted by timeout.	5435477667	collect=302875,pre-reconstruct=1623583,normalize=3154500,monomorphize=19708,instantiate=16959,translate=15311125,solve=5415048917	
plean	crush-verify	1	Examples/TwoPhaseCommit.lean|TwoPhaseCommit.Coordinator.WaitForResponses.eYes_correct_of_safety_safety_using_commit_sent	TwoPhaseCommit.Coordinator.WaitForResponses.eYes_correct_of_safety_safety_using_commit_sent	6742371409679850061	unknown	not-attempted	solver exited without a verdict: cvc5 interrupted by timeout.	5445566792	collect=381709,pre-reconstruct=5329583,normalize=6715166,monomorphize=23917,instantiate=12291,translate=15198292,solve=5417905834	
plean	crush-verify	1	Examples/TwoPhaseCommit.lean|TwoPhaseCommit.Coordinator.WaitForResponses.eYes_correct_of_safety_safety_using_commit_sent	TwoPhaseCommit.Coordinator.WaitForResponses.eYes_correct_of_safety_safety_using_commit_sent	6742371409679850061	unknown	not-attempted	solver exited without a verdict: cvc5 interrupted by timeout.	5441230459	collect=332833,pre-reconstruct=5318833,normalize=6717792,monomorphize=22792,instantiate=19917,translate=15578250,solve=5413240042	
plean	crush-verify	1	Examples/TwoPhaseCommit.lean|TwoPhaseCommit.Coordinator.WaitForResponses.eYes_correct_of_safety_safety_using_commit_sent	TwoPhaseCommit.Coordinator.WaitForResponses.eYes_correct_of_safety_safety_using_commit_sent	627119205886132577	unknown	not-attempted	solver exited without a verdict: cvc5 interrupted by timeout.	5454794749	collect=409750,pre-reconstruct=1277750,normalize=7523625,monomorphize=30916,instantiate=23792,translate=27952333,solve=5417576583	
plean	crush-verify	1	Examples/TwoPhaseCommit.lean|TwoPhaseCommit.Coordinator.WaitForResponses.eYes_correct_of_safety_safety_using_commit_sent	TwoPhaseCommit.Coordinator.WaitForResponses.eYes_correct_of_safety_safety_using_commit_sent	627119205886132577	unknown	not-attempted	solver exited without a verdict: cvc5 interrupted by timeout.	5446929168	collect=399625,pre-reconstruct=1351125,normalize=7047250,monomorphize=27875,instantiate=19209,translate=28405042,solve=5409679042	
plean	crush-verify	1	Examples/TwoPhaseCommit.lean|TwoPhaseCommit.Coordinator.WaitForResponses.eNo_correct_of_safety_safety_using_commit_sent	TwoPhaseCommit.Coordinator.WaitForResponses.eNo_correct_of_safety_safety_using_commit_sent	14328788366895590194	verified	not-requested	solver returned unsat; closed under the trust policy	504157414	collect=552458,pre-reconstruct=8420041,normalize=5511458,monomorphize=30291,instantiate=29417,translate=23896833,solve=465716916	
plean	crush-verify	1	Examples/TwoPhaseCommit.lean|TwoPhaseCommit.Coordinator.WaitForResponses.eNo_correct_of_safety_safety_using_commit_sent	TwoPhaseCommit.Coordinator.WaitForResponses.eNo_correct_of_safety_safety_using_commit_sent	16544938116920668609	unknown	not-attempted	solver exited without a verdict: cvc5 interrupted by timeout.	5446550749	collect=426500,pre-reconstruct=5331708,normalize=3570875,monomorphize=22083,instantiate=15666,translate=16020417,solve=5421163500	
plean	crush-verify	1	Examples/TwoPhaseCommit.lean|TwoPhaseCommit.Coordinator.WaitForResponses.eNo_correct_of_safety_safety_using_commit_sent	TwoPhaseCommit.Coordinator.WaitForResponses.eNo_correct_of_safety_safety_using_commit_sent	14328788366895590194	verified	not-requested	solver returned unsat; closed under the trust policy	484990958	collect=478125,pre-reconstruct=8629209,normalize=5349916,monomorphize=20625,instantiate=26583,translate=25516167,solve=444970333	
plean	crush-verify	1	Examples/TwoPhaseCommit.lean|TwoPhaseCommit.Coordinator.WaitForResponses.eNo_correct_of_safety_safety_using_commit_sent	TwoPhaseCommit.Coordinator.WaitForResponses.eNo_correct_of_safety_safety_using_commit_sent	16544938116920668609	unknown	not-attempted	solver exited without a verdict: cvc5 interrupted by timeout.	5433395708	collect=502250,pre-reconstruct=4329083,normalize=4394209,monomorphize=37166,instantiate=18500,translate=17109250,solve=5407005250	
plean	crush-verify	1	Examples/TwoPhaseCommit.lean|TwoPhaseCommit.Coordinator.WaitForResponses.eNo_correct_of_safety_safety_using_commit_sent	TwoPhaseCommit.Coordinator.WaitForResponses.eNo_correct_of_safety_safety_using_commit_sent	16544938116920668609	verified	not-requested	solver returned unsat; closed under the trust policy	464341792	collect=314458,pre-reconstruct=1548042,normalize=4870666,monomorphize=21167,instantiate=14542,translate=21735167,solve=435837750	
plean	crush-verify	1	Examples/TwoPhaseCommit.lean|TwoPhaseCommit.Coordinator.WaitForResponses.eNo_correct_of_safety_safety_using_commit_sent	TwoPhaseCommit.Coordinator.WaitForResponses.eNo_correct_of_safety_safety_using_commit_sent	11269035718580243533	verified	not-requested	solver returned unsat; closed under the trust policy	468943000	collect=509292,pre-reconstruct=784917,normalize=5276250,monomorphize=24208,instantiate=15208,translate=20639000,solve=441694125	
plean	crush-verify	1	Examples/TwoPhaseCommit.lean|TwoPhaseCommit.Coordinator.WaitForResponses.eNo_correct_of_safety_safety_using_commit_sent	TwoPhaseCommit.Coordinator.WaitForResponses.eNo_correct_of_safety_safety_using_commit_sent	16316480181442834656	verified	not-requested	solver returned unsat; closed under the trust policy	460932500	collect=499959,pre-reconstruct=7863000,normalize=4836417,monomorphize=25041,instantiate=14625,translate=19837958,solve=427855500	
plean	crush-verify	1	Examples/TwoPhaseCommit.lean|TwoPhaseCommit.Coordinator.WaitForResponses.eNo_correct_of_safety_safety_using_commit_sent	TwoPhaseCommit.Coordinator.WaitForResponses.eNo_correct_of_safety_safety_using_commit_sent	16544938116920668609	unknown	not-attempted	solver exited without a verdict: cvc5 interrupted by timeout.	5439556874	collect=252000,pre-reconstruct=1417791,normalize=3513416,monomorphize=24375,instantiate=15042,translate=15879458,solve=5418454792	
plean	crush-verify	1	Examples/TwoPhaseCommit.lean|TwoPhaseCommit.Coordinator.WaitForResponses.eNo_correct_of_safety_safety_using_commit_sent	TwoPhaseCommit.Coordinator.WaitForResponses.eNo_correct_of_safety_safety_using_commit_sent	16544938116920668609	verified	not-requested	solver returned unsat; closed under the trust policy	465425418	collect=398542,pre-reconstruct=1799000,normalize=5326667,monomorphize=22417,instantiate=13959,translate=21173250,solve=436691583	
plean	crush-verify	1	Examples/TwoPhaseCommit.lean|TwoPhaseCommit.Coordinator.WaitForResponses.eNo_correct_of_safety_safety_using_commit_sent	TwoPhaseCommit.Coordinator.WaitForResponses.eNo_correct_of_safety_safety_using_commit_sent	3663896596369207448	verified	not-requested	solver returned unsat; closed under the trust policy	474306874	collect=557791,pre-reconstruct=857500,normalize=5120750,monomorphize=23792,instantiate=14958,translate=19412208,solve=448319875	
plean	crush-verify	1	Examples/TwoPhaseCommit.lean|TwoPhaseCommit.Coordinator.WaitForResponses.eNo_correct_of_safety_safety_using_commit_sent	TwoPhaseCommit.Coordinator.WaitForResponses.eNo_correct_of_safety_safety_using_commit_sent	169441211374121931	verified	not-requested	solver returned unsat; closed under the trust policy	457728415	collect=480458,pre-reconstruct=8254375,normalize=4799333,monomorphize=22166,instantiate=15583,translate=20024208,solve=424132292	
plean	crush-verify	1	Examples/TwoPhaseCommit.lean|TwoPhaseCommit.Coordinator.WaitForResponses.eNo_correct_of_safety_safety_using_commit_sent	TwoPhaseCommit.Coordinator.WaitForResponses.eNo_correct_of_safety_safety_using_commit_sent	11907710230033842077	unknown	not-attempted	solver exited without a verdict: cvc5 interrupted by timeout.	5438582666	collect=266792,pre-reconstruct=1592333,normalize=3803500,monomorphize=20875,instantiate=16958,translate=16880500,solve=5416001708	
plean	crush-verify	1	Examples/TwoPhaseCommit.lean|TwoPhaseCommit.Coordinator.WaitForResponses.eNo_correct_of_safety_safety_using_commit_sent	TwoPhaseCommit.Coordinator.WaitForResponses.eNo_correct_of_safety_safety_using_commit_sent	627119205886132577	verified	not-requested	solver returned unsat; closed under the trust policy	461658125	collect=339209,pre-reconstruct=816291,normalize=3700208,monomorphize=22500,instantiate=11750,translate=17115209,solve=439652958	
plean	crush-verify	1	Examples/TwoPhaseCommit.lean|TwoPhaseCommit.Coordinator.WaitForResponses.eNo_correct_of_safety_safety_using_commit_sent	TwoPhaseCommit.Coordinator.WaitForResponses.eNo_correct_of_safety_safety_using_commit_sent	627119205886132577	verified	not-requested	solver returned unsat; closed under the trust policy	471312417	collect=427042,pre-reconstruct=1087209,normalize=4050500,monomorphize=23500,instantiate=15000,translate=16544500,solve=449164666	
plean	crush-verify	1	Examples/TwoPhaseCommit.lean|TwoPhaseCommit.Coordinator.WaitForResponses.eNo_correct_of_safety_safety_using_commit_sent	TwoPhaseCommit.Coordinator.WaitForResponses.eNo_correct_of_safety_safety_using_commit_sent	8236911049903588693	unknown	not-attempted	no reason given	1861427791	collect=434583,pre-reconstruct=4568167,normalize=3980250,monomorphize=24583,instantiate=16083,translate=15617500,solve=1836786625	
plean	crush-verify	1	Examples/TwoPhaseCommit.lean|TwoPhaseCommit.Coordinator.WaitForResponses.eNo_correct_of_safety_safety_using_commit_sent	TwoPhaseCommit.Coordinator.WaitForResponses.eNo_correct_of_safety_safety_using_commit_sent	627119205886132577	verified	not-requested	solver returned unsat; closed under the trust policy	477067417	collect=330250,pre-reconstruct=1014000,normalize=3739958,monomorphize=25625,instantiate=17125,translate=31181500,solve=440758959	
plean	crush-verify	1	Examples/TwoPhaseCommit.lean|TwoPhaseCommit.Coordinator.WaitForResponses.eNo_correct_of_safety_safety_using_commit_sent	TwoPhaseCommit.Coordinator.WaitForResponses.eNo_correct_of_safety_safety_using_commit_sent	627119205886132577	verified	not-requested	solver returned unsat; closed under the trust policy	450377667	collect=453375,pre-reconstruct=1041959,normalize=3783542,monomorphize=23625,instantiate=14791,translate=17766125,solve=427294250	
plean	crush-verify	1	Examples/TwoPhaseCommit.lean|TwoPhaseCommit.Coordinator.WaitForResponses.eNo_correct_of_safety_safety_using_commit_sent	TwoPhaseCommit.Coordinator.WaitForResponses.eNo_correct_of_safety_safety_using_commit_sent	8236911049903588693	unknown	not-attempted	no reason given	1836002373	collect=420042,pre-reconstruct=3896291,normalize=3359458,monomorphize=20041,instantiate=14041,translate=14932875,solve=1813359625	
plean	crush-verify	1	Examples/TwoPhaseCommit.lean|TwoPhaseCommit.Coordinator.WaitForResponses.eNo_correct_of_safety_safety_using_commit_sent	TwoPhaseCommit.Coordinator.WaitForResponses.eNo_correct_of_safety_safety_using_commit_sent	627119205886132577	verified	not-requested	solver returned unsat; closed under the trust policy	444955751	collect=308042,pre-reconstruct=897584,normalize=3799875,monomorphize=23917,instantiate=20625,translate=17372583,solve=422533125	
plean	crush-verify	1	Examples/TwoPhaseCommit.lean|TwoPhaseCommit.Coordinator.WaitForResponses.eNo_correct_of_safety_safety_using_commit_sent	TwoPhaseCommit.Coordinator.WaitForResponses.eNo_correct_of_safety_safety_using_commit_sent	627119205886132577	verified	not-requested	solver returned unsat; closed under the trust policy	453513000	collect=312875,pre-reconstruct=824833,normalize=3415625,monomorphize=23125,instantiate=18709,translate=17578417,solve=431339416	
plean	crush-verify	1	Examples/TwoPhaseCommit.lean|TwoPhaseCommit.Coordinator.WaitForResponses.eNo_correct_of_safety_safety_using_commit_sent	TwoPhaseCommit.Coordinator.WaitForResponses.eNo_correct_of_safety_safety_using_commit_sent	4603268118125486097	verified	not-requested	solver returned unsat; closed under the trust policy	434180999	collect=266541,pre-reconstruct=737125,normalize=2955875,monomorphize=19208,instantiate=14125,translate=15365375,solve=414822750	
plean	crush-verify	1	Examples/TwoPhaseCommit.lean|TwoPhaseCommit.Coordinator.WaitForResponses.eNo_correct_of_safety_safety_using_commit_sent	TwoPhaseCommit.Coordinator.WaitForResponses.eNo_correct_of_safety_safety_using_commit_sent	4519860779536265759	unknown	not-attempted	no reason given	1834633000	collect=477750,pre-reconstruct=4786000,normalize=3606709,monomorphize=20916,instantiate=15459,translate=14715000,solve=1811011166	
plean	crush-verify	1	Examples/TwoPhaseCommit.lean|TwoPhaseCommit.Coordinator.WaitForResponses.eNo_correct_of_safety_safety_using_commit_sent	TwoPhaseCommit.Coordinator.WaitForResponses.eNo_correct_of_safety_safety_using_commit_sent	627119205886132577	verified	not-requested	solver returned unsat; closed under the trust policy	447859042	collect=401458,pre-reconstruct=981792,normalize=4029542,monomorphize=23375,instantiate=18750,translate=17838958,solve=424565167	
plean	crush-verify	1	Examples/TwoPhaseCommit.lean|TwoPhaseCommit.Coordinator.WaitForResponses.eNo_correct_of_safety_safety_using_commit_sent	TwoPhaseCommit.Coordinator.WaitForResponses.eNo_correct_of_safety_safety_using_commit_sent	627119205886132577	verified	not-requested	solver returned unsat; closed under the trust policy	445990041	collect=334292,pre-reconstruct=871083,normalize=3549625,monomorphize=21875,instantiate=16666,translate=17044875,solve=424151625	
plean	crush-verify	1	Examples/TwoPhaseCommit.lean|TwoPhaseCommit.Coordinator.WaitForResponses.eNo_correct_of_safety_safety_using_commit_sent	TwoPhaseCommit.Coordinator.WaitForResponses.eNo_correct_of_safety_safety_using_commit_sent	8236911049903588693	unknown	not-attempted	no reason given	1863792666	collect=270250,pre-reconstruct=1992958,normalize=3573042,monomorphize=24708,instantiate=18583,translate=15634250,solve=1842278875	
plean	crush-verify	1	Examples/TwoPhaseCommit.lean|TwoPhaseCommit.Coordinator.WaitForResponses.eNo_correct_of_safety_safety_using_commit_sent	TwoPhaseCommit.Coordinator.WaitForResponses.eNo_correct_of_safety_safety_using_commit_sent	14328788366895590194	verified	not-requested	solver returned unsat; closed under the trust policy	485584834	collect=354333,pre-reconstruct=8155792,normalize=4981291,monomorphize=20834,instantiate=11625,translate=22510834,solve=449550125	
plean	crush-verify	1	Examples/TwoPhaseCommit.lean|TwoPhaseCommit.Coordinator.WaitForResponses.eNo_correct_of_safety_safety_using_commit_sent	TwoPhaseCommit.Coordinator.WaitForResponses.eNo_correct_of_safety_safety_using_commit_sent	16544938116920668609	unknown	not-attempted	solver exited without a verdict: cvc5 interrupted by timeout.	5438056250	collect=424833,pre-reconstruct=4520500,normalize=3598000,monomorphize=21667,instantiate=14458,translate=16363083,solve=5413113709	
plean	crush-verify	1	Examples/TwoPhaseCommit.lean|TwoPhaseCommit.Coordinator.WaitForResponses.eNo_correct_of_safety_safety_using_commit_sent	TwoPhaseCommit.Coordinator.WaitForResponses.eNo_correct_of_safety_safety_using_commit_sent	14328788366895590194	verified	not-requested	solver returned unsat; closed under the trust policy	491065042	collect=377167,pre-reconstruct=8598125,normalize=5336334,monomorphize=23416,instantiate=15708,translate=24188750,solve=452525542	
plean	crush-verify	1	Examples/TwoPhaseCommit.lean|TwoPhaseCommit.Coordinator.WaitForResponses.eNo_correct_of_safety_safety_using_commit_sent	TwoPhaseCommit.Coordinator.WaitForResponses.eNo_correct_of_safety_safety_using_commit_sent	16544938116920668609	unknown	not-attempted	solver exited without a verdict: cvc5 interrupted by timeout.	5451596791	collect=453250,pre-reconstruct=4136500,normalize=3719542,monomorphize=21125,instantiate=14583,translate=15629750,solve=5427622041	
plean	crush-verify	1	Examples/TwoPhaseCommit.lean|TwoPhaseCommit.Coordinator.WaitForResponses.eNo_correct_of_safety_safety_using_commit_sent	TwoPhaseCommit.Coordinator.WaitForResponses.eNo_correct_of_safety_safety_using_commit_sent	16544938116920668609	verified	not-requested	solver returned unsat; closed under the trust policy	460917209	collect=345417,pre-reconstruct=1669542,normalize=4829292,monomorphize=22250,instantiate=16000,translate=21508333,solve=432526375	
plean	crush-verify	1	Examples/TwoPhaseCommit.lean|TwoPhaseCommit.Coordinator.WaitForResponses.eNo_correct_of_safety_safety_using_commit_sent	TwoPhaseCommit.Coordinator.WaitForResponses.eNo_correct_of_safety_safety_using_commit_sent	11269035718580243533	verified	not-requested	solver returned unsat; closed under the trust policy	453231917	collect=516459,pre-reconstruct=809291,normalize=4756000,monomorphize=21125,instantiate=14292,translate=18948875,solve=428165875	
plean	crush-verify	1	Examples/TwoPhaseCommit.lean|TwoPhaseCommit.Coordinator.WaitForResponses.eNo_correct_of_safety_safety_using_commit_sent	TwoPhaseCommit.Coordinator.WaitForResponses.eNo_correct_of_safety_safety_using_commit_sent	16316480181442834656	verified	not-requested	solver returned unsat; closed under the trust policy	463677374	collect=472083,pre-reconstruct=6634000,normalize=4797250,monomorphize=22791,instantiate=14208,translate=19452625,solve=432284417	
plean	crush-verify	1	Examples/TwoPhaseCommit.lean|TwoPhaseCommit.Coordinator.WaitForResponses.eNo_correct_of_safety_safety_using_commit_sent	TwoPhaseCommit.Coordinator.WaitForResponses.eNo_correct_of_safety_safety_using_commit_sent	16544938116920668609	unknown	not-attempted	solver exited without a verdict: cvc5 interrupted by timeout.	5437597584	collect=274250,pre-reconstruct=1794042,normalize=4037875,monomorphize=26083,instantiate=15125,translate=17284084,solve=5414166125	
plean	crush-verify	1	Examples/TwoPhaseCommit.lean|TwoPhaseCommit.Coordinator.WaitForResponses.eNo_correct_of_safety_safety_using_commit_sent	TwoPhaseCommit.Coordinator.WaitForResponses.eNo_correct_of_safety_safety_using_commit_sent	16544938116920668609	verified	not-requested	solver returned unsat; closed under the trust policy	458491623	collect=411834,pre-reconstruct=1814750,normalize=5417208,monomorphize=23791,instantiate=23083,translate=20371916,solve=430429041	
plean	crush-verify	1	Examples/TwoPhaseCommit.lean|TwoPhaseCommit.Coordinator.WaitForResponses.eNo_correct_of_safety_safety_using_commit_sent	TwoPhaseCommit.Coordinator.WaitForResponses.eNo_correct_of_safety_safety_using_commit_sent	3663896596369207448	verified	not-requested	solver returned unsat; closed under the trust policy	461826960	collect=498000,pre-reconstruct=711709,normalize=4704084,monomorphize=20583,instantiate=16709,translate=19222959,solve=436652916	
plean	crush-verify	1	Examples/TwoPhaseCommit.lean|TwoPhaseCommit.Coordinator.WaitForResponses.eNo_correct_of_safety_safety_using_commit_sent	TwoPhaseCommit.Coordinator.WaitForResponses.eNo_correct_of_safety_safety_using_commit_sent	169441211374121931	verified	not-requested	solver returned unsat; closed under the trust policy	446872790	collect=480042,pre-reconstruct=5920833,normalize=5047916,monomorphize=25250,instantiate=15291,translate=19545750,solve=415837708	
plean	crush-verify	1	Examples/TwoPhaseCommit.lean|TwoPhaseCommit.Coordinator.WaitForResponses.eNo_correct_of_safety_safety_using_commit_sent	TwoPhaseCommit.Coordinator.WaitForResponses.eNo_correct_of_safety_safety_using_commit_sent	11907710230033842077	unknown	not-attempted	solver exited without a verdict: cvc5 interrupted by timeout.	5438048961	collect=264375,pre-reconstruct=1601625,normalize=3501709,monomorphize=22209,instantiate=15334,translate=15645000,solve=5416998709	
plean	crush-verify	1	Examples/TwoPhaseCommit.lean|TwoPhaseCommit.Coordinator.WaitForResponses.eNo_correct_of_safety_safety_using_commit_sent	TwoPhaseCommit.Coordinator.WaitForResponses.eNo_correct_of_safety_safety_using_commit_sent	14328788366895590194	verified	not-requested	solver returned unsat; closed under the trust policy	492391375	collect=307708,pre-reconstruct=7305333,normalize=4840709,monomorphize=19708,instantiate=12167,translate=24113875,solve=455791875	
plean	crush-verify	1	Examples/TwoPhaseCommit.lean|TwoPhaseCommit.Coordinator.WaitForResponses.eNo_correct_of_safety_safety_using_commit_sent	TwoPhaseCommit.Coordinator.WaitForResponses.eNo_correct_of_safety_safety_using_commit_sent	16544938116920668609	unknown	not-attempted	solver exited without a verdict: cvc5 interrupted by timeout.	5443716544	collect=464959,pre-reconstruct=4409500,normalize=4101167,monomorphize=24125,instantiate=16334,translate=16459292,solve=5418241167	
plean	crush-verify	1	Examples/TwoPhaseCommit.lean|TwoPhaseCommit.Coordinator.WaitForResponses.eNo_correct_of_safety_safety_using_commit_sent	TwoPhaseCommit.Coordinator.WaitForResponses.eNo_correct_of_safety_safety_using_commit_sent	14328788366895590194	verified	not-requested	solver returned unsat; closed under the trust policy	492457165	collect=363291,pre-reconstruct=7882250,normalize=5516208,monomorphize=19875,instantiate=15541,translate=22695041,solve=455964959	
plean	crush-verify	1	Examples/TwoPhaseCommit.lean|TwoPhaseCommit.Coordinator.WaitForResponses.eNo_correct_of_safety_safety_using_commit_sent	TwoPhaseCommit.Coordinator.WaitForResponses.eNo_correct_of_safety_safety_using_commit_sent	16544938116920668609	unknown	not-attempted	solver exited without a verdict: cvc5 interrupted by timeout.	5436007710	collect=441917,pre-reconstruct=3277292,normalize=4605792,monomorphize=21250,instantiate=16334,translate=15646791,solve=5411998334	
plean	crush-verify	1	Examples/TwoPhaseCommit.lean|TwoPhaseCommit.Coordinator.WaitForResponses.eNo_correct_of_safety_safety_using_commit_sent	TwoPhaseCommit.Coordinator.WaitForResponses.eNo_correct_of_safety_safety_using_commit_sent	16544938116920668609	verified	not-requested	solver returned unsat; closed under the trust policy	463671166	collect=310042,pre-reconstruct=1609833,normalize=4641333,monomorphize=22083,instantiate=17708,translate=20177083,solve=436893084	
plean	crush-verify	1	Examples/TwoPhaseCommit.lean|TwoPhaseCommit.Coordinator.WaitForResponses.eNo_correct_of_safety_safety_using_commit_sent	TwoPhaseCommit.Coordinator.WaitForResponses.eNo_correct_of_safety_safety_using_commit_sent	11269035718580243533	verified	not-requested	solver returned unsat; closed under the trust policy	454001833	collect=527333,pre-reconstruct=747000,normalize=4697584,monomorphize=21583,instantiate=13875,translate=19352250,solve=428642208	
plean	crush-verify	1	Examples/TwoPhaseCommit.lean|TwoPhaseCommit.Coordinator.WaitForResponses.eNo_correct_of_safety_safety_using_commit_sent	TwoPhaseCommit.Coordinator.WaitForResponses.eNo_correct_of_safety_safety_using_commit_sent	16316480181442834656	verified	not-requested	solver returned unsat; closed under the trust policy	453255999	collect=480667,pre-reconstruct=6509750,normalize=4901333,monomorphize=21875,instantiate=15458,translate=19512833,solve=421814083	
plean	crush-verify	1	Examples/TwoPhaseCommit.lean|TwoPhaseCommit.Coordinator.WaitForResponses.eNo_correct_of_safety_safety_using_commit_sent	TwoPhaseCommit.Coordinator.WaitForResponses.eNo_correct_of_safety_safety_using_commit_sent	16544938116920668609	unknown	not-attempted	solver exited without a verdict: cvc5 interrupted by timeout.	5432982166	collect=266375,pre-reconstruct=1409417,normalize=3456375,monomorphize=28375,instantiate=16333,translate=15854833,solve=5411950458	
plean	crush-verify	1	Examples/TwoPhaseCommit.lean|TwoPhaseCommit.Coordinator.WaitForResponses.eNo_correct_of_safety_safety_using_commit_sent	TwoPhaseCommit.Coordinator.WaitForResponses.eNo_correct_of_safety_safety_using_commit_sent	16544938116920668609	verified	not-requested	solver returned unsat; closed under the trust policy	452539834	collect=333375,pre-reconstruct=1542292,normalize=4763125,monomorphize=23208,instantiate=17417,translate=21488167,solve=424372250	
plean	crush-verify	1	Examples/TwoPhaseCommit.lean|TwoPhaseCommit.Coordinator.WaitForResponses.eNo_correct_of_safety_safety_using_commit_sent	TwoPhaseCommit.Coordinator.WaitForResponses.eNo_correct_of_safety_safety_using_commit_sent	3663896596369207448	verified	not-requested	solver returned unsat; closed under the trust policy	446300957	collect=480375,pre-reconstruct=663000,normalize=4570333,monomorphize=20500,instantiate=13041,translate=19072791,solve=421480917	
plean	crush-verify	1	Examples/TwoPhaseCommit.lean|TwoPhaseCommit.Coordinator.WaitForResponses.eNo_correct_of_safety_safety_using_commit_sent	TwoPhaseCommit.Coordinator.WaitForResponses.eNo_correct_of_safety_safety_using_commit_sent	169441211374121931	verified	not-requested	solver returned unsat; closed under the trust policy	452360501	collect=455375,pre-reconstruct=5448666,normalize=4535541,monomorphize=23709,instantiate=15459,translate=19845584,solve=422036167	
plean	crush-verify	1	Examples/TwoPhaseCommit.lean|TwoPhaseCommit.Coordinator.WaitForResponses.eNo_correct_of_safety_safety_using_commit_sent	TwoPhaseCommit.Coordinator.WaitForResponses.eNo_correct_of_safety_safety_using_commit_sent	11907710230033842077	unknown	not-attempted	solver exited without a verdict: cvc5 interrupted by timeout.	5432353210	collect=261959,pre-reconstruct=1419750,normalize=3404875,monomorphize=22084,instantiate=14459,translate=15583208,solve=5411646875	
plean	crush-verify	1	Examples/TwoPhaseCommit.lean|TwoPhaseCommit.Coordinator.Init.entry_correct_of_safety_safety_using_commit_sent	TwoPhaseCommit.Coordinator.Init.entry_correct_of_safety_safety_using_commit_sent	10238892770241185239	verified	not-requested	solver returned unsat; closed under the trust policy	478787417	collect=458375,pre-reconstruct=7236083,normalize=4911167,monomorphize=26334,instantiate=17958,translate=23119583,solve=443017917	
plean	crush-verify	1	Examples/TwoPhaseCommit.lean|TwoPhaseCommit.Coordinator.Init.entry_correct_of_safety_safety_using_commit_sent	TwoPhaseCommit.Coordinator.Init.entry_correct_of_safety_safety_using_commit_sent	16544938116920668609	unknown	not-attempted	no reason given	2793582582	collect=426875,pre-reconstruct=4810458,normalize=3663958,monomorphize=20375,instantiate=15583,translate=15431333,solve=2769214000	
plean	crush-verify	1	Examples/TwoPhaseCommit.lean|TwoPhaseCommit.Coordinator.Init.entry_correct_of_safety_safety_using_commit_sent	TwoPhaseCommit.Coordinator.Init.entry_correct_of_safety_safety_using_commit_sent	10238892770241185239	verified	not-requested	solver returned unsat; closed under the trust policy	478439916	collect=295458,pre-reconstruct=8112625,normalize=5110666,monomorphize=19959,instantiate=16458,translate=21278708,solve=443606042	
plean	crush-verify	1	Examples/TwoPhaseCommit.lean|TwoPhaseCommit.Coordinator.Init.entry_correct_of_safety_safety_using_commit_sent	TwoPhaseCommit.Coordinator.Init.entry_correct_of_safety_safety_using_commit_sent	16544938116920668609	unknown	not-attempted	no reason given	2791247332	collect=484833,pre-reconstruct=4260958,normalize=3503292,monomorphize=19208,instantiate=16458,translate=14125583,solve=2768837000	
plean	crush-verify	1	Examples/TwoPhaseCommit.lean|TwoPhaseCommit.Coordinator.Init.entry_correct_of_safety_safety_using_commit_sent	TwoPhaseCommit.Coordinator.Init.entry_correct_of_safety_safety_using_commit_sent	16544938116920668609	verified	not-requested	solver returned unsat; closed under the trust policy	451722377	collect=272458,pre-reconstruct=1413000,normalize=4453834,monomorphize=20792,instantiate=15292,translate=18719917,solve=426827084	
plean	crush-verify	1	Examples/TwoPhaseCommit.lean|TwoPhaseCommit.Coordinator.Init.entry_correct_of_safety_safety_using_commit_sent	TwoPhaseCommit.Coordinator.Init.entry_correct_of_safety_safety_using_commit_sent	11269035718580243533	verified	not-requested	solver returned unsat; closed under the trust policy	455762918	collect=494250,pre-reconstruct=796417,normalize=4752000,monomorphize=18542,instantiate=13292,translate=18669250,solve=431019167	
plean	crush-verify	1	Examples/TwoPhaseCommit.lean|TwoPhaseCommit.Coordinator.Init.entry_correct_of_safety_safety_using_commit_sent	TwoPhaseCommit.Coordinator.Init.entry_correct_of_safety_safety_using_commit_sent	17743988793785745605	verified	not-requested	solver returned unsat; closed under the trust policy	446201751	collect=527625,pre-reconstruct=7904500,normalize=5014000,monomorphize=25000,instantiate=17875,translate=17987709,solve=414725042	
plean	crush-verify	1	Examples/TwoPhaseCommit.lean|TwoPhaseCommit.Coordinator.Init.entry_correct_of_safety_safety_using_commit_sent	TwoPhaseCommit.Coordinator.Init.entry_correct_of_safety_safety_using_commit_sent	16544938116920668609	unknown	not-attempted	no reason given	2839157501	collect=237500,pre-reconstruct=1420084,normalize=3179917,monomorphize=20333,instantiate=13959,translate=14376291,solve=2819909417	
plean	crush-verify	1	Examples/TwoPhaseCommit.lean|TwoPhaseCommit.Coordinator.Init.entry_correct_of_safety_safety_using_commit_sent	TwoPhaseCommit.Coordinator.Init.entry_correct_of_safety_safety_using_commit_sent	16544938116920668609	verified	not-requested	solver returned unsat; closed under the trust policy	465238085	collect=328375,pre-reconstruct=1916792,normalize=5680625,monomorphize=22917,instantiate=20667,translate=20072917,solve=437195792	
plean	crush-verify	1	Examples/TwoPhaseCommit.lean|TwoPhaseCommit.Coordinator.Init.entry_correct_of_safety_safety_using_commit_sent	TwoPhaseCommit.Coordinator.Init.entry_correct_of_safety_safety_using_commit_sent	3663896596369207448	verified	not-requested	solver returned unsat; closed under the trust policy	457825289	collect=486958,pre-reconstruct=815958,normalize=4749083,monomorphize=18458,instantiate=13666,translate=17639708,solve=434101458	
plean	crush-verify	1	Examples/TwoPhaseCommit.lean|TwoPhaseCommit.Coordinator.Init.entry_correct_of_safety_safety_using_commit_sent	TwoPhaseCommit.Coordinator.Init.entry_correct_of_safety_safety_using_commit_sent	17468433773464704659	verified	not-requested	solver returned unsat; closed under the trust policy	451801291	collect=451292,pre-reconstruct=6272750,normalize=4434167,monomorphize=27750,instantiate=18291,translate=17724750,solve=422872291	
plean	crush-verify	1	Examples/TwoPhaseCommit.lean|TwoPhaseCommit.Coordinator.Init.entry_correct_of_safety_safety_using_commit_sent	TwoPhaseCommit.Coordinator.Init.entry_correct_of_safety_safety_using_commit_sent	16762529229697648496	unknown	not-attempted	no reason given	2923249456	collect=238625,pre-reconstruct=1322041,normalize=3217625,monomorphize=18666,instantiate=13667,translate=14984416,solve=2903454416	
plean	crush-verify	1	Examples/TwoPhaseCommit.lean|TwoPhaseCommit.Coordinator.Init.entry_correct_of_safety_safety_using_commit_sent	TwoPhaseCommit.Coordinator.Init.entry_correct_of_safety_safety_using_commit_sent	627119205886132577	verified	not-requested	solver returned unsat; closed under the trust policy	446842917	collect=252000,pre-reconstruct=701125,normalize=3390625,monomorphize=20500,instantiate=11417,translate=15976125,solve=426491125	
plean	crush-verify	1	Examples/TwoPhaseCommit.lean|TwoPhaseCommit.Coordinator.Init.entry_correct_of_safety_safety_using_commit_sent	TwoPhaseCommit.Coordinator.Init.entry_correct_of_safety_safety_using_commit_sent	627119205886132577	verified	not-requested	solver returned unsat; closed under the trust policy	443728623	collect=383625,pre-reconstruct=857125,normalize=3374333,monomorphize=20125,instantiate=15541,translate=14648708,solve=424429166	
plean	crush-verify	1	Examples/TwoPhaseCommit.lean|TwoPhaseCommit.Coordinator.Init.entry_correct_of_safety_safety_using_commit_sent	TwoPhaseCommit.Coordinator.Init.entry_correct_of_safety_safety_using_commit_sent	12046566145604182226	selected-fact	not-attempted	closed from a selected Lean fact	338375	collect=338375	
plean	crush-verify	1	Examples/TwoPhaseCommit.lean|TwoPhaseCommit.Coordinator.Init.entry_correct_of_safety_safety_using_commit_sent	TwoPhaseCommit.Coordinator.Init.entry_correct_of_safety_safety_using_commit_sent	9909793585723607952	selected-fact	not-attempted	closed from a selected Lean fact	160584	collect=160584	
plean	crush-verify	1	Examples/TwoPhaseCommit.lean|TwoPhaseCommit.Coordinator.Init.entry_correct_of_safety_safety_using_commit_sent	TwoPhaseCommit.Coordinator.Init.entry_correct_of_safety_safety_using_commit_sent	13137414707843300806	selected-fact	not-attempted	closed from a selected Lean fact	184375	collect=184375	
plean	crush-verify	1	Examples/TwoPhaseCommit.lean|TwoPhaseCommit.Coordinator.Init.entry_correct_of_safety_safety_using_commit_sent	TwoPhaseCommit.Coordinator.Init.entry_correct_of_safety_safety_using_commit_sent	17949712576744242606	selected-fact	not-attempted	closed from a selected Lean fact	158542	collect=158542	
plean	crush-verify	1	Examples/TwoPhaseCommit.lean|TwoPhaseCommit.Coordinator.Init.entry_correct_of_safety_safety_using_commit_sent	TwoPhaseCommit.Coordinator.Init.entry_correct_of_safety_safety_using_commit_sent	627119205886132577	verified	not-requested	solver returned unsat; closed under the trust policy	441785250	collect=310625,pre-reconstruct=778292,normalize=3969375,monomorphize=21792,instantiate=19041,translate=16762750,solve=419923375	
plean	crush-verify	1	Examples/TwoPhaseCommit.lean|TwoPhaseCommit.Coordinator.Init.entry_correct_of_safety_safety_using_commit_sent	TwoPhaseCommit.Coordinator.Init.entry_correct_of_safety_safety_using_commit_sent	627119205886132577	verified	not-requested	solver returned unsat; closed under the trust policy	442440792	collect=440208,pre-reconstruct=1011667,normalize=3813083,monomorphize=20334,instantiate=15208,translate=15905209,solve=421235083	
plean	crush-verify	1	Examples/TwoPhaseCommit.lean|TwoPhaseCommit.Coordinator.Init.entry_correct_of_safety_safety_using_commit_sent	TwoPhaseCommit.Coordinator.Init.entry_correct_of_safety_safety_using_commit_sent	12046566145604182226	selected-fact	not-attempted	closed from a selected Lean fact	354750	collect=354750	
plean	crush-verify	1	Examples/TwoPhaseCommit.lean|TwoPhaseCommit.Coordinator.Init.entry_correct_of_safety_safety_using_commit_sent	TwoPhaseCommit.Coordinator.Init.entry_correct_of_safety_safety_using_commit_sent	9909793585723607952	selected-fact	not-attempted	closed from a selected Lean fact	166542	collect=166542	
plean	crush-verify	1	Examples/TwoPhaseCommit.lean|TwoPhaseCommit.Coordinator.Init.entry_correct_of_safety_safety_using_commit_sent	TwoPhaseCommit.Coordinator.Init.entry_correct_of_safety_safety_using_commit_sent	13137414707843300806	selected-fact	not-attempted	closed from a selected Lean fact	160250	collect=160250	
plean	crush-verify	1	Examples/TwoPhaseCommit.lean|TwoPhaseCommit.Coordinator.Init.entry_correct_of_safety_safety_using_commit_sent	TwoPhaseCommit.Coordinator.Init.entry_correct_of_safety_safety_using_commit_sent	17949712576744242606	selected-fact	not-attempted	closed from a selected Lean fact	161958	collect=161958	
plean	crush-verify	1	Examples/TwoPhaseCommit.lean|TwoPhaseCommit.Coordinator.Init.entry_correct_of_safety_safety_using_commit_sent	TwoPhaseCommit.Coordinator.Init.entry_correct_of_safety_safety_using_commit_sent	627119205886132577	verified	not-requested	solver returned unsat; closed under the trust policy	438476792	collect=242625,pre-reconstruct=769917,normalize=3522375,monomorphize=21375,instantiate=18084,translate=15766000,solve=418136416	
plean	crush-verify	1	Examples/TwoPhaseCommit.lean|TwoPhaseCommit.Coordinator.Init.entry_correct_of_safety_safety_using_commit_sent	TwoPhaseCommit.Coordinator.Init.entry_correct_of_safety_safety_using_commit_sent	627119205886132577	verified	not-requested	solver returned unsat; closed under the trust policy	444424957	collect=406042,pre-reconstruct=1459000,normalize=3598708,monomorphize=20041,instantiate=14125,translate=14892833,solve=424034208	
plean	crush-verify	1	Examples/TwoPhaseCommit.lean|TwoPhaseCommit.Coordinator.Init.entry_correct_of_safety_safety_using_commit_sent	TwoPhaseCommit.Coordinator.Init.entry_correct_of_safety_safety_using_commit_sent	12046566145604182226	selected-fact	not-attempted	closed from a selected Lean fact	442584	collect=442584	
plean	crush-verify	1	Examples/TwoPhaseCommit.lean|TwoPhaseCommit.Coordinator.Init.entry_correct_of_safety_safety_using_commit_sent	TwoPhaseCommit.Coordinator.Init.entry_correct_of_safety_safety_using_commit_sent	9909793585723607952	selected-fact	not-attempted	closed from a selected Lean fact	177000	collect=177000	
plean	crush-verify	1	Examples/TwoPhaseCommit.lean|TwoPhaseCommit.Coordinator.Init.entry_correct_of_safety_safety_using_commit_sent	TwoPhaseCommit.Coordinator.Init.entry_correct_of_safety_safety_using_commit_sent	13137414707843300806	selected-fact	not-attempted	closed from a selected Lean fact	185458	collect=185458	
plean	crush-verify	1	Examples/TwoPhaseCommit.lean|TwoPhaseCommit.Coordinator.Init.entry_correct_of_safety_safety_using_commit_sent	TwoPhaseCommit.Coordinator.Init.entry_correct_of_safety_safety_using_commit_sent	17949712576744242606	selected-fact	not-attempted	closed from a selected Lean fact	166625	collect=166625	
plean	crush-verify	1	Examples/TwoPhaseCommit.lean|TwoPhaseCommit.Coordinator.Init.entry_correct_of_safety_safety_using_commit_sent	TwoPhaseCommit.Coordinator.Init.entry_correct_of_safety_safety_using_commit_sent	627119205886132577	unknown	not-attempted	solver exited without a verdict: cvc5 interrupted by timeout.	5441440708	collect=334125,pre-reconstruct=1044708,normalize=6388834,monomorphize=24750,instantiate=19000,translate=24181500,solve=5409447791	
plean	crush-verify	1	Examples/TwoPhaseCommit.lean|TwoPhaseCommit.Coordinator.Init.entry_correct_of_safety_safety_using_commit_sent	TwoPhaseCommit.Coordinator.Init.entry_correct_of_safety_safety_using_commit_sent	627119205886132577	unknown	not-attempted	solver exited without a verdict: cvc5 interrupted by timeout.	5440194291	collect=338875,pre-reconstruct=942500,normalize=6272500,monomorphize=21625,instantiate=16458,translate=23985333,solve=5408617000	
plean	crush-verify	1	Examples/TwoPhaseCommit.lean|TwoPhaseCommit.Coordinator.Init.entry_correct_of_safety_safety_using_commit_sent	TwoPhaseCommit.Coordinator.Init.entry_correct_of_safety_safety_using_commit_sent	627119205886132577	unknown	not-attempted	solver exited without a verdict: cvc5 interrupted by timeout.	5423775375	collect=212666,pre-reconstruct=718167,normalize=314750,monomorphize=16708,instantiate=16167,translate=13760667,solve=5408736250	
plean	crush-verify	1	Examples/TwoPhaseCommit.lean|TwoPhaseCommit.Coordinator.Init.entry_correct_of_safety_safety_using_commit_sent	TwoPhaseCommit.Coordinator.Init.entry_correct_of_safety_safety_using_commit_sent	627119205886132577	unknown	not-attempted	solver exited without a verdict: cvc5 interrupted by timeout.	5443166124	collect=393166,pre-reconstruct=985041,normalize=6335291,monomorphize=22292,instantiate=19375,translate=26389042,solve=5409021917	
plean	crush-verify	1	Examples/TwoPhaseCommit.lean|TwoPhaseCommit.Coordinator.Init.entry_correct_of_safety_safety_using_commit_sent	TwoPhaseCommit.Coordinator.Init.entry_correct_of_safety_safety_using_commit_sent	627119205886132577	verified	not-requested	solver returned unsat; closed under the trust policy	472284585	collect=314708,pre-reconstruct=951917,normalize=6475459,monomorphize=24333,instantiate=11709,translate=24794959,solve=439711500	
plean	crush-verify	1	Examples/TwoPhaseCommit.lean|TwoPhaseCommit.Participant.Undecided.eVoteReq_correct_of_safety_safety_using_commit_sent	TwoPhaseCommit.Participant.Undecided.eVoteReq_correct_of_safety_safety_using_commit_sent	627119205886132577	verified	not-requested	solver returned unsat; closed under the trust policy	454494415	collect=399708,pre-reconstruct=1277791,normalize=3920083,monomorphize=31750,instantiate=24333,translate=18589666,solve=430251084	
plean	crush-verify	1	Examples/TwoPhaseCommit.lean|TwoPhaseCommit.Participant.Undecided.eVoteReq_correct_of_safety_safety_using_commit_sent	TwoPhaseCommit.Participant.Undecided.eVoteReq_correct_of_safety_safety_using_commit_sent	627119205886132577	verified	not-requested	solver returned unsat; closed under the trust policy	444945667	collect=425167,pre-reconstruct=1396625,normalize=4108125,monomorphize=22875,instantiate=13167,translate=17115375,solve=421864333	
plean	crush-verify	1	Examples/TwoPhaseCommit.lean|TwoPhaseCommit.Participant.Undecided.eCommit_correct_of_safety_safety_using_commit_sent	TwoPhaseCommit.Participant.Undecided.eCommit_correct_of_safety_safety_using_commit_sent	627119205886132577	verified	not-requested	solver returned unsat; closed under the trust policy	472724165	collect=396791,pre-reconstruct=1013583,normalize=6783750,monomorphize=38500,instantiate=26375,translate=27098125,solve=437367041	
plean	crush-verify	1	Examples/TwoPhaseCommit.lean|TwoPhaseCommit.Participant.Undecided.eAbort_correct_of_safety_safety_using_commit_sent	TwoPhaseCommit.Participant.Undecided.eAbort_correct_of_safety_safety_using_commit_sent	627119205886132577	verified	not-requested	solver returned unsat; closed under the trust policy	467241667	collect=430291,pre-reconstruct=1079458,normalize=6513125,monomorphize=34500,instantiate=26000,translate=26167084,solve=432991209	
plean	crush-portfolio	1	Examples/TwoPhaseCommit.lean|TwoPhaseCommit.base_of_system_config_participant_set	TwoPhaseCommit.base_of_system_config_participant_set	3447196019152406883	core-reconstructed	certificate-error	core-directed reconstruction succeeded	533086709	collect=801792,pre-reconstruct=2930708,normalize=3953125,monomorphize=102458,instantiate=93292,translate=22249250,solve=460901125,replay=133917,reconstruct=41921042	
plean	crush-portfolio	1	Examples/TwoPhaseCommit.lean|TwoPhaseCommit.Coordinator.WaitForResponses.eYes_correct_of_system_config_system_config	TwoPhaseCommit.Coordinator.WaitForResponses.eYes_correct_of_system_config_system_config	4225373430424136924	unknown	not-attempted	solver exited without a verdict: cvc5 interrupted by timeout.	5436491166	collect=339208,pre-reconstruct=5803667,normalize=4227041,monomorphize=31791,instantiate=26542,translate=13362792,solve=5412700125	
plean	crush-portfolio	1	Examples/TwoPhaseCommit.lean|TwoPhaseCommit.Coordinator.WaitForResponses.eYes_correct_of_system_config_system_config	TwoPhaseCommit.Coordinator.WaitForResponses.eYes_correct_of_system_config_system_config	4225373430424136924	unknown	not-attempted	solver exited without a verdict: cvc5 interrupted by timeout.	5431734958	collect=350375,pre-reconstruct=4171208,normalize=4080583,monomorphize=21500,instantiate=19125,translate=12557459,solve=5410534708	
plean	crush-portfolio	1	Examples/TwoPhaseCommit.lean|TwoPhaseCommit.Coordinator.WaitForResponses.eYes_correct_of_system_config_system_config	TwoPhaseCommit.Coordinator.WaitForResponses.eYes_correct_of_system_config_system_config	5471309529939874078	unknown	not-attempted	solver exited without a verdict: cvc5 interrupted by timeout.	5439690584	collect=372125,pre-reconstruct=8348375,normalize=3443292,monomorphize=19667,instantiate=19500,translate=17172917,solve=5410314708	
plean	crush-portfolio	1	Examples/TwoPhaseCommit.lean|TwoPhaseCommit.Coordinator.WaitForResponses.eYes_correct_of_system_config_system_config	TwoPhaseCommit.Coordinator.WaitForResponses.eYes_correct_of_system_config_system_config	5471309529939874078	unknown	not-attempted	solver exited without a verdict: cvc5 interrupted by timeout.	5437600917	collect=324250,pre-reconstruct=8249750,normalize=3519542,monomorphize=18333,instantiate=18833,translate=17494917,solve=5407975292	
plean	crush-portfolio	1	Examples/TwoPhaseCommit.lean|TwoPhaseCommit.Coordinator.WaitForResponses.eYes_correct_of_system_config_system_config	TwoPhaseCommit.Coordinator.WaitForResponses.eYes_correct_of_system_config_system_config	3447196019152406883	pre-reconstructed	not-attempted	closed before SMT translation	1378166	collect=204208,pre-reconstruct=1173958	
plean	crush-portfolio	1	Examples/TwoPhaseCommit.lean|TwoPhaseCommit.Coordinator.WaitForResponses.eYes_correct_of_system_config_system_config	TwoPhaseCommit.Coordinator.WaitForResponses.eYes_correct_of_system_config_system_config	8236911049903588693	unknown	not-attempted	solver exited without a verdict: cvc5 interrupted by timeout.	5422269167	collect=152458,pre-reconstruct=4663833,normalize=1995667,monomorphize=17375,instantiate=13958,translate=11104042,solve=5404321834	
plean	crush-portfolio	1	Examples/TwoPhaseCommit.lean|TwoPhaseCommit.Coordinator.WaitForResponses.eYes_correct_of_system_config_system_config	TwoPhaseCommit.Coordinator.WaitForResponses.eYes_correct_of_system_config_system_config	3447196019152406883	pre-reconstructed	not-attempted	closed before SMT translation	1327166	collect=210458,pre-reconstruct=1116708	
plean	crush-portfolio	1	Examples/TwoPhaseCommit.lean|TwoPhaseCommit.Coordinator.WaitForResponses.eYes_correct_of_system_config_system_config	TwoPhaseCommit.Coordinator.WaitForResponses.eYes_correct_of_system_config_system_config	8236911049903588693	unknown	not-attempted	solver exited without a verdict: cvc5 interrupted by timeout.	5422716206	collect=151291,pre-reconstruct=2176708,normalize=1942125,monomorphize=17042,instantiate=17333,translate=10719791,solve=5407691916	
plean	crush-portfolio	1	Examples/TwoPhaseCommit.lean|TwoPhaseCommit.Coordinator.WaitForResponses.eYes_correct_of_system_config_system_config	TwoPhaseCommit.Coordinator.WaitForResponses.eYes_correct_of_system_config_system_config	3447196019152406883	pre-reconstructed	not-attempted	closed before SMT translation	1327541	collect=215125,pre-reconstruct=1112416	
plean	crush-portfolio	1	Examples/TwoPhaseCommit.lean|TwoPhaseCommit.Coordinator.WaitForResponses.eYes_correct_of_system_config_system_config	TwoPhaseCommit.Coordinator.WaitForResponses.eYes_correct_of_system_config_system_config	4603268118125486097	core-reconstructed	certificate-error	core-directed reconstruction succeeded	414720166	collect=160375,pre-reconstruct=957916,normalize=1777750,monomorphize=17375,instantiate=15542,translate=10459125,solve=400454625,replay=21417,reconstruct=856041	
plean	crush-portfolio	1	Examples/TwoPhaseCommit.lean|TwoPhaseCommit.Coordinator.WaitForResponses.eYes_correct_of_system_config_system_config	TwoPhaseCommit.Coordinator.WaitForResponses.eYes_correct_of_system_config_system_config	4519860779536265759	unknown	not-attempted	solver exited without a verdict: cvc5 interrupted by timeout.	5423004127	collect=348333,pre-reconstruct=2863625,normalize=2187792,monomorphize=17709,instantiate=15917,translate=10985042,solve=5406585709	
plean	crush-portfolio	1	Examples/TwoPhaseCommit.lean|TwoPhaseCommit.Coordinator.WaitForResponses.eYes_correct_of_system_config_system_config	TwoPhaseCommit.Coordinator.WaitForResponses.eYes_correct_of_system_config_system_config	3447196019152406883	pre-reconstructed	not-attempted	closed before SMT translation	1422250	collect=224958,pre-reconstruct=1197292	
plean	crush-portfolio	1	Examples/TwoPhaseCommit.lean|TwoPhaseCommit.Coordinator.WaitForResponses.eYes_correct_of_system_config_system_config	TwoPhaseCommit.Coordinator.WaitForResponses.eYes_correct_of_system_config_system_config	8236911049903588693	unknown	not-attempted	solver exited without a verdict: cvc5 interrupted by timeout.	5433888166	collect=177791,pre-reconstruct=2223000,normalize=1985500,monomorphize=18041,instantiate=16084,translate=10715750,solve=5418752000	
plean	crush-portfolio	1	Examples/TwoPhaseCommit.lean|TwoPhaseCommit.Coordinator.WaitForResponses.eYes_correct_of_system_config_system_config	TwoPhaseCommit.Coordinator.WaitForResponses.eYes_correct_of_system_config_system_config	4225373430424136924	unknown	not-attempted	solver exited without a verdict: cvc5 interrupted by timeout.	5439024542	collect=308750,pre-reconstruct=4576500,normalize=3940083,monomorphize=20333,instantiate=11584,translate=11772167,solve=5418395125	
plean	crush-portfolio	1	Examples/TwoPhaseCommit.lean|TwoPhaseCommit.Coordinator.WaitForResponses.eYes_correct_of_system_config_system_config	TwoPhaseCommit.Coordinator.WaitForResponses.eYes_correct_of_system_config_system_config	4225373430424136924	unknown	not-attempted	solver exited without a verdict: cvc5 interrupted by timeout.	5436168458	collect=302708,pre-reconstruct=4307000,normalize=3975416,monomorphize=19958,instantiate=17875,translate=11664917,solve=5415880584	
plean	crush-portfolio	1	Examples/TwoPhaseCommit.lean|TwoPhaseCommit.Coordinator.WaitForResponses.eYes_correct_of_system_config_system_config	TwoPhaseCommit.Coordinator.WaitForResponses.eYes_correct_of_system_config_system_config	5471309529939874078	unknown	not-attempted	solver exited without a verdict: cvc5 interrupted by timeout.	5436132750	collect=255292,pre-reconstruct=8264041,normalize=3479958,monomorphize=18750,instantiate=16750,translate=16942750,solve=5407155209	
plean	crush-portfolio	1	Examples/TwoPhaseCommit.lean|TwoPhaseCommit.Coordinator.WaitForResponses.eYes_correct_of_system_config_system_config	TwoPhaseCommit.Coordinator.WaitForResponses.eYes_correct_of_system_config_system_config	5471309529939874078	unknown	not-attempted	solver exited without a verdict: cvc5 interrupted by timeout.	5434217750	collect=294042,pre-reconstruct=8477041,normalize=3331334,monomorphize=21542,instantiate=23916,translate=17118750,solve=5404951125	
plean	crush-portfolio	1	Examples/TwoPhaseCommit.lean|TwoPhaseCommit.Coordinator.WaitForResponses.eNo_correct_of_system_config_system_config	TwoPhaseCommit.Coordinator.WaitForResponses.eNo_correct_of_system_config_system_config	14328788366895590194	core-reconstructed	certificate-error	core-directed reconstruction succeeded	550839750	collect=384583,pre-reconstruct=9437958,normalize=4154917,monomorphize=26375,instantiate=19333,translate=21166333,solve=444170792,replay=22375,reconstruct=71457084	
plean	crush-portfolio	1	Examples/TwoPhaseCommit.lean|TwoPhaseCommit.Coordinator.WaitForResponses.eNo_correct_of_system_config_system_config	TwoPhaseCommit.Coordinator.WaitForResponses.eNo_correct_of_system_config_system_config	16544938116920668609	unknown	not-attempted	solver exited without a verdict: cvc5 interrupted by timeout.	5448078250	collect=242958,pre-reconstruct=3952250,normalize=2313667,monomorphize=20000,instantiate=10166,translate=11696084,solve=5429843125	
plean	crush-portfolio	1	Examples/TwoPhaseCommit.lean|TwoPhaseCommit.Coordinator.WaitForResponses.eNo_correct_of_system_config_system_config	TwoPhaseCommit.Coordinator.WaitForResponses.eNo_correct_of_system_config_system_config	14328788366895590194	core-reconstructed	certificate-error	core-directed reconstruction succeeded	545270085	collect=282417,pre-reconstruct=8820709,normalize=4339875,monomorphize=18375,instantiate=19792,translate=19419875,solve=438232750,replay=11792,reconstruct=74124500	
plean	crush-portfolio	1	Examples/TwoPhaseCommit.lean|TwoPhaseCommit.Coordinator.WaitForResponses.eNo_correct_of_system_config_system_config	TwoPhaseCommit.Coordinator.WaitForResponses.eNo_correct_of_system_config_system_config	16544938116920668609	unknown	not-attempted	solver exited without a verdict: cvc5 interrupted by timeout.	5429908459	collect=274000,pre-reconstruct=2866250,normalize=2411417,monomorphize=20834,instantiate=10541,translate=11542834,solve=5412782583	
plean	crush-portfolio	1	Examples/TwoPhaseCommit.lean|TwoPhaseCommit.Coordinator.WaitForResponses.eNo_correct_of_system_config_system_config	TwoPhaseCommit.Coordinator.WaitForResponses.eNo_correct_of_system_config_system_config	16544938116920668609	core-reconstructed	certificate-error	core-directed reconstruction succeeded	1156866000	collect=312458,pre-reconstruct=2411667,normalize=3882333,monomorphize=20500,instantiate=14750,translate=18737333,solve=425858167,replay=11959,reconstruct=705616833	
plean	crush-portfolio	1	Examples/TwoPhaseCommit.lean|TwoPhaseCommit.Coordinator.WaitForResponses.eNo_correct_of_system_config_system_config	TwoPhaseCommit.Coordinator.WaitForResponses.eNo_correct_of_system_config_system_config	11269035718580243533	core-reconstructed	certificate-error	core-directed reconstruction succeeded	487189876	collect=343167,pre-reconstruct=1242209,normalize=3423375,monomorphize=20833,instantiate=10750,translate=15787791,solve=437241792,replay=11875,reconstruct=29108084	
plean	crush-portfolio	1	Examples/TwoPhaseCommit.lean|TwoPhaseCommit.Coordinator.WaitForResponses.eNo_correct_of_system_config_system_config	TwoPhaseCommit.Coordinator.WaitForResponses.eNo_correct_of_system_config_system_config	16316480181442834656	core-reconstructed	certificate-error	core-directed reconstruction succeeded	478559749	collect=318667,pre-reconstruct=6416125,normalize=3814250,monomorphize=24916,instantiate=13000,translate=16201875,solve=427805375,replay=12208,reconstruct=23953333	
plean	crush-portfolio	1	Examples/TwoPhaseCommit.lean|TwoPhaseCommit.Coordinator.WaitForResponses.eNo_correct_of_system_config_system_config	TwoPhaseCommit.Coordinator.WaitForResponses.eNo_correct_of_system_config_system_config	16544938116920668609	unknown	not-attempted	solver exited without a verdict: cvc5 interrupted by timeout.	5436877041	collect=219250,pre-reconstruct=2112291,normalize=2706917,monomorphize=23833,instantiate=14167,translate=12758166,solve=5419042417	
plean	crush-portfolio	1	Examples/TwoPhaseCommit.lean|TwoPhaseCommit.Coordinator.WaitForResponses.eNo_correct_of_system_config_system_config	TwoPhaseCommit.Coordinator.WaitForResponses.eNo_correct_of_system_config_system_config	16544938116920668609	core-reconstructed	certificate-error	core-directed reconstruction succeeded	1165393250	collect=276625,pre-reconstruct=2217125,normalize=3573083,monomorphize=19292,instantiate=14334,translate=15947541,solve=438377917,replay=11291,reconstruct=704956042	
plean	crush-portfolio	1	Examples/TwoPhaseCommit.lean|TwoPhaseCommit.Coordinator.WaitForResponses.eNo_correct_of_system_config_system_config	TwoPhaseCommit.Coordinator.WaitForResponses.eNo_correct_of_system_config_system_config	3663896596369207448	core-reconstructed	certificate-error	core-directed reconstruction succeeded	469283834	collect=356208,pre-reconstruct=1292500,normalize=3505250,monomorphize=21083,instantiate=12750,translate=16473209,solve=420215042,replay=11542,reconstruct=27396250	
plean	crush-portfolio	1	Examples/TwoPhaseCommit.lean|TwoPhaseCommit.Coordinator.WaitForResponses.eNo_correct_of_system_config_system_config	TwoPhaseCommit.Coordinator.WaitForResponses.eNo_correct_of_system_config_system_config	169441211374121931	core-reconstructed	certificate-error	core-directed reconstruction succeeded	465936124	collect=279708,pre-reconstruct=6005250,normalize=3661417,monomorphize=18541,instantiate=10583,translate=15970375,solve=418788792,replay=11041,reconstruct=21190417	
plean	crush-portfolio	1	Examples/TwoPhaseCommit.lean|TwoPhaseCommit.Coordinator.WaitForResponses.eNo_correct_of_system_config_system_config	TwoPhaseCommit.Coordinator.WaitForResponses.eNo_correct_of_system_config_system_config	16762529229697648496	unknown	not-attempted	solver exited without a verdict: cvc5 interrupted by timeout.	5446156584	collect=200292,pre-reconstruct=1802542,normalize=2270917,monomorphize=19833,instantiate=11250,translate=11572459,solve=5430279291	
plean	crush-portfolio	1	Examples/TwoPhaseCommit.lean|TwoPhaseCommit.Coordinator.WaitForResponses.eNo_correct_of_system_config_system_config	TwoPhaseCommit.Coordinator.WaitForResponses.eNo_correct_of_system_config_system_config	3447196019152406883	pre-reconstructed	not-attempted	closed before SMT translation	1304709	collect=204584,pre-reconstruct=1100125	
plean	crush-portfolio	1	Examples/TwoPhaseCommit.lean|TwoPhaseCommit.Coordinator.WaitForResponses.eNo_correct_of_system_config_system_config	TwoPhaseCommit.Coordinator.WaitForResponses.eNo_correct_of_system_config_system_config	8236911049903588693	unknown	not-attempted	solver exited without a verdict: cvc5 interrupted by timeout.	5429024499	collect=151125,pre-reconstruct=2407583,normalize=2002875,monomorphize=17958,instantiate=11750,translate=10770417,solve=5413662791	
plean	crush-portfolio	1	Examples/TwoPhaseCommit.lean|TwoPhaseCommit.Coordinator.WaitForResponses.eNo_correct_of_system_config_system_config	TwoPhaseCommit.Coordinator.WaitForResponses.eNo_correct_of_system_config_system_config	3447196019152406883	pre-reconstructed	not-attempted	closed before SMT translation	1430125	collect=225000,pre-reconstruct=1205125	
plean	crush-portfolio	1	Examples/TwoPhaseCommit.lean|TwoPhaseCommit.Coordinator.WaitForResponses.eNo_correct_of_system_config_system_config	TwoPhaseCommit.Coordinator.WaitForResponses.eNo_correct_of_system_config_system_config	8236911049903588693	unknown	not-attempted	solver exited without a verdict: cvc5 interrupted by timeout.	5442192167	collect=172000,pre-reconstruct=2767042,normalize=2169125,monomorphize=22875,instantiate=15708,translate=11312709,solve=5425732708	
plean	crush-portfolio	1	Examples/TwoPhaseCommit.lean|TwoPhaseCommit.Coordinator.WaitForResponses.eNo_correct_of_system_config_system_config	TwoPhaseCommit.Coordinator.WaitForResponses.eNo_correct_of_system_config_system_config	3447196019152406883	pre-reconstructed	not-attempted	closed before SMT translation	1380542	collect=212833,pre-reconstruct=1167709	
plean	crush-portfolio	1	Examples/TwoPhaseCommit.lean|TwoPhaseCommit.Coordinator.WaitForResponses.eNo_correct_of_system_config_system_config	TwoPhaseCommit.Coordinator.WaitForResponses.eNo_correct_of_system_config_system_config	4603268118125486097	core-reconstructed	certificate-error	core-directed reconstruction succeeded	421996165	collect=167958,pre-reconstruct=1041625,normalize=1789334,monomorphize=20458,instantiate=14166,translate=10538333,solve=407520708,replay=11333,reconstruct=892250	
plean	crush-portfolio	1	Examples/TwoPhaseCommit.lean|TwoPhaseCommit.Coordinator.WaitForResponses.eNo_correct_of_system_config_system_config	TwoPhaseCommit.Coordinator.WaitForResponses.eNo_correct_of_system_config_system_config	4519860779536265759	unknown	not-attempted	solver exited without a verdict: cvc5 interrupted by timeout.	5436289500	collect=400875,pre-reconstruct=3597750,normalize=2257625,monomorphize=23583,instantiate=14583,translate=10877959,solve=5419117125	
plean	crush-portfolio	1	Examples/TwoPhaseCommit.lean|TwoPhaseCommit.Coordinator.WaitForResponses.eNo_correct_of_system_config_system_config	TwoPhaseCommit.Coordinator.WaitForResponses.eNo_correct_of_system_config_system_config	3447196019152406883	pre-reconstructed	not-attempted	closed before SMT translation	1471000	collect=250667,pre-reconstruct=1220333	
plean	crush-portfolio	1	Examples/TwoPhaseCommit.lean|TwoPhaseCommit.Coordinator.WaitForResponses.eNo_correct_of_system_config_system_config	TwoPhaseCommit.Coordinator.WaitForResponses.eNo_correct_of_system_config_system_config	8236911049903588693	unknown	not-attempted	solver exited without a verdict: cvc5 interrupted by timeout.	5426317875	collect=177000,pre-reconstruct=1955459,normalize=2003041,monomorphize=21542,instantiate=14125,translate=10793208,solve=5411353500	
plean	crush-portfolio	1	Examples/TwoPhaseCommit.lean|TwoPhaseCommit.Coordinator.WaitForResponses.eNo_correct_of_system_config_system_config	TwoPhaseCommit.Coordinator.WaitForResponses.eNo_correct_of_system_config_system_config	14328788366895590194	core-reconstructed	certificate-error	core-directed reconstruction succeeded	554062292	collect=303541,pre-reconstruct=8194334,normalize=3992208,monomorphize=23000,instantiate=12167,translate=18967958,solve=454515709,replay=11792,reconstruct=68041583	
plean	crush-portfolio	1	Examples/TwoPhaseCommit.lean|TwoPhaseCommit.Coordinator.WaitForResponses.eNo_correct_of_system_config_system_config	TwoPhaseCommit.Coordinator.WaitForResponses.eNo_correct_of_system_config_system_config	16544938116920668609	unknown	not-attempted	solver exited without a verdict: cvc5 interrupted by timeout.	5447116916	collect=237208,pre-reconstruct=2603667,normalize=2312584,monomorphize=25500,instantiate=10791,translate=11506041,solve=5430421125	
plean	crush-portfolio	1	Examples/TwoPhaseCommit.lean|TwoPhaseCommit.Coordinator.WaitForResponses.eNo_correct_of_system_config_system_config	TwoPhaseCommit.Coordinator.WaitForResponses.eNo_correct_of_system_config_system_config	14328788366895590194	core-reconstructed	certificate-error	core-directed reconstruction succeeded	570455502	collect=397416,pre-reconstruct=9048459,normalize=4355084,monomorphize=23834,instantiate=15459,translate=18806167,solve=464566083,replay=11209,reconstruct=73231791	
plean	crush-portfolio	1	Examples/TwoPhaseCommit.lean|TwoPhaseCommit.Coordinator.WaitForResponses.eNo_correct_of_system_config_system_config	TwoPhaseCommit.Coordinator.WaitForResponses.eNo_correct_of_system_config_system_config	16544938116920668609	unknown	not-attempted	solver exited without a verdict: cvc5 interrupted by timeout.	5439214501	collect=261041,pre-reconstruct=2506667,normalize=2469542,monomorphize=23959,instantiate=12333,translate=12269917,solve=5421671042	
plean	crush-portfolio	1	Examples/TwoPhaseCommit.lean|TwoPhaseCommit.Coordinator.WaitForResponses.eNo_correct_of_system_config_system_config	TwoPhaseCommit.Coordinator.WaitForResponses.eNo_correct_of_system_config_system_config	16544938116920668609	core-reconstructed	certificate-error	core-directed reconstruction succeeded	1195616375	collect=284042,pre-reconstruct=2129667,normalize=3663958,monomorphize=23250,instantiate=14583,translate=16176583,solve=427513541,replay=11542,reconstruct=745799209	
plean	crush-portfolio	1	Examples/TwoPhaseCommit.lean|TwoPhaseCommit.Coordinator.WaitForResponses.eNo_correct_of_system_config_system_config	TwoPhaseCommit.Coordinator.WaitForResponses.eNo_correct_of_system_config_system_config	11269035718580243533	core-reconstructed	certificate-error	core-directed reconstruction succeeded	467518790	collect=326583,pre-reconstruct=1307458,normalize=3461958,monomorphize=23333,instantiate=13291,translate=15900208,solve=418618125,replay=12667,reconstruct=27855167	
plean	crush-portfolio	1	Examples/TwoPhaseCommit.lean|TwoPhaseCommit.Coordinator.WaitForResponses.eNo_correct_of_system_config_system_config	TwoPhaseCommit.Coordinator.WaitForResponses.eNo_correct_of_system_config_system_config	16316480181442834656	core-reconstructed	certificate-error	core-directed reconstruction succeeded	473202498	collect=295041,pre-reconstruct=5964125,normalize=3285875,monomorphize=27833,instantiate=11833,translate=15541500,solve=426739000,replay=11458,reconstruct=21325833	
plean	crush-portfolio	1	Examples/TwoPhaseCommit.lean|TwoPhaseCommit.Coordinator.WaitForResponses.eNo_correct_of_system_config_system_config	TwoPhaseCommit.Coordinator.WaitForResponses.eNo_correct_of_system_config_system_config	16544938116920668609	unknown	not-attempted	solver exited without a verdict: cvc5 interrupted by timeout.	5427180707	collect=236291,pre-reconstruct=1873958,normalize=2350958,monomorphize=26708,instantiate=10375,translate=12657167,solve=5410025250	
plean	crush-portfolio	1	Examples/TwoPhaseCommit.lean|TwoPhaseCommit.Coordinator.WaitForResponses.eNo_correct_of_system_config_system_config	TwoPhaseCommit.Coordinator.WaitForResponses.eNo_correct_of_system_config_system_config	16544938116920668609	core-reconstructed	certificate-error	core-directed reconstruction succeeded	1122214417	collect=275500,pre-reconstruct=2131209,normalize=3678792,monomorphize=24958,instantiate=13208,translate=16554083,solve=434778167,replay=12125,reconstruct=664746375	
plean	crush-portfolio	1	Examples/TwoPhaseCommit.lean|TwoPhaseCommit.Coordinator.WaitForResponses.eNo_correct_of_system_config_system_config	TwoPhaseCommit.Coordinator.WaitForResponses.eNo_correct_of_system_config_system_config	3663896596369207448	core-reconstructed	certificate-error	core-directed reconstruction succeeded	461787209	collect=303250,pre-reconstruct=1178166,normalize=3186583,monomorphize=24709,instantiate=11375,translate=15313000,solve=414552084,replay=12333,reconstruct=27205709	
plean	crush-portfolio	1	Examples/TwoPhaseCommit.lean|TwoPhaseCommit.Coordinator.WaitForResponses.eNo_correct_of_system_config_system_config	TwoPhaseCommit.Coordinator.WaitForResponses.eNo_correct_of_system_config_system_config	169441211374121931	core-reconstructed	certificate-error	core-directed reconstruction succeeded	462369460	collect=280125,pre-reconstruct=6071000,normalize=3456959,monomorphize=22042,instantiate=10875,translate=15759167,solve=415496958,replay=11459,reconstruct=21260875	
plean	crush-portfolio	1	Examples/TwoPhaseCommit.lean|TwoPhaseCommit.Coordinator.WaitForResponses.eNo_correct_of_system_config_system_config	TwoPhaseCommit.Coordinator.WaitForResponses.eNo_correct_of_system_config_system_config	16762529229697648496	unknown	not-attempted	solver exited without a verdict: cvc5 interrupted by timeout.	5435245083	collect=207625,pre-reconstruct=1749166,normalize=2209334,monomorphize=26958,instantiate=13875,translate=11651667,solve=5419386458	
plean	crush-portfolio	1	Examples/TwoPhaseCommit.lean|TwoPhaseCommit.Coordinator.WaitForResponses.eNo_correct_of_system_config_system_config	TwoPhaseCommit.Coordinator.WaitForResponses.eNo_correct_of_system_config_system_config	14328788366895590194	core-reconstructed	certificate-error	core-directed reconstruction succeeded	554626500	collect=280583,pre-reconstruct=8752500,normalize=3953417,monomorphize=26208,instantiate=13959,translate=19169042,solve=450765833,replay=12166,reconstruct=71652792	
plean	crush-portfolio	1	Examples/TwoPhaseCommit.lean|TwoPhaseCommit.Coordinator.WaitForResponses.eNo_correct_of_system_config_system_config	TwoPhaseCommit.Coordinator.WaitForResponses.eNo_correct_of_system_config_system_config	16544938116920668609	unknown	not-attempted	solver exited without a verdict: cvc5 interrupted by timeout.	5438589958	collect=256042,pre-reconstruct=2801583,normalize=2348708,monomorphize=42708,instantiate=10500,translate=12074667,solve=5421055750	
plean	crush-portfolio	1	Examples/TwoPhaseCommit.lean|TwoPhaseCommit.Coordinator.WaitForResponses.eNo_correct_of_system_config_system_config	TwoPhaseCommit.Coordinator.WaitForResponses.eNo_correct_of_system_config_system_config	14328788366895590194	core-reconstructed	certificate-error	core-directed reconstruction succeeded	547622458	collect=292959,pre-reconstruct=8349500,normalize=3965375,monomorphize=24917,instantiate=16500,translate=18459791,solve=444765125,replay=12041,reconstruct=71736250	
plean	crush-portfolio	1	Examples/TwoPhaseCommit.lean|TwoPhaseCommit.Coordinator.WaitForResponses.eNo_correct_of_system_config_system_config	TwoPhaseCommit.Coordinator.WaitForResponses.eNo_correct_of_system_config_system_config	16544938116920668609	unknown	not-attempted	solver exited without a verdict: cvc5 interrupted by timeout.	5440268957	collect=257083,pre-reconstruct=2419833,normalize=2401291,monomorphize=24958,instantiate=11500,translate=11639708,solve=5423514584	
plean	crush-portfolio	1	Examples/TwoPhaseCommit.lean|TwoPhaseCommit.Coordinator.WaitForResponses.eNo_correct_of_system_config_system_config	TwoPhaseCommit.Coordinator.WaitForResponses.eNo_correct_of_system_config_system_config	16544938116920668609	core-reconstructed	certificate-error	core-directed reconstruction succeeded	1156203083	collect=273750,pre-reconstruct=2249792,normalize=3624625,monomorphize=23708,instantiate=14750,translate=17219625,solve=428824625,replay=13708,reconstruct=703958500	
plean	crush-portfolio	1	Examples/TwoPhaseCommit.lean|TwoPhaseCommit.Coordinator.WaitForResponses.eNo_correct_of_system_config_system_config	TwoPhaseCommit.Coordinator.WaitForResponses.eNo_correct_of_system_config_system_config	11269035718580243533	core-reconstructed	certificate-error	core-directed reconstruction succeeded	465276750	collect=301750,pre-reconstruct=1225875,normalize=3264750,monomorphize=21875,instantiate=10167,translate=15572292,solve=415621583,replay=11666,reconstruct=29246792	
plean	crush-portfolio	1	Examples/TwoPhaseCommit.lean|TwoPhaseCommit.Coordinator.WaitForResponses.eNo_correct_of_system_config_system_config	TwoPhaseCommit.Coordinator.WaitForResponses.eNo_correct_of_system_config_system_config	16316480181442834656	core-reconstructed	certificate-error	core-directed reconstruction succeeded	479918625	collect=278083,pre-reconstruct=6101500,normalize=3437833,monomorphize=23125,instantiate=11333,translate=14694667,solve=433598834,replay=12250,reconstruct=21761000	
plean	crush-portfolio	1	Examples/TwoPhaseCommit.lean|TwoPhaseCommit.Coordinator.WaitForResponses.eNo_correct_of_system_config_system_config	TwoPhaseCommit.Coordinator.WaitForResponses.eNo_correct_of_system_config_system_config	16544938116920668609	unknown	not-attempted	solver exited without a verdict: cvc5 interrupted by timeout.	5437572418	collect=273125,pre-reconstruct=1962625,normalize=2363167,monomorphize=23667,instantiate=11584,translate=12293334,solve=5420644916	
plean	crush-portfolio	1	Examples/TwoPhaseCommit.lean|TwoPhaseCommit.Coordinator.WaitForResponses.eNo_correct_of_system_config_system_config	TwoPhaseCommit.Coordinator.WaitForResponses.eNo_correct_of_system_config_system_config	16544938116920668609	core-reconstructed	certificate-error	core-directed reconstruction succeeded	1131714998	collect=265083,pre-reconstruct=2423625,normalize=4274792,monomorphize=24875,instantiate=15458,translate=17279916,solve=427244958,replay=14083,reconstruct=680172208	
plean	crush-portfolio	1	Examples/TwoPhaseCommit.lean|TwoPhaseCommit.Coordinator.WaitForResponses.eNo_correct_of_system_config_system_config	TwoPhaseCommit.Coordinator.WaitForResponses.eNo_correct_of_system_config_system_config	3663896596369207448	core-reconstructed	certificate-error	core-directed reconstruction succeeded	467947459	collect=308125,pre-reconstruct=1203833,normalize=3259250,monomorphize=21375,instantiate=9875,translate=15235792,solve=418828875,replay=13584,reconstruct=29066750	
plean	crush-portfolio	1	Examples/TwoPhaseCommit.lean|TwoPhaseCommit.Coordinator.WaitForResponses.eNo_correct_of_system_config_system_config	TwoPhaseCommit.Coordinator.WaitForResponses.eNo_correct_of_system_config_system_config	169441211374121931	core-reconstructed	certificate-error	core-directed reconstruction succeeded	459920584	collect=278834,pre-reconstruct=6051750,normalize=3436000,monomorphize=26375,instantiate=11833,translate=14819042,solve=412344958,replay=11417,reconstruct=22940375	
plean	crush-portfolio	1	Examples/TwoPhaseCommit.lean|TwoPhaseCommit.Coordinator.WaitForResponses.eNo_correct_of_system_config_system_config	TwoPhaseCommit.Coordinator.WaitForResponses.eNo_correct_of_system_config_system_config	16762529229697648496	unknown	not-attempted	solver exited without a verdict: cvc5 interrupted by timeout.	5448860332	collect=210375,pre-reconstruct=1851625,normalize=2272333,monomorphize=22916,instantiate=11000,translate=12071833,solve=5432420250	
plean	crush-portfolio	1	Examples/TwoPhaseCommit.lean|TwoPhaseCommit.Coordinator.Init.entry_correct_of_system_config_system_config	TwoPhaseCommit.Coordinator.Init.entry_correct_of_system_config_system_config	10238892770241185239	core-reconstructed	certificate-error	core-directed reconstruction succeeded	553547874	collect=335250,pre-reconstruct=7972833,normalize=3853458,monomorphize=26167,instantiate=19625,translate=17297333,solve=443402583,replay=21708,reconstruct=80618917	
plean	crush-portfolio	1	Examples/TwoPhaseCommit.lean|TwoPhaseCommit.Coordinator.Init.entry_correct_of_system_config_system_config	TwoPhaseCommit.Coordinator.Init.entry_correct_of_system_config_system_config	16544938116920668609	unknown	not-attempted	solver exited without a verdict: cvc5 interrupted by timeout.	5445646043	collect=228167,pre-reconstruct=2993208,normalize=2665458,monomorphize=20834,instantiate=11459,translate=11147917,solve=5428579000	
plean	crush-portfolio	1	Examples/TwoPhaseCommit.lean|TwoPhaseCommit.Coordinator.Init.entry_correct_of_system_config_system_config	TwoPhaseCommit.Coordinator.Init.entry_correct_of_system_config_system_config	10238892770241185239	core-reconstructed	certificate-error	core-directed reconstruction succeeded	545019377	collect=265084,pre-reconstruct=8794667,normalize=3888625,monomorphize=17208,instantiate=15709,translate=17346041,solve=437120209,replay=11084,reconstruct=77560750	
plean	crush-portfolio	1	Examples/TwoPhaseCommit.lean|TwoPhaseCommit.Coordinator.Init.entry_correct_of_system_config_system_config	TwoPhaseCommit.Coordinator.Init.entry_correct_of_system_config_system_config	16544938116920668609	unknown	not-attempted	solver exited without a verdict: cvc5 interrupted by timeout.	5434762000	collect=217375,pre-reconstruct=2497708,normalize=2096750,monomorphize=17583,instantiate=10208,translate=10300042,solve=5419622334	
plean	crush-portfolio	1	Examples/TwoPhaseCommit.lean|TwoPhaseCommit.Coordinator.Init.entry_correct_of_system_config_system_config	TwoPhaseCommit.Coordinator.Init.entry_correct_of_system_config_system_config	16544938116920668609	core-reconstructed	certificate-error	core-directed reconstruction succeeded	1144531292	collect=276834,pre-reconstruct=2148708,normalize=3687375,monomorphize=17042,instantiate=17125,translate=14885083,solve=437092042,replay=11250,reconstruct=686395833	
plean	crush-portfolio	1	Examples/TwoPhaseCommit.lean|TwoPhaseCommit.Coordinator.Init.entry_correct_of_system_config_system_config	TwoPhaseCommit.Coordinator.Init.entry_correct_of_system_config_system_config	11269035718580243533	core-reconstructed	certificate-error	core-directed reconstruction succeeded	472420790	collect=263042,pre-reconstruct=1065667,normalize=3027000,monomorphize=16958,instantiate=9541,translate=13593666,solve=422288666,replay=11625,reconstruct=32144625	
plean	crush-portfolio	1	Examples/TwoPhaseCommit.lean|TwoPhaseCommit.Coordinator.Init.entry_correct_of_system_config_system_config	TwoPhaseCommit.Coordinator.Init.entry_correct_of_system_config_system_config	17743988793785745605	core-reconstructed	certificate-error	core-directed reconstruction succeeded	466983832	collect=274750,pre-reconstruct=6960416,normalize=3076666,monomorphize=17709,instantiate=9875,translate=13260792,solve=419419458,replay=11291,reconstruct=23952875	
plean	crush-portfolio	1	Examples/TwoPhaseCommit.lean|TwoPhaseCommit.Coordinator.Init.entry_correct_of_system_config_system_config	TwoPhaseCommit.Coordinator.Init.entry_correct_of_system_config_system_config	16544938116920668609	unknown	not-attempted	solver exited without a verdict: cvc5 interrupted by timeout.	5430236459	collect=185791,pre-reconstruct=1717167,normalize=2123959,monomorphize=17958,instantiate=11292,translate=10679792,solve=5415500500	
plean	crush-portfolio	1	Examples/TwoPhaseCommit.lean|TwoPhaseCommit.Coordinator.Init.entry_correct_of_system_config_system_config	TwoPhaseCommit.Coordinator.Init.entry_correct_of_system_config_system_config	16544938116920668609	core-reconstructed	certificate-error	core-directed reconstruction succeeded	1070499166	collect=251333,pre-reconstruct=1975666,normalize=3374083,monomorphize=18208,instantiate=14959,translate=14464500,solve=434520292,replay=12500,reconstruct=615867625	
plean	crush-portfolio	1	Examples/TwoPhaseCommit.lean|TwoPhaseCommit.Coordinator.Init.entry_correct_of_system_config_system_config	TwoPhaseCommit.Coordinator.Init.entry_correct_of_system_config_system_config	3663896596369207448	core-reconstructed	certificate-error	core-directed reconstruction succeeded	468617792	collect=305916,pre-reconstruct=1084667,normalize=3013750,monomorphize=16625,instantiate=9583,translate=13622292,solve=423203375,replay=11250,reconstruct=27350334	
plean	crush-portfolio	1	Examples/TwoPhaseCommit.lean|TwoPhaseCommit.Coordinator.Init.entry_correct_of_system_config_system_config	TwoPhaseCommit.Coordinator.Init.entry_correct_of_system_config_system_config	17468433773464704659	core-reconstructed	certificate-error	core-directed reconstruction succeeded	455162916	collect=258166,pre-reconstruct=6130167,normalize=3059417,monomorphize=18875,instantiate=11000,translate=13169708,solve=410731666,replay=11000,reconstruct=21772917	
plean	crush-portfolio	1	Examples/TwoPhaseCommit.lean|TwoPhaseCommit.Coordinator.Init.entry_correct_of_system_config_system_config	TwoPhaseCommit.Coordinator.Init.entry_correct_of_system_config_system_config	16137886489408589020	unknown	not-attempted	solver exited without a verdict: cvc5 interrupted by timeout.	5429290666	collect=180708,pre-reconstruct=1578292,normalize=1941833,monomorphize=15875,instantiate=9875,translate=10154750,solve=5415409333	
plean	crush-portfolio	1	Examples/TwoPhaseCommit.lean|TwoPhaseCommit.Coordinator.Init.entry_correct_of_system_config_system_config	TwoPhaseCommit.Coordinator.Init.entry_correct_of_system_config_system_config	3447196019152406883	pre-reconstructed	not-attempted	closed before SMT translation	1115709	collect=206084,pre-reconstruct=909625	
plean	crush-portfolio	1	Examples/TwoPhaseCommit.lean|TwoPhaseCommit.Coordinator.Init.entry_correct_of_system_config_system_config	TwoPhaseCommit.Coordinator.Init.entry_correct_of_system_config_system_config	12046566145604182226	selected-fact	not-attempted	closed from a selected Lean fact	124625	collect=124625	
plean	crush-portfolio	1	Examples/TwoPhaseCommit.lean|TwoPhaseCommit.Coordinator.Init.entry_correct_of_system_config_system_config	TwoPhaseCommit.Coordinator.Init.entry_correct_of_system_config_system_config	9909793585723607952	selected-fact	not-attempted	closed from a selected Lean fact	120333	collect=120333	
plean	crush-portfolio	1	Examples/TwoPhaseCommit.lean|TwoPhaseCommit.Coordinator.Init.entry_correct_of_system_config_system_config	TwoPhaseCommit.Coordinator.Init.entry_correct_of_system_config_system_config	13137414707843300806	selected-fact	not-attempted	closed from a selected Lean fact	129083	collect=129083	
plean	crush-portfolio	1	Examples/TwoPhaseCommit.lean|TwoPhaseCommit.Coordinator.Init.entry_correct_of_system_config_system_config	TwoPhaseCommit.Coordinator.Init.entry_correct_of_system_config_system_config	17949712576744242606	selected-fact	not-attempted	closed from a selected Lean fact	117458	collect=117458	
plean	crush-portfolio	1	Examples/TwoPhaseCommit.lean|TwoPhaseCommit.Coordinator.Init.entry_correct_of_system_config_system_config	TwoPhaseCommit.Coordinator.Init.entry_correct_of_system_config_system_config	3447196019152406883	pre-reconstructed	not-attempted	closed before SMT translation	1121208	collect=198542,pre-reconstruct=922666	
plean	crush-portfolio	1	Examples/TwoPhaseCommit.lean|TwoPhaseCommit.Coordinator.Init.entry_correct_of_system_config_system_config	TwoPhaseCommit.Coordinator.Init.entry_correct_of_system_config_system_config	12046566145604182226	selected-fact	not-attempted	closed from a selected Lean fact	140417	collect=140417	
plean	crush-portfolio	1	Examples/TwoPhaseCommit.lean|TwoPhaseCommit.Coordinator.Init.entry_correct_of_system_config_system_config	TwoPhaseCommit.Coordinator.Init.entry_correct_of_system_config_system_config	9909793585723607952	selected-fact	not-attempted	closed from a selected Lean fact	126875	collect=126875	
plean	crush-portfolio	1	Examples/TwoPhaseCommit.lean|TwoPhaseCommit.Coordinator.Init.entry_correct_of_system_config_system_config	TwoPhaseCommit.Coordinator.Init.entry_correct_of_system_config_system_config	13137414707843300806	selected-fact	not-attempted	closed from a selected Lean fact	148417	collect=148417	
plean	crush-portfolio	1	Examples/TwoPhaseCommit.lean|TwoPhaseCommit.Coordinator.Init.entry_correct_of_system_config_system_config	TwoPhaseCommit.Coordinator.Init.entry_correct_of_system_config_system_config	17949712576744242606	selected-fact	not-attempted	closed from a selected Lean fact	131666	collect=131666	
plean	crush-portfolio	1	Examples/TwoPhaseCommit.lean|TwoPhaseCommit.Coordinator.Init.entry_correct_of_system_config_system_config	TwoPhaseCommit.Coordinator.Init.entry_correct_of_system_config_system_config	3447196019152406883	pre-reconstructed	not-attempted	closed before SMT translation	1077459	collect=177125,pre-reconstruct=900334	
plean	crush-portfolio	1	Examples/TwoPhaseCommit.lean|TwoPhaseCommit.Coordinator.Init.entry_correct_of_system_config_system_config	TwoPhaseCommit.Coordinator.Init.entry_correct_of_system_config_system_config	12046566145604182226	selected-fact	not-attempted	closed from a selected Lean fact	125583	collect=125583	
plean	crush-portfolio	1	Examples/TwoPhaseCommit.lean|TwoPhaseCommit.Coordinator.Init.entry_correct_of_system_config_system_config	TwoPhaseCommit.Coordinator.Init.entry_correct_of_system_config_system_config	9909793585723607952	selected-fact	not-attempted	closed from a selected Lean fact	117208	collect=117208	
plean	crush-portfolio	1	Examples/TwoPhaseCommit.lean|TwoPhaseCommit.Coordinator.Init.entry_correct_of_system_config_system_config	TwoPhaseCommit.Coordinator.Init.entry_correct_of_system_config_system_config	13137414707843300806	selected-fact	not-attempted	closed from a selected Lean fact	130500	collect=130500	
plean	crush-portfolio	1	Examples/TwoPhaseCommit.lean|TwoPhaseCommit.Coordinator.Init.entry_correct_of_system_config_system_config	TwoPhaseCommit.Coordinator.Init.entry_correct_of_system_config_system_config	17949712576744242606	selected-fact	not-attempted	closed from a selected Lean fact	119709	collect=119709	
plean	crush-portfolio	1	Examples/TwoPhaseCommit.lean|TwoPhaseCommit.Coordinator.Init.entry_correct_of_system_config_system_config	TwoPhaseCommit.Coordinator.Init.entry_correct_of_system_config_system_config	13813344405981881898	unknown	not-attempted	solver exited without a verdict: cvc5 interrupted by timeout.	5443715376	collect=219542,pre-reconstruct=8010666,normalize=3189708,monomorphize=23375,instantiate=14709,translate=14474292,solve=5417783084	
plean	crush-portfolio	1	Examples/TwoPhaseCommit.lean|TwoPhaseCommit.Coordinator.Init.entry_correct_of_system_config_system_config	TwoPhaseCommit.Coordinator.Init.entry_correct_of_system_config_system_config	13813344405981881898	unknown	not-attempted	solver exited without a verdict: cvc5 interrupted by timeout.	5444449667	collect=240792,pre-reconstruct=7567917,normalize=3088500,monomorphize=19417,instantiate=18125,translate=14741125,solve=5418773791	
plean	crush-portfolio	1	Examples/TwoPhaseCommit.lean|TwoPhaseCommit.Coordinator.Init.entry_correct_of_system_config_system_config	TwoPhaseCommit.Coordinator.Init.entry_correct_of_system_config_system_config	13744480014606109495	unknown	not-attempted	solver exited without a verdict: cvc5 interrupted by timeout.	5437428543	collect=158875,pre-reconstruct=2712042,normalize=283209,monomorphize=20292,instantiate=18125,translate=10284875,solve=5423951125	
plean	crush-portfolio	1	Examples/TwoPhaseCommit.lean|TwoPhaseCommit.Coordinator.Init.entry_correct_of_system_config_system_config	TwoPhaseCommit.Coordinator.Init.entry_correct_of_system_config_system_config	13813344405981881898	unknown	not-attempted	solver exited without a verdict: cvc5 interrupted by timeout.	5443567624	collect=263166,pre-reconstruct=7204375,normalize=2859416,monomorphize=19750,instantiate=14708,translate=14114709,solve=5419091500	
plean	crush-portfolio	1	Examples/TwoPhaseCommit.lean|TwoPhaseCommit.Coordinator.Init.entry_correct_of_system_config_system_config	TwoPhaseCommit.Coordinator.Init.entry_correct_of_system_config_system_config	13813344405981881898	core-reconstructed	certificate-error	core-directed reconstruction succeeded	476583832	collect=199583,pre-reconstruct=6788208,normalize=2696083,monomorphize=19625,instantiate=12000,translate=13756833,solve=420705916,replay=11417,reconstruct=32394167	
plean	crush-portfolio	1	Examples/TwoPhaseCommit.lean|TwoPhaseCommit.Participant.Undecided.eVoteReq_correct_of_system_config_system_config	TwoPhaseCommit.Participant.Undecided.eVoteReq_correct_of_system_config_system_config	3447196019152406883	pre-reconstructed	not-attempted	closed before SMT translation	1528250	collect=278875,pre-reconstruct=1249375	
plean	crush-portfolio	1	Examples/TwoPhaseCommit.lean|TwoPhaseCommit.Participant.Undecided.eVoteReq_correct_of_system_config_system_config	TwoPhaseCommit.Participant.Undecided.eVoteReq_correct_of_system_config_system_config	3447196019152406883	pre-reconstructed	not-attempted	closed before SMT translation	1159375	collect=157584,pre-reconstruct=1001791	
plean	crush-portfolio	1	Examples/TwoPhaseCommit.lean|TwoPhaseCommit.Participant.Undecided.eCommit_correct_of_system_config_system_config	TwoPhaseCommit.Participant.Undecided.eCommit_correct_of_system_config_system_config	211772291733197949	core-reconstructed	certificate-error	core-directed reconstruction succeeded	490125292	collect=275959,pre-reconstruct=8206000,normalize=3176958,monomorphize=27042,instantiate=19041,translate=15277958,solve=431518458,replay=21459,reconstruct=31602417	
plean	crush-portfolio	1	Examples/TwoPhaseCommit.lean|TwoPhaseCommit.Participant.Undecided.eAbort_correct_of_system_config_system_config	TwoPhaseCommit.Participant.Undecided.eAbort_correct_of_system_config_system_config	12981512828516331385	core-reconstructed	certificate-error	core-directed reconstruction succeeded	480346625	collect=267000,pre-reconstruct=7444750,normalize=3042083,monomorphize=24916,instantiate=20625,translate=15053542,solve=425894334,replay=18458,reconstruct=28580917	
plean	crush-portfolio	1	Examples/TwoPhaseCommit.lean|TwoPhaseCommit.base_of_votes_yes_implies_pref	TwoPhaseCommit.base_of_votes_yes_implies_pref	3253717144076215989	core-reconstructed	certificate-error	core-directed reconstruction succeeded	463543708	collect=258708,pre-reconstruct=1461791,normalize=3132708,monomorphize=17334,instantiate=17334,translate=16139125,solve=413610250,replay=17625,reconstruct=28888833	
plean	crush-portfolio	1	Examples/TwoPhaseCommit.lean|TwoPhaseCommit.base_of_votes_votes_all_prefer	TwoPhaseCommit.base_of_votes_votes_all_prefer	10882727174046215897	core-reconstructed	certificate-error	core-directed reconstruction succeeded	485387581	collect=221625,pre-reconstruct=351833,normalize=2919750,monomorphize=15166,instantiate=15666,translate=15625083,solve=429001459,replay=20083,reconstruct=37216916	
plean	crush-portfolio	1	Examples/TwoPhaseCommit.lean|TwoPhaseCommit.Coordinator.WaitForResponses.eYes_correct_of_votes_votes	TwoPhaseCommit.Coordinator.WaitForResponses.eYes_correct_of_votes_votes	14426783131750606986	unknown	not-attempted	solver exited without a verdict: cvc5 interrupted by timeout.	5458968209	collect=376125,pre-reconstruct=7751167,normalize=7298750,monomorphize=31750,instantiate=17875,translate=22975625,solve=5420516917	
plean	crush-portfolio	1	Examples/TwoPhaseCommit.lean|TwoPhaseCommit.Coordinator.WaitForResponses.eYes_correct_of_votes_votes	TwoPhaseCommit.Coordinator.WaitForResponses.eYes_correct_of_votes_votes	14426783131750606986	unknown	not-attempted	solver exited without a verdict: cvc5 interrupted by timeout.	5462195376	collect=301292,pre-reconstruct=7306042,normalize=7291583,monomorphize=20625,instantiate=16209,translate=22308375,solve=5424951250	
plean	crush-portfolio	1	Examples/TwoPhaseCommit.lean|TwoPhaseCommit.Coordinator.WaitForResponses.eYes_correct_of_votes_votes	TwoPhaseCommit.Coordinator.WaitForResponses.eYes_correct_of_votes_votes	14131650322810283276	unknown	not-attempted	solver exited without a verdict: cvc5 interrupted by timeout.	5451921458	collect=282458,pre-reconstruct=7261459,normalize=4253583,monomorphize=21417,instantiate=19791,translate=22846416,solve=5417236334	
plean	crush-portfolio	1	Examples/TwoPhaseCommit.lean|TwoPhaseCommit.Coordinator.WaitForResponses.eYes_correct_of_votes_votes	TwoPhaseCommit.Coordinator.WaitForResponses.eYes_correct_of_votes_votes	14131650322810283276	unknown	not-attempted	solver exited without a verdict: cvc5 interrupted by timeout.	5446448166	collect=307000,pre-reconstruct=7372917,normalize=4290708,monomorphize=20250,instantiate=14917,translate=22607666,solve=5411834708	
plean	crush-portfolio	1	Examples/TwoPhaseCommit.lean|TwoPhaseCommit.Coordinator.WaitForResponses.eYes_correct_of_votes_votes	TwoPhaseCommit.Coordinator.WaitForResponses.eYes_correct_of_votes_votes	3253717144076215989	pre-reconstructed	not-attempted	closed before SMT translation	47514416	collect=250958,pre-reconstruct=47263458	
plean	crush-portfolio	1	Examples/TwoPhaseCommit.lean|TwoPhaseCommit.Coordinator.WaitForResponses.eYes_correct_of_votes_votes	TwoPhaseCommit.Coordinator.WaitForResponses.eYes_correct_of_votes_votes	10882727174046215897	pre-reconstructed	not-attempted	closed before SMT translation	1699166	collect=262166,pre-reconstruct=1437000	
plean	crush-portfolio	1	Examples/TwoPhaseCommit.lean|TwoPhaseCommit.Coordinator.WaitForResponses.eYes_correct_of_votes_votes	TwoPhaseCommit.Coordinator.WaitForResponses.eYes_correct_of_votes_votes	8236911049903588693	unknown	not-attempted	no reason given	2620349708	collect=187500,pre-reconstruct=3866042,normalize=2575834,monomorphize=20458,instantiate=11458,translate=12957625,solve=2600730791	
plean	crush-portfolio	1	Examples/TwoPhaseCommit.lean|TwoPhaseCommit.Coordinator.WaitForResponses.eYes_correct_of_votes_votes	TwoPhaseCommit.Coordinator.WaitForResponses.eYes_correct_of_votes_votes	3253717144076215989	pre-reconstructed	not-attempted	closed before SMT translation	58598874	collect=356416,pre-reconstruct=58242458	
plean	crush-portfolio	1	Examples/TwoPhaseCommit.lean|TwoPhaseCommit.Coordinator.WaitForResponses.eYes_correct_of_votes_votes	TwoPhaseCommit.Coordinator.WaitForResponses.eYes_correct_of_votes_votes	10882727174046215897	pre-reconstructed	not-attempted	closed before SMT translation	1966957	collect=275166,pre-reconstruct=1691791	
plean	crush-portfolio	1	Examples/TwoPhaseCommit.lean|TwoPhaseCommit.Coordinator.WaitForResponses.eYes_correct_of_votes_votes	TwoPhaseCommit.Coordinator.WaitForResponses.eYes_correct_of_votes_votes	8236911049903588693	unknown	not-attempted	no reason given	2635165042	collect=240250,pre-reconstruct=4215667,normalize=2483292,monomorphize=18542,instantiate=10833,translate=14426083,solve=2613770375	
plean	crush-portfolio	1	Examples/TwoPhaseCommit.lean|TwoPhaseCommit.Coordinator.WaitForResponses.eYes_correct_of_votes_votes	TwoPhaseCommit.Coordinator.WaitForResponses.eYes_correct_of_votes_votes	3253717144076215989	pre-reconstructed	not-attempted	closed before SMT translation	50275625	collect=259292,pre-reconstruct=50016333	
plean	crush-portfolio	1	Examples/TwoPhaseCommit.lean|TwoPhaseCommit.Coordinator.WaitForResponses.eYes_correct_of_votes_votes	TwoPhaseCommit.Coordinator.WaitForResponses.eYes_correct_of_votes_votes	10882727174046215897	pre-reconstructed	not-attempted	closed before SMT translation	1908083	collect=255583,pre-reconstruct=1652500	
plean	crush-portfolio	1	Examples/TwoPhaseCommit.lean|TwoPhaseCommit.Coordinator.WaitForResponses.eYes_correct_of_votes_votes	TwoPhaseCommit.Coordinator.WaitForResponses.eYes_correct_of_votes_votes	4603268118125486097	core-reconstructed	certificate-error	core-directed reconstruction succeeded	432639376	collect=206583,pre-reconstruct=1209500,normalize=2156834,monomorphize=18875,instantiate=10667,translate=12881583,solve=415230334,replay=22833,reconstruct=902167	
plean	crush-portfolio	1	Examples/TwoPhaseCommit.lean|TwoPhaseCommit.Coordinator.WaitForResponses.eYes_correct_of_votes_votes	TwoPhaseCommit.Coordinator.WaitForResponses.eYes_correct_of_votes_votes	4519860779536265759	unknown	not-attempted	no reason given	2603617959	collect=359750,pre-reconstruct=3991208,normalize=2862000,monomorphize=22000,instantiate=15167,translate=13728292,solve=2582639542	
plean	crush-portfolio	1	Examples/TwoPhaseCommit.lean|TwoPhaseCommit.Coordinator.WaitForResponses.eYes_correct_of_votes_votes	TwoPhaseCommit.Coordinator.WaitForResponses.eYes_correct_of_votes_votes	3253717144076215989	pre-reconstructed	not-attempted	closed before SMT translation	48275125	collect=234875,pre-reconstruct=48040250	
plean	crush-portfolio	1	Examples/TwoPhaseCommit.lean|TwoPhaseCommit.Coordinator.WaitForResponses.eYes_correct_of_votes_votes	TwoPhaseCommit.Coordinator.WaitForResponses.eYes_correct_of_votes_votes	10882727174046215897	pre-reconstructed	not-attempted	closed before SMT translation	2206542	collect=361334,pre-reconstruct=1845208	
plean	crush-portfolio	1	Examples/TwoPhaseCommit.lean|TwoPhaseCommit.Coordinator.WaitForResponses.eYes_correct_of_votes_votes	TwoPhaseCommit.Coordinator.WaitForResponses.eYes_correct_of_votes_votes	8236911049903588693	unknown	not-attempted	no reason given	2587120751	collect=240584,pre-reconstruct=2325917,normalize=2471834,monomorphize=20208,instantiate=12208,translate=13921084,solve=2568128916	
plean	crush-portfolio	1	Examples/TwoPhaseCommit.lean|TwoPhaseCommit.Coordinator.WaitForResponses.eYes_correct_of_votes_votes	TwoPhaseCommit.Coordinator.WaitForResponses.eYes_correct_of_votes_votes	14426783131750606986	unknown	not-attempted	solver exited without a verdict: cvc5 interrupted by timeout.	5462380792	collect=362208,pre-reconstruct=7210166,normalize=7250084,monomorphize=22375,instantiate=14459,translate=23214916,solve=5424306584	
plean	crush-portfolio	1	Examples/TwoPhaseCommit.lean|TwoPhaseCommit.Coordinator.WaitForResponses.eYes_correct_of_votes_votes	TwoPhaseCommit.Coordinator.WaitForResponses.eYes_correct_of_votes_votes	14426783131750606986	unknown	not-attempted	solver exited without a verdict: cvc5 interrupted by timeout.	5457618165	collect=419583,pre-reconstruct=7586208,normalize=7371208,monomorphize=26291,instantiate=20000,translate=24069750,solve=5418125125	
plean	crush-portfolio	1	Examples/TwoPhaseCommit.lean|TwoPhaseCommit.Coordinator.WaitForResponses.eYes_correct_of_votes_votes	TwoPhaseCommit.Coordinator.WaitForResponses.eYes_correct_of_votes_votes	14131650322810283276	unknown	not-attempted	solver exited without a verdict: cvc5 interrupted by timeout.	5456434584	collect=330917,pre-reconstruct=7722125,normalize=4524250,monomorphize=25208,instantiate=23750,translate=23017792,solve=5420790542	
plean	crush-portfolio	1	Examples/TwoPhaseCommit.lean|TwoPhaseCommit.Coordinator.WaitForResponses.eYes_correct_of_votes_votes	TwoPhaseCommit.Coordinator.WaitForResponses.eYes_correct_of_votes_votes	14131650322810283276	unknown	not-attempted	solver exited without a verdict: cvc5 interrupted by timeout.	5450195167	collect=296042,pre-reconstruct=7393875,normalize=4285125,monomorphize=24500,instantiate=19625,translate=22553625,solve=5415622375	
plean	crush-portfolio	1	Examples/TwoPhaseCommit.lean|TwoPhaseCommit.Coordinator.WaitForResponses.eNo_correct_of_votes_votes	TwoPhaseCommit.Coordinator.WaitForResponses.eNo_correct_of_votes_votes	14328788366895590194	core-reconstructed	certificate-error	core-directed reconstruction succeeded	581618541	collect=486625,pre-reconstruct=9836541,normalize=4569042,monomorphize=29833,instantiate=20417,translate=24903167,solve=459053208,replay=27000,reconstruct=82692708	
plean	crush-portfolio	1	Examples/TwoPhaseCommit.lean|TwoPhaseCommit.Coordinator.WaitForResponses.eNo_correct_of_votes_votes	TwoPhaseCommit.Coordinator.WaitForResponses.eNo_correct_of_votes_votes	16544938116920668609	unknown	not-attempted	solver exited without a verdict: cvc5 interrupted by timeout.	5439068208	collect=291417,pre-reconstruct=4315958,normalize=2934542,monomorphize=21166,instantiate=15083,translate=13869292,solve=5417620750	
plean	crush-portfolio	1	Examples/TwoPhaseCommit.lean|TwoPhaseCommit.Coordinator.WaitForResponses.eNo_correct_of_votes_votes	TwoPhaseCommit.Coordinator.WaitForResponses.eNo_correct_of_votes_votes	14328788366895590194	core-reconstructed	certificate-error	core-directed reconstruction succeeded	564304457	collect=315542,pre-reconstruct=9740500,normalize=4763208,monomorphize=21666,instantiate=17291,translate=22695625,solve=448235500,replay=16167,reconstruct=78498958	
plean	crush-portfolio	1	Examples/TwoPhaseCommit.lean|TwoPhaseCommit.Coordinator.WaitForResponses.eNo_correct_of_votes_votes	TwoPhaseCommit.Coordinator.WaitForResponses.eNo_correct_of_votes_votes	16544938116920668609	unknown	not-attempted	solver exited without a verdict: cvc5 interrupted by timeout.	5435188000	collect=280959,pre-reconstruct=4015000,normalize=2779416,monomorphize=22458,instantiate=10834,translate=14661958,solve=5413417375	
plean	crush-portfolio	1	Examples/TwoPhaseCommit.lean|TwoPhaseCommit.Coordinator.WaitForResponses.eNo_correct_of_votes_votes	TwoPhaseCommit.Coordinator.WaitForResponses.eNo_correct_of_votes_votes	16544938116920668609	core-reconstructed	certificate-error	core-directed reconstruction succeeded	1185000667	collect=336250,pre-reconstruct=2844167,normalize=4180208,monomorphize=22167,instantiate=18417,translate=19044333,solve=438074042,replay=16958,reconstruct=720464125	
plean	crush-portfolio	1	Examples/TwoPhaseCommit.lean|TwoPhaseCommit.Coordinator.WaitForResponses.eNo_correct_of_votes_votes	TwoPhaseCommit.Coordinator.WaitForResponses.eNo_correct_of_votes_votes	11269035718580243533	core-reconstructed	certificate-error	core-directed reconstruction succeeded	473914542	collect=344250,pre-reconstruct=1423959,normalize=3944750,monomorphize=21583,instantiate=14625,translate=17116833,solve=420659333,replay=12834,reconstruct=30376375	
plean	crush-portfolio	1	Examples/TwoPhaseCommit.lean|TwoPhaseCommit.Coordinator.WaitForResponses.eNo_correct_of_votes_votes	TwoPhaseCommit.Coordinator.WaitForResponses.eNo_correct_of_votes_votes	16316480181442834656	core-reconstructed	certificate-error	core-directed reconstruction succeeded	473433042	collect=308459,pre-reconstruct=8365625,normalize=4343416,monomorphize=23708,instantiate=12834,translate=19473750,solve=416054750,replay=14750,reconstruct=24835750	
plean	crush-portfolio	1	Examples/TwoPhaseCommit.lean|TwoPhaseCommit.Coordinator.WaitForResponses.eNo_correct_of_votes_votes	TwoPhaseCommit.Coordinator.WaitForResponses.eNo_correct_of_votes_votes	16544938116920668609	unknown	not-attempted	solver exited without a verdict: cvc5 interrupted by timeout.	5434669624	collect=229916,pre-reconstruct=2942292,normalize=3063750,monomorphize=22666,instantiate=13000,translate=14025000,solve=5414373000	
plean	crush-portfolio	1	Examples/TwoPhaseCommit.lean|TwoPhaseCommit.Coordinator.WaitForResponses.eNo_correct_of_votes_votes	TwoPhaseCommit.Coordinator.WaitForResponses.eNo_correct_of_votes_votes	16544938116920668609	core-reconstructed	certificate-error	core-directed reconstruction succeeded	1176185915	collect=286916,pre-reconstruct=2581500,normalize=4430625,monomorphize=21291,instantiate=15500,translate=19161833,solve=459789583,replay=13709,reconstruct=689884958	
plean	crush-portfolio	1	Examples/TwoPhaseCommit.lean|TwoPhaseCommit.Coordinator.WaitForResponses.eNo_correct_of_votes_votes	TwoPhaseCommit.Coordinator.WaitForResponses.eNo_correct_of_votes_votes	3663896596369207448	core-reconstructed	certificate-error	core-directed reconstruction succeeded	475000124	collect=336209,pre-reconstruct=1392167,normalize=3604291,monomorphize=21541,instantiate=10459,translate=16989791,solve=425073125,replay=13375,reconstruct=27559166	
plean	crush-portfolio	1	Examples/TwoPhaseCommit.lean|TwoPhaseCommit.Coordinator.WaitForResponses.eNo_correct_of_votes_votes	TwoPhaseCommit.Coordinator.WaitForResponses.eNo_correct_of_votes_votes	169441211374121931	core-reconstructed	certificate-error	core-directed reconstruction succeeded	470332043	collect=309958,pre-reconstruct=7912750,normalize=4150417,monomorphize=25458,instantiate=12708,translate=18564709,solve=414716542,replay=14042,reconstruct=24625459	
plean	crush-portfolio	1	Examples/TwoPhaseCommit.lean|TwoPhaseCommit.Coordinator.WaitForResponses.eNo_correct_of_votes_votes	TwoPhaseCommit.Coordinator.WaitForResponses.eNo_correct_of_votes_votes	11907710230033842077	unknown	not-attempted	solver exited without a verdict: cvc5 interrupted by timeout.	5443490333	collect=227125,pre-reconstruct=2055750,normalize=2663458,monomorphize=21666,instantiate=12042,translate=14972625,solve=5423537667	
plean	crush-portfolio	1	Examples/TwoPhaseCommit.lean|TwoPhaseCommit.Coordinator.WaitForResponses.eNo_correct_of_votes_votes	TwoPhaseCommit.Coordinator.WaitForResponses.eNo_correct_of_votes_votes	3253717144076215989	pre-reconstructed	not-attempted	closed before SMT translation	46274709	collect=250417,pre-reconstruct=46024292	
plean	crush-portfolio	1	Examples/TwoPhaseCommit.lean|TwoPhaseCommit.Coordinator.WaitForResponses.eNo_correct_of_votes_votes	TwoPhaseCommit.Coordinator.WaitForResponses.eNo_correct_of_votes_votes	10882727174046215897	pre-reconstructed	not-attempted	closed before SMT translation	1655625	collect=247958,pre-reconstruct=1407667	
plean	crush-portfolio	1	Examples/TwoPhaseCommit.lean|TwoPhaseCommit.Coordinator.WaitForResponses.eNo_correct_of_votes_votes	TwoPhaseCommit.Coordinator.WaitForResponses.eNo_correct_of_votes_votes	8236911049903588693	unknown	not-attempted	solver exited without a verdict: cvc5 interrupted by timeout.	5442255249	collect=177709,pre-reconstruct=3445208,normalize=2422041,monomorphize=19750,instantiate=11625,translate=13038083,solve=5423140833	
plean	crush-portfolio	1	Examples/TwoPhaseCommit.lean|TwoPhaseCommit.Coordinator.WaitForResponses.eNo_correct_of_votes_votes	TwoPhaseCommit.Coordinator.WaitForResponses.eNo_correct_of_votes_votes	3253717144076215989	pre-reconstructed	not-attempted	closed before SMT translation	47358750	collect=291125,pre-reconstruct=47067625	
plean	crush-portfolio	1	Examples/TwoPhaseCommit.lean|TwoPhaseCommit.Coordinator.WaitForResponses.eNo_correct_of_votes_votes	TwoPhaseCommit.Coordinator.WaitForResponses.eNo_correct_of_votes_votes	10882727174046215897	pre-reconstructed	not-attempted	closed before SMT translation	1759167	collect=246042,pre-reconstruct=1513125	
plean	crush-portfolio	1	Examples/TwoPhaseCommit.lean|TwoPhaseCommit.Coordinator.WaitForResponses.eNo_correct_of_votes_votes	TwoPhaseCommit.Coordinator.WaitForResponses.eNo_correct_of_votes_votes	8236911049903588693	unknown	not-attempted	solver exited without a verdict: cvc5 interrupted by timeout.	5452630583	collect=179125,pre-reconstruct=3437250,normalize=2631750,monomorphize=19917,instantiate=11541,translate=14270083,solve=5432080917	
plean	crush-portfolio	1	Examples/TwoPhaseCommit.lean|TwoPhaseCommit.Coordinator.WaitForResponses.eNo_correct_of_votes_votes	TwoPhaseCommit.Coordinator.WaitForResponses.eNo_correct_of_votes_votes	3253717144076215989	pre-reconstructed	not-attempted	closed before SMT translation	49709666	collect=254333,pre-reconstruct=49455333	
plean	crush-portfolio	1	Examples/TwoPhaseCommit.lean|TwoPhaseCommit.Coordinator.WaitForResponses.eNo_correct_of_votes_votes	TwoPhaseCommit.Coordinator.WaitForResponses.eNo_correct_of_votes_votes	10882727174046215897	pre-reconstructed	not-attempted	closed before SMT translation	1890334	collect=237375,pre-reconstruct=1652959	
plean	crush-portfolio	1	Examples/TwoPhaseCommit.lean|TwoPhaseCommit.Coordinator.WaitForResponses.eNo_correct_of_votes_votes	TwoPhaseCommit.Coordinator.WaitForResponses.eNo_correct_of_votes_votes	4603268118125486097	core-reconstructed	certificate-error	core-directed reconstruction succeeded	428857918	collect=257000,pre-reconstruct=1407459,normalize=2485625,monomorphize=21125,instantiate=12625,translate=14204542,solve=408501375,replay=12917,reconstruct=1955250	
plean	crush-portfolio	1	Examples/TwoPhaseCommit.lean|TwoPhaseCommit.Coordinator.WaitForResponses.eNo_correct_of_votes_votes	TwoPhaseCommit.Coordinator.WaitForResponses.eNo_correct_of_votes_votes	4519860779536265759	unknown	not-attempted	solver exited without a verdict: cvc5 interrupted by timeout.	5447296293	collect=363042,pre-reconstruct=3812917,normalize=2542709,monomorphize=19708,instantiate=14959,translate=13410250,solve=5427132708	
plean	crush-portfolio	1	Examples/TwoPhaseCommit.lean|TwoPhaseCommit.Coordinator.WaitForResponses.eNo_correct_of_votes_votes	TwoPhaseCommit.Coordinator.WaitForResponses.eNo_correct_of_votes_votes	3253717144076215989	pre-reconstructed	not-attempted	closed before SMT translation	49031792	collect=242125,pre-reconstruct=48789667	
plean	crush-portfolio	1	Examples/TwoPhaseCommit.lean|TwoPhaseCommit.Coordinator.WaitForResponses.eNo_correct_of_votes_votes	TwoPhaseCommit.Coordinator.WaitForResponses.eNo_correct_of_votes_votes	10882727174046215897	pre-reconstructed	not-attempted	closed before SMT translation	2013708	collect=274458,pre-reconstruct=1739250	
plean	crush-portfolio	1	Examples/TwoPhaseCommit.lean|TwoPhaseCommit.Coordinator.WaitForResponses.eNo_correct_of_votes_votes	TwoPhaseCommit.Coordinator.WaitForResponses.eNo_correct_of_votes_votes	8236911049903588693	unknown	not-attempted	solver exited without a verdict: cvc5 interrupted by timeout.	5434085084	collect=252041,pre-reconstruct=2539542,normalize=2682709,monomorphize=22083,instantiate=16709,translate=14283000,solve=5414289000	
plean	crush-portfolio	1	Examples/TwoPhaseCommit.lean|TwoPhaseCommit.Coordinator.WaitForResponses.eNo_correct_of_votes_votes	TwoPhaseCommit.Coordinator.WaitForResponses.eNo_correct_of_votes_votes	14328788366895590194	core-reconstructed	certificate-error	core-directed reconstruction succeeded	564976710	collect=331166,pre-reconstruct=8823792,normalize=4447542,monomorphize=19500,instantiate=15792,translate=21960417,solve=453106709,replay=15959,reconstruct=76255833	
plean	crush-portfolio	1	Examples/TwoPhaseCommit.lean|TwoPhaseCommit.Coordinator.WaitForResponses.eNo_correct_of_votes_votes	TwoPhaseCommit.Coordinator.WaitForResponses.eNo_correct_of_votes_votes	16544938116920668609	unknown	not-attempted	solver exited without a verdict: cvc5 interrupted by timeout.	5436087249	collect=294375,pre-reconstruct=3773542,normalize=3052083,monomorphize=24958,instantiate=14000,translate=14685625,solve=5414242666	
plean	crush-portfolio	1	Examples/TwoPhaseCommit.lean|TwoPhaseCommit.Coordinator.WaitForResponses.eNo_correct_of_votes_votes	TwoPhaseCommit.Coordinator.WaitForResponses.eNo_correct_of_votes_votes	14328788366895590194	core-reconstructed	certificate-error	core-directed reconstruction succeeded	559391584	collect=343083,pre-reconstruct=9436375,normalize=4557042,monomorphize=20542,instantiate=16500,translate=20787375,solve=454216750,replay=14167,reconstruct=69999750	
plean	crush-portfolio	1	Examples/TwoPhaseCommit.lean|TwoPhaseCommit.Coordinator.WaitForResponses.eNo_correct_of_votes_votes	TwoPhaseCommit.Coordinator.WaitForResponses.eNo_correct_of_votes_votes	16544938116920668609	unknown	not-attempted	solver exited without a verdict: cvc5 interrupted by timeout.	5436700793	collect=269375,pre-reconstruct=3258084,normalize=3140416,monomorphize=23292,instantiate=12417,translate=14553209,solve=5415444000	
plean	crush-portfolio	1	Examples/TwoPhaseCommit.lean|TwoPhaseCommit.Coordinator.WaitForResponses.eNo_correct_of_votes_votes	TwoPhaseCommit.Coordinator.WaitForResponses.eNo_correct_of_votes_votes	16544938116920668609	core-reconstructed	certificate-error	core-directed reconstruction succeeded	1177114750	collect=325792,pre-reconstruct=2617375,normalize=4088875,monomorphize=24875,instantiate=16416,translate=20402625,solve=434648625,replay=15083,reconstruct=714975084	
plean	crush-portfolio	1	Examples/TwoPhaseCommit.lean|TwoPhaseCommit.Coordinator.WaitForResponses.eNo_correct_of_votes_votes	TwoPhaseCommit.Coordinator.WaitForResponses.eNo_correct_of_votes_votes	11269035718580243533	core-reconstructed	certificate-error	core-directed reconstruction succeeded	477442540	collect=343917,pre-reconstruct=1393625,normalize=3677958,monomorphize=20667,instantiate=13916,translate=18963291,solve=423978750,replay=18166,reconstruct=29032250	
plean	crush-portfolio	1	Examples/TwoPhaseCommit.lean|TwoPhaseCommit.Coordinator.WaitForResponses.eNo_correct_of_votes_votes	TwoPhaseCommit.Coordinator.WaitForResponses.eNo_correct_of_votes_votes	16316480181442834656	core-reconstructed	certificate-error	core-directed reconstruction succeeded	471996417	collect=332083,pre-reconstruct=7428375,normalize=3770042,monomorphize=22000,instantiate=13292,translate=19573334,solve=416955416,replay=14750,reconstruct=23887125	
plean	crush-portfolio	1	Examples/TwoPhaseCommit.lean|TwoPhaseCommit.Coordinator.WaitForResponses.eNo_correct_of_votes_votes	TwoPhaseCommit.Coordinator.WaitForResponses.eNo_correct_of_votes_votes	16544938116920668609	unknown	not-attempted	solver exited without a verdict: cvc5 interrupted by timeout.	5445834875	collect=285458,pre-reconstruct=2706791,normalize=2867292,monomorphize=25167,instantiate=12542,translate=15910625,solve=5424027000	
plean	crush-portfolio	1	Examples/TwoPhaseCommit.lean|TwoPhaseCommit.Coordinator.WaitForResponses.eNo_correct_of_votes_votes	TwoPhaseCommit.Coordinator.WaitForResponses.eNo_correct_of_votes_votes	16544938116920668609	core-reconstructed	certificate-error	core-directed reconstruction succeeded	1171017501	collect=444500,pre-reconstruct=2789500,normalize=5263125,monomorphize=29708,instantiate=21250,translate=20856625,solve=439959292,replay=13959,reconstruct=701639542	
plean	crush-portfolio	1	Examples/TwoPhaseCommit.lean|TwoPhaseCommit.Coordinator.WaitForResponses.eNo_correct_of_votes_votes	TwoPhaseCommit.Coordinator.WaitForResponses.eNo_correct_of_votes_votes	3663896596369207448	core-reconstructed	certificate-error	core-directed reconstruction succeeded	479802875	collect=328834,pre-reconstruct=1395333,normalize=3850500,monomorphize=23291,instantiate=13542,translate=18440500,solve=424791875,replay=17000,reconstruct=30942000	
plean	crush-portfolio	1	Examples/TwoPhaseCommit.lean|TwoPhaseCommit.Coordinator.WaitForResponses.eNo_correct_of_votes_votes	TwoPhaseCommit.Coordinator.WaitForResponses.eNo_correct_of_votes_votes	169441211374121931	core-reconstructed	certificate-error	core-directed reconstruction succeeded	467937751	collect=357959,pre-reconstruct=7699167,normalize=4330625,monomorphize=23125,instantiate=12542,translate=18213625,solve=414619000,replay=15458,reconstruct=22666250	
plean	crush-portfolio	1	Examples/TwoPhaseCommit.lean|TwoPhaseCommit.Coordinator.WaitForResponses.eNo_correct_of_votes_votes	TwoPhaseCommit.Coordinator.WaitForResponses.eNo_correct_of_votes_votes	11907710230033842077	unknown	not-attempted	solver exited without a verdict: cvc5 interrupted by timeout.	5438381416	collect=280208,pre-reconstruct=2371333,normalize=2932917,monomorphize=23250,instantiate=11666,translate=14743875,solve=5418018167	
plean	crush-portfolio	1	Examples/TwoPhaseCommit.lean|TwoPhaseCommit.Coordinator.WaitForResponses.eNo_correct_of_votes_votes	TwoPhaseCommit.Coordinator.WaitForResponses.eNo_correct_of_votes_votes	14328788366895590194	core-reconstructed	certificate-error	core-directed reconstruction succeeded	588522834	collect=346083,pre-reconstruct=9403334,normalize=4375167,monomorphize=19833,instantiate=12417,translate=22419916,solve=469150584,replay=15208,reconstruct=82780292	
plean	crush-portfolio	1	Examples/TwoPhaseCommit.lean|TwoPhaseCommit.Coordinator.WaitForResponses.eNo_correct_of_votes_votes	TwoPhaseCommit.Coordinator.WaitForResponses.eNo_correct_of_votes_votes	16544938116920668609	unknown	not-attempted	solver exited without a verdict: cvc5 interrupted by timeout.	5457683623	collect=278708,pre-reconstruct=3975625,normalize=2774959,monomorphize=21458,instantiate=11541,translate=16735291,solve=5433886041	
plean	crush-portfolio	1	Examples/TwoPhaseCommit.lean|TwoPhaseCommit.Coordinator.WaitForResponses.eNo_correct_of_votes_votes	TwoPhaseCommit.Coordinator.WaitForResponses.eNo_correct_of_votes_votes	14328788366895590194	core-reconstructed	certificate-error	core-directed reconstruction succeeded	574671125	collect=352417,pre-reconstruct=9513541,normalize=4980167,monomorphize=27250,instantiate=18542,translate=21800083,solve=462346417,replay=13917,reconstruct=75618791	
plean	crush-portfolio	1	Examples/TwoPhaseCommit.lean|TwoPhaseCommit.Coordinator.WaitForResponses.eNo_correct_of_votes_votes	TwoPhaseCommit.Coordinator.WaitForResponses.eNo_correct_of_votes_votes	16544938116920668609	unknown	not-attempted	solver exited without a verdict: cvc5 interrupted by timeout.	5439635540	collect=353000,pre-reconstruct=3173916,normalize=3089166,monomorphize=22916,instantiate=12083,translate=14915542,solve=5418068917	
plean	crush-portfolio	1	Examples/TwoPhaseCommit.lean|TwoPhaseCommit.Coordinator.WaitForResponses.eNo_correct_of_votes_votes	TwoPhaseCommit.Coordinator.WaitForResponses.eNo_correct_of_votes_votes	16544938116920668609	core-reconstructed	certificate-error	core-directed reconstruction succeeded	1171014833	collect=387959,pre-reconstruct=3096709,normalize=4570375,monomorphize=22791,instantiate=18875,translate=18505625,solve=437401166,replay=14583,reconstruct=706996750	
plean	crush-portfolio	1	Examples/TwoPhaseCommit.lean|TwoPhaseCommit.Coordinator.WaitForResponses.eNo_correct_of_votes_votes	TwoPhaseCommit.Coordinator.WaitForResponses.eNo_correct_of_votes_votes	11269035718580243533	core-reconstructed	certificate-error	core-directed reconstruction succeeded	482442002	collect=320959,pre-reconstruct=1435500,normalize=3697834,monomorphize=21459,instantiate=12292,translate=17182416,solve=430210584,replay=13167,reconstruct=29547791	
plean	crush-portfolio	1	Examples/TwoPhaseCommit.lean|TwoPhaseCommit.Coordinator.WaitForResponses.eNo_correct_of_votes_votes	TwoPhaseCommit.Coordinator.WaitForResponses.eNo_correct_of_votes_votes	16316480181442834656	core-reconstructed	certificate-error	core-directed reconstruction succeeded	473002499	collect=302458,pre-reconstruct=7438042,normalize=4025333,monomorphize=21583,instantiate=15375,translate=18334042,solve=420127583,replay=15875,reconstruct=22722208	
plean	crush-portfolio	1	Examples/TwoPhaseCommit.lean|TwoPhaseCommit.Coordinator.WaitForResponses.eNo_correct_of_votes_votes	TwoPhaseCommit.Coordinator.WaitForResponses.eNo_correct_of_votes_votes	16544938116920668609	unknown	not-attempted	solver exited without a verdict: cvc5 interrupted by timeout.	5452321209	collect=219292,pre-reconstruct=2016750,normalize=2560125,monomorphize=23959,instantiate=12167,translate=13841958,solve=5433646958	
plean	crush-portfolio	1	Examples/TwoPhaseCommit.lean|TwoPhaseCommit.Coordinator.WaitForResponses.eNo_correct_of_votes_votes	TwoPhaseCommit.Coordinator.WaitForResponses.eNo_correct_of_votes_votes	16544938116920668609	core-reconstructed	certificate-error	core-directed reconstruction succeeded	1215404375	collect=365250,pre-reconstruct=2933959,normalize=4289417,monomorphize=21917,instantiate=16708,translate=20010541,solve=440222166,replay=17584,reconstruct=747526833	
plean	crush-portfolio	1	Examples/TwoPhaseCommit.lean|TwoPhaseCommit.Coordinator.WaitForResponses.eNo_correct_of_votes_votes	TwoPhaseCommit.Coordinator.WaitForResponses.eNo_correct_of_votes_votes	3663896596369207448	core-reconstructed	certificate-error	core-directed reconstruction succeeded	482318251	collect=333500,pre-reconstruct=1455084,normalize=3835542,monomorphize=23417,instantiate=11625,translate=17240583,solve=427310583,replay=13292,reconstruct=32094625	
plean	crush-portfolio	1	Examples/TwoPhaseCommit.lean|TwoPhaseCommit.Coordinator.WaitForResponses.eNo_correct_of_votes_votes	TwoPhaseCommit.Coordinator.WaitForResponses.eNo_correct_of_votes_votes	169441211374121931	core-reconstructed	certificate-error	core-directed reconstruction succeeded	467891166	collect=309208,pre-reconstruct=6861000,normalize=3798292,monomorphize=26458,instantiate=14417,translate=17030541,solve=416225333,replay=13542,reconstruct=23612375	
plean	crush-portfolio	1	Examples/TwoPhaseCommit.lean|TwoPhaseCommit.Coordinator.WaitForResponses.eNo_correct_of_votes_votes	TwoPhaseCommit.Coordinator.WaitForResponses.eNo_correct_of_votes_votes	11907710230033842077	unknown	not-attempted	solver exited without a verdict: cvc5 interrupted by timeout.	5436825500	collect=255917,pre-reconstruct=2453917,normalize=2844750,monomorphize=26583,instantiate=10958,translate=15627375,solve=5415606000	
plean	crush-portfolio	1	Examples/TwoPhaseCommit.lean|TwoPhaseCommit.Coordinator.Init.entry_correct_of_votes_votes	TwoPhaseCommit.Coordinator.Init.entry_correct_of_votes_votes	10238892770241185239	core-reconstructed	certificate-error	core-directed reconstruction succeeded	572285040	collect=355500,pre-reconstruct=9131833,normalize=4412875,monomorphize=26125,instantiate=20458,translate=22788250,solve=449959833,replay=21541,reconstruct=85568625	
plean	crush-portfolio	1	Examples/TwoPhaseCommit.lean|TwoPhaseCommit.Coordinator.Init.entry_correct_of_votes_votes	TwoPhaseCommit.Coordinator.Init.entry_correct_of_votes_votes	16544938116920668609	unknown	not-attempted	no reason given	716089460	collect=252542,pre-reconstruct=3693375,normalize=2547334,monomorphize=18875,instantiate=14083,translate=13172667,solve=696390584	
plean	crush-portfolio	1	Examples/TwoPhaseCommit.lean|TwoPhaseCommit.Coordinator.Init.entry_correct_of_votes_votes	TwoPhaseCommit.Coordinator.Init.entry_correct_of_votes_votes	10238892770241185239	core-reconstructed	certificate-error	core-directed reconstruction succeeded	568351291	collect=359708,pre-reconstruct=9357000,normalize=4475417,monomorphize=19666,instantiate=15958,translate=21890625,solve=443634750,replay=12792,reconstruct=88585375	
plean	crush-portfolio	1	Examples/TwoPhaseCommit.lean|TwoPhaseCommit.Coordinator.Init.entry_correct_of_votes_votes	TwoPhaseCommit.Coordinator.Init.entry_correct_of_votes_votes	16544938116920668609	unknown	not-attempted	no reason given	703528709	collect=275250,pre-reconstruct=3650417,normalize=2780333,monomorphize=19750,instantiate=11750,translate=12363959,solve=684427250	
plean	crush-portfolio	1	Examples/TwoPhaseCommit.lean|TwoPhaseCommit.Coordinator.Init.entry_correct_of_votes_votes	TwoPhaseCommit.Coordinator.Init.entry_correct_of_votes_votes	16544938116920668609	core-reconstructed	certificate-error	core-directed reconstruction succeeded	1199597960	collect=292875,pre-reconstruct=2648542,normalize=4293750,monomorphize=21542,instantiate=20292,translate=18832250,solve=438311250,replay=11375,reconstruct=735166084	
plean	crush-portfolio	1	Examples/TwoPhaseCommit.lean|TwoPhaseCommit.Coordinator.Init.entry_correct_of_votes_votes	TwoPhaseCommit.Coordinator.Init.entry_correct_of_votes_votes	11269035718580243533	core-reconstructed	certificate-error	core-directed reconstruction succeeded	491492791	collect=317958,pre-reconstruct=1409917,normalize=3899750,monomorphize=19125,instantiate=14750,translate=17272333,solve=432288541,replay=11958,reconstruct=36258459	
plean	crush-portfolio	1	Examples/TwoPhaseCommit.lean|TwoPhaseCommit.Coordinator.Init.entry_correct_of_votes_votes	TwoPhaseCommit.Coordinator.Init.entry_correct_of_votes_votes	17743988793785745605	core-reconstructed	certificate-error	core-directed reconstruction succeeded	473550793	collect=280667,pre-reconstruct=9993167,normalize=3789000,monomorphize=19334,instantiate=11792,translate=16518667,solve=416970291,replay=15709,reconstruct=25952166	
plean	crush-portfolio	1	Examples/TwoPhaseCommit.lean|TwoPhaseCommit.Coordinator.Init.entry_correct_of_votes_votes	TwoPhaseCommit.Coordinator.Init.entry_correct_of_votes_votes	16544938116920668609	unknown	not-attempted	no reason given	709423916	collect=197417,pre-reconstruct=2119709,normalize=2570583,monomorphize=20041,instantiate=11208,translate=14195000,solve=690309958	
plean	crush-portfolio	1	Examples/TwoPhaseCommit.lean|TwoPhaseCommit.Coordinator.Init.entry_correct_of_votes_votes	TwoPhaseCommit.Coordinator.Init.entry_correct_of_votes_votes	16544938116920668609	core-reconstructed	certificate-error	core-directed reconstruction succeeded	1115531416	collect=315875,pre-reconstruct=2420458,normalize=3996250,monomorphize=20875,instantiate=16084,translate=17975917,solve=431958750,replay=15041,reconstruct=658812166	
plean	crush-portfolio	1	Examples/TwoPhaseCommit.lean|TwoPhaseCommit.Coordinator.Init.entry_correct_of_votes_votes	TwoPhaseCommit.Coordinator.Init.entry_correct_of_votes_votes	3663896596369207448	core-reconstructed	certificate-error	core-directed reconstruction succeeded	476577958	collect=383708,pre-reconstruct=1539375,normalize=3630000,monomorphize=19667,instantiate=15459,translate=17663583,solve=423661083,replay=12708,reconstruct=29652375	
plean	crush-portfolio	1	Examples/TwoPhaseCommit.lean|TwoPhaseCommit.Coordinator.Init.entry_correct_of_votes_votes	TwoPhaseCommit.Coordinator.Init.entry_correct_of_votes_votes	17468433773464704659	core-reconstructed	certificate-error	core-directed reconstruction succeeded	465977292	collect=290209,pre-reconstruct=6929875,normalize=3376000,monomorphize=18667,instantiate=10916,translate=15270042,solve=417242083,replay=12125,reconstruct=22827375	
plean	crush-portfolio	1	Examples/TwoPhaseCommit.lean|TwoPhaseCommit.Coordinator.Init.entry_correct_of_votes_votes	TwoPhaseCommit.Coordinator.Init.entry_correct_of_votes_votes	16762529229697648496	unknown	not-attempted	no reason given	704018541	collect=206041,pre-reconstruct=2104167,normalize=2694750,monomorphize=19750,instantiate=10958,translate=13434500,solve=685548375	
plean	crush-portfolio	1	Examples/TwoPhaseCommit.lean|TwoPhaseCommit.Coordinator.Init.entry_correct_of_votes_votes	TwoPhaseCommit.Coordinator.Init.entry_correct_of_votes_votes	3253717144076215989	pre-reconstructed	not-attempted	closed before SMT translation	40638542	collect=216042,pre-reconstruct=40422500	
plean	crush-portfolio	1	Examples/TwoPhaseCommit.lean|TwoPhaseCommit.Coordinator.Init.entry_correct_of_votes_votes	TwoPhaseCommit.Coordinator.Init.entry_correct_of_votes_votes	10882727174046215897	pre-reconstructed	not-attempted	closed before SMT translation	1401250	collect=199417,pre-reconstruct=1201833	
plean	crush-portfolio	1	Examples/TwoPhaseCommit.lean|TwoPhaseCommit.Coordinator.Init.entry_correct_of_votes_votes	TwoPhaseCommit.Coordinator.Init.entry_correct_of_votes_votes	12046566145604182226	selected-fact	not-attempted	closed from a selected Lean fact	143542	collect=143542	
plean	crush-portfolio	1	Examples/TwoPhaseCommit.lean|TwoPhaseCommit.Coordinator.Init.entry_correct_of_votes_votes	TwoPhaseCommit.Coordinator.Init.entry_correct_of_votes_votes	9909793585723607952	selected-fact	not-attempted	closed from a selected Lean fact	136375	collect=136375	
plean	crush-portfolio	1	Examples/TwoPhaseCommit.lean|TwoPhaseCommit.Coordinator.Init.entry_correct_of_votes_votes	TwoPhaseCommit.Coordinator.Init.entry_correct_of_votes_votes	13137414707843300806	selected-fact	not-attempted	closed from a selected Lean fact	138625	collect=138625	
plean	crush-portfolio	1	Examples/TwoPhaseCommit.lean|TwoPhaseCommit.Coordinator.Init.entry_correct_of_votes_votes	TwoPhaseCommit.Coordinator.Init.entry_correct_of_votes_votes	17949712576744242606	selected-fact	not-attempted	closed from a selected Lean fact	132209	collect=132209	
plean	crush-portfolio	1	Examples/TwoPhaseCommit.lean|TwoPhaseCommit.Coordinator.Init.entry_correct_of_votes_votes	TwoPhaseCommit.Coordinator.Init.entry_correct_of_votes_votes	3253717144076215989	pre-reconstructed	not-attempted	closed before SMT translation	90547709	collect=286542,pre-reconstruct=90261167	
plean	crush-portfolio	1	Examples/TwoPhaseCommit.lean|TwoPhaseCommit.Coordinator.Init.entry_correct_of_votes_votes	TwoPhaseCommit.Coordinator.Init.entry_correct_of_votes_votes	10882727174046215897	pre-reconstructed	not-attempted	closed before SMT translation	1473667	collect=200167,pre-reconstruct=1273500	
plean	crush-portfolio	1	Examples/TwoPhaseCommit.lean|TwoPhaseCommit.Coordinator.Init.entry_correct_of_votes_votes	TwoPhaseCommit.Coordinator.Init.entry_correct_of_votes_votes	12046566145604182226	selected-fact	not-attempted	closed from a selected Lean fact	141458	collect=141458	
plean	crush-portfolio	1	Examples/TwoPhaseCommit.lean|TwoPhaseCommit.Coordinator.Init.entry_correct_of_votes_votes	TwoPhaseCommit.Coordinator.Init.entry_correct_of_votes_votes	9909793585723607952	selected-fact	not-attempted	closed from a selected Lean fact	141250	collect=141250	
plean	crush-portfolio	1	Examples/TwoPhaseCommit.lean|TwoPhaseCommit.Coordinator.Init.entry_correct_of_votes_votes	TwoPhaseCommit.Coordinator.Init.entry_correct_of_votes_votes	13137414707843300806	selected-fact	not-attempted	closed from a selected Lean fact	144292	collect=144292	
plean	crush-portfolio	1	Examples/TwoPhaseCommit.lean|TwoPhaseCommit.Coordinator.Init.entry_correct_of_votes_votes	TwoPhaseCommit.Coordinator.Init.entry_correct_of_votes_votes	17949712576744242606	selected-fact	not-attempted	closed from a selected Lean fact	130584	collect=130584	
plean	crush-portfolio	1	Examples/TwoPhaseCommit.lean|TwoPhaseCommit.Coordinator.Init.entry_correct_of_votes_votes	TwoPhaseCommit.Coordinator.Init.entry_correct_of_votes_votes	3253717144076215989	pre-reconstructed	not-attempted	closed before SMT translation	46575333	collect=230750,pre-reconstruct=46344583	
plean	crush-portfolio	1	Examples/TwoPhaseCommit.lean|TwoPhaseCommit.Coordinator.Init.entry_correct_of_votes_votes	TwoPhaseCommit.Coordinator.Init.entry_correct_of_votes_votes	10882727174046215897	pre-reconstructed	not-attempted	closed before SMT translation	1427333	collect=207958,pre-reconstruct=1219375	
plean	crush-portfolio	1	Examples/TwoPhaseCommit.lean|TwoPhaseCommit.Coordinator.Init.entry_correct_of_votes_votes	TwoPhaseCommit.Coordinator.Init.entry_correct_of_votes_votes	12046566145604182226	selected-fact	not-attempted	closed from a selected Lean fact	277667	collect=277667	
plean	crush-portfolio	1	Examples/TwoPhaseCommit.lean|TwoPhaseCommit.Coordinator.Init.entry_correct_of_votes_votes	TwoPhaseCommit.Coordinator.Init.entry_correct_of_votes_votes	9909793585723607952	selected-fact	not-attempted	closed from a selected Lean fact	149000	collect=149000	
plean	crush-portfolio	1	Examples/TwoPhaseCommit.lean|TwoPhaseCommit.Coordinator.Init.entry_correct_of_votes_votes	TwoPhaseCommit.Coordinator.Init.entry_correct_of_votes_votes	13137414707843300806	selected-fact	not-attempted	closed from a selected Lean fact	143625	collect=143625	
plean	crush-portfolio	1	Examples/TwoPhaseCommit.lean|TwoPhaseCommit.Coordinator.Init.entry_correct_of_votes_votes	TwoPhaseCommit.Coordinator.Init.entry_correct_of_votes_votes	17949712576744242606	selected-fact	not-attempted	closed from a selected Lean fact	135541	collect=135541	
plean	crush-portfolio	1	Examples/TwoPhaseCommit.lean|TwoPhaseCommit.Coordinator.Init.entry_correct_of_votes_votes	TwoPhaseCommit.Coordinator.Init.entry_correct_of_votes_votes	3253717144076215989	unknown	not-attempted	solver exited without a verdict: cvc5 interrupted by timeout.	5631969500	collect=260375,pre-reconstruct=184208250,normalize=2937750,monomorphize=21458,instantiate=11708,translate=14553125,solve=5429976834	
plean	crush-portfolio	1	Examples/TwoPhaseCommit.lean|TwoPhaseCommit.Coordinator.Init.entry_correct_of_votes_votes	TwoPhaseCommit.Coordinator.Init.entry_correct_of_votes_votes	3253717144076215989	unknown	not-attempted	solver exited without a verdict: cvc5 interrupted by timeout.	5634036457	collect=298333,pre-reconstruct=186438458,normalize=3077375,monomorphize=19541,instantiate=8625,translate=14780875,solve=5429413250	
plean	crush-portfolio	1	Examples/TwoPhaseCommit.lean|TwoPhaseCommit.Coordinator.Init.entry_correct_of_votes_votes	TwoPhaseCommit.Coordinator.Init.entry_correct_of_votes_votes	3253717144076215989	unknown	not-attempted	solver exited without a verdict: cvc5 interrupted by timeout.	5622644333	collect=265375,pre-reconstruct=179542375,normalize=2937125,monomorphize=20458,instantiate=14167,translate=13403625,solve=5426461208	
plean	crush-portfolio	1	Examples/TwoPhaseCommit.lean|TwoPhaseCommit.Coordinator.Init.entry_correct_of_votes_votes	TwoPhaseCommit.Coordinator.Init.entry_correct_of_votes_votes	3253717144076215989	unknown	not-attempted	solver exited without a verdict: cvc5 interrupted by timeout.	5624284751	collect=309375,pre-reconstruct=181126125,normalize=3102292,monomorphize=20292,instantiate=11167,translate=13794833,solve=5425920667	
plean	crush-portfolio	1	Examples/TwoPhaseCommit.lean|TwoPhaseCommit.Coordinator.Init.entry_correct_of_votes_votes	TwoPhaseCommit.Coordinator.Init.entry_correct_of_votes_votes	3253717144076215989	pre-reconstructed	not-attempted	closed before SMT translation	89176458	collect=246250,pre-reconstruct=88930208	
plean	crush-portfolio	1	Examples/TwoPhaseCommit.lean|TwoPhaseCommit.Coordinator.Init.entry_correct_of_votes_votes	TwoPhaseCommit.Coordinator.Init.entry_correct_of_votes_votes	10882727174046215897	core-reconstructed	certificate-error	core-directed reconstruction succeeded	877442000	collect=232250,pre-reconstruct=381824250,normalize=3886792,monomorphize=22792,instantiate=10292,translate=18669041,solve=423061166,replay=13667,reconstruct=49721750	
plean	crush-portfolio	1	Examples/TwoPhaseCommit.lean|TwoPhaseCommit.Participant.Undecided.eVoteReq_correct_of_votes_votes	TwoPhaseCommit.Participant.Undecided.eVoteReq_correct_of_votes_votes	851939294204728703	core-reconstructed	certificate-error	core-directed reconstruction succeeded	501254626	collect=388000,pre-reconstruct=7677542,normalize=3758375,monomorphize=27500,instantiate=21209,translate=18050584,solve=425987542,replay=56541,reconstruct=45287333	
plean	crush-portfolio	1	Examples/TwoPhaseCommit.lean|TwoPhaseCommit.Participant.Undecided.eVoteReq_correct_of_votes_votes	TwoPhaseCommit.Participant.Undecided.eVoteReq_correct_of_votes_votes	6192621171823565272	core-reconstructed	certificate-error	core-directed reconstruction succeeded	491898459	collect=274584,pre-reconstruct=7353208,normalize=3699875,monomorphize=19917,instantiate=11666,translate=17286708,solve=424488292,replay=12375,reconstruct=38751834	
plean	crush-portfolio	1	Examples/TwoPhaseCommit.lean|TwoPhaseCommit.Participant.Undecided.eCommit_correct_of_votes_votes	TwoPhaseCommit.Participant.Undecided.eCommit_correct_of_votes_votes	3253717144076215989	pre-reconstructed	not-attempted	closed before SMT translation	82957375	collect=337875,pre-reconstruct=82619500	
plean	crush-portfolio	1	Examples/TwoPhaseCommit.lean|TwoPhaseCommit.Participant.Undecided.eCommit_correct_of_votes_votes	TwoPhaseCommit.Participant.Undecided.eCommit_correct_of_votes_votes	10882727174046215897	core-reconstructed	certificate-error	core-directed reconstruction succeeded	751993542	collect=360375,pre-reconstruct=247684625,normalize=4123084,monomorphize=29500,instantiate=16916,translate=19671500,solve=429748666,replay=17584,reconstruct=50341292	
plean	crush-portfolio	1	Examples/TwoPhaseCommit.lean|TwoPhaseCommit.Participant.Undecided.eAbort_correct_of_votes_votes	TwoPhaseCommit.Participant.Undecided.eAbort_correct_of_votes_votes	3253717144076215989	pre-reconstructed	not-attempted	closed before SMT translation	82840166	collect=372291,pre-reconstruct=82467875	
plean	crush-portfolio	1	Examples/TwoPhaseCommit.lean|TwoPhaseCommit.Participant.Undecided.eAbort_correct_of_votes_votes	TwoPhaseCommit.Participant.Undecided.eAbort_correct_of_votes_votes	10882727174046215897	core-reconstructed	certificate-error	core-directed reconstruction succeeded	756497541	collect=273750,pre-reconstruct=248326916,normalize=4117125,monomorphize=27875,instantiate=19792,translate=19751541,solve=437434625,replay=19042,reconstruct=46526875	
plean	crush-portfolio	1	Examples/TwoPhaseCommit.lean|TwoPhaseCommit.base_of_default_UniqueActions	TwoPhaseCommit.base_of_default_UniqueActions	17799728052405574097	core-reconstructed	certificate-error	core-directed reconstruction succeeded	473518832	collect=245333,pre-reconstruct=883542,normalize=3019208,monomorphize=17041,instantiate=23250,translate=16204833,solve=422192666,replay=19667,reconstruct=30913292	
plean	crush-portfolio	1	Examples/TwoPhaseCommit.lean|TwoPhaseCommit.base_of_default_IncreasingCount	TwoPhaseCommit.base_of_default_IncreasingCount	16645480121653727987	core-reconstructed	certificate-error	core-directed reconstruction succeeded	464688750	collect=325125,pre-reconstruct=140834,normalize=2813791,monomorphize=15459,instantiate=18459,translate=15818041,solve=412033958,replay=17583,reconstruct=33505500	
plean	crush-portfolio	1	Examples/TwoPhaseCommit.lean|TwoPhaseCommit.base_of_default_ReceivedSubsetSent	TwoPhaseCommit.base_of_default_ReceivedSubsetSent	5156885450211704390	core-reconstructed	certificate-error	core-directed reconstruction succeeded	464357959	collect=249500,pre-reconstruct=398209,normalize=2849000,monomorphize=17125,instantiate=24625,translate=15353917,solve=415142750,replay=21500,reconstruct=30301333	
plean	crush-portfolio	1	Examples/TwoPhaseCommit.lean|TwoPhaseCommit.Coordinator.WaitForResponses.eYes_correct_of_default_default	TwoPhaseCommit.Coordinator.WaitForResponses.eYes_correct_of_default_default	2735765044016143122	unknown	not-attempted	solver exited without a verdict: cvc5 interrupted by timeout.	5455893165	collect=353041,pre-reconstruct=6437458,normalize=6506917,monomorphize=28708,instantiate=18166,translate=19369875,solve=5423179000	
plean	crush-portfolio	1	Examples/TwoPhaseCommit.lean|TwoPhaseCommit.Coordinator.WaitForResponses.eYes_correct_of_default_default	TwoPhaseCommit.Coordinator.WaitForResponses.eYes_correct_of_default_default	2735765044016143122	unknown	not-attempted	solver exited without a verdict: cvc5 interrupted by timeout.	5454469415	collect=312250,pre-reconstruct=6320250,normalize=6274166,monomorphize=24458,instantiate=15958,translate=19533875,solve=5421988458	
plean	crush-portfolio	1	Examples/TwoPhaseCommit.lean|TwoPhaseCommit.Coordinator.WaitForResponses.eYes_correct_of_default_default	TwoPhaseCommit.Coordinator.WaitForResponses.eYes_correct_of_default_default	4143274893606034728	unknown	not-attempted	solver exited without a verdict: cvc5 interrupted by timeout.	5454383041	collect=291041,pre-reconstruct=8838875,normalize=3763667,monomorphize=19041,instantiate=17584,translate=20165125,solve=5421287708	
plean	crush-portfolio	1	Examples/TwoPhaseCommit.lean|TwoPhaseCommit.Coordinator.WaitForResponses.eYes_correct_of_default_default	TwoPhaseCommit.Coordinator.WaitForResponses.eYes_correct_of_default_default	4143274893606034728	unknown	not-attempted	solver exited without a verdict: cvc5 interrupted by timeout.	5452453417	collect=324750,pre-reconstruct=8725208,normalize=3993500,monomorphize=19667,instantiate=18375,translate=19821625,solve=5419550292	
plean	crush-portfolio	1	Examples/TwoPhaseCommit.lean|TwoPhaseCommit.Coordinator.WaitForResponses.eYes_correct_of_default_default	TwoPhaseCommit.Coordinator.WaitForResponses.eYes_correct_of_default_default	16544938116920668609	pre-reconstructed	not-attempted	closed before SMT translation	1715376	collect=228417,pre-reconstruct=1486959	
plean	crush-portfolio	1	Examples/TwoPhaseCommit.lean|TwoPhaseCommit.Coordinator.WaitForResponses.eYes_correct_of_default_default	TwoPhaseCommit.Coordinator.WaitForResponses.eYes_correct_of_default_default	528461590877090962	core-reconstructed	certificate-error	core-directed reconstruction succeeded	442640167	collect=162042,pre-reconstruct=885875,normalize=2079792,monomorphize=18584,instantiate=11042,translate=12140041,solve=425002916,replay=21375,reconstruct=2318500	
plean	crush-portfolio	1	Examples/TwoPhaseCommit.lean|TwoPhaseCommit.Coordinator.WaitForResponses.eYes_correct_of_default_default	TwoPhaseCommit.Coordinator.WaitForResponses.eYes_correct_of_default_default	12889697509642270060	core-reconstructed	certificate-error	core-directed reconstruction succeeded	590445625	collect=349208,pre-reconstruct=1167416,normalize=2574125,monomorphize=17875,instantiate=13500,translate=12701500,solve=429344834,replay=10417,reconstruct=144266750	
plean	crush-portfolio	1	Examples/TwoPhaseCommit.lean|TwoPhaseCommit.Coordinator.WaitForResponses.eYes_correct_of_default_default	TwoPhaseCommit.Coordinator.WaitForResponses.eYes_correct_of_default_default	8236911049903588693	unknown	not-attempted	solver exited without a verdict: cvc5 interrupted by timeout.	5441336167	collect=253917,pre-reconstruct=4004917,normalize=2436750,monomorphize=18667,instantiate=10916,translate=12116708,solve=5422494292	
plean	crush-portfolio	1	Examples/TwoPhaseCommit.lean|TwoPhaseCommit.Coordinator.WaitForResponses.eYes_correct_of_default_default	TwoPhaseCommit.Coordinator.WaitForResponses.eYes_correct_of_default_default	16544938116920668609	pre-reconstructed	not-attempted	closed before SMT translation	1719250	collect=236833,pre-reconstruct=1482417	
plean	crush-portfolio	1	Examples/TwoPhaseCommit.lean|TwoPhaseCommit.Coordinator.WaitForResponses.eYes_correct_of_default_default	TwoPhaseCommit.Coordinator.WaitForResponses.eYes_correct_of_default_default	528461590877090962	core-reconstructed	certificate-error	core-directed reconstruction succeeded	442951917	collect=157125,pre-reconstruct=1166625,normalize=2460458,monomorphize=19542,instantiate=17084,translate=13207917,solve=421904791,replay=10875,reconstruct=4007500	
plean	crush-portfolio	1	Examples/TwoPhaseCommit.lean|TwoPhaseCommit.Coordinator.WaitForResponses.eYes_correct_of_default_default	TwoPhaseCommit.Coordinator.WaitForResponses.eYes_correct_of_default_default	12889697509642270060	core-reconstructed	certificate-error	core-directed reconstruction succeeded	581424500	collect=380250,pre-reconstruct=1184375,normalize=2631500,monomorphize=18625,instantiate=15417,translate=13395417,solve=420291208,replay=11750,reconstruct=143495958	
plean	crush-portfolio	1	Examples/TwoPhaseCommit.lean|TwoPhaseCommit.Coordinator.WaitForResponses.eYes_correct_of_default_default	TwoPhaseCommit.Coordinator.WaitForResponses.eYes_correct_of_default_default	8236911049903588693	unknown	not-attempted	solver exited without a verdict: cvc5 interrupted by timeout.	5436576833	collect=260500,pre-reconstruct=2945375,normalize=2376042,monomorphize=17166,instantiate=9208,translate=11823042,solve=5419145500	
plean	crush-portfolio	1	Examples/TwoPhaseCommit.lean|TwoPhaseCommit.Coordinator.WaitForResponses.eYes_correct_of_default_default	TwoPhaseCommit.Coordinator.WaitForResponses.eYes_correct_of_default_default	16544938116920668609	pre-reconstructed	not-attempted	closed before SMT translation	1725458	collect=257000,pre-reconstruct=1468458	
plean	crush-portfolio	1	Examples/TwoPhaseCommit.lean|TwoPhaseCommit.Coordinator.WaitForResponses.eYes_correct_of_default_default	TwoPhaseCommit.Coordinator.WaitForResponses.eYes_correct_of_default_default	528461590877090962	core-reconstructed	certificate-error	core-directed reconstruction succeeded	437730499	collect=204208,pre-reconstruct=1000416,normalize=2130250,monomorphize=18375,instantiate=17625,translate=12298292,solve=419758875,replay=10958,reconstruct=2291500	
plean	crush-portfolio	1	Examples/TwoPhaseCommit.lean|TwoPhaseCommit.Coordinator.WaitForResponses.eYes_correct_of_default_default	TwoPhaseCommit.Coordinator.WaitForResponses.eYes_correct_of_default_default	12889697509642270060	core-reconstructed	certificate-error	core-directed reconstruction succeeded	573708748	collect=263041,pre-reconstruct=1126417,normalize=2426208,monomorphize=19416,instantiate=13375,translate=13261375,solve=420966458,replay=12583,reconstruct=135619875	
plean	crush-portfolio	1	Examples/TwoPhaseCommit.lean|TwoPhaseCommit.Coordinator.WaitForResponses.eYes_correct_of_default_default	TwoPhaseCommit.Coordinator.WaitForResponses.eYes_correct_of_default_default	4603268118125486097	core-reconstructed	certificate-error	core-directed reconstruction succeeded	429884542	collect=211375,pre-reconstruct=1097125,normalize=2109084,monomorphize=17583,instantiate=12792,translate=12067916,solve=410786667,replay=12750,reconstruct=3569250	
plean	crush-portfolio	1	Examples/TwoPhaseCommit.lean|TwoPhaseCommit.Coordinator.WaitForResponses.eYes_correct_of_default_default	TwoPhaseCommit.Coordinator.WaitForResponses.eYes_correct_of_default_default	4519860779536265759	unknown	not-attempted	solver exited without a verdict: cvc5 interrupted by timeout.	5441040790	collect=398333,pre-reconstruct=3717083,normalize=2696542,monomorphize=18541,instantiate=14958,translate=12936541,solve=5421258792	
plean	crush-portfolio	1	Examples/TwoPhaseCommit.lean|TwoPhaseCommit.Coordinator.WaitForResponses.eYes_correct_of_default_default	TwoPhaseCommit.Coordinator.WaitForResponses.eYes_correct_of_default_default	16137886489408589020	pre-reconstructed	not-attempted	closed before SMT translation	1946750	collect=259792,pre-reconstruct=1686958	
plean	crush-portfolio	1	Examples/TwoPhaseCommit.lean|TwoPhaseCommit.Coordinator.WaitForResponses.eYes_correct_of_default_default	TwoPhaseCommit.Coordinator.WaitForResponses.eYes_correct_of_default_default	8761413723712181751	core-reconstructed	certificate-error	core-directed reconstruction succeeded	439735708	collect=220334,pre-reconstruct=1005000,normalize=2271833,monomorphize=20250,instantiate=17000,translate=12876958,solve=419427375,replay=11791,reconstruct=3885167	
plean	crush-portfolio	1	Examples/TwoPhaseCommit.lean|TwoPhaseCommit.Coordinator.WaitForResponses.eYes_correct_of_default_default	TwoPhaseCommit.Coordinator.WaitForResponses.eYes_correct_of_default_default	7355590783910374036	core-reconstructed	certificate-error	core-directed reconstruction succeeded	570677707	collect=299375,pre-reconstruct=1168625,normalize=2337333,monomorphize=17583,instantiate=14625,translate=12658375,solve=414965750,replay=13000,reconstruct=139203041	
plean	crush-portfolio	1	Examples/TwoPhaseCommit.lean|TwoPhaseCommit.Coordinator.WaitForResponses.eYes_correct_of_default_default	TwoPhaseCommit.Coordinator.WaitForResponses.eYes_correct_of_default_default	8236911049903588693	unknown	not-attempted	solver exited without a verdict: cvc5 interrupted by timeout.	5437978418	collect=213125,pre-reconstruct=2004333,normalize=2606042,monomorphize=22709,instantiate=11458,translate=12804209,solve=5420316542	
plean	crush-portfolio	1	Examples/TwoPhaseCommit.lean|TwoPhaseCommit.Coordinator.WaitForResponses.eYes_correct_of_default_default	TwoPhaseCommit.Coordinator.WaitForResponses.eYes_correct_of_default_default	16544938116920668609	pre-reconstructed	not-attempted	closed before SMT translation	1692334	collect=222959,pre-reconstruct=1469375	
plean	crush-portfolio	1	Examples/TwoPhaseCommit.lean|TwoPhaseCommit.Coordinator.WaitForResponses.eYes_correct_of_default_default	TwoPhaseCommit.Coordinator.WaitForResponses.eYes_correct_of_default_default	528461590877090962	core-reconstructed	certificate-error	core-directed reconstruction succeeded	437673583	collect=165542,pre-reconstruct=924791,normalize=2159542,monomorphize=18500,instantiate=11000,translate=12294583,solve=419773792,replay=13208,reconstruct=2312625	
plean	crush-portfolio	1	Examples/TwoPhaseCommit.lean|TwoPhaseCommit.Coordinator.WaitForResponses.eYes_correct_of_default_default	TwoPhaseCommit.Coordinator.WaitForResponses.eYes_correct_of_default_default	12889697509642270060	core-reconstructed	certificate-error	core-directed reconstruction succeeded	578119540	collect=380125,pre-reconstruct=1230875,normalize=2615417,monomorphize=18166,instantiate=14375,translate=14117833,solve=419779083,replay=11500,reconstruct=139952166	
plean	crush-portfolio	1	Examples/TwoPhaseCommit.lean|TwoPhaseCommit.Coordinator.WaitForResponses.eYes_correct_of_default_default	TwoPhaseCommit.Coordinator.WaitForResponses.eYes_correct_of_default_default	8236911049903588693	unknown	not-attempted	solver exited without a verdict: cvc5 interrupted by timeout.	5446174333	collect=245625,pre-reconstruct=3467041,normalize=2440792,monomorphize=20375,instantiate=10667,translate=11976416,solve=5428013417	
plean	crush-portfolio	1	Examples/TwoPhaseCommit.lean|TwoPhaseCommit.Coordinator.WaitForResponses.eYes_correct_of_default_default	TwoPhaseCommit.Coordinator.WaitForResponses.eYes_correct_of_default_default	16544938116920668609	pre-reconstructed	not-attempted	closed before SMT translation	2013249	collect=249416,pre-reconstruct=1763833	
plean	crush-portfolio	1	Examples/TwoPhaseCommit.lean|TwoPhaseCommit.Coordinator.WaitForResponses.eYes_correct_of_default_default	TwoPhaseCommit.Coordinator.WaitForResponses.eYes_correct_of_default_default	528461590877090962	core-reconstructed	certificate-error	core-directed reconstruction succeeded	437174250	collect=195792,pre-reconstruct=954041,normalize=2230750,monomorphize=18750,instantiate=15416,translate=13575292,solve=417113250,replay=12125,reconstruct=3058834	
plean	crush-portfolio	1	Examples/TwoPhaseCommit.lean|TwoPhaseCommit.Coordinator.WaitForResponses.eYes_correct_of_default_default	TwoPhaseCommit.Coordinator.WaitForResponses.eYes_correct_of_default_default	12889697509642270060	core-reconstructed	certificate-error	core-directed reconstruction succeeded	580694168	collect=345292,pre-reconstruct=1155208,normalize=2619875,monomorphize=19500,instantiate=14417,translate=13438583,solve=418912792,replay=11667,reconstruct=144176834	
plean	crush-portfolio	1	Examples/TwoPhaseCommit.lean|TwoPhaseCommit.Coordinator.WaitForResponses.eYes_correct_of_default_default	TwoPhaseCommit.Coordinator.WaitForResponses.eYes_correct_of_default_default	8236911049903588693	unknown	not-attempted	solver exited without a verdict: cvc5 interrupted by timeout.	5438875751	collect=289459,pre-reconstruct=3368584,normalize=2619375,monomorphize=18750,instantiate=11583,translate=13129625,solve=5419438375	
plean	crush-portfolio	1	Examples/TwoPhaseCommit.lean|TwoPhaseCommit.Coordinator.WaitForResponses.eYes_correct_of_default_default	TwoPhaseCommit.Coordinator.WaitForResponses.eYes_correct_of_default_default	16544938116920668609	pre-reconstructed	not-attempted	closed before SMT translation	1700333	collect=231250,pre-reconstruct=1469083	
plean	crush-portfolio	1	Examples/TwoPhaseCommit.lean|TwoPhaseCommit.Coordinator.WaitForResponses.eYes_correct_of_default_default	TwoPhaseCommit.Coordinator.WaitForResponses.eYes_correct_of_default_default	528461590877090962	core-reconstructed	certificate-error	core-directed reconstruction succeeded	447575376	collect=185792,pre-reconstruct=977750,normalize=2225250,monomorphize=17708,instantiate=16667,translate=12305417,solve=427973792,replay=12458,reconstruct=3860542	
plean	crush-portfolio	1	Examples/TwoPhaseCommit.lean|TwoPhaseCommit.Coordinator.WaitForResponses.eYes_correct_of_default_default	TwoPhaseCommit.Coordinator.WaitForResponses.eYes_correct_of_default_default	12889697509642270060	core-reconstructed	certificate-error	core-directed reconstruction succeeded	573472001	collect=283375,pre-reconstruct=1176709,normalize=2383709,monomorphize=18500,instantiate=16042,translate=12697125,solve=419271583,replay=11541,reconstruct=137613417	
plean	crush-portfolio	1	Examples/TwoPhaseCommit.lean|TwoPhaseCommit.Coordinator.WaitForResponses.eYes_correct_of_default_default	TwoPhaseCommit.Coordinator.WaitForResponses.eYes_correct_of_default_default	4603268118125486097	core-reconstructed	certificate-error	core-directed reconstruction succeeded	426669418	collect=200500,pre-reconstruct=1066500,normalize=2122833,monomorphize=18000,instantiate=10625,translate=11888959,solve=409384209,replay=11833,reconstruct=1965959	
plean	crush-portfolio	1	Examples/TwoPhaseCommit.lean|TwoPhaseCommit.Coordinator.WaitForResponses.eYes_correct_of_default_default	TwoPhaseCommit.Coordinator.WaitForResponses.eYes_correct_of_default_default	4519860779536265759	unknown	not-attempted	solver exited without a verdict: cvc5 interrupted by timeout.	5442789125	collect=361167,pre-reconstruct=3314208,normalize=2527916,monomorphize=18459,instantiate=14625,translate=11838125,solve=5424714625	
plean	crush-portfolio	1	Examples/TwoPhaseCommit.lean|TwoPhaseCommit.Coordinator.WaitForResponses.eYes_correct_of_default_default	TwoPhaseCommit.Coordinator.WaitForResponses.eYes_correct_of_default_default	16137886489408589020	pre-reconstructed	not-attempted	closed before SMT translation	2191500	collect=252792,pre-reconstruct=1938708	
plean	crush-portfolio	1	Examples/TwoPhaseCommit.lean|TwoPhaseCommit.Coordinator.WaitForResponses.eYes_correct_of_default_default	TwoPhaseCommit.Coordinator.WaitForResponses.eYes_correct_of_default_default	8761413723712181751	core-reconstructed	certificate-error	core-directed reconstruction succeeded	438063999	collect=244875,pre-reconstruct=1123875,normalize=2510750,monomorphize=20500,instantiate=15916,translate=13132125,solve=419875500,replay=11167,reconstruct=1129291	
plean	crush-portfolio	1	Examples/TwoPhaseCommit.lean|TwoPhaseCommit.Coordinator.WaitForResponses.eYes_correct_of_default_default	TwoPhaseCommit.Coordinator.WaitForResponses.eYes_correct_of_default_default	7355590783910374036	core-reconstructed	certificate-error	core-directed reconstruction succeeded	571601083	collect=268333,pre-reconstruct=1123333,normalize=2342417,monomorphize=17833,instantiate=19667,translate=12433250,solve=414917042,replay=14042,reconstruct=140465166	
plean	crush-portfolio	1	Examples/TwoPhaseCommit.lean|TwoPhaseCommit.Coordinator.WaitForResponses.eYes_correct_of_default_default	TwoPhaseCommit.Coordinator.WaitForResponses.eYes_correct_of_default_default	8236911049903588693	unknown	not-attempted	solver exited without a verdict: cvc5 interrupted by timeout.	5649873874	collect=251792,pre-reconstruct=2514708,normalize=2564625,monomorphize=18833,instantiate=10541,translate=13216750,solve=5631296625	
plean	crush-portfolio	1	Examples/TwoPhaseCommit.lean|TwoPhaseCommit.Coordinator.WaitForResponses.eYes_correct_of_default_default	TwoPhaseCommit.Coordinator.WaitForResponses.eYes_correct_of_default_default	2735765044016143122	unknown	not-attempted	solver exited without a verdict: cvc5 interrupted by timeout.	5446013959	collect=299250,pre-reconstruct=6801750,normalize=5709708,monomorphize=18167,instantiate=10500,translate=20108584,solve=5413066000	
plean	crush-portfolio	1	Examples/TwoPhaseCommit.lean|TwoPhaseCommit.Coordinator.WaitForResponses.eYes_correct_of_default_default	TwoPhaseCommit.Coordinator.WaitForResponses.eYes_correct_of_default_default	2735765044016143122	unknown	not-attempted	solver exited without a verdict: cvc5 interrupted by timeout.	5443400458	collect=303666,pre-reconstruct=6320000,normalize=6004042,monomorphize=20458,instantiate=16417,translate=19090500,solve=5411645375	
plean	crush-portfolio	1	Examples/TwoPhaseCommit.lean|TwoPhaseCommit.Coordinator.WaitForResponses.eYes_correct_of_default_default	TwoPhaseCommit.Coordinator.WaitForResponses.eYes_correct_of_default_default	4143274893606034728	unknown	not-attempted	solver exited without a verdict: cvc5 interrupted by timeout.	5452741582	collect=277958,pre-reconstruct=9342666,normalize=3751291,monomorphize=22125,instantiate=16458,translate=17875792,solve=5421455292	
plean	crush-portfolio	1	Examples/TwoPhaseCommit.lean|TwoPhaseCommit.Coordinator.WaitForResponses.eYes_correct_of_default_default	TwoPhaseCommit.Coordinator.WaitForResponses.eYes_correct_of_default_default	4143274893606034728	unknown	not-attempted	solver exited without a verdict: cvc5 interrupted by timeout.	5454245834	collect=291291,pre-reconstruct=9239959,normalize=3926209,monomorphize=18667,instantiate=20083,translate=18821833,solve=5421927792	
plean	crush-portfolio	1	Examples/TwoPhaseCommit.lean|TwoPhaseCommit.Coordinator.WaitForResponses.eYes_correct_of_default_default	TwoPhaseCommit.Coordinator.WaitForResponses.eYes_correct_of_default_default	2735765044016143122	unknown	not-attempted	solver exited without a verdict: cvc5 interrupted by timeout.	5455717166	collect=366458,pre-reconstruct=5581791,normalize=5827416,monomorphize=19459,instantiate=11042,translate=19044584,solve=5424866416	
plean	crush-portfolio	1	Examples/TwoPhaseCommit.lean|TwoPhaseCommit.Coordinator.WaitForResponses.eYes_correct_of_default_default	TwoPhaseCommit.Coordinator.WaitForResponses.eYes_correct_of_default_default	2735765044016143122	unknown	not-attempted	solver exited without a verdict: cvc5 interrupted by timeout.	5446803334	collect=322417,pre-reconstruct=6683917,normalize=6197541,monomorphize=20459,instantiate=17083,translate=19063625,solve=5414498292	
plean	crush-portfolio	1	Examples/TwoPhaseCommit.lean|TwoPhaseCommit.Coordinator.WaitForResponses.eYes_correct_of_default_default	TwoPhaseCommit.Coordinator.WaitForResponses.eYes_correct_of_default_default	4143274893606034728	unknown	not-attempted	solver exited without a verdict: cvc5 interrupted by timeout.	5458813207	collect=274958,pre-reconstruct=9285666,normalize=3929208,monomorphize=24167,instantiate=19083,translate=18418500,solve=5426861625	
plean	crush-portfolio	1	Examples/TwoPhaseCommit.lean|TwoPhaseCommit.Coordinator.WaitForResponses.eYes_correct_of_default_default	TwoPhaseCommit.Coordinator.WaitForResponses.eYes_correct_of_default_default	4143274893606034728	unknown	not-attempted	solver exited without a verdict: cvc5 interrupted by timeout.	5461819166	collect=279458,pre-reconstruct=8410375,normalize=3750375,monomorphize=19958,instantiate=15458,translate=18218584,solve=5431124958	
plean	crush-portfolio	1	Examples/TwoPhaseCommit.lean|TwoPhaseCommit.Coordinator.WaitForResponses.eNo_correct_of_default_default	TwoPhaseCommit.Coordinator.WaitForResponses.eNo_correct_of_default_default	14328788366895590194	core-reconstructed	certificate-error	core-directed reconstruction succeeded	594708333	collect=401584,pre-reconstruct=9856375,normalize=4660917,monomorphize=30125,instantiate=17125,translate=21893292,solve=466946333,replay=19916,reconstruct=90882666	
plean	crush-portfolio	1	Examples/TwoPhaseCommit.lean|TwoPhaseCommit.Coordinator.WaitForResponses.eNo_correct_of_default_default	TwoPhaseCommit.Coordinator.WaitForResponses.eNo_correct_of_default_default	16544938116920668609	pre-reconstructed	not-attempted	closed before SMT translation	2278917	collect=342125,pre-reconstruct=1936792	
plean	crush-portfolio	1	Examples/TwoPhaseCommit.lean|TwoPhaseCommit.Coordinator.WaitForResponses.eNo_correct_of_default_default	TwoPhaseCommit.Coordinator.WaitForResponses.eNo_correct_of_default_default	528461590877090962	core-reconstructed	certificate-error	core-directed reconstruction succeeded	444050751	collect=194709,pre-reconstruct=1157250,normalize=2554500,monomorphize=20167,instantiate=11208,translate=12781917,solve=425459333,replay=11125,reconstruct=1860542	
plean	crush-portfolio	1	Examples/TwoPhaseCommit.lean|TwoPhaseCommit.Coordinator.WaitForResponses.eNo_correct_of_default_default	TwoPhaseCommit.Coordinator.WaitForResponses.eNo_correct_of_default_default	12889697509642270060	core-reconstructed	certificate-error	core-directed reconstruction succeeded	596370959	collect=376584,pre-reconstruct=1444500,normalize=2965000,monomorphize=19417,instantiate=14708,translate=14059166,solve=417039959,replay=10959,reconstruct=160440666	
plean	crush-portfolio	1	Examples/TwoPhaseCommit.lean|TwoPhaseCommit.Coordinator.WaitForResponses.eNo_correct_of_default_default	TwoPhaseCommit.Coordinator.WaitForResponses.eNo_correct_of_default_default	4143274893606034728	core-reconstructed	certificate-error	core-directed reconstruction succeeded	586871918	collect=329084,pre-reconstruct=13357000,normalize=4608417,monomorphize=19417,instantiate=10917,translate=21038000,solve=458562417,replay=12625,reconstruct=88934041	
plean	crush-portfolio	1	Examples/TwoPhaseCommit.lean|TwoPhaseCommit.Coordinator.Init.entry_correct_of_default_default	TwoPhaseCommit.Coordinator.Init.entry_correct_of_default_default	10238892770241185239	core-reconstructed	certificate-error	core-directed reconstruction succeeded	564984083	collect=354416,pre-reconstruct=9281250,normalize=4611417,monomorphize=34500,instantiate=18625,translate=21254625,solve=452573167,replay=24167,reconstruct=76831916	
plean	crush-portfolio	1	Examples/TwoPhaseCommit.lean|TwoPhaseCommit.Coordinator.Init.entry_correct_of_default_default	TwoPhaseCommit.Coordinator.Init.entry_correct_of_default_default	16544938116920668609	pre-reconstructed	not-attempted	closed before SMT translation	1609084	collect=257250,pre-reconstruct=1351834	
plean	crush-portfolio	1	Examples/TwoPhaseCommit.lean|TwoPhaseCommit.Coordinator.Init.entry_correct_of_default_default	TwoPhaseCommit.Coordinator.Init.entry_correct_of_default_default	528461590877090962	core-reconstructed	certificate-error	core-directed reconstruction succeeded	439805792	collect=158708,pre-reconstruct=871042,normalize=2109875,monomorphize=15500,instantiate=10917,translate=11718458,solve=423352750,replay=10625,reconstruct=1557917	
plean	crush-portfolio	1	Examples/TwoPhaseCommit.lean|TwoPhaseCommit.Coordinator.Init.entry_correct_of_default_default	TwoPhaseCommit.Coordinator.Init.entry_correct_of_default_default	12889697509642270060	core-reconstructed	certificate-error	core-directed reconstruction succeeded	433714415	collect=382666,pre-reconstruct=1135042,normalize=2338500,monomorphize=15833,instantiate=13916,translate=10816083,solve=417438125,replay=11584,reconstruct=1562666	
plean	crush-portfolio	1	Examples/TwoPhaseCommit.lean|TwoPhaseCommit.Coordinator.Init.entry_correct_of_default_default	TwoPhaseCommit.Coordinator.Init.entry_correct_of_default_default	4143274893606034728	core-reconstructed	certificate-error	core-directed reconstruction succeeded	553263541	collect=400375,pre-reconstruct=11036416,normalize=4399000,monomorphize=19125,instantiate=15458,translate=20644000,solve=451516583,replay=11167,reconstruct=65221417	
plean	crush-portfolio	1	Examples/TwoPhaseCommit.lean|TwoPhaseCommit.Participant.Undecided.eVoteReq_correct_of_default_default	TwoPhaseCommit.Participant.Undecided.eVoteReq_correct_of_default_default	14809004730794296810	core-reconstructed	certificate-error	core-directed reconstruction succeeded	579642374	collect=430375,pre-reconstruct=15321708,normalize=4479208,monomorphize=33833,instantiate=19208,translate=19321584,solve=445497958,replay=20500,reconstruct=94518000	
plean	crush-portfolio	1	Examples/TwoPhaseCommit.lean|TwoPhaseCommit.Participant.Undecided.eVoteReq_correct_of_default_default	TwoPhaseCommit.Participant.Undecided.eVoteReq_correct_of_default_default	8184572425587739870	core-reconstructed	certificate-error	core-directed reconstruction succeeded	604242418	collect=407417,pre-reconstruct=18181917,normalize=5075042,monomorphize=21417,instantiate=11625,translate=19299333,solve=463565125,replay=14084,reconstruct=97666458	
plean	crush-portfolio	1	Examples/TwoPhaseCommit.lean|TwoPhaseCommit.Participant.Undecided.eCommit_correct_of_default_default	TwoPhaseCommit.Participant.Undecided.eCommit_correct_of_default_default	16544938116920668609	core-reconstructed	certificate-error	core-directed reconstruction succeeded	1247505207	collect=346000,pre-reconstruct=106374125,normalize=4113459,monomorphize=29458,instantiate=18458,translate=15932333,solve=430416166,replay=24625,reconstruct=690250583	
plean	crush-portfolio	1	Examples/TwoPhaseCommit.lean|TwoPhaseCommit.Participant.Undecided.eCommit_correct_of_default_default	TwoPhaseCommit.Participant.Undecided.eCommit_correct_of_default_default	15844998937588682005	core-reconstructed	certificate-error	core-directed reconstruction succeeded	469904542	collect=289875,pre-reconstruct=1087750,normalize=2863375,monomorphize=18458,instantiate=10875,translate=13690334,solve=425777500,replay=10875,reconstruct=26155500	
plean	crush-portfolio	1	Examples/TwoPhaseCommit.lean|TwoPhaseCommit.Participant.Undecided.eCommit_correct_of_default_default	TwoPhaseCommit.Participant.Undecided.eCommit_correct_of_default_default	4774769295374664251	core-reconstructed	certificate-error	core-directed reconstruction succeeded	474160833	collect=292708,pre-reconstruct=7917833,normalize=3089542,monomorphize=18667,instantiate=13917,translate=12943250,solve=423590542,replay=10916,reconstruct=26283458	
plean	crush-portfolio	1	Examples/TwoPhaseCommit.lean|TwoPhaseCommit.Participant.Undecided.eAbort_correct_of_default_default	TwoPhaseCommit.Participant.Undecided.eAbort_correct_of_default_default	16544938116920668609	core-reconstructed	certificate-error	core-directed reconstruction succeeded	1273863708	collect=329709,pre-reconstruct=106094125,normalize=3412333,monomorphize=28208,instantiate=16458,translate=15632750,solve=441348375,replay=22917,reconstruct=706978833	
plean	crush-portfolio	1	Examples/TwoPhaseCommit.lean|TwoPhaseCommit.Participant.Undecided.eAbort_correct_of_default_default	TwoPhaseCommit.Participant.Undecided.eAbort_correct_of_default_default	15844998937588682005	core-reconstructed	certificate-error	core-directed reconstruction succeeded	460218749	collect=332625,pre-reconstruct=1112375,normalize=2912542,monomorphize=31125,instantiate=39333,translate=13978625,solve=423607916,replay=10166,reconstruct=18194042	
plean	crush-portfolio	1	Examples/TwoPhaseCommit.lean|TwoPhaseCommit.Participant.Undecided.eAbort_correct_of_default_default	TwoPhaseCommit.Participant.Undecided.eAbort_correct_of_default_default	4774769295374664251	core-reconstructed	certificate-error	core-directed reconstruction succeeded	474601002	collect=287292,pre-reconstruct=8030916,normalize=3183875,monomorphize=19833,instantiate=12334,translate=13390459,solve=424952834,replay=9792,reconstruct=24713667	
plean	crush-portfolio	1	Examples/TwoPhaseCommit.lean|TwoPhaseCommit.base_of_commit_sent_commit_sent_implies_all_yes	TwoPhaseCommit.base_of_commit_sent_commit_sent_implies_all_yes	10882727174046215897	core-reconstructed	certificate-error	core-directed reconstruction succeeded	477226583	collect=268834,pre-reconstruct=386333,normalize=3105875,monomorphize=17083,instantiate=20542,translate=17723625,solve=425005458,replay=20500,reconstruct=30678333	
plean	crush-portfolio	1	Examples/TwoPhaseCommit.lean|TwoPhaseCommit.Coordinator.WaitForResponses.eYes_correct_of_commit_sent_commit_sent_using_votes_system_config	TwoPhaseCommit.Coordinator.WaitForResponses.eYes_correct_of_commit_sent_commit_sent_using_votes_system_config	15367589611972491121	unknown	not-attempted	solver exited without a verdict: cvc5 interrupted by timeout.	5460837457	collect=488333,pre-reconstruct=8121584,normalize=7419583,monomorphize=31416,instantiate=18875,translate=26641250,solve=5418116416	
plean	crush-portfolio	1	Examples/TwoPhaseCommit.lean|TwoPhaseCommit.Coordinator.WaitForResponses.eYes_correct_of_commit_sent_commit_sent_using_votes_system_config	TwoPhaseCommit.Coordinator.WaitForResponses.eYes_correct_of_commit_sent_commit_sent_using_votes_system_config	15367589611972491121	unknown	not-attempted	solver exited without a verdict: cvc5 interrupted by timeout.	5460557874	collect=433083,pre-reconstruct=7520250,normalize=7423250,monomorphize=25375,instantiate=16583,translate=24558583,solve=5420580750	
plean	crush-portfolio	1	Examples/TwoPhaseCommit.lean|TwoPhaseCommit.Coordinator.WaitForResponses.eYes_correct_of_commit_sent_commit_sent_using_votes_system_config	TwoPhaseCommit.Coordinator.WaitForResponses.eYes_correct_of_commit_sent_commit_sent_using_votes_system_config	10882727174046215897	unknown	not-attempted	solver exited without a verdict: cvc5 interrupted by timeout.	6694472166	collect=353084,pre-reconstruct=1250924792,normalize=5390708,monomorphize=25375,instantiate=8916,translate=24677041,solve=5413092250	
plean	crush-portfolio	1	Examples/TwoPhaseCommit.lean|TwoPhaseCommit.Coordinator.WaitForResponses.eYes_correct_of_commit_sent_commit_sent_using_votes_system_config	TwoPhaseCommit.Coordinator.WaitForResponses.eYes_correct_of_commit_sent_commit_sent_using_votes_system_config	10882727174046215897	unknown	not-attempted	solver exited without a verdict: cvc5 interrupted by timeout.	6763876877	collect=436125,pre-reconstruct=1305323417,normalize=5596750,monomorphize=32917,instantiate=17709,translate=25505042,solve=5426964917	
plean	crush-portfolio	1	Examples/TwoPhaseCommit.lean|TwoPhaseCommit.Coordinator.WaitForResponses.eYes_correct_of_commit_sent_commit_sent_using_votes_system_config	TwoPhaseCommit.Coordinator.WaitForResponses.eYes_correct_of_commit_sent_commit_sent_using_votes_system_config	10882727174046215897	pre-reconstructed	not-attempted	closed before SMT translation	76067792	collect=340542,pre-reconstruct=75727250	
plean	crush-portfolio	1	Examples/TwoPhaseCommit.lean|TwoPhaseCommit.Coordinator.WaitForResponses.eYes_correct_of_commit_sent_commit_sent_using_votes_system_config	TwoPhaseCommit.Coordinator.WaitForResponses.eYes_correct_of_commit_sent_commit_sent_using_votes_system_config	3253717144076215989	pre-reconstructed	not-attempted	closed before SMT translation	114684001	collect=254417,pre-reconstruct=114429584	
plean	crush-portfolio	1	Examples/TwoPhaseCommit.lean|TwoPhaseCommit.Coordinator.WaitForResponses.eYes_correct_of_commit_sent_commit_sent_using_votes_system_config	TwoPhaseCommit.Coordinator.WaitForResponses.eYes_correct_of_commit_sent_commit_sent_using_votes_system_config	10882727174046215897	pre-reconstructed	not-attempted	closed before SMT translation	2028543	collect=304834,pre-reconstruct=1723709	
plean	crush-portfolio	1	Examples/TwoPhaseCommit.lean|TwoPhaseCommit.Coordinator.WaitForResponses.eYes_correct_of_commit_sent_commit_sent_using_votes_system_config	TwoPhaseCommit.Coordinator.WaitForResponses.eYes_correct_of_commit_sent_commit_sent_using_votes_system_config	3447196019152406883	pre-reconstructed	not-attempted	closed before SMT translation	1768458	collect=243500,pre-reconstruct=1524958	
plean	crush-portfolio	1	Examples/TwoPhaseCommit.lean|TwoPhaseCommit.Coordinator.WaitForResponses.eYes_correct_of_commit_sent_commit_sent_using_votes_system_config	TwoPhaseCommit.Coordinator.WaitForResponses.eYes_correct_of_commit_sent_commit_sent_using_votes_system_config	8236911049903588693	unknown	not-attempted	solver exited without a verdict: cvc5 interrupted by timeout.	5441756209	collect=299125,pre-reconstruct=5061667,normalize=3715667,monomorphize=22000,instantiate=14625,translate=18726708,solve=5413916417	
plean	crush-portfolio	1	Examples/TwoPhaseCommit.lean|TwoPhaseCommit.Coordinator.WaitForResponses.eYes_correct_of_commit_sent_commit_sent_using_votes_system_config	TwoPhaseCommit.Coordinator.WaitForResponses.eYes_correct_of_commit_sent_commit_sent_using_votes_system_config	10882727174046215897	pre-reconstructed	not-attempted	closed before SMT translation	77512417	collect=293750,pre-reconstruct=77218667	
plean	crush-portfolio	1	Examples/TwoPhaseCommit.lean|TwoPhaseCommit.Coordinator.WaitForResponses.eYes_correct_of_commit_sent_commit_sent_using_votes_system_config	TwoPhaseCommit.Coordinator.WaitForResponses.eYes_correct_of_commit_sent_commit_sent_using_votes_system_config	3253717144076215989	pre-reconstructed	not-attempted	closed before SMT translation	118638416	collect=240583,pre-reconstruct=118397833	
plean	crush-portfolio	1	Examples/TwoPhaseCommit.lean|TwoPhaseCommit.Coordinator.WaitForResponses.eYes_correct_of_commit_sent_commit_sent_using_votes_system_config	TwoPhaseCommit.Coordinator.WaitForResponses.eYes_correct_of_commit_sent_commit_sent_using_votes_system_config	10882727174046215897	pre-reconstructed	not-attempted	closed before SMT translation	1963208	collect=296500,pre-reconstruct=1666708	
plean	crush-portfolio	1	Examples/TwoPhaseCommit.lean|TwoPhaseCommit.Coordinator.WaitForResponses.eYes_correct_of_commit_sent_commit_sent_using_votes_system_config	TwoPhaseCommit.Coordinator.WaitForResponses.eYes_correct_of_commit_sent_commit_sent_using_votes_system_config	3447196019152406883	pre-reconstructed	not-attempted	closed before SMT translation	1668167	collect=221334,pre-reconstruct=1446833	
plean	crush-portfolio	1	Examples/TwoPhaseCommit.lean|TwoPhaseCommit.Coordinator.WaitForResponses.eYes_correct_of_commit_sent_commit_sent_using_votes_system_config	TwoPhaseCommit.Coordinator.WaitForResponses.eYes_correct_of_commit_sent_commit_sent_using_votes_system_config	8236911049903588693	unknown	not-attempted	solver exited without a verdict: cvc5 interrupted by timeout.	5440199084	collect=215917,pre-reconstruct=3859334,normalize=3634166,monomorphize=23041,instantiate=10917,translate=16255125,solve=5416200584	
plean	crush-portfolio	1	Examples/TwoPhaseCommit.lean|TwoPhaseCommit.Coordinator.WaitForResponses.eYes_correct_of_commit_sent_commit_sent_using_votes_system_config	TwoPhaseCommit.Coordinator.WaitForResponses.eYes_correct_of_commit_sent_commit_sent_using_votes_system_config	10882727174046215897	pre-reconstructed	not-attempted	closed before SMT translation	80571875	collect=311500,pre-reconstruct=80260375	
plean	crush-portfolio	1	Examples/TwoPhaseCommit.lean|TwoPhaseCommit.Coordinator.WaitForResponses.eYes_correct_of_commit_sent_commit_sent_using_votes_system_config	TwoPhaseCommit.Coordinator.WaitForResponses.eYes_correct_of_commit_sent_commit_sent_using_votes_system_config	3253717144076215989	pre-reconstructed	not-attempted	closed before SMT translation	121273958	collect=284083,pre-reconstruct=120989875	
plean	crush-portfolio	1	Examples/TwoPhaseCommit.lean|TwoPhaseCommit.Coordinator.WaitForResponses.eYes_correct_of_commit_sent_commit_sent_using_votes_system_config	TwoPhaseCommit.Coordinator.WaitForResponses.eYes_correct_of_commit_sent_commit_sent_using_votes_system_config	10882727174046215897	pre-reconstructed	not-attempted	closed before SMT translation	2013333	collect=265625,pre-reconstruct=1747708	
plean	crush-portfolio	1	Examples/TwoPhaseCommit.lean|TwoPhaseCommit.Coordinator.WaitForResponses.eYes_correct_of_commit_sent_commit_sent_using_votes_system_config	TwoPhaseCommit.Coordinator.WaitForResponses.eYes_correct_of_commit_sent_commit_sent_using_votes_system_config	3447196019152406883	pre-reconstructed	not-attempted	closed before SMT translation	1809209	collect=240500,pre-reconstruct=1568709	
plean	crush-portfolio	1	Examples/TwoPhaseCommit.lean|TwoPhaseCommit.Coordinator.WaitForResponses.eYes_correct_of_commit_sent_commit_sent_using_votes_system_config	TwoPhaseCommit.Coordinator.WaitForResponses.eYes_correct_of_commit_sent_commit_sent_using_votes_system_config	4603268118125486097	core-reconstructed	certificate-error	core-directed reconstruction succeeded	435323125	collect=239208,pre-reconstruct=1579250,normalize=3338792,monomorphize=22500,instantiate=13166,translate=15738334,solve=413429916,replay=19209,reconstruct=942750	
plean	crush-portfolio	1	Examples/TwoPhaseCommit.lean|TwoPhaseCommit.Coordinator.WaitForResponses.eYes_correct_of_commit_sent_commit_sent_using_votes_system_config	TwoPhaseCommit.Coordinator.WaitForResponses.eYes_correct_of_commit_sent_commit_sent_using_votes_system_config	4519860779536265759	unknown	not-attempted	solver exited without a verdict: cvc5 interrupted by timeout.	5443677000	collect=499083,pre-reconstruct=5149583,normalize=4165209,monomorphize=21083,instantiate=17958,translate=17093292,solve=5416730792	
plean	crush-portfolio	1	Examples/TwoPhaseCommit.lean|TwoPhaseCommit.Coordinator.WaitForResponses.eYes_correct_of_commit_sent_commit_sent_using_votes_system_config	TwoPhaseCommit.Coordinator.WaitForResponses.eYes_correct_of_commit_sent_commit_sent_using_votes_system_config	10882727174046215897	pre-reconstructed	not-attempted	closed before SMT translation	87894458	collect=305291,pre-reconstruct=87589167	
plean	crush-portfolio	1	Examples/TwoPhaseCommit.lean|TwoPhaseCommit.Coordinator.WaitForResponses.eYes_correct_of_commit_sent_commit_sent_using_votes_system_config	TwoPhaseCommit.Coordinator.WaitForResponses.eYes_correct_of_commit_sent_commit_sent_using_votes_system_config	3253717144076215989	pre-reconstructed	not-attempted	closed before SMT translation	128039625	collect=314375,pre-reconstruct=127725250	
plean	crush-portfolio	1	Examples/TwoPhaseCommit.lean|TwoPhaseCommit.Coordinator.WaitForResponses.eYes_correct_of_commit_sent_commit_sent_using_votes_system_config	TwoPhaseCommit.Coordinator.WaitForResponses.eYes_correct_of_commit_sent_commit_sent_using_votes_system_config	10882727174046215897	pre-reconstructed	not-attempted	closed before SMT translation	2240750	collect=286875,pre-reconstruct=1953875	
plean	crush-portfolio	1	Examples/TwoPhaseCommit.lean|TwoPhaseCommit.Coordinator.WaitForResponses.eYes_correct_of_commit_sent_commit_sent_using_votes_system_config	TwoPhaseCommit.Coordinator.WaitForResponses.eYes_correct_of_commit_sent_commit_sent_using_votes_system_config	3447196019152406883	pre-reconstructed	not-attempted	closed before SMT translation	2221375	collect=288667,pre-reconstruct=1932708	
plean	crush-portfolio	1	Examples/TwoPhaseCommit.lean|TwoPhaseCommit.Coordinator.WaitForResponses.eYes_correct_of_commit_sent_commit_sent_using_votes_system_config	TwoPhaseCommit.Coordinator.WaitForResponses.eYes_correct_of_commit_sent_commit_sent_using_votes_system_config	8236911049903588693	unknown	not-attempted	solver exited without a verdict: cvc5 interrupted by timeout.	5443113459	collect=266708,pre-reconstruct=2727917,normalize=3723667,monomorphize=23333,instantiate=12792,translate=16488875,solve=5419870167	
plean	crush-portfolio	1	Examples/TwoPhaseCommit.lean|TwoPhaseCommit.Coordinator.WaitForResponses.eYes_correct_of_commit_sent_commit_sent_using_votes_system_config	TwoPhaseCommit.Coordinator.WaitForResponses.eYes_correct_of_commit_sent_commit_sent_using_votes_system_config	15367589611972491121	unknown	not-attempted	solver exited without a verdict: cvc5 interrupted by timeout.	5456796875	collect=453625,pre-reconstruct=7571750,normalize=7171000,monomorphize=21417,instantiate=12166,translate=24108125,solve=5417458792	
plean	crush-portfolio	1	Examples/TwoPhaseCommit.lean|TwoPhaseCommit.Coordinator.WaitForResponses.eYes_correct_of_commit_sent_commit_sent_using_votes_system_config	TwoPhaseCommit.Coordinator.WaitForResponses.eYes_correct_of_commit_sent_commit_sent_using_votes_system_config	15367589611972491121	unknown	not-attempted	solver exited without a verdict: cvc5 interrupted by timeout.	5458202918	collect=355167,pre-reconstruct=6592667,normalize=7117416,monomorphize=21000,instantiate=15209,translate=23746417,solve=5420355042	
plean	crush-portfolio	1	Examples/TwoPhaseCommit.lean|TwoPhaseCommit.Coordinator.WaitForResponses.eYes_correct_of_commit_sent_commit_sent_using_votes_system_config	TwoPhaseCommit.Coordinator.WaitForResponses.eYes_correct_of_commit_sent_commit_sent_using_votes_system_config	10882727174046215897	unknown	not-attempted	solver exited without a verdict: cvc5 interrupted by timeout.	6709815125	collect=374583,pre-reconstruct=1262670917,normalize=5637875,monomorphize=24083,instantiate=11875,translate=23192125,solve=5417903667	
plean	crush-portfolio	1	Examples/TwoPhaseCommit.lean|TwoPhaseCommit.Coordinator.WaitForResponses.eYes_correct_of_commit_sent_commit_sent_using_votes_system_config	TwoPhaseCommit.Coordinator.WaitForResponses.eYes_correct_of_commit_sent_commit_sent_using_votes_system_config	10882727174046215897	unknown	not-attempted	solver exited without a verdict: cvc5 interrupted by timeout.	6700008792	collect=495417,pre-reconstruct=1251564083,normalize=5413125,monomorphize=25000,instantiate=9917,translate=23228083,solve=5419273167	
plean	crush-portfolio	1	Examples/TwoPhaseCommit.lean|TwoPhaseCommit.Coordinator.WaitForResponses.eNo_correct_of_commit_sent_commit_sent_using_votes_system_config	TwoPhaseCommit.Coordinator.WaitForResponses.eNo_correct_of_commit_sent_commit_sent_using_votes_system_config	14328788366895590194	core-reconstructed	certificate-error	core-directed reconstruction succeeded	555853460	collect=395583,pre-reconstruct=9239667,normalize=5653750,monomorphize=29584,instantiate=20584,translate=24231709,solve=453847292,replay=23333,reconstruct=62411958	
plean	crush-portfolio	1	Examples/TwoPhaseCommit.lean|TwoPhaseCommit.Coordinator.WaitForResponses.eNo_correct_of_commit_sent_commit_sent_using_votes_system_config	TwoPhaseCommit.Coordinator.WaitForResponses.eNo_correct_of_commit_sent_commit_sent_using_votes_system_config	16544938116920668609	unknown	not-attempted	solver exited without a verdict: cvc5 interrupted by timeout.	5437375042	collect=330625,pre-reconstruct=5927291,normalize=4037042,monomorphize=22959,instantiate=10500,translate=17428792,solve=5409617833	
plean	crush-portfolio	1	Examples/TwoPhaseCommit.lean|TwoPhaseCommit.Coordinator.WaitForResponses.eNo_correct_of_commit_sent_commit_sent_using_votes_system_config	TwoPhaseCommit.Coordinator.WaitForResponses.eNo_correct_of_commit_sent_commit_sent_using_votes_system_config	14328788366895590194	core-reconstructed	certificate-error	core-directed reconstruction succeeded	555452667	collect=340375,pre-reconstruct=8700250,normalize=5606667,monomorphize=23250,instantiate=16084,translate=24868042,solve=454044416,replay=13750,reconstruct=61839833	
plean	crush-portfolio	1	Examples/TwoPhaseCommit.lean|TwoPhaseCommit.Coordinator.WaitForResponses.eNo_correct_of_commit_sent_commit_sent_using_votes_system_config	TwoPhaseCommit.Coordinator.WaitForResponses.eNo_correct_of_commit_sent_commit_sent_using_votes_system_config	16544938116920668609	unknown	not-attempted	solver exited without a verdict: cvc5 interrupted by timeout.	5465029708	collect=375209,pre-reconstruct=4589750,normalize=3867375,monomorphize=23792,instantiate=10083,translate=17101833,solve=5439061666	
plean	crush-portfolio	1	Examples/TwoPhaseCommit.lean|TwoPhaseCommit.Coordinator.WaitForResponses.eNo_correct_of_commit_sent_commit_sent_using_votes_system_config	TwoPhaseCommit.Coordinator.WaitForResponses.eNo_correct_of_commit_sent_commit_sent_using_votes_system_config	16544938116920668609	core-reconstructed	certificate-error	core-directed reconstruction succeeded	1151120460	collect=324834,pre-reconstruct=3048625,normalize=5139084,monomorphize=22833,instantiate=15125,translate=22329417,solve=433108292,replay=11917,reconstruct=687120333	
plean	crush-portfolio	1	Examples/TwoPhaseCommit.lean|TwoPhaseCommit.Coordinator.WaitForResponses.eNo_correct_of_commit_sent_commit_sent_using_votes_system_config	TwoPhaseCommit.Coordinator.WaitForResponses.eNo_correct_of_commit_sent_commit_sent_using_votes_system_config	11269035718580243533	core-reconstructed	certificate-error	core-directed reconstruction succeeded	484602294	collect=388708,pre-reconstruct=1767167,normalize=4746709,monomorphize=22709,instantiate=9792,translate=20380250,solve=428229500,replay=12375,reconstruct=29045084	
plean	crush-portfolio	1	Examples/TwoPhaseCommit.lean|TwoPhaseCommit.Coordinator.WaitForResponses.eNo_correct_of_commit_sent_commit_sent_using_votes_system_config	TwoPhaseCommit.Coordinator.WaitForResponses.eNo_correct_of_commit_sent_commit_sent_using_votes_system_config	16316480181442834656	core-reconstructed	certificate-error	core-directed reconstruction succeeded	473807793	collect=360542,pre-reconstruct=8990417,normalize=5108500,monomorphize=24208,instantiate=11250,translate=20420459,solve=417110250,replay=14250,reconstruct=21767917	
plean	crush-portfolio	1	Examples/TwoPhaseCommit.lean|TwoPhaseCommit.Coordinator.WaitForResponses.eNo_correct_of_commit_sent_commit_sent_using_votes_system_config	TwoPhaseCommit.Coordinator.WaitForResponses.eNo_correct_of_commit_sent_commit_sent_using_votes_system_config	16544938116920668609	unknown	not-attempted	solver exited without a verdict: cvc5 interrupted by timeout.	5455180582	collect=258666,pre-reconstruct=2599083,normalize=3797417,monomorphize=24000,instantiate=10583,translate=17197416,solve=5431293417	
plean	crush-portfolio	1	Examples/TwoPhaseCommit.lean|TwoPhaseCommit.Coordinator.WaitForResponses.eNo_correct_of_commit_sent_commit_sent_using_votes_system_config	TwoPhaseCommit.Coordinator.WaitForResponses.eNo_correct_of_commit_sent_commit_sent_using_votes_system_config	16544938116920668609	core-reconstructed	certificate-error	core-directed reconstruction succeeded	1146350499	collect=351083,pre-reconstruct=3117709,normalize=5698291,monomorphize=24042,instantiate=15834,translate=22564333,solve=433333166,replay=11708,reconstruct=681234333	
plean	crush-portfolio	1	Examples/TwoPhaseCommit.lean|TwoPhaseCommit.Coordinator.WaitForResponses.eNo_correct_of_commit_sent_commit_sent_using_votes_system_config	TwoPhaseCommit.Coordinator.WaitForResponses.eNo_correct_of_commit_sent_commit_sent_using_votes_system_config	3663896596369207448	core-reconstructed	certificate-error	core-directed reconstruction succeeded	491673709	collect=391000,pre-reconstruct=1833542,normalize=4951166,monomorphize=23417,instantiate=14583,translate=20252209,solve=436100333,replay=21834,reconstruct=28085625	
plean	crush-portfolio	1	Examples/TwoPhaseCommit.lean|TwoPhaseCommit.Coordinator.WaitForResponses.eNo_correct_of_commit_sent_commit_sent_using_votes_system_config	TwoPhaseCommit.Coordinator.WaitForResponses.eNo_correct_of_commit_sent_commit_sent_using_votes_system_config	169441211374121931	core-reconstructed	certificate-error	core-directed reconstruction succeeded	473426960	collect=355208,pre-reconstruct=8209875,normalize=5298667,monomorphize=23875,instantiate=10542,translate=21321292,solve=416305209,replay=12084,reconstruct=21890208	
plean	crush-portfolio	1	Examples/TwoPhaseCommit.lean|TwoPhaseCommit.Coordinator.WaitForResponses.eNo_correct_of_commit_sent_commit_sent_using_votes_system_config	TwoPhaseCommit.Coordinator.WaitForResponses.eNo_correct_of_commit_sent_commit_sent_using_votes_system_config	16107403682016392080	unknown	not-attempted	solver exited without a verdict: cvc5 interrupted by timeout.	5442461331	collect=263916,pre-reconstruct=2565250,normalize=3866666,monomorphize=25708,instantiate=10708,translate=17059208,solve=5418669875	
plean	crush-portfolio	1	Examples/TwoPhaseCommit.lean|TwoPhaseCommit.Coordinator.WaitForResponses.eNo_correct_of_commit_sent_commit_sent_using_votes_system_config	TwoPhaseCommit.Coordinator.WaitForResponses.eNo_correct_of_commit_sent_commit_sent_using_votes_system_config	10882727174046215897	pre-reconstructed	not-attempted	closed before SMT translation	79895125	collect=311500,pre-reconstruct=79583625	
plean	crush-portfolio	1	Examples/TwoPhaseCommit.lean|TwoPhaseCommit.Coordinator.WaitForResponses.eNo_correct_of_commit_sent_commit_sent_using_votes_system_config	TwoPhaseCommit.Coordinator.WaitForResponses.eNo_correct_of_commit_sent_commit_sent_using_votes_system_config	3253717144076215989	pre-reconstructed	not-attempted	closed before SMT translation	116319124	collect=268416,pre-reconstruct=116050708	
plean	crush-portfolio	1	Examples/TwoPhaseCommit.lean|TwoPhaseCommit.Coordinator.WaitForResponses.eNo_correct_of_commit_sent_commit_sent_using_votes_system_config	TwoPhaseCommit.Coordinator.WaitForResponses.eNo_correct_of_commit_sent_commit_sent_using_votes_system_config	10882727174046215897	pre-reconstructed	not-attempted	closed before SMT translation	1985458	collect=273625,pre-reconstruct=1711833	
plean	crush-portfolio	1	Examples/TwoPhaseCommit.lean|TwoPhaseCommit.Coordinator.WaitForResponses.eNo_correct_of_commit_sent_commit_sent_using_votes_system_config	TwoPhaseCommit.Coordinator.WaitForResponses.eNo_correct_of_commit_sent_commit_sent_using_votes_system_config	3447196019152406883	pre-reconstructed	not-attempted	closed before SMT translation	1675459	collect=214917,pre-reconstruct=1460542	
plean	crush-portfolio	1	Examples/TwoPhaseCommit.lean|TwoPhaseCommit.Coordinator.WaitForResponses.eNo_correct_of_commit_sent_commit_sent_using_votes_system_config	TwoPhaseCommit.Coordinator.WaitForResponses.eNo_correct_of_commit_sent_commit_sent_using_votes_system_config	8236911049903588693	unknown	not-attempted	solver exited without a verdict: cvc5 interrupted by timeout.	5448873916	collect=205666,pre-reconstruct=4529041,normalize=3643917,monomorphize=21542,instantiate=10542,translate=16207042,solve=5424256166	
plean	crush-portfolio	1	Examples/TwoPhaseCommit.lean|TwoPhaseCommit.Coordinator.WaitForResponses.eNo_correct_of_commit_sent_commit_sent_using_votes_system_config	TwoPhaseCommit.Coordinator.WaitForResponses.eNo_correct_of_commit_sent_commit_sent_using_votes_system_config	10882727174046215897	pre-reconstructed	not-attempted	closed before SMT translation	78046874	collect=297958,pre-reconstruct=77748916	
plean	crush-portfolio	1	Examples/TwoPhaseCommit.lean|TwoPhaseCommit.Coordinator.WaitForResponses.eNo_correct_of_commit_sent_commit_sent_using_votes_system_config	TwoPhaseCommit.Coordinator.WaitForResponses.eNo_correct_of_commit_sent_commit_sent_using_votes_system_config	3253717144076215989	pre-reconstructed	not-attempted	closed before SMT translation	115437292	collect=259500,pre-reconstruct=115177792	
plean	crush-portfolio	1	Examples/TwoPhaseCommit.lean|TwoPhaseCommit.Coordinator.WaitForResponses.eNo_correct_of_commit_sent_commit_sent_using_votes_system_config	TwoPhaseCommit.Coordinator.WaitForResponses.eNo_correct_of_commit_sent_commit_sent_using_votes_system_config	10882727174046215897	pre-reconstructed	not-attempted	closed before SMT translation	1964000	collect=276208,pre-reconstruct=1687792	
plean	crush-portfolio	1	Examples/TwoPhaseCommit.lean|TwoPhaseCommit.Coordinator.WaitForResponses.eNo_correct_of_commit_sent_commit_sent_using_votes_system_config	TwoPhaseCommit.Coordinator.WaitForResponses.eNo_correct_of_commit_sent_commit_sent_using_votes_system_config	3447196019152406883	pre-reconstructed	not-attempted	closed before SMT translation	1698584	collect=222875,pre-reconstruct=1475709	
plean	crush-portfolio	1	Examples/TwoPhaseCommit.lean|TwoPhaseCommit.Coordinator.WaitForResponses.eNo_correct_of_commit_sent_commit_sent_using_votes_system_config	TwoPhaseCommit.Coordinator.WaitForResponses.eNo_correct_of_commit_sent_commit_sent_using_votes_system_config	8236911049903588693	unknown	not-attempted	solver exited without a verdict: cvc5 interrupted by timeout.	5447233793	collect=220167,pre-reconstruct=4297000,normalize=3549958,monomorphize=21417,instantiate=10417,translate=16533834,solve=5422601000	
plean	crush-portfolio	1	Examples/TwoPhaseCommit.lean|TwoPhaseCommit.Coordinator.WaitForResponses.eNo_correct_of_commit_sent_commit_sent_using_votes_system_config	TwoPhaseCommit.Coordinator.WaitForResponses.eNo_correct_of_commit_sent_commit_sent_using_votes_system_config	10882727174046215897	pre-reconstructed	not-attempted	closed before SMT translation	77870917	collect=291167,pre-reconstruct=77579750	
plean	crush-portfolio	1	Examples/TwoPhaseCommit.lean|TwoPhaseCommit.Coordinator.WaitForResponses.eNo_correct_of_commit_sent_commit_sent_using_votes_system_config	TwoPhaseCommit.Coordinator.WaitForResponses.eNo_correct_of_commit_sent_commit_sent_using_votes_system_config	3253717144076215989	pre-reconstructed	not-attempted	closed before SMT translation	115750959	collect=250292,pre-reconstruct=115500667	
plean	crush-portfolio	1	Examples/TwoPhaseCommit.lean|TwoPhaseCommit.Coordinator.WaitForResponses.eNo_correct_of_commit_sent_commit_sent_using_votes_system_config	TwoPhaseCommit.Coordinator.WaitForResponses.eNo_correct_of_commit_sent_commit_sent_using_votes_system_config	10882727174046215897	pre-reconstructed	not-attempted	closed before SMT translation	2075791	collect=275041,pre-reconstruct=1800750	
plean	crush-portfolio	1	Examples/TwoPhaseCommit.lean|TwoPhaseCommit.Coordinator.WaitForResponses.eNo_correct_of_commit_sent_commit_sent_using_votes_system_config	TwoPhaseCommit.Coordinator.WaitForResponses.eNo_correct_of_commit_sent_commit_sent_using_votes_system_config	3447196019152406883	pre-reconstructed	not-attempted	closed before SMT translation	1830083	collect=237875,pre-reconstruct=1592208	
plean	crush-portfolio	1	Examples/TwoPhaseCommit.lean|TwoPhaseCommit.Coordinator.WaitForResponses.eNo_correct_of_commit_sent_commit_sent_using_votes_system_config	TwoPhaseCommit.Coordinator.WaitForResponses.eNo_correct_of_commit_sent_commit_sent_using_votes_system_config	4603268118125486097	core-reconstructed	certificate-error	core-directed reconstruction succeeded	435913791	collect=223750,pre-reconstruct=1573458,normalize=3274375,monomorphize=23708,instantiate=11417,translate=17629250,solve=412078375,replay=13083,reconstruct=1086375	
plean	crush-portfolio	1	Examples/TwoPhaseCommit.lean|TwoPhaseCommit.Coordinator.WaitForResponses.eNo_correct_of_commit_sent_commit_sent_using_votes_system_config	TwoPhaseCommit.Coordinator.WaitForResponses.eNo_correct_of_commit_sent_commit_sent_using_votes_system_config	4519860779536265759	unknown	not-attempted	solver exited without a verdict: cvc5 interrupted by timeout.	5447439500	collect=487500,pre-reconstruct=5035583,normalize=4505458,monomorphize=23542,instantiate=14709,translate=16193750,solve=5421178958	
plean	crush-portfolio	1	Examples/TwoPhaseCommit.lean|TwoPhaseCommit.Coordinator.WaitForResponses.eNo_correct_of_commit_sent_commit_sent_using_votes_system_config	TwoPhaseCommit.Coordinator.WaitForResponses.eNo_correct_of_commit_sent_commit_sent_using_votes_system_config	10882727174046215897	pre-reconstructed	not-attempted	closed before SMT translation	78316583	collect=322208,pre-reconstruct=77994375	
plean	crush-portfolio	1	Examples/TwoPhaseCommit.lean|TwoPhaseCommit.Coordinator.WaitForResponses.eNo_correct_of_commit_sent_commit_sent_using_votes_system_config	TwoPhaseCommit.Coordinator.WaitForResponses.eNo_correct_of_commit_sent_commit_sent_using_votes_system_config	3253717144076215989	pre-reconstructed	not-attempted	closed before SMT translation	117820792	collect=254375,pre-reconstruct=117566417	
plean	crush-portfolio	1	Examples/TwoPhaseCommit.lean|TwoPhaseCommit.Coordinator.WaitForResponses.eNo_correct_of_commit_sent_commit_sent_using_votes_system_config	TwoPhaseCommit.Coordinator.WaitForResponses.eNo_correct_of_commit_sent_commit_sent_using_votes_system_config	10882727174046215897	pre-reconstructed	not-attempted	closed before SMT translation	2213834	collect=275084,pre-reconstruct=1938750	
plean	crush-portfolio	1	Examples/TwoPhaseCommit.lean|TwoPhaseCommit.Coordinator.WaitForResponses.eNo_correct_of_commit_sent_commit_sent_using_votes_system_config	TwoPhaseCommit.Coordinator.WaitForResponses.eNo_correct_of_commit_sent_commit_sent_using_votes_system_config	3447196019152406883	pre-reconstructed	not-attempted	closed before SMT translation	1808833	collect=243791,pre-reconstruct=1565042	
plean	crush-portfolio	1	Examples/TwoPhaseCommit.lean|TwoPhaseCommit.Coordinator.WaitForResponses.eNo_correct_of_commit_sent_commit_sent_using_votes_system_config	TwoPhaseCommit.Coordinator.WaitForResponses.eNo_correct_of_commit_sent_commit_sent_using_votes_system_config	8236911049903588693	unknown	not-attempted	solver exited without a verdict: cvc5 interrupted by timeout.	5445647250	collect=237500,pre-reconstruct=2624000,normalize=3461416,monomorphize=21625,instantiate=11000,translate=16162042,solve=5423129667	
plean	crush-portfolio	1	Examples/TwoPhaseCommit.lean|TwoPhaseCommit.Coordinator.WaitForResponses.eNo_correct_of_commit_sent_commit_sent_using_votes_system_config	TwoPhaseCommit.Coordinator.WaitForResponses.eNo_correct_of_commit_sent_commit_sent_using_votes_system_config	14328788366895590194	core-reconstructed	certificate-error	core-directed reconstruction succeeded	555739999	collect=345541,pre-reconstruct=9119042,normalize=5548917,monomorphize=22042,instantiate=11833,translate=24581541,solve=458949583,replay=14042,reconstruct=57147458	
plean	crush-portfolio	1	Examples/TwoPhaseCommit.lean|TwoPhaseCommit.Coordinator.WaitForResponses.eNo_correct_of_commit_sent_commit_sent_using_votes_system_config	TwoPhaseCommit.Coordinator.WaitForResponses.eNo_correct_of_commit_sent_commit_sent_using_votes_system_config	16544938116920668609	unknown	not-attempted	solver exited without a verdict: cvc5 interrupted by timeout.	5444428583	collect=353708,pre-reconstruct=4110458,normalize=4022709,monomorphize=25041,instantiate=11334,translate=16985000,solve=5418920333	
plean	crush-portfolio	1	Examples/TwoPhaseCommit.lean|TwoPhaseCommit.Coordinator.WaitForResponses.eNo_correct_of_commit_sent_commit_sent_using_votes_system_config	TwoPhaseCommit.Coordinator.WaitForResponses.eNo_correct_of_commit_sent_commit_sent_using_votes_system_config	14328788366895590194	core-reconstructed	certificate-error	core-directed reconstruction succeeded	560015335	collect=357084,pre-reconstruct=9234459,normalize=5465750,monomorphize=22667,instantiate=16125,translate=24509083,solve=461742167,replay=13000,reconstruct=58655000	
plean	crush-portfolio	1	Examples/TwoPhaseCommit.lean|TwoPhaseCommit.Coordinator.WaitForResponses.eNo_correct_of_commit_sent_commit_sent_using_votes_system_config	TwoPhaseCommit.Coordinator.WaitForResponses.eNo_correct_of_commit_sent_commit_sent_using_votes_system_config	16544938116920668609	unknown	not-attempted	solver exited without a verdict: cvc5 interrupted by timeout.	5450113043	collect=415584,pre-reconstruct=3870917,normalize=4003375,monomorphize=23250,instantiate=16000,translate=16986542,solve=5424797375	
plean	crush-portfolio	1	Examples/TwoPhaseCommit.lean|TwoPhaseCommit.Coordinator.WaitForResponses.eNo_correct_of_commit_sent_commit_sent_using_votes_system_config	TwoPhaseCommit.Coordinator.WaitForResponses.eNo_correct_of_commit_sent_commit_sent_using_votes_system_config	16544938116920668609	core-reconstructed	certificate-error	core-directed reconstruction succeeded	1166682208	collect=368125,pre-reconstruct=3088916,normalize=5543875,monomorphize=27750,instantiate=19292,translate=23138667,solve=443463250,replay=11708,reconstruct=691020625	
plean	crush-portfolio	1	Examples/TwoPhaseCommit.lean|TwoPhaseCommit.Coordinator.WaitForResponses.eNo_correct_of_commit_sent_commit_sent_using_votes_system_config	TwoPhaseCommit.Coordinator.WaitForResponses.eNo_correct_of_commit_sent_commit_sent_using_votes_system_config	11269035718580243533	core-reconstructed	certificate-error	core-directed reconstruction succeeded	488493707	collect=380291,pre-reconstruct=1809750,normalize=4920083,monomorphize=23375,instantiate=13666,translate=20734292,solve=432603083,replay=12375,reconstruct=27996792	
plean	crush-portfolio	1	Examples/TwoPhaseCommit.lean|TwoPhaseCommit.Coordinator.WaitForResponses.eNo_correct_of_commit_sent_commit_sent_using_votes_system_config	TwoPhaseCommit.Coordinator.WaitForResponses.eNo_correct_of_commit_sent_commit_sent_using_votes_system_config	16316480181442834656	core-reconstructed	certificate-error	core-directed reconstruction succeeded	479959667	collect=355000,pre-reconstruct=8482500,normalize=5089459,monomorphize=25875,instantiate=14042,translate=20775458,solve=419966667,replay=16291,reconstruct=25234375	
plean	crush-portfolio	1	Examples/TwoPhaseCommit.lean|TwoPhaseCommit.Coordinator.WaitForResponses.eNo_correct_of_commit_sent_commit_sent_using_votes_system_config	TwoPhaseCommit.Coordinator.WaitForResponses.eNo_correct_of_commit_sent_commit_sent_using_votes_system_config	16544938116920668609	unknown	not-attempted	solver exited without a verdict: cvc5 interrupted by timeout.	5441673791	collect=291542,pre-reconstruct=3064875,normalize=4414250,monomorphize=24875,instantiate=11083,translate=19273791,solve=5414593375	
plean	crush-portfolio	1	Examples/TwoPhaseCommit.lean|TwoPhaseCommit.Coordinator.WaitForResponses.eNo_correct_of_commit_sent_commit_sent_using_votes_system_config	TwoPhaseCommit.Coordinator.WaitForResponses.eNo_correct_of_commit_sent_commit_sent_using_votes_system_config	16544938116920668609	core-reconstructed	certificate-error	core-directed reconstruction succeeded	1268777040	collect=399416,pre-reconstruct=3404042,normalize=5740291,monomorphize=24667,instantiate=19250,translate=23477916,solve=442850125,replay=12208,reconstruct=792849125	
plean	crush-portfolio	1	Examples/TwoPhaseCommit.lean|TwoPhaseCommit.Coordinator.WaitForResponses.eNo_correct_of_commit_sent_commit_sent_using_votes_system_config	TwoPhaseCommit.Coordinator.WaitForResponses.eNo_correct_of_commit_sent_commit_sent_using_votes_system_config	3663896596369207448	core-reconstructed	certificate-error	core-directed reconstruction succeeded	494747666	collect=360209,pre-reconstruct=1759917,normalize=5177458,monomorphize=29292,instantiate=13292,translate=23066416,solve=433688458,replay=15083,reconstruct=30637541	
plean	crush-portfolio	1	Examples/TwoPhaseCommit.lean|TwoPhaseCommit.Coordinator.WaitForResponses.eNo_correct_of_commit_sent_commit_sent_using_votes_system_config	TwoPhaseCommit.Coordinator.WaitForResponses.eNo_correct_of_commit_sent_commit_sent_using_votes_system_config	169441211374121931	core-reconstructed	certificate-error	core-directed reconstruction succeeded	494973082	collect=413709,pre-reconstruct=8552125,normalize=6111708,monomorphize=66375,instantiate=11958,translate=23353541,solve=431875584,replay=17541,reconstruct=24570541	
plean	crush-portfolio	1	Examples/TwoPhaseCommit.lean|TwoPhaseCommit.Coordinator.WaitForResponses.eNo_correct_of_commit_sent_commit_sent_using_votes_system_config	TwoPhaseCommit.Coordinator.WaitForResponses.eNo_correct_of_commit_sent_commit_sent_using_votes_system_config	16107403682016392080	unknown	not-attempted	solver exited without a verdict: cvc5 interrupted by timeout.	5448621457	collect=286083,pre-reconstruct=2769791,normalize=4638458,monomorphize=23542,instantiate=11833,translate=19157083,solve=5421734667	
plean	crush-portfolio	1	Examples/TwoPhaseCommit.lean|TwoPhaseCommit.Coordinator.WaitForResponses.eNo_correct_of_commit_sent_commit_sent_using_votes_system_config	TwoPhaseCommit.Coordinator.WaitForResponses.eNo_correct_of_commit_sent_commit_sent_using_votes_system_config	14328788366895590194	core-reconstructed	certificate-error	core-directed reconstruction succeeded	557258335	collect=444792,pre-reconstruct=9404000,normalize=5752459,monomorphize=22709,instantiate=12083,translate=23943083,solve=461390334,replay=13167,reconstruct=56275708	
plean	crush-portfolio	1	Examples/TwoPhaseCommit.lean|TwoPhaseCommit.Coordinator.WaitForResponses.eNo_correct_of_commit_sent_commit_sent_using_votes_system_config	TwoPhaseCommit.Coordinator.WaitForResponses.eNo_correct_of_commit_sent_commit_sent_using_votes_system_config	16544938116920668609	unknown	not-attempted	solver exited without a verdict: cvc5 interrupted by timeout.	5459834333	collect=333625,pre-reconstruct=4066958,normalize=3839458,monomorphize=24167,instantiate=9833,translate=17165750,solve=5434394542	
plean	crush-portfolio	1	Examples/TwoPhaseCommit.lean|TwoPhaseCommit.Coordinator.WaitForResponses.eNo_correct_of_commit_sent_commit_sent_using_votes_system_config	TwoPhaseCommit.Coordinator.WaitForResponses.eNo_correct_of_commit_sent_commit_sent_using_votes_system_config	14328788366895590194	core-reconstructed	certificate-error	core-directed reconstruction succeeded	566169874	collect=347292,pre-reconstruct=9646792,normalize=5531708,monomorphize=29041,instantiate=17041,translate=24127250,solve=463046250,replay=13667,reconstruct=63410833	
plean	crush-portfolio	1	Examples/TwoPhaseCommit.lean|TwoPhaseCommit.Coordinator.WaitForResponses.eNo_correct_of_commit_sent_commit_sent_using_votes_system_config	TwoPhaseCommit.Coordinator.WaitForResponses.eNo_correct_of_commit_sent_commit_sent_using_votes_system_config	16544938116920668609	unknown	not-attempted	solver exited without a verdict: cvc5 interrupted by timeout.	5440142918	collect=396000,pre-reconstruct=3743459,normalize=4177500,monomorphize=25584,instantiate=13958,translate=17531042,solve=5414255375	
plean	crush-portfolio	1	Examples/TwoPhaseCommit.lean|TwoPhaseCommit.Coordinator.WaitForResponses.eNo_correct_of_commit_sent_commit_sent_using_votes_system_config	TwoPhaseCommit.Coordinator.WaitForResponses.eNo_correct_of_commit_sent_commit_sent_using_votes_system_config	16544938116920668609	core-reconstructed	certificate-error	core-directed reconstruction succeeded	1181165459	collect=377917,pre-reconstruct=3197750,normalize=5279458,monomorphize=23625,instantiate=19375,translate=21619917,solve=446828833,replay=13625,reconstruct=703804959	
plean	crush-portfolio	1	Examples/TwoPhaseCommit.lean|TwoPhaseCommit.Coordinator.WaitForResponses.eNo_correct_of_commit_sent_commit_sent_using_votes_system_config	TwoPhaseCommit.Coordinator.WaitForResponses.eNo_correct_of_commit_sent_commit_sent_using_votes_system_config	11269035718580243533	core-reconstructed	certificate-error	core-directed reconstruction succeeded	482908040	collect=361041,pre-reconstruct=1801000,normalize=4938708,monomorphize=23333,instantiate=10958,translate=20846042,solve=425902375,replay=15458,reconstruct=29009125	
plean	crush-portfolio	1	Examples/TwoPhaseCommit.lean|TwoPhaseCommit.Coordinator.WaitForResponses.eNo_correct_of_commit_sent_commit_sent_using_votes_system_config	TwoPhaseCommit.Coordinator.WaitForResponses.eNo_correct_of_commit_sent_commit_sent_using_votes_system_config	16316480181442834656	core-reconstructed	certificate-error	core-directed reconstruction succeeded	487702333	collect=346083,pre-reconstruct=8815708,normalize=5010458,monomorphize=23458,instantiate=10750,translate=22149417,solve=426120250,replay=12667,reconstruct=25213542	
plean	crush-portfolio	1	Examples/TwoPhaseCommit.lean|TwoPhaseCommit.Coordinator.WaitForResponses.eNo_correct_of_commit_sent_commit_sent_using_votes_system_config	TwoPhaseCommit.Coordinator.WaitForResponses.eNo_correct_of_commit_sent_commit_sent_using_votes_system_config	16544938116920668609	unknown	not-attempted	solver exited without a verdict: cvc5 interrupted by timeout.	5441768583	collect=346417,pre-reconstruct=2886375,normalize=4260250,monomorphize=26875,instantiate=12375,translate=18318458,solve=5415917833	
plean	crush-portfolio	1	Examples/TwoPhaseCommit.lean|TwoPhaseCommit.Coordinator.WaitForResponses.eNo_correct_of_commit_sent_commit_sent_using_votes_system_config	TwoPhaseCommit.Coordinator.WaitForResponses.eNo_correct_of_commit_sent_commit_sent_using_votes_system_config	16544938116920668609	core-reconstructed	certificate-error	core-directed reconstruction succeeded	1185029583	collect=358000,pre-reconstruct=3352333,normalize=5882250,monomorphize=24125,instantiate=20333,translate=22982166,solve=433642292,replay=12584,reconstruct=718755500	
plean	crush-portfolio	1	Examples/TwoPhaseCommit.lean|TwoPhaseCommit.Coordinator.WaitForResponses.eNo_correct_of_commit_sent_commit_sent_using_votes_system_config	TwoPhaseCommit.Coordinator.WaitForResponses.eNo_correct_of_commit_sent_commit_sent_using_votes_system_config	3663896596369207448	core-reconstructed	certificate-error	core-directed reconstruction succeeded	496488541	collect=407167,pre-reconstruct=2201625,normalize=5207166,monomorphize=23875,instantiate=15250,translate=20861750,solve=436023333,replay=12458,reconstruct=31735917	
plean	crush-portfolio	1	Examples/TwoPhaseCommit.lean|TwoPhaseCommit.Coordinator.WaitForResponses.eNo_correct_of_commit_sent_commit_sent_using_votes_system_config	TwoPhaseCommit.Coordinator.WaitForResponses.eNo_correct_of_commit_sent_commit_sent_using_votes_system_config	169441211374121931	core-reconstructed	certificate-error	core-directed reconstruction succeeded	489979915	collect=520583,pre-reconstruct=8852791,normalize=5469208,monomorphize=26250,instantiate=12125,translate=24821291,solve=425990833,replay=13500,reconstruct=24273334	
plean	crush-portfolio	1	Examples/TwoPhaseCommit.lean|TwoPhaseCommit.Coordinator.WaitForResponses.eNo_correct_of_commit_sent_commit_sent_using_votes_system_config	TwoPhaseCommit.Coordinator.WaitForResponses.eNo_correct_of_commit_sent_commit_sent_using_votes_system_config	16107403682016392080	unknown	not-attempted	solver exited without a verdict: cvc5 interrupted by timeout.	5444946876	collect=330709,pre-reconstruct=2736917,normalize=4400666,monomorphize=24083,instantiate=14709,translate=19626709,solve=5417813083	
plean	crush-portfolio	1	Examples/TwoPhaseCommit.lean|TwoPhaseCommit.Coordinator.Init.entry_correct_of_commit_sent_commit_sent_using_votes_system_config	TwoPhaseCommit.Coordinator.Init.entry_correct_of_commit_sent_commit_sent_using_votes_system_config	10238892770241185239	core-reconstructed	certificate-error	core-directed reconstruction succeeded	573058042	collect=611750,pre-reconstruct=10980250,normalize=5887875,monomorphize=29000,instantiate=16833,translate=24297959,solve=460936500,replay=30833,reconstruct=70267042	
plean	crush-portfolio	1	Examples/TwoPhaseCommit.lean|TwoPhaseCommit.Coordinator.Init.entry_correct_of_commit_sent_commit_sent_using_votes_system_config	TwoPhaseCommit.Coordinator.Init.entry_correct_of_commit_sent_commit_sent_using_votes_system_config	16544938116920668609	unknown	not-attempted	solver exited without a verdict: cvc5 interrupted by timeout.	5442315083	collect=352083,pre-reconstruct=5675500,normalize=4713208,monomorphize=25958,instantiate=13917,translate=17689625,solve=5413844792	
plean	crush-portfolio	1	Examples/TwoPhaseCommit.lean|TwoPhaseCommit.Coordinator.Init.entry_correct_of_commit_sent_commit_sent_using_votes_system_config	TwoPhaseCommit.Coordinator.Init.entry_correct_of_commit_sent_commit_sent_using_votes_system_config	10238892770241185239	core-reconstructed	certificate-error	core-directed reconstruction succeeded	569786459	collect=319417,pre-reconstruct=9070584,normalize=5540750,monomorphize=22417,instantiate=15583,translate=22921250,solve=461284541,replay=15625,reconstruct=70596292	
plean	crush-portfolio	1	Examples/TwoPhaseCommit.lean|TwoPhaseCommit.Coordinator.Init.entry_correct_of_commit_sent_commit_sent_using_votes_system_config	TwoPhaseCommit.Coordinator.Init.entry_correct_of_commit_sent_commit_sent_using_votes_system_config	16544938116920668609	unknown	not-attempted	solver exited without a verdict: cvc5 interrupted by timeout.	5450618832	collect=514416,pre-reconstruct=5016667,normalize=3705500,monomorphize=21958,instantiate=10125,translate=16203375,solve=5425146791	
plean	crush-portfolio	1	Examples/TwoPhaseCommit.lean|TwoPhaseCommit.Coordinator.Init.entry_correct_of_commit_sent_commit_sent_using_votes_system_config	TwoPhaseCommit.Coordinator.Init.entry_correct_of_commit_sent_commit_sent_using_votes_system_config	16544938116920668609	core-reconstructed	certificate-error	core-directed reconstruction succeeded	1164693543	collect=316875,pre-reconstruct=3001625,normalize=5598125,monomorphize=33667,instantiate=24084,translate=22065250,solve=437898417,replay=11375,reconstruct=695744125	
plean	crush-portfolio	1	Examples/TwoPhaseCommit.lean|TwoPhaseCommit.Coordinator.Init.entry_correct_of_commit_sent_commit_sent_using_votes_system_config	TwoPhaseCommit.Coordinator.Init.entry_correct_of_commit_sent_commit_sent_using_votes_system_config	11269035718580243533	core-reconstructed	certificate-error	core-directed reconstruction succeeded	484652042	collect=399750,pre-reconstruct=1730917,normalize=4732333,monomorphize=21375,instantiate=11000,translate=18863417,solve=429430750,replay=12042,reconstruct=29450458	
plean	crush-portfolio	1	Examples/TwoPhaseCommit.lean|TwoPhaseCommit.Coordinator.Init.entry_correct_of_commit_sent_commit_sent_using_votes_system_config	TwoPhaseCommit.Coordinator.Init.entry_correct_of_commit_sent_commit_sent_using_votes_system_config	17743988793785745605	core-reconstructed	certificate-error	core-directed reconstruction succeeded	528178917	collect=343416,pre-reconstruct=44119459,normalize=5361000,monomorphize=24750,instantiate=13833,translate=27200125,solve=427975917,replay=10959,reconstruct=23129458	
plean	crush-portfolio	1	Examples/TwoPhaseCommit.lean|TwoPhaseCommit.Coordinator.Init.entry_correct_of_commit_sent_commit_sent_using_votes_system_config	TwoPhaseCommit.Coordinator.Init.entry_correct_of_commit_sent_commit_sent_using_votes_system_config	16544938116920668609	unknown	not-attempted	solver exited without a verdict: cvc5 interrupted by timeout.	5450856709	collect=236250,pre-reconstruct=2428375,normalize=3786375,monomorphize=20750,instantiate=10375,translate=16778125,solve=5427596459	
plean	crush-portfolio	1	Examples/TwoPhaseCommit.lean|TwoPhaseCommit.Coordinator.Init.entry_correct_of_commit_sent_commit_sent_using_votes_system_config	TwoPhaseCommit.Coordinator.Init.entry_correct_of_commit_sent_commit_sent_using_votes_system_config	16544938116920668609	core-reconstructed	certificate-error	core-directed reconstruction succeeded	1127602373	collect=385708,pre-reconstruct=2953833,normalize=5833625,monomorphize=23500,instantiate=40916,translate=23215458,solve=435968250,replay=11375,reconstruct=659169708	
plean	crush-portfolio	1	Examples/TwoPhaseCommit.lean|TwoPhaseCommit.Coordinator.Init.entry_correct_of_commit_sent_commit_sent_using_votes_system_config	TwoPhaseCommit.Coordinator.Init.entry_correct_of_commit_sent_commit_sent_using_votes_system_config	3663896596369207448	core-reconstructed	certificate-error	core-directed reconstruction succeeded	486794625	collect=427292,pre-reconstruct=1698625,normalize=4950125,monomorphize=21625,instantiate=11625,translate=19502625,solve=428626375,replay=11417,reconstruct=31544916	
plean	crush-portfolio	1	Examples/TwoPhaseCommit.lean|TwoPhaseCommit.Coordinator.Init.entry_correct_of_commit_sent_commit_sent_using_votes_system_config	TwoPhaseCommit.Coordinator.Init.entry_correct_of_commit_sent_commit_sent_using_votes_system_config	17468433773464704659	core-reconstructed	certificate-error	core-directed reconstruction succeeded	484114832	collect=396708,pre-reconstruct=9052500,normalize=4874500,monomorphize=21666,instantiate=11791,translate=19703042,solve=426737500,replay=11083,reconstruct=23306042	
plean	crush-portfolio	1	Examples/TwoPhaseCommit.lean|TwoPhaseCommit.Coordinator.Init.entry_correct_of_commit_sent_commit_sent_using_votes_system_config	TwoPhaseCommit.Coordinator.Init.entry_correct_of_commit_sent_commit_sent_using_votes_system_config	4554345946624791324	unknown	not-attempted	solver exited without a verdict: cvc5 interrupted by timeout.	5435821585	collect=263959,pre-reconstruct=2545834,normalize=3571084,monomorphize=20541,instantiate=11667,translate=16153125,solve=5413255375	
plean	crush-portfolio	1	Examples/TwoPhaseCommit.lean|TwoPhaseCommit.Coordinator.Init.entry_correct_of_commit_sent_commit_sent_using_votes_system_config	TwoPhaseCommit.Coordinator.Init.entry_correct_of_commit_sent_commit_sent_using_votes_system_config	10882727174046215897	pre-reconstructed	not-attempted	closed before SMT translation	82000166	collect=299791,pre-reconstruct=81700375	
plean	crush-portfolio	1	Examples/TwoPhaseCommit.lean|TwoPhaseCommit.Coordinator.Init.entry_correct_of_commit_sent_commit_sent_using_votes_system_config	TwoPhaseCommit.Coordinator.Init.entry_correct_of_commit_sent_commit_sent_using_votes_system_config	3253717144076215989	pre-reconstructed	not-attempted	closed before SMT translation	121797084	collect=257084,pre-reconstruct=121540000	
plean	crush-portfolio	1	Examples/TwoPhaseCommit.lean|TwoPhaseCommit.Coordinator.Init.entry_correct_of_commit_sent_commit_sent_using_votes_system_config	TwoPhaseCommit.Coordinator.Init.entry_correct_of_commit_sent_commit_sent_using_votes_system_config	10882727174046215897	pre-reconstructed	not-attempted	closed before SMT translation	1980167	collect=306292,pre-reconstruct=1673875	
plean	crush-portfolio	1	Examples/TwoPhaseCommit.lean|TwoPhaseCommit.Coordinator.Init.entry_correct_of_commit_sent_commit_sent_using_votes_system_config	TwoPhaseCommit.Coordinator.Init.entry_correct_of_commit_sent_commit_sent_using_votes_system_config	3447196019152406883	pre-reconstructed	not-attempted	closed before SMT translation	1925125	collect=281000,pre-reconstruct=1644125	
plean	crush-portfolio	1	Examples/TwoPhaseCommit.lean|TwoPhaseCommit.Coordinator.Init.entry_correct_of_commit_sent_commit_sent_using_votes_system_config	TwoPhaseCommit.Coordinator.Init.entry_correct_of_commit_sent_commit_sent_using_votes_system_config	12046566145604182226	selected-fact	not-attempted	closed from a selected Lean fact	250667	collect=250667	
plean	crush-portfolio	1	Examples/TwoPhaseCommit.lean|TwoPhaseCommit.Coordinator.Init.entry_correct_of_commit_sent_commit_sent_using_votes_system_config	TwoPhaseCommit.Coordinator.Init.entry_correct_of_commit_sent_commit_sent_using_votes_system_config	9909793585723607952	selected-fact	not-attempted	closed from a selected Lean fact	218041	collect=218041	
plean	crush-portfolio	1	Examples/TwoPhaseCommit.lean|TwoPhaseCommit.Coordinator.Init.entry_correct_of_commit_sent_commit_sent_using_votes_system_config	TwoPhaseCommit.Coordinator.Init.entry_correct_of_commit_sent_commit_sent_using_votes_system_config	13137414707843300806	selected-fact	not-attempted	closed from a selected Lean fact	237250	collect=237250	
plean	crush-portfolio	1	Examples/TwoPhaseCommit.lean|TwoPhaseCommit.Coordinator.Init.entry_correct_of_commit_sent_commit_sent_using_votes_system_config	TwoPhaseCommit.Coordinator.Init.entry_correct_of_commit_sent_commit_sent_using_votes_system_config	17949712576744242606	selected-fact	not-attempted	closed from a selected Lean fact	181125	collect=181125	
plean	crush-portfolio	1	Examples/TwoPhaseCommit.lean|TwoPhaseCommit.Coordinator.Init.entry_correct_of_commit_sent_commit_sent_using_votes_system_config	TwoPhaseCommit.Coordinator.Init.entry_correct_of_commit_sent_commit_sent_using_votes_system_config	10882727174046215897	pre-reconstructed	not-attempted	closed before SMT translation	168404000	collect=334417,pre-reconstruct=168069583	
plean	crush-portfolio	1	Examples/TwoPhaseCommit.lean|TwoPhaseCommit.Coordinator.Init.entry_correct_of_commit_sent_commit_sent_using_votes_system_config	TwoPhaseCommit.Coordinator.Init.entry_correct_of_commit_sent_commit_sent_using_votes_system_config	3253717144076215989	pre-reconstructed	not-attempted	closed before SMT translation	188073458	collect=291458,pre-reconstruct=187782000	
plean	crush-portfolio	1	Examples/TwoPhaseCommit.lean|TwoPhaseCommit.Coordinator.Init.entry_correct_of_commit_sent_commit_sent_using_votes_system_config	TwoPhaseCommit.Coordinator.Init.entry_correct_of_commit_sent_commit_sent_using_votes_system_config	10882727174046215897	pre-reconstructed	not-attempted	closed before SMT translation	1789542	collect=251292,pre-reconstruct=1538250	
plean	crush-portfolio	1	Examples/TwoPhaseCommit.lean|TwoPhaseCommit.Coordinator.Init.entry_correct_of_commit_sent_commit_sent_using_votes_system_config	TwoPhaseCommit.Coordinator.Init.entry_correct_of_commit_sent_commit_sent_using_votes_system_config	3447196019152406883	pre-reconstructed	not-attempted	closed before SMT translation	1505375	collect=199625,pre-reconstruct=1305750	
plean	crush-portfolio	1	Examples/TwoPhaseCommit.lean|TwoPhaseCommit.Coordinator.Init.entry_correct_of_commit_sent_commit_sent_using_votes_system_config	TwoPhaseCommit.Coordinator.Init.entry_correct_of_commit_sent_commit_sent_using_votes_system_config	12046566145604182226	selected-fact	not-attempted	closed from a selected Lean fact	194792	collect=194792	
plean	crush-portfolio	1	Examples/TwoPhaseCommit.lean|TwoPhaseCommit.Coordinator.Init.entry_correct_of_commit_sent_commit_sent_using_votes_system_config	TwoPhaseCommit.Coordinator.Init.entry_correct_of_commit_sent_commit_sent_using_votes_system_config	9909793585723607952	selected-fact	not-attempted	closed from a selected Lean fact	175417	collect=175417	
plean	crush-portfolio	1	Examples/TwoPhaseCommit.lean|TwoPhaseCommit.Coordinator.Init.entry_correct_of_commit_sent_commit_sent_using_votes_system_config	TwoPhaseCommit.Coordinator.Init.entry_correct_of_commit_sent_commit_sent_using_votes_system_config	13137414707843300806	selected-fact	not-attempted	closed from a selected Lean fact	190750	collect=190750	
plean	crush-portfolio	1	Examples/TwoPhaseCommit.lean|TwoPhaseCommit.Coordinator.Init.entry_correct_of_commit_sent_commit_sent_using_votes_system_config	TwoPhaseCommit.Coordinator.Init.entry_correct_of_commit_sent_commit_sent_using_votes_system_config	17949712576744242606	selected-fact	not-attempted	closed from a selected Lean fact	175791	collect=175791	
plean	crush-portfolio	1	Examples/TwoPhaseCommit.lean|TwoPhaseCommit.Coordinator.Init.entry_correct_of_commit_sent_commit_sent_using_votes_system_config	TwoPhaseCommit.Coordinator.Init.entry_correct_of_commit_sent_commit_sent_using_votes_system_config	10882727174046215897	pre-reconstructed	not-attempted	closed before SMT translation	80870458	collect=262750,pre-reconstruct=80607708	
plean	crush-portfolio	1	Examples/TwoPhaseCommit.lean|TwoPhaseCommit.Coordinator.Init.entry_correct_of_commit_sent_commit_sent_using_votes_system_config	TwoPhaseCommit.Coordinator.Init.entry_correct_of_commit_sent_commit_sent_using_votes_system_config	3253717144076215989	pre-reconstructed	not-attempted	closed before SMT translation	112670875	collect=253000,pre-reconstruct=112417875	
plean	crush-portfolio	1	Examples/TwoPhaseCommit.lean|TwoPhaseCommit.Coordinator.Init.entry_correct_of_commit_sent_commit_sent_using_votes_system_config	TwoPhaseCommit.Coordinator.Init.entry_correct_of_commit_sent_commit_sent_using_votes_system_config	10882727174046215897	pre-reconstructed	not-attempted	closed before SMT translation	1816667	collect=294167,pre-reconstruct=1522500	
plean	crush-portfolio	1	Examples/TwoPhaseCommit.lean|TwoPhaseCommit.Coordinator.Init.entry_correct_of_commit_sent_commit_sent_using_votes_system_config	TwoPhaseCommit.Coordinator.Init.entry_correct_of_commit_sent_commit_sent_using_votes_system_config	3447196019152406883	pre-reconstructed	not-attempted	closed before SMT translation	1528417	collect=204208,pre-reconstruct=1324209	
plean	crush-portfolio	1	Examples/TwoPhaseCommit.lean|TwoPhaseCommit.Coordinator.Init.entry_correct_of_commit_sent_commit_sent_using_votes_system_config	TwoPhaseCommit.Coordinator.Init.entry_correct_of_commit_sent_commit_sent_using_votes_system_config	12046566145604182226	selected-fact	not-attempted	closed from a selected Lean fact	183542	collect=183542	
plean	crush-portfolio	1	Examples/TwoPhaseCommit.lean|TwoPhaseCommit.Coordinator.Init.entry_correct_of_commit_sent_commit_sent_using_votes_system_config	TwoPhaseCommit.Coordinator.Init.entry_correct_of_commit_sent_commit_sent_using_votes_system_config	9909793585723607952	selected-fact	not-attempted	closed from a selected Lean fact	176542	collect=176542	
plean	crush-portfolio	1	Examples/TwoPhaseCommit.lean|TwoPhaseCommit.Coordinator.Init.entry_correct_of_commit_sent_commit_sent_using_votes_system_config	TwoPhaseCommit.Coordinator.Init.entry_correct_of_commit_sent_commit_sent_using_votes_system_config	13137414707843300806	selected-fact	not-attempted	closed from a selected Lean fact	181500	collect=181500	
plean	crush-portfolio	1	Examples/TwoPhaseCommit.lean|TwoPhaseCommit.Coordinator.Init.entry_correct_of_commit_sent_commit_sent_using_votes_system_config	TwoPhaseCommit.Coordinator.Init.entry_correct_of_commit_sent_commit_sent_using_votes_system_config	17949712576744242606	selected-fact	not-attempted	closed from a selected Lean fact	172791	collect=172791	
plean	crush-portfolio	1	Examples/TwoPhaseCommit.lean|TwoPhaseCommit.Coordinator.Init.entry_correct_of_commit_sent_commit_sent_using_votes_system_config	TwoPhaseCommit.Coordinator.Init.entry_correct_of_commit_sent_commit_sent_using_votes_system_config	10882727174046215897	unknown	not-attempted	solver exited without a verdict: cvc5 interrupted by timeout.	6554912333	collect=377084,pre-reconstruct=1102584542,normalize=5626916,monomorphize=25416,instantiate=11500,translate=22845750,solve=5423441125	
plean	crush-portfolio	1	Examples/TwoPhaseCommit.lean|TwoPhaseCommit.Coordinator.Init.entry_correct_of_commit_sent_commit_sent_using_votes_system_config	TwoPhaseCommit.Coordinator.Init.entry_correct_of_commit_sent_commit_sent_using_votes_system_config	10882727174046215897	unknown	not-attempted	solver exited without a verdict: cvc5 interrupted by timeout.	6543813085	collect=359166,pre-reconstruct=1098763250,normalize=5315667,monomorphize=23875,instantiate=10459,translate=22403834,solve=5416936834	
plean	crush-portfolio	1	Examples/TwoPhaseCommit.lean|TwoPhaseCommit.Coordinator.Init.entry_correct_of_commit_sent_commit_sent_using_votes_system_config	TwoPhaseCommit.Coordinator.Init.entry_correct_of_commit_sent_commit_sent_using_votes_system_config	10882727174046215897	unknown	not-attempted	solver exited without a verdict: cvc5 interrupted by timeout.	5503201041	collect=244791,pre-reconstruct=64668000,normalize=363042,monomorphize=20250,instantiate=15959,translate=16341708,solve=5421547291	
plean	crush-portfolio	1	Examples/TwoPhaseCommit.lean|TwoPhaseCommit.Coordinator.Init.entry_correct_of_commit_sent_commit_sent_using_votes_system_config	TwoPhaseCommit.Coordinator.Init.entry_correct_of_commit_sent_commit_sent_using_votes_system_config	10882727174046215897	unknown	not-attempted	solver exited without a verdict: cvc5 interrupted by timeout.	6554204000	collect=351792,pre-reconstruct=1112431875,normalize=5518250,monomorphize=24125,instantiate=13750,translate=23241750,solve=5412622458	
plean	crush-portfolio	1	Examples/TwoPhaseCommit.lean|TwoPhaseCommit.Coordinator.Init.entry_correct_of_commit_sent_commit_sent_using_votes_system_config	TwoPhaseCommit.Coordinator.Init.entry_correct_of_commit_sent_commit_sent_using_votes_system_config	10882727174046215897	pre-reconstructed	not-attempted	closed before SMT translation	662618126	collect=349417,pre-reconstruct=662268709	
plean	crush-portfolio	1	Examples/TwoPhaseCommit.lean|TwoPhaseCommit.Participant.Undecided.eVoteReq_correct_of_commit_sent_commit_sent_using_votes_system_config	TwoPhaseCommit.Participant.Undecided.eVoteReq_correct_of_commit_sent_commit_sent_using_votes_system_config	10882727174046215897	pre-reconstructed	not-attempted	closed before SMT translation	186566500	collect=477500,pre-reconstruct=186089000	
plean	crush-portfolio	1	Examples/TwoPhaseCommit.lean|TwoPhaseCommit.Participant.Undecided.eVoteReq_correct_of_commit_sent_commit_sent_using_votes_system_config	TwoPhaseCommit.Participant.Undecided.eVoteReq_correct_of_commit_sent_commit_sent_using_votes_system_config	10882727174046215897	pre-reconstructed	not-attempted	closed before SMT translation	187230833	collect=319958,pre-reconstruct=186910875	
plean	crush-portfolio	1	Examples/TwoPhaseCommit.lean|TwoPhaseCommit.Participant.Undecided.eCommit_correct_of_commit_sent_commit_sent_using_votes_system_config	TwoPhaseCommit.Participant.Undecided.eCommit_correct_of_commit_sent_commit_sent_using_votes_system_config	10882727174046215897	pre-reconstructed	not-attempted	closed before SMT translation	620644083	collect=406792,pre-reconstruct=620237291	
plean	crush-portfolio	1	Examples/TwoPhaseCommit.lean|TwoPhaseCommit.Participant.Undecided.eAbort_correct_of_commit_sent_commit_sent_using_votes_system_config	TwoPhaseCommit.Participant.Undecided.eAbort_correct_of_commit_sent_commit_sent_using_votes_system_config	10882727174046215897	pre-reconstructed	not-attempted	closed before SMT translation	642786709	collect=417667,pre-reconstruct=642369042	
plean	crush-portfolio	1	Examples/TwoPhaseCommit.lean|TwoPhaseCommit.base_of_safety_accepted_implies_all_prefer	TwoPhaseCommit.base_of_safety_accepted_implies_all_prefer	627119205886132577	core-reconstructed	certificate-error	core-directed reconstruction succeeded	484090375	collect=241209,pre-reconstruct=386166,normalize=3311708,monomorphize=16083,instantiate=17458,translate=16837167,solve=427199667,replay=19667,reconstruct=36061250	
plean	crush-portfolio	1	Examples/TwoPhaseCommit.lean|TwoPhaseCommit.Coordinator.WaitForResponses.eYes_correct_of_safety_safety_using_commit_sent	TwoPhaseCommit.Coordinator.WaitForResponses.eYes_correct_of_safety_safety_using_commit_sent	6742371409679850061	unknown	not-attempted	solver exited without a verdict: cvc5 interrupted by timeout.	5459154084	collect=475167,pre-reconstruct=7656959,normalize=6411250,monomorphize=30375,instantiate=20500,translate=17994000,solve=5426565833	
plean	crush-portfolio	1	Examples/TwoPhaseCommit.lean|TwoPhaseCommit.Coordinator.WaitForResponses.eYes_correct_of_safety_safety_using_commit_sent	TwoPhaseCommit.Coordinator.WaitForResponses.eYes_correct_of_safety_safety_using_commit_sent	6742371409679850061	unknown	not-attempted	solver exited without a verdict: cvc5 interrupted by timeout.	5458567081	collect=308583,pre-reconstruct=7142250,normalize=6689458,monomorphize=21625,instantiate=17958,translate=15644791,solve=5428742416	
plean	crush-portfolio	1	Examples/TwoPhaseCommit.lean|TwoPhaseCommit.Coordinator.WaitForResponses.eYes_correct_of_safety_safety_using_commit_sent	TwoPhaseCommit.Coordinator.WaitForResponses.eYes_correct_of_safety_safety_using_commit_sent	627119205886132577	unknown	not-attempted	solver exited without a verdict: cvc5 interrupted by timeout.	6467020958	collect=455250,pre-reconstruct=1021509625,normalize=6745792,monomorphize=25250,instantiate=9458,translate=27964625,solve=5410310958	
plean	crush-portfolio	1	Examples/TwoPhaseCommit.lean|TwoPhaseCommit.Coordinator.WaitForResponses.eYes_correct_of_safety_safety_using_commit_sent	TwoPhaseCommit.Coordinator.WaitForResponses.eYes_correct_of_safety_safety_using_commit_sent	627119205886132577	unknown	not-attempted	solver exited without a verdict: cvc5 interrupted by timeout.	6427896500	collect=447125,pre-reconstruct=975709958,normalize=7408500,monomorphize=35250,instantiate=11625,translate=28208959,solve=5416075083	
plean	crush-portfolio	1	Examples/TwoPhaseCommit.lean|TwoPhaseCommit.Coordinator.WaitForResponses.eYes_correct_of_safety_safety_using_commit_sent	TwoPhaseCommit.Coordinator.WaitForResponses.eYes_correct_of_safety_safety_using_commit_sent	627119205886132577	core-reconstructed	certificate-error	core-directed reconstruction succeeded	770485500	collect=334208,pre-reconstruct=270235750,normalize=4097334,monomorphize=24625,instantiate=10958,translate=17470417,solve=444153709,replay=24333,reconstruct=34134166	
plean	crush-portfolio	1	Examples/TwoPhaseCommit.lean|TwoPhaseCommit.Coordinator.WaitForResponses.eYes_correct_of_safety_safety_using_commit_sent	TwoPhaseCommit.Coordinator.WaitForResponses.eYes_correct_of_safety_safety_using_commit_sent	627119205886132577	pre-reconstructed	not-attempted	closed before SMT translation	71725583	collect=378125,pre-reconstruct=71347458	
plean	crush-portfolio	1	Examples/TwoPhaseCommit.lean|TwoPhaseCommit.Coordinator.WaitForResponses.eYes_correct_of_safety_safety_using_commit_sent	TwoPhaseCommit.Coordinator.WaitForResponses.eYes_correct_of_safety_safety_using_commit_sent	8236911049903588693	unknown	not-attempted	solver exited without a verdict: cvc5 interrupted by timeout.	5443817625	collect=305667,pre-reconstruct=4685500,normalize=3728292,monomorphize=20833,instantiate=11875,translate=15786333,solve=5419279125	
plean	crush-portfolio	1	Examples/TwoPhaseCommit.lean|TwoPhaseCommit.Coordinator.WaitForResponses.eYes_correct_of_safety_safety_using_commit_sent	TwoPhaseCommit.Coordinator.WaitForResponses.eYes_correct_of_safety_safety_using_commit_sent	627119205886132577	core-reconstructed	certificate-error	core-directed reconstruction succeeded	734247584	collect=303292,pre-reconstruct=249752333,normalize=3706250,monomorphize=22792,instantiate=8500,translate=17329875,solve=430690375,replay=12292,reconstruct=32421875	
plean	crush-portfolio	1	Examples/TwoPhaseCommit.lean|TwoPhaseCommit.Coordinator.WaitForResponses.eYes_correct_of_safety_safety_using_commit_sent	TwoPhaseCommit.Coordinator.WaitForResponses.eYes_correct_of_safety_safety_using_commit_sent	627119205886132577	pre-reconstructed	not-attempted	closed before SMT translation	69016458	collect=375583,pre-reconstruct=68640875	
plean	crush-portfolio	1	Examples/TwoPhaseCommit.lean|TwoPhaseCommit.Coordinator.WaitForResponses.eYes_correct_of_safety_safety_using_commit_sent	TwoPhaseCommit.Coordinator.WaitForResponses.eYes_correct_of_safety_safety_using_commit_sent	8236911049903588693	unknown	not-attempted	solver exited without a verdict: cvc5 interrupted by timeout.	5452564125	collect=263042,pre-reconstruct=4436708,normalize=3352708,monomorphize=20500,instantiate=11167,translate=16044458,solve=5428435542	
plean	crush-portfolio	1	Examples/TwoPhaseCommit.lean|TwoPhaseCommit.Coordinator.WaitForResponses.eYes_correct_of_safety_safety_using_commit_sent	TwoPhaseCommit.Coordinator.WaitForResponses.eYes_correct_of_safety_safety_using_commit_sent	627119205886132577	core-reconstructed	certificate-error	core-directed reconstruction succeeded	769248459	collect=363792,pre-reconstruct=277373542,normalize=3788542,monomorphize=23708,instantiate=9584,translate=18736042,solve=437665708,replay=14333,reconstruct=31273208	
plean	crush-portfolio	1	Examples/TwoPhaseCommit.lean|TwoPhaseCommit.Coordinator.WaitForResponses.eYes_correct_of_safety_safety_using_commit_sent	TwoPhaseCommit.Coordinator.WaitForResponses.eYes_correct_of_safety_safety_using_commit_sent	627119205886132577	pre-reconstructed	not-attempted	closed before SMT translation	66230750	collect=281166,pre-reconstruct=65949584	
plean	crush-portfolio	1	Examples/TwoPhaseCommit.lean|TwoPhaseCommit.Coordinator.WaitForResponses.eYes_correct_of_safety_safety_using_commit_sent	TwoPhaseCommit.Coordinator.WaitForResponses.eYes_correct_of_safety_safety_using_commit_sent	4603268118125486097	core-reconstructed	certificate-error	core-directed reconstruction succeeded	441905084	collect=234167,pre-reconstruct=1439500,normalize=2963917,monomorphize=19750,instantiate=10083,translate=15532417,solve=420542000,replay=14125,reconstruct=1149125	
plean	crush-portfolio	1	Examples/TwoPhaseCommit.lean|TwoPhaseCommit.Coordinator.WaitForResponses.eYes_correct_of_safety_safety_using_commit_sent	TwoPhaseCommit.Coordinator.WaitForResponses.eYes_correct_of_safety_safety_using_commit_sent	4519860779536265759	unknown	not-attempted	solver exited without a verdict: cvc5 interrupted by timeout.	5447110291	collect=471250,pre-reconstruct=4878875,normalize=3486542,monomorphize=21958,instantiate=14666,translate=15129542,solve=5423107458	
plean	crush-portfolio	1	Examples/TwoPhaseCommit.lean|TwoPhaseCommit.Coordinator.WaitForResponses.eYes_correct_of_safety_safety_using_commit_sent	TwoPhaseCommit.Coordinator.WaitForResponses.eYes_correct_of_safety_safety_using_commit_sent	627119205886132577	core-reconstructed	certificate-error	core-directed reconstruction succeeded	737869877	collect=308209,pre-reconstruct=249540542,normalize=3974416,monomorphize=24917,instantiate=13167,translate=18282042,solve=435841375,replay=12334,reconstruct=29872875	
plean	crush-portfolio	1	Examples/TwoPhaseCommit.lean|TwoPhaseCommit.Coordinator.WaitForResponses.eYes_correct_of_safety_safety_using_commit_sent	TwoPhaseCommit.Coordinator.WaitForResponses.eYes_correct_of_safety_safety_using_commit_sent	627119205886132577	pre-reconstructed	not-attempted	closed before SMT translation	64290166	collect=273000,pre-reconstruct=64017166	
plean	crush-portfolio	1	Examples/TwoPhaseCommit.lean|TwoPhaseCommit.Coordinator.WaitForResponses.eYes_correct_of_safety_safety_using_commit_sent	TwoPhaseCommit.Coordinator.WaitForResponses.eYes_correct_of_safety_safety_using_commit_sent	8236911049903588693	unknown	not-attempted	solver exited without a verdict: cvc5 interrupted by timeout.	5436190833	collect=218542,pre-reconstruct=2310333,normalize=3001750,monomorphize=18958,instantiate=10333,translate=14795708,solve=5415835209	
plean	crush-portfolio	1	Examples/TwoPhaseCommit.lean|TwoPhaseCommit.Coordinator.WaitForResponses.eYes_correct_of_safety_safety_using_commit_sent	TwoPhaseCommit.Coordinator.WaitForResponses.eYes_correct_of_safety_safety_using_commit_sent	6742371409679850061	unknown	not-attempted	solver exited without a verdict: cvc5 interrupted by timeout.	5447406457	collect=297750,pre-reconstruct=7078000,normalize=6430333,monomorphize=20958,instantiate=11166,translate=15154125,solve=5418414125	
plean	crush-portfolio	1	Examples/TwoPhaseCommit.lean|TwoPhaseCommit.Coordinator.WaitForResponses.eYes_correct_of_safety_safety_using_commit_sent	TwoPhaseCommit.Coordinator.WaitForResponses.eYes_correct_of_safety_safety_using_commit_sent	6742371409679850061	unknown	not-attempted	solver exited without a verdict: cvc5 interrupted by timeout.	5449203375	collect=314458,pre-reconstruct=7149042,normalize=6617333,monomorphize=22417,instantiate=15334,translate=15408500,solve=5419676291	
plean	crush-portfolio	1	Examples/TwoPhaseCommit.lean|TwoPhaseCommit.Coordinator.WaitForResponses.eYes_correct_of_safety_safety_using_commit_sent	TwoPhaseCommit.Coordinator.WaitForResponses.eYes_correct_of_safety_safety_using_commit_sent	627119205886132577	unknown	not-attempted	solver exited without a verdict: cvc5 interrupted by timeout.	6490347418	collect=347292,pre-reconstruct=1034355334,normalize=7611708,monomorphize=27875,instantiate=11125,translate=28692834,solve=5419301250	
plean	crush-portfolio	1	Examples/TwoPhaseCommit.lean|TwoPhaseCommit.Coordinator.WaitForResponses.eYes_correct_of_safety_safety_using_commit_sent	TwoPhaseCommit.Coordinator.WaitForResponses.eYes_correct_of_safety_safety_using_commit_sent	627119205886132577	unknown	not-attempted	solver exited without a verdict: cvc5 interrupted by timeout.	6533889710	collect=449584,pre-reconstruct=1073746750,normalize=6767667,monomorphize=26667,instantiate=10667,translate=26443041,solve=5426445334	
plean	crush-portfolio	1	Examples/TwoPhaseCommit.lean|TwoPhaseCommit.Coordinator.WaitForResponses.eNo_correct_of_safety_safety_using_commit_sent	TwoPhaseCommit.Coordinator.WaitForResponses.eNo_correct_of_safety_safety_using_commit_sent	14328788366895590194	core-reconstructed	certificate-error	core-directed reconstruction succeeded	557829957	collect=373083,pre-reconstruct=9344208,normalize=5089708,monomorphize=31583,instantiate=18375,translate=22502750,solve=457738291,replay=19750,reconstruct=62712209	
plean	crush-portfolio	1	Examples/TwoPhaseCommit.lean|TwoPhaseCommit.Coordinator.WaitForResponses.eNo_correct_of_safety_safety_using_commit_sent	TwoPhaseCommit.Coordinator.WaitForResponses.eNo_correct_of_safety_safety_using_commit_sent	16544938116920668609	unknown	not-attempted	solver exited without a verdict: cvc5 interrupted by timeout.	5451511250	collect=470916,pre-reconstruct=6771209,normalize=4992625,monomorphize=23875,instantiate=12000,translate=17677833,solve=5421562792	
plean	crush-portfolio	1	Examples/TwoPhaseCommit.lean|TwoPhaseCommit.Coordinator.WaitForResponses.eNo_correct_of_safety_safety_using_commit_sent	TwoPhaseCommit.Coordinator.WaitForResponses.eNo_correct_of_safety_safety_using_commit_sent	14328788366895590194	core-reconstructed	certificate-error	core-directed reconstruction succeeded	576905165	collect=332917,pre-reconstruct=10266208,normalize=5321500,monomorphize=20875,instantiate=15500,translate=22787291,solve=447717000,replay=13666,reconstruct=90430208	
plean	crush-portfolio	1	Examples/TwoPhaseCommit.lean|TwoPhaseCommit.Coordinator.WaitForResponses.eNo_correct_of_safety_safety_using_commit_sent	TwoPhaseCommit.Coordinator.WaitForResponses.eNo_correct_of_safety_safety_using_commit_sent	16544938116920668609	unknown	not-attempted	solver exited without a verdict: cvc5 interrupted by timeout.	5438879292	collect=339042,pre-reconstruct=3688125,normalize=3502000,monomorphize=22000,instantiate=10334,translate=15648750,solve=5415669041	
plean	crush-portfolio	1	Examples/TwoPhaseCommit.lean|TwoPhaseCommit.Coordinator.WaitForResponses.eNo_correct_of_safety_safety_using_commit_sent	TwoPhaseCommit.Coordinator.WaitForResponses.eNo_correct_of_safety_safety_using_commit_sent	16544938116920668609	core-reconstructed	certificate-error	core-directed reconstruction succeeded	1220306748	collect=331750,pre-reconstruct=2701166,normalize=4712125,monomorphize=21250,instantiate=17375,translate=19973333,solve=438332833,replay=10750,reconstruct=754206166	
plean	crush-portfolio	1	Examples/TwoPhaseCommit.lean|TwoPhaseCommit.Coordinator.WaitForResponses.eNo_correct_of_safety_safety_using_commit_sent	TwoPhaseCommit.Coordinator.WaitForResponses.eNo_correct_of_safety_safety_using_commit_sent	11269035718580243533	core-reconstructed	certificate-error	core-directed reconstruction succeeded	489560918	collect=396375,pre-reconstruct=1720209,normalize=4678209,monomorphize=20583,instantiate=10917,translate=18843250,solve=425829916,replay=13000,reconstruct=38048459	
plean	crush-portfolio	1	Examples/TwoPhaseCommit.lean|TwoPhaseCommit.Coordinator.WaitForResponses.eNo_correct_of_safety_safety_using_commit_sent	TwoPhaseCommit.Coordinator.WaitForResponses.eNo_correct_of_safety_safety_using_commit_sent	16316480181442834656	core-reconstructed	certificate-error	core-directed reconstruction succeeded	481763249	collect=391291,pre-reconstruct=9123291,normalize=4672791,monomorphize=25500,instantiate=12208,translate=18985417,solve=423407292,replay=13667,reconstruct=25131792	
plean	crush-portfolio	1	Examples/TwoPhaseCommit.lean|TwoPhaseCommit.Coordinator.WaitForResponses.eNo_correct_of_safety_safety_using_commit_sent	TwoPhaseCommit.Coordinator.WaitForResponses.eNo_correct_of_safety_safety_using_commit_sent	16544938116920668609	unknown	not-attempted	solver exited without a verdict: cvc5 interrupted by timeout.	5440552457	collect=292042,pre-reconstruct=2515333,normalize=3858541,monomorphize=23666,instantiate=14625,translate=17347750,solve=5416500500	
plean	crush-portfolio	1	Examples/TwoPhaseCommit.lean|TwoPhaseCommit.Coordinator.WaitForResponses.eNo_correct_of_safety_safety_using_commit_sent	TwoPhaseCommit.Coordinator.WaitForResponses.eNo_correct_of_safety_safety_using_commit_sent	16544938116920668609	core-reconstructed	certificate-error	core-directed reconstruction succeeded	1198305416	collect=350708,pre-reconstruct=2844709,normalize=5163833,monomorphize=21625,instantiate=16291,translate=20334333,solve=444177625,replay=11167,reconstruct=725385125	
plean	crush-portfolio	1	Examples/TwoPhaseCommit.lean|TwoPhaseCommit.Coordinator.WaitForResponses.eNo_correct_of_safety_safety_using_commit_sent	TwoPhaseCommit.Coordinator.WaitForResponses.eNo_correct_of_safety_safety_using_commit_sent	3663896596369207448	core-reconstructed	certificate-error	core-directed reconstruction succeeded	487497834	collect=343542,pre-reconstruct=1567042,normalize=4538083,monomorphize=20333,instantiate=10000,translate=19044417,solve=426537084,replay=11375,reconstruct=35425958	
plean	crush-portfolio	1	Examples/TwoPhaseCommit.lean|TwoPhaseCommit.Coordinator.WaitForResponses.eNo_correct_of_safety_safety_using_commit_sent	TwoPhaseCommit.Coordinator.WaitForResponses.eNo_correct_of_safety_safety_using_commit_sent	169441211374121931	core-reconstructed	certificate-error	core-directed reconstruction succeeded	482164373	collect=343709,pre-reconstruct=7785041,normalize=4929708,monomorphize=20166,instantiate=10292,translate=18609000,solve=421362041,replay=11583,reconstruct=29092833	
plean	crush-portfolio	1	Examples/TwoPhaseCommit.lean|TwoPhaseCommit.Coordinator.WaitForResponses.eNo_correct_of_safety_safety_using_commit_sent	TwoPhaseCommit.Coordinator.WaitForResponses.eNo_correct_of_safety_safety_using_commit_sent	11907710230033842077	unknown	not-attempted	solver exited without a verdict: cvc5 interrupted by timeout.	5442132376	collect=247292,pre-reconstruct=2413500,normalize=3378417,monomorphize=20500,instantiate=11167,translate=15522416,solve=5420539084	
plean	crush-portfolio	1	Examples/TwoPhaseCommit.lean|TwoPhaseCommit.Coordinator.WaitForResponses.eNo_correct_of_safety_safety_using_commit_sent	TwoPhaseCommit.Coordinator.WaitForResponses.eNo_correct_of_safety_safety_using_commit_sent	627119205886132577	core-reconstructed	certificate-error	core-directed reconstruction succeeded	825260997	collect=305583,pre-reconstruct=278001583,normalize=3759584,monomorphize=25791,instantiate=11916,translate=17385208,solve=492248583,replay=11958,reconstruct=33510791	
plean	crush-portfolio	1	Examples/TwoPhaseCommit.lean|TwoPhaseCommit.Coordinator.WaitForResponses.eNo_correct_of_safety_safety_using_commit_sent	TwoPhaseCommit.Coordinator.WaitForResponses.eNo_correct_of_safety_safety_using_commit_sent	627119205886132577	pre-reconstructed	not-attempted	closed before SMT translation	66340208	collect=361125,pre-reconstruct=65979083	
plean	crush-portfolio	1	Examples/TwoPhaseCommit.lean|TwoPhaseCommit.Coordinator.WaitForResponses.eNo_correct_of_safety_safety_using_commit_sent	TwoPhaseCommit.Coordinator.WaitForResponses.eNo_correct_of_safety_safety_using_commit_sent	8236911049903588693	unknown	not-attempted	no reason given	1839864500	collect=229375,pre-reconstruct=4369208,normalize=3086875,monomorphize=19542,instantiate=10000,translate=14625625,solve=1817523875	
plean	crush-portfolio	1	Examples/TwoPhaseCommit.lean|TwoPhaseCommit.Coordinator.WaitForResponses.eNo_correct_of_safety_safety_using_commit_sent	TwoPhaseCommit.Coordinator.WaitForResponses.eNo_correct_of_safety_safety_using_commit_sent	627119205886132577	core-reconstructed	certificate-error	core-directed reconstruction succeeded	795527748	collect=305958,pre-reconstruct=284396291,normalize=3779875,monomorphize=22916,instantiate=8791,translate=17227583,solve=444291875,replay=49459,reconstruct=45445000	
plean	crush-portfolio	1	Examples/TwoPhaseCommit.lean|TwoPhaseCommit.Coordinator.WaitForResponses.eNo_correct_of_safety_safety_using_commit_sent	TwoPhaseCommit.Coordinator.WaitForResponses.eNo_correct_of_safety_safety_using_commit_sent	627119205886132577	pre-reconstructed	not-attempted	closed before SMT translation	66995625	collect=331250,pre-reconstruct=66664375	
plean	crush-portfolio	1	Examples/TwoPhaseCommit.lean|TwoPhaseCommit.Coordinator.WaitForResponses.eNo_correct_of_safety_safety_using_commit_sent	TwoPhaseCommit.Coordinator.WaitForResponses.eNo_correct_of_safety_safety_using_commit_sent	8236911049903588693	unknown	not-attempted	no reason given	1854348042	collect=242709,pre-reconstruct=5215708,normalize=3296292,monomorphize=19875,instantiate=12833,translate=14887125,solve=1830673500	
plean	crush-portfolio	1	Examples/TwoPhaseCommit.lean|TwoPhaseCommit.Coordinator.WaitForResponses.eNo_correct_of_safety_safety_using_commit_sent	TwoPhaseCommit.Coordinator.WaitForResponses.eNo_correct_of_safety_safety_using_commit_sent	627119205886132577	core-reconstructed	certificate-error	core-directed reconstruction succeeded	752714415	collect=286583,pre-reconstruct=259547125,normalize=3800417,monomorphize=23625,instantiate=9250,translate=17123458,solve=437786333,replay=11333,reconstruct=34126291	
plean	crush-portfolio	1	Examples/TwoPhaseCommit.lean|TwoPhaseCommit.Coordinator.WaitForResponses.eNo_correct_of_safety_safety_using_commit_sent	TwoPhaseCommit.Coordinator.WaitForResponses.eNo_correct_of_safety_safety_using_commit_sent	627119205886132577	pre-reconstructed	not-attempted	closed before SMT translation	66758583	collect=308417,pre-reconstruct=66450166	
plean	crush-portfolio	1	Examples/TwoPhaseCommit.lean|TwoPhaseCommit.Coordinator.WaitForResponses.eNo_correct_of_safety_safety_using_commit_sent	TwoPhaseCommit.Coordinator.WaitForResponses.eNo_correct_of_safety_safety_using_commit_sent	4603268118125486097	core-reconstructed	certificate-error	core-directed reconstruction succeeded	444373292	collect=231375,pre-reconstruct=1500125,normalize=2957166,monomorphize=19000,instantiate=11125,translate=14798458,solve=423963584,replay=11000,reconstruct=881459	
plean	crush-portfolio	1	Examples/TwoPhaseCommit.lean|TwoPhaseCommit.Coordinator.WaitForResponses.eNo_correct_of_safety_safety_using_commit_sent	TwoPhaseCommit.Coordinator.WaitForResponses.eNo_correct_of_safety_safety_using_commit_sent	4519860779536265759	unknown	not-attempted	no reason given	1822406791	collect=407834,pre-reconstruct=5723292,normalize=3440291,monomorphize=20750,instantiate=15958,translate=14890083,solve=1797908583	
plean	crush-portfolio	1	Examples/TwoPhaseCommit.lean|TwoPhaseCommit.Coordinator.WaitForResponses.eNo_correct_of_safety_safety_using_commit_sent	TwoPhaseCommit.Coordinator.WaitForResponses.eNo_correct_of_safety_safety_using_commit_sent	627119205886132577	core-reconstructed	certificate-error	core-directed reconstruction succeeded	727237833	collect=327125,pre-reconstruct=248254416,normalize=3714834,monomorphize=23791,instantiate=11750,translate=17049542,solve=423493917,replay=11375,reconstruct=34351083	
plean	crush-portfolio	1	Examples/TwoPhaseCommit.lean|TwoPhaseCommit.Coordinator.WaitForResponses.eNo_correct_of_safety_safety_using_commit_sent	TwoPhaseCommit.Coordinator.WaitForResponses.eNo_correct_of_safety_safety_using_commit_sent	627119205886132577	pre-reconstructed	not-attempted	closed before SMT translation	64886333	collect=275125,pre-reconstruct=64611208	
plean	crush-portfolio	1	Examples/TwoPhaseCommit.lean|TwoPhaseCommit.Coordinator.WaitForResponses.eNo_correct_of_safety_safety_using_commit_sent	TwoPhaseCommit.Coordinator.WaitForResponses.eNo_correct_of_safety_safety_using_commit_sent	8236911049903588693	unknown	not-attempted	no reason given	1782403250	collect=225750,pre-reconstruct=2415584,normalize=2991958,monomorphize=19208,instantiate=11000,translate=14517250,solve=1762222500	
plean	crush-portfolio	1	Examples/TwoPhaseCommit.lean|TwoPhaseCommit.Coordinator.WaitForResponses.eNo_correct_of_safety_safety_using_commit_sent	TwoPhaseCommit.Coordinator.WaitForResponses.eNo_correct_of_safety_safety_using_commit_sent	14328788366895590194	core-reconstructed	certificate-error	core-directed reconstruction succeeded	554446916	collect=395875,pre-reconstruct=9115042,normalize=5435458,monomorphize=22875,instantiate=11625,translate=22776541,solve=449138833,replay=12042,reconstruct=67538625	
plean	crush-portfolio	1	Examples/TwoPhaseCommit.lean|TwoPhaseCommit.Coordinator.WaitForResponses.eNo_correct_of_safety_safety_using_commit_sent	TwoPhaseCommit.Coordinator.WaitForResponses.eNo_correct_of_safety_safety_using_commit_sent	16544938116920668609	unknown	not-attempted	solver exited without a verdict: cvc5 interrupted by timeout.	5446434918	collect=439625,pre-reconstruct=4257917,normalize=4319667,monomorphize=29625,instantiate=11459,translate=17102500,solve=5420274125	
plean	crush-portfolio	1	Examples/TwoPhaseCommit.lean|TwoPhaseCommit.Coordinator.WaitForResponses.eNo_correct_of_safety_safety_using_commit_sent	TwoPhaseCommit.Coordinator.WaitForResponses.eNo_correct_of_safety_safety_using_commit_sent	14328788366895590194	core-reconstructed	certificate-error	core-directed reconstruction succeeded	558436377	collect=339959,pre-reconstruct=10989084,normalize=6221209,monomorphize=20792,instantiate=15708,translate=27335167,solve=456520875,replay=12125,reconstruct=56981458	
plean	crush-portfolio	1	Examples/TwoPhaseCommit.lean|TwoPhaseCommit.Coordinator.WaitForResponses.eNo_correct_of_safety_safety_using_commit_sent	TwoPhaseCommit.Coordinator.WaitForResponses.eNo_correct_of_safety_safety_using_commit_sent	16544938116920668609	unknown	not-attempted	solver exited without a verdict: cvc5 interrupted by timeout.	5445767083	collect=343833,pre-reconstruct=3603250,normalize=3517875,monomorphize=22375,instantiate=9958,translate=15515625,solve=5422754167	
plean	crush-portfolio	1	Examples/TwoPhaseCommit.lean|TwoPhaseCommit.Coordinator.WaitForResponses.eNo_correct_of_safety_safety_using_commit_sent	TwoPhaseCommit.Coordinator.WaitForResponses.eNo_correct_of_safety_safety_using_commit_sent	16544938116920668609	core-reconstructed	certificate-error	core-directed reconstruction succeeded	1131657165	collect=343500,pre-reconstruct=2625333,normalize=4683250,monomorphize=20791,instantiate=18042,translate=21797916,solve=430038833,replay=12042,reconstruct=672117458	
plean	crush-portfolio	1	Examples/TwoPhaseCommit.lean|TwoPhaseCommit.Coordinator.WaitForResponses.eNo_correct_of_safety_safety_using_commit_sent	TwoPhaseCommit.Coordinator.WaitForResponses.eNo_correct_of_safety_safety_using_commit_sent	11269035718580243533	core-reconstructed	certificate-error	core-directed reconstruction succeeded	489345583	collect=364500,pre-reconstruct=1560167,normalize=4407625,monomorphize=20875,instantiate=9708,translate=18637250,solve=436143625,replay=12917,reconstruct=28188916	
plean	crush-portfolio	1	Examples/TwoPhaseCommit.lean|TwoPhaseCommit.Coordinator.WaitForResponses.eNo_correct_of_safety_safety_using_commit_sent	TwoPhaseCommit.Coordinator.WaitForResponses.eNo_correct_of_safety_safety_using_commit_sent	16316480181442834656	core-reconstructed	certificate-error	core-directed reconstruction succeeded	478285500	collect=340708,pre-reconstruct=8461750,normalize=4703333,monomorphize=21333,instantiate=13584,translate=19701125,solve=422926875,replay=10750,reconstruct=22106042	
plean	crush-portfolio	1	Examples/TwoPhaseCommit.lean|TwoPhaseCommit.Coordinator.WaitForResponses.eNo_correct_of_safety_safety_using_commit_sent	TwoPhaseCommit.Coordinator.WaitForResponses.eNo_correct_of_safety_safety_using_commit_sent	16544938116920668609	unknown	not-attempted	solver exited without a verdict: cvc5 interrupted by timeout.	5442349374	collect=233417,pre-reconstruct=2221292,normalize=3296166,monomorphize=20250,instantiate=9833,translate=15464416,solve=5421104000	
plean	crush-portfolio	1	Examples/TwoPhaseCommit.lean|TwoPhaseCommit.Coordinator.WaitForResponses.eNo_correct_of_safety_safety_using_commit_sent	TwoPhaseCommit.Coordinator.WaitForResponses.eNo_correct_of_safety_safety_using_commit_sent	16544938116920668609	core-reconstructed	certificate-error	core-directed reconstruction succeeded	1128859041	collect=324250,pre-reconstruct=2606875,normalize=4640875,monomorphize=22292,instantiate=17375,translate=19855916,solve=436054000,replay=11500,reconstruct=665325958	
plean	crush-portfolio	1	Examples/TwoPhaseCommit.lean|TwoPhaseCommit.Coordinator.WaitForResponses.eNo_correct_of_safety_safety_using_commit_sent	TwoPhaseCommit.Coordinator.WaitForResponses.eNo_correct_of_safety_safety_using_commit_sent	3663896596369207448	core-reconstructed	certificate-error	core-directed reconstruction succeeded	486662125	collect=373500,pre-reconstruct=1629000,normalize=5029709,monomorphize=27792,instantiate=10833,translate=20679167,solve=429582916,replay=11500,reconstruct=29317708	
plean	crush-portfolio	1	Examples/TwoPhaseCommit.lean|TwoPhaseCommit.Coordinator.WaitForResponses.eNo_correct_of_safety_safety_using_commit_sent	TwoPhaseCommit.Coordinator.WaitForResponses.eNo_correct_of_safety_safety_using_commit_sent	169441211374121931	core-reconstructed	certificate-error	core-directed reconstruction succeeded	470791417	collect=403125,pre-reconstruct=7136000,normalize=4415334,monomorphize=20833,instantiate=13625,translate=18449958,solve=417431458,replay=11042,reconstruct=22910042	
plean	crush-portfolio	1	Examples/TwoPhaseCommit.lean|TwoPhaseCommit.Coordinator.WaitForResponses.eNo_correct_of_safety_safety_using_commit_sent	TwoPhaseCommit.Coordinator.WaitForResponses.eNo_correct_of_safety_safety_using_commit_sent	11907710230033842077	unknown	not-attempted	solver exited without a verdict: cvc5 interrupted by timeout.	5448121041	collect=253458,pre-reconstruct=2302750,normalize=3377292,monomorphize=21208,instantiate=13125,translate=15630500,solve=5426522708	
plean	crush-portfolio	1	Examples/TwoPhaseCommit.lean|TwoPhaseCommit.Coordinator.WaitForResponses.eNo_correct_of_safety_safety_using_commit_sent	TwoPhaseCommit.Coordinator.WaitForResponses.eNo_correct_of_safety_safety_using_commit_sent	14328788366895590194	core-reconstructed	certificate-error	core-directed reconstruction succeeded	547685541	collect=323041,pre-reconstruct=8940875,normalize=4996834,monomorphize=20416,instantiate=15458,translate=24286125,solve=449665375,replay=14208,reconstruct=59423209	
plean	crush-portfolio	1	Examples/TwoPhaseCommit.lean|TwoPhaseCommit.Coordinator.WaitForResponses.eNo_correct_of_safety_safety_using_commit_sent	TwoPhaseCommit.Coordinator.WaitForResponses.eNo_correct_of_safety_safety_using_commit_sent	16544938116920668609	unknown	not-attempted	solver exited without a verdict: cvc5 interrupted by timeout.	5438201459	collect=389750,pre-reconstruct=5659875,normalize=3542500,monomorphize=21542,instantiate=13666,translate=15534209,solve=5413039917	
plean	crush-portfolio	1	Examples/TwoPhaseCommit.lean|TwoPhaseCommit.Coordinator.WaitForResponses.eNo_correct_of_safety_safety_using_commit_sent	TwoPhaseCommit.Coordinator.WaitForResponses.eNo_correct_of_safety_safety_using_commit_sent	14328788366895590194	core-reconstructed	certificate-error	core-directed reconstruction succeeded	550360999	collect=341208,pre-reconstruct=8998459,normalize=5043500,monomorphize=22917,instantiate=16083,translate=22131375,solve=456356250,replay=11541,reconstruct=57439666	
plean	crush-portfolio	1	Examples/TwoPhaseCommit.lean|TwoPhaseCommit.Coordinator.WaitForResponses.eNo_correct_of_safety_safety_using_commit_sent	TwoPhaseCommit.Coordinator.WaitForResponses.eNo_correct_of_safety_safety_using_commit_sent	16544938116920668609	unknown	not-attempted	solver exited without a verdict: cvc5 interrupted by timeout.	5443119210	collect=342500,pre-reconstruct=3527709,normalize=3388125,monomorphize=20667,instantiate=9250,translate=15388042,solve=5420442917	
plean	crush-portfolio	1	Examples/TwoPhaseCommit.lean|TwoPhaseCommit.Coordinator.WaitForResponses.eNo_correct_of_safety_safety_using_commit_sent	TwoPhaseCommit.Coordinator.WaitForResponses.eNo_correct_of_safety_safety_using_commit_sent	16544938116920668609	core-reconstructed	certificate-error	core-directed reconstruction succeeded	1167005710	collect=334917,pre-reconstruct=2574084,normalize=4787000,monomorphize=29042,instantiate=17458,translate=20839209,solve=435005542,replay=11500,reconstruct=703406958	
plean	crush-portfolio	1	Examples/TwoPhaseCommit.lean|TwoPhaseCommit.Coordinator.WaitForResponses.eNo_correct_of_safety_safety_using_commit_sent	TwoPhaseCommit.Coordinator.WaitForResponses.eNo_correct_of_safety_safety_using_commit_sent	11269035718580243533	core-reconstructed	certificate-error	core-directed reconstruction succeeded	477894123	collect=349083,pre-reconstruct=1652750,normalize=4473750,monomorphize=19833,instantiate=11708,translate=18823166,solve=422692708,replay=11167,reconstruct=29859958	
plean	crush-portfolio	1	Examples/TwoPhaseCommit.lean|TwoPhaseCommit.Coordinator.WaitForResponses.eNo_correct_of_safety_safety_using_commit_sent	TwoPhaseCommit.Coordinator.WaitForResponses.eNo_correct_of_safety_safety_using_commit_sent	16316480181442834656	core-reconstructed	certificate-error	core-directed reconstruction succeeded	489851585	collect=416042,pre-reconstruct=9063958,normalize=5360792,monomorphize=26917,instantiate=11667,translate=20673000,solve=430134959,replay=11208,reconstruct=24153042	
plean	crush-portfolio	1	Examples/TwoPhaseCommit.lean|TwoPhaseCommit.Coordinator.WaitForResponses.eNo_correct_of_safety_safety_using_commit_sent	TwoPhaseCommit.Coordinator.WaitForResponses.eNo_correct_of_safety_safety_using_commit_sent	16544938116920668609	unknown	not-attempted	solver exited without a verdict: cvc5 interrupted by timeout.	5434938834	collect=252084,pre-reconstruct=2475250,normalize=3588250,monomorphize=20917,instantiate=11458,translate=16257041,solve=5412333834	
plean	crush-portfolio	1	Examples/TwoPhaseCommit.lean|TwoPhaseCommit.Coordinator.WaitForResponses.eNo_correct_of_safety_safety_using_commit_sent	TwoPhaseCommit.Coordinator.WaitForResponses.eNo_correct_of_safety_safety_using_commit_sent	16544938116920668609	core-reconstructed	certificate-error	core-directed reconstruction succeeded	1213499290	collect=389208,pre-reconstruct=2967917,normalize=4879666,monomorphize=22084,instantiate=15958,translate=19878166,solve=437528208,replay=12083,reconstruct=747806000	
plean	crush-portfolio	1	Examples/TwoPhaseCommit.lean|TwoPhaseCommit.Coordinator.WaitForResponses.eNo_correct_of_safety_safety_using_commit_sent	TwoPhaseCommit.Coordinator.WaitForResponses.eNo_correct_of_safety_safety_using_commit_sent	3663896596369207448	core-reconstructed	certificate-error	core-directed reconstruction succeeded	481258750	collect=351125,pre-reconstruct=1664583,normalize=4424542,monomorphize=22042,instantiate=13959,translate=20106958,solve=423259500,replay=11458,reconstruct=31404583	
plean	crush-portfolio	1	Examples/TwoPhaseCommit.lean|TwoPhaseCommit.Coordinator.WaitForResponses.eNo_correct_of_safety_safety_using_commit_sent	TwoPhaseCommit.Coordinator.WaitForResponses.eNo_correct_of_safety_safety_using_commit_sent	169441211374121931	core-reconstructed	certificate-error	core-directed reconstruction succeeded	477570917	collect=395167,pre-reconstruct=8508625,normalize=4828000,monomorphize=21166,instantiate=9334,translate=19568542,solve=421558500,replay=11208,reconstruct=22670375	
plean	crush-portfolio	1	Examples/TwoPhaseCommit.lean|TwoPhaseCommit.Coordinator.WaitForResponses.eNo_correct_of_safety_safety_using_commit_sent	TwoPhaseCommit.Coordinator.WaitForResponses.eNo_correct_of_safety_safety_using_commit_sent	11907710230033842077	unknown	not-attempted	solver exited without a verdict: cvc5 interrupted by timeout.	5437334457	collect=261250,pre-reconstruct=2496500,normalize=3510000,monomorphize=21333,instantiate=11208,translate=15937791,solve=5415096375	
plean	crush-portfolio	1	Examples/TwoPhaseCommit.lean|TwoPhaseCommit.Coordinator.Init.entry_correct_of_safety_safety_using_commit_sent	TwoPhaseCommit.Coordinator.Init.entry_correct_of_safety_safety_using_commit_sent	10238892770241185239	core-reconstructed	certificate-error	core-directed reconstruction succeeded	615177290	collect=534083,pre-reconstruct=9396166,normalize=4885333,monomorphize=28083,instantiate=17167,translate=24768792,solve=510521000,replay=23541,reconstruct=65003125	
plean	crush-portfolio	1	Examples/TwoPhaseCommit.lean|TwoPhaseCommit.Coordinator.Init.entry_correct_of_safety_safety_using_commit_sent	TwoPhaseCommit.Coordinator.Init.entry_correct_of_safety_safety_using_commit_sent	16544938116920668609	unknown	not-attempted	no reason given	2919651875	collect=325875,pre-reconstruct=5561042,normalize=4131084,monomorphize=20416,instantiate=12083,translate=16425334,solve=2893176041	
plean	crush-portfolio	1	Examples/TwoPhaseCommit.lean|TwoPhaseCommit.Coordinator.Init.entry_correct_of_safety_safety_using_commit_sent	TwoPhaseCommit.Coordinator.Init.entry_correct_of_safety_safety_using_commit_sent	10238892770241185239	core-reconstructed	certificate-error	core-directed reconstruction succeeded	548960542	collect=354250,pre-reconstruct=8836375,normalize=4934541,monomorphize=19375,instantiate=17084,translate=21866875,solve=445892500,replay=10792,reconstruct=67028750	
plean	crush-portfolio	1	Examples/TwoPhaseCommit.lean|TwoPhaseCommit.Coordinator.Init.entry_correct_of_safety_safety_using_commit_sent	TwoPhaseCommit.Coordinator.Init.entry_correct_of_safety_safety_using_commit_sent	16544938116920668609	unknown	not-attempted	no reason given	3027551416	collect=322834,pre-reconstruct=4173500,normalize=3248750,monomorphize=18625,instantiate=11291,translate=14746083,solve=3005030333	
plean	crush-portfolio	1	Examples/TwoPhaseCommit.lean|TwoPhaseCommit.Coordinator.Init.entry_correct_of_safety_safety_using_commit_sent	TwoPhaseCommit.Coordinator.Init.entry_correct_of_safety_safety_using_commit_sent	16544938116920668609	core-reconstructed	certificate-error	core-directed reconstruction succeeded	1232697749	collect=315083,pre-reconstruct=2577833,normalize=4595959,monomorphize=19792,instantiate=15291,translate=19539791,solve=431158291,replay=11084,reconstruct=774464625	
plean	crush-portfolio	1	Examples/TwoPhaseCommit.lean|TwoPhaseCommit.Coordinator.Init.entry_correct_of_safety_safety_using_commit_sent	TwoPhaseCommit.Coordinator.Init.entry_correct_of_safety_safety_using_commit_sent	11269035718580243533	core-reconstructed	certificate-error	core-directed reconstruction succeeded	489441584	collect=367000,pre-reconstruct=1677834,normalize=4588917,monomorphize=18250,instantiate=10208,translate=17723375,solve=430649833,replay=10209,reconstruct=34395958	
plean	crush-portfolio	1	Examples/TwoPhaseCommit.lean|TwoPhaseCommit.Coordinator.Init.entry_correct_of_safety_safety_using_commit_sent	TwoPhaseCommit.Coordinator.Init.entry_correct_of_safety_safety_using_commit_sent	17743988793785745605	core-reconstructed	certificate-error	core-directed reconstruction succeeded	486177293	collect=306375,pre-reconstruct=8159042,normalize=4387833,monomorphize=31834,instantiate=11334,translate=17357250,solve=430569500,replay=10417,reconstruct=25343708	
plean	crush-portfolio	1	Examples/TwoPhaseCommit.lean|TwoPhaseCommit.Coordinator.Init.entry_correct_of_safety_safety_using_commit_sent	TwoPhaseCommit.Coordinator.Init.entry_correct_of_safety_safety_using_commit_sent	16544938116920668609	unknown	not-attempted	no reason given	3024902543	collect=240209,pre-reconstruct=2300667,normalize=3227542,monomorphize=20708,instantiate=11500,translate=14220625,solve=3004881292	
plean	crush-portfolio	1	Examples/TwoPhaseCommit.lean|TwoPhaseCommit.Coordinator.Init.entry_correct_of_safety_safety_using_commit_sent	TwoPhaseCommit.Coordinator.Init.entry_correct_of_safety_safety_using_commit_sent	16544938116920668609	core-reconstructed	certificate-error	core-directed reconstruction succeeded	1187066040	collect=321667,pre-reconstruct=2958083,normalize=5107541,monomorphize=22250,instantiate=16917,translate=19954416,solve=435269167,replay=10708,reconstruct=723405291	
plean	crush-portfolio	1	Examples/TwoPhaseCommit.lean|TwoPhaseCommit.Coordinator.Init.entry_correct_of_safety_safety_using_commit_sent	TwoPhaseCommit.Coordinator.Init.entry_correct_of_safety_safety_using_commit_sent	3663896596369207448	core-reconstructed	certificate-error	core-directed reconstruction succeeded	492915166	collect=331167,pre-reconstruct=1480291,normalize=4869583,monomorphize=24000,instantiate=11625,translate=19659417,solve=431067833,replay=10500,reconstruct=35460750	
plean	crush-portfolio	1	Examples/TwoPhaseCommit.lean|TwoPhaseCommit.Coordinator.Init.entry_correct_of_safety_safety_using_commit_sent	TwoPhaseCommit.Coordinator.Init.entry_correct_of_safety_safety_using_commit_sent	17468433773464704659	core-reconstructed	certificate-error	core-directed reconstruction succeeded	479631831	collect=338583,pre-reconstruct=9301208,normalize=4657250,monomorphize=18541,instantiate=12166,translate=20133958,solve=416048333,replay=12375,reconstruct=29109417	
plean	crush-portfolio	1	Examples/TwoPhaseCommit.lean|TwoPhaseCommit.Coordinator.Init.entry_correct_of_safety_safety_using_commit_sent	TwoPhaseCommit.Coordinator.Init.entry_correct_of_safety_safety_using_commit_sent	16762529229697648496	unknown	not-attempted	no reason given	2968367918	collect=264500,pre-reconstruct=2534334,normalize=3553000,monomorphize=20625,instantiate=12750,translate=14528334,solve=2947454375	
plean	crush-portfolio	1	Examples/TwoPhaseCommit.lean|TwoPhaseCommit.Coordinator.Init.entry_correct_of_safety_safety_using_commit_sent	TwoPhaseCommit.Coordinator.Init.entry_correct_of_safety_safety_using_commit_sent	627119205886132577	core-reconstructed	certificate-error	core-directed reconstruction succeeded	796543458	collect=269125,pre-reconstruct=251837875,normalize=3520750,monomorphize=20750,instantiate=11291,translate=17031750,solve=488418292,replay=11542,reconstruct=35422083	
plean	crush-portfolio	1	Examples/TwoPhaseCommit.lean|TwoPhaseCommit.Coordinator.Init.entry_correct_of_safety_safety_using_commit_sent	TwoPhaseCommit.Coordinator.Init.entry_correct_of_safety_safety_using_commit_sent	627119205886132577	pre-reconstructed	not-attempted	closed before SMT translation	66559125	collect=286708,pre-reconstruct=66272417	
plean	crush-portfolio	1	Examples/TwoPhaseCommit.lean|TwoPhaseCommit.Coordinator.Init.entry_correct_of_safety_safety_using_commit_sent	TwoPhaseCommit.Coordinator.Init.entry_correct_of_safety_safety_using_commit_sent	12046566145604182226	selected-fact	not-attempted	closed from a selected Lean fact	208459	collect=208459	
plean	crush-portfolio	1	Examples/TwoPhaseCommit.lean|TwoPhaseCommit.Coordinator.Init.entry_correct_of_safety_safety_using_commit_sent	TwoPhaseCommit.Coordinator.Init.entry_correct_of_safety_safety_using_commit_sent	9909793585723607952	selected-fact	not-attempted	closed from a selected Lean fact	157834	collect=157834	
plean	crush-portfolio	1	Examples/TwoPhaseCommit.lean|TwoPhaseCommit.Coordinator.Init.entry_correct_of_safety_safety_using_commit_sent	TwoPhaseCommit.Coordinator.Init.entry_correct_of_safety_safety_using_commit_sent	13137414707843300806	selected-fact	not-attempted	closed from a selected Lean fact	155875	collect=155875	
plean	crush-portfolio	1	Examples/TwoPhaseCommit.lean|TwoPhaseCommit.Coordinator.Init.entry_correct_of_safety_safety_using_commit_sent	TwoPhaseCommit.Coordinator.Init.entry_correct_of_safety_safety_using_commit_sent	17949712576744242606	selected-fact	not-attempted	closed from a selected Lean fact	146042	collect=146042	
plean	crush-portfolio	1	Examples/TwoPhaseCommit.lean|TwoPhaseCommit.Coordinator.Init.entry_correct_of_safety_safety_using_commit_sent	TwoPhaseCommit.Coordinator.Init.entry_correct_of_safety_safety_using_commit_sent	627119205886132577	core-reconstructed	certificate-error	core-directed reconstruction succeeded	730640876	collect=260167,pre-reconstruct=249679708,normalize=3866083,monomorphize=21583,instantiate=10834,translate=17633042,solve=431343709,replay=10625,reconstruct=27815125	
plean	crush-portfolio	1	Examples/TwoPhaseCommit.lean|TwoPhaseCommit.Coordinator.Init.entry_correct_of_safety_safety_using_commit_sent	TwoPhaseCommit.Coordinator.Init.entry_correct_of_safety_safety_using_commit_sent	627119205886132577	pre-reconstructed	not-attempted	closed before SMT translation	127118416	collect=348416,pre-reconstruct=126770000	
plean	crush-portfolio	1	Examples/TwoPhaseCommit.lean|TwoPhaseCommit.Coordinator.Init.entry_correct_of_safety_safety_using_commit_sent	TwoPhaseCommit.Coordinator.Init.entry_correct_of_safety_safety_using_commit_sent	12046566145604182226	selected-fact	not-attempted	closed from a selected Lean fact	218292	collect=218292	
plean	crush-portfolio	1	Examples/TwoPhaseCommit.lean|TwoPhaseCommit.Coordinator.Init.entry_correct_of_safety_safety_using_commit_sent	TwoPhaseCommit.Coordinator.Init.entry_correct_of_safety_safety_using_commit_sent	9909793585723607952	selected-fact	not-attempted	closed from a selected Lean fact	162625	collect=162625	
plean	crush-portfolio	1	Examples/TwoPhaseCommit.lean|TwoPhaseCommit.Coordinator.Init.entry_correct_of_safety_safety_using_commit_sent	TwoPhaseCommit.Coordinator.Init.entry_correct_of_safety_safety_using_commit_sent	13137414707843300806	selected-fact	not-attempted	closed from a selected Lean fact	158042	collect=158042	
plean	crush-portfolio	1	Examples/TwoPhaseCommit.lean|TwoPhaseCommit.Coordinator.Init.entry_correct_of_safety_safety_using_commit_sent	TwoPhaseCommit.Coordinator.Init.entry_correct_of_safety_safety_using_commit_sent	17949712576744242606	selected-fact	not-attempted	closed from a selected Lean fact	150083	collect=150083	
plean	crush-portfolio	1	Examples/TwoPhaseCommit.lean|TwoPhaseCommit.Coordinator.Init.entry_correct_of_safety_safety_using_commit_sent	TwoPhaseCommit.Coordinator.Init.entry_correct_of_safety_safety_using_commit_sent	627119205886132577	core-reconstructed	certificate-error	core-directed reconstruction succeeded	718198000	collect=250625,pre-reconstruct=238806000,normalize=3577833,monomorphize=20500,instantiate=9500,translate=15872542,solve=430084208,replay=12084,reconstruct=29564708	
plean	crush-portfolio	1	Examples/TwoPhaseCommit.lean|TwoPhaseCommit.Coordinator.Init.entry_correct_of_safety_safety_using_commit_sent	TwoPhaseCommit.Coordinator.Init.entry_correct_of_safety_safety_using_commit_sent	627119205886132577	pre-reconstructed	not-attempted	closed before SMT translation	89537709	collect=343167,pre-reconstruct=89194542	
plean	crush-portfolio	1	Examples/TwoPhaseCommit.lean|TwoPhaseCommit.Coordinator.Init.entry_correct_of_safety_safety_using_commit_sent	TwoPhaseCommit.Coordinator.Init.entry_correct_of_safety_safety_using_commit_sent	12046566145604182226	selected-fact	not-attempted	closed from a selected Lean fact	215875	collect=215875	
plean	crush-portfolio	1	Examples/TwoPhaseCommit.lean|TwoPhaseCommit.Coordinator.Init.entry_correct_of_safety_safety_using_commit_sent	TwoPhaseCommit.Coordinator.Init.entry_correct_of_safety_safety_using_commit_sent	9909793585723607952	selected-fact	not-attempted	closed from a selected Lean fact	159750	collect=159750	
plean	crush-portfolio	1	Examples/TwoPhaseCommit.lean|TwoPhaseCommit.Coordinator.Init.entry_correct_of_safety_safety_using_commit_sent	TwoPhaseCommit.Coordinator.Init.entry_correct_of_safety_safety_using_commit_sent	13137414707843300806	selected-fact	not-attempted	closed from a selected Lean fact	455000	collect=455000	
plean	crush-portfolio	1	Examples/TwoPhaseCommit.lean|TwoPhaseCommit.Coordinator.Init.entry_correct_of_safety_safety_using_commit_sent	TwoPhaseCommit.Coordinator.Init.entry_correct_of_safety_safety_using_commit_sent	17949712576744242606	selected-fact	not-attempted	closed from a selected Lean fact	154000	collect=154000	
plean	crush-portfolio	1	Examples/TwoPhaseCommit.lean|TwoPhaseCommit.Coordinator.Init.entry_correct_of_safety_safety_using_commit_sent	TwoPhaseCommit.Coordinator.Init.entry_correct_of_safety_safety_using_commit_sent	627119205886132577	unknown	not-attempted	solver exited without a verdict: cvc5 interrupted by timeout.	6350869708	collect=339750,pre-reconstruct=898839792,normalize=6398125,monomorphize=23417,instantiate=9000,translate=24857916,solve=5420401708	
plean	crush-portfolio	1	Examples/TwoPhaseCommit.lean|TwoPhaseCommit.Coordinator.Init.entry_correct_of_safety_safety_using_commit_sent	TwoPhaseCommit.Coordinator.Init.entry_correct_of_safety_safety_using_commit_sent	627119205886132577	unknown	not-attempted	solver exited without a verdict: cvc5 interrupted by timeout.	6456727084	collect=389959,pre-reconstruct=1004762500,normalize=6989875,monomorphize=21750,instantiate=11458,translate=26137542,solve=5418414000	
plean	crush-portfolio	1	Examples/TwoPhaseCommit.lean|TwoPhaseCommit.Coordinator.Init.entry_correct_of_safety_safety_using_commit_sent	TwoPhaseCommit.Coordinator.Init.entry_correct_of_safety_safety_using_commit_sent	627119205886132577	unknown	not-attempted	solver exited without a verdict: cvc5 interrupted by timeout.	5470167790	collect=237500,pre-reconstruct=38798083,normalize=350333,monomorphize=19541,instantiate=16333,translate=14000125,solve=5416745875	
plean	crush-portfolio	1	Examples/TwoPhaseCommit.lean|TwoPhaseCommit.Coordinator.Init.entry_correct_of_safety_safety_using_commit_sent	TwoPhaseCommit.Coordinator.Init.entry_correct_of_safety_safety_using_commit_sent	627119205886132577	unknown	not-attempted	solver exited without a verdict: cvc5 interrupted by timeout.	6384594001	collect=369792,pre-reconstruct=928892875,normalize=7223667,monomorphize=22125,instantiate=14459,translate=25255833,solve=5422815250	
plean	crush-portfolio	1	Examples/TwoPhaseCommit.lean|TwoPhaseCommit.Coordinator.Init.entry_correct_of_safety_safety_using_commit_sent	TwoPhaseCommit.Coordinator.Init.entry_correct_of_safety_safety_using_commit_sent	627119205886132577	core-reconstructed	certificate-error	core-directed reconstruction succeeded	1616155041	collect=321042,pre-reconstruct=1094451083,normalize=6488750,monomorphize=21250,instantiate=12417,translate=24072791,solve=430050916,replay=11500,reconstruct=60725292	
plean	crush-portfolio	1	Examples/TwoPhaseCommit.lean|TwoPhaseCommit.Participant.Undecided.eVoteReq_correct_of_safety_safety_using_commit_sent	TwoPhaseCommit.Participant.Undecided.eVoteReq_correct_of_safety_safety_using_commit_sent	627119205886132577	core-reconstructed	certificate-error	core-directed reconstruction succeeded	745907875	collect=356542,pre-reconstruct=264249625,normalize=4167250,monomorphize=33333,instantiate=23417,translate=17191542,solve=427071500,replay=21250,reconstruct=32793416	
plean	crush-portfolio	1	Examples/TwoPhaseCommit.lean|TwoPhaseCommit.Participant.Undecided.eVoteReq_correct_of_safety_safety_using_commit_sent	TwoPhaseCommit.Participant.Undecided.eVoteReq_correct_of_safety_safety_using_commit_sent	627119205886132577	core-reconstructed	certificate-error	core-directed reconstruction succeeded	794938250	collect=346000,pre-reconstruct=297614875,normalize=4636542,monomorphize=31833,instantiate=16000,translate=18605167,solve=428324875,replay=14083,reconstruct=45348875	
plean	crush-portfolio	1	Examples/TwoPhaseCommit.lean|TwoPhaseCommit.Participant.Undecided.eCommit_correct_of_safety_safety_using_commit_sent	TwoPhaseCommit.Participant.Undecided.eCommit_correct_of_safety_safety_using_commit_sent	627119205886132577	pre-reconstructed	not-attempted	closed before SMT translation	691850166	collect=448416,pre-reconstruct=691401750	
plean	crush-portfolio	1	Examples/TwoPhaseCommit.lean|TwoPhaseCommit.Participant.Undecided.eAbort_correct_of_safety_safety_using_commit_sent	TwoPhaseCommit.Participant.Undecided.eAbort_correct_of_safety_safety_using_commit_sent	627119205886132577	core-reconstructed	certificate-error	core-directed reconstruction succeeded	3458165165	collect=394750,pre-reconstruct=2922179791,normalize=6581958,monomorphize=32083,instantiate=19041,translate=24789291,solve=437028292,replay=26334,reconstruct=67113625	
