suite	backend	ref	commit	toolchain	repeat	file	proof	vc	goal_hash	status	category	milliseconds	message	goal
loom	crush	ec16b95ff8bbd047248de031cabd3160847e4b1b	ec16b95ff8bbd047248de031cabd3160847e4b1b	leanprover/lean4:v4.32.2	1	LoomBackend.lean	_example	16574041739855843339	16574041739855843339	pass	-	97	-	balance = oldBalance - amount
loom	crush	ec16b95ff8bbd047248de031cabd3160847e4b1b	ec16b95ff8bbd047248de031cabd3160847e4b1b	leanprover/lean4:v4.32.2	1	LoomBackend.lean	_example	17176297989995940323	17176297989995940323	pass	-	140	-	∀ j < i + 1, arr j ≤ mx'
loom	crush	ec16b95ff8bbd047248de031cabd3160847e4b1b	ec16b95ff8bbd047248de031cabd3160847e4b1b	leanprover/lean4:v4.32.2	1	LoomBackend.lean	_example	773944412226978707	773944412226978707	pass	-	119	-	∀ j ≤ i, arr' j ≤ key
loom	crush	ec16b95ff8bbd047248de031cabd3160847e4b1b	ec16b95ff8bbd047248de031cabd3160847e4b1b	leanprover/lean4:v4.32.2	1	LoomBackend.lean	_example	11766715760782255510	11766715760782255510	pass	-	98	-	sum + rest = total ∧ 0 ≤ sum
cashmere	crush	ec16b95ff8bbd047248de031cabd3160847e4b1b	ec16b95ff8bbd047248de031cabd3160847e4b1b	leanprover/lean4:v4.32.2	1	CaseStudies/Cashmere/Cashmere.lean	withdraw_correct	1631738648950044227	1631738648950044227	pass	-	97	-	x - ↑amount + ↑amount = balanceOld
cashmere	crush	ec16b95ff8bbd047248de031cabd3160847e4b1b	ec16b95ff8bbd047248de031cabd3160847e4b1b	leanprover/lean4:v4.32.2	1	CaseStudies/Cashmere/Cashmere.lean	withdrawSession_correct	11756138257855701010	11756138257855701010	pass	-	327	-	balance - ↑tmp.head! + ↑amounts.sum = x + ↑tmp.tail.sum
cashmere	crush	ec16b95ff8bbd047248de031cabd3160847e4b1b	ec16b95ff8bbd047248de031cabd3160847e4b1b	leanprover/lean4:v4.32.2	1	CaseStudies/Cashmere/Cashmere.lean	withdrawSession_correct	2825169037077011539	2825169037077011539	pass	-	3	-	balance + ↑amounts.sum = x + ↑tmp.sum
cashmere	crush	ec16b95ff8bbd047248de031cabd3160847e4b1b	ec16b95ff8bbd047248de031cabd3160847e4b1b	leanprover/lean4:v4.32.2	1	CaseStudies/Cashmere/Cashmere.lean	withdrawSession_correct	14833385480787993856	14833385480787993856	pass	-	3	-	¬tmp.nonEmpty
cashmere	crush	ec16b95ff8bbd047248de031cabd3160847e4b1b	ec16b95ff8bbd047248de031cabd3160847e4b1b	leanprover/lean4:v4.32.2	1	CaseStudies/Cashmere/Cashmere.lean	withdrawSession_correct	15214630116673553496	15214630116673553496	pass	-	169	-	i + ↑amounts.sum = balanceOld
cashmere	crush	ec16b95ff8bbd047248de031cabd3160847e4b1b	ec16b95ff8bbd047248de031cabd3160847e4b1b	leanprover/lean4:v4.32.2	1	CaseStudies/Cashmere/Cashmere.lean	withdrawSessionTot_correct	11756138257855701010	11756138257855701010	pass	-	523	-	balance - ↑tmp.head! + ↑amounts.sum = x + ↑tmp.tail.sum
cashmere	crush	ec16b95ff8bbd047248de031cabd3160847e4b1b	ec16b95ff8bbd047248de031cabd3160847e4b1b	leanprover/lean4:v4.32.2	1	CaseStudies/Cashmere/Cashmere.lean	withdrawSessionTot_correct	2592897230707726799	2592897230707726799	pass	-	4	-	tmp.tail.length < tmp.length
cashmere	crush	ec16b95ff8bbd047248de031cabd3160847e4b1b	ec16b95ff8bbd047248de031cabd3160847e4b1b	leanprover/lean4:v4.32.2	1	CaseStudies/Cashmere/Cashmere.lean	withdrawSessionTot_correct	2825169037077011539	2825169037077011539	pass	-	2	-	balance + ↑amounts.sum = x + ↑tmp.sum
cashmere	crush	ec16b95ff8bbd047248de031cabd3160847e4b1b	ec16b95ff8bbd047248de031cabd3160847e4b1b	leanprover/lean4:v4.32.2	1	CaseStudies/Cashmere/Cashmere.lean	withdrawSessionTot_correct	14833385480787993856	14833385480787993856	pass	-	2	-	¬tmp.nonEmpty
cashmere	crush	ec16b95ff8bbd047248de031cabd3160847e4b1b	ec16b95ff8bbd047248de031cabd3160847e4b1b	leanprover/lean4:v4.32.2	1	CaseStudies/Cashmere/Cashmere.lean	withdrawSessionTot_correct	15214630116673553496	15214630116673553496	pass	-	170	-	i + ↑amounts.sum = balanceOld
cashmere	crush	ec16b95ff8bbd047248de031cabd3160847e4b1b	ec16b95ff8bbd047248de031cabd3160847e4b1b	leanprover/lean4:v4.32.2	1	CaseStudies/Cashmere/Cashmere.lean	withdrawSessionExcept_correct	12346872860079934512	12346872860079934512	pass	-	646	-	False
cashmere	crush	ec16b95ff8bbd047248de031cabd3160847e4b1b	ec16b95ff8bbd047248de031cabd3160847e4b1b	leanprover/lean4:v4.32.2	1	CaseStudies/Cashmere/Cashmere.lean	withdrawSessionExcept_correct	11756138257855701010	11756138257855701010	pass	-	247	-	balance - ↑tmp.head! + ↑amounts.sum = x + ↑tmp.tail.sum
cashmere	crush	ec16b95ff8bbd047248de031cabd3160847e4b1b	ec16b95ff8bbd047248de031cabd3160847e4b1b	leanprover/lean4:v4.32.2	1	CaseStudies/Cashmere/Cashmere.lean	withdrawSessionExcept_correct	12800241106604992563	12800241106604992563	pass	-	214	-	balance - ↑tmp.head! ≥ ↑tmp.tail.sum
cashmere	crush	ec16b95ff8bbd047248de031cabd3160847e4b1b	ec16b95ff8bbd047248de031cabd3160847e4b1b	leanprover/lean4:v4.32.2	1	CaseStudies/Cashmere/Cashmere.lean	withdrawSessionExcept_correct	2592897230707726799	2592897230707726799	pass	-	5	-	tmp.tail.length < tmp.length
cashmere	crush	ec16b95ff8bbd047248de031cabd3160847e4b1b	ec16b95ff8bbd047248de031cabd3160847e4b1b	leanprover/lean4:v4.32.2	1	CaseStudies/Cashmere/Cashmere.lean	withdrawSessionExcept_correct	2825169037077011539	2825169037077011539	pass	-	3	-	balance + ↑amounts.sum = x + ↑tmp.sum
cashmere	crush	ec16b95ff8bbd047248de031cabd3160847e4b1b	ec16b95ff8bbd047248de031cabd3160847e4b1b	leanprover/lean4:v4.32.2	1	CaseStudies/Cashmere/Cashmere.lean	withdrawSessionExcept_correct	14810769858554953377	14810769858554953377	pass	-	3	-	balance ≥ ↑tmp.sum
cashmere	crush	ec16b95ff8bbd047248de031cabd3160847e4b1b	ec16b95ff8bbd047248de031cabd3160847e4b1b	leanprover/lean4:v4.32.2	1	CaseStudies/Cashmere/Cashmere.lean	withdrawSessionExcept_correct	14833385480787993856	14833385480787993856	pass	-	3	-	¬tmp.nonEmpty
cashmere	crush	ec16b95ff8bbd047248de031cabd3160847e4b1b	ec16b95ff8bbd047248de031cabd3160847e4b1b	leanprover/lean4:v4.32.2	1	CaseStudies/Cashmere/Cashmere.lean	withdrawSessionExcept_correct	8275436438937433806	8275436438937433806	pass	-	1	-	x ≥ ↑amounts.sum
cashmere	crush	ec16b95ff8bbd047248de031cabd3160847e4b1b	ec16b95ff8bbd047248de031cabd3160847e4b1b	leanprover/lean4:v4.32.2	1	CaseStudies/Cashmere/Cashmere.lean	withdrawSessionExcept_correct	15214630116673553496	15214630116673553496	pass	-	172	-	i + ↑amounts.sum = balanceOld
cashmere	crush	ec16b95ff8bbd047248de031cabd3160847e4b1b	ec16b95ff8bbd047248de031cabd3160847e4b1b	leanprover/lean4:v4.32.2	1	CaseStudies/Cashmere/Cashmere.lean	withdrawSessionExcept_correct	684110104125275636	684110104125275636	pass	-	167	-	i ≥ 0
cashmere	crush	ec16b95ff8bbd047248de031cabd3160847e4b1b	ec16b95ff8bbd047248de031cabd3160847e4b1b	leanprover/lean4:v4.32.2	1	CaseStudies/Cashmere/Cashmere.lean	withdrawSessionNonDet_correct	10455387604875970312	10455387604875970312	pass	-	1348	-	∃ h, ↑h.sum ≤ x
cashmere	crush	ec16b95ff8bbd047248de031cabd3160847e4b1b	ec16b95ff8bbd047248de031cabd3160847e4b1b	leanprover/lean4:v4.32.2	1	CaseStudies/Cashmere/Cashmere.lean	withdrawSessionNonDet_correct	12346872860079934512	12346872860079934512	pass	-	229	-	False
cashmere	crush	ec16b95ff8bbd047248de031cabd3160847e4b1b	ec16b95ff8bbd047248de031cabd3160847e4b1b	leanprover/lean4:v4.32.2	1	CaseStudies/Cashmere/Cashmere.lean	withdrawSessionNonDet_correct	9920644537135092340	9920644537135092340	pass	-	291	-	balance - ↑tmp.head! + ↑i_1.sum = x + ↑tmp.tail.sum
cashmere	crush	ec16b95ff8bbd047248de031cabd3160847e4b1b	ec16b95ff8bbd047248de031cabd3160847e4b1b	leanprover/lean4:v4.32.2	1	CaseStudies/Cashmere/Cashmere.lean	withdrawSessionNonDet_correct	2592897230707726799	2592897230707726799	pass	-	5	-	tmp.tail.length < tmp.length
cashmere	crush	ec16b95ff8bbd047248de031cabd3160847e4b1b	ec16b95ff8bbd047248de031cabd3160847e4b1b	leanprover/lean4:v4.32.2	1	CaseStudies/Cashmere/Cashmere.lean	withdrawSessionNonDet_correct	8954427794409453576	8954427794409453576	pass	-	3	-	balance + ↑i_1.sum = x + ↑tmp.sum
cashmere	crush	ec16b95ff8bbd047248de031cabd3160847e4b1b	ec16b95ff8bbd047248de031cabd3160847e4b1b	leanprover/lean4:v4.32.2	1	CaseStudies/Cashmere/Cashmere.lean	withdrawSessionNonDet_correct	14833385480787993856	14833385480787993856	pass	-	3	-	¬tmp.nonEmpty
cashmere	crush	ec16b95ff8bbd047248de031cabd3160847e4b1b	ec16b95ff8bbd047248de031cabd3160847e4b1b	leanprover/lean4:v4.32.2	1	CaseStudies/Cashmere/Cashmere.lean	withdrawSessionNonDet_correct	5928940248694370277	5928940248694370277	pass	-	210	-	i_3 + ↑i_1.sum = balanceOld
cashmere	crush	ec16b95ff8bbd047248de031cabd3160847e4b1b	ec16b95ff8bbd047248de031cabd3160847e4b1b	leanprover/lean4:v4.32.2	1	CaseStudies/Cashmere/Cashmere.lean	withdrawSessionNonDet_correct	12566989642252477834	12566989642252477834	pass	-	208	-	i_3 ≥ 0
cashmere	crush	ec16b95ff8bbd047248de031cabd3160847e4b1b	ec16b95ff8bbd047248de031cabd3160847e4b1b	leanprover/lean4:v4.32.2	1	CaseStudies/Cashmere/CashmereIncorrectnessLogic.lean	withdrawSessionAngelic_correct	9427426964918022923	9427426964918022923	pass	-	2	-	True
cashmere	crush	ec16b95ff8bbd047248de031cabd3160847e4b1b	ec16b95ff8bbd047248de031cabd3160847e4b1b	leanprover/lean4:v4.32.2	1	CaseStudies/Cashmere/CashmereIncorrectnessLogic.lean	withdrawSessionAngelic_correct	1587904245978985587	1587904245978985587	pass	-	526	-	balance - ↑amounts.head! ≥ 0
cashmere	crush	ec16b95ff8bbd047248de031cabd3160847e4b1b	ec16b95ff8bbd047248de031cabd3160847e4b1b	leanprover/lean4:v4.32.2	1	CaseStudies/Cashmere/CashmereIncorrectnessLogic.lean	withdrawSessionAngelic_correct	12290697138917920290	12290697138917920290	pass	-	509	-	balance - ↑amounts.head! < ↑amounts.tail.sum
cashmere	crush	ec16b95ff8bbd047248de031cabd3160847e4b1b	ec16b95ff8bbd047248de031cabd3160847e4b1b	leanprover/lean4:v4.32.2	1	CaseStudies/Cashmere/CashmereIncorrectnessLogic.lean	withdrawSessionAngelic_correct	6449264834289021715	6449264834289021715	pass	-	4	-	amounts.tail.length < amounts.length
cashmere	crush	ec16b95ff8bbd047248de031cabd3160847e4b1b	ec16b95ff8bbd047248de031cabd3160847e4b1b	leanprover/lean4:v4.32.2	1	CaseStudies/Cashmere/CashmereIncorrectnessLogic.lean	withdrawSessionAngelic_correct	11664442347342473650	11664442347342473650	pass	-	1	-	balance ≥ 0
cashmere	crush	ec16b95ff8bbd047248de031cabd3160847e4b1b	ec16b95ff8bbd047248de031cabd3160847e4b1b	leanprover/lean4:v4.32.2	1	CaseStudies/Cashmere/CashmereIncorrectnessLogic.lean	withdrawSessionAngelic_correct	6579164554781296205	6579164554781296205	pass	-	2	-	balance < ↑amounts.sum
cashmere	crush	ec16b95ff8bbd047248de031cabd3160847e4b1b	ec16b95ff8bbd047248de031cabd3160847e4b1b	leanprover/lean4:v4.32.2	1	CaseStudies/Cashmere/CashmereIncorrectnessLogic.lean	withdrawSessionAngelic_correct	7126761714196821540	7126761714196821540	pass	-	3	-	¬amounts.nonEmpty
cashmere	crush	ec16b95ff8bbd047248de031cabd3160847e4b1b	ec16b95ff8bbd047248de031cabd3160847e4b1b	leanprover/lean4:v4.32.2	1	CaseStudies/Cashmere/CashmereIncorrectnessLogic.lean	withdrawSessionAngelic_correct	2232656262363782188	2232656262363782188	pass	-	181	-	x ≥ 0
cashmere	crush	ec16b95ff8bbd047248de031cabd3160847e4b1b	ec16b95ff8bbd047248de031cabd3160847e4b1b	leanprover/lean4:v4.32.2	1	CaseStudies/Cashmere/CashmereIncorrectnessLogic.lean	withdrawSessionAngelic_correct	15183118018364320695	15183118018364320695	pass	-	246	-	∃ x_1, x < ↑x_1.sum
cashmere	crush	ec16b95ff8bbd047248de031cabd3160847e4b1b	ec16b95ff8bbd047248de031cabd3160847e4b1b	leanprover/lean4:v4.32.2	1	CaseStudies/Cashmere/CashmereIncorrectnessLogic.lean	withdrawSessionAngelic_correct	12346872860079934512	12346872860079934512	pass	-	367	-	False
velvet	crush	e90d79341bb8ef510ec868623e74cfe98feaa4e8	e90d79341bb8ef510ec868623e74cfe98feaa4e8	leanprover/lean4:v4.32.2	1	Velvet/Examples/EncodeDecodeStr.lean	decodeStr'_correct	4325354716326072573	4325354716326072573	pass	-	77	-	0 ≤ i + 1 ∧ i + 1 ≤ encoded_str.size
velvet	crush	e90d79341bb8ef510ec868623e74cfe98feaa4e8	e90d79341bb8ef510ec868623e74cfe98feaa4e8	leanprover/lean4:v4.32.2	1	Velvet/Examples/EncodeDecodeStr.lean	decodeStr'_correct	3233717574493770211	3233717574493770211	fail	timeout	5071	crush: solver returned `unknown` (solver exited without a verdict). Try increasing `crush.timeout` or adding hypotheses.	(decoded ++ Array.replicate encoded_str[i]!.cnt encoded_str[i]!.c).size =   get_cnt_sum (encoded_str.extract 0 (i + 1)).toList
velvet	crush	e90d79341bb8ef510ec868623e74cfe98feaa4e8	e90d79341bb8ef510ec868623e74cfe98feaa4e8	leanprover/lean4:v4.32.2	1	Velvet/Examples/EncodeDecodeStr.lean	decodeStr'_correct	14557075163885871591	14557075163885871591	pass	-	56	-	0 ≤ i ∧ i ≤ encoded_str.size
velvet	crush	e90d79341bb8ef510ec868623e74cfe98feaa4e8	e90d79341bb8ef510ec868623e74cfe98feaa4e8	leanprover/lean4:v4.32.2	1	Velvet/Examples/EncodeDecodeStr.lean	decodeStr'_correct	6384732382134649439	6384732382134649439	pass	-	2	-	decoded.size = get_cnt_sum (encoded_str.extract 0 i).toList
velvet	crush	e90d79341bb8ef510ec868623e74cfe98feaa4e8	e90d79341bb8ef510ec868623e74cfe98feaa4e8	leanprover/lean4:v4.32.2	1	Velvet/Examples/EncodeDecodeStr.lean	decodeStr'_correct	13851523499043008614	13851523499043008614	pass	-	77	-	i = encoded_str.size
velvet	crush	e90d79341bb8ef510ec868623e74cfe98feaa4e8	e90d79341bb8ef510ec868623e74cfe98feaa4e8	leanprover/lean4:v4.32.2	1	Velvet/Examples/EncodeDecodeStr.lean	decodeStr'_correct	8816666150414203262	8816666150414203262	pass	-	37	-	0 ≤ 0 ∧ 0 ≤ encoded_str.size
velvet	crush	e90d79341bb8ef510ec868623e74cfe98feaa4e8	e90d79341bb8ef510ec868623e74cfe98feaa4e8	leanprover/lean4:v4.32.2	1	Velvet/Examples/EncodeDecodeStr.lean	decodeStr'_correct	7432640679462075544	7432640679462075544	fail	timeout	175	crush: solver returned `unknown` (no reason given). Try increasing `crush.timeout` or adding hypotheses.	(Array.replicate 0 'x').size = get_cnt_sum (encoded_str.extract 0 0).toList
velvet	crush	e90d79341bb8ef510ec868623e74cfe98feaa4e8	e90d79341bb8ef510ec868623e74cfe98feaa4e8	leanprover/lean4:v4.32.2	1	Velvet/Examples/EncodeDecodeStr.lean	decodeStr'_correct	9639754685172097330	9639754685172097330	fail	timeout	5037	crush: solver returned `unknown` (solver exited without a verdict). Try increasing `crush.timeout` or adding hypotheses.	i_1.size = get_cnt_sum encoded_str.toList
velvet	crush	e90d79341bb8ef510ec868623e74cfe98feaa4e8	e90d79341bb8ef510ec868623e74cfe98feaa4e8	leanprover/lean4:v4.32.2	1	Velvet/Examples/EncodeDecodeStr.lean	encodeStr_correct	10203002127808532242	10203002127808532242	pass	-	69	-	i < j + 1 ∧ j + 1 ≤ str.size
velvet	crush	e90d79341bb8ef510ec868623e74cfe98feaa4e8	e90d79341bb8ef510ec868623e74cfe98feaa4e8	leanprover/lean4:v4.32.2	1	Velvet/Examples/EncodeDecodeStr.lean	encodeStr_correct	15527439877898811686	15527439877898811686	pass	-	258	-	∀ (k : ℕ), i ≤ k → k < j + 1 → str[k]! = str[i]!
velvet	crush	e90d79341bb8ef510ec868623e74cfe98feaa4e8	e90d79341bb8ef510ec868623e74cfe98feaa4e8	leanprover/lean4:v4.32.2	1	Velvet/Examples/EncodeDecodeStr.lean	encodeStr_correct	4253526900314070824	4253526900314070824	pass	-	68	-	i < j ∧ j ≤ str.size
velvet	crush	e90d79341bb8ef510ec868623e74cfe98feaa4e8	e90d79341bb8ef510ec868623e74cfe98feaa4e8	leanprover/lean4:v4.32.2	1	Velvet/Examples/EncodeDecodeStr.lean	encodeStr_correct	17087698223479619887	17087698223479619887	pass	-	11	-	∀ (k : ℕ), i ≤ k → k < j → str[k]! = str[i]!
velvet	crush	e90d79341bb8ef510ec868623e74cfe98feaa4e8	e90d79341bb8ef510ec868623e74cfe98feaa4e8	leanprover/lean4:v4.32.2	1	Velvet/Examples/EncodeDecodeStr.lean	encodeStr_correct	13168721855841554394	13168721855841554394	pass	-	7	-	¬(j < str.size ∧ (str[j]! == str[i]!) = true)
velvet	crush	e90d79341bb8ef510ec868623e74cfe98feaa4e8	e90d79341bb8ef510ec868623e74cfe98feaa4e8	leanprover/lean4:v4.32.2	1	Velvet/Examples/EncodeDecodeStr.lean	encodeStr_correct	8050235650381385355	8050235650381385355	pass	-	52	-	i < i + 1 ∧ i + 1 ≤ str.size
velvet	crush	e90d79341bb8ef510ec868623e74cfe98feaa4e8	e90d79341bb8ef510ec868623e74cfe98feaa4e8	leanprover/lean4:v4.32.2	1	Velvet/Examples/EncodeDecodeStr.lean	encodeStr_correct	3874562368415809942	3874562368415809942	pass	-	115	-	∀ (k : ℕ), i ≤ k → k < i + 1 → str[k]! = str[i]!
velvet	crush	e90d79341bb8ef510ec868623e74cfe98feaa4e8	e90d79341bb8ef510ec868623e74cfe98feaa4e8	leanprover/lean4:v4.32.2	1	Velvet/Examples/EncodeDecodeStr.lean	encodeStr_correct	16403843650363689650	16403843650363689650	pass	-	59	-	0 ≤ j ∧ j ≤ str.size
velvet	crush	e90d79341bb8ef510ec868623e74cfe98feaa4e8	e90d79341bb8ef510ec868623e74cfe98feaa4e8	leanprover/lean4:v4.32.2	1	Velvet/Examples/EncodeDecodeStr.lean	encodeStr_correct	17528322019345720798	17528322019345720798	fail	timeout	5090	crush: solver returned `unknown` (solver exited without a verdict). Try increasing `crush.timeout` or adding hypotheses.	decodeStrLean (encoding.push { cnt := j - i, c := str[i]! }) = str.extract 0 j
velvet	crush	e90d79341bb8ef510ec868623e74cfe98feaa4e8	e90d79341bb8ef510ec868623e74cfe98feaa4e8	leanprover/lean4:v4.32.2	1	Velvet/Examples/EncodeDecodeStr.lean	encodeStr_correct	14846570717984605519	14846570717984605519	pass	-	146	-	is_valid_run_sequence (encoding.push { cnt := j - i, c := str[i]! })
velvet	crush	e90d79341bb8ef510ec868623e74cfe98feaa4e8	e90d79341bb8ef510ec868623e74cfe98feaa4e8	leanprover/lean4:v4.32.2	1	Velvet/Examples/EncodeDecodeStr.lean	encodeStr_correct	17345521196864181404	17345521196864181404	pass	-	54	-	0 ≤ i ∧ i ≤ str.size
velvet	crush	e90d79341bb8ef510ec868623e74cfe98feaa4e8	e90d79341bb8ef510ec868623e74cfe98feaa4e8	leanprover/lean4:v4.32.2	1	Velvet/Examples/EncodeDecodeStr.lean	encodeStr_correct	4720720642953332999	4720720642953332999	pass	-	3	-	decodeStrLean encoding = str.extract 0 i
velvet	crush	e90d79341bb8ef510ec868623e74cfe98feaa4e8	e90d79341bb8ef510ec868623e74cfe98feaa4e8	leanprover/lean4:v4.32.2	1	Velvet/Examples/EncodeDecodeStr.lean	encodeStr_correct	16873295595722686018	16873295595722686018	pass	-	3	-	is_valid_run_sequence encoding
velvet	crush	e90d79341bb8ef510ec868623e74cfe98feaa4e8	e90d79341bb8ef510ec868623e74cfe98feaa4e8	leanprover/lean4:v4.32.2	1	Velvet/Examples/EncodeDecodeStr.lean	encodeStr_correct	5769627519083430677	5769627519083430677	pass	-	3	-	¬i < str.size
velvet	crush	e90d79341bb8ef510ec868623e74cfe98feaa4e8	e90d79341bb8ef510ec868623e74cfe98feaa4e8	leanprover/lean4:v4.32.2	1	Velvet/Examples/EncodeDecodeStr.lean	encodeStr_correct	15630242782200619292	15630242782200619292	pass	-	66	-	0 ≤ 0 ∧ 0 ≤ str.size
velvet	crush	e90d79341bb8ef510ec868623e74cfe98feaa4e8	e90d79341bb8ef510ec868623e74cfe98feaa4e8	leanprover/lean4:v4.32.2	1	Velvet/Examples/EncodeDecodeStr.lean	encodeStr_correct	4390242841053229048	4390242841053229048	pass	-	1	-	decodeStrLean #[] = str.extract 0 0
velvet	crush	e90d79341bb8ef510ec868623e74cfe98feaa4e8	e90d79341bb8ef510ec868623e74cfe98feaa4e8	leanprover/lean4:v4.32.2	1	Velvet/Examples/EncodeDecodeStr.lean	encodeStr_correct	4098508629850130765	4098508629850130765	fail	timeout	39	crush: solver returned `unknown` (no reason given). Try increasing `crush.timeout` or adding hypotheses.	is_valid_run_sequence #[]
velvet	crush	e90d79341bb8ef510ec868623e74cfe98feaa4e8	e90d79341bb8ef510ec868623e74cfe98feaa4e8	leanprover/lean4:v4.32.2	1	Velvet/Examples/EncodeDecodeStr.lean	encodeStr_correct	6449688271898666716	6449688271898666716	fail	timeout	5066	crush: solver returned `unknown` (solver exited without a verdict). Try increasing `crush.timeout` or adding hypotheses.	decodeStrLean i_1 = str
velvet	crush	e90d79341bb8ef510ec868623e74cfe98feaa4e8	e90d79341bb8ef510ec868623e74cfe98feaa4e8	leanprover/lean4:v4.32.2	1	Velvet/Examples/EncodeDecodeStr.lean	encodeStr_correct	3108445719328028112	3108445719328028112	pass	-	48	-	is_valid_run_sequence i_1
velvet	crush	e90d79341bb8ef510ec868623e74cfe98feaa4e8	e90d79341bb8ef510ec868623e74cfe98feaa4e8	leanprover/lean4:v4.32.2	1	Velvet/Examples/Examples.lean	insertionSort_correct	6162910358734672275	6162910358734672275	pass	-	7	-	((arr_1.set! (mind - 1) arr_1[mind]!).set! mind arr_1[mind - 1]!).size = arrOld.size
velvet	crush	e90d79341bb8ef510ec868623e74cfe98feaa4e8	e90d79341bb8ef510ec868623e74cfe98feaa4e8	leanprover/lean4:v4.32.2	1	Velvet/Examples/Examples.lean	insertionSort_correct	1066791641437412485	1066791641437412485	pass	-	171	-	mind - 1 ≤ n
velvet	crush	e90d79341bb8ef510ec868623e74cfe98feaa4e8	e90d79341bb8ef510ec868623e74cfe98feaa4e8	leanprover/lean4:v4.32.2	1	Velvet/Examples/Examples.lean	insertionSort_correct	9866248891257573647	9866248891257573647	fail	reconstruction	5800	crush: solver reported `unsat`, but reconstruction failed — no finishing tactic could replay it from the core ([hyp invariant_1,  hyp a_1,  hyp if_pos,  hyp invariant_5,  hyp invariant_6,  hyp invariant_7,  hyp if_pos_1,  hyp if_pos_2,  hyp a._@._internal.0._stdin.1813948372._hygCtx._hyg.3077,  hyp a._@._internal.0._stdin.1813948372._hygCtx._hyg.3078,  hyp a._@._internal.0._stdin.1813948372._hygCtx._hyg.3079,  negated goal]). Set `crush.trust` to "reconstructOrTrust" to accept the solver's verdict anyway.	∀ (i j : ℕ),   0 ≤ i →     i < j →       j ≤ n →         j ≠ mind - 1 →           ((arr_1.set! (mind - 1) arr_1[mind]!).set! mind arr_1[mind - 1]!)[i]! ≤             ((arr_1.set! (mind - 1) arr_1[mind]!).set! mind arr_1[mind - 1]!)[j]!
velvet	crush	e90d79341bb8ef510ec868623e74cfe98feaa4e8	e90d79341bb8ef510ec868623e74cfe98feaa4e8	leanprover/lean4:v4.32.2	1	Velvet/Examples/Examples.lean	insertionSort_correct	18360837223612973524	18360837223612973524	pass	-	250	-	((arr_1.set! (mind - 1) arr_1[mind]!).set! mind arr_1[mind - 1]!).toMultiset = arrOld.toMultiset
velvet	crush	e90d79341bb8ef510ec868623e74cfe98feaa4e8	e90d79341bb8ef510ec868623e74cfe98feaa4e8	leanprover/lean4:v4.32.2	1	Velvet/Examples/Examples.lean	insertionSort_correct	5794584936190196715	5794584936190196715	pass	-	6	-	arr_1.size = arrOld.size
velvet	crush	e90d79341bb8ef510ec868623e74cfe98feaa4e8	e90d79341bb8ef510ec868623e74cfe98feaa4e8	leanprover/lean4:v4.32.2	1	Velvet/Examples/Examples.lean	insertionSort_correct	1066791641437412485	1066791641437412485	pass	-	150	-	mind - 1 ≤ n
velvet	crush	e90d79341bb8ef510ec868623e74cfe98feaa4e8	e90d79341bb8ef510ec868623e74cfe98feaa4e8	leanprover/lean4:v4.32.2	1	Velvet/Examples/Examples.lean	insertionSort_correct	14825588553610653054	14825588553610653054	fail	timeout	10449	crush: solver returned `unknown` (solver exited without a verdict). Try increasing `crush.timeout` or adding hypotheses.	∀ (i j : ℕ), 0 ≤ i → i < j → j ≤ n → j ≠ mind - 1 → arr_1[i]! ≤ arr_1[j]!
velvet	crush	e90d79341bb8ef510ec868623e74cfe98feaa4e8	e90d79341bb8ef510ec868623e74cfe98feaa4e8	leanprover/lean4:v4.32.2	1	Velvet/Examples/Examples.lean	insertionSort_correct	15257391885382474665	15257391885382474665	pass	-	6	-	arr_1.toMultiset = arrOld.toMultiset
velvet	crush	e90d79341bb8ef510ec868623e74cfe98feaa4e8	e90d79341bb8ef510ec868623e74cfe98feaa4e8	leanprover/lean4:v4.32.2	1	Velvet/Examples/Examples.lean	insertionSort_correct	5794584936190196715	5794584936190196715	pass	-	6	-	arr_1.size = arrOld.size
velvet	crush	e90d79341bb8ef510ec868623e74cfe98feaa4e8	e90d79341bb8ef510ec868623e74cfe98feaa4e8	leanprover/lean4:v4.32.2	1	Velvet/Examples/Examples.lean	insertionSort_correct	12031026870814429192	12031026870814429192	pass	-	6	-	mind ≤ n
velvet	crush	e90d79341bb8ef510ec868623e74cfe98feaa4e8	e90d79341bb8ef510ec868623e74cfe98feaa4e8	leanprover/lean4:v4.32.2	1	Velvet/Examples/Examples.lean	insertionSort_correct	16465886849738339639	16465886849738339639	pass	-	188	-	∀ (i j : ℕ), 0 ≤ i → i < j → j ≤ n → j ≠ mind → arr_1[i]! ≤ arr_1[j]!
velvet	crush	e90d79341bb8ef510ec868623e74cfe98feaa4e8	e90d79341bb8ef510ec868623e74cfe98feaa4e8	leanprover/lean4:v4.32.2	1	Velvet/Examples/Examples.lean	insertionSort_correct	15257391885382474665	15257391885382474665	pass	-	6	-	arr_1.toMultiset = arrOld.toMultiset
velvet	crush	e90d79341bb8ef510ec868623e74cfe98feaa4e8	e90d79341bb8ef510ec868623e74cfe98feaa4e8	leanprover/lean4:v4.32.2	1	Velvet/Examples/Examples.lean	insertionSort_correct	2438232962388206336	2438232962388206336	pass	-	75	-	mind = 0
velvet	crush	e90d79341bb8ef510ec868623e74cfe98feaa4e8	e90d79341bb8ef510ec868623e74cfe98feaa4e8	leanprover/lean4:v4.32.2	1	Velvet/Examples/Examples.lean	insertionSort_correct	5964899400721509044	5964899400721509044	pass	-	3	-	arr.size = arrOld.size
velvet	crush	e90d79341bb8ef510ec868623e74cfe98feaa4e8	e90d79341bb8ef510ec868623e74cfe98feaa4e8	leanprover/lean4:v4.32.2	1	Velvet/Examples/Examples.lean	insertionSort_correct	12155028420956038391	12155028420956038391	pass	-	84	-	n ≤ n
velvet	crush	e90d79341bb8ef510ec868623e74cfe98feaa4e8	e90d79341bb8ef510ec868623e74cfe98feaa4e8	leanprover/lean4:v4.32.2	1	Velvet/Examples/Examples.lean	insertionSort_correct	14852526092468225565	14852526092468225565	pass	-	194	-	∀ (i j : ℕ), 0 ≤ i → i < j → j ≤ n → j ≠ n → arr[i]! ≤ arr[j]!
velvet	crush	e90d79341bb8ef510ec868623e74cfe98feaa4e8	e90d79341bb8ef510ec868623e74cfe98feaa4e8	leanprover/lean4:v4.32.2	1	Velvet/Examples/Examples.lean	insertionSort_correct	17117294935281830098	17117294935281830098	pass	-	3	-	arr.toMultiset = arrOld.toMultiset
velvet	crush	e90d79341bb8ef510ec868623e74cfe98feaa4e8	e90d79341bb8ef510ec868623e74cfe98feaa4e8	leanprover/lean4:v4.32.2	1	Velvet/Examples/Examples.lean	insertionSort_correct	5288706169439222084	5288706169439222084	pass	-	10	-	i.size = arrOld.size
velvet	crush	e90d79341bb8ef510ec868623e74cfe98feaa4e8	e90d79341bb8ef510ec868623e74cfe98feaa4e8	leanprover/lean4:v4.32.2	1	Velvet/Examples/Examples.lean	insertionSort_correct	12688677688377801211	12688677688377801211	pass	-	94	-	1 ≤ n + 1 ∧ n + 1 ≤ i.size
velvet	crush	e90d79341bb8ef510ec868623e74cfe98feaa4e8	e90d79341bb8ef510ec868623e74cfe98feaa4e8	leanprover/lean4:v4.32.2	1	Velvet/Examples/Examples.lean	insertionSort_correct	7903702650473013145	7903702650473013145	pass	-	216	-	∀ (i_2 j : ℕ), 0 ≤ i_2 → i_2 < j → j ≤ n + 1 - 1 → i[i_2]! ≤ i[j]!
velvet	crush	e90d79341bb8ef510ec868623e74cfe98feaa4e8	e90d79341bb8ef510ec868623e74cfe98feaa4e8	leanprover/lean4:v4.32.2	1	Velvet/Examples/Examples.lean	insertionSort_correct	8905801618567038615	8905801618567038615	pass	-	11	-	i.toMultiset = arrOld.toMultiset
velvet	crush	e90d79341bb8ef510ec868623e74cfe98feaa4e8	e90d79341bb8ef510ec868623e74cfe98feaa4e8	leanprover/lean4:v4.32.2	1	Velvet/Examples/Examples.lean	insertionSort_correct	5964899400721509044	5964899400721509044	pass	-	3	-	arr.size = arrOld.size
velvet	crush	e90d79341bb8ef510ec868623e74cfe98feaa4e8	e90d79341bb8ef510ec868623e74cfe98feaa4e8	leanprover/lean4:v4.32.2	1	Velvet/Examples/Examples.lean	insertionSort_correct	5379360585891885096	5379360585891885096	pass	-	73	-	1 ≤ n ∧ n ≤ arr.size
velvet	crush	e90d79341bb8ef510ec868623e74cfe98feaa4e8	e90d79341bb8ef510ec868623e74cfe98feaa4e8	leanprover/lean4:v4.32.2	1	Velvet/Examples/Examples.lean	insertionSort_correct	11248877774576345437	11248877774576345437	pass	-	163	-	∀ (i j : ℕ), 0 ≤ i → i < j → j ≤ n - 1 → arr[i]! ≤ arr[j]!
velvet	crush	e90d79341bb8ef510ec868623e74cfe98feaa4e8	e90d79341bb8ef510ec868623e74cfe98feaa4e8	leanprover/lean4:v4.32.2	1	Velvet/Examples/Examples.lean	insertionSort_correct	17117294935281830098	17117294935281830098	pass	-	3	-	arr.toMultiset = arrOld.toMultiset
velvet	crush	e90d79341bb8ef510ec868623e74cfe98feaa4e8	e90d79341bb8ef510ec868623e74cfe98feaa4e8	leanprover/lean4:v4.32.2	1	Velvet/Examples/Examples.lean	insertionSort_correct	11532741708565178815	11532741708565178815	pass	-	52	-	n = arr.size
velvet	crush	e90d79341bb8ef510ec868623e74cfe98feaa4e8	e90d79341bb8ef510ec868623e74cfe98feaa4e8	leanprover/lean4:v4.32.2	1	Velvet/Examples/Examples.lean	insertionSort_correct	13894794097547967513	13894794097547967513	pass	-	94	-	1 ≤ 1 ∧ 1 ≤ arrOld.size
velvet	crush	e90d79341bb8ef510ec868623e74cfe98feaa4e8	e90d79341bb8ef510ec868623e74cfe98feaa4e8	leanprover/lean4:v4.32.2	1	Velvet/Examples/Examples.lean	insertionSort_correct	11235314628722112900	11235314628722112900	pass	-	104	-	∀ (i j : ℕ), 0 ≤ i → i < j → j ≤ 1 - 1 → arrOld[i]! ≤ arrOld[j]!
velvet	crush	e90d79341bb8ef510ec868623e74cfe98feaa4e8	e90d79341bb8ef510ec868623e74cfe98feaa4e8	leanprover/lean4:v4.32.2	1	Velvet/Examples/Examples.lean	insertionSort_correct	8905801618567038615	8905801618567038615	pass	-	7	-	i.toMultiset = arrOld.toMultiset
velvet	crush	e90d79341bb8ef510ec868623e74cfe98feaa4e8	e90d79341bb8ef510ec868623e74cfe98feaa4e8	leanprover/lean4:v4.32.2	1	Velvet/Examples/Examples.lean	insertionSort_correct	18214290959922115111	18214290959922115111	pass	-	970	-	∀ (i_2 j : ℕ), 0 ≤ i_2 → i_2 ≤ j → j < i.size → i[i_2]! ≤ i[j]!
velvet	crush	e90d79341bb8ef510ec868623e74cfe98feaa4e8	e90d79341bb8ef510ec868623e74cfe98feaa4e8	leanprover/lean4:v4.32.2	1	Velvet/Examples/Examples.lean	sqrt_correct	17119794831572106230	17119794831572106230	pass	-	94	-	∀ (i : ℕ), i * i ≤ x → i ≤ 0
velvet	crush	e90d79341bb8ef510ec868623e74cfe98feaa4e8	e90d79341bb8ef510ec868623e74cfe98feaa4e8	leanprover/lean4:v4.32.2	1	Velvet/Examples/Examples.lean	sqrt_correct	16395326812896940336	16395326812896940336	pass	-	51	-	∀ i ≤ 0, i * i ≤ x
velvet	crush	e90d79341bb8ef510ec868623e74cfe98feaa4e8	e90d79341bb8ef510ec868623e74cfe98feaa4e8	leanprover/lean4:v4.32.2	1	Velvet/Examples/Examples.lean	sqrt_correct	4559485301326837329	4559485301326837329	pass	-	69	-	0 * 0 ≤ x
velvet	crush	e90d79341bb8ef510ec868623e74cfe98feaa4e8	e90d79341bb8ef510ec868623e74cfe98feaa4e8	leanprover/lean4:v4.32.2	1	Velvet/Examples/Examples.lean	sqrt_correct	15833581759277421577	15833581759277421577	pass	-	150	-	∀ j < i + 1, j * j ≤ x
velvet	crush	e90d79341bb8ef510ec868623e74cfe98feaa4e8	e90d79341bb8ef510ec868623e74cfe98feaa4e8	leanprover/lean4:v4.32.2	1	Velvet/Examples/Examples.lean	sqrt_correct	7228731597997214785	7228731597997214785	pass	-	4	-	∀ j < i, j * j ≤ x
velvet	crush	e90d79341bb8ef510ec868623e74cfe98feaa4e8	e90d79341bb8ef510ec868623e74cfe98feaa4e8	leanprover/lean4:v4.32.2	1	Velvet/Examples/Examples.lean	sqrt_correct	17256355208408803011	17256355208408803011	pass	-	54	-	x < i * i
velvet	crush	e90d79341bb8ef510ec868623e74cfe98feaa4e8	e90d79341bb8ef510ec868623e74cfe98feaa4e8	leanprover/lean4:v4.32.2	1	Velvet/Examples/Examples.lean	sqrt_correct	13635698331308129878	13635698331308129878	pass	-	71	-	∀ j < 0, j * j ≤ x
velvet	crush	e90d79341bb8ef510ec868623e74cfe98feaa4e8	e90d79341bb8ef510ec868623e74cfe98feaa4e8	leanprover/lean4:v4.32.2	1	Velvet/Examples/Examples.lean	sqrt_correct	10800841518550636949	10800841518550636949	pass	-	169	-	∀ (i_1 : ℕ), i_1 * i_1 ≤ x → i_1 ≤ i - 1
velvet	crush	e90d79341bb8ef510ec868623e74cfe98feaa4e8	e90d79341bb8ef510ec868623e74cfe98feaa4e8	leanprover/lean4:v4.32.2	1	Velvet/Examples/Examples.lean	sqrt_correct	12457966505053151830	12457966505053151830	pass	-	403	-	∀ i_1 ≤ i - 1, i_1 * i_1 ≤ x
velvet	crush	e90d79341bb8ef510ec868623e74cfe98feaa4e8	e90d79341bb8ef510ec868623e74cfe98feaa4e8	leanprover/lean4:v4.32.2	1	Velvet/Examples/Examples.lean	sqrt_correct	17578352201394481400	17578352201394481400	pass	-	194	-	(i - 1) * (i - 1) ≤ x
velvet	crush	e90d79341bb8ef510ec868623e74cfe98feaa4e8	e90d79341bb8ef510ec868623e74cfe98feaa4e8	leanprover/lean4:v4.32.2	1	Velvet/Examples/Examples_Total.lean	insertionSort_total_correct	6162910358734672275	6162910358734672275	pass	-	7	-	((arr_1.set! (mind - 1) arr_1[mind]!).set! mind arr_1[mind - 1]!).size = arrOld.size
velvet	crush	e90d79341bb8ef510ec868623e74cfe98feaa4e8	e90d79341bb8ef510ec868623e74cfe98feaa4e8	leanprover/lean4:v4.32.2	1	Velvet/Examples/Examples_Total.lean	insertionSort_total_correct	1066791641437412485	1066791641437412485	pass	-	172	-	mind - 1 ≤ n
velvet	crush	e90d79341bb8ef510ec868623e74cfe98feaa4e8	e90d79341bb8ef510ec868623e74cfe98feaa4e8	leanprover/lean4:v4.32.2	1	Velvet/Examples/Examples_Total.lean	insertionSort_total_correct	9866248891257573647	9866248891257573647	fail	reconstruction	5795	crush: solver reported `unsat`, but reconstruction failed — no finishing tactic could replay it from the core ([hyp invariant_1,  hyp a_1,  hyp if_pos,  hyp invariant_5,  hyp invariant_6,  hyp invariant_7,  hyp if_pos_1,  hyp if_pos_2,  hyp a._@._internal.0._stdin.557672846._hygCtx._hyg.3213,  hyp a._@._internal.0._stdin.557672846._hygCtx._hyg.3214,  hyp a._@._internal.0._stdin.557672846._hygCtx._hyg.3215,  negated goal]). Set `crush.trust` to "reconstructOrTrust" to accept the solver's verdict anyway.	∀ (i j : ℕ),   0 ≤ i →     i < j →       j ≤ n →         j ≠ mind - 1 →           ((arr_1.set! (mind - 1) arr_1[mind]!).set! mind arr_1[mind - 1]!)[i]! ≤             ((arr_1.set! (mind - 1) arr_1[mind]!).set! mind arr_1[mind - 1]!)[j]!
velvet	crush	e90d79341bb8ef510ec868623e74cfe98feaa4e8	e90d79341bb8ef510ec868623e74cfe98feaa4e8	leanprover/lean4:v4.32.2	1	Velvet/Examples/Examples_Total.lean	insertionSort_total_correct	18360837223612973524	18360837223612973524	pass	-	208	-	((arr_1.set! (mind - 1) arr_1[mind]!).set! mind arr_1[mind - 1]!).toMultiset = arrOld.toMultiset
velvet	crush	e90d79341bb8ef510ec868623e74cfe98feaa4e8	e90d79341bb8ef510ec868623e74cfe98feaa4e8	leanprover/lean4:v4.32.2	1	Velvet/Examples/Examples_Total.lean	insertionSort_total_correct	11568103068982921353	11568103068982921353	pass	-	152	-	mind - 1 < mind
velvet	crush	e90d79341bb8ef510ec868623e74cfe98feaa4e8	e90d79341bb8ef510ec868623e74cfe98feaa4e8	leanprover/lean4:v4.32.2	1	Velvet/Examples/Examples_Total.lean	insertionSort_total_correct	5794584936190196715	5794584936190196715	pass	-	6	-	arr_1.size = arrOld.size
velvet	crush	e90d79341bb8ef510ec868623e74cfe98feaa4e8	e90d79341bb8ef510ec868623e74cfe98feaa4e8	leanprover/lean4:v4.32.2	1	Velvet/Examples/Examples_Total.lean	insertionSort_total_correct	1066791641437412485	1066791641437412485	pass	-	148	-	mind - 1 ≤ n
velvet	crush	e90d79341bb8ef510ec868623e74cfe98feaa4e8	e90d79341bb8ef510ec868623e74cfe98feaa4e8	leanprover/lean4:v4.32.2	1	Velvet/Examples/Examples_Total.lean	insertionSort_total_correct	14825588553610653054	14825588553610653054	fail	timeout	10432	crush: solver returned `unknown` (solver exited without a verdict). Try increasing `crush.timeout` or adding hypotheses.	∀ (i j : ℕ), 0 ≤ i → i < j → j ≤ n → j ≠ mind - 1 → arr_1[i]! ≤ arr_1[j]!
velvet	crush	e90d79341bb8ef510ec868623e74cfe98feaa4e8	e90d79341bb8ef510ec868623e74cfe98feaa4e8	leanprover/lean4:v4.32.2	1	Velvet/Examples/Examples_Total.lean	insertionSort_total_correct	15257391885382474665	15257391885382474665	pass	-	6	-	arr_1.toMultiset = arrOld.toMultiset
velvet	crush	e90d79341bb8ef510ec868623e74cfe98feaa4e8	e90d79341bb8ef510ec868623e74cfe98feaa4e8	leanprover/lean4:v4.32.2	1	Velvet/Examples/Examples_Total.lean	insertionSort_total_correct	11568103068982921353	11568103068982921353	pass	-	152	-	mind - 1 < mind
velvet	crush	e90d79341bb8ef510ec868623e74cfe98feaa4e8	e90d79341bb8ef510ec868623e74cfe98feaa4e8	leanprover/lean4:v4.32.2	1	Velvet/Examples/Examples_Total.lean	insertionSort_total_correct	5794584936190196715	5794584936190196715	pass	-	6	-	arr_1.size = arrOld.size
velvet	crush	e90d79341bb8ef510ec868623e74cfe98feaa4e8	e90d79341bb8ef510ec868623e74cfe98feaa4e8	leanprover/lean4:v4.32.2	1	Velvet/Examples/Examples_Total.lean	insertionSort_total_correct	12031026870814429192	12031026870814429192	pass	-	5	-	mind ≤ n
velvet	crush	e90d79341bb8ef510ec868623e74cfe98feaa4e8	e90d79341bb8ef510ec868623e74cfe98feaa4e8	leanprover/lean4:v4.32.2	1	Velvet/Examples/Examples_Total.lean	insertionSort_total_correct	16465886849738339639	16465886849738339639	pass	-	193	-	∀ (i j : ℕ), 0 ≤ i → i < j → j ≤ n → j ≠ mind → arr_1[i]! ≤ arr_1[j]!
velvet	crush	e90d79341bb8ef510ec868623e74cfe98feaa4e8	e90d79341bb8ef510ec868623e74cfe98feaa4e8	leanprover/lean4:v4.32.2	1	Velvet/Examples/Examples_Total.lean	insertionSort_total_correct	15257391885382474665	15257391885382474665	pass	-	6	-	arr_1.toMultiset = arrOld.toMultiset
velvet	crush	e90d79341bb8ef510ec868623e74cfe98feaa4e8	e90d79341bb8ef510ec868623e74cfe98feaa4e8	leanprover/lean4:v4.32.2	1	Velvet/Examples/Examples_Total.lean	insertionSort_total_correct	5918835836158453730	5918835836158453730	pass	-	10	-	¬mind ≠ 0
velvet	crush	e90d79341bb8ef510ec868623e74cfe98feaa4e8	e90d79341bb8ef510ec868623e74cfe98feaa4e8	leanprover/lean4:v4.32.2	1	Velvet/Examples/Examples_Total.lean	insertionSort_total_correct	5964899400721509044	5964899400721509044	pass	-	3	-	arr.size = arrOld.size
velvet	crush	e90d79341bb8ef510ec868623e74cfe98feaa4e8	e90d79341bb8ef510ec868623e74cfe98feaa4e8	leanprover/lean4:v4.32.2	1	Velvet/Examples/Examples_Total.lean	insertionSort_total_correct	12155028420956038391	12155028420956038391	pass	-	54	-	n ≤ n
velvet	crush	e90d79341bb8ef510ec868623e74cfe98feaa4e8	e90d79341bb8ef510ec868623e74cfe98feaa4e8	leanprover/lean4:v4.32.2	1	Velvet/Examples/Examples_Total.lean	insertionSort_total_correct	14852526092468225565	14852526092468225565	pass	-	186	-	∀ (i j : ℕ), 0 ≤ i → i < j → j ≤ n → j ≠ n → arr[i]! ≤ arr[j]!
velvet	crush	e90d79341bb8ef510ec868623e74cfe98feaa4e8	e90d79341bb8ef510ec868623e74cfe98feaa4e8	leanprover/lean4:v4.32.2	1	Velvet/Examples/Examples_Total.lean	insertionSort_total_correct	17117294935281830098	17117294935281830098	pass	-	4	-	arr.toMultiset = arrOld.toMultiset
velvet	crush	e90d79341bb8ef510ec868623e74cfe98feaa4e8	e90d79341bb8ef510ec868623e74cfe98feaa4e8	leanprover/lean4:v4.32.2	1	Velvet/Examples/Examples_Total.lean	insertionSort_total_correct	5288706169439222084	5288706169439222084	pass	-	10	-	i.size = arrOld.size
velvet	crush	e90d79341bb8ef510ec868623e74cfe98feaa4e8	e90d79341bb8ef510ec868623e74cfe98feaa4e8	leanprover/lean4:v4.32.2	1	Velvet/Examples/Examples_Total.lean	insertionSort_total_correct	12688677688377801211	12688677688377801211	pass	-	93	-	1 ≤ n + 1 ∧ n + 1 ≤ i.size
velvet	crush	e90d79341bb8ef510ec868623e74cfe98feaa4e8	e90d79341bb8ef510ec868623e74cfe98feaa4e8	leanprover/lean4:v4.32.2	1	Velvet/Examples/Examples_Total.lean	insertionSort_total_correct	7903702650473013145	7903702650473013145	pass	-	221	-	∀ (i_2 j : ℕ), 0 ≤ i_2 → i_2 < j → j ≤ n + 1 - 1 → i[i_2]! ≤ i[j]!
velvet	crush	e90d79341bb8ef510ec868623e74cfe98feaa4e8	e90d79341bb8ef510ec868623e74cfe98feaa4e8	leanprover/lean4:v4.32.2	1	Velvet/Examples/Examples_Total.lean	insertionSort_total_correct	8905801618567038615	8905801618567038615	pass	-	11	-	i.toMultiset = arrOld.toMultiset
velvet	crush	e90d79341bb8ef510ec868623e74cfe98feaa4e8	e90d79341bb8ef510ec868623e74cfe98feaa4e8	leanprover/lean4:v4.32.2	1	Velvet/Examples/Examples_Total.lean	insertionSort_total_correct	18088860687919872176	18088860687919872176	pass	-	118	-	i.size - (n + 1) < arr.size - n
velvet	crush	e90d79341bb8ef510ec868623e74cfe98feaa4e8	e90d79341bb8ef510ec868623e74cfe98feaa4e8	leanprover/lean4:v4.32.2	1	Velvet/Examples/Examples_Total.lean	insertionSort_total_correct	5964899400721509044	5964899400721509044	pass	-	4	-	arr.size = arrOld.size
velvet	crush	e90d79341bb8ef510ec868623e74cfe98feaa4e8	e90d79341bb8ef510ec868623e74cfe98feaa4e8	leanprover/lean4:v4.32.2	1	Velvet/Examples/Examples_Total.lean	insertionSort_total_correct	5379360585891885096	5379360585891885096	pass	-	109	-	1 ≤ n ∧ n ≤ arr.size
velvet	crush	e90d79341bb8ef510ec868623e74cfe98feaa4e8	e90d79341bb8ef510ec868623e74cfe98feaa4e8	leanprover/lean4:v4.32.2	1	Velvet/Examples/Examples_Total.lean	insertionSort_total_correct	11248877774576345437	11248877774576345437	pass	-	170	-	∀ (i j : ℕ), 0 ≤ i → i < j → j ≤ n - 1 → arr[i]! ≤ arr[j]!
velvet	crush	e90d79341bb8ef510ec868623e74cfe98feaa4e8	e90d79341bb8ef510ec868623e74cfe98feaa4e8	leanprover/lean4:v4.32.2	1	Velvet/Examples/Examples_Total.lean	insertionSort_total_correct	17117294935281830098	17117294935281830098	pass	-	3	-	arr.toMultiset = arrOld.toMultiset
velvet	crush	e90d79341bb8ef510ec868623e74cfe98feaa4e8	e90d79341bb8ef510ec868623e74cfe98feaa4e8	leanprover/lean4:v4.32.2	1	Velvet/Examples/Examples_Total.lean	insertionSort_total_correct	6709257883257101731	6709257883257101731	pass	-	5	-	¬n ≠ arr.size
velvet	crush	e90d79341bb8ef510ec868623e74cfe98feaa4e8	e90d79341bb8ef510ec868623e74cfe98feaa4e8	leanprover/lean4:v4.32.2	1	Velvet/Examples/Examples_Total.lean	insertionSort_total_correct	13894794097547967513	13894794097547967513	pass	-	49	-	1 ≤ 1 ∧ 1 ≤ arrOld.size
velvet	crush	e90d79341bb8ef510ec868623e74cfe98feaa4e8	e90d79341bb8ef510ec868623e74cfe98feaa4e8	leanprover/lean4:v4.32.2	1	Velvet/Examples/Examples_Total.lean	insertionSort_total_correct	11235314628722112900	11235314628722112900	pass	-	129	-	∀ (i j : ℕ), 0 ≤ i → i < j → j ≤ 1 - 1 → arrOld[i]! ≤ arrOld[j]!
velvet	crush	e90d79341bb8ef510ec868623e74cfe98feaa4e8	e90d79341bb8ef510ec868623e74cfe98feaa4e8	leanprover/lean4:v4.32.2	1	Velvet/Examples/Examples_Total.lean	insertionSort_total_correct	891049678225498279	891049678225498279	pass	-	7	-	arrOld.toMultiset = i.toMultiset
velvet	crush	e90d79341bb8ef510ec868623e74cfe98feaa4e8	e90d79341bb8ef510ec868623e74cfe98feaa4e8	leanprover/lean4:v4.32.2	1	Velvet/Examples/Examples_Total.lean	insertionSort_total_correct	18214290959922115111	18214290959922115111	pass	-	1506	-	∀ (i_2 j : ℕ), 0 ≤ i_2 → i_2 ≤ j → j < i.size → i[i_2]! ≤ i[j]!
velvet	crush	e90d79341bb8ef510ec868623e74cfe98feaa4e8	e90d79341bb8ef510ec868623e74cfe98feaa4e8	leanprover/lean4:v4.32.2	1	Velvet/Examples/Examples_Total.lean	sqrt_total_correct	17119794831572106230	17119794831572106230	pass	-	88	-	∀ (i : ℕ), i * i ≤ x → i ≤ 0
velvet	crush	e90d79341bb8ef510ec868623e74cfe98feaa4e8	e90d79341bb8ef510ec868623e74cfe98feaa4e8	leanprover/lean4:v4.32.2	1	Velvet/Examples/Examples_Total.lean	sqrt_total_correct	16395326812896940336	16395326812896940336	pass	-	56	-	∀ i ≤ 0, i * i ≤ x
velvet	crush	e90d79341bb8ef510ec868623e74cfe98feaa4e8	e90d79341bb8ef510ec868623e74cfe98feaa4e8	leanprover/lean4:v4.32.2	1	Velvet/Examples/Examples_Total.lean	sqrt_total_correct	4559485301326837329	4559485301326837329	pass	-	77	-	0 * 0 ≤ x
velvet	crush	e90d79341bb8ef510ec868623e74cfe98feaa4e8	e90d79341bb8ef510ec868623e74cfe98feaa4e8	leanprover/lean4:v4.32.2	1	Velvet/Examples/Examples_Total.lean	sqrt_total_correct	15833581759277421577	15833581759277421577	pass	-	77	-	∀ j < i + 1, j * j ≤ x
velvet	crush	e90d79341bb8ef510ec868623e74cfe98feaa4e8	e90d79341bb8ef510ec868623e74cfe98feaa4e8	leanprover/lean4:v4.32.2	1	Velvet/Examples/Examples_Total.lean	sqrt_total_correct	17892696244691966181	17892696244691966181	pass	-	599	-	x + 8 - (i + 1) < x + 8 - i
velvet	crush	e90d79341bb8ef510ec868623e74cfe98feaa4e8	e90d79341bb8ef510ec868623e74cfe98feaa4e8	leanprover/lean4:v4.32.2	1	Velvet/Examples/Examples_Total.lean	sqrt_total_correct	7228731597997214785	7228731597997214785	pass	-	77	-	∀ j < i, j * j ≤ x
velvet	crush	e90d79341bb8ef510ec868623e74cfe98feaa4e8	e90d79341bb8ef510ec868623e74cfe98feaa4e8	leanprover/lean4:v4.32.2	1	Velvet/Examples/Examples_Total.lean	sqrt_total_correct	13073343856082995605	13073343856082995605	pass	-	3	-	¬i * i ≤ x
velvet	crush	e90d79341bb8ef510ec868623e74cfe98feaa4e8	e90d79341bb8ef510ec868623e74cfe98feaa4e8	leanprover/lean4:v4.32.2	1	Velvet/Examples/Examples_Total.lean	sqrt_total_correct	13635698331308129878	13635698331308129878	pass	-	97	-	∀ j < 0, j * j ≤ x
velvet	crush	e90d79341bb8ef510ec868623e74cfe98feaa4e8	e90d79341bb8ef510ec868623e74cfe98feaa4e8	leanprover/lean4:v4.32.2	1	Velvet/Examples/Examples_Total.lean	sqrt_total_correct	10800841518550636949	10800841518550636949	pass	-	78	-	∀ (i_1 : ℕ), i_1 * i_1 ≤ x → i_1 ≤ i - 1
velvet	crush	e90d79341bb8ef510ec868623e74cfe98feaa4e8	e90d79341bb8ef510ec868623e74cfe98feaa4e8	leanprover/lean4:v4.32.2	1	Velvet/Examples/Examples_Total.lean	sqrt_total_correct	12457966505053151830	12457966505053151830	pass	-	387	-	∀ i_1 ≤ i - 1, i_1 * i_1 ≤ x
velvet	crush	e90d79341bb8ef510ec868623e74cfe98feaa4e8	e90d79341bb8ef510ec868623e74cfe98feaa4e8	leanprover/lean4:v4.32.2	1	Velvet/Examples/Examples_Total.lean	sqrt_total_correct	17578352201394481400	17578352201394481400	pass	-	302	-	(i - 1) * (i - 1) ≤ x
velvet	crush	e90d79341bb8ef510ec868623e74cfe98feaa4e8	e90d79341bb8ef510ec868623e74cfe98feaa4e8	leanprover/lean4:v4.32.2	1	Velvet/Examples/Examples_Total.lean	cbrt_correct	628191952620585962	628191952620585962	pass	-	104	-	∀ (i : ℕ), i * i * i ≤ x → i ≤ 0
velvet	crush	e90d79341bb8ef510ec868623e74cfe98feaa4e8	e90d79341bb8ef510ec868623e74cfe98feaa4e8	leanprover/lean4:v4.32.2	1	Velvet/Examples/Examples_Total.lean	cbrt_correct	5408980950461060684	5408980950461060684	pass	-	61	-	∀ i ≤ 0, i * i * i ≤ x
velvet	crush	e90d79341bb8ef510ec868623e74cfe98feaa4e8	e90d79341bb8ef510ec868623e74cfe98feaa4e8	leanprover/lean4:v4.32.2	1	Velvet/Examples/Examples_Total.lean	cbrt_correct	17796805544787031687	17796805544787031687	pass	-	76	-	0 * 0 * 0 ≤ x
velvet	crush	e90d79341bb8ef510ec868623e74cfe98feaa4e8	e90d79341bb8ef510ec868623e74cfe98feaa4e8	leanprover/lean4:v4.32.2	1	Velvet/Examples/Examples_Total.lean	cbrt_correct	12597585967811959528	12597585967811959528	pass	-	88	-	∀ j < i + 1, j * j * j ≤ x
velvet	crush	e90d79341bb8ef510ec868623e74cfe98feaa4e8	e90d79341bb8ef510ec868623e74cfe98feaa4e8	leanprover/lean4:v4.32.2	1	Velvet/Examples/Examples_Total.lean	cbrt_correct	17892696244691966181	17892696244691966181	pass	-	614	-	x + 8 - (i + 1) < x + 8 - i
velvet	crush	e90d79341bb8ef510ec868623e74cfe98feaa4e8	e90d79341bb8ef510ec868623e74cfe98feaa4e8	leanprover/lean4:v4.32.2	1	Velvet/Examples/Examples_Total.lean	cbrt_correct	11504389341422214604	11504389341422214604	fail	timeout	5045	crush: solver returned `unknown` (solver exited without a verdict). Try increasing `crush.timeout` or adding hypotheses.	∀ j < i, j * j * j ≤ x
velvet	crush	e90d79341bb8ef510ec868623e74cfe98feaa4e8	e90d79341bb8ef510ec868623e74cfe98feaa4e8	leanprover/lean4:v4.32.2	1	Velvet/Examples/Examples_Total.lean	cbrt_correct	1828175149019549874	1828175149019549874	pass	-	3	-	¬i * i * i ≤ x
velvet	crush	e90d79341bb8ef510ec868623e74cfe98feaa4e8	e90d79341bb8ef510ec868623e74cfe98feaa4e8	leanprover/lean4:v4.32.2	1	Velvet/Examples/Examples_Total.lean	cbrt_correct	8027176826117333927	8027176826117333927	pass	-	44	-	∀ j < 0, j * j * j ≤ x
velvet	crush	e90d79341bb8ef510ec868623e74cfe98feaa4e8	e90d79341bb8ef510ec868623e74cfe98feaa4e8	leanprover/lean4:v4.32.2	1	Velvet/Examples/Examples_Total.lean	cbrt_correct	8642365996124661698	8642365996124661698	pass	-	108	-	∀ (i_1 : ℕ), i_1 * i_1 * i_1 ≤ x → i_1 ≤ i - 1
velvet	crush	e90d79341bb8ef510ec868623e74cfe98feaa4e8	e90d79341bb8ef510ec868623e74cfe98feaa4e8	leanprover/lean4:v4.32.2	1	Velvet/Examples/Examples_Total.lean	cbrt_correct	1031468476226669362	1031468476226669362	pass	-	465	-	∀ i_1 ≤ i - 1, i_1 * i_1 * i_1 ≤ x
velvet	crush	e90d79341bb8ef510ec868623e74cfe98feaa4e8	e90d79341bb8ef510ec868623e74cfe98feaa4e8	leanprover/lean4:v4.32.2	1	Velvet/Examples/Examples_Total.lean	cbrt_correct	9859620190106577091	9859620190106577091	pass	-	118	-	(i - 1) * (i - 1) * (i - 1) ≤ x
velvet	crush	e90d79341bb8ef510ec868623e74cfe98feaa4e8	e90d79341bb8ef510ec868623e74cfe98feaa4e8	leanprover/lean4:v4.32.2	1	Velvet/Examples/Examples_Total.lean	sqrt_bn_correct	7745518040588453633	7745518040588453633	pass	-	2	-	(r + l) / 2 * ((r + l) / 2) ≤ x
velvet	crush	e90d79341bb8ef510ec868623e74cfe98feaa4e8	e90d79341bb8ef510ec868623e74cfe98feaa4e8	leanprover/lean4:v4.32.2	1	Velvet/Examples/Examples_Total.lean	sqrt_bn_correct	7275559839122250210	7275559839122250210	pass	-	2	-	x < r * r
velvet	crush	e90d79341bb8ef510ec868623e74cfe98feaa4e8	e90d79341bb8ef510ec868623e74cfe98feaa4e8	leanprover/lean4:v4.32.2	1	Velvet/Examples/Examples_Total.lean	sqrt_bn_correct	17809363630590163151	17809363630590163151	pass	-	84	-	∀ i ≤ (r + l) / 2, i * i ≤ x
velvet	crush	e90d79341bb8ef510ec868623e74cfe98feaa4e8	e90d79341bb8ef510ec868623e74cfe98feaa4e8	leanprover/lean4:v4.32.2	1	Velvet/Examples/Examples_Total.lean	sqrt_bn_correct	3756677303263535492	3756677303263535492	pass	-	125	-	r - (r + l) / 2 < r - l
velvet	crush	e90d79341bb8ef510ec868623e74cfe98feaa4e8	e90d79341bb8ef510ec868623e74cfe98feaa4e8	leanprover/lean4:v4.32.2	1	Velvet/Examples/Examples_Total.lean	sqrt_bn_correct	4049183095434299843	4049183095434299843	pass	-	2	-	l * l ≤ x
velvet	crush	e90d79341bb8ef510ec868623e74cfe98feaa4e8	e90d79341bb8ef510ec868623e74cfe98feaa4e8	leanprover/lean4:v4.32.2	1	Velvet/Examples/Examples_Total.lean	sqrt_bn_correct	845228717509319176	845228717509319176	pass	-	66	-	x < (r + l) / 2 * ((r + l) / 2)
velvet	crush	e90d79341bb8ef510ec868623e74cfe98feaa4e8	e90d79341bb8ef510ec868623e74cfe98feaa4e8	leanprover/lean4:v4.32.2	1	Velvet/Examples/Examples_Total.lean	sqrt_bn_correct	14080923781397173690	14080923781397173690	pass	-	101	-	∀ i ≤ l, i * i ≤ x
velvet	crush	e90d79341bb8ef510ec868623e74cfe98feaa4e8	e90d79341bb8ef510ec868623e74cfe98feaa4e8	leanprover/lean4:v4.32.2	1	Velvet/Examples/Examples_Total.lean	sqrt_bn_correct	2013384436827156188	2013384436827156188	pass	-	86	-	(r + l) / 2 - l < r - l
velvet	crush	e90d79341bb8ef510ec868623e74cfe98feaa4e8	e90d79341bb8ef510ec868623e74cfe98feaa4e8	leanprover/lean4:v4.32.2	1	Velvet/Examples/Examples_Total.lean	sqrt_bn_correct	4049183095434299843	4049183095434299843	pass	-	2	-	l * l ≤ x
velvet	crush	e90d79341bb8ef510ec868623e74cfe98feaa4e8	e90d79341bb8ef510ec868623e74cfe98feaa4e8	leanprover/lean4:v4.32.2	1	Velvet/Examples/Examples_Total.lean	sqrt_bn_correct	7275559839122250210	7275559839122250210	pass	-	1	-	x < r * r
velvet	crush	e90d79341bb8ef510ec868623e74cfe98feaa4e8	e90d79341bb8ef510ec868623e74cfe98feaa4e8	leanprover/lean4:v4.32.2	1	Velvet/Examples/Examples_Total.lean	sqrt_bn_correct	14080923781397173690	14080923781397173690	pass	-	105	-	∀ i ≤ l, i * i ≤ x
velvet	crush	e90d79341bb8ef510ec868623e74cfe98feaa4e8	e90d79341bb8ef510ec868623e74cfe98feaa4e8	leanprover/lean4:v4.32.2	1	Velvet/Examples/Examples_Total.lean	sqrt_bn_correct	5112937323286018014	5112937323286018014	pass	-	3	-	¬1 < r - l
velvet	crush	e90d79341bb8ef510ec868623e74cfe98feaa4e8	e90d79341bb8ef510ec868623e74cfe98feaa4e8	leanprover/lean4:v4.32.2	1	Velvet/Examples/Examples_Total.lean	sqrt_bn_correct	4559485301326837329	4559485301326837329	pass	-	39	-	0 * 0 ≤ x
velvet	crush	e90d79341bb8ef510ec868623e74cfe98feaa4e8	e90d79341bb8ef510ec868623e74cfe98feaa4e8	leanprover/lean4:v4.32.2	1	Velvet/Examples/Examples_Total.lean	sqrt_bn_correct	6911359079999020658	6911359079999020658	pass	-	1	-	x < bnd * bnd
velvet	crush	e90d79341bb8ef510ec868623e74cfe98feaa4e8	e90d79341bb8ef510ec868623e74cfe98feaa4e8	leanprover/lean4:v4.32.2	1	Velvet/Examples/Examples_Total.lean	sqrt_bn_correct	16395326812896940336	16395326812896940336	pass	-	58	-	∀ i ≤ 0, i * i ≤ x
velvet	crush	e90d79341bb8ef510ec868623e74cfe98feaa4e8	e90d79341bb8ef510ec868623e74cfe98feaa4e8	leanprover/lean4:v4.32.2	1	Velvet/Examples/Examples_Total.lean	sqrt_bn_correct	18362062349273978007	18362062349273978007	pass	-	101	-	∀ (i_2 : ℕ), i_2 * i_2 ≤ x → i_2 ≤ i
velvet	crush	e90d79341bb8ef510ec868623e74cfe98feaa4e8	e90d79341bb8ef510ec868623e74cfe98feaa4e8	leanprover/lean4:v4.32.2	1	Velvet/Examples/Examples_Total.lean	sqrt_bn_correct	8802921734925604215	8802921734925604215	pass	-	72	-	∀ i_2 ≤ i, i_2 * i_2 ≤ x
velvet	crush	e90d79341bb8ef510ec868623e74cfe98feaa4e8	e90d79341bb8ef510ec868623e74cfe98feaa4e8	leanprover/lean4:v4.32.2	1	Velvet/Examples/Examples_Total.lean	sqrt_bn_correct	8723303018838369810	8723303018838369810	pass	-	3	-	i * i ≤ x
velvet	crush	e90d79341bb8ef510ec868623e74cfe98feaa4e8	e90d79341bb8ef510ec868623e74cfe98feaa4e8	leanprover/lean4:v4.32.2	1	Velvet/Examples/GCD.lean	gcd_correct	4384199359441751320	4384199359441751320	pass	-	1	-	a > 0
velvet	crush	e90d79341bb8ef510ec868623e74cfe98feaa4e8	e90d79341bb8ef510ec868623e74cfe98feaa4e8	leanprover/lean4:v4.32.2	1	Velvet/Examples/GCD.lean	gcd_correct	9601099415740649235	9601099415740649235	pass	-	73	-	b > 0
velvet	crush	e90d79341bb8ef510ec868623e74cfe98feaa4e8	e90d79341bb8ef510ec868623e74cfe98feaa4e8	leanprover/lean4:v4.32.2	1	Velvet/Examples/GCD.lean	gcd_correct	1185000637665826843	1185000637665826843	pass	-	1	-	x > 0
velvet	crush	e90d79341bb8ef510ec868623e74cfe98feaa4e8	e90d79341bb8ef510ec868623e74cfe98feaa4e8	leanprover/lean4:v4.32.2	1	Velvet/Examples/IsNonPrime.lean	IsNonPrime_correct	3150397294412475763	3150397294412475763	fail	tactic	88	crush: could not prove the goal — the solver found a model:     n := 0     isPrime := true The encoding is incomplete, so a model does not necessarily describe a Lean counterexample.	True ↔ ¬isPrime n
velvet	crush	e90d79341bb8ef510ec868623e74cfe98feaa4e8	e90d79341bb8ef510ec868623e74cfe98feaa4e8	leanprover/lean4:v4.32.2	1	Velvet/Examples/IsNonPrime.lean	IsNonPrime_correct	8498703091421742660	8498703091421742660	pass	-	3391	-	2 ≤ i + 1
velvet	crush	e90d79341bb8ef510ec868623e74cfe98feaa4e8	e90d79341bb8ef510ec868623e74cfe98feaa4e8	leanprover/lean4:v4.32.2	1	Velvet/Examples/IsNonPrime.lean	IsNonPrime_correct	15405612526479945524	15405612526479945524	pass	-	162	-	true = false ↔ ∀ (d : ℕ), 2 ≤ d → d < i + 1 → n % d ≠ 0
velvet	crush	e90d79341bb8ef510ec868623e74cfe98feaa4e8	e90d79341bb8ef510ec868623e74cfe98feaa4e8	leanprover/lean4:v4.32.2	1	Velvet/Examples/IsNonPrime.lean	IsNonPrime_correct	3635621084297233985	3635621084297233985	pass	-	5	-	(i + 1 - 1) * (i + 1 - 1) ≤ n
velvet	crush	e90d79341bb8ef510ec868623e74cfe98feaa4e8	e90d79341bb8ef510ec868623e74cfe98feaa4e8	leanprover/lean4:v4.32.2	1	Velvet/Examples/IsNonPrime.lean	IsNonPrime_correct	8498703091421742660	8498703091421742660	pass	-	72	-	2 ≤ i + 1
velvet	crush	e90d79341bb8ef510ec868623e74cfe98feaa4e8	e90d79341bb8ef510ec868623e74cfe98feaa4e8	leanprover/lean4:v4.32.2	1	Velvet/Examples/IsNonPrime.lean	IsNonPrime_correct	15497101072354692966	15497101072354692966	fail	timeout	5100	crush: solver returned `unknown` (solver exited without a verdict). Try increasing `crush.timeout` or adding hypotheses.	ret = false ↔ ∀ (d : ℕ), 2 ≤ d → d < i + 1 → n % d ≠ 0
velvet	crush	e90d79341bb8ef510ec868623e74cfe98feaa4e8	e90d79341bb8ef510ec868623e74cfe98feaa4e8	leanprover/lean4:v4.32.2	1	Velvet/Examples/IsNonPrime.lean	IsNonPrime_correct	3635621084297233985	3635621084297233985	pass	-	4	-	(i + 1 - 1) * (i + 1 - 1) ≤ n
velvet	crush	e90d79341bb8ef510ec868623e74cfe98feaa4e8	e90d79341bb8ef510ec868623e74cfe98feaa4e8	leanprover/lean4:v4.32.2	1	Velvet/Examples/IsNonPrime.lean	IsNonPrime_correct	8419734978408419013	8419734978408419013	pass	-	2	-	2 ≤ i
velvet	crush	e90d79341bb8ef510ec868623e74cfe98feaa4e8	e90d79341bb8ef510ec868623e74cfe98feaa4e8	leanprover/lean4:v4.32.2	1	Velvet/Examples/IsNonPrime.lean	IsNonPrime_correct	18150307703072330979	18150307703072330979	pass	-	2	-	ret = false ↔ ∀ (d : ℕ), 2 ≤ d → d < i → n % d ≠ 0
velvet	crush	e90d79341bb8ef510ec868623e74cfe98feaa4e8	e90d79341bb8ef510ec868623e74cfe98feaa4e8	leanprover/lean4:v4.32.2	1	Velvet/Examples/IsNonPrime.lean	IsNonPrime_correct	1456886557593529150	1456886557593529150	pass	-	2	-	(i - 1) * (i - 1) ≤ n
velvet	crush	e90d79341bb8ef510ec868623e74cfe98feaa4e8	e90d79341bb8ef510ec868623e74cfe98feaa4e8	leanprover/lean4:v4.32.2	1	Velvet/Examples/IsNonPrime.lean	IsNonPrime_correct	16017810969246570786	16017810969246570786	pass	-	3	-	¬i * i ≤ n
velvet	crush	e90d79341bb8ef510ec868623e74cfe98feaa4e8	e90d79341bb8ef510ec868623e74cfe98feaa4e8	leanprover/lean4:v4.32.2	1	Velvet/Examples/IsNonPrime.lean	IsNonPrime_correct	12543135627460772462	12543135627460772462	pass	-	47	-	2 ≤ 2
velvet	crush	e90d79341bb8ef510ec868623e74cfe98feaa4e8	e90d79341bb8ef510ec868623e74cfe98feaa4e8	leanprover/lean4:v4.32.2	1	Velvet/Examples/IsNonPrime.lean	IsNonPrime_correct	1572539502098385654	1572539502098385654	pass	-	91	-	True ↔ ∀ (d : ℕ), 2 ≤ d → d < 2 → n % d ≠ 0
velvet	crush	e90d79341bb8ef510ec868623e74cfe98feaa4e8	e90d79341bb8ef510ec868623e74cfe98feaa4e8	leanprover/lean4:v4.32.2	1	Velvet/Examples/IsNonPrime.lean	IsNonPrime_correct	11076373139303988464	11076373139303988464	pass	-	68	-	(2 - 1) * (2 - 1) ≤ n
velvet	crush	e90d79341bb8ef510ec868623e74cfe98feaa4e8	e90d79341bb8ef510ec868623e74cfe98feaa4e8	leanprover/lean4:v4.32.2	1	Velvet/Examples/IsNonPrime.lean	IsNonPrime_correct	15559572021364972958	15559572021364972958	fail	timeout	5170	crush: solver returned `unknown` (solver exited without a verdict). Try increasing `crush.timeout` or adding hypotheses.	ret_1 = true ↔ ¬isPrime n
velvet	crush	e90d79341bb8ef510ec868623e74cfe98feaa4e8	e90d79341bb8ef510ec868623e74cfe98feaa4e8	leanprover/lean4:v4.32.2	1	Velvet/Examples/IsSorted.lean	IsSorted_correct	11207960766534651515	11207960766534651515	pass	-	635	-	0 ≤ i + 1 ∧ i + 1 ≤ a.size - 1
velvet	crush	e90d79341bb8ef510ec868623e74cfe98feaa4e8	e90d79341bb8ef510ec868623e74cfe98feaa4e8	leanprover/lean4:v4.32.2	1	Velvet/Examples/IsSorted.lean	IsSorted_correct	4413675682266163545	4413675682266163545	pass	-	101	-	false = true → ∀ (k : ℕ), 0 ≤ k → k < i + 1 → a[k]! ≤ a[k + 1]!
velvet	crush	e90d79341bb8ef510ec868623e74cfe98feaa4e8	e90d79341bb8ef510ec868623e74cfe98feaa4e8	leanprover/lean4:v4.32.2	1	Velvet/Examples/IsSorted.lean	IsSorted_correct	9518487208184120090	9518487208184120090	pass	-	112	-	∃ k, 0 ≤ k ∧ k < a.size - 1 ∧ a[k]! > a[k + 1]!
velvet	crush	e90d79341bb8ef510ec868623e74cfe98feaa4e8	e90d79341bb8ef510ec868623e74cfe98feaa4e8	leanprover/lean4:v4.32.2	1	Velvet/Examples/IsSorted.lean	IsSorted_correct	11207960766534651515	11207960766534651515	pass	-	606	-	0 ≤ i + 1 ∧ i + 1 ≤ a.size - 1
velvet	crush	e90d79341bb8ef510ec868623e74cfe98feaa4e8	e90d79341bb8ef510ec868623e74cfe98feaa4e8	leanprover/lean4:v4.32.2	1	Velvet/Examples/IsSorted.lean	IsSorted_correct	16465854614385299804	16465854614385299804	pass	-	2382	-	sorted = true → ∀ (k : ℕ), 0 ≤ k → k < i + 1 → a[k]! ≤ a[k + 1]!
velvet	crush	e90d79341bb8ef510ec868623e74cfe98feaa4e8	e90d79341bb8ef510ec868623e74cfe98feaa4e8	leanprover/lean4:v4.32.2	1	Velvet/Examples/IsSorted.lean	IsSorted_correct	1749803822950348457	1749803822950348457	pass	-	10	-	sorted = false → ∃ k, 0 ≤ k ∧ k < a.size - 1 ∧ a[k]! > a[k + 1]!
velvet	crush	e90d79341bb8ef510ec868623e74cfe98feaa4e8	e90d79341bb8ef510ec868623e74cfe98feaa4e8	leanprover/lean4:v4.32.2	1	Velvet/Examples/IsSorted.lean	IsSorted_correct	6461838523585744673	6461838523585744673	pass	-	285	-	0 ≤ i ∧ i ≤ a.size - 1
velvet	crush	e90d79341bb8ef510ec868623e74cfe98feaa4e8	e90d79341bb8ef510ec868623e74cfe98feaa4e8	leanprover/lean4:v4.32.2	1	Velvet/Examples/IsSorted.lean	IsSorted_correct	5698263445699273715	5698263445699273715	pass	-	9	-	sorted = true → ∀ (k : ℕ), 0 ≤ k → k < i → a[k]! ≤ a[k + 1]!
velvet	crush	e90d79341bb8ef510ec868623e74cfe98feaa4e8	e90d79341bb8ef510ec868623e74cfe98feaa4e8	leanprover/lean4:v4.32.2	1	Velvet/Examples/IsSorted.lean	IsSorted_correct	1749803822950348457	1749803822950348457	pass	-	7	-	sorted = false → ∃ k, 0 ≤ k ∧ k < a.size - 1 ∧ a[k]! > a[k + 1]!
velvet	crush	e90d79341bb8ef510ec868623e74cfe98feaa4e8	e90d79341bb8ef510ec868623e74cfe98feaa4e8	leanprover/lean4:v4.32.2	1	Velvet/Examples/IsSorted.lean	IsSorted_correct	16458001095677251802	16458001095677251802	pass	-	341	-	i = a.size - 1 ∨ sorted = false
velvet	crush	e90d79341bb8ef510ec868623e74cfe98feaa4e8	e90d79341bb8ef510ec868623e74cfe98feaa4e8	leanprover/lean4:v4.32.2	1	Velvet/Examples/IsSorted.lean	IsSorted_correct	11716511832970583731	11716511832970583731	pass	-	197	-	0 ≤ 0 ∧ 0 ≤ a.size - 1
velvet	crush	e90d79341bb8ef510ec868623e74cfe98feaa4e8	e90d79341bb8ef510ec868623e74cfe98feaa4e8	leanprover/lean4:v4.32.2	1	Velvet/Examples/IsSorted.lean	IsSorted_correct	13412663338101939313	13412663338101939313	pass	-	8	-	∀ (k : ℕ), 0 ≤ k → k < 0 → a[k]! ≤ a[k + 1]!
velvet	crush	e90d79341bb8ef510ec868623e74cfe98feaa4e8	e90d79341bb8ef510ec868623e74cfe98feaa4e8	leanprover/lean4:v4.32.2	1	Velvet/Examples/IsSorted.lean	IsSorted_correct	10877051663303345536	10877051663303345536	pass	-	9	-	true = false → ∃ k, 0 ≤ k ∧ k < a.size - 1 ∧ a[k]! > a[k + 1]!
velvet	crush	e90d79341bb8ef510ec868623e74cfe98feaa4e8	e90d79341bb8ef510ec868623e74cfe98feaa4e8	leanprover/lean4:v4.32.2	1	Velvet/Examples/IsSorted.lean	IsSorted_correct	2102916384874846137	2102916384874846137	pass	-	17510	-	sorted_1 = true ↔ ∀ (i j : ℕ), 0 ≤ i → i < j → j < a.size → a[i]! ≤ a[j]!
velvet	crush	e90d79341bb8ef510ec868623e74cfe98feaa4e8	e90d79341bb8ef510ec868623e74cfe98feaa4e8	leanprover/lean4:v4.32.2	1	Velvet/Examples/MaxElem.lean	maxElem_correct	6189042491608852705	6189042491608852705	pass	-	73	-	0 ≤ i + 1 ∧ i + 1 ≤ arr.size
velvet	crush	e90d79341bb8ef510ec868623e74cfe98feaa4e8	e90d79341bb8ef510ec868623e74cfe98feaa4e8	leanprover/lean4:v4.32.2	1	Velvet/Examples/MaxElem.lean	maxElem_correct	13979591039540523316	13979591039540523316	pass	-	116	-	∀ j < i + 1, arr[i]! ≥ arr[j]!
velvet	crush	e90d79341bb8ef510ec868623e74cfe98feaa4e8	e90d79341bb8ef510ec868623e74cfe98feaa4e8	leanprover/lean4:v4.32.2	1	Velvet/Examples/MaxElem.lean	maxElem_correct	6189042491608852705	6189042491608852705	pass	-	57	-	0 ≤ i + 1 ∧ i + 1 ≤ arr.size
velvet	crush	e90d79341bb8ef510ec868623e74cfe98feaa4e8	e90d79341bb8ef510ec868623e74cfe98feaa4e8	leanprover/lean4:v4.32.2	1	Velvet/Examples/MaxElem.lean	maxElem_correct	3496913807798796367	3496913807798796367	pass	-	191	-	∀ j < i + 1, mx ≥ arr[j]!
velvet	crush	e90d79341bb8ef510ec868623e74cfe98feaa4e8	e90d79341bb8ef510ec868623e74cfe98feaa4e8	leanprover/lean4:v4.32.2	1	Velvet/Examples/MaxElem.lean	maxElem_correct	13935834157065255340	13935834157065255340	pass	-	54	-	0 ≤ i ∧ i ≤ arr.size
velvet	crush	e90d79341bb8ef510ec868623e74cfe98feaa4e8	e90d79341bb8ef510ec868623e74cfe98feaa4e8	leanprover/lean4:v4.32.2	1	Velvet/Examples/MaxElem.lean	maxElem_correct	10716558625718226994	10716558625718226994	pass	-	5	-	∀ j < i, mx ≥ arr[j]!
velvet	crush	e90d79341bb8ef510ec868623e74cfe98feaa4e8	e90d79341bb8ef510ec868623e74cfe98feaa4e8	leanprover/lean4:v4.32.2	1	Velvet/Examples/MaxElem.lean	maxElem_correct	12429897440204793908	12429897440204793908	pass	-	78	-	i = arr.size
velvet	crush	e90d79341bb8ef510ec868623e74cfe98feaa4e8	e90d79341bb8ef510ec868623e74cfe98feaa4e8	leanprover/lean4:v4.32.2	1	Velvet/Examples/MaxElem.lean	maxElem_correct	6662270672118944889	6662270672118944889	pass	-	48	-	0 ≤ 0 + 1 ∧ 0 + 1 ≤ arr.size
velvet	crush	e90d79341bb8ef510ec868623e74cfe98feaa4e8	e90d79341bb8ef510ec868623e74cfe98feaa4e8	leanprover/lean4:v4.32.2	1	Velvet/Examples/MaxElem.lean	maxElem_correct	10294878435885712953	10294878435885712953	pass	-	53	-	∀ j < 0 + 1, arr[0]! ≥ arr[j]!
velvet	crush	e90d79341bb8ef510ec868623e74cfe98feaa4e8	e90d79341bb8ef510ec868623e74cfe98feaa4e8	leanprover/lean4:v4.32.2	1	Velvet/Examples/MaxElem.lean	maxElem_correct	15821608085576758365	15821608085576758365	pass	-	73	-	isMax mx_1 arr
velvet	crush	e90d79341bb8ef510ec868623e74cfe98feaa4e8	e90d79341bb8ef510ec868623e74cfe98feaa4e8	leanprover/lean4:v4.32.2	1	Velvet/Examples/MemAlloc.lean	mem_alloc_correct	633235845480694220	633235845480694220	pass	-	5482	-	∀ (b : addr),   List.find? (fun x => decide (block_size x ≥ size)) Ps = some b → 0 = b ∧ distPath nextOld free_listOld (Ps.erase b) 0
velvet	crush	e90d79341bb8ef510ec868623e74cfe98feaa4e8	e90d79341bb8ef510ec868623e74cfe98feaa4e8	leanprover/lean4:v4.32.2	1	Velvet/Examples/MemAlloc.lean	mem_alloc_correct	12262280732602434251	12262280732602434251	pass	-	27	-	∀ (b : addr),   List.find? (fun x => decide (block_size x ≥ size)) Ps = some b →     free_listOld = b ∧ distPath nextOld (nextOld free_listOld) (Ps.erase b) 0
velvet	crush	e90d79341bb8ef510ec868623e74cfe98feaa4e8	e90d79341bb8ef510ec868623e74cfe98feaa4e8	leanprover/lean4:v4.32.2	1	Velvet/Examples/MemAlloc.lean	mem_alloc_correct	5395433166570123997	5395433166570123997	pass	-	86	-	distPath nextOld free_listOld Ps 0
velvet	crush	e90d79341bb8ef510ec868623e74cfe98feaa4e8	e90d79341bb8ef510ec868623e74cfe98feaa4e8	leanprover/lean4:v4.32.2	1	Velvet/Examples/MemAlloc.lean	mem_alloc_correct	7858921023181799469	7858921023181799469	fail	timeout	334	crush: solver returned `unknown` (no reason given). Try increasing `crush.timeout` or adding hypotheses.	∃ Qs, distPath nextOld free_listOld Qs (nextOld p) ∧ ∀ a ∈ Qs, block_size a < size
velvet	crush	e90d79341bb8ef510ec868623e74cfe98feaa4e8	e90d79341bb8ef510ec868623e74cfe98feaa4e8	leanprover/lean4:v4.32.2	1	Velvet/Examples/MemAlloc.lean	mem_alloc_correct	12307778664191690486	12307778664191690486	pass	-	255	-	∃ Qs, distPath nextOld free_listOld Qs p
velvet	crush	e90d79341bb8ef510ec868623e74cfe98feaa4e8	e90d79341bb8ef510ec868623e74cfe98feaa4e8	leanprover/lean4:v4.32.2	1	Velvet/Examples/MemAlloc.lean	mem_alloc_correct	14651957694487509304	14651957694487509304	pass	-	7	-	p ≠ 0
velvet	crush	e90d79341bb8ef510ec868623e74cfe98feaa4e8	e90d79341bb8ef510ec868623e74cfe98feaa4e8	leanprover/lean4:v4.32.2	1	Velvet/Examples/MemAlloc.lean	mem_alloc_correct	5395433166570123997	5395433166570123997	pass	-	64	-	distPath nextOld free_listOld Ps 0
velvet	crush	e90d79341bb8ef510ec868623e74cfe98feaa4e8	e90d79341bb8ef510ec868623e74cfe98feaa4e8	leanprover/lean4:v4.32.2	1	Velvet/Examples/MemAlloc.lean	mem_alloc_correct	12933711973000179377	12933711973000179377	pass	-	7	-	∃ Qs, distPath nextOld free_listOld Qs p ∧ ∀ a ∈ Qs, block_size a < size
velvet	crush	e90d79341bb8ef510ec868623e74cfe98feaa4e8	e90d79341bb8ef510ec868623e74cfe98feaa4e8	leanprover/lean4:v4.32.2	1	Velvet/Examples/MemAlloc.lean	mem_alloc_correct	1502598827083788742	1502598827083788742	pass	-	5	-	p = nextOld q
velvet	crush	e90d79341bb8ef510ec868623e74cfe98feaa4e8	e90d79341bb8ef510ec868623e74cfe98feaa4e8	leanprover/lean4:v4.32.2	1	Velvet/Examples/MemAlloc.lean	mem_alloc_correct	5948121399058639032	5948121399058639032	pass	-	5	-	∃ Qs, distPath nextOld free_listOld Qs q
velvet	crush	e90d79341bb8ef510ec868623e74cfe98feaa4e8	e90d79341bb8ef510ec868623e74cfe98feaa4e8	leanprover/lean4:v4.32.2	1	Velvet/Examples/MemAlloc.lean	mem_alloc_correct	7320909626913503829	7320909626913503829	pass	-	8	-	q ≠ 0
velvet	crush	e90d79341bb8ef510ec868623e74cfe98feaa4e8	e90d79341bb8ef510ec868623e74cfe98feaa4e8	leanprover/lean4:v4.32.2	1	Velvet/Examples/MemAlloc.lean	mem_alloc_correct	13680370559755953061	13680370559755953061	pass	-	7	-	¬(p ≠ 0 ∧ block_size p < size)
velvet	crush	e90d79341bb8ef510ec868623e74cfe98feaa4e8	e90d79341bb8ef510ec868623e74cfe98feaa4e8	leanprover/lean4:v4.32.2	1	Velvet/Examples/MemAlloc.lean	mem_alloc_correct	5395433166570123997	5395433166570123997	pass	-	53	-	distPath nextOld free_listOld Ps 0
velvet	crush	e90d79341bb8ef510ec868623e74cfe98feaa4e8	e90d79341bb8ef510ec868623e74cfe98feaa4e8	leanprover/lean4:v4.32.2	1	Velvet/Examples/MemAlloc.lean	mem_alloc_correct	9725332222063365643	9725332222063365643	pass	-	141	-	∃ Qs, distPath nextOld free_listOld Qs (nextOld free_listOld) ∧ ∀ a ∈ Qs, block_size a < size
velvet	crush	e90d79341bb8ef510ec868623e74cfe98feaa4e8	e90d79341bb8ef510ec868623e74cfe98feaa4e8	leanprover/lean4:v4.32.2	1	Velvet/Examples/MemAlloc.lean	mem_alloc_correct	400422252958227942	400422252958227942	pass	-	21	-	∃ Qs, distPath nextOld free_listOld Qs free_listOld
velvet	crush	e90d79341bb8ef510ec868623e74cfe98feaa4e8	e90d79341bb8ef510ec868623e74cfe98feaa4e8	leanprover/lean4:v4.32.2	1	Velvet/Examples/MemAlloc.lean	mem_alloc_correct	880346177993498408	880346177993498408	pass	-	3	-	free_listOld ≠ 0
velvet	crush	e90d79341bb8ef510ec868623e74cfe98feaa4e8	e90d79341bb8ef510ec868623e74cfe98feaa4e8	leanprover/lean4:v4.32.2	1	Velvet/Examples/MemAlloc.lean	mem_alloc_correct	15369885961681168000	15369885961681168000	fail	timeout	121	crush: solver returned `unknown` (no reason given). Try increasing `crush.timeout` or adding hypotheses.	∀ (b : addr),   List.find? (fun x => decide (block_size x ≥ size)) Ps = some b →     i = b ∧ distPath (Function.update nextOld q_1 (nextOld i)) free_listOld (Ps.erase b) 0
velvet	crush	e90d79341bb8ef510ec868623e74cfe98feaa4e8	e90d79341bb8ef510ec868623e74cfe98feaa4e8	leanprover/lean4:v4.32.2	1	Velvet/Examples/MemAlloc.lean	mem_alloc_correct	633235845480694220	633235845480694220	fail	timeout	111	crush: solver returned `unknown` (no reason given). Try increasing `crush.timeout` or adding hypotheses.	∀ (b : addr),   List.find? (fun x => decide (block_size x ≥ size)) Ps = some b → 0 = b ∧ distPath nextOld free_listOld (Ps.erase b) 0
velvet	crush	e90d79341bb8ef510ec868623e74cfe98feaa4e8	e90d79341bb8ef510ec868623e74cfe98feaa4e8	leanprover/lean4:v4.32.2	1	Velvet/Examples/Recursion.lean	simple_recursion_correct	9632926918213658529	9632926918213658529	pass	-	2	-	0 = x
velvet	crush	e90d79341bb8ef510ec868623e74cfe98feaa4e8	e90d79341bb8ef510ec868623e74cfe98feaa4e8	leanprover/lean4:v4.32.2	1	Velvet/Examples/Recursion.lean	simple_recursion_correct	16321134497628070328	16321134497628070328	pass	-	89	-	x_1 + 1 = x
velvet	crush	e90d79341bb8ef510ec868623e74cfe98feaa4e8	e90d79341bb8ef510ec868623e74cfe98feaa4e8	leanprover/lean4:v4.32.2	1	Velvet/Examples/Recursion.lean	pickGreater_correct	15399959404188881270	15399959404188881270	pass	-	64	-	∃ h, h > inp + 200
velvet	crush	e90d79341bb8ef510ec868623e74cfe98feaa4e8	e90d79341bb8ef510ec868623e74cfe98feaa4e8	leanprover/lean4:v4.32.2	1	Velvet/Examples/Recursion.lean	pickGreater_correct	6729724634728447689	6729724634728447689	pass	-	66	-	i > inp + 10
velvet	crush	e90d79341bb8ef510ec868623e74cfe98feaa4e8	e90d79341bb8ef510ec868623e74cfe98feaa4e8	leanprover/lean4:v4.32.2	1	Velvet/Examples/Recursion.lean	pickGreaterN_correct	6331840417009367668	6331840417009367668	pass	-	98	-	0 ≥ n * 10
velvet	crush	e90d79341bb8ef510ec868623e74cfe98feaa4e8	e90d79341bb8ef510ec868623e74cfe98feaa4e8	leanprover/lean4:v4.32.2	1	Velvet/Examples/Recursion.lean	pickGreaterN_correct	928177310960349346	928177310960349346	pass	-	94	-	x_1 ≥ n * 10
velvet	crush	e90d79341bb8ef510ec868623e74cfe98feaa4e8	e90d79341bb8ef510ec868623e74cfe98feaa4e8	leanprover/lean4:v4.32.2	1	Velvet/Examples/Recursion.lean	calc_fact_correct	14502607232842720358	14502607232842720358	pass	-	67	-	fact n = 0
velvet	crush	e90d79341bb8ef510ec868623e74cfe98feaa4e8	e90d79341bb8ef510ec868623e74cfe98feaa4e8	leanprover/lean4:v4.32.2	1	Velvet/Examples/Recursion.lean	calc_fact_correct	5360899794933563671	5360899794933563671	pass	-	4	-	i + 1 ≤ n
velvet	crush	e90d79341bb8ef510ec868623e74cfe98feaa4e8	e90d79341bb8ef510ec868623e74cfe98feaa4e8	leanprover/lean4:v4.32.2	1	Velvet/Examples/Recursion.lean	calc_fact_correct	16083086069592683677	16083086069592683677	pass	-	144	-	(i + 1) * x = ans + x_1
velvet	crush	e90d79341bb8ef510ec868623e74cfe98feaa4e8	e90d79341bb8ef510ec868623e74cfe98feaa4e8	leanprover/lean4:v4.32.2	1	Velvet/Examples/Recursion.lean	calc_fact_correct	17426933449823366573	17426933449823366573	pass	-	124	-	n - (i + 1) < n - i
velvet	crush	e90d79341bb8ef510ec868623e74cfe98feaa4e8	e90d79341bb8ef510ec868623e74cfe98feaa4e8	leanprover/lean4:v4.32.2	1	Velvet/Examples/Recursion.lean	calc_fact_correct	8436330743851721663	8436330743851721663	pass	-	2	-	i ≤ n
velvet	crush	e90d79341bb8ef510ec868623e74cfe98feaa4e8	e90d79341bb8ef510ec868623e74cfe98feaa4e8	leanprover/lean4:v4.32.2	1	Velvet/Examples/Recursion.lean	calc_fact_correct	5516634396000359850	5516634396000359850	pass	-	1	-	i * x = ans
velvet	crush	e90d79341bb8ef510ec868623e74cfe98feaa4e8	e90d79341bb8ef510ec868623e74cfe98feaa4e8	leanprover/lean4:v4.32.2	1	Velvet/Examples/Recursion.lean	calc_fact_correct	3040060259141493307	3040060259141493307	pass	-	2	-	¬i < n
velvet	crush	e90d79341bb8ef510ec868623e74cfe98feaa4e8	e90d79341bb8ef510ec868623e74cfe98feaa4e8	leanprover/lean4:v4.32.2	1	Velvet/Examples/Recursion.lean	calc_fact_correct	8843960039229350233	8843960039229350233	pass	-	62	-	0 ≤ n
velvet	crush	e90d79341bb8ef510ec868623e74cfe98feaa4e8	e90d79341bb8ef510ec868623e74cfe98feaa4e8	leanprover/lean4:v4.32.2	1	Velvet/Examples/Recursion.lean	calc_fact_correct	414362943496193222	414362943496193222	pass	-	66	-	0 * x = 0
velvet	crush	e90d79341bb8ef510ec868623e74cfe98feaa4e8	e90d79341bb8ef510ec868623e74cfe98feaa4e8	leanprover/lean4:v4.32.2	1	Velvet/Examples/Recursion.lean	calc_fact_correct	17682712502848666117	17682712502848666117	pass	-	158	-	fact n = i_1
velvet	crush	e90d79341bb8ef510ec868623e74cfe98feaa4e8	e90d79341bb8ef510ec868623e74cfe98feaa4e8	leanprover/lean4:v4.32.2	1	Velvet/Examples/Recursion.lean	SimpleOption_correct	10153057550358142642	10153057550358142642	pass	-	59	-	1 > 0
velvet	crush	e90d79341bb8ef510ec868623e74cfe98feaa4e8	e90d79341bb8ef510ec868623e74cfe98feaa4e8	leanprover/lean4:v4.32.2	1	Velvet/Examples/Recursion.lean	SimpleOption_correct	1511426402368662420	1511426402368662420	pass	-	131	-	val✝ + 2 > 0
velvet	crush	e90d79341bb8ef510ec868623e74cfe98feaa4e8	e90d79341bb8ef510ec868623e74cfe98feaa4e8	leanprover/lean4:v4.32.2	1	Velvet/Examples/Recursion.lean	SimpleList_correct	12303175613740643342	12303175613740643342	pass	-	103	-	x + i > 0
velvet	crush	e90d79341bb8ef510ec868623e74cfe98feaa4e8	e90d79341bb8ef510ec868623e74cfe98feaa4e8	leanprover/lean4:v4.32.2	1	Velvet/Examples/Recursion.lean	SimpleList_correct	10153057550358142642	10153057550358142642	pass	-	86	-	1 > 0
velvet	crush	e90d79341bb8ef510ec868623e74cfe98feaa4e8	e90d79341bb8ef510ec868623e74cfe98feaa4e8	leanprover/lean4:v4.32.2	1	Velvet/Examples/Recursion.lean	insertTree_correct	419217539048902517	419217539048902517	pass	-	63	-	∀ (x : ℕ), x = elem ∨ contains (mt1.Leaf a✝) x ↔ contains (mt1.Leaf a✝) x
velvet	crush	e90d79341bb8ef510ec868623e74cfe98feaa4e8	e90d79341bb8ef510ec868623e74cfe98feaa4e8	leanprover/lean4:v4.32.2	1	Velvet/Examples/Recursion.lean	insertTree_correct	785945476856620183	785945476856620183	pass	-	1	-	contains (mt1.Leaf a✝) elem
velvet	crush	e90d79341bb8ef510ec868623e74cfe98feaa4e8	e90d79341bb8ef510ec868623e74cfe98feaa4e8	leanprover/lean4:v4.32.2	1	Velvet/Examples/Recursion.lean	insertTree_correct	14100858011260313832	14100858011260313832	pass	-	92	-	∀ (x : ℕ), x = elem ∨ contains (mt1.Leaf a✝) x ↔ contains ((mt1.Leaf a✝).Node mt1.Empty elem) x
velvet	crush	e90d79341bb8ef510ec868623e74cfe98feaa4e8	e90d79341bb8ef510ec868623e74cfe98feaa4e8	leanprover/lean4:v4.32.2	1	Velvet/Examples/Recursion.lean	insertTree_correct	5439148242694091386	5439148242694091386	pass	-	72	-	(∀ (x : ℕ), contains (mt1.Leaf a✝) x → x < elem) ∧ ∀ (x : ℕ), contains mt1.Empty x → x > elem
velvet	crush	e90d79341bb8ef510ec868623e74cfe98feaa4e8	e90d79341bb8ef510ec868623e74cfe98feaa4e8	leanprover/lean4:v4.32.2	1	Velvet/Examples/Recursion.lean	insertTree_correct	13358020527010658417	13358020527010658417	pass	-	54	-	contains ((mt1.Leaf a✝).Node mt1.Empty elem) elem
velvet	crush	e90d79341bb8ef510ec868623e74cfe98feaa4e8	e90d79341bb8ef510ec868623e74cfe98feaa4e8	leanprover/lean4:v4.32.2	1	Velvet/Examples/Recursion.lean	insertTree_correct	8603391761408256204	8603391761408256204	pass	-	125	-	∀ (x : ℕ), x = elem ∨ contains (mt1.Leaf a✝) x ↔ contains (mt1.Empty.Node (mt1.Leaf a✝) elem) x
velvet	crush	e90d79341bb8ef510ec868623e74cfe98feaa4e8	e90d79341bb8ef510ec868623e74cfe98feaa4e8	leanprover/lean4:v4.32.2	1	Velvet/Examples/Recursion.lean	insertTree_correct	403261720200322615	403261720200322615	pass	-	84	-	(∀ (x : ℕ), contains mt1.Empty x → x < elem) ∧ ∀ (x : ℕ), contains (mt1.Leaf a✝) x → x > elem
velvet	crush	e90d79341bb8ef510ec868623e74cfe98feaa4e8	e90d79341bb8ef510ec868623e74cfe98feaa4e8	leanprover/lean4:v4.32.2	1	Velvet/Examples/Recursion.lean	insertTree_correct	13334821868243949956	13334821868243949956	pass	-	81	-	contains (mt1.Empty.Node (mt1.Leaf a✝) elem) elem
velvet	crush	e90d79341bb8ef510ec868623e74cfe98feaa4e8	e90d79341bb8ef510ec868623e74cfe98feaa4e8	leanprover/lean4:v4.32.2	1	Velvet/Examples/Recursion.lean	insertTree_correct	10034441991535992553	10034441991535992553	pass	-	55	-	∀ (x : ℕ), x = elem ∨ contains mt1.Empty x ↔ contains (mt1.Leaf elem) x
velvet	crush	e90d79341bb8ef510ec868623e74cfe98feaa4e8	e90d79341bb8ef510ec868623e74cfe98feaa4e8	leanprover/lean4:v4.32.2	1	Velvet/Examples/Recursion.lean	insertTree_correct	8410732340261024813	8410732340261024813	pass	-	84	-	∀ (x : ℕ), x = elem ∨ contains (a✝².Node a✝¹ a✝) x ↔ contains (a✝².Node a✝¹ a✝) x
velvet	crush	e90d79341bb8ef510ec868623e74cfe98feaa4e8	e90d79341bb8ef510ec868623e74cfe98feaa4e8	leanprover/lean4:v4.32.2	1	Velvet/Examples/Recursion.lean	insertTree_correct	13887296291903300382	13887296291903300382	pass	-	123	-	ordered_tree (a✝².Node a✝¹ a✝)
velvet	crush	e90d79341bb8ef510ec868623e74cfe98feaa4e8	e90d79341bb8ef510ec868623e74cfe98feaa4e8	leanprover/lean4:v4.32.2	1	Velvet/Examples/Recursion.lean	insertTree_correct	6517665507579609563	6517665507579609563	pass	-	73	-	contains (a✝².Node a✝¹ a✝) elem
velvet	crush	e90d79341bb8ef510ec868623e74cfe98feaa4e8	e90d79341bb8ef510ec868623e74cfe98feaa4e8	leanprover/lean4:v4.32.2	1	Velvet/Examples/Recursion.lean	insertTree_correct	1926823926199498616	1926823926199498616	pass	-	4	-	ordered_tree a✝¹
velvet	crush	e90d79341bb8ef510ec868623e74cfe98feaa4e8	e90d79341bb8ef510ec868623e74cfe98feaa4e8	leanprover/lean4:v4.32.2	1	Velvet/Examples/Recursion.lean	insertTree_correct	4691160922418792609	4691160922418792609	pass	-	124	-	∀ (x_1 : ℕ), x_1 = elem ∨ contains (a✝².Node a✝¹ a✝) x_1 ↔ contains (a✝².Node x a✝) x_1
velvet	crush	e90d79341bb8ef510ec868623e74cfe98feaa4e8	e90d79341bb8ef510ec868623e74cfe98feaa4e8	leanprover/lean4:v4.32.2	1	Velvet/Examples/Recursion.lean	insertTree_correct	5459752633259142580	5459752633259142580	pass	-	108	-	ordered_tree (a✝².Node x a✝)
velvet	crush	e90d79341bb8ef510ec868623e74cfe98feaa4e8	e90d79341bb8ef510ec868623e74cfe98feaa4e8	leanprover/lean4:v4.32.2	1	Velvet/Examples/Recursion.lean	insertTree_correct	14235806948139691359	14235806948139691359	pass	-	135	-	contains (a✝².Node x a✝) elem
velvet	crush	e90d79341bb8ef510ec868623e74cfe98feaa4e8	e90d79341bb8ef510ec868623e74cfe98feaa4e8	leanprover/lean4:v4.32.2	1	Velvet/Examples/Recursion.lean	insertTree_correct	275146994291977655	275146994291977655	pass	-	4	-	ordered_tree a✝²
velvet	crush	e90d79341bb8ef510ec868623e74cfe98feaa4e8	e90d79341bb8ef510ec868623e74cfe98feaa4e8	leanprover/lean4:v4.32.2	1	Velvet/Examples/Recursion.lean	insertTree_correct	7037529583856086989	7037529583856086989	pass	-	87	-	∀ (x_1 : ℕ), x_1 = elem ∨ contains (a✝².Node a✝¹ a✝) x_1 ↔ contains (x.Node a✝¹ a✝) x_1
velvet	crush	e90d79341bb8ef510ec868623e74cfe98feaa4e8	e90d79341bb8ef510ec868623e74cfe98feaa4e8	leanprover/lean4:v4.32.2	1	Velvet/Examples/Recursion.lean	insertTree_correct	5348143843544294657	5348143843544294657	pass	-	111	-	ordered_tree (x.Node a✝¹ a✝)
velvet	crush	e90d79341bb8ef510ec868623e74cfe98feaa4e8	e90d79341bb8ef510ec868623e74cfe98feaa4e8	leanprover/lean4:v4.32.2	1	Velvet/Examples/Recursion.lean	insertTree_correct	11865403806314311412	11865403806314311412	pass	-	74	-	contains (x.Node a✝¹ a✝) elem
velvet	crush	e90d79341bb8ef510ec868623e74cfe98feaa4e8	e90d79341bb8ef510ec868623e74cfe98feaa4e8	leanprover/lean4:v4.32.2	1	Velvet/Examples/Recursion.lean	complex_measure_binsearch_correct	4528940613904177901	4528940613904177901	fail	timeout	10074	crush: solver returned `unknown` (solver exited without a verdict). Try increasing `crush.timeout` or adding hypotheses.	x ≤ (l + 1) * (l + 1)
velvet	crush	e90d79341bb8ef510ec868623e74cfe98feaa4e8	e90d79341bb8ef510ec868623e74cfe98feaa4e8	leanprover/lean4:v4.32.2	1	Velvet/Examples/Recursion.lean	complex_measure_binsearch_correct	4049183095434299843	4049183095434299843	pass	-	1	-	l * l ≤ x
velvet	crush	e90d79341bb8ef510ec868623e74cfe98feaa4e8	e90d79341bb8ef510ec868623e74cfe98feaa4e8	leanprover/lean4:v4.32.2	1	Velvet/Examples/Recursion.lean	complex_measure_binsearch_correct	7275559839122250210	7275559839122250210	pass	-	1	-	x < r * r
velvet	crush	e90d79341bb8ef510ec868623e74cfe98feaa4e8	e90d79341bb8ef510ec868623e74cfe98feaa4e8	leanprover/lean4:v4.32.2	1	Velvet/Examples/Recursion.lean	complex_measure_binsearch_correct	7360868690920052366	7360868690920052366	pass	-	2	-	(l + (r - l) / 2) * (l + (r - l) / 2) ≤ x
velvet	crush	e90d79341bb8ef510ec868623e74cfe98feaa4e8	e90d79341bb8ef510ec868623e74cfe98feaa4e8	leanprover/lean4:v4.32.2	1	Velvet/Examples/Recursion.lean	complex_measure_binsearch_correct	4851910658932930142	4851910658932930142	pass	-	2	-	x ≤ (x_1 + 1) * (x_1 + 1)
velvet	crush	e90d79341bb8ef510ec868623e74cfe98feaa4e8	e90d79341bb8ef510ec868623e74cfe98feaa4e8	leanprover/lean4:v4.32.2	1	Velvet/Examples/Recursion.lean	complex_measure_binsearch_correct	7656706852135243209	7656706852135243209	pass	-	2	-	x_1 * x_1 ≤ x
velvet	crush	e90d79341bb8ef510ec868623e74cfe98feaa4e8	e90d79341bb8ef510ec868623e74cfe98feaa4e8	leanprover/lean4:v4.32.2	1	Velvet/Examples/Recursion.lean	complex_measure_binsearch_correct	9897963110172432531	9897963110172432531	pass	-	124	-	x < (l + (r - l) / 2) * (l + (r - l) / 2)
velvet	crush	e90d79341bb8ef510ec868623e74cfe98feaa4e8	e90d79341bb8ef510ec868623e74cfe98feaa4e8	leanprover/lean4:v4.32.2	1	Velvet/Examples/Recursion.lean	complex_measure_binsearch_correct	4049183095434299843	4049183095434299843	pass	-	2	-	l * l ≤ x
velvet	crush	e90d79341bb8ef510ec868623e74cfe98feaa4e8	e90d79341bb8ef510ec868623e74cfe98feaa4e8	leanprover/lean4:v4.32.2	1	Velvet/Examples/Recursion.lean	complex_measure_binsearch_correct	4851910658932930142	4851910658932930142	pass	-	2	-	x ≤ (x_1 + 1) * (x_1 + 1)
velvet	crush	e90d79341bb8ef510ec868623e74cfe98feaa4e8	e90d79341bb8ef510ec868623e74cfe98feaa4e8	leanprover/lean4:v4.32.2	1	Velvet/Examples/Recursion.lean	complex_measure_binsearch_correct	7656706852135243209	7656706852135243209	pass	-	2	-	x_1 * x_1 ≤ x
velvet	crush	e90d79341bb8ef510ec868623e74cfe98feaa4e8	e90d79341bb8ef510ec868623e74cfe98feaa4e8	leanprover/lean4:v4.32.2	1	Velvet/Examples/Recursion.lean	pow2_correct	5804668677648722939	5804668677648722939	pass	-	72	-	2 ^ n = 1
velvet	crush	e90d79341bb8ef510ec868623e74cfe98feaa4e8	e90d79341bb8ef510ec868623e74cfe98feaa4e8	leanprover/lean4:v4.32.2	1	Velvet/Examples/Recursion.lean	pow2_correct	5360899794933563671	5360899794933563671	pass	-	4	-	i + 1 ≤ n
velvet	crush	e90d79341bb8ef510ec868623e74cfe98feaa4e8	e90d79341bb8ef510ec868623e74cfe98feaa4e8	leanprover/lean4:v4.32.2	1	Velvet/Examples/Recursion.lean	pow2_correct	2669204144888843361	2669204144888843361	pass	-	84	-	2 ^ (i + 1) = ans + x
velvet	crush	e90d79341bb8ef510ec868623e74cfe98feaa4e8	e90d79341bb8ef510ec868623e74cfe98feaa4e8	leanprover/lean4:v4.32.2	1	Velvet/Examples/Recursion.lean	pow2_correct	17426933449823366573	17426933449823366573	pass	-	150	-	n - (i + 1) < n - i
velvet	crush	e90d79341bb8ef510ec868623e74cfe98feaa4e8	e90d79341bb8ef510ec868623e74cfe98feaa4e8	leanprover/lean4:v4.32.2	1	Velvet/Examples/Recursion.lean	pow2_correct	8436330743851721663	8436330743851721663	pass	-	1	-	i ≤ n
velvet	crush	e90d79341bb8ef510ec868623e74cfe98feaa4e8	e90d79341bb8ef510ec868623e74cfe98feaa4e8	leanprover/lean4:v4.32.2	1	Velvet/Examples/Recursion.lean	pow2_correct	50664709297785488	50664709297785488	pass	-	1	-	2 ^ i = ans
velvet	crush	e90d79341bb8ef510ec868623e74cfe98feaa4e8	e90d79341bb8ef510ec868623e74cfe98feaa4e8	leanprover/lean4:v4.32.2	1	Velvet/Examples/Recursion.lean	pow2_correct	3040060259141493307	3040060259141493307	pass	-	2	-	¬i < n
velvet	crush	e90d79341bb8ef510ec868623e74cfe98feaa4e8	e90d79341bb8ef510ec868623e74cfe98feaa4e8	leanprover/lean4:v4.32.2	1	Velvet/Examples/Recursion.lean	pow2_correct	8843960039229350233	8843960039229350233	pass	-	54	-	0 ≤ n
velvet	crush	e90d79341bb8ef510ec868623e74cfe98feaa4e8	e90d79341bb8ef510ec868623e74cfe98feaa4e8	leanprover/lean4:v4.32.2	1	Velvet/Examples/Recursion.lean	pow2_correct	11033618788013063028	11033618788013063028	pass	-	2	-	2 ^ 0 = 1
velvet	crush	e90d79341bb8ef510ec868623e74cfe98feaa4e8	e90d79341bb8ef510ec868623e74cfe98feaa4e8	leanprover/lean4:v4.32.2	1	Velvet/Examples/Recursion.lean	pow2_correct	12960500676855313787	12960500676855313787	pass	-	122	-	2 ^ n = i_1
velvet	crush	e90d79341bb8ef510ec868623e74cfe98feaa4e8	e90d79341bb8ef510ec868623e74cfe98feaa4e8	leanprover/lean4:v4.32.2	1	Velvet/Examples/SmallHeartBeats.lean	LeftmostMaximalDigit_correct	15016508801900672495	15016508801900672495	fail	timeout	5074	crush: solver returned `unknown` (solver exited without a verdict). Try increasing `crush.timeout` or adding hypotheses.	∀ (pos len : ℕ),   len > 0 →     pos + len ≤ i + 1 →       (∀ j < len, isDigit input[pos + j]! = true) →         pos = 0 ∨ ¬isDigit input[pos - 1]! = true →           pos + len = i + 1 ∨ pos + len < i + 1 ∧ ¬isDigit input[pos + len]! = true → len ≤ bestLen
velvet	crush	e90d79341bb8ef510ec868623e74cfe98feaa4e8	e90d79341bb8ef510ec868623e74cfe98feaa4e8	leanprover/lean4:v4.32.2	1	Velvet/Examples/SmallHeartBeats.lean	LeftmostMaximalDigit_correct	15016508801900672495	15016508801900672495	fail	timeout	5062	crush: solver returned `unknown` (solver exited without a verdict). Try increasing `crush.timeout` or adding hypotheses.	∀ (pos len : ℕ),   len > 0 →     pos + len ≤ i + 1 →       (∀ j < len, isDigit input[pos + j]! = true) →         pos = 0 ∨ ¬isDigit input[pos - 1]! = true →           pos + len = i + 1 ∨ pos + len < i + 1 ∧ ¬isDigit input[pos + len]! = true → len ≤ bestLen
velvet	crush	e90d79341bb8ef510ec868623e74cfe98feaa4e8	e90d79341bb8ef510ec868623e74cfe98feaa4e8	leanprover/lean4:v4.32.2	1	Velvet/Examples/SmallHeartBeats.lean	LeftmostMaximalDigit_correct	2028202278093280602	2028202278093280602	fail	reconstruction	16205	crush: solver reported `unsat`, but reconstruction failed — no finishing tactic could replay it from the core ([hyp invariant_1,  hyp if_pos,  hyp if_neg,  hyp if_pos_2,  hyp a._@._internal.0._stdin.1362229089._hygCtx._hyg.2658,  hyp a._@._internal.0._stdin.1362229089._hygCtx._hyg.2659,  hyp a._@._internal.0._stdin.1362229089._hygCtx._hyg.2660,  hyp a._@._internal.0._stdin.1362229089._hygCtx._hyg.2661,  hyp a._@._internal.0._stdin.1362229089._hygCtx._hyg.2662,  negated goal]). Set `crush.trust` to "reconstructOrTrust" to accept the solver's verdict anyway.	∀ (pos len : ℕ),   len > 0 →     pos + len ≤ i + 1 →       (∀ j < len, isDigit input[pos + j]! = true) →         pos = 0 ∨ ¬isDigit input[pos - 1]! = true →           pos + len = i + 1 ∨ pos + len < i + 1 ∧ ¬isDigit input[pos + len]! = true → len ≤ currentLen
velvet	crush	e90d79341bb8ef510ec868623e74cfe98feaa4e8	e90d79341bb8ef510ec868623e74cfe98feaa4e8	leanprover/lean4:v4.32.2	1	Velvet/Examples/SmallHeartBeats.lean	LeftmostMaximalDigit_correct	15016508801900672495	15016508801900672495	fail	reconstruction	15574	crush: solver reported `unsat`, but reconstruction failed — no finishing tactic could replay it from the core ([hyp invariant_1,  hyp if_pos,  hyp if_neg,  hyp a._@._internal.0._stdin.1362229089._hygCtx._hyg.3651,  hyp a._@._internal.0._stdin.1362229089._hygCtx._hyg.3652,  hyp a._@._internal.0._stdin.1362229089._hygCtx._hyg.3653,  hyp a._@._internal.0._stdin.1362229089._hygCtx._hyg.3654,  hyp a._@._internal.0._stdin.1362229089._hygCtx._hyg.3655,  negated goal]). Set `crush.trust` to "reconstructOrTrust" to accept the solver's verdict anyway.	∀ (pos len : ℕ),   len > 0 →     pos + len ≤ i + 1 →       (∀ j < len, isDigit input[pos + j]! = true) →         pos = 0 ∨ ¬isDigit input[pos - 1]! = true →           pos + len = i + 1 ∨ pos + len < i + 1 ∧ ¬isDigit input[pos + len]! = true → len ≤ bestLen
velvet	crush	e90d79341bb8ef510ec868623e74cfe98feaa4e8	e90d79341bb8ef510ec868623e74cfe98feaa4e8	leanprover/lean4:v4.32.2	1	Velvet/Examples/SmallHeartBeats.lean	LeftmostMaximalDigit_correct	15016508801900672495	15016508801900672495	fail	reconstruction	15189	crush: solver reported `unsat`, but reconstruction failed — no finishing tactic could replay it from the core ([hyp invariant_1,  hyp if_pos,  hyp if_neg,  hyp a._@._internal.0._stdin.1362229089._hygCtx._hyg.4685,  hyp a._@._internal.0._stdin.1362229089._hygCtx._hyg.4686,  hyp a._@._internal.0._stdin.1362229089._hygCtx._hyg.4687,  hyp a._@._internal.0._stdin.1362229089._hygCtx._hyg.4688,  hyp a._@._internal.0._stdin.1362229089._hygCtx._hyg.4689,  negated goal]). Set `crush.trust` to "reconstructOrTrust" to accept the solver's verdict anyway.	∀ (pos len : ℕ),   len > 0 →     pos + len ≤ i + 1 →       (∀ j < len, isDigit input[pos + j]! = true) →         pos = 0 ∨ ¬isDigit input[pos - 1]! = true →           pos + len = i + 1 ∨ pos + len < i + 1 ∧ ¬isDigit input[pos + len]! = true → len ≤ bestLen
velvet	crush	e90d79341bb8ef510ec868623e74cfe98feaa4e8	e90d79341bb8ef510ec868623e74cfe98feaa4e8	leanprover/lean4:v4.32.2	1	Velvet/Examples/SmallHeartBeats.lean	LeftmostMaximalDigit_correct	3737123472131748703	3737123472131748703	pass	-	8	-	∀ (pos len : ℕ),   len > 0 →     pos + len ≤ i →       (∀ j < len, isDigit input[pos + j]! = true) →         pos = 0 ∨ ¬isDigit input[pos - 1]! = true →           pos + len = i ∨ pos + len < i ∧ ¬isDigit input[pos + len]! = true → len ≤ bestLen
velvet	crush	e90d79341bb8ef510ec868623e74cfe98feaa4e8	e90d79341bb8ef510ec868623e74cfe98feaa4e8	leanprover/lean4:v4.32.2	1	Velvet/Examples/SmallHeartBeats.lean	LeftmostMaximalDigit_correct	7513237505621560861	7513237505621560861	pass	-	5	-	¬i < input.size
velvet	crush	e90d79341bb8ef510ec868623e74cfe98feaa4e8	e90d79341bb8ef510ec868623e74cfe98feaa4e8	leanprover/lean4:v4.32.2	1	Velvet/Examples/SmallHeartBeats.lean	LeftmostMaximalDigit_correct	8096766621563827002	8096766621563827002	pass	-	85	-	∀ (pos len : ℕ),   len > 0 →     pos + len ≤ 0 →       (∀ j < len, isDigit input[pos + j]! = true) →         pos = 0 ∨ ¬isDigit input[pos - 1]! = true →           pos + len = 0 ∨ pos + len < 0 ∧ ¬isDigit input[pos + len]! = true → len ≤ 0
velvet	crush	e90d79341bb8ef510ec868623e74cfe98feaa4e8	e90d79341bb8ef510ec868623e74cfe98feaa4e8	leanprover/lean4:v4.32.2	1	Velvet/Examples/SmallHeartBeats.lean	LeftmostMaximalDigit_correct	18343663110535115658	18343663110535115658	fail	timeout	5078	crush: solver returned `unknown` (solver exited without a verdict). Try increasing `crush.timeout` or adding hypotheses.	(input.extract i_2 (i_2 + i_1)).size > 0 →   ∀ (pos : ℕ),     appearsAt input (input.extract i_2 (i_2 + i_1)) pos →       ∀ pos' < pos,         ¬(pos' + (input.extract i_2 (i_2 + i_1)).size ≤ input.size ∧             (∀ i < (input.extract i_2 (i_2 + i_1)).size, isDigit input[pos' + i]! = true) ∧               (pos' = 0 ∨ ¬isDigit input[pos' - 1]! = true) ∧                 (pos' + (input.extract i_2 (i_2 + i_1)).size = input.size ∨                   ¬isDigit input[pos' + (input.extract i_2 (i_2 + i_1)).size]! = true))
velvet	crush	e90d79341bb8ef510ec868623e74cfe98feaa4e8	e90d79341bb8ef510ec868623e74cfe98feaa4e8	leanprover/lean4:v4.32.2	1	Velvet/Examples/SmallHeartBeats.lean	LeftmostMaximalDigit_correct	15016508801900672495	15016508801900672495	fail	timeout	5074	crush: solver returned `unknown` (solver exited without a verdict). Try increasing `crush.timeout` or adding hypotheses.	∀ (pos len : ℕ),   len > 0 →     pos + len ≤ i + 1 →       (∀ j < len, isDigit input[pos + j]! = true) →         pos = 0 ∨ ¬isDigit input[pos - 1]! = true →           pos + len = i + 1 ∨ pos + len < i + 1 ∧ ¬isDigit input[pos + len]! = true → len ≤ bestLen
velvet	crush	e90d79341bb8ef510ec868623e74cfe98feaa4e8	e90d79341bb8ef510ec868623e74cfe98feaa4e8	leanprover/lean4:v4.32.2	1	Velvet/Examples/SmallHeartBeats.lean	LeftmostMaximalDigit_correct	15016508801900672495	15016508801900672495	fail	timeout	5062	crush: solver returned `unknown` (solver exited without a verdict). Try increasing `crush.timeout` or adding hypotheses.	∀ (pos len : ℕ),   len > 0 →     pos + len ≤ i + 1 →       (∀ j < len, isDigit input[pos + j]! = true) →         pos = 0 ∨ ¬isDigit input[pos - 1]! = true →           pos + len = i + 1 ∨ pos + len < i + 1 ∧ ¬isDigit input[pos + len]! = true → len ≤ bestLen
velvet	crush	e90d79341bb8ef510ec868623e74cfe98feaa4e8	e90d79341bb8ef510ec868623e74cfe98feaa4e8	leanprover/lean4:v4.32.2	1	Velvet/Examples/SmallHeartBeats.lean	LeftmostMaximalDigit_correct	2028202278093280602	2028202278093280602	fail	reconstruction	16205	crush: solver reported `unsat`, but reconstruction failed — no finishing tactic could replay it from the core ([hyp invariant_1,  hyp if_pos,  hyp if_neg,  hyp if_pos_2,  hyp a._@._internal.0._stdin.1362229089._hygCtx._hyg.2658,  hyp a._@._internal.0._stdin.1362229089._hygCtx._hyg.2659,  hyp a._@._internal.0._stdin.1362229089._hygCtx._hyg.2660,  hyp a._@._internal.0._stdin.1362229089._hygCtx._hyg.2661,  hyp a._@._internal.0._stdin.1362229089._hygCtx._hyg.2662,  negated goal]). Set `crush.trust` to "reconstructOrTrust" to accept the solver's verdict anyway.	∀ (pos len : ℕ),   len > 0 →     pos + len ≤ i + 1 →       (∀ j < len, isDigit input[pos + j]! = true) →         pos = 0 ∨ ¬isDigit input[pos - 1]! = true →           pos + len = i + 1 ∨ pos + len < i + 1 ∧ ¬isDigit input[pos + len]! = true → len ≤ currentLen
velvet	crush	e90d79341bb8ef510ec868623e74cfe98feaa4e8	e90d79341bb8ef510ec868623e74cfe98feaa4e8	leanprover/lean4:v4.32.2	1	Velvet/Examples/SmallHeartBeats.lean	LeftmostMaximalDigit_correct	15016508801900672495	15016508801900672495	fail	reconstruction	15574	crush: solver reported `unsat`, but reconstruction failed — no finishing tactic could replay it from the core ([hyp invariant_1,  hyp if_pos,  hyp if_neg,  hyp a._@._internal.0._stdin.1362229089._hygCtx._hyg.3651,  hyp a._@._internal.0._stdin.1362229089._hygCtx._hyg.3652,  hyp a._@._internal.0._stdin.1362229089._hygCtx._hyg.3653,  hyp a._@._internal.0._stdin.1362229089._hygCtx._hyg.3654,  hyp a._@._internal.0._stdin.1362229089._hygCtx._hyg.3655,  negated goal]). Set `crush.trust` to "reconstructOrTrust" to accept the solver's verdict anyway.	∀ (pos len : ℕ),   len > 0 →     pos + len ≤ i + 1 →       (∀ j < len, isDigit input[pos + j]! = true) →         pos = 0 ∨ ¬isDigit input[pos - 1]! = true →           pos + len = i + 1 ∨ pos + len < i + 1 ∧ ¬isDigit input[pos + len]! = true → len ≤ bestLen
velvet	crush	e90d79341bb8ef510ec868623e74cfe98feaa4e8	e90d79341bb8ef510ec868623e74cfe98feaa4e8	leanprover/lean4:v4.32.2	1	Velvet/Examples/SmallHeartBeats.lean	LeftmostMaximalDigit_correct	15016508801900672495	15016508801900672495	fail	reconstruction	15189	crush: solver reported `unsat`, but reconstruction failed — no finishing tactic could replay it from the core ([hyp invariant_1,  hyp if_pos,  hyp if_neg,  hyp a._@._internal.0._stdin.1362229089._hygCtx._hyg.4685,  hyp a._@._internal.0._stdin.1362229089._hygCtx._hyg.4686,  hyp a._@._internal.0._stdin.1362229089._hygCtx._hyg.4687,  hyp a._@._internal.0._stdin.1362229089._hygCtx._hyg.4688,  hyp a._@._internal.0._stdin.1362229089._hygCtx._hyg.4689,  negated goal]). Set `crush.trust` to "reconstructOrTrust" to accept the solver's verdict anyway.	∀ (pos len : ℕ),   len > 0 →     pos + len ≤ i + 1 →       (∀ j < len, isDigit input[pos + j]! = true) →         pos = 0 ∨ ¬isDigit input[pos - 1]! = true →           pos + len = i + 1 ∨ pos + len < i + 1 ∧ ¬isDigit input[pos + len]! = true → len ≤ bestLen
velvet	crush	e90d79341bb8ef510ec868623e74cfe98feaa4e8	e90d79341bb8ef510ec868623e74cfe98feaa4e8	leanprover/lean4:v4.32.2	1	Velvet/Examples/SmallHeartBeats.lean	LeftmostMaximalDigit_correct	3737123472131748703	3737123472131748703	pass	-	8	-	∀ (pos len : ℕ),   len > 0 →     pos + len ≤ i →       (∀ j < len, isDigit input[pos + j]! = true) →         pos = 0 ∨ ¬isDigit input[pos - 1]! = true →           pos + len = i ∨ pos + len < i ∧ ¬isDigit input[pos + len]! = true → len ≤ bestLen
velvet	crush	e90d79341bb8ef510ec868623e74cfe98feaa4e8	e90d79341bb8ef510ec868623e74cfe98feaa4e8	leanprover/lean4:v4.32.2	1	Velvet/Examples/SmallHeartBeats.lean	LeftmostMaximalDigit_correct	7513237505621560861	7513237505621560861	pass	-	5	-	¬i < input.size
velvet	crush	e90d79341bb8ef510ec868623e74cfe98feaa4e8	e90d79341bb8ef510ec868623e74cfe98feaa4e8	leanprover/lean4:v4.32.2	1	Velvet/Examples/SmallHeartBeats.lean	LeftmostMaximalDigit_correct	8096766621563827002	8096766621563827002	pass	-	85	-	∀ (pos len : ℕ),   len > 0 →     pos + len ≤ 0 →       (∀ j < len, isDigit input[pos + j]! = true) →         pos = 0 ∨ ¬isDigit input[pos - 1]! = true →           pos + len = 0 ∨ pos + len < 0 ∧ ¬isDigit input[pos + len]! = true → len ≤ 0
velvet	crush	e90d79341bb8ef510ec868623e74cfe98feaa4e8	e90d79341bb8ef510ec868623e74cfe98feaa4e8	leanprover/lean4:v4.32.2	1	Velvet/Examples/SmallHeartBeats.lean	LeftmostMaximalDigit_correct	18343663110535115658	18343663110535115658	fail	timeout	5078	crush: solver returned `unknown` (solver exited without a verdict). Try increasing `crush.timeout` or adding hypotheses.	(input.extract i_2 (i_2 + i_1)).size > 0 →   ∀ (pos : ℕ),     appearsAt input (input.extract i_2 (i_2 + i_1)) pos →       ∀ pos' < pos,         ¬(pos' + (input.extract i_2 (i_2 + i_1)).size ≤ input.size ∧             (∀ i < (input.extract i_2 (i_2 + i_1)).size, isDigit input[pos' + i]! = true) ∧               (pos' = 0 ∨ ¬isDigit input[pos' - 1]! = true) ∧                 (pos' + (input.extract i_2 (i_2 + i_1)).size = input.size ∨                   ¬isDigit input[pos' + (input.extract i_2 (i_2 + i_1)).size]! = true))
velvet	crush	e90d79341bb8ef510ec868623e74cfe98feaa4e8	e90d79341bb8ef510ec868623e74cfe98feaa4e8	leanprover/lean4:v4.32.2	1	Velvet/Examples/SpMSpV_Example.lean	VSpV_correct	1967192165379400567	1967192165379400567	pass	-	3	-	(out.set! 0 (out[0]! + spv.val[ind]! * arr[spv.ind[ind]!]!)).size = 1
velvet	crush	e90d79341bb8ef510ec868623e74cfe98feaa4e8	e90d79341bb8ef510ec868623e74cfe98feaa4e8	leanprover/lean4:v4.32.2	1	Velvet/Examples/SpMSpV_Example.lean	VSpV_correct	8738685113314976701	8738685113314976701	pass	-	101	-	ind + 1 ≤ spv.size
velvet	crush	e90d79341bb8ef510ec868623e74cfe98feaa4e8	e90d79341bb8ef510ec868623e74cfe98feaa4e8	leanprover/lean4:v4.32.2	1	Velvet/Examples/SpMSpV_Example.lean	VSpV_correct	3203096880704497577	3203096880704497577	pass	-	212	-	(out.set! 0 (out[0]! + spv.val[ind]! * arr[spv.ind[ind]!]!))[0]! = sumUpTo spv arr (ind + 1)
velvet	crush	e90d79341bb8ef510ec868623e74cfe98feaa4e8	e90d79341bb8ef510ec868623e74cfe98feaa4e8	leanprover/lean4:v4.32.2	1	Velvet/Examples/SpMSpV_Example.lean	VSpV_correct	13561229236986007424	13561229236986007424	pass	-	2	-	out.size = 1
velvet	crush	e90d79341bb8ef510ec868623e74cfe98feaa4e8	e90d79341bb8ef510ec868623e74cfe98feaa4e8	leanprover/lean4:v4.32.2	1	Velvet/Examples/SpMSpV_Example.lean	VSpV_correct	4023749508134620518	4023749508134620518	pass	-	1	-	ind ≤ spv.size
velvet	crush	e90d79341bb8ef510ec868623e74cfe98feaa4e8	e90d79341bb8ef510ec868623e74cfe98feaa4e8	leanprover/lean4:v4.32.2	1	Velvet/Examples/SpMSpV_Example.lean	VSpV_correct	6516497319029947851	6516497319029947851	pass	-	2	-	out[0]! = sumUpTo spv arr ind
velvet	crush	e90d79341bb8ef510ec868623e74cfe98feaa4e8	e90d79341bb8ef510ec868623e74cfe98feaa4e8	leanprover/lean4:v4.32.2	1	Velvet/Examples/SpMSpV_Example.lean	VSpV_correct	6511268073169614694	6511268073169614694	pass	-	78	-	ind = spv.size
velvet	crush	e90d79341bb8ef510ec868623e74cfe98feaa4e8	e90d79341bb8ef510ec868623e74cfe98feaa4e8	leanprover/lean4:v4.32.2	1	Velvet/Examples/SpMSpV_Example.lean	VSpV_correct	3467184461832131134	3467184461832131134	pass	-	1	-	(Array.replicate 1 0).size = 1
velvet	crush	e90d79341bb8ef510ec868623e74cfe98feaa4e8	e90d79341bb8ef510ec868623e74cfe98feaa4e8	leanprover/lean4:v4.32.2	1	Velvet/Examples/SpMSpV_Example.lean	VSpV_correct	975338514235632457	975338514235632457	pass	-	89	-	0 ≤ spv.size
velvet	crush	e90d79341bb8ef510ec868623e74cfe98feaa4e8	e90d79341bb8ef510ec868623e74cfe98feaa4e8	leanprover/lean4:v4.32.2	1	Velvet/Examples/SpMSpV_Example.lean	VSpV_correct	12341185047943028706	12341185047943028706	pass	-	131	-	(Array.replicate 1 0)[0]! = sumUpTo spv arr 0
velvet	crush	e90d79341bb8ef510ec868623e74cfe98feaa4e8	e90d79341bb8ef510ec868623e74cfe98feaa4e8	leanprover/lean4:v4.32.2	1	Velvet/Examples/SpMSpV_Example.lean	VSpV_correct	17907350532264535304	17907350532264535304	pass	-	3	-	out_1[0]! = sumUpTo spv arr spv.size
velvet	crush	e90d79341bb8ef510ec868623e74cfe98feaa4e8	e90d79341bb8ef510ec868623e74cfe98feaa4e8	leanprover/lean4:v4.32.2	1	Velvet/Examples/SpMSpV_Example.lean	VSpV_correct	6948348975417913427	6948348975417913427	pass	-	3	-	out_1.size = 1
velvet	crush	e90d79341bb8ef510ec868623e74cfe98feaa4e8	e90d79341bb8ef510ec868623e74cfe98feaa4e8	leanprover/lean4:v4.32.2	1	Velvet/Examples/SpMSpV_Example.lean	spmv_correct	2560064229450187973	2560064229450187973	pass	-	6	-	(arrInd.set! i (arrInd[i]! + 1)).size = spm.size
velvet	crush	e90d79341bb8ef510ec868623e74cfe98feaa4e8	e90d79341bb8ef510ec868623e74cfe98feaa4e8	leanprover/lean4:v4.32.2	1	Velvet/Examples/SpMSpV_Example.lean	spmv_correct	11268031057524734514	11268031057524734514	pass	-	7	-	(out.set! i (out[i]! + spm[i]!.val[arrInd[i]!]! * arr[spm[i]!.ind[arrInd[i]!]!]!)).size = spm.size
velvet	crush	e90d79341bb8ef510ec868623e74cfe98feaa4e8	e90d79341bb8ef510ec868623e74cfe98feaa4e8	leanprover/lean4:v4.32.2	1	Velvet/Examples/SpMSpV_Example.lean	spmv_correct	10035930273513517515	10035930273513517515	pass	-	209	-	∀ i_1 < (arrInd.set! i (arrInd[i]! + 1)).size, (arrInd.set! i (arrInd[i]! + 1))[i_1]! ≤ spm[i_1]!.size
velvet	crush	e90d79341bb8ef510ec868623e74cfe98feaa4e8	e90d79341bb8ef510ec868623e74cfe98feaa4e8	leanprover/lean4:v4.32.2	1	Velvet/Examples/SpMSpV_Example.lean	spmv_correct	4828757563640441921	4828757563640441921	pass	-	389	-	∀ i_1 < (arrInd.set! i (arrInd[i]! + 1)).size,   (out.set! i (out[i]! + spm[i]!.val[arrInd[i]!]! * arr[spm[i]!.ind[arrInd[i]!]!]!))[i_1]! =     sumUpTo spm[i_1]! arr (arrInd.set! i (arrInd[i]! + 1))[i_1]!
velvet	crush	e90d79341bb8ef510ec868623e74cfe98feaa4e8	e90d79341bb8ef510ec868623e74cfe98feaa4e8	leanprover/lean4:v4.32.2	1	Velvet/Examples/SpMSpV_Example.lean	spmv_correct	11230331504797547582	11230331504797547582	pass	-	5	-	arrInd.size = spm.size
velvet	crush	e90d79341bb8ef510ec868623e74cfe98feaa4e8	e90d79341bb8ef510ec868623e74cfe98feaa4e8	leanprover/lean4:v4.32.2	1	Velvet/Examples/SpMSpV_Example.lean	spmv_correct	17578923063843270768	17578923063843270768	pass	-	5	-	out.size = spm.size
velvet	crush	e90d79341bb8ef510ec868623e74cfe98feaa4e8	e90d79341bb8ef510ec868623e74cfe98feaa4e8	leanprover/lean4:v4.32.2	1	Velvet/Examples/SpMSpV_Example.lean	spmv_correct	9723121325275610683	9723121325275610683	pass	-	97	-	∀ i < arrInd.size, arrInd[i]! ≤ spm[i]!.size
velvet	crush	e90d79341bb8ef510ec868623e74cfe98feaa4e8	e90d79341bb8ef510ec868623e74cfe98feaa4e8	leanprover/lean4:v4.32.2	1	Velvet/Examples/SpMSpV_Example.lean	spmv_correct	17138153512408342530	17138153512408342530	pass	-	165	-	∀ i < arrInd.size, out[i]! = sumUpTo spm[i]! arr arrInd[i]!
velvet	crush	e90d79341bb8ef510ec868623e74cfe98feaa4e8	e90d79341bb8ef510ec868623e74cfe98feaa4e8	leanprover/lean4:v4.32.2	1	Velvet/Examples/SpMSpV_Example.lean	spmv_correct	1779879977175361606	1779879977175361606	pass	-	147	-	∀ i < arrInd.size, arrInd[i]! = spm[i]!.size
velvet	crush	e90d79341bb8ef510ec868623e74cfe98feaa4e8	e90d79341bb8ef510ec868623e74cfe98feaa4e8	leanprover/lean4:v4.32.2	1	Velvet/Examples/SpMSpV_Example.lean	spmv_correct	1927473323286999035	1927473323286999035	pass	-	1	-	(Array.replicate spm.size 0).size = spm.size
velvet	crush	e90d79341bb8ef510ec868623e74cfe98feaa4e8	e90d79341bb8ef510ec868623e74cfe98feaa4e8	leanprover/lean4:v4.32.2	1	Velvet/Examples/SpMSpV_Example.lean	spmv_correct	1927473323286999035	1927473323286999035	pass	-	1	-	(Array.replicate spm.size 0).size = spm.size
velvet	crush	e90d79341bb8ef510ec868623e74cfe98feaa4e8	e90d79341bb8ef510ec868623e74cfe98feaa4e8	leanprover/lean4:v4.32.2	1	Velvet/Examples/SpMSpV_Example.lean	spmv_correct	3184815126966959579	3184815126966959579	pass	-	141	-	∀ i < (Array.replicate spm.size 0).size, (Array.replicate spm.size 0)[i]! ≤ spm[i]!.size
velvet	crush	e90d79341bb8ef510ec868623e74cfe98feaa4e8	e90d79341bb8ef510ec868623e74cfe98feaa4e8	leanprover/lean4:v4.32.2	1	Velvet/Examples/SpMSpV_Example.lean	spmv_correct	1119395027554635835	1119395027554635835	pass	-	165	-	∀ i < (Array.replicate spm.size 0).size,   (Array.replicate spm.size 0)[i]! = sumUpTo spm[i]! arr (Array.replicate spm.size 0)[i]!
velvet	crush	e90d79341bb8ef510ec868623e74cfe98feaa4e8	e90d79341bb8ef510ec868623e74cfe98feaa4e8	leanprover/lean4:v4.32.2	1	Velvet/Examples/SpMSpV_Example.lean	spmv_correct	2867453267844152322	2867453267844152322	pass	-	246	-	∀ i < spm.size, out_1[i]! = sumUpTo spm[i]! arr spm[i]!.size
velvet	crush	e90d79341bb8ef510ec868623e74cfe98feaa4e8	e90d79341bb8ef510ec868623e74cfe98feaa4e8	leanprover/lean4:v4.32.2	1	Velvet/Examples/SpMSpV_Example.lean	spmv_correct	16615537408723427288	16615537408723427288	pass	-	7	-	spm.size = out_1.size
velvet	crush	e90d79341bb8ef510ec868623e74cfe98feaa4e8	e90d79341bb8ef510ec868623e74cfe98feaa4e8	leanprover/lean4:v4.32.2	1	Velvet/Examples/SpMSpV_Example.lean	SpVSpV_correct	7752079179715214779	7752079179715214779	pass	-	3	-	(out.set! 0 (out[0]! + spv1.val[pnt1]! * spv2.val[pnt2]!)).size = 1
velvet	crush	e90d79341bb8ef510ec868623e74cfe98feaa4e8	e90d79341bb8ef510ec868623e74cfe98feaa4e8	leanprover/lean4:v4.32.2	1	Velvet/Examples/SpMSpV_Example.lean	SpVSpV_correct	12365816836206760017	12365816836206760017	pass	-	182	-	pnt1 + 1 ≤ spv1.size ∧ pnt2 + 1 ≤ spv2.size
velvet	crush	e90d79341bb8ef510ec868623e74cfe98feaa4e8	e90d79341bb8ef510ec868623e74cfe98feaa4e8	leanprover/lean4:v4.32.2	1	Velvet/Examples/SpMSpV_Example.lean	SpVSpV_correct	14837198768818932204	14837198768818932204	pass	-	529	-	(out.set! 0 (out[0]! + spv1.val[pnt1]! * spv2.val[pnt2]!))[0]! + spv_dot spv1 spv2 (pnt1 + 1) (pnt2 + 1) =   spv_dot spv1 spv2 0 0
velvet	crush	e90d79341bb8ef510ec868623e74cfe98feaa4e8	e90d79341bb8ef510ec868623e74cfe98feaa4e8	leanprover/lean4:v4.32.2	1	Velvet/Examples/SpMSpV_Example.lean	SpVSpV_correct	13561229236986007424	13561229236986007424	pass	-	3	-	out.size = 1
velvet	crush	e90d79341bb8ef510ec868623e74cfe98feaa4e8	e90d79341bb8ef510ec868623e74cfe98feaa4e8	leanprover/lean4:v4.32.2	1	Velvet/Examples/SpMSpV_Example.lean	SpVSpV_correct	15323100967004739210	15323100967004739210	pass	-	186	-	pnt1 + 1 ≤ spv1.size ∧ pnt2 ≤ spv2.size
velvet	crush	e90d79341bb8ef510ec868623e74cfe98feaa4e8	e90d79341bb8ef510ec868623e74cfe98feaa4e8	leanprover/lean4:v4.32.2	1	Velvet/Examples/SpMSpV_Example.lean	SpVSpV_correct	10656169208955874266	10656169208955874266	pass	-	266	-	out[0]! + spv_dot spv1 spv2 (pnt1 + 1) pnt2 = spv_dot spv1 spv2 0 0
velvet	crush	e90d79341bb8ef510ec868623e74cfe98feaa4e8	e90d79341bb8ef510ec868623e74cfe98feaa4e8	leanprover/lean4:v4.32.2	1	Velvet/Examples/SpMSpV_Example.lean	SpVSpV_correct	13561229236986007424	13561229236986007424	pass	-	3	-	out.size = 1
velvet	crush	e90d79341bb8ef510ec868623e74cfe98feaa4e8	e90d79341bb8ef510ec868623e74cfe98feaa4e8	leanprover/lean4:v4.32.2	1	Velvet/Examples/SpMSpV_Example.lean	SpVSpV_correct	9762937465648280212	9762937465648280212	pass	-	185	-	pnt1 ≤ spv1.size ∧ pnt2 + 1 ≤ spv2.size
velvet	crush	e90d79341bb8ef510ec868623e74cfe98feaa4e8	e90d79341bb8ef510ec868623e74cfe98feaa4e8	leanprover/lean4:v4.32.2	1	Velvet/Examples/SpMSpV_Example.lean	SpVSpV_correct	2195194365498566470	2195194365498566470	pass	-	280	-	out[0]! + spv_dot spv1 spv2 pnt1 (pnt2 + 1) = spv_dot spv1 spv2 0 0
velvet	crush	e90d79341bb8ef510ec868623e74cfe98feaa4e8	e90d79341bb8ef510ec868623e74cfe98feaa4e8	leanprover/lean4:v4.32.2	1	Velvet/Examples/SpMSpV_Example.lean	SpVSpV_correct	13561229236986007424	13561229236986007424	pass	-	2	-	out.size = 1
velvet	crush	e90d79341bb8ef510ec868623e74cfe98feaa4e8	e90d79341bb8ef510ec868623e74cfe98feaa4e8	leanprover/lean4:v4.32.2	1	Velvet/Examples/SpMSpV_Example.lean	SpVSpV_correct	11853401597336712609	11853401597336712609	pass	-	167	-	pnt1 ≤ spv1.size ∧ pnt2 ≤ spv2.size
velvet	crush	e90d79341bb8ef510ec868623e74cfe98feaa4e8	e90d79341bb8ef510ec868623e74cfe98feaa4e8	leanprover/lean4:v4.32.2	1	Velvet/Examples/SpMSpV_Example.lean	SpVSpV_correct	8906564304959696025	8906564304959696025	pass	-	3	-	out[0]! + spv_dot spv1 spv2 pnt1 pnt2 = spv_dot spv1 spv2 0 0
velvet	crush	e90d79341bb8ef510ec868623e74cfe98feaa4e8	e90d79341bb8ef510ec868623e74cfe98feaa4e8	leanprover/lean4:v4.32.2	1	Velvet/Examples/SpMSpV_Example.lean	SpVSpV_correct	2836632441074815746	2836632441074815746	pass	-	153	-	pnt1 = spv1.size ∨ pnt2 = spv2.size
velvet	crush	e90d79341bb8ef510ec868623e74cfe98feaa4e8	e90d79341bb8ef510ec868623e74cfe98feaa4e8	leanprover/lean4:v4.32.2	1	Velvet/Examples/SpMSpV_Example.lean	SpVSpV_correct	3467184461832131134	3467184461832131134	pass	-	1	-	(Array.replicate 1 0).size = 1
velvet	crush	e90d79341bb8ef510ec868623e74cfe98feaa4e8	e90d79341bb8ef510ec868623e74cfe98feaa4e8	leanprover/lean4:v4.32.2	1	Velvet/Examples/SpMSpV_Example.lean	SpVSpV_correct	9157999431728333977	9157999431728333977	pass	-	146	-	0 ≤ spv1.size ∧ 0 ≤ spv2.size
velvet	crush	e90d79341bb8ef510ec868623e74cfe98feaa4e8	e90d79341bb8ef510ec868623e74cfe98feaa4e8	leanprover/lean4:v4.32.2	1	Velvet/Examples/SpMSpV_Example.lean	SpVSpV_correct	12484676100150332319	12484676100150332319	pass	-	212	-	(Array.replicate 1 0)[0]! + spv_dot spv1 spv2 0 0 = spv_dot spv1 spv2 0 0
velvet	crush	e90d79341bb8ef510ec868623e74cfe98feaa4e8	e90d79341bb8ef510ec868623e74cfe98feaa4e8	leanprover/lean4:v4.32.2	1	Velvet/Examples/SpMSpV_Example.lean	SpVSpV_correct	6547543738413559297	6547543738413559297	pass	-	223	-	i[0]! = spv_dot spv1 spv2 0 0
velvet	crush	e90d79341bb8ef510ec868623e74cfe98feaa4e8	e90d79341bb8ef510ec868623e74cfe98feaa4e8	leanprover/lean4:v4.32.2	1	Velvet/Examples/SpMSpV_Example.lean	SpVSpV_correct	4428589781148415831	4428589781148415831	pass	-	4	-	i.size = 1
velvet	crush	e90d79341bb8ef510ec868623e74cfe98feaa4e8	e90d79341bb8ef510ec868623e74cfe98feaa4e8	leanprover/lean4:v4.32.2	1	Velvet/Examples/SpMSpV_Example.lean	SpMSpV_correct	10600388612998636634	10600388612998636634	pass	-	9	-	(spvInd.set! i (spvInd[i]! + 1)).size = spm.size
velvet	crush	e90d79341bb8ef510ec868623e74cfe98feaa4e8	e90d79341bb8ef510ec868623e74cfe98feaa4e8	leanprover/lean4:v4.32.2	1	Velvet/Examples/SpMSpV_Example.lean	SpMSpV_correct	12568830336983413194	12568830336983413194	pass	-	9	-	(spmInd.set! i (spmInd[i]! + 1)).size = spm.size
velvet	crush	e90d79341bb8ef510ec868623e74cfe98feaa4e8	e90d79341bb8ef510ec868623e74cfe98feaa4e8	leanprover/lean4:v4.32.2	1	Velvet/Examples/SpMSpV_Example.lean	SpMSpV_correct	326977185203169709	326977185203169709	pass	-	8	-	(out.set! i (out[i]! + spm[i]!.val[spmInd[i]!]! * spv.val[spvInd[i]!]!)).size = spm.size
velvet	crush	e90d79341bb8ef510ec868623e74cfe98feaa4e8	e90d79341bb8ef510ec868623e74cfe98feaa4e8	leanprover/lean4:v4.32.2	1	Velvet/Examples/SpMSpV_Example.lean	SpMSpV_correct	16599719904663808863	16599719904663808863	pass	-	295	-	∀ i_1 < (spmInd.set! i (spmInd[i]! + 1)).size, (spmInd.set! i (spmInd[i]! + 1))[i_1]! ≤ spm[i_1]!.size
velvet	crush	e90d79341bb8ef510ec868623e74cfe98feaa4e8	e90d79341bb8ef510ec868623e74cfe98feaa4e8	leanprover/lean4:v4.32.2	1	Velvet/Examples/SpMSpV_Example.lean	SpMSpV_correct	9413868035314052637	9413868035314052637	pass	-	276	-	∀ i_1 < (spvInd.set! i (spvInd[i]! + 1)).size, (spvInd.set! i (spvInd[i]! + 1))[i_1]! ≤ spv.size
velvet	crush	e90d79341bb8ef510ec868623e74cfe98feaa4e8	e90d79341bb8ef510ec868623e74cfe98feaa4e8	leanprover/lean4:v4.32.2	1	Velvet/Examples/SpMSpV_Example.lean	SpMSpV_correct	11331147013392176036	11331147013392176036	pass	-	856	-	∀ i_1 < spm.size,   (out.set! i (out[i]! + spm[i]!.val[spmInd[i]!]! * spv.val[spvInd[i]!]!))[i_1]! +       spv_dot spm[i_1]! spv (spmInd.set! i (spmInd[i]! + 1))[i_1]! (spvInd.set! i (spvInd[i]! + 1))[i_1]! =     spv_dot spm[i_1]! spv 0 0
velvet	crush	e90d79341bb8ef510ec868623e74cfe98feaa4e8	e90d79341bb8ef510ec868623e74cfe98feaa4e8	leanprover/lean4:v4.32.2	1	Velvet/Examples/SpMSpV_Example.lean	SpMSpV_correct	3439126561156933339	3439126561156933339	pass	-	9	-	spvInd.size = spm.size
velvet	crush	e90d79341bb8ef510ec868623e74cfe98feaa4e8	e90d79341bb8ef510ec868623e74cfe98feaa4e8	leanprover/lean4:v4.32.2	1	Velvet/Examples/SpMSpV_Example.lean	SpMSpV_correct	12568830336983413194	12568830336983413194	pass	-	10	-	(spmInd.set! i (spmInd[i]! + 1)).size = spm.size
velvet	crush	e90d79341bb8ef510ec868623e74cfe98feaa4e8	e90d79341bb8ef510ec868623e74cfe98feaa4e8	leanprover/lean4:v4.32.2	1	Velvet/Examples/SpMSpV_Example.lean	SpMSpV_correct	17578923063843270768	17578923063843270768	pass	-	9	-	out.size = spm.size
velvet	crush	e90d79341bb8ef510ec868623e74cfe98feaa4e8	e90d79341bb8ef510ec868623e74cfe98feaa4e8	leanprover/lean4:v4.32.2	1	Velvet/Examples/SpMSpV_Example.lean	SpMSpV_correct	16599719904663808863	16599719904663808863	pass	-	285	-	∀ i_1 < (spmInd.set! i (spmInd[i]! + 1)).size, (spmInd.set! i (spmInd[i]! + 1))[i_1]! ≤ spm[i_1]!.size
velvet	crush	e90d79341bb8ef510ec868623e74cfe98feaa4e8	e90d79341bb8ef510ec868623e74cfe98feaa4e8	leanprover/lean4:v4.32.2	1	Velvet/Examples/SpMSpV_Example.lean	SpMSpV_correct	14915918579342464454	14915918579342464454	pass	-	185	-	∀ i < spvInd.size, spvInd[i]! ≤ spv.size
velvet	crush	e90d79341bb8ef510ec868623e74cfe98feaa4e8	e90d79341bb8ef510ec868623e74cfe98feaa4e8	leanprover/lean4:v4.32.2	1	Velvet/Examples/SubstringSearch.lean	SubstringSearch_correct	18217664312208415458	18217664312208415458	pass	-	124	-	¬false = true → ∀ i < s.size, ¬p s[i]! = true
velvet	crush	e90d79341bb8ef510ec868623e74cfe98feaa4e8	e90d79341bb8ef510ec868623e74cfe98feaa4e8	leanprover/lean4:v4.32.2	1	Velvet/Examples/SubstringSearch.lean	SubstringSearch_correct	14717207787831772510	14717207787831772510	pass	-	48	-	false = true → ∀ (l₁ r₁ : ℕ), CorrectSubstring s p l₁ r₁ → r₁ - l₁ + 1 = 0 - 0 + 1 ∧ 0 ≤ r₁ ∨ r₁ - l₁ + 1 < 0 - 0 + 1
velvet	crush	e90d79341bb8ef510ec868623e74cfe98feaa4e8	e90d79341bb8ef510ec868623e74cfe98feaa4e8	leanprover/lean4:v4.32.2	1	Velvet/Examples/SubstringSearch.lean	SubstringSearch_correct	10323933724704776680	10323933724704776680	pass	-	69	-	false = true → CorrectSubstring s p 0 0
velvet	crush	e90d79341bb8ef510ec868623e74cfe98feaa4e8	e90d79341bb8ef510ec868623e74cfe98feaa4e8	leanprover/lean4:v4.32.2	1	Velvet/Examples/SubstringSearch.lean	SubstringSearch_correct	8391554914672281118	8391554914672281118	pass	-	2	-	0 < s.size → 0 < s.size
velvet	crush	e90d79341bb8ef510ec868623e74cfe98feaa4e8	e90d79341bb8ef510ec868623e74cfe98feaa4e8	leanprover/lean4:v4.32.2	1	Velvet/Examples/SubstringSearch.lean	SubstringSearch_correct	6640297411548399355	6640297411548399355	pass	-	32	-	0 ≤ 0
velvet	crush	e90d79341bb8ef510ec868623e74cfe98feaa4e8	e90d79341bb8ef510ec868623e74cfe98feaa4e8	leanprover/lean4:v4.32.2	1	Velvet/Examples/SubstringSearch.lean	SubstringSearch_correct	4492008039209323302	4492008039209323302	pass	-	131	-	0 ≤ cnt + 1
velvet	crush	e90d79341bb8ef510ec868623e74cfe98feaa4e8	e90d79341bb8ef510ec868623e74cfe98feaa4e8	leanprover/lean4:v4.32.2	1	Velvet/Examples/SubstringSearch.lean	SubstringSearch_correct	16506446102682745284	16506446102682745284	pass	-	83	-	cnt + 1 ≤ pnt + 1
velvet	crush	e90d79341bb8ef510ec868623e74cfe98feaa4e8	e90d79341bb8ef510ec868623e74cfe98feaa4e8	leanprover/lean4:v4.32.2	1	Velvet/Examples/SubstringSearch.lean	SubstringSearch_correct	4056255141881592010	4056255141881592010	pass	-	27	-	pnt + 1 ≤ s.size
velvet	crush	e90d79341bb8ef510ec868623e74cfe98feaa4e8	e90d79341bb8ef510ec868623e74cfe98feaa4e8	leanprover/lean4:v4.32.2	1	Velvet/Examples/SubstringSearch.lean	SubstringSearch_correct	10653939026877543916	10653939026877543916	pass	-	89	-	pnt + 1 - (cnt + 1) ≤ pnt
velvet	crush	e90d79341bb8ef510ec868623e74cfe98feaa4e8	e90d79341bb8ef510ec868623e74cfe98feaa4e8	leanprover/lean4:v4.32.2	1	Velvet/Examples/SubstringSearch.lean	SubstringSearch_correct	11759649870705798849	11759649870705798849	pass	-	14	-	pnt < s.size
velvet	crush	e90d79341bb8ef510ec868623e74cfe98feaa4e8	e90d79341bb8ef510ec868623e74cfe98feaa4e8	leanprover/lean4:v4.32.2	1	Velvet/Examples/SubstringSearch.lean	SubstringSearch_correct	18143633401136980304	18143633401136980304	pass	-	71	-	cnt + 1 ≤ cnt + 1
velvet	crush	e90d79341bb8ef510ec868623e74cfe98feaa4e8	e90d79341bb8ef510ec868623e74cfe98feaa4e8	leanprover/lean4:v4.32.2	1	Velvet/Examples/SubstringSearch.lean	SubstringSearch_correct	16856248441874989194	16856248441874989194	pass	-	72	-	pnt ≤ pnt + 1
velvet	crush	e90d79341bb8ef510ec868623e74cfe98feaa4e8	e90d79341bb8ef510ec868623e74cfe98feaa4e8	leanprover/lean4:v4.32.2	1	Velvet/Examples/SubstringSearch.lean	SubstringSearch_correct	1598574868652780333	1598574868652780333	pass	-	380	-	∀ (j : ℕ), pnt + 1 - (cnt + 1) ≤ j → j < pnt + 1 → p s[j]! = true
velvet	crush	e90d79341bb8ef510ec868623e74cfe98feaa4e8	e90d79341bb8ef510ec868623e74cfe98feaa4e8	leanprover/lean4:v4.32.2	1	Velvet/Examples/SubstringSearch.lean	SubstringSearch_correct	6083540873046640352	6083540873046640352	pass	-	152	-	cnt + 1 > 0 → cnt + 1 = pnt - (pnt + 1 - (cnt + 1)) + 1 ∧ CorrectSubstring s p (pnt + 1 - (cnt + 1)) pnt
velvet	crush	e90d79341bb8ef510ec868623e74cfe98feaa4e8	e90d79341bb8ef510ec868623e74cfe98feaa4e8	leanprover/lean4:v4.32.2	1	Velvet/Examples/SubstringSearch.lean	SubstringSearch_correct	18314524564682266162	18314524564682266162	pass	-	40	-	cnt + 1 = 0 → ∀ i < pnt + 1, ¬p s[i]! = true
velvet	crush	e90d79341bb8ef510ec868623e74cfe98feaa4e8	e90d79341bb8ef510ec868623e74cfe98feaa4e8	leanprover/lean4:v4.32.2	1	Velvet/Examples/SubstringSearch.lean	SubstringSearch_correct	14859665284842375974	14859665284842375974	pass	-	163	-	cnt + 1 < pnt + 1 → ¬p s[pnt + 1 - (cnt + 1) - 1]! = true
velvet	crush	e90d79341bb8ef510ec868623e74cfe98feaa4e8	e90d79341bb8ef510ec868623e74cfe98feaa4e8	leanprover/lean4:v4.32.2	1	Velvet/Examples/SumOfDigits.lean	SumOfDigits_correct	4887343456502517186	4887343456502517186	pass	-	110	-	sum + n % 10 + SumDigits (n / 10) = SumDigits number
velvet	crush	e90d79341bb8ef510ec868623e74cfe98feaa4e8	e90d79341bb8ef510ec868623e74cfe98feaa4e8	leanprover/lean4:v4.32.2	1	Velvet/Examples/SumOfDigits.lean	SumOfDigits_correct	5431800701729144158	5431800701729144158	pass	-	86	-	0 ≤ sum + n % 10
velvet	crush	e90d79341bb8ef510ec868623e74cfe98feaa4e8	e90d79341bb8ef510ec868623e74cfe98feaa4e8	leanprover/lean4:v4.32.2	1	Velvet/Examples/SumOfDigits.lean	SumOfDigits_correct	3012699503639543524	3012699503639543524	pass	-	1	-	sum + SumDigits n = SumDigits number
velvet	crush	e90d79341bb8ef510ec868623e74cfe98feaa4e8	e90d79341bb8ef510ec868623e74cfe98feaa4e8	leanprover/lean4:v4.32.2	1	Velvet/Examples/SumOfDigits.lean	SumOfDigits_correct	12835711844832851839	12835711844832851839	pass	-	1	-	0 ≤ sum
velvet	crush	e90d79341bb8ef510ec868623e74cfe98feaa4e8	e90d79341bb8ef510ec868623e74cfe98feaa4e8	leanprover/lean4:v4.32.2	1	Velvet/Examples/SumOfDigits.lean	SumOfDigits_correct	7475080825861972690	7475080825861972690	pass	-	72	-	n = 0
velvet	crush	e90d79341bb8ef510ec868623e74cfe98feaa4e8	e90d79341bb8ef510ec868623e74cfe98feaa4e8	leanprover/lean4:v4.32.2	1	Velvet/Examples/SumOfDigits.lean	SumOfDigits_correct	15970435702129902192	15970435702129902192	pass	-	72	-	0 + SumDigits number = SumDigits number
velvet	crush	e90d79341bb8ef510ec868623e74cfe98feaa4e8	e90d79341bb8ef510ec868623e74cfe98feaa4e8	leanprover/lean4:v4.32.2	1	Velvet/Examples/SumOfDigits.lean	SumOfDigits_correct	6640297411548399355	6640297411548399355	pass	-	36	-	0 ≤ 0
velvet	crush	e90d79341bb8ef510ec868623e74cfe98feaa4e8	e90d79341bb8ef510ec868623e74cfe98feaa4e8	leanprover/lean4:v4.32.2	1	Velvet/Examples/SumOfDigits.lean	SumOfDigits_correct	3871074223281074707	3871074223281074707	pass	-	118	-	sum_1 = SumDigits number
velvet	crush	e90d79341bb8ef510ec868623e74cfe98feaa4e8	e90d79341bb8ef510ec868623e74cfe98feaa4e8	leanprover/lean4:v4.32.2	1	Velvet/Examples/TestLoopControl.lean	test1_correct	4791612905070682933	4791612905070682933	pass	-	90	-	x + 1 + (t - 1) = a
velvet	crush	e90d79341bb8ef510ec868623e74cfe98feaa4e8	e90d79341bb8ef510ec868623e74cfe98feaa4e8	leanprover/lean4:v4.32.2	1	Velvet/Examples/TestLoopControl.lean	test1_correct	4635955882467741603	4635955882467741603	pass	-	81	-	x + 1 = 10 ∨ t - 1 = 0
velvet	crush	e90d79341bb8ef510ec868623e74cfe98feaa4e8	e90d79341bb8ef510ec868623e74cfe98feaa4e8	leanprover/lean4:v4.32.2	1	Velvet/Examples/TestLoopControl.lean	test1_correct	4791612905070682933	4791612905070682933	pass	-	56	-	x + 1 + (t - 1) = a
velvet	crush	e90d79341bb8ef510ec868623e74cfe98feaa4e8	e90d79341bb8ef510ec868623e74cfe98feaa4e8	leanprover/lean4:v4.32.2	1	Velvet/Examples/TestLoopControl.lean	test1_correct	8037191589732674397	8037191589732674397	pass	-	2	-	x + t = a
velvet	crush	e90d79341bb8ef510ec868623e74cfe98feaa4e8	e90d79341bb8ef510ec868623e74cfe98feaa4e8	leanprover/lean4:v4.32.2	1	Velvet/Examples/TestLoopControl.lean	test1_correct	4982008840348523404	4982008840348523404	pass	-	55	-	x = 10 ∨ t = 0
velvet	crush	e90d79341bb8ef510ec868623e74cfe98feaa4e8	e90d79341bb8ef510ec868623e74cfe98feaa4e8	leanprover/lean4:v4.32.2	1	Velvet/Examples/TestLoopControl.lean	test1_correct	14929476196725773389	14929476196725773389	pass	-	61	-	0 + a = a
velvet	crush	e90d79341bb8ef510ec868623e74cfe98feaa4e8	e90d79341bb8ef510ec868623e74cfe98feaa4e8	leanprover/lean4:v4.32.2	1	Velvet/Examples/TestLoopControl.lean	test1_correct	2311107858308393802	2311107858308393802	pass	-	75	-	x_1 > 0
velvet	crush	e90d79341bb8ef510ec868623e74cfe98feaa4e8	e90d79341bb8ef510ec868623e74cfe98feaa4e8	leanprover/lean4:v4.32.2	1	Velvet/Examples/TestLoopControl.lean	test2_correct	8037191589732674397	8037191589732674397	pass	-	1	-	x + t = a
velvet	crush	e90d79341bb8ef510ec868623e74cfe98feaa4e8	e90d79341bb8ef510ec868623e74cfe98feaa4e8	leanprover/lean4:v4.32.2	1	Velvet/Examples/TestLoopControl.lean	test2_correct	4791612905070682933	4791612905070682933	pass	-	77	-	x + 1 + (t - 1) = a
velvet	crush	e90d79341bb8ef510ec868623e74cfe98feaa4e8	e90d79341bb8ef510ec868623e74cfe98feaa4e8	leanprover/lean4:v4.32.2	1	Velvet/Examples/TestLoopControl.lean	test2_correct	8037191589732674397	8037191589732674397	pass	-	2	-	x + t = a
velvet	crush	e90d79341bb8ef510ec868623e74cfe98feaa4e8	e90d79341bb8ef510ec868623e74cfe98feaa4e8	leanprover/lean4:v4.32.2	1	Velvet/Examples/TestLoopControl.lean	test2_correct	817407402121334710	817407402121334710	pass	-	51	-	t = 0
velvet	crush	e90d79341bb8ef510ec868623e74cfe98feaa4e8	e90d79341bb8ef510ec868623e74cfe98feaa4e8	leanprover/lean4:v4.32.2	1	Velvet/Examples/TestLoopControl.lean	test2_correct	14929476196725773389	14929476196725773389	pass	-	65	-	0 + a = a
velvet	crush	e90d79341bb8ef510ec868623e74cfe98feaa4e8	e90d79341bb8ef510ec868623e74cfe98feaa4e8	leanprover/lean4:v4.32.2	1	Velvet/Examples/TestLoopControl.lean	test2_correct	2311107858308393802	2311107858308393802	pass	-	45	-	x_1 > 0
velvet	crush	e90d79341bb8ef510ec868623e74cfe98feaa4e8	e90d79341bb8ef510ec868623e74cfe98feaa4e8	leanprover/lean4:v4.32.2	1	Velvet/Examples/TestLoopControl.lean	sum_even_correct	8140981983620881888	8140981983620881888	pass	-	4	-	i + 1 ≤ arr.size
velvet	crush	e90d79341bb8ef510ec868623e74cfe98feaa4e8	e90d79341bb8ef510ec868623e74cfe98feaa4e8	leanprover/lean4:v4.32.2	1	Velvet/Examples/TestLoopControl.lean	sum_even_correct	13972406881857011341	13972406881857011341	pass	-	808	-	s = (Array.filter (fun x => decide (x % 2 = 0)) (arr.extract 0 (i + 1))).sum
velvet	crush	e90d79341bb8ef510ec868623e74cfe98feaa4e8	e90d79341bb8ef510ec868623e74cfe98feaa4e8	leanprover/lean4:v4.32.2	1	Velvet/Examples/TestLoopControl.lean	sum_even_correct	8140981983620881888	8140981983620881888	pass	-	4	-	i + 1 ≤ arr.size
velvet	crush	e90d79341bb8ef510ec868623e74cfe98feaa4e8	e90d79341bb8ef510ec868623e74cfe98feaa4e8	leanprover/lean4:v4.32.2	1	Velvet/Examples/TestLoopControl.lean	sum_even_correct	2763434902891560151	2763434902891560151	pass	-	772	-	s + arr[i]! = (Array.filter (fun x => decide (x % 2 = 0)) (arr.extract 0 (i + 1))).sum
velvet	crush	e90d79341bb8ef510ec868623e74cfe98feaa4e8	e90d79341bb8ef510ec868623e74cfe98feaa4e8	leanprover/lean4:v4.32.2	1	Velvet/Examples/TestLoopControl.lean	sum_even_correct	9560710549938607088	9560710549938607088	pass	-	2	-	i ≤ arr.size
velvet	crush	e90d79341bb8ef510ec868623e74cfe98feaa4e8	e90d79341bb8ef510ec868623e74cfe98feaa4e8	leanprover/lean4:v4.32.2	1	Velvet/Examples/TestLoopControl.lean	sum_even_correct	4016036276427276962	4016036276427276962	pass	-	4	-	s = (Array.filter (fun x => decide (x % 2 = 0)) (arr.extract 0 i)).sum
velvet	crush	e90d79341bb8ef510ec868623e74cfe98feaa4e8	e90d79341bb8ef510ec868623e74cfe98feaa4e8	leanprover/lean4:v4.32.2	1	Velvet/Examples/TestLoopControl.lean	sum_even_correct	12910903814107581038	12910903814107581038	pass	-	446	-	s = (Array.filter (fun x => decide (x % 2 = 0)) arr).sum
velvet	crush	e90d79341bb8ef510ec868623e74cfe98feaa4e8	e90d79341bb8ef510ec868623e74cfe98feaa4e8	leanprover/lean4:v4.32.2	1	Velvet/Examples/TestLoopControl.lean	sum_even_correct	8811351339800985865	8811351339800985865	pass	-	42	-	0 ≤ arr.size
velvet	crush	e90d79341bb8ef510ec868623e74cfe98feaa4e8	e90d79341bb8ef510ec868623e74cfe98feaa4e8	leanprover/lean4:v4.32.2	1	Velvet/Examples/TestLoopControl.lean	sum_even_correct	8466542615974342579	8466542615974342579	pass	-	1	-	0 = (Array.filter (fun x => decide (x % 2 = 0)) (arr.extract 0 0)).sum
velvet	crush	e90d79341bb8ef510ec868623e74cfe98feaa4e8	e90d79341bb8ef510ec868623e74cfe98feaa4e8	leanprover/lean4:v4.32.2	1	Velvet/Examples/TestLoopControl.lean	sum_even_correct	10603200310498800727	10603200310498800727	pass	-	8	-	s_1 = (Array.filter (fun x => decide (x % 2 = 0)) arr).sum
velvet	crush	e90d79341bb8ef510ec868623e74cfe98feaa4e8	e90d79341bb8ef510ec868623e74cfe98feaa4e8	leanprover/lean4:v4.32.2	1	Velvet/Examples/TestMatch.lean	test1_correct	7475080825861972690	7475080825861972690	pass	-	1	-	n = 0
velvet	crush	e90d79341bb8ef510ec868623e74cfe98feaa4e8	e90d79341bb8ef510ec868623e74cfe98feaa4e8	leanprover/lean4:v4.32.2	1	Velvet/Examples/TestMatch.lean	test1_correct	12712313322610564863	12712313322610564863	pass	-	1	-	n = x.succ
velvet	crush	e90d79341bb8ef510ec868623e74cfe98feaa4e8	e90d79341bb8ef510ec868623e74cfe98feaa4e8	leanprover/lean4:v4.32.2	1	Velvet/Examples/TestMatch.lean	test2_correct	10112861571242978892	10112861571242978892	pass	-	2	-	0 = l.length
velvet	crush	e90d79341bb8ef510ec868623e74cfe98feaa4e8	e90d79341bb8ef510ec868623e74cfe98feaa4e8	leanprover/lean4:v4.32.2	1	Velvet/Examples/TestMatch.lean	test2_correct	9817662802794804509	9817662802794804509	pass	-	2	-	Nat.succ 0 = l.length
velvet	crush	e90d79341bb8ef510ec868623e74cfe98feaa4e8	e90d79341bb8ef510ec868623e74cfe98feaa4e8	leanprover/lean4:v4.32.2	1	Velvet/Examples/TestMatch.lean	test2_correct	18226621409008708882	18226621409008708882	pass	-	2	-	x.succ.succ = l.length
velvet	crush	e90d79341bb8ef510ec868623e74cfe98feaa4e8	e90d79341bb8ef510ec868623e74cfe98feaa4e8	leanprover/lean4:v4.32.2	1	Velvet/Examples/TestMatch.lean	test3_correct	12313593517213863317	12313593517213863317	pass	-	50	-	10 > 9
velvet	crush	e90d79341bb8ef510ec868623e74cfe98feaa4e8	e90d79341bb8ef510ec868623e74cfe98feaa4e8	leanprover/lean4:v4.32.2	1	Velvet/Examples/TestMatch.lean	test3_correct	5915416142655103160	5915416142655103160	pass	-	64	-	a + b + c + 10 > 9
velvet	crush	e90d79341bb8ef510ec868623e74cfe98feaa4e8	e90d79341bb8ef510ec868623e74cfe98feaa4e8	leanprover/lean4:v4.32.2	1	Velvet/Examples/Total_Partial_example.lean	insertionSort_part_correct	1993702872115081742	1993702872115081742	pass	-	177	-	∀ (i j : ℕ), 0 ≤ i → i ≤ j → j < arrOld.size → arrOld[i]! ≤ arrOld[j]!
velvet	crush	e90d79341bb8ef510ec868623e74cfe98feaa4e8	e90d79341bb8ef510ec868623e74cfe98feaa4e8	leanprover/lean4:v4.32.2	1	Velvet/Examples/Total_Partial_example.lean	insertionSort_part_correct	8793228589483947084	8793228589483947084	pass	-	6	-	((arr_1.set! mind arr_1[mind - 1]!).set! (mind - 1) arr_1[mind]!).size = arrOld.size
velvet	crush	e90d79341bb8ef510ec868623e74cfe98feaa4e8	e90d79341bb8ef510ec868623e74cfe98feaa4e8	leanprover/lean4:v4.32.2	1	Velvet/Examples/Total_Partial_example.lean	insertionSort_part_correct	1066791641437412485	1066791641437412485	pass	-	154	-	mind - 1 ≤ n
velvet	crush	e90d79341bb8ef510ec868623e74cfe98feaa4e8	e90d79341bb8ef510ec868623e74cfe98feaa4e8	leanprover/lean4:v4.32.2	1	Velvet/Examples/Total_Partial_example.lean	insertionSort_part_correct	8472930623785656869	8472930623785656869	fail	reconstruction	5973	crush: solver reported `unsat`, but reconstruction failed — no finishing tactic could replay it from the core ([hyp invariant_1,  hyp invariant_2,  hyp if_pos,  hyp invariant_5,  hyp invariant_6,  hyp invariant_7,  hyp if_pos_1,  hyp if_pos_2,  hyp a._@._internal.0._stdin.3344371751._hygCtx._hyg.3282,  hyp a._@._internal.0._stdin.3344371751._hygCtx._hyg.3283,  hyp a._@._internal.0._stdin.3344371751._hygCtx._hyg.3284,  negated goal]). Set `crush.trust` to "reconstructOrTrust" to accept the solver's verdict anyway.	∀ (i j : ℕ),   0 ≤ i →     i < j →       j ≤ n →         j ≠ mind - 1 →           ((arr_1.set! mind arr_1[mind - 1]!).set! (mind - 1) arr_1[mind]!)[i]! ≤             ((arr_1.set! mind arr_1[mind - 1]!).set! (mind - 1) arr_1[mind]!)[j]!
velvet	crush	e90d79341bb8ef510ec868623e74cfe98feaa4e8	e90d79341bb8ef510ec868623e74cfe98feaa4e8	leanprover/lean4:v4.32.2	1	Velvet/Examples/Total_Partial_example.lean	insertionSort_part_correct	2816846931760221370	2816846931760221370	pass	-	203	-	((arr_1.set! mind arr_1[mind - 1]!).set! (mind - 1) arr_1[mind]!).toMultiset = arrOld.toMultiset
velvet	crush	e90d79341bb8ef510ec868623e74cfe98feaa4e8	e90d79341bb8ef510ec868623e74cfe98feaa4e8	leanprover/lean4:v4.32.2	1	Velvet/Examples/Total_Partial_example.lean	insertionSort_part_correct	5794584936190196715	5794584936190196715	pass	-	6	-	arr_1.size = arrOld.size
velvet	crush	e90d79341bb8ef510ec868623e74cfe98feaa4e8	e90d79341bb8ef510ec868623e74cfe98feaa4e8	leanprover/lean4:v4.32.2	1	Velvet/Examples/Total_Partial_example.lean	insertionSort_part_correct	1066791641437412485	1066791641437412485	pass	-	148	-	mind - 1 ≤ n
velvet	crush	e90d79341bb8ef510ec868623e74cfe98feaa4e8	e90d79341bb8ef510ec868623e74cfe98feaa4e8	leanprover/lean4:v4.32.2	1	Velvet/Examples/Total_Partial_example.lean	insertionSort_part_correct	14825588553610653054	14825588553610653054	fail	timeout	10437	crush: solver returned `unknown` (solver exited without a verdict). Try increasing `crush.timeout` or adding hypotheses.	∀ (i j : ℕ), 0 ≤ i → i < j → j ≤ n → j ≠ mind - 1 → arr_1[i]! ≤ arr_1[j]!
velvet	crush	e90d79341bb8ef510ec868623e74cfe98feaa4e8	e90d79341bb8ef510ec868623e74cfe98feaa4e8	leanprover/lean4:v4.32.2	1	Velvet/Examples/Total_Partial_example.lean	insertionSort_part_correct	15257391885382474665	15257391885382474665	pass	-	6	-	arr_1.toMultiset = arrOld.toMultiset
velvet	crush	e90d79341bb8ef510ec868623e74cfe98feaa4e8	e90d79341bb8ef510ec868623e74cfe98feaa4e8	leanprover/lean4:v4.32.2	1	Velvet/Examples/Total_Partial_example.lean	insertionSort_part_correct	5794584936190196715	5794584936190196715	pass	-	6	-	arr_1.size = arrOld.size
velvet	crush	e90d79341bb8ef510ec868623e74cfe98feaa4e8	e90d79341bb8ef510ec868623e74cfe98feaa4e8	leanprover/lean4:v4.32.2	1	Velvet/Examples/Total_Partial_example.lean	insertionSort_part_correct	12031026870814429192	12031026870814429192	pass	-	5	-	mind ≤ n
velvet	crush	e90d79341bb8ef510ec868623e74cfe98feaa4e8	e90d79341bb8ef510ec868623e74cfe98feaa4e8	leanprover/lean4:v4.32.2	1	Velvet/Examples/Total_Partial_example.lean	insertionSort_part_correct	16465886849738339639	16465886849738339639	pass	-	220	-	∀ (i j : ℕ), 0 ≤ i → i < j → j ≤ n → j ≠ mind → arr_1[i]! ≤ arr_1[j]!
velvet	crush	e90d79341bb8ef510ec868623e74cfe98feaa4e8	e90d79341bb8ef510ec868623e74cfe98feaa4e8	leanprover/lean4:v4.32.2	1	Velvet/Examples/Total_Partial_example.lean	insertionSort_part_correct	15257391885382474665	15257391885382474665	pass	-	6	-	arr_1.toMultiset = arrOld.toMultiset
velvet	crush	e90d79341bb8ef510ec868623e74cfe98feaa4e8	e90d79341bb8ef510ec868623e74cfe98feaa4e8	leanprover/lean4:v4.32.2	1	Velvet/Examples/Total_Partial_example.lean	insertionSort_part_correct	5918835836158453730	5918835836158453730	pass	-	9	-	¬mind ≠ 0
velvet	crush	e90d79341bb8ef510ec868623e74cfe98feaa4e8	e90d79341bb8ef510ec868623e74cfe98feaa4e8	leanprover/lean4:v4.32.2	1	Velvet/Examples/Total_Partial_example.lean	insertionSort_part_correct	5964899400721509044	5964899400721509044	pass	-	2	-	arr.size = arrOld.size
velvet	crush	e90d79341bb8ef510ec868623e74cfe98feaa4e8	e90d79341bb8ef510ec868623e74cfe98feaa4e8	leanprover/lean4:v4.32.2	1	Velvet/Examples/Total_Partial_example.lean	insertionSort_part_correct	12155028420956038391	12155028420956038391	pass	-	58	-	n ≤ n
velvet	crush	e90d79341bb8ef510ec868623e74cfe98feaa4e8	e90d79341bb8ef510ec868623e74cfe98feaa4e8	leanprover/lean4:v4.32.2	1	Velvet/Examples/Total_Partial_example.lean	insertionSort_part_correct	14852526092468225565	14852526092468225565	pass	-	265	-	∀ (i j : ℕ), 0 ≤ i → i < j → j ≤ n → j ≠ n → arr[i]! ≤ arr[j]!
velvet	crush	e90d79341bb8ef510ec868623e74cfe98feaa4e8	e90d79341bb8ef510ec868623e74cfe98feaa4e8	leanprover/lean4:v4.32.2	1	Velvet/Examples/Total_Partial_example.lean	insertionSort_part_correct	17117294935281830098	17117294935281830098	pass	-	3	-	arr.toMultiset = arrOld.toMultiset
velvet	crush	e90d79341bb8ef510ec868623e74cfe98feaa4e8	e90d79341bb8ef510ec868623e74cfe98feaa4e8	leanprover/lean4:v4.32.2	1	Velvet/Examples/Total_Partial_example.lean	insertionSort_part_correct	5288706169439222084	5288706169439222084	pass	-	10	-	i.size = arrOld.size
velvet	crush	e90d79341bb8ef510ec868623e74cfe98feaa4e8	e90d79341bb8ef510ec868623e74cfe98feaa4e8	leanprover/lean4:v4.32.2	1	Velvet/Examples/Total_Partial_example.lean	insertionSort_part_correct	4477598582358312981	4477598582358312981	pass	-	93	-	n + 1 ≤ i.size
velvet	crush	e90d79341bb8ef510ec868623e74cfe98feaa4e8	e90d79341bb8ef510ec868623e74cfe98feaa4e8	leanprover/lean4:v4.32.2	1	Velvet/Examples/Total_Partial_example.lean	insertionSort_part_correct	7903702650473013145	7903702650473013145	pass	-	225	-	∀ (i_2 j : ℕ), 0 ≤ i_2 → i_2 < j → j ≤ n + 1 - 1 → i[i_2]! ≤ i[j]!
velvet	crush	e90d79341bb8ef510ec868623e74cfe98feaa4e8	e90d79341bb8ef510ec868623e74cfe98feaa4e8	leanprover/lean4:v4.32.2	1	Velvet/Examples/Total_Partial_example.lean	insertionSort_part_correct	8905801618567038615	8905801618567038615	pass	-	11	-	i.toMultiset = arrOld.toMultiset
velvet	crush	e90d79341bb8ef510ec868623e74cfe98feaa4e8	e90d79341bb8ef510ec868623e74cfe98feaa4e8	leanprover/lean4:v4.32.2	1	Velvet/Examples/Total_Partial_example.lean	insertionSort_part_correct	5964899400721509044	5964899400721509044	pass	-	3	-	arr.size = arrOld.size
velvet	crush	e90d79341bb8ef510ec868623e74cfe98feaa4e8	e90d79341bb8ef510ec868623e74cfe98feaa4e8	leanprover/lean4:v4.32.2	1	Velvet/Examples/Total_Partial_example.lean	insertionSort_part_correct	16800718018059787263	16800718018059787263	pass	-	3	-	n ≤ arr.size
velvet	crush	e90d79341bb8ef510ec868623e74cfe98feaa4e8	e90d79341bb8ef510ec868623e74cfe98feaa4e8	leanprover/lean4:v4.32.2	1	Velvet/Examples/Total_Partial_example.lean	insertionSort_part_correct	11248877774576345437	11248877774576345437	pass	-	169	-	∀ (i j : ℕ), 0 ≤ i → i < j → j ≤ n - 1 → arr[i]! ≤ arr[j]!
velvet	crush	e90d79341bb8ef510ec868623e74cfe98feaa4e8	e90d79341bb8ef510ec868623e74cfe98feaa4e8	leanprover/lean4:v4.32.2	1	Velvet/Examples/Total_Partial_example.lean	insertionSort_part_correct	17117294935281830098	17117294935281830098	pass	-	3	-	arr.toMultiset = arrOld.toMultiset
velvet	crush	e90d79341bb8ef510ec868623e74cfe98feaa4e8	e90d79341bb8ef510ec868623e74cfe98feaa4e8	leanprover/lean4:v4.32.2	1	Velvet/Examples/Total_Partial_example.lean	insertionSort_part_correct	6709257883257101731	6709257883257101731	pass	-	5	-	¬n ≠ arr.size
velvet	crush	e90d79341bb8ef510ec868623e74cfe98feaa4e8	e90d79341bb8ef510ec868623e74cfe98feaa4e8	leanprover/lean4:v4.32.2	1	Velvet/Examples/Total_Partial_example.lean	insertionSort_part_correct	16576486626369642801	16576486626369642801	pass	-	49	-	1 ≤ arrOld.size
velvet	crush	e90d79341bb8ef510ec868623e74cfe98feaa4e8	e90d79341bb8ef510ec868623e74cfe98feaa4e8	leanprover/lean4:v4.32.2	1	Velvet/Examples/Total_Partial_example.lean	insertionSort_part_correct	11235314628722112900	11235314628722112900	pass	-	100	-	∀ (i j : ℕ), 0 ≤ i → i < j → j ≤ 1 - 1 → arrOld[i]! ≤ arrOld[j]!
velvet	crush	e90d79341bb8ef510ec868623e74cfe98feaa4e8	e90d79341bb8ef510ec868623e74cfe98feaa4e8	leanprover/lean4:v4.32.2	1	Velvet/Examples/Total_Partial_example.lean	insertionSort_part_correct	8905801618567038615	8905801618567038615	pass	-	6	-	i.toMultiset = arrOld.toMultiset
velvet	crush	e90d79341bb8ef510ec868623e74cfe98feaa4e8	e90d79341bb8ef510ec868623e74cfe98feaa4e8	leanprover/lean4:v4.32.2	1	Velvet/Examples/Total_Partial_example.lean	insertionSort_part_correct	18214290959922115111	18214290959922115111	pass	-	1604	-	∀ (i_2 j : ℕ), 0 ≤ i_2 → i_2 ≤ j → j < i.size → i[i_2]! ≤ i[j]!
velvet	crush	e90d79341bb8ef510ec868623e74cfe98feaa4e8	e90d79341bb8ef510ec868623e74cfe98feaa4e8	leanprover/lean4:v4.32.2	1	Velvet/Examples/Total_Partial_example.lean	insertionSort_termination_correct	8793228589483947084	8793228589483947084	pass	-	3	-	((arr_1.set! mind arr_1[mind - 1]!).set! (mind - 1) arr_1[mind]!).size = arrOld.size
velvet	crush	e90d79341bb8ef510ec868623e74cfe98feaa4e8	e90d79341bb8ef510ec868623e74cfe98feaa4e8	leanprover/lean4:v4.32.2	1	Velvet/Examples/Total_Partial_example.lean	insertionSort_termination_correct	11568103068982921353	11568103068982921353	pass	-	177	-	mind - 1 < mind
velvet	crush	e90d79341bb8ef510ec868623e74cfe98feaa4e8	e90d79341bb8ef510ec868623e74cfe98feaa4e8	leanprover/lean4:v4.32.2	1	Velvet/Examples/Total_Partial_example.lean	insertionSort_termination_correct	5794584936190196715	5794584936190196715	pass	-	3	-	arr_1.size = arrOld.size
velvet	crush	e90d79341bb8ef510ec868623e74cfe98feaa4e8	e90d79341bb8ef510ec868623e74cfe98feaa4e8	leanprover/lean4:v4.32.2	1	Velvet/Examples/Total_Partial_example.lean	insertionSort_termination_correct	11568103068982921353	11568103068982921353	pass	-	129	-	mind - 1 < mind
velvet	crush	e90d79341bb8ef510ec868623e74cfe98feaa4e8	e90d79341bb8ef510ec868623e74cfe98feaa4e8	leanprover/lean4:v4.32.2	1	Velvet/Examples/Total_Partial_example.lean	insertionSort_termination_correct	5794584936190196715	5794584936190196715	pass	-	2	-	arr_1.size = arrOld.size
velvet	crush	e90d79341bb8ef510ec868623e74cfe98feaa4e8	e90d79341bb8ef510ec868623e74cfe98feaa4e8	leanprover/lean4:v4.32.2	1	Velvet/Examples/Total_Partial_example.lean	insertionSort_termination_correct	5918835836158453730	5918835836158453730	pass	-	4	-	¬mind ≠ 0
velvet	crush	e90d79341bb8ef510ec868623e74cfe98feaa4e8	e90d79341bb8ef510ec868623e74cfe98feaa4e8	leanprover/lean4:v4.32.2	1	Velvet/Examples/Total_Partial_example.lean	insertionSort_termination_correct	5964899400721509044	5964899400721509044	pass	-	2	-	arr.size = arrOld.size
velvet	crush	e90d79341bb8ef510ec868623e74cfe98feaa4e8	e90d79341bb8ef510ec868623e74cfe98feaa4e8	leanprover/lean4:v4.32.2	1	Velvet/Examples/Total_Partial_example.lean	insertionSort_termination_correct	5288706169439222084	5288706169439222084	pass	-	3	-	i.size = arrOld.size
velvet	crush	e90d79341bb8ef510ec868623e74cfe98feaa4e8	e90d79341bb8ef510ec868623e74cfe98feaa4e8	leanprover/lean4:v4.32.2	1	Velvet/Examples/Total_Partial_example.lean	insertionSort_termination_correct	4477598582358312981	4477598582358312981	pass	-	102	-	n + 1 ≤ i.size
velvet	crush	e90d79341bb8ef510ec868623e74cfe98feaa4e8	e90d79341bb8ef510ec868623e74cfe98feaa4e8	leanprover/lean4:v4.32.2	1	Velvet/Examples/Total_Partial_example.lean	insertionSort_termination_correct	18088860687919872176	18088860687919872176	pass	-	90	-	i.size - (n + 1) < arr.size - n
velvet	crush	e90d79341bb8ef510ec868623e74cfe98feaa4e8	e90d79341bb8ef510ec868623e74cfe98feaa4e8	leanprover/lean4:v4.32.2	1	Velvet/Examples/Total_Partial_example.lean	insertionSort_termination_correct	5964899400721509044	5964899400721509044	pass	-	2	-	arr.size = arrOld.size
velvet	crush	e90d79341bb8ef510ec868623e74cfe98feaa4e8	e90d79341bb8ef510ec868623e74cfe98feaa4e8	leanprover/lean4:v4.32.2	1	Velvet/Examples/Total_Partial_example.lean	insertionSort_termination_correct	16800718018059787263	16800718018059787263	pass	-	1	-	n ≤ arr.size
velvet	crush	e90d79341bb8ef510ec868623e74cfe98feaa4e8	e90d79341bb8ef510ec868623e74cfe98feaa4e8	leanprover/lean4:v4.32.2	1	Velvet/Examples/Total_Partial_example.lean	insertionSort_termination_correct	6709257883257101731	6709257883257101731	pass	-	3	-	¬n ≠ arr.size
velvet	crush	e90d79341bb8ef510ec868623e74cfe98feaa4e8	e90d79341bb8ef510ec868623e74cfe98feaa4e8	leanprover/lean4:v4.32.2	1	Velvet/Examples/Total_Partial_example.lean	insertionSort_termination_correct	16576486626369642801	16576486626369642801	pass	-	54	-	1 ≤ arrOld.size
