suite	lane	repeat	vc_key	status	category	milliseconds	message
plean	crush-verify	1	Examples/ClockBound.lean|ClockBound.base_Safety_gc_is_unique	pass	-	940.837	-
plean	crush-verify	1	Examples/ClockBound.lean|ClockBound.base_Safety_gc_kind	pass	-	1576.484	-
plean	crush-verify	1	Examples/ClockBound.lean|ClockBound.base_Safety_lc_global	pass	-	547.668	-
plean	crush-verify	1	Examples/ClockBound.lean|ClockBound.base_Safety_lc_client_injective	pass	-	545.466	-
plean	crush-verify	1	Examples/ClockBound.lean|ClockBound.base_Safety_gResp_label_payload_target_match	pass	-	537.013	-
plean	crush-verify	1	Examples/ClockBound.lean|ClockBound.base_Safety_gQuery_label_target_is_gc	pass	-	564.088	-
plean	crush-verify	1	Examples/ClockBound.lean|ClockBound.base_Safety_lResp_label_payload_target_match	pass	-	539.043	-
plean	crush-verify	1	Examples/ClockBound.lean|ClockBound.GlobalClock.Serving.eGlobalQuery_correct_Safety_topology	pass	-	5150.268	-
plean	crush-verify	1	Examples/ClockBound.lean|ClockBound.LocalClock.Idle.eLocalQuery_correct_Safety_topology	pass	-	5073.640	-
plean	crush-verify	1	Examples/ClockBound.lean|ClockBound.LocalClock.Waiting.eGlobalResponse_correct_Safety_topology	pass	-	5490.235	-
plean	crush-verify	1	Examples/ClockBound.lean|ClockBound.base_Safety_idle_no_gQuery	pass	-	555.015	-
plean	crush-verify	1	Examples/ClockBound.lean|ClockBound.base_Safety_idle_no_gResp	pass	-	549.689	-
plean	crush-verify	1	Examples/ClockBound.lean|ClockBound.base_Safety_gResp_unique_per_lc	pass	-	544.082	-
plean	crush-verify	1	Examples/ClockBound.lean|ClockBound.base_Safety_gQuery_unique_per_lc	pass	-	562.604	-
plean	crush-verify	1	Examples/ClockBound.lean|ClockBound.base_Safety_gQuery_excludes_gResp	pass	-	545.088	-
plean	crush-verify	1	Examples/ClockBound.lean|ClockBound.GlobalClock.Serving.eGlobalQuery_correct_Safety_causal_using_topology	pass	-	3493.582	-
plean	crush-verify	1	Examples/ClockBound.lean|ClockBound.LocalClock.Idle.eLocalQuery_correct_Safety_causal_using_topology	pass	-	3343.679	-
plean	crush-verify	1	Examples/ClockBound.lean|ClockBound.LocalClock.Waiting.eGlobalResponse_correct_Safety_causal_using_topology	pass	-	3727.753	-
plean	crush-verify	1	Examples/ClockBound.lean|ClockBound.base_Safety_globalTime_nonneg	pass	-	532.985	-
plean	crush-verify	1	Examples/ClockBound.lean|ClockBound.base_Safety_gResp_trueTime_le_globalTime	pass	-	550.831	-
plean	crush-verify	1	Examples/ClockBound.lean|ClockBound.base_Safety_gResp_trueTime_pos	pass	-	542.996	-
plean	crush-verify	1	Examples/ClockBound.lean|ClockBound.base_Safety_lc_currEarly_le_globalTime	pass	-	555.046	-
plean	crush-verify	1	Examples/ClockBound.lean|ClockBound.base_Safety_lc_currEarly_nonneg	pass	-	534.119	-
plean	crush-verify	1	Examples/ClockBound.lean|ClockBound.base_Safety_lResp_trueTime_le_globalTime	pass	-	557.745	-
plean	crush-verify	1	Examples/ClockBound.lean|ClockBound.GlobalClock.Serving.eGlobalQuery_correct_Safety_global_time_using_topology_causal	pass	-	4664.115	-
plean	crush-verify	1	Examples/ClockBound.lean|ClockBound.LocalClock.Idle.eLocalQuery_correct_Safety_global_time_using_topology_causal	pass	-	4647.380	-
plean	crush-verify	1	Examples/ClockBound.lean|ClockBound.LocalClock.Waiting.eGlobalResponse_correct_Safety_global_time_using_topology_causal	pass	-	4995.242	-
plean	crush-verify	1	Examples/ClockBound.lean|ClockBound.base_Safety_gResp_target_currEarly	pass	-	557.190	-
plean	crush-verify	1	Examples/ClockBound.lean|ClockBound.base_Safety_lResp_trueTime_le_inflight_gResp	pass	-	562.758	-
plean	crush-verify	1	Examples/ClockBound.lean|ClockBound.GlobalClock.Serving.eGlobalQuery_correct_Safety_linking_using_topology_causal_global_time	pass	-	1781.330	-
plean	crush-verify	1	Examples/ClockBound.lean|ClockBound.LocalClock.Idle.eLocalQuery_correct_Safety_linking_using_topology_causal_global_time	pass	-	1805.226	-
plean	crush-verify	1	Examples/ClockBound.lean|ClockBound.LocalClock.Waiting.eGlobalResponse_correct_Safety_linking_using_topology_causal_global_time	pass	-	1881.573	-
plean	crush-verify	1	Examples/ClockBound.lean|ClockBound.base_Safety_lResp_earliest_le_trueTime	pass	-	539.364	-
plean	crush-verify	1	Examples/ClockBound.lean|ClockBound.GlobalClock.Serving.eGlobalQuery_correct_Safety_lresp_earliest_le_trueTime_lemma_using_topology_causal_global_time_linking	pass	-	823.593	-
plean	crush-verify	1	Examples/ClockBound.lean|ClockBound.LocalClock.Idle.eLocalQuery_correct_Safety_lresp_earliest_le_trueTime_lemma_using_topology_causal_global_time_linking	pass	-	778.682	-
plean	crush-verify	1	Examples/ClockBound.lean|ClockBound.LocalClock.Waiting.eGlobalResponse_correct_Safety_lresp_earliest_le_trueTime_lemma_using_topology_causal_global_time_linking	pass	-	830.383	-
plean	crush-verify	1	Examples/ClockBound.lean|ClockBound.base_Safety_lResp_trueTime_le_latest	pass	-	549.086	-
plean	crush-verify	1	Examples/ClockBound.lean|ClockBound.GlobalClock.Serving.eGlobalQuery_correct_Safety_lresp_trueTime_le_latest_lemma_using_topology_causal_global_time_linking	pass	-	793.099	-
plean	crush-verify	1	Examples/ClockBound.lean|ClockBound.LocalClock.Idle.eLocalQuery_correct_Safety_lresp_trueTime_le_latest_lemma_using_topology_causal_global_time_linking	pass	-	829.420	-
plean	crush-verify	1	Examples/ClockBound.lean|ClockBound.LocalClock.Waiting.eGlobalResponse_correct_Safety_lresp_trueTime_le_latest_lemma_using_topology_causal_global_time_linking	pass	-	819.277	-
plean	crush-verify	1	Examples/ClockBound.lean|ClockBound.base_Safety_lc_currEarly_bounds_earliest	pass	-	554.324	-
plean	crush-verify	1	Examples/ClockBound.lean|ClockBound.GlobalClock.Serving.eGlobalQuery_correct_Safety_lc_currEarly_bounds_earliest_lemma_using_topology_causal_global_time_linking	pass	-	991.795	-
plean	crush-verify	1	Examples/ClockBound.lean|ClockBound.LocalClock.Idle.eLocalQuery_correct_Safety_lc_currEarly_bounds_earliest_lemma_using_topology_causal_global_time_linking	pass	-	1000.257	-
plean	crush-verify	1	Examples/ClockBound.lean|ClockBound.LocalClock.Waiting.eGlobalResponse_correct_Safety_lc_currEarly_bounds_earliest_lemma_using_topology_causal_global_time_linking	pass	-	1110.298	-
plean	crush-verify	1	Examples/ClockBound.lean|ClockBound.base_Safety_g1	pass	-	551.587	-
plean	crush-verify	1	Examples/ClockBound.lean|ClockBound.GlobalClock.Serving.eGlobalQuery_correct_Safety_G1_using_topology_causal_global_time_linking_lresp_earliest_le_trueTime_lemma_lresp_trueTime_le_latest_lemma_lc_currEarly_bounds_earliest_lemma	pass	-	840.089	-
plean	crush-verify	1	Examples/ClockBound.lean|ClockBound.LocalClock.Idle.eLocalQuery_correct_Safety_G1_using_topology_causal_global_time_linking_lresp_earliest_le_trueTime_lemma_lresp_trueTime_le_latest_lemma_lc_currEarly_bounds_earliest_lemma	pass	-	862.415	-
plean	crush-verify	1	Examples/ClockBound.lean|ClockBound.LocalClock.Waiting.eGlobalResponse_correct_Safety_G1_using_topology_causal_global_time_linking_lresp_earliest_le_trueTime_lemma_lresp_trueTime_le_latest_lemma_lc_currEarly_bounds_earliest_lemma	pass	-	926.277	-
plean	crush-verify	1	Examples/ClockBound.lean|ClockBound.base_Safety_g2	pass	-	556.457	-
plean	crush-verify	1	Examples/ClockBound.lean|ClockBound.GlobalClock.Serving.eGlobalQuery_correct_Safety_G2_using_topology_causal_global_time_linking_lresp_earliest_le_trueTime_lemma_lresp_trueTime_le_latest_lemma_lc_currEarly_bounds_earliest_lemma	pass	-	848.288	-
plean	crush-verify	1	Examples/ClockBound.lean|ClockBound.LocalClock.Idle.eLocalQuery_correct_Safety_G2_using_topology_causal_global_time_linking_lresp_earliest_le_trueTime_lemma_lresp_trueTime_le_latest_lemma_lc_currEarly_bounds_earliest_lemma	pass	-	840.732	-
plean	crush-verify	1	Examples/ClockBound.lean|ClockBound.LocalClock.Waiting.eGlobalResponse_correct_Safety_G2_using_topology_causal_global_time_linking_lresp_earliest_le_trueTime_lemma_lresp_trueTime_le_latest_lemma_lc_currEarly_bounds_earliest_lemma	pass	-	904.653	-
plean	crush-verify	1	Examples/ClockBound.lean|ClockBound.base_Safety_g3	pass	-	558.548	-
plean	crush-verify	1	Examples/ClockBound.lean|ClockBound.GlobalClock.Serving.eGlobalQuery_correct_Safety_G3_using_topology_causal_global_time_linking_lresp_earliest_le_trueTime_lemma_lresp_trueTime_le_latest_lemma_lc_currEarly_bounds_earliest_lemma	pass	-	968.913	-
plean	crush-verify	1	Examples/ClockBound.lean|ClockBound.LocalClock.Idle.eLocalQuery_correct_Safety_G3_using_topology_causal_global_time_linking_lresp_earliest_le_trueTime_lemma_lresp_trueTime_le_latest_lemma_lc_currEarly_bounds_earliest_lemma	pass	-	916.947	-
plean	crush-verify	1	Examples/ClockBound.lean|ClockBound.LocalClock.Waiting.eGlobalResponse_correct_Safety_G3_using_topology_causal_global_time_linking_lresp_earliest_le_trueTime_lemma_lresp_trueTime_le_latest_lemma_lc_currEarly_bounds_earliest_lemma	pass	-	1052.972	-
plean	crush-core	1	Examples/ClockBound.lean|ClockBound.base_Safety_gc_is_unique	pass	-	599.211	-
plean	crush-core	1	Examples/ClockBound.lean|ClockBound.base_Safety_gc_kind	pass	-	1656.164	-
plean	crush-core	1	Examples/ClockBound.lean|ClockBound.base_Safety_lc_global	pass	-	598.086	-
plean	crush-core	1	Examples/ClockBound.lean|ClockBound.base_Safety_lc_client_injective	pass	-	609.336	-
plean	crush-core	1	Examples/ClockBound.lean|ClockBound.base_Safety_gResp_label_payload_target_match	pass	-	578.726	-
plean	crush-core	1	Examples/ClockBound.lean|ClockBound.base_Safety_gQuery_label_target_is_gc	pass	-	590.876	-
plean	crush-core	1	Examples/ClockBound.lean|ClockBound.base_Safety_lResp_label_payload_target_match	pass	-	588.910	-
plean	crush-core	1	Examples/ClockBound.lean|ClockBound.GlobalClock.Serving.eGlobalQuery_correct_Safety_topology	pass	-	13571.199	-
plean	crush-core	1	Examples/ClockBound.lean|ClockBound.LocalClock.Idle.eLocalQuery_correct_Safety_topology	pass	-	12579.328	-
plean	crush-core	1	Examples/ClockBound.lean|ClockBound.LocalClock.Waiting.eGlobalResponse_correct_Safety_topology	pass	-	35061.749	-
plean	crush-core	1	Examples/ClockBound.lean|ClockBound.base_Safety_idle_no_gQuery	pass	-	598.976	-
plean	crush-core	1	Examples/ClockBound.lean|ClockBound.base_Safety_idle_no_gResp	pass	-	596.472	-
plean	crush-core	1	Examples/ClockBound.lean|ClockBound.base_Safety_gResp_unique_per_lc	pass	-	604.209	-
plean	crush-core	1	Examples/ClockBound.lean|ClockBound.base_Safety_gQuery_unique_per_lc	pass	-	613.075	-
plean	crush-core	1	Examples/ClockBound.lean|ClockBound.base_Safety_gQuery_excludes_gResp	pass	-	606.110	-
plean	crush-core	1	Examples/ClockBound.lean|ClockBound.GlobalClock.Serving.eGlobalQuery_correct_Safety_causal_using_topology	fail	tactic	373.645	-
plean	crush-core	1	Examples/ClockBound.lean|ClockBound.LocalClock.Idle.eLocalQuery_correct_Safety_causal_using_topology	fail	tactic	375.502	-
plean	crush-core	1	Examples/ClockBound.lean|ClockBound.LocalClock.Waiting.eGlobalResponse_correct_Safety_causal_using_topology	fail	tactic	408.247	-
plean	crush-core	1	Examples/ClockBound.lean|ClockBound.base_Safety_globalTime_nonneg	pass	-	499.923	-
plean	crush-core	1	Examples/ClockBound.lean|ClockBound.base_Safety_gResp_trueTime_le_globalTime	pass	-	417.795	-
plean	crush-core	1	Examples/ClockBound.lean|ClockBound.base_Safety_gResp_trueTime_pos	pass	-	448.968	-
plean	crush-core	1	Examples/ClockBound.lean|ClockBound.base_Safety_lc_currEarly_le_globalTime	pass	-	460.482	-
plean	crush-core	1	Examples/ClockBound.lean|ClockBound.base_Safety_lc_currEarly_nonneg	pass	-	469.286	-
plean	crush-core	1	Examples/ClockBound.lean|ClockBound.base_Safety_lResp_trueTime_le_globalTime	pass	-	441.420	-
plean	crush-core	1	Examples/ClockBound.lean|ClockBound.GlobalClock.Serving.eGlobalQuery_correct_Safety_global_time_using_topology_causal	pass	-	10155.766	-
plean	crush-core	1	Examples/ClockBound.lean|ClockBound.LocalClock.Idle.eLocalQuery_correct_Safety_global_time_using_topology_causal	pass	-	6657.856	-
plean	crush-core	1	Examples/ClockBound.lean|ClockBound.LocalClock.Waiting.eGlobalResponse_correct_Safety_global_time_using_topology_causal	pass	-	7330.514	-
plean	crush-core	1	Examples/ClockBound.lean|ClockBound.base_Safety_gResp_target_currEarly	pass	-	504.038	-
plean	crush-core	1	Examples/ClockBound.lean|ClockBound.base_Safety_lResp_trueTime_le_inflight_gResp	pass	-	503.346	-
plean	crush-core	1	Examples/ClockBound.lean|ClockBound.GlobalClock.Serving.eGlobalQuery_correct_Safety_linking_using_topology_causal_global_time	pass	-	13796.320	-
plean	crush-core	1	Examples/ClockBound.lean|ClockBound.LocalClock.Idle.eLocalQuery_correct_Safety_linking_using_topology_causal_global_time	fail	tactic	253.083	-
plean	crush-core	1	Examples/ClockBound.lean|ClockBound.LocalClock.Waiting.eGlobalResponse_correct_Safety_linking_using_topology_causal_global_time	fail	tactic	668.658	-
plean	crush-core	1	Examples/ClockBound.lean|ClockBound.base_Safety_lResp_earliest_le_trueTime	pass	-	556.268	-
plean	crush-core	1	Examples/ClockBound.lean|ClockBound.GlobalClock.Serving.eGlobalQuery_correct_Safety_lresp_earliest_le_trueTime_lemma_using_topology_causal_global_time_linking	pass	-	3275.659	-
plean	crush-core	1	Examples/ClockBound.lean|ClockBound.LocalClock.Idle.eLocalQuery_correct_Safety_lresp_earliest_le_trueTime_lemma_using_topology_causal_global_time_linking	pass	-	3241.410	-
plean	crush-core	1	Examples/ClockBound.lean|ClockBound.LocalClock.Waiting.eGlobalResponse_correct_Safety_lresp_earliest_le_trueTime_lemma_using_topology_causal_global_time_linking	pass	-	7270.115	-
plean	crush-core	1	Examples/ClockBound.lean|ClockBound.base_Safety_lResp_trueTime_le_latest	pass	-	526.894	-
plean	crush-core	1	Examples/ClockBound.lean|ClockBound.GlobalClock.Serving.eGlobalQuery_correct_Safety_lresp_trueTime_le_latest_lemma_using_topology_causal_global_time_linking	pass	-	3396.349	-
plean	crush-core	1	Examples/ClockBound.lean|ClockBound.LocalClock.Idle.eLocalQuery_correct_Safety_lresp_trueTime_le_latest_lemma_using_topology_causal_global_time_linking	pass	-	3321.856	-
plean	crush-core	1	Examples/ClockBound.lean|ClockBound.LocalClock.Waiting.eGlobalResponse_correct_Safety_lresp_trueTime_le_latest_lemma_using_topology_causal_global_time_linking	pass	-	7230.525	-
plean	crush-core	1	Examples/ClockBound.lean|ClockBound.base_Safety_lc_currEarly_bounds_earliest	pass	-	498.473	-
plean	crush-core	1	Examples/ClockBound.lean|ClockBound.GlobalClock.Serving.eGlobalQuery_correct_Safety_lc_currEarly_bounds_earliest_lemma_using_topology_causal_global_time_linking	pass	-	1040.590	-
plean	crush-core	1	Examples/ClockBound.lean|ClockBound.LocalClock.Idle.eLocalQuery_correct_Safety_lc_currEarly_bounds_earliest_lemma_using_topology_causal_global_time_linking	pass	-	1049.971	-
plean	crush-core	1	Examples/ClockBound.lean|ClockBound.LocalClock.Waiting.eGlobalResponse_correct_Safety_lc_currEarly_bounds_earliest_lemma_using_topology_causal_global_time_linking	pass	-	1320.868	-
plean	crush-core	1	Examples/ClockBound.lean|ClockBound.base_Safety_g1	pass	-	507.515	-
plean	crush-core	1	Examples/ClockBound.lean|ClockBound.GlobalClock.Serving.eGlobalQuery_correct_Safety_G1_using_topology_causal_global_time_linking_lresp_earliest_le_trueTime_lemma_lresp_trueTime_le_latest_lemma_lc_currEarly_bounds_earliest_lemma	pass	-	7511.069	-
plean	crush-core	1	Examples/ClockBound.lean|ClockBound.LocalClock.Idle.eLocalQuery_correct_Safety_G1_using_topology_causal_global_time_linking_lresp_earliest_le_trueTime_lemma_lresp_trueTime_le_latest_lemma_lc_currEarly_bounds_earliest_lemma	pass	-	7440.388	-
plean	crush-core	1	Examples/ClockBound.lean|ClockBound.LocalClock.Waiting.eGlobalResponse_correct_Safety_G1_using_topology_causal_global_time_linking_lresp_earliest_le_trueTime_lemma_lresp_trueTime_le_latest_lemma_lc_currEarly_bounds_earliest_lemma	pass	-	8398.809	-
plean	crush-core	1	Examples/ClockBound.lean|ClockBound.base_Safety_g2	pass	-	511.196	-
plean	crush-core	1	Examples/ClockBound.lean|ClockBound.GlobalClock.Serving.eGlobalQuery_correct_Safety_G2_using_topology_causal_global_time_linking_lresp_earliest_le_trueTime_lemma_lresp_trueTime_le_latest_lemma_lc_currEarly_bounds_earliest_lemma	pass	-	7348.056	-
plean	crush-core	1	Examples/ClockBound.lean|ClockBound.LocalClock.Idle.eLocalQuery_correct_Safety_G2_using_topology_causal_global_time_linking_lresp_earliest_le_trueTime_lemma_lresp_trueTime_le_latest_lemma_lc_currEarly_bounds_earliest_lemma	pass	-	7442.012	-
plean	crush-core	1	Examples/ClockBound.lean|ClockBound.LocalClock.Waiting.eGlobalResponse_correct_Safety_G2_using_topology_causal_global_time_linking_lresp_earliest_le_trueTime_lemma_lresp_trueTime_le_latest_lemma_lc_currEarly_bounds_earliest_lemma	pass	-	8545.318	-
plean	crush-core	1	Examples/ClockBound.lean|ClockBound.base_Safety_g3	pass	-	535.348	-
plean	crush-core	1	Examples/ClockBound.lean|ClockBound.GlobalClock.Serving.eGlobalQuery_correct_Safety_G3_using_topology_causal_global_time_linking_lresp_earliest_le_trueTime_lemma_lresp_trueTime_le_latest_lemma_lc_currEarly_bounds_earliest_lemma	pass	-	7628.462	-
plean	crush-core	1	Examples/ClockBound.lean|ClockBound.LocalClock.Idle.eLocalQuery_correct_Safety_G3_using_topology_causal_global_time_linking_lresp_earliest_le_trueTime_lemma_lresp_trueTime_le_latest_lemma_lc_currEarly_bounds_earliest_lemma	pass	-	7597.953	-
plean	crush-core	1	Examples/ClockBound.lean|ClockBound.LocalClock.Waiting.eGlobalResponse_correct_Safety_G3_using_topology_causal_global_time_linking_lresp_earliest_le_trueTime_lemma_lresp_trueTime_le_latest_lemma_lc_currEarly_bounds_earliest_lemma	fail	tactic	187.766	-
plean	crush-alethe	1	Examples/ClockBound.lean|ClockBound.base_Safety_gc_is_unique	fail	tactic	32.462	-
plean	crush-alethe	1	Examples/ClockBound.lean|ClockBound.base_Safety_gc_kind	fail	tactic	56.625	-
plean	crush-alethe	1	Examples/ClockBound.lean|ClockBound.base_Safety_lc_global	fail	tactic	30.842	-
plean	crush-alethe	1	Examples/ClockBound.lean|ClockBound.base_Safety_lc_client_injective	fail	tactic	35.863	-
plean	crush-alethe	1	Examples/ClockBound.lean|ClockBound.base_Safety_gResp_label_payload_target_match	fail	tactic	31.098	-
plean	crush-alethe	1	Examples/ClockBound.lean|ClockBound.base_Safety_gQuery_label_target_is_gc	fail	tactic	30.099	-
plean	crush-alethe	1	Examples/ClockBound.lean|ClockBound.base_Safety_lResp_label_payload_target_match	fail	tactic	30.242	-
plean	crush-alethe	1	Examples/ClockBound.lean|ClockBound.GlobalClock.Serving.eGlobalQuery_correct_Safety_topology	fail	translation	1454.226	-
plean	crush-alethe	1	Examples/ClockBound.lean|ClockBound.LocalClock.Idle.eLocalQuery_correct_Safety_topology	fail	translation	1430.348	-
plean	crush-alethe	1	Examples/ClockBound.lean|ClockBound.LocalClock.Waiting.eGlobalResponse_correct_Safety_topology	fail	translation	1610.049	-
plean	crush-alethe	1	Examples/ClockBound.lean|ClockBound.base_Safety_idle_no_gQuery	fail	tactic	36.738	-
plean	crush-alethe	1	Examples/ClockBound.lean|ClockBound.base_Safety_idle_no_gResp	fail	tactic	37.978	-
plean	crush-alethe	1	Examples/ClockBound.lean|ClockBound.base_Safety_gResp_unique_per_lc	fail	tactic	41.196	-
plean	crush-alethe	1	Examples/ClockBound.lean|ClockBound.base_Safety_gQuery_unique_per_lc	fail	tactic	47.162	-
plean	crush-alethe	1	Examples/ClockBound.lean|ClockBound.base_Safety_gQuery_excludes_gResp	fail	tactic	40.850	-
plean	crush-alethe	1	Examples/ClockBound.lean|ClockBound.GlobalClock.Serving.eGlobalQuery_correct_Safety_causal_using_topology	fail	translation	2550.395	-
plean	crush-alethe	1	Examples/ClockBound.lean|ClockBound.LocalClock.Idle.eLocalQuery_correct_Safety_causal_using_topology	fail	translation	1913.545	-
plean	crush-alethe	1	Examples/ClockBound.lean|ClockBound.LocalClock.Waiting.eGlobalResponse_correct_Safety_causal_using_topology	fail	translation	1950.072	-
plean	crush-alethe	1	Examples/ClockBound.lean|ClockBound.base_Safety_globalTime_nonneg	fail	tactic	31.279	-
plean	crush-alethe	1	Examples/ClockBound.lean|ClockBound.base_Safety_gResp_trueTime_le_globalTime	fail	tactic	43.917	-
plean	crush-alethe	1	Examples/ClockBound.lean|ClockBound.base_Safety_gResp_trueTime_pos	fail	tactic	32.729	-
plean	crush-alethe	1	Examples/ClockBound.lean|ClockBound.base_Safety_lc_currEarly_le_globalTime	fail	tactic	39.219	-
plean	crush-alethe	1	Examples/ClockBound.lean|ClockBound.base_Safety_lc_currEarly_nonneg	fail	tactic	32.604	-
plean	crush-alethe	1	Examples/ClockBound.lean|ClockBound.base_Safety_lResp_trueTime_le_globalTime	fail	tactic	36.547	-
plean	crush-alethe	1	Examples/ClockBound.lean|ClockBound.GlobalClock.Serving.eGlobalQuery_correct_Safety_global_time_using_topology_causal	fail	translation	3542.225	-
plean	crush-alethe	1	Examples/ClockBound.lean|ClockBound.LocalClock.Idle.eLocalQuery_correct_Safety_global_time_using_topology_causal	fail	translation	2817.869	-
plean	crush-alethe	1	Examples/ClockBound.lean|ClockBound.LocalClock.Waiting.eGlobalResponse_correct_Safety_global_time_using_topology_causal	fail	translation	2796.699	-
plean	crush-alethe	1	Examples/ClockBound.lean|ClockBound.base_Safety_gResp_target_currEarly	fail	tactic	36.567	-
plean	crush-alethe	1	Examples/ClockBound.lean|ClockBound.base_Safety_lResp_trueTime_le_inflight_gResp	fail	tactic	43.802	-
plean	crush-alethe	1	Examples/ClockBound.lean|ClockBound.GlobalClock.Serving.eGlobalQuery_correct_Safety_linking_using_topology_causal_global_time	fail	translation	3246.902	-
plean	crush-alethe	1	Examples/ClockBound.lean|ClockBound.LocalClock.Idle.eLocalQuery_correct_Safety_linking_using_topology_causal_global_time	fail	translation	3047.864	-
plean	crush-alethe	1	Examples/ClockBound.lean|ClockBound.LocalClock.Waiting.eGlobalResponse_correct_Safety_linking_using_topology_causal_global_time	fail	translation	3283.082	-
plean	crush-alethe	1	Examples/ClockBound.lean|ClockBound.base_Safety_lResp_earliest_le_trueTime	fail	tactic	31.414	-
plean	crush-alethe	1	Examples/ClockBound.lean|ClockBound.GlobalClock.Serving.eGlobalQuery_correct_Safety_lresp_earliest_le_trueTime_lemma_using_topology_causal_global_time_linking	fail	translation	3601.489	-
plean	crush-alethe	1	Examples/ClockBound.lean|ClockBound.LocalClock.Idle.eLocalQuery_correct_Safety_lresp_earliest_le_trueTime_lemma_using_topology_causal_global_time_linking	fail	translation	3116.566	-
plean	crush-alethe	1	Examples/ClockBound.lean|ClockBound.LocalClock.Waiting.eGlobalResponse_correct_Safety_lresp_earliest_le_trueTime_lemma_using_topology_causal_global_time_linking	fail	translation	3118.438	-
plean	crush-alethe	1	Examples/ClockBound.lean|ClockBound.base_Safety_lResp_trueTime_le_latest	fail	tactic	29.682	-
plean	crush-alethe	1	Examples/ClockBound.lean|ClockBound.GlobalClock.Serving.eGlobalQuery_correct_Safety_lresp_trueTime_le_latest_lemma_using_topology_causal_global_time_linking	fail	translation	3580.756	-
plean	crush-alethe	1	Examples/ClockBound.lean|ClockBound.LocalClock.Idle.eLocalQuery_correct_Safety_lresp_trueTime_le_latest_lemma_using_topology_causal_global_time_linking	fail	translation	3066.920	-
plean	crush-alethe	1	Examples/ClockBound.lean|ClockBound.LocalClock.Waiting.eGlobalResponse_correct_Safety_lresp_trueTime_le_latest_lemma_using_topology_causal_global_time_linking	fail	translation	3128.459	-
plean	crush-alethe	1	Examples/ClockBound.lean|ClockBound.base_Safety_lc_currEarly_bounds_earliest	fail	tactic	41.190	-
plean	crush-alethe	1	Examples/ClockBound.lean|ClockBound.GlobalClock.Serving.eGlobalQuery_correct_Safety_lc_currEarly_bounds_earliest_lemma_using_topology_causal_global_time_linking	fail	translation	3285.022	-
plean	crush-alethe	1	Examples/ClockBound.lean|ClockBound.LocalClock.Idle.eLocalQuery_correct_Safety_lc_currEarly_bounds_earliest_lemma_using_topology_causal_global_time_linking	fail	translation	3298.857	-
plean	crush-alethe	1	Examples/ClockBound.lean|ClockBound.LocalClock.Waiting.eGlobalResponse_correct_Safety_lc_currEarly_bounds_earliest_lemma_using_topology_causal_global_time_linking	fail	translation	3362.582	-
plean	crush-alethe	1	Examples/ClockBound.lean|ClockBound.base_Safety_g1	fail	tactic	36.657	-
plean	crush-alethe	1	Examples/ClockBound.lean|ClockBound.GlobalClock.Serving.eGlobalQuery_correct_Safety_G1_using_topology_causal_global_time_linking_lresp_earliest_le_trueTime_lemma_lresp_trueTime_le_latest_lemma_lc_currEarly_bounds_earliest_lemma	fail	translation	4101.857	-
plean	crush-alethe	1	Examples/ClockBound.lean|ClockBound.LocalClock.Idle.eLocalQuery_correct_Safety_G1_using_topology_causal_global_time_linking_lresp_earliest_le_trueTime_lemma_lresp_trueTime_le_latest_lemma_lc_currEarly_bounds_earliest_lemma	fail	translation	3801.133	-
plean	crush-alethe	1	Examples/ClockBound.lean|ClockBound.LocalClock.Waiting.eGlobalResponse_correct_Safety_G1_using_topology_causal_global_time_linking_lresp_earliest_le_trueTime_lemma_lresp_trueTime_le_latest_lemma_lc_currEarly_bounds_earliest_lemma	fail	translation	3841.375	-
plean	crush-alethe	1	Examples/ClockBound.lean|ClockBound.base_Safety_g2	fail	tactic	35.805	-
plean	crush-alethe	1	Examples/ClockBound.lean|ClockBound.GlobalClock.Serving.eGlobalQuery_correct_Safety_G2_using_topology_causal_global_time_linking_lresp_earliest_le_trueTime_lemma_lresp_trueTime_le_latest_lemma_lc_currEarly_bounds_earliest_lemma	fail	translation	3769.247	-
plean	crush-alethe	1	Examples/ClockBound.lean|ClockBound.LocalClock.Idle.eLocalQuery_correct_Safety_G2_using_topology_causal_global_time_linking_lresp_earliest_le_trueTime_lemma_lresp_trueTime_le_latest_lemma_lc_currEarly_bounds_earliest_lemma	fail	translation	4049.122	-
plean	crush-alethe	1	Examples/ClockBound.lean|ClockBound.LocalClock.Waiting.eGlobalResponse_correct_Safety_G2_using_topology_causal_global_time_linking_lresp_earliest_le_trueTime_lemma_lresp_trueTime_le_latest_lemma_lc_currEarly_bounds_earliest_lemma	fail	translation	3888.559	-
plean	crush-alethe	1	Examples/ClockBound.lean|ClockBound.base_Safety_g3	fail	tactic	44.673	-
plean	crush-alethe	1	Examples/ClockBound.lean|ClockBound.GlobalClock.Serving.eGlobalQuery_correct_Safety_G3_using_topology_causal_global_time_linking_lresp_earliest_le_trueTime_lemma_lresp_trueTime_le_latest_lemma_lc_currEarly_bounds_earliest_lemma	fail	translation	3827.238	-
plean	crush-alethe	1	Examples/ClockBound.lean|ClockBound.LocalClock.Idle.eLocalQuery_correct_Safety_G3_using_topology_causal_global_time_linking_lresp_earliest_le_trueTime_lemma_lresp_trueTime_le_latest_lemma_lc_currEarly_bounds_earliest_lemma	fail	translation	3783.688	-
plean	crush-alethe	1	Examples/ClockBound.lean|ClockBound.LocalClock.Waiting.eGlobalResponse_correct_Safety_G3_using_topology_causal_global_time_linking_lresp_earliest_le_trueTime_lemma_lresp_trueTime_le_latest_lemma_lc_currEarly_bounds_earliest_lemma	fail	translation	3754.327	-
plean	crush-portfolio	1	Examples/ClockBound.lean|ClockBound.base_Safety_gc_is_unique	pass	-	623.362	-
plean	crush-portfolio	1	Examples/ClockBound.lean|ClockBound.base_Safety_gc_kind	pass	-	1604.140	-
plean	crush-portfolio	1	Examples/ClockBound.lean|ClockBound.base_Safety_lc_global	pass	-	582.408	-
plean	crush-portfolio	1	Examples/ClockBound.lean|ClockBound.base_Safety_lc_client_injective	pass	-	591.964	-
plean	crush-portfolio	1	Examples/ClockBound.lean|ClockBound.base_Safety_gResp_label_payload_target_match	pass	-	573.362	-
plean	crush-portfolio	1	Examples/ClockBound.lean|ClockBound.base_Safety_gQuery_label_target_is_gc	pass	-	588.999	-
plean	crush-portfolio	1	Examples/ClockBound.lean|ClockBound.base_Safety_lResp_label_payload_target_match	pass	-	571.998	-
plean	crush-portfolio	1	Examples/ClockBound.lean|ClockBound.GlobalClock.Serving.eGlobalQuery_correct_Safety_topology	pass	-	13435.644	-
plean	crush-portfolio	1	Examples/ClockBound.lean|ClockBound.LocalClock.Idle.eLocalQuery_correct_Safety_topology	pass	-	12497.082	-
plean	crush-portfolio	1	Examples/ClockBound.lean|ClockBound.LocalClock.Waiting.eGlobalResponse_correct_Safety_topology	pass	-	33833.512	-
plean	crush-portfolio	1	Examples/ClockBound.lean|ClockBound.base_Safety_idle_no_gQuery	pass	-	542.047	-
plean	crush-portfolio	1	Examples/ClockBound.lean|ClockBound.base_Safety_idle_no_gResp	pass	-	535.466	-
plean	crush-portfolio	1	Examples/ClockBound.lean|ClockBound.base_Safety_gResp_unique_per_lc	pass	-	563.786	-
plean	crush-portfolio	1	Examples/ClockBound.lean|ClockBound.base_Safety_gQuery_unique_per_lc	pass	-	539.843	-
plean	crush-portfolio	1	Examples/ClockBound.lean|ClockBound.base_Safety_gQuery_excludes_gResp	pass	-	544.200	-
plean	crush-portfolio	1	Examples/ClockBound.lean|ClockBound.GlobalClock.Serving.eGlobalQuery_correct_Safety_causal_using_topology	fail	tactic	354.022	-
plean	crush-portfolio	1	Examples/ClockBound.lean|ClockBound.LocalClock.Idle.eLocalQuery_correct_Safety_causal_using_topology	fail	tactic	360.934	-
plean	crush-portfolio	1	Examples/ClockBound.lean|ClockBound.LocalClock.Waiting.eGlobalResponse_correct_Safety_causal_using_topology	fail	tactic	402.044	-
plean	crush-portfolio	1	Examples/ClockBound.lean|ClockBound.base_Safety_globalTime_nonneg	pass	-	539.449	-
plean	crush-portfolio	1	Examples/ClockBound.lean|ClockBound.base_Safety_gResp_trueTime_le_globalTime	pass	-	473.524	-
plean	crush-portfolio	1	Examples/ClockBound.lean|ClockBound.base_Safety_gResp_trueTime_pos	pass	-	500.175	-
plean	crush-portfolio	1	Examples/ClockBound.lean|ClockBound.base_Safety_lc_currEarly_le_globalTime	pass	-	513.285	-
plean	crush-portfolio	1	Examples/ClockBound.lean|ClockBound.base_Safety_lc_currEarly_nonneg	pass	-	511.854	-
plean	crush-portfolio	1	Examples/ClockBound.lean|ClockBound.base_Safety_lResp_trueTime_le_globalTime	pass	-	486.939	-
plean	crush-portfolio	1	Examples/ClockBound.lean|ClockBound.GlobalClock.Serving.eGlobalQuery_correct_Safety_global_time_using_topology_causal	pass	-	10091.032	-
plean	crush-portfolio	1	Examples/ClockBound.lean|ClockBound.LocalClock.Idle.eLocalQuery_correct_Safety_global_time_using_topology_causal	pass	-	6669.842	-
plean	crush-portfolio	1	Examples/ClockBound.lean|ClockBound.LocalClock.Waiting.eGlobalResponse_correct_Safety_global_time_using_topology_causal	pass	-	7436.022	-
plean	crush-portfolio	1	Examples/ClockBound.lean|ClockBound.base_Safety_gResp_target_currEarly	pass	-	515.170	-
plean	crush-portfolio	1	Examples/ClockBound.lean|ClockBound.base_Safety_lResp_trueTime_le_inflight_gResp	pass	-	531.738	-
plean	crush-portfolio	1	Examples/ClockBound.lean|ClockBound.GlobalClock.Serving.eGlobalQuery_correct_Safety_linking_using_topology_causal_global_time	pass	-	13562.471	-
plean	crush-portfolio	1	Examples/ClockBound.lean|ClockBound.LocalClock.Idle.eLocalQuery_correct_Safety_linking_using_topology_causal_global_time	fail	tactic	235.457	-
plean	crush-portfolio	1	Examples/ClockBound.lean|ClockBound.LocalClock.Waiting.eGlobalResponse_correct_Safety_linking_using_topology_causal_global_time	fail	tactic	643.158	-
plean	crush-portfolio	1	Examples/ClockBound.lean|ClockBound.base_Safety_lResp_earliest_le_trueTime	pass	-	592.519	-
plean	crush-portfolio	1	Examples/ClockBound.lean|ClockBound.GlobalClock.Serving.eGlobalQuery_correct_Safety_lresp_earliest_le_trueTime_lemma_using_topology_causal_global_time_linking	pass	-	3224.358	-
plean	crush-portfolio	1	Examples/ClockBound.lean|ClockBound.LocalClock.Idle.eLocalQuery_correct_Safety_lresp_earliest_le_trueTime_lemma_using_topology_causal_global_time_linking	pass	-	3124.900	-
plean	crush-portfolio	1	Examples/ClockBound.lean|ClockBound.LocalClock.Waiting.eGlobalResponse_correct_Safety_lresp_earliest_le_trueTime_lemma_using_topology_causal_global_time_linking	pass	-	7041.385	-
plean	crush-portfolio	1	Examples/ClockBound.lean|ClockBound.base_Safety_lResp_trueTime_le_latest	pass	-	497.389	-
plean	crush-portfolio	1	Examples/ClockBound.lean|ClockBound.GlobalClock.Serving.eGlobalQuery_correct_Safety_lresp_trueTime_le_latest_lemma_using_topology_causal_global_time_linking	pass	-	3159.728	-
plean	crush-portfolio	1	Examples/ClockBound.lean|ClockBound.LocalClock.Idle.eLocalQuery_correct_Safety_lresp_trueTime_le_latest_lemma_using_topology_causal_global_time_linking	pass	-	3105.038	-
plean	crush-portfolio	1	Examples/ClockBound.lean|ClockBound.LocalClock.Waiting.eGlobalResponse_correct_Safety_lresp_trueTime_le_latest_lemma_using_topology_causal_global_time_linking	pass	-	7163.729	-
plean	crush-portfolio	1	Examples/ClockBound.lean|ClockBound.base_Safety_lc_currEarly_bounds_earliest	pass	-	508.293	-
plean	crush-portfolio	1	Examples/ClockBound.lean|ClockBound.GlobalClock.Serving.eGlobalQuery_correct_Safety_lc_currEarly_bounds_earliest_lemma_using_topology_causal_global_time_linking	pass	-	1041.746	-
plean	crush-portfolio	1	Examples/ClockBound.lean|ClockBound.LocalClock.Idle.eLocalQuery_correct_Safety_lc_currEarly_bounds_earliest_lemma_using_topology_causal_global_time_linking	pass	-	1047.215	-
plean	crush-portfolio	1	Examples/ClockBound.lean|ClockBound.LocalClock.Waiting.eGlobalResponse_correct_Safety_lc_currEarly_bounds_earliest_lemma_using_topology_causal_global_time_linking	pass	-	1304.447	-
plean	crush-portfolio	1	Examples/ClockBound.lean|ClockBound.base_Safety_g1	pass	-	516.234	-
plean	crush-portfolio	1	Examples/ClockBound.lean|ClockBound.GlobalClock.Serving.eGlobalQuery_correct_Safety_G1_using_topology_causal_global_time_linking_lresp_earliest_le_trueTime_lemma_lresp_trueTime_le_latest_lemma_lc_currEarly_bounds_earliest_lemma	pass	-	7293.129	-
plean	crush-portfolio	1	Examples/ClockBound.lean|ClockBound.LocalClock.Idle.eLocalQuery_correct_Safety_G1_using_topology_causal_global_time_linking_lresp_earliest_le_trueTime_lemma_lresp_trueTime_le_latest_lemma_lc_currEarly_bounds_earliest_lemma	pass	-	7273.867	-
plean	crush-portfolio	1	Examples/ClockBound.lean|ClockBound.LocalClock.Waiting.eGlobalResponse_correct_Safety_G1_using_topology_causal_global_time_linking_lresp_earliest_le_trueTime_lemma_lresp_trueTime_le_latest_lemma_lc_currEarly_bounds_earliest_lemma	pass	-	8364.562	-
plean	crush-portfolio	1	Examples/ClockBound.lean|ClockBound.base_Safety_g2	pass	-	519.034	-
plean	crush-portfolio	1	Examples/ClockBound.lean|ClockBound.GlobalClock.Serving.eGlobalQuery_correct_Safety_G2_using_topology_causal_global_time_linking_lresp_earliest_le_trueTime_lemma_lresp_trueTime_le_latest_lemma_lc_currEarly_bounds_earliest_lemma	pass	-	7317.267	-
plean	crush-portfolio	1	Examples/ClockBound.lean|ClockBound.LocalClock.Idle.eLocalQuery_correct_Safety_G2_using_topology_causal_global_time_linking_lresp_earliest_le_trueTime_lemma_lresp_trueTime_le_latest_lemma_lc_currEarly_bounds_earliest_lemma	pass	-	7395.171	-
plean	crush-portfolio	1	Examples/ClockBound.lean|ClockBound.LocalClock.Waiting.eGlobalResponse_correct_Safety_G2_using_topology_causal_global_time_linking_lresp_earliest_le_trueTime_lemma_lresp_trueTime_le_latest_lemma_lc_currEarly_bounds_earliest_lemma	pass	-	8354.253	-
plean	crush-portfolio	1	Examples/ClockBound.lean|ClockBound.base_Safety_g3	pass	-	521.779	-
plean	crush-portfolio	1	Examples/ClockBound.lean|ClockBound.GlobalClock.Serving.eGlobalQuery_correct_Safety_G3_using_topology_causal_global_time_linking_lresp_earliest_le_trueTime_lemma_lresp_trueTime_le_latest_lemma_lc_currEarly_bounds_earliest_lemma	pass	-	7571.347	-
plean	crush-portfolio	1	Examples/ClockBound.lean|ClockBound.LocalClock.Idle.eLocalQuery_correct_Safety_G3_using_topology_causal_global_time_linking_lresp_earliest_le_trueTime_lemma_lresp_trueTime_le_latest_lemma_lc_currEarly_bounds_earliest_lemma	pass	-	7619.992	-
plean	crush-portfolio	1	Examples/ClockBound.lean|ClockBound.LocalClock.Waiting.eGlobalResponse_correct_Safety_G3_using_topology_causal_global_time_linking_lresp_earliest_le_trueTime_lemma_lresp_trueTime_le_latest_lemma_lc_currEarly_bounds_earliest_lemma	fail	tactic	195.398	-
plean	crush-verify	1	Examples/Consensus.lean|Consensus.base_block0_one_vote_per_voter	pass	-	523.522	-
plean	crush-verify	1	Examples/Consensus.lean|Consensus.base_block0_voted_after_eVote_sent	pass	-	469.434	-
plean	crush-verify	1	Examples/Consensus.lean|Consensus.base_block0_votes_linked	pass	-	478.904	-
plean	crush-verify	1	Examples/Consensus.lean|Consensus.base_block0_won_implies_quorum_votes	pass	-	464.296	-
plean	crush-verify	1	Examples/Consensus.lean|Consensus.Node.RequestVoting.eRequestVote_correct_block0_quorum_votes	pass	-	1245.388	-
plean	crush-verify	1	Examples/Consensus.lean|Consensus.Node.RequestVoting.eVote_correct_block0_quorum_votes	fail	timeout	5881.152	-
plean	crush-verify	1	Examples/Consensus.lean|Consensus.Node.RequestVoting.entry_correct_block0_quorum_votes	pass	-	2886.748	-
plean	crush-verify	1	Examples/Consensus.lean|Consensus.base_block1_unique_leader	pass	-	479.765	-
plean	crush-verify	1	Examples/Consensus.lean|Consensus.Node.RequestVoting.eRequestVote_correct_block1_election_safety_using_quorum_votes	pass	-	1116.850	-
plean	crush-verify	1	Examples/Consensus.lean|Consensus.Node.RequestVoting.eVote_correct_block1_election_safety_using_quorum_votes	fail	timeout	6899.802	-
plean	crush-verify	1	Examples/Consensus.lean|Consensus.Node.RequestVoting.entry_correct_block1_election_safety_using_quorum_votes	pass	-	3524.048	-
plean	crush-verify	1	Examples/Consensus.lean|Consensus.base_block1_UniqueActions	pass	-	492.030	-
plean	crush-verify	1	Examples/Consensus.lean|Consensus.base_block1_IncreasingCount	pass	-	470.458	-
plean	crush-verify	1	Examples/Consensus.lean|Consensus.base_block1_ReceivedSubsetSent	pass	-	491.882	-
plean	crush-verify	1	Examples/Consensus.lean|Consensus.Node.RequestVoting.eRequestVote_correct_block1_default	pass	-	1097.103	-
plean	crush-verify	1	Examples/Consensus.lean|Consensus.Node.RequestVoting.eVote_correct_block1_default	pass	-	1061.424	-
plean	crush-verify	1	Examples/Consensus.lean|Consensus.Node.RequestVoting.entry_correct_block1_default	fail	timeout	5055.542	-
plean	crush-core	1	Examples/Consensus.lean|Consensus.base_block0_one_vote_per_voter	pass	-	500.855	-
plean	crush-core	1	Examples/Consensus.lean|Consensus.base_block0_voted_after_eVote_sent	pass	-	486.667	-
plean	crush-core	1	Examples/Consensus.lean|Consensus.base_block0_votes_linked	pass	-	508.471	-
plean	crush-core	1	Examples/Consensus.lean|Consensus.base_block0_won_implies_quorum_votes	pass	-	482.227	-
plean	crush-core	1	Examples/Consensus.lean|Consensus.Node.RequestVoting.eRequestVote_correct_block0_quorum_votes	pass	-	1563.662	-
plean	crush-core	1	Examples/Consensus.lean|Consensus.Node.RequestVoting.eVote_correct_block0_quorum_votes	fail	timeout	2570.666	-
plean	crush-core	1	Examples/Consensus.lean|Consensus.Node.RequestVoting.entry_correct_block0_quorum_votes	pass	-	1097.743	-
plean	crush-core	1	Examples/Consensus.lean|Consensus.base_block1_unique_leader	pass	-	490.406	-
plean	crush-core	1	Examples/Consensus.lean|Consensus.Node.RequestVoting.eRequestVote_correct_block1_election_safety_using_quorum_votes	pass	-	10846.433	-
plean	crush-core	1	Examples/Consensus.lean|Consensus.Node.RequestVoting.eVote_correct_block1_election_safety_using_quorum_votes	fail	tactic	133.011	-
plean	crush-core	1	Examples/Consensus.lean|Consensus.Node.RequestVoting.entry_correct_block1_election_safety_using_quorum_votes	fail	tactic	17584.023	-
plean	crush-core	1	Examples/Consensus.lean|Consensus.base_block1_UniqueActions	pass	-	469.235	-
plean	crush-core	1	Examples/Consensus.lean|Consensus.base_block1_IncreasingCount	pass	-	479.890	-
plean	crush-core	1	Examples/Consensus.lean|Consensus.base_block1_ReceivedSubsetSent	pass	-	455.903	-
plean	crush-core	1	Examples/Consensus.lean|Consensus.Node.RequestVoting.eRequestVote_correct_block1_default	pass	-	1125.137	-
plean	crush-core	1	Examples/Consensus.lean|Consensus.Node.RequestVoting.eVote_correct_block1_default	pass	-	1127.073	-
plean	crush-core	1	Examples/Consensus.lean|Consensus.Node.RequestVoting.entry_correct_block1_default	fail	timeout	4133.481	-
plean	crush-alethe	1	Examples/Consensus.lean|Consensus.base_block0_one_vote_per_voter	fail	tactic	31.823	-
plean	crush-alethe	1	Examples/Consensus.lean|Consensus.base_block0_voted_after_eVote_sent	fail	tactic	31.639	-
plean	crush-alethe	1	Examples/Consensus.lean|Consensus.base_block0_votes_linked	fail	tactic	29.270	-
plean	crush-alethe	1	Examples/Consensus.lean|Consensus.base_block0_won_implies_quorum_votes	fail	tactic	23.765	-
plean	crush-alethe	1	Examples/Consensus.lean|Consensus.Node.RequestVoting.eRequestVote_correct_block0_quorum_votes	fail	translation	1569.092	-
plean	crush-alethe	1	Examples/Consensus.lean|Consensus.Node.RequestVoting.eVote_correct_block0_quorum_votes	fail	translation	1617.524	-
plean	crush-alethe	1	Examples/Consensus.lean|Consensus.Node.RequestVoting.entry_correct_block0_quorum_votes	fail	translation	3866.072	-
plean	crush-alethe	1	Examples/Consensus.lean|Consensus.base_block1_unique_leader	fail	tactic	31.362	-
plean	crush-alethe	1	Examples/Consensus.lean|Consensus.Node.RequestVoting.eRequestVote_correct_block1_election_safety_using_quorum_votes	fail	translation	1374.539	-
plean	crush-alethe	1	Examples/Consensus.lean|Consensus.Node.RequestVoting.eVote_correct_block1_election_safety_using_quorum_votes	fail	timeout	1371.442	-
plean	crush-alethe	1	Examples/Consensus.lean|Consensus.Node.RequestVoting.entry_correct_block1_election_safety_using_quorum_votes	fail	translation	4459.823	-
plean	crush-alethe	1	Examples/Consensus.lean|Consensus.base_block1_UniqueActions	fail	tactic	25.800	-
plean	crush-alethe	1	Examples/Consensus.lean|Consensus.base_block1_IncreasingCount	fail	tactic	25.408	-
plean	crush-alethe	1	Examples/Consensus.lean|Consensus.base_block1_ReceivedSubsetSent	fail	tactic	26.938	-
plean	crush-alethe	1	Examples/Consensus.lean|Consensus.Node.RequestVoting.eRequestVote_correct_block1_default	fail	translation	1269.279	-
plean	crush-alethe	1	Examples/Consensus.lean|Consensus.Node.RequestVoting.eVote_correct_block1_default	fail	translation	1278.214	-
plean	crush-alethe	1	Examples/Consensus.lean|Consensus.Node.RequestVoting.entry_correct_block1_default	fail	timeout	2426.593	-
plean	crush-portfolio	1	Examples/Consensus.lean|Consensus.base_block0_one_vote_per_voter	pass	-	500.299	-
plean	crush-portfolio	1	Examples/Consensus.lean|Consensus.base_block0_voted_after_eVote_sent	pass	-	492.714	-
plean	crush-portfolio	1	Examples/Consensus.lean|Consensus.base_block0_votes_linked	pass	-	510.819	-
plean	crush-portfolio	1	Examples/Consensus.lean|Consensus.base_block0_won_implies_quorum_votes	pass	-	492.770	-
plean	crush-portfolio	1	Examples/Consensus.lean|Consensus.Node.RequestVoting.eRequestVote_correct_block0_quorum_votes	pass	-	1536.354	-
plean	crush-portfolio	1	Examples/Consensus.lean|Consensus.Node.RequestVoting.eVote_correct_block0_quorum_votes	fail	timeout	2124.432	-
plean	crush-portfolio	1	Examples/Consensus.lean|Consensus.Node.RequestVoting.entry_correct_block0_quorum_votes	pass	-	1061.836	-
plean	crush-portfolio	1	Examples/Consensus.lean|Consensus.base_block1_unique_leader	pass	-	482.088	-
plean	crush-portfolio	1	Examples/Consensus.lean|Consensus.Node.RequestVoting.eRequestVote_correct_block1_election_safety_using_quorum_votes	pass	-	11090.737	-
plean	crush-portfolio	1	Examples/Consensus.lean|Consensus.Node.RequestVoting.eVote_correct_block1_election_safety_using_quorum_votes	fail	tactic	137.142	-
plean	crush-portfolio	1	Examples/Consensus.lean|Consensus.Node.RequestVoting.entry_correct_block1_election_safety_using_quorum_votes	fail	tactic	17656.500	-
plean	crush-portfolio	1	Examples/Consensus.lean|Consensus.base_block1_UniqueActions	pass	-	473.955	-
plean	crush-portfolio	1	Examples/Consensus.lean|Consensus.base_block1_IncreasingCount	pass	-	477.166	-
plean	crush-portfolio	1	Examples/Consensus.lean|Consensus.base_block1_ReceivedSubsetSent	pass	-	488.549	-
plean	crush-portfolio	1	Examples/Consensus.lean|Consensus.Node.RequestVoting.eRequestVote_correct_block1_default	pass	-	1180.753	-
plean	crush-portfolio	1	Examples/Consensus.lean|Consensus.Node.RequestVoting.eVote_correct_block1_default	pass	-	1154.405	-
plean	crush-portfolio	1	Examples/Consensus.lean|Consensus.Node.RequestVoting.entry_correct_block1_default	fail	timeout	4197.080	-
plean	crush-verify	1	Examples/DistributedLock.lean|DistributedLock.base_Safety_unique_holder	pass	-	522.258	-
plean	crush-verify	1	Examples/DistributedLock.lean|DistributedLock.base_Safety_no_lock_while_transfer	pass	-	457.383	-
plean	crush-verify	1	Examples/DistributedLock.lean|DistributedLock.base_Safety_unique_accept	pass	-	470.476	-
plean	crush-verify	1	Examples/DistributedLock.lean|DistributedLock.base_Safety_not_held_after_release	pass	-	486.802	-
plean	crush-verify	1	Examples/DistributedLock.lean|DistributedLock.base_Safety_transfer_to_higher	pass	-	482.917	-
plean	crush-verify	1	Examples/DistributedLock.lean|DistributedLock.Node.Act.eGrant_correct_Safety_safety	pass	-	1642.282	-
plean	crush-verify	1	Examples/DistributedLock.lean|DistributedLock.Node.Act.eAccept_correct_Safety_safety	pass	-	1323.542	-
plean	crush-verify	1	Examples/DistributedLock.lean|DistributedLock.base_Safety_UniqueActions	pass	-	464.776	-
plean	crush-verify	1	Examples/DistributedLock.lean|DistributedLock.base_Safety_IncreasingCount	pass	-	452.428	-
plean	crush-verify	1	Examples/DistributedLock.lean|DistributedLock.base_Safety_ReceivedSubsetSent	pass	-	451.862	-
plean	crush-verify	1	Examples/DistributedLock.lean|DistributedLock.Node.Act.eGrant_correct_Safety_default	pass	-	1039.313	-
plean	crush-verify	1	Examples/DistributedLock.lean|DistributedLock.Node.Act.eAccept_correct_Safety_default	pass	-	964.637	-
plean	crush-core	1	Examples/DistributedLock.lean|DistributedLock.base_Safety_unique_holder	pass	-	522.600	-
plean	crush-core	1	Examples/DistributedLock.lean|DistributedLock.base_Safety_no_lock_while_transfer	pass	-	476.083	-
plean	crush-core	1	Examples/DistributedLock.lean|DistributedLock.base_Safety_unique_accept	pass	-	472.406	-
plean	crush-core	1	Examples/DistributedLock.lean|DistributedLock.base_Safety_not_held_after_release	pass	-	481.026	-
plean	crush-core	1	Examples/DistributedLock.lean|DistributedLock.base_Safety_transfer_to_higher	pass	-	504.187	-
plean	crush-core	1	Examples/DistributedLock.lean|DistributedLock.Node.Act.eGrant_correct_Safety_safety	pass	-	2087.449	-
plean	crush-core	1	Examples/DistributedLock.lean|DistributedLock.Node.Act.eAccept_correct_Safety_safety	fail	tactic	128.644	-
plean	crush-core	1	Examples/DistributedLock.lean|DistributedLock.base_Safety_UniqueActions	pass	-	523.498	-
plean	crush-core	1	Examples/DistributedLock.lean|DistributedLock.base_Safety_IncreasingCount	pass	-	470.400	-
plean	crush-core	1	Examples/DistributedLock.lean|DistributedLock.base_Safety_ReceivedSubsetSent	pass	-	475.168	-
plean	crush-core	1	Examples/DistributedLock.lean|DistributedLock.Node.Act.eGrant_correct_Safety_default	pass	-	1188.448	-
plean	crush-core	1	Examples/DistributedLock.lean|DistributedLock.Node.Act.eAccept_correct_Safety_default	pass	-	1041.759	-
plean	crush-alethe	1	Examples/DistributedLock.lean|DistributedLock.base_Safety_unique_holder	fail	tactic	26.539	-
plean	crush-alethe	1	Examples/DistributedLock.lean|DistributedLock.base_Safety_no_lock_while_transfer	fail	tactic	22.132	-
plean	crush-alethe	1	Examples/DistributedLock.lean|DistributedLock.base_Safety_unique_accept	fail	tactic	21.073	-
plean	crush-alethe	1	Examples/DistributedLock.lean|DistributedLock.base_Safety_not_held_after_release	fail	tactic	22.871	-
plean	crush-alethe	1	Examples/DistributedLock.lean|DistributedLock.base_Safety_transfer_to_higher	fail	tactic	24.888	-
plean	crush-alethe	1	Examples/DistributedLock.lean|DistributedLock.Node.Act.eGrant_correct_Safety_safety	fail	translation	1361.832	-
plean	crush-alethe	1	Examples/DistributedLock.lean|DistributedLock.Node.Act.eAccept_correct_Safety_safety	fail	translation	1347.864	-
plean	crush-alethe	1	Examples/DistributedLock.lean|DistributedLock.base_Safety_UniqueActions	fail	tactic	20.289	-
plean	crush-alethe	1	Examples/DistributedLock.lean|DistributedLock.base_Safety_IncreasingCount	fail	tactic	15.726	-
plean	crush-alethe	1	Examples/DistributedLock.lean|DistributedLock.base_Safety_ReceivedSubsetSent	fail	tactic	19.541	-
plean	crush-alethe	1	Examples/DistributedLock.lean|DistributedLock.Node.Act.eGrant_correct_Safety_default	fail	translation	881.593	-
plean	crush-alethe	1	Examples/DistributedLock.lean|DistributedLock.Node.Act.eAccept_correct_Safety_default	fail	translation	833.533	-
plean	crush-portfolio	1	Examples/DistributedLock.lean|DistributedLock.base_Safety_unique_holder	pass	-	526.471	-
plean	crush-portfolio	1	Examples/DistributedLock.lean|DistributedLock.base_Safety_no_lock_while_transfer	pass	-	474.247	-
plean	crush-portfolio	1	Examples/DistributedLock.lean|DistributedLock.base_Safety_unique_accept	pass	-	467.123	-
plean	crush-portfolio	1	Examples/DistributedLock.lean|DistributedLock.base_Safety_not_held_after_release	pass	-	500.234	-
plean	crush-portfolio	1	Examples/DistributedLock.lean|DistributedLock.base_Safety_transfer_to_higher	pass	-	512.641	-
plean	crush-portfolio	1	Examples/DistributedLock.lean|DistributedLock.Node.Act.eGrant_correct_Safety_safety	pass	-	2048.543	-
plean	crush-portfolio	1	Examples/DistributedLock.lean|DistributedLock.Node.Act.eAccept_correct_Safety_safety	fail	tactic	123.817	-
plean	crush-portfolio	1	Examples/DistributedLock.lean|DistributedLock.base_Safety_UniqueActions	pass	-	546.905	-
plean	crush-portfolio	1	Examples/DistributedLock.lean|DistributedLock.base_Safety_IncreasingCount	pass	-	478.734	-
plean	crush-portfolio	1	Examples/DistributedLock.lean|DistributedLock.base_Safety_ReceivedSubsetSent	pass	-	470.626	-
plean	crush-portfolio	1	Examples/DistributedLock.lean|DistributedLock.Node.Act.eGrant_correct_Safety_default	pass	-	1185.944	-
plean	crush-portfolio	1	Examples/DistributedLock.lean|DistributedLock.Node.Act.eAccept_correct_Safety_default	pass	-	1019.617	-
plean	crush-verify	1	Examples/LockServer.lean|LockServer.base_block0_const_server	pass	-	478.685	-
plean	crush-verify	1	Examples/LockServer.lean|LockServer.base_block0_serv_is_serv	pass	-	1391.737	-
plean	crush-verify	1	Examples/LockServer.lean|LockServer.base_block0_single_server	pass	-	453.308	-
plean	crush-verify	1	Examples/LockServer.lean|LockServer.base_block0_unique_server	pass	-	471.218	-
plean	crush-verify	1	Examples/LockServer.lean|LockServer.base_block0_aquire_to_node	pass	-	467.426	-
plean	crush-verify	1	Examples/LockServer.lean|LockServer.base_block0_release_to_node	pass	-	466.045	-
plean	crush-verify	1	Examples/LockServer.lean|LockServer.base_block0_grant_to_node	pass	-	480.124	-
plean	crush-verify	1	Examples/LockServer.lean|LockServer.base_block0_lock_to_server	pass	-	459.876	-
plean	crush-verify	1	Examples/LockServer.lean|LockServer.base_block0_unlock_to_server	pass	-	467.221	-
plean	crush-verify	1	Examples/LockServer.lean|LockServer.base_block0_node_send_lock	pass	-	1340.554	-
plean	crush-verify	1	Examples/LockServer.lean|LockServer.base_block0_node_send_unlock	pass	-	1366.048	-
plean	crush-verify	1	Examples/LockServer.lean|LockServer.Server.Serving.eLock_correct_block0_system_config	fail	timeout	203.002	-
plean	crush-verify	1	Examples/LockServer.lean|LockServer.Server.Serving.eUnlock_correct_block0_system_config	pass	-	7110.718	-
plean	crush-verify	1	Examples/LockServer.lean|LockServer.Node.Working.eAquire_correct_block0_system_config	fail	timeout	26672.565	-
plean	crush-verify	1	Examples/LockServer.lean|LockServer.Node.Working.eRelease_correct_block0_system_config	fail	timeout	1290.553	-
plean	crush-verify	1	Examples/LockServer.lean|LockServer.Node.Working.eGrant_correct_block0_system_config	pass	-	7259.304	-
plean	crush-verify	1	Examples/LockServer.lean|LockServer.base_block1_unique_lock_holder	pass	-	451.409	-
plean	crush-verify	1	Examples/LockServer.lean|LockServer.base_block1_unique_grant	pass	-	309.320	-
plean	crush-verify	1	Examples/LockServer.lean|LockServer.base_block1_unique_unlock	pass	-	367.112	-
plean	crush-verify	1	Examples/LockServer.lean|LockServer.base_block1_grant_server_unlocked	pass	-	388.496	-
plean	crush-verify	1	Examples/LockServer.lean|LockServer.base_block1_no_lock_while_grant	pass	-	430.251	-
plean	crush-verify	1	Examples/LockServer.lean|LockServer.base_block1_no_lock_while_unlock	pass	-	719.973	-
plean	crush-verify	1	Examples/LockServer.lean|LockServer.base_block1_grant_not_unlock	pass	-	415.812	-
plean	crush-verify	1	Examples/LockServer.lean|LockServer.base_block1_node_server_mutex	pass	-	297.086	-
plean	crush-verify	1	Examples/LockServer.lean|LockServer.Server.Serving.eLock_correct_block1_safety_using_system_config	pass	-	1978.603	-
plean	crush-verify	1	Examples/LockServer.lean|LockServer.Server.Serving.eUnlock_correct_block1_safety_using_system_config	pass	-	4434.881	-
plean	crush-verify	1	Examples/LockServer.lean|LockServer.Node.Working.eAquire_correct_block1_safety_using_system_config	pass	-	4597.745	-
plean	crush-verify	1	Examples/LockServer.lean|LockServer.Node.Working.eRelease_correct_block1_safety_using_system_config	pass	-	1885.731	-
plean	crush-verify	1	Examples/LockServer.lean|LockServer.Node.Working.eGrant_correct_block1_safety_using_system_config	pass	-	4735.857	-
plean	crush-verify	1	Examples/LockServer.lean|LockServer.base_block1_UniqueActions	pass	-	449.129	-
plean	crush-verify	1	Examples/LockServer.lean|LockServer.base_block1_IncreasingCount	pass	-	384.261	-
plean	crush-verify	1	Examples/LockServer.lean|LockServer.base_block1_ReceivedSubsetSent	pass	-	442.454	-
plean	crush-verify	1	Examples/LockServer.lean|LockServer.Server.Serving.eLock_correct_block1_default_using_system_config	pass	-	1184.526	-
plean	crush-verify	1	Examples/LockServer.lean|LockServer.Server.Serving.eUnlock_correct_block1_default_using_system_config	pass	-	1568.988	-
plean	crush-verify	1	Examples/LockServer.lean|LockServer.Node.Working.eAquire_correct_block1_default_using_system_config	pass	-	1575.662	-
plean	crush-verify	1	Examples/LockServer.lean|LockServer.Node.Working.eRelease_correct_block1_default_using_system_config	pass	-	1150.767	-
plean	crush-verify	1	Examples/LockServer.lean|LockServer.Node.Working.eGrant_correct_block1_default_using_system_config	pass	-	1526.427	-
plean	crush-core	1	Examples/LockServer.lean|LockServer.base_block0_const_server	pass	-	502.527	-
plean	crush-core	1	Examples/LockServer.lean|LockServer.base_block0_serv_is_serv	pass	-	1383.871	-
plean	crush-core	1	Examples/LockServer.lean|LockServer.base_block0_single_server	pass	-	480.774	-
plean	crush-core	1	Examples/LockServer.lean|LockServer.base_block0_unique_server	fail	tactic	22.397	-
plean	crush-core	1	Examples/LockServer.lean|LockServer.base_block0_aquire_to_node	pass	-	482.769	-
plean	crush-core	1	Examples/LockServer.lean|LockServer.base_block0_release_to_node	pass	-	495.592	-
plean	crush-core	1	Examples/LockServer.lean|LockServer.base_block0_grant_to_node	pass	-	478.001	-
plean	crush-core	1	Examples/LockServer.lean|LockServer.base_block0_lock_to_server	pass	-	493.946	-
plean	crush-core	1	Examples/LockServer.lean|LockServer.base_block0_unlock_to_server	pass	-	488.776	-
plean	crush-core	1	Examples/LockServer.lean|LockServer.base_block0_node_send_lock	pass	-	1439.684	-
plean	crush-core	1	Examples/LockServer.lean|LockServer.base_block0_node_send_unlock	pass	-	1447.003	-
plean	crush-core	1	Examples/LockServer.lean|LockServer.Server.Serving.eLock_correct_block0_system_config	fail	timeout	225.764	-
plean	crush-core	1	Examples/LockServer.lean|LockServer.Server.Serving.eUnlock_correct_block0_system_config	fail	tactic	645.421	-
plean	crush-core	1	Examples/LockServer.lean|LockServer.Node.Working.eAquire_correct_block0_system_config	fail	timeout	13573.922	-
plean	crush-core	1	Examples/LockServer.lean|LockServer.Node.Working.eRelease_correct_block0_system_config	fail	timeout	671.820	-
plean	crush-core	1	Examples/LockServer.lean|LockServer.Node.Working.eGrant_correct_block0_system_config	fail	tactic	679.190	-
plean	crush-core	1	Examples/LockServer.lean|LockServer.base_block1_unique_lock_holder	pass	-	547.215	-
plean	crush-core	1	Examples/LockServer.lean|LockServer.base_block1_unique_grant	pass	-	452.773	-
plean	crush-core	1	Examples/LockServer.lean|LockServer.base_block1_unique_unlock	pass	-	466.011	-
plean	crush-core	1	Examples/LockServer.lean|LockServer.base_block1_grant_server_unlocked	pass	-	477.543	-
plean	crush-core	1	Examples/LockServer.lean|LockServer.base_block1_no_lock_while_grant	pass	-	480.913	-
plean	crush-core	1	Examples/LockServer.lean|LockServer.base_block1_no_lock_while_unlock	pass	-	924.020	-
plean	crush-core	1	Examples/LockServer.lean|LockServer.base_block1_grant_not_unlock	pass	-	475.156	-
plean	crush-core	1	Examples/LockServer.lean|LockServer.base_block1_node_server_mutex	pass	-	495.700	-
plean	crush-core	1	Examples/LockServer.lean|LockServer.Server.Serving.eLock_correct_block1_safety_using_system_config	fail	tactic	292.227	-
plean	crush-core	1	Examples/LockServer.lean|LockServer.Server.Serving.eUnlock_correct_block1_safety_using_system_config	fail	tactic	647.622	-
plean	crush-core	1	Examples/LockServer.lean|LockServer.Node.Working.eAquire_correct_block1_safety_using_system_config	fail	tactic	637.914	-
plean	crush-core	1	Examples/LockServer.lean|LockServer.Node.Working.eRelease_correct_block1_safety_using_system_config	pass	-	3130.195	-
plean	crush-core	1	Examples/LockServer.lean|LockServer.Node.Working.eGrant_correct_block1_safety_using_system_config	fail	tactic	637.222	-
plean	crush-core	1	Examples/LockServer.lean|LockServer.base_block1_UniqueActions	pass	-	528.993	-
plean	crush-core	1	Examples/LockServer.lean|LockServer.base_block1_IncreasingCount	pass	-	466.813	-
plean	crush-core	1	Examples/LockServer.lean|LockServer.base_block1_ReceivedSubsetSent	pass	-	454.362	-
plean	crush-core	1	Examples/LockServer.lean|LockServer.Server.Serving.eLock_correct_block1_default_using_system_config	pass	-	1381.866	-
plean	crush-core	1	Examples/LockServer.lean|LockServer.Server.Serving.eUnlock_correct_block1_default_using_system_config	pass	-	1265.825	-
plean	crush-core	1	Examples/LockServer.lean|LockServer.Node.Working.eAquire_correct_block1_default_using_system_config	pass	-	6286.470	-
plean	crush-core	1	Examples/LockServer.lean|LockServer.Node.Working.eRelease_correct_block1_default_using_system_config	pass	-	1331.884	-
plean	crush-core	1	Examples/LockServer.lean|LockServer.Node.Working.eGrant_correct_block1_default_using_system_config	pass	-	1233.736	-
plean	crush-alethe	1	Examples/LockServer.lean|LockServer.base_block0_const_server	fail	tactic	24.961	-
plean	crush-alethe	1	Examples/LockServer.lean|LockServer.base_block0_serv_is_serv	fail	tactic	38.160	-
plean	crush-alethe	1	Examples/LockServer.lean|LockServer.base_block0_single_server	fail	tactic	20.008	-
plean	crush-alethe	1	Examples/LockServer.lean|LockServer.base_block0_unique_server	fail	tactic	22.592	-
plean	crush-alethe	1	Examples/LockServer.lean|LockServer.base_block0_aquire_to_node	fail	tactic	24.839	-
plean	crush-alethe	1	Examples/LockServer.lean|LockServer.base_block0_release_to_node	fail	tactic	23.826	-
plean	crush-alethe	1	Examples/LockServer.lean|LockServer.base_block0_grant_to_node	fail	tactic	23.625	-
plean	crush-alethe	1	Examples/LockServer.lean|LockServer.base_block0_lock_to_server	fail	tactic	23.775	-
plean	crush-alethe	1	Examples/LockServer.lean|LockServer.base_block0_unlock_to_server	fail	tactic	23.856	-
plean	crush-alethe	1	Examples/LockServer.lean|LockServer.base_block0_node_send_lock	fail	tactic	45.636	-
plean	crush-alethe	1	Examples/LockServer.lean|LockServer.base_block0_node_send_unlock	fail	tactic	46.935	-
plean	crush-alethe	1	Examples/LockServer.lean|LockServer.Server.Serving.eLock_correct_block0_system_config	fail	timeout	217.015	-
plean	crush-alethe	1	Examples/LockServer.lean|LockServer.Server.Serving.eUnlock_correct_block0_system_config	fail	translation	2554.144	-
plean	crush-alethe	1	Examples/LockServer.lean|LockServer.Node.Working.eAquire_correct_block0_system_config	fail	translation	2415.387	-
plean	crush-alethe	1	Examples/LockServer.lean|LockServer.Node.Working.eRelease_correct_block0_system_config	fail	translation	1327.817	-
plean	crush-alethe	1	Examples/LockServer.lean|LockServer.Node.Working.eGrant_correct_block0_system_config	fail	translation	2476.483	-
plean	crush-alethe	1	Examples/LockServer.lean|LockServer.base_block1_unique_lock_holder	fail	tactic	27.685	-
plean	crush-alethe	1	Examples/LockServer.lean|LockServer.base_block1_unique_grant	fail	tactic	26.144	-
plean	crush-alethe	1	Examples/LockServer.lean|LockServer.base_block1_unique_unlock	fail	tactic	27.162	-
plean	crush-alethe	1	Examples/LockServer.lean|LockServer.base_block1_grant_server_unlocked	fail	tactic	26.706	-
plean	crush-alethe	1	Examples/LockServer.lean|LockServer.base_block1_no_lock_while_grant	fail	tactic	30.662	-
plean	crush-alethe	1	Examples/LockServer.lean|LockServer.base_block1_no_lock_while_unlock	fail	tactic	45.660	-
plean	crush-alethe	1	Examples/LockServer.lean|LockServer.base_block1_grant_not_unlock	fail	tactic	25.106	-
plean	crush-alethe	1	Examples/LockServer.lean|LockServer.base_block1_node_server_mutex	fail	tactic	31.353	-
plean	crush-alethe	1	Examples/LockServer.lean|LockServer.Server.Serving.eLock_correct_block1_safety_using_system_config	fail	translation	3579.040	-
plean	crush-alethe	1	Examples/LockServer.lean|LockServer.Server.Serving.eUnlock_correct_block1_safety_using_system_config	fail	translation	3176.577	-
plean	crush-alethe	1	Examples/LockServer.lean|LockServer.Node.Working.eAquire_correct_block1_safety_using_system_config	fail	translation	3134.369	-
plean	crush-alethe	1	Examples/LockServer.lean|LockServer.Node.Working.eRelease_correct_block1_safety_using_system_config	fail	translation	3467.910	-
plean	crush-alethe	1	Examples/LockServer.lean|LockServer.Node.Working.eGrant_correct_block1_safety_using_system_config	fail	translation	3238.828	-
plean	crush-alethe	1	Examples/LockServer.lean|LockServer.base_block1_UniqueActions	fail	tactic	23.642	-
plean	crush-alethe	1	Examples/LockServer.lean|LockServer.base_block1_IncreasingCount	fail	tactic	19.157	-
plean	crush-alethe	1	Examples/LockServer.lean|LockServer.base_block1_ReceivedSubsetSent	fail	tactic	19.741	-
plean	crush-alethe	1	Examples/LockServer.lean|LockServer.Server.Serving.eLock_correct_block1_default_using_system_config	fail	translation	3075.293	-
plean	crush-alethe	1	Examples/LockServer.lean|LockServer.Server.Serving.eUnlock_correct_block1_default_using_system_config	fail	translation	2877.025	-
plean	crush-alethe	1	Examples/LockServer.lean|LockServer.Node.Working.eAquire_correct_block1_default_using_system_config	fail	translation	2734.079	-
plean	crush-alethe	1	Examples/LockServer.lean|LockServer.Node.Working.eRelease_correct_block1_default_using_system_config	fail	translation	3011.983	-
plean	crush-alethe	1	Examples/LockServer.lean|LockServer.Node.Working.eGrant_correct_block1_default_using_system_config	fail	translation	3237.491	-
plean	crush-portfolio	1	Examples/LockServer.lean|LockServer.base_block0_const_server	pass	-	516.851	-
plean	crush-portfolio	1	Examples/LockServer.lean|LockServer.base_block0_serv_is_serv	pass	-	1394.961	-
plean	crush-portfolio	1	Examples/LockServer.lean|LockServer.base_block0_single_server	pass	-	475.009	-
plean	crush-portfolio	1	Examples/LockServer.lean|LockServer.base_block0_unique_server	fail	tactic	24.742	-
plean	crush-portfolio	1	Examples/LockServer.lean|LockServer.base_block0_aquire_to_node	pass	-	483.974	-
plean	crush-portfolio	1	Examples/LockServer.lean|LockServer.base_block0_release_to_node	pass	-	484.324	-
plean	crush-portfolio	1	Examples/LockServer.lean|LockServer.base_block0_grant_to_node	pass	-	484.820	-
plean	crush-portfolio	1	Examples/LockServer.lean|LockServer.base_block0_lock_to_server	pass	-	497.545	-
plean	crush-portfolio	1	Examples/LockServer.lean|LockServer.base_block0_unlock_to_server	pass	-	493.003	-
plean	crush-portfolio	1	Examples/LockServer.lean|LockServer.base_block0_node_send_lock	pass	-	1441.544	-
plean	crush-portfolio	1	Examples/LockServer.lean|LockServer.base_block0_node_send_unlock	pass	-	1470.290	-
plean	crush-portfolio	1	Examples/LockServer.lean|LockServer.Server.Serving.eLock_correct_block0_system_config	fail	timeout	224.442	-
plean	crush-portfolio	1	Examples/LockServer.lean|LockServer.Server.Serving.eUnlock_correct_block0_system_config	fail	tactic	603.706	-
plean	crush-portfolio	1	Examples/LockServer.lean|LockServer.Node.Working.eAquire_correct_block0_system_config	fail	timeout	13380.555	-
plean	crush-portfolio	1	Examples/LockServer.lean|LockServer.Node.Working.eRelease_correct_block0_system_config	fail	timeout	599.455	-
plean	crush-portfolio	1	Examples/LockServer.lean|LockServer.Node.Working.eGrant_correct_block0_system_config	fail	tactic	627.970	-
plean	crush-portfolio	1	Examples/LockServer.lean|LockServer.base_block1_unique_lock_holder	pass	-	521.529	-
plean	crush-portfolio	1	Examples/LockServer.lean|LockServer.base_block1_unique_grant	pass	-	471.958	-
plean	crush-portfolio	1	Examples/LockServer.lean|LockServer.base_block1_unique_unlock	pass	-	463.586	-
plean	crush-portfolio	1	Examples/LockServer.lean|LockServer.base_block1_grant_server_unlocked	pass	-	465.701	-
plean	crush-portfolio	1	Examples/LockServer.lean|LockServer.base_block1_no_lock_while_grant	pass	-	464.959	-
plean	crush-portfolio	1	Examples/LockServer.lean|LockServer.base_block1_no_lock_while_unlock	pass	-	924.003	-
plean	crush-portfolio	1	Examples/LockServer.lean|LockServer.base_block1_grant_not_unlock	pass	-	456.435	-
plean	crush-portfolio	1	Examples/LockServer.lean|LockServer.base_block1_node_server_mutex	pass	-	472.843	-
plean	crush-portfolio	1	Examples/LockServer.lean|LockServer.Server.Serving.eLock_correct_block1_safety_using_system_config	fail	tactic	264.203	-
plean	crush-portfolio	1	Examples/LockServer.lean|LockServer.Server.Serving.eUnlock_correct_block1_safety_using_system_config	fail	tactic	577.266	-
plean	crush-portfolio	1	Examples/LockServer.lean|LockServer.Node.Working.eAquire_correct_block1_safety_using_system_config	fail	tactic	601.981	-
plean	crush-portfolio	1	Examples/LockServer.lean|LockServer.Node.Working.eRelease_correct_block1_safety_using_system_config	pass	-	2908.336	-
plean	crush-portfolio	1	Examples/LockServer.lean|LockServer.Node.Working.eGrant_correct_block1_safety_using_system_config	fail	tactic	637.620	-
plean	crush-portfolio	1	Examples/LockServer.lean|LockServer.base_block1_UniqueActions	pass	-	499.903	-
plean	crush-portfolio	1	Examples/LockServer.lean|LockServer.base_block1_IncreasingCount	pass	-	449.178	-
plean	crush-portfolio	1	Examples/LockServer.lean|LockServer.base_block1_ReceivedSubsetSent	pass	-	449.146	-
plean	crush-portfolio	1	Examples/LockServer.lean|LockServer.Server.Serving.eLock_correct_block1_default_using_system_config	pass	-	1330.883	-
plean	crush-portfolio	1	Examples/LockServer.lean|LockServer.Server.Serving.eUnlock_correct_block1_default_using_system_config	pass	-	1258.923	-
plean	crush-portfolio	1	Examples/LockServer.lean|LockServer.Node.Working.eAquire_correct_block1_default_using_system_config	pass	-	6207.448	-
plean	crush-portfolio	1	Examples/LockServer.lean|LockServer.Node.Working.eRelease_correct_block1_default_using_system_config	pass	-	1324.212	-
plean	crush-portfolio	1	Examples/LockServer.lean|LockServer.Node.Working.eGrant_correct_block1_default_using_system_config	pass	-	1246.110	-
plean	crush-verify	1	Examples/PingPongAuto.lean|PingPongAuto.base_Safety_pong_after_ping	pass	-	531.197	-
plean	crush-verify	1	Examples/PingPongAuto.lean|PingPongAuto.Server.Idle.ePing_correct_Safety_safety_using_default	pass	-	503.276	-
plean	crush-verify	1	Examples/PingPongAuto.lean|PingPongAuto.base_Safety_UniqueActions	pass	-	433.501	-
plean	crush-verify	1	Examples/PingPongAuto.lean|PingPongAuto.base_Safety_IncreasingCount	pass	-	430.650	-
plean	crush-verify	1	Examples/PingPongAuto.lean|PingPongAuto.base_Safety_ReceivedSubsetSent	pass	-	426.640	-
plean	crush-verify	1	Examples/PingPongAuto.lean|PingPongAuto.Server.Idle.ePing_correct_Safety_default	pass	-	1398.071	-
plean	crush-core	1	Examples/PingPongAuto.lean|PingPongAuto.base_Safety_pong_after_ping	pass	-	493.576	-
plean	crush-core	1	Examples/PingPongAuto.lean|PingPongAuto.Server.Idle.ePing_correct_Safety_safety_using_default	pass	-	555.663	-
plean	crush-core	1	Examples/PingPongAuto.lean|PingPongAuto.base_Safety_UniqueActions	pass	-	440.871	-
plean	crush-core	1	Examples/PingPongAuto.lean|PingPongAuto.base_Safety_IncreasingCount	pass	-	443.761	-
plean	crush-core	1	Examples/PingPongAuto.lean|PingPongAuto.base_Safety_ReceivedSubsetSent	pass	-	450.781	-
plean	crush-core	1	Examples/PingPongAuto.lean|PingPongAuto.Server.Idle.ePing_correct_Safety_default	pass	-	2215.377	-
plean	crush-alethe	1	Examples/PingPongAuto.lean|PingPongAuto.base_Safety_pong_after_ping	fail	tactic	19.503	-
plean	crush-alethe	1	Examples/PingPongAuto.lean|PingPongAuto.Server.Idle.ePing_correct_Safety_safety_using_default	fail	translation	471.316	-
plean	crush-alethe	1	Examples/PingPongAuto.lean|PingPongAuto.base_Safety_UniqueActions	fail	tactic	15.769	-
plean	crush-alethe	1	Examples/PingPongAuto.lean|PingPongAuto.base_Safety_IncreasingCount	fail	tactic	12.719	-
plean	crush-alethe	1	Examples/PingPongAuto.lean|PingPongAuto.base_Safety_ReceivedSubsetSent	fail	tactic	10.254	-
plean	crush-alethe	1	Examples/PingPongAuto.lean|PingPongAuto.Server.Idle.ePing_correct_Safety_default	fail	translation	724.929	-
plean	crush-portfolio	1	Examples/PingPongAuto.lean|PingPongAuto.base_Safety_pong_after_ping	pass	-	484.661	-
plean	crush-portfolio	1	Examples/PingPongAuto.lean|PingPongAuto.Server.Idle.ePing_correct_Safety_safety_using_default	pass	-	565.501	-
plean	crush-portfolio	1	Examples/PingPongAuto.lean|PingPongAuto.base_Safety_UniqueActions	pass	-	458.959	-
plean	crush-portfolio	1	Examples/PingPongAuto.lean|PingPongAuto.base_Safety_IncreasingCount	pass	-	450.401	-
plean	crush-portfolio	1	Examples/PingPongAuto.lean|PingPongAuto.base_Safety_ReceivedSubsetSent	pass	-	452.454	-
plean	crush-portfolio	1	Examples/PingPongAuto.lean|PingPongAuto.Server.Idle.ePing_correct_Safety_default	pass	-	2190.256	-
plean	crush-verify	1	Examples/PingPongTrivial.lean|PingPongTrivial.base_Safety_always_true	pass	-	0.000	-
plean	crush-core	1	Examples/PingPongTrivial.lean|PingPongTrivial.base_Safety_always_true	pass	-	0.000	-
plean	crush-alethe	1	Examples/PingPongTrivial.lean|PingPongTrivial.base_Safety_always_true	pass	-	0.000	-
plean	crush-portfolio	1	Examples/PingPongTrivial.lean|PingPongTrivial.base_Safety_always_true	pass	-	0.000	-
plean	crush-verify	1	Examples/RingLeader.lean|RingLeader.base_block0_LeaderMax	pass	-	558.123	-
plean	crush-verify	1	Examples/RingLeader.lean|RingLeader.base_block0_Aux	pass	-	479.375	-
plean	crush-verify	1	Examples/RingLeader.lean|RingLeader.base_block0_NoBypass	pass	-	477.130	-
plean	crush-verify	1	Examples/RingLeader.lean|RingLeader.base_block0_SelfPendingMax	pass	-	484.579	-
plean	crush-verify	1	Examples/RingLeader.lean|RingLeader.Server.Proposing.eNominate_correct_block0_lemmas	fail	tactic	5354.954	-
plean	crush-verify	1	Examples/RingLeader.lean|RingLeader.Server.Proposing.entry_correct_block0_lemmas	fail	timeout	6332.995	-
plean	crush-verify	1	Examples/RingLeader.lean|RingLeader.base_block1_UniqueLeader	pass	-	427.453	-
plean	crush-verify	1	Examples/RingLeader.lean|RingLeader.Server.Proposing.eNominate_correct_block1_Safety_using_lemmas	fail	tactic	6221.314	-
plean	crush-verify	1	Examples/RingLeader.lean|RingLeader.Server.Proposing.entry_correct_block1_Safety_using_lemmas	pass	-	519.727	-
plean	crush-verify	1	Examples/RingLeader.lean|RingLeader.base_block1_UniqueActions	pass	-	474.715	-
plean	crush-verify	1	Examples/RingLeader.lean|RingLeader.base_block1_IncreasingCount	pass	-	478.651	-
plean	crush-verify	1	Examples/RingLeader.lean|RingLeader.base_block1_ReceivedSubsetSent	pass	-	449.420	-
plean	crush-verify	1	Examples/RingLeader.lean|RingLeader.Server.Proposing.eNominate_correct_block1_default	pass	-	1148.512	-
plean	crush-verify	1	Examples/RingLeader.lean|RingLeader.Server.Proposing.entry_correct_block1_default	pass	-	1521.197	-
plean	crush-core	1	Examples/RingLeader.lean|RingLeader.base_block0_LeaderMax	pass	-	1919.743	-
plean	crush-core	1	Examples/RingLeader.lean|RingLeader.base_block0_Aux	pass	-	34.881	-
plean	crush-core	1	Examples/RingLeader.lean|RingLeader.base_block0_NoBypass	pass	-	2322.003	-
plean	crush-core	1	Examples/RingLeader.lean|RingLeader.base_block0_SelfPendingMax	pass	-	2180.811	-
plean	crush-core	1	Examples/RingLeader.lean|RingLeader.Server.Proposing.eNominate_correct_block0_lemmas	fail	tactic	267.881	-
plean	crush-core	1	Examples/RingLeader.lean|RingLeader.Server.Proposing.entry_correct_block0_lemmas	fail	timeout	122.286	-
plean	crush-core	1	Examples/RingLeader.lean|RingLeader.base_block1_UniqueLeader	pass	-	2728.647	-
plean	crush-core	1	Examples/RingLeader.lean|RingLeader.Server.Proposing.eNominate_correct_block1_Safety_using_lemmas	fail	tactic	105.235	-
plean	crush-core	1	Examples/RingLeader.lean|RingLeader.Server.Proposing.entry_correct_block1_Safety_using_lemmas	pass	-	5983.162	-
plean	crush-core	1	Examples/RingLeader.lean|RingLeader.base_block1_UniqueActions	pass	-	510.344	-
plean	crush-core	1	Examples/RingLeader.lean|RingLeader.base_block1_IncreasingCount	pass	-	497.000	-
plean	crush-core	1	Examples/RingLeader.lean|RingLeader.base_block1_ReceivedSubsetSent	pass	-	452.130	-
plean	crush-core	1	Examples/RingLeader.lean|RingLeader.Server.Proposing.eNominate_correct_block1_default	pass	-	1420.382	-
plean	crush-core	1	Examples/RingLeader.lean|RingLeader.Server.Proposing.entry_correct_block1_default	pass	-	5332.534	-
plean	crush-alethe	1	Examples/RingLeader.lean|RingLeader.base_block0_LeaderMax	fail	tactic	36.945	-
plean	crush-alethe	1	Examples/RingLeader.lean|RingLeader.base_block0_Aux	fail	tactic	32.193	-
plean	crush-alethe	1	Examples/RingLeader.lean|RingLeader.base_block0_NoBypass	fail	tactic	38.561	-
plean	crush-alethe	1	Examples/RingLeader.lean|RingLeader.base_block0_SelfPendingMax	fail	tactic	39.122	-
plean	crush-alethe	1	Examples/RingLeader.lean|RingLeader.Server.Proposing.eNominate_correct_block0_lemmas	fail	tactic	1263.870	-
plean	crush-alethe	1	Examples/RingLeader.lean|RingLeader.Server.Proposing.entry_correct_block0_lemmas	fail	translation	1061.466	-
plean	crush-alethe	1	Examples/RingLeader.lean|RingLeader.base_block1_UniqueLeader	fail	tactic	35.097	-
plean	crush-alethe	1	Examples/RingLeader.lean|RingLeader.Server.Proposing.eNominate_correct_block1_Safety_using_lemmas	fail	tactic	1012.520	-
plean	crush-alethe	1	Examples/RingLeader.lean|RingLeader.Server.Proposing.entry_correct_block1_Safety_using_lemmas	pass	-	192.780	-
plean	crush-alethe	1	Examples/RingLeader.lean|RingLeader.base_block1_UniqueActions	fail	tactic	37.322	-
plean	crush-alethe	1	Examples/RingLeader.lean|RingLeader.base_block1_IncreasingCount	fail	tactic	34.985	-
plean	crush-alethe	1	Examples/RingLeader.lean|RingLeader.base_block1_ReceivedSubsetSent	fail	tactic	36.026	-
plean	crush-alethe	1	Examples/RingLeader.lean|RingLeader.Server.Proposing.eNominate_correct_block1_default	fail	translation	1637.592	-
plean	crush-alethe	1	Examples/RingLeader.lean|RingLeader.Server.Proposing.entry_correct_block1_default	pass	-	212.919	-
plean	crush-portfolio	1	Examples/RingLeader.lean|RingLeader.base_block0_LeaderMax	pass	-	1928.820	-
plean	crush-portfolio	1	Examples/RingLeader.lean|RingLeader.base_block0_Aux	pass	-	37.706	-
plean	crush-portfolio	1	Examples/RingLeader.lean|RingLeader.base_block0_NoBypass	pass	-	2366.035	-
plean	crush-portfolio	1	Examples/RingLeader.lean|RingLeader.base_block0_SelfPendingMax	pass	-	2260.406	-
plean	crush-portfolio	1	Examples/RingLeader.lean|RingLeader.Server.Proposing.eNominate_correct_block0_lemmas	fail	tactic	268.313	-
plean	crush-portfolio	1	Examples/RingLeader.lean|RingLeader.Server.Proposing.entry_correct_block0_lemmas	fail	timeout	130.700	-
plean	crush-portfolio	1	Examples/RingLeader.lean|RingLeader.base_block1_UniqueLeader	pass	-	2659.749	-
plean	crush-portfolio	1	Examples/RingLeader.lean|RingLeader.Server.Proposing.eNominate_correct_block1_Safety_using_lemmas	fail	tactic	88.404	-
plean	crush-portfolio	1	Examples/RingLeader.lean|RingLeader.Server.Proposing.entry_correct_block1_Safety_using_lemmas	pass	-	5475.064	-
plean	crush-portfolio	1	Examples/RingLeader.lean|RingLeader.base_block1_UniqueActions	pass	-	596.696	-
plean	crush-portfolio	1	Examples/RingLeader.lean|RingLeader.base_block1_IncreasingCount	pass	-	490.143	-
plean	crush-portfolio	1	Examples/RingLeader.lean|RingLeader.base_block1_ReceivedSubsetSent	pass	-	504.021	-
plean	crush-portfolio	1	Examples/RingLeader.lean|RingLeader.Server.Proposing.eNominate_correct_block1_default	pass	-	1508.925	-
plean	crush-portfolio	1	Examples/RingLeader.lean|RingLeader.Server.Proposing.entry_correct_block1_default	pass	-	5120.658	-
plean	crush-verify	1	Examples/ShardedKV.lean|ShardedKV.base_of_Safety_transfer_means_no_owner	pass	-	496.155	-
plean	crush-verify	1	Examples/ShardedKV.lean|ShardedKV.base_of_Safety_unique_key_transfer	pass	-	484.098	-
plean	crush-verify	1	Examples/ShardedKV.lean|ShardedKV.base_of_Safety_transfer_means_not_own	pass	-	485.743	-
plean	crush-verify	1	Examples/ShardedKV.lean|ShardedKV.base_of_Safety_unique_owner	pass	-	486.918	-
plean	crush-verify	1	Examples/ShardedKV.lean|ShardedKV.Node.Serving.eReshard_correct_of_Safety_Safety	pass	-	1396.183	-
plean	crush-verify	1	Examples/ShardedKV.lean|ShardedKV.Node.Serving.eTransfer_correct_of_Safety_Safety	pass	-	2273.855	-
plean	crush-verify	1	Examples/ShardedKV.lean|ShardedKV.base_of_Safety_UniqueActions	pass	-	474.028	-
plean	crush-verify	1	Examples/ShardedKV.lean|ShardedKV.base_of_Safety_IncreasingCount	pass	-	475.348	-
plean	crush-verify	1	Examples/ShardedKV.lean|ShardedKV.base_of_Safety_ReceivedSubsetSent	pass	-	471.013	-
plean	crush-verify	1	Examples/ShardedKV.lean|ShardedKV.Node.Serving.eReshard_correct_of_Safety_default	pass	-	1093.523	-
plean	crush-verify	1	Examples/ShardedKV.lean|ShardedKV.Node.Serving.eTransfer_correct_of_Safety_default	pass	-	1461.894	-
plean	crush-core	1	Examples/ShardedKV.lean|ShardedKV.base_of_Safety_transfer_means_no_owner	pass	-	569.068	-
plean	crush-core	1	Examples/ShardedKV.lean|ShardedKV.base_of_Safety_unique_key_transfer	pass	-	499.301	-
plean	crush-core	1	Examples/ShardedKV.lean|ShardedKV.base_of_Safety_transfer_means_not_own	pass	-	500.845	-
plean	crush-core	1	Examples/ShardedKV.lean|ShardedKV.base_of_Safety_unique_owner	pass	-	532.762	-
plean	crush-core	1	Examples/ShardedKV.lean|ShardedKV.Node.Serving.eReshard_correct_of_Safety_Safety	fail	tactic	191.429	-
plean	crush-core	1	Examples/ShardedKV.lean|ShardedKV.Node.Serving.eTransfer_correct_of_Safety_Safety	fail	tactic	883.202	-
plean	crush-core	1	Examples/ShardedKV.lean|ShardedKV.base_of_Safety_UniqueActions	pass	-	488.444	-
plean	crush-core	1	Examples/ShardedKV.lean|ShardedKV.base_of_Safety_IncreasingCount	pass	-	423.690	-
plean	crush-core	1	Examples/ShardedKV.lean|ShardedKV.base_of_Safety_ReceivedSubsetSent	pass	-	472.059	-
plean	crush-core	1	Examples/ShardedKV.lean|ShardedKV.Node.Serving.eReshard_correct_of_Safety_default	pass	-	1123.742	-
plean	crush-core	1	Examples/ShardedKV.lean|ShardedKV.Node.Serving.eTransfer_correct_of_Safety_default	pass	-	1064.300	-
plean	crush-alethe	1	Examples/ShardedKV.lean|ShardedKV.base_of_Safety_transfer_means_no_owner	fail	tactic	32.367	-
plean	crush-alethe	1	Examples/ShardedKV.lean|ShardedKV.base_of_Safety_unique_key_transfer	fail	tactic	28.974	-
plean	crush-alethe	1	Examples/ShardedKV.lean|ShardedKV.base_of_Safety_transfer_means_not_own	fail	tactic	30.337	-
plean	crush-alethe	1	Examples/ShardedKV.lean|ShardedKV.base_of_Safety_unique_owner	fail	tactic	30.577	-
plean	crush-alethe	1	Examples/ShardedKV.lean|ShardedKV.Node.Serving.eReshard_correct_of_Safety_Safety	fail	translation	1736.567	-
plean	crush-alethe	1	Examples/ShardedKV.lean|ShardedKV.Node.Serving.eTransfer_correct_of_Safety_Safety	fail	translation	1234.352	-
plean	crush-alethe	1	Examples/ShardedKV.lean|ShardedKV.base_of_Safety_UniqueActions	fail	tactic	22.178	-
plean	crush-alethe	1	Examples/ShardedKV.lean|ShardedKV.base_of_Safety_IncreasingCount	fail	tactic	18.735	-
plean	crush-alethe	1	Examples/ShardedKV.lean|ShardedKV.base_of_Safety_ReceivedSubsetSent	fail	tactic	19.384	-
plean	crush-alethe	1	Examples/ShardedKV.lean|ShardedKV.Node.Serving.eReshard_correct_of_Safety_default	fail	translation	1040.638	-
plean	crush-alethe	1	Examples/ShardedKV.lean|ShardedKV.Node.Serving.eTransfer_correct_of_Safety_default	fail	translation	784.337	-
plean	crush-portfolio	1	Examples/ShardedKV.lean|ShardedKV.base_of_Safety_transfer_means_no_owner	pass	-	555.320	-
plean	crush-portfolio	1	Examples/ShardedKV.lean|ShardedKV.base_of_Safety_unique_key_transfer	pass	-	493.311	-
plean	crush-portfolio	1	Examples/ShardedKV.lean|ShardedKV.base_of_Safety_transfer_means_not_own	pass	-	474.860	-
plean	crush-portfolio	1	Examples/ShardedKV.lean|ShardedKV.base_of_Safety_unique_owner	pass	-	534.216	-
plean	crush-portfolio	1	Examples/ShardedKV.lean|ShardedKV.Node.Serving.eReshard_correct_of_Safety_Safety	fail	tactic	168.379	-
plean	crush-portfolio	1	Examples/ShardedKV.lean|ShardedKV.Node.Serving.eTransfer_correct_of_Safety_Safety	fail	tactic	880.092	-
plean	crush-portfolio	1	Examples/ShardedKV.lean|ShardedKV.base_of_Safety_UniqueActions	pass	-	474.555	-
plean	crush-portfolio	1	Examples/ShardedKV.lean|ShardedKV.base_of_Safety_IncreasingCount	pass	-	474.796	-
plean	crush-portfolio	1	Examples/ShardedKV.lean|ShardedKV.base_of_Safety_ReceivedSubsetSent	pass	-	477.230	-
plean	crush-portfolio	1	Examples/ShardedKV.lean|ShardedKV.Node.Serving.eReshard_correct_of_Safety_default	pass	-	1148.778	-
plean	crush-portfolio	1	Examples/ShardedKV.lean|ShardedKV.Node.Serving.eTransfer_correct_of_Safety_default	pass	-	1143.023	-
plean	crush-verify	1	Examples/TwoPhaseCommit.lean|TwoPhaseCommit.base_of_system_config_participant_set	pass	-	555.570	-
plean	crush-verify	1	Examples/TwoPhaseCommit.lean|TwoPhaseCommit.Coordinator.WaitForResponses.eYes_correct_of_system_config_system_config	fail	timeout	591.508	-
plean	crush-verify	1	Examples/TwoPhaseCommit.lean|TwoPhaseCommit.Coordinator.WaitForResponses.eNo_correct_of_system_config_system_config	fail	timeout	9698.239	-
plean	crush-verify	1	Examples/TwoPhaseCommit.lean|TwoPhaseCommit.Coordinator.Init.entry_correct_of_system_config_system_config	pass	-	3964.973	-
plean	crush-verify	1	Examples/TwoPhaseCommit.lean|TwoPhaseCommit.Participant.Undecided.eVoteReq_correct_of_system_config_system_config	pass	-	60.823	-
plean	crush-verify	1	Examples/TwoPhaseCommit.lean|TwoPhaseCommit.Participant.Undecided.eCommit_correct_of_system_config_system_config	pass	-	511.368	-
plean	crush-verify	1	Examples/TwoPhaseCommit.lean|TwoPhaseCommit.Participant.Undecided.eAbort_correct_of_system_config_system_config	pass	-	509.721	-
plean	crush-verify	1	Examples/TwoPhaseCommit.lean|TwoPhaseCommit.base_of_votes_yes_implies_pref	pass	-	485.914	-
plean	crush-verify	1	Examples/TwoPhaseCommit.lean|TwoPhaseCommit.base_of_votes_votes_all_prefer	pass	-	485.471	-
plean	crush-verify	1	Examples/TwoPhaseCommit.lean|TwoPhaseCommit.Coordinator.WaitForResponses.eYes_correct_of_votes_votes	fail	timeout	2695.771	-
plean	crush-verify	1	Examples/TwoPhaseCommit.lean|TwoPhaseCommit.Coordinator.WaitForResponses.eNo_correct_of_votes_votes	fail	timeout	12157.970	-
plean	crush-verify	1	Examples/TwoPhaseCommit.lean|TwoPhaseCommit.Coordinator.Init.entry_correct_of_votes_votes	pass	-	7408.571	-
plean	crush-verify	1	Examples/TwoPhaseCommit.lean|TwoPhaseCommit.Participant.Undecided.eVoteReq_correct_of_votes_votes	pass	-	1028.259	-
plean	crush-verify	1	Examples/TwoPhaseCommit.lean|TwoPhaseCommit.Participant.Undecided.eCommit_correct_of_votes_votes	pass	-	1008.734	-
plean	crush-verify	1	Examples/TwoPhaseCommit.lean|TwoPhaseCommit.Participant.Undecided.eAbort_correct_of_votes_votes	pass	-	997.400	-
plean	crush-verify	1	Examples/TwoPhaseCommit.lean|TwoPhaseCommit.base_of_default_UniqueActions	pass	-	512.028	-
plean	crush-verify	1	Examples/TwoPhaseCommit.lean|TwoPhaseCommit.base_of_default_IncreasingCount	pass	-	490.683	-
plean	crush-verify	1	Examples/TwoPhaseCommit.lean|TwoPhaseCommit.base_of_default_ReceivedSubsetSent	pass	-	494.922	-
plean	crush-verify	1	Examples/TwoPhaseCommit.lean|TwoPhaseCommit.Coordinator.WaitForResponses.eYes_correct_of_default_default	fail	timeout	6955.458	-
plean	crush-verify	1	Examples/TwoPhaseCommit.lean|TwoPhaseCommit.Coordinator.WaitForResponses.eNo_correct_of_default_default	pass	-	2570.668	-
plean	crush-verify	1	Examples/TwoPhaseCommit.lean|TwoPhaseCommit.Coordinator.Init.entry_correct_of_default_default	pass	-	2532.107	-
plean	crush-verify	1	Examples/TwoPhaseCommit.lean|TwoPhaseCommit.Participant.Undecided.eVoteReq_correct_of_default_default	pass	-	1083.615	-
plean	crush-verify	1	Examples/TwoPhaseCommit.lean|TwoPhaseCommit.Participant.Undecided.eCommit_correct_of_default_default	pass	-	1494.879	-
plean	crush-verify	1	Examples/TwoPhaseCommit.lean|TwoPhaseCommit.Participant.Undecided.eAbort_correct_of_default_default	pass	-	1503.771	-
plean	crush-verify	1	Examples/TwoPhaseCommit.lean|TwoPhaseCommit.base_of_commit_sent_commit_sent_implies_all_yes	pass	-	501.176	-
plean	crush-verify	1	Examples/TwoPhaseCommit.lean|TwoPhaseCommit.Coordinator.WaitForResponses.eYes_correct_of_commit_sent_commit_sent_using_votes_system_config	fail	timeout	4125.147	-
plean	crush-verify	1	Examples/TwoPhaseCommit.lean|TwoPhaseCommit.Coordinator.WaitForResponses.eNo_correct_of_commit_sent_commit_sent_using_votes_system_config	fail	timeout	13935.413	-
plean	crush-verify	1	Examples/TwoPhaseCommit.lean|TwoPhaseCommit.Coordinator.Init.entry_correct_of_commit_sent_commit_sent_using_votes_system_config	pass	-	9017.285	-
plean	crush-verify	1	Examples/TwoPhaseCommit.lean|TwoPhaseCommit.Participant.Undecided.eVoteReq_correct_of_commit_sent_commit_sent_using_votes_system_config	pass	-	1039.087	-
plean	crush-verify	1	Examples/TwoPhaseCommit.lean|TwoPhaseCommit.Participant.Undecided.eCommit_correct_of_commit_sent_commit_sent_using_votes_system_config	pass	-	546.941	-
plean	crush-verify	1	Examples/TwoPhaseCommit.lean|TwoPhaseCommit.Participant.Undecided.eAbort_correct_of_commit_sent_commit_sent_using_votes_system_config	pass	-	544.888	-
plean	crush-verify	1	Examples/TwoPhaseCommit.lean|TwoPhaseCommit.base_of_safety_accepted_implies_all_prefer	pass	-	511.177	-
plean	crush-verify	1	Examples/TwoPhaseCommit.lean|TwoPhaseCommit.Coordinator.WaitForResponses.eYes_correct_of_safety_safety_using_commit_sent	fail	timeout	2856.592	-
plean	crush-verify	1	Examples/TwoPhaseCommit.lean|TwoPhaseCommit.Coordinator.WaitForResponses.eNo_correct_of_safety_safety_using_commit_sent	fail	timeout	12443.070	-
plean	crush-verify	1	Examples/TwoPhaseCommit.lean|TwoPhaseCommit.Coordinator.Init.entry_correct_of_safety_safety_using_commit_sent	pass	-	7258.861	-
plean	crush-verify	1	Examples/TwoPhaseCommit.lean|TwoPhaseCommit.Participant.Undecided.eVoteReq_correct_of_safety_safety_using_commit_sent	pass	-	1025.387	-
plean	crush-verify	1	Examples/TwoPhaseCommit.lean|TwoPhaseCommit.Participant.Undecided.eCommit_correct_of_safety_safety_using_commit_sent	pass	-	577.412	-
plean	crush-verify	1	Examples/TwoPhaseCommit.lean|TwoPhaseCommit.Participant.Undecided.eAbort_correct_of_safety_safety_using_commit_sent	pass	-	560.729	-
plean	crush-core	1	Examples/TwoPhaseCommit.lean|TwoPhaseCommit.base_of_system_config_participant_set	pass	-	544.808	-
plean	crush-core	1	Examples/TwoPhaseCommit.lean|TwoPhaseCommit.Coordinator.WaitForResponses.eYes_correct_of_system_config_system_config	fail	timeout	578.135	-
plean	crush-core	1	Examples/TwoPhaseCommit.lean|TwoPhaseCommit.Coordinator.WaitForResponses.eNo_correct_of_system_config_system_config	fail	timeout	14177.271	-
plean	crush-core	1	Examples/TwoPhaseCommit.lean|TwoPhaseCommit.Coordinator.Init.entry_correct_of_system_config_system_config	pass	-	5413.751	-
plean	crush-core	1	Examples/TwoPhaseCommit.lean|TwoPhaseCommit.Participant.Undecided.eVoteReq_correct_of_system_config_system_config	pass	-	61.715	-
plean	crush-core	1	Examples/TwoPhaseCommit.lean|TwoPhaseCommit.Participant.Undecided.eCommit_correct_of_system_config_system_config	pass	-	537.083	-
plean	crush-core	1	Examples/TwoPhaseCommit.lean|TwoPhaseCommit.Participant.Undecided.eAbort_correct_of_system_config_system_config	pass	-	536.782	-
plean	crush-core	1	Examples/TwoPhaseCommit.lean|TwoPhaseCommit.base_of_votes_yes_implies_pref	pass	-	516.666	-
plean	crush-core	1	Examples/TwoPhaseCommit.lean|TwoPhaseCommit.base_of_votes_votes_all_prefer	pass	-	530.864	-
plean	crush-core	1	Examples/TwoPhaseCommit.lean|TwoPhaseCommit.Coordinator.WaitForResponses.eYes_correct_of_votes_votes	fail	timeout	931.520	-
plean	crush-core	1	Examples/TwoPhaseCommit.lean|TwoPhaseCommit.Coordinator.WaitForResponses.eNo_correct_of_votes_votes	fail	timeout	14667.327	-
plean	crush-core	1	Examples/TwoPhaseCommit.lean|TwoPhaseCommit.Coordinator.Init.entry_correct_of_votes_votes	pass	-	6313.191	-
plean	crush-core	1	Examples/TwoPhaseCommit.lean|TwoPhaseCommit.Participant.Undecided.eVoteReq_correct_of_votes_votes	pass	-	1142.446	-
plean	crush-core	1	Examples/TwoPhaseCommit.lean|TwoPhaseCommit.Participant.Undecided.eCommit_correct_of_votes_votes	pass	-	903.257	-
plean	crush-core	1	Examples/TwoPhaseCommit.lean|TwoPhaseCommit.Participant.Undecided.eAbort_correct_of_votes_votes	pass	-	882.961	-
plean	crush-core	1	Examples/TwoPhaseCommit.lean|TwoPhaseCommit.base_of_default_UniqueActions	pass	-	512.104	-
plean	crush-core	1	Examples/TwoPhaseCommit.lean|TwoPhaseCommit.base_of_default_IncreasingCount	pass	-	507.975	-
plean	crush-core	1	Examples/TwoPhaseCommit.lean|TwoPhaseCommit.base_of_default_ReceivedSubsetSent	pass	-	502.082	-
plean	crush-core	1	Examples/TwoPhaseCommit.lean|TwoPhaseCommit.Coordinator.WaitForResponses.eYes_correct_of_default_default	fail	timeout	5597.640	-
plean	crush-core	1	Examples/TwoPhaseCommit.lean|TwoPhaseCommit.Coordinator.WaitForResponses.eNo_correct_of_default_default	pass	-	2393.854	-
plean	crush-core	1	Examples/TwoPhaseCommit.lean|TwoPhaseCommit.Coordinator.Init.entry_correct_of_default_default	pass	-	2190.911	-
plean	crush-core	1	Examples/TwoPhaseCommit.lean|TwoPhaseCommit.Participant.Undecided.eVoteReq_correct_of_default_default	pass	-	1250.423	-
plean	crush-core	1	Examples/TwoPhaseCommit.lean|TwoPhaseCommit.Participant.Undecided.eCommit_correct_of_default_default	pass	-	2265.255	-
plean	crush-core	1	Examples/TwoPhaseCommit.lean|TwoPhaseCommit.Participant.Undecided.eAbort_correct_of_default_default	pass	-	2272.603	-
plean	crush-core	1	Examples/TwoPhaseCommit.lean|TwoPhaseCommit.base_of_commit_sent_commit_sent_implies_all_yes	pass	-	531.587	-
plean	crush-core	1	Examples/TwoPhaseCommit.lean|TwoPhaseCommit.Coordinator.WaitForResponses.eYes_correct_of_commit_sent_commit_sent_using_votes_system_config	fail	timeout	1662.820	-
plean	crush-core	1	Examples/TwoPhaseCommit.lean|TwoPhaseCommit.Coordinator.WaitForResponses.eNo_correct_of_commit_sent_commit_sent_using_votes_system_config	fail	timeout	15742.594	-
plean	crush-core	1	Examples/TwoPhaseCommit.lean|TwoPhaseCommit.Coordinator.Init.entry_correct_of_commit_sent_commit_sent_using_votes_system_config	pass	-	7035.154	-
plean	crush-core	1	Examples/TwoPhaseCommit.lean|TwoPhaseCommit.Participant.Undecided.eVoteReq_correct_of_commit_sent_commit_sent_using_votes_system_config	pass	-	423.834	-
plean	crush-core	1	Examples/TwoPhaseCommit.lean|TwoPhaseCommit.Participant.Undecided.eCommit_correct_of_commit_sent_commit_sent_using_votes_system_config	pass	-	657.251	-
plean	crush-core	1	Examples/TwoPhaseCommit.lean|TwoPhaseCommit.Participant.Undecided.eAbort_correct_of_commit_sent_commit_sent_using_votes_system_config	pass	-	655.164	-
plean	crush-core	1	Examples/TwoPhaseCommit.lean|TwoPhaseCommit.base_of_safety_accepted_implies_all_prefer	pass	-	529.123	-
plean	crush-core	1	Examples/TwoPhaseCommit.lean|TwoPhaseCommit.Coordinator.WaitForResponses.eYes_correct_of_safety_safety_using_commit_sent	fail	timeout	2557.708	-
plean	crush-core	1	Examples/TwoPhaseCommit.lean|TwoPhaseCommit.Coordinator.WaitForResponses.eNo_correct_of_safety_safety_using_commit_sent	fail	timeout	16508.955	-
plean	crush-core	1	Examples/TwoPhaseCommit.lean|TwoPhaseCommit.Coordinator.Init.entry_correct_of_safety_safety_using_commit_sent	pass	-	9475.050	-
plean	crush-core	1	Examples/TwoPhaseCommit.lean|TwoPhaseCommit.Participant.Undecided.eVoteReq_correct_of_safety_safety_using_commit_sent	pass	-	1601.490	-
plean	crush-core	1	Examples/TwoPhaseCommit.lean|TwoPhaseCommit.Participant.Undecided.eCommit_correct_of_safety_safety_using_commit_sent	pass	-	728.915	-
plean	crush-core	1	Examples/TwoPhaseCommit.lean|TwoPhaseCommit.Participant.Undecided.eAbort_correct_of_safety_safety_using_commit_sent	pass	-	3316.061	-
plean	crush-alethe	1	Examples/TwoPhaseCommit.lean|TwoPhaseCommit.base_of_system_config_participant_set	fail	tactic	31.618	-
plean	crush-alethe	1	Examples/TwoPhaseCommit.lean|TwoPhaseCommit.Coordinator.WaitForResponses.eYes_correct_of_system_config_system_config	fail	timeout	492.719	-
plean	crush-alethe	1	Examples/TwoPhaseCommit.lean|TwoPhaseCommit.Coordinator.WaitForResponses.eNo_correct_of_system_config_system_config	fail	translation	1062.407	-
plean	crush-alethe	1	Examples/TwoPhaseCommit.lean|TwoPhaseCommit.Coordinator.Init.entry_correct_of_system_config_system_config	pass	-	800.585	-
plean	crush-alethe	1	Examples/TwoPhaseCommit.lean|TwoPhaseCommit.Participant.Undecided.eVoteReq_correct_of_system_config_system_config	pass	-	123.809	-
plean	crush-alethe	1	Examples/TwoPhaseCommit.lean|TwoPhaseCommit.Participant.Undecided.eCommit_correct_of_system_config_system_config	pass	-	37.038	-
plean	crush-alethe	1	Examples/TwoPhaseCommit.lean|TwoPhaseCommit.Participant.Undecided.eAbort_correct_of_system_config_system_config	pass	-	37.717	-
plean	crush-alethe	1	Examples/TwoPhaseCommit.lean|TwoPhaseCommit.base_of_votes_yes_implies_pref	fail	tactic	28.886	-
plean	crush-alethe	1	Examples/TwoPhaseCommit.lean|TwoPhaseCommit.base_of_votes_votes_all_prefer	fail	tactic	32.941	-
plean	crush-alethe	1	Examples/TwoPhaseCommit.lean|TwoPhaseCommit.Coordinator.WaitForResponses.eYes_correct_of_votes_votes	fail	timeout	666.509	-
plean	crush-alethe	1	Examples/TwoPhaseCommit.lean|TwoPhaseCommit.Coordinator.WaitForResponses.eNo_correct_of_votes_votes	fail	translation	1274.684	-
plean	crush-alethe	1	Examples/TwoPhaseCommit.lean|TwoPhaseCommit.Coordinator.Init.entry_correct_of_votes_votes	fail	translation	2522.788	-
plean	crush-alethe	1	Examples/TwoPhaseCommit.lean|TwoPhaseCommit.Participant.Undecided.eVoteReq_correct_of_votes_votes	fail	translation	685.107	-
plean	crush-alethe	1	Examples/TwoPhaseCommit.lean|TwoPhaseCommit.Participant.Undecided.eCommit_correct_of_votes_votes	fail	translation	564.718	-
plean	crush-alethe	1	Examples/TwoPhaseCommit.lean|TwoPhaseCommit.Participant.Undecided.eAbort_correct_of_votes_votes	fail	translation	560.197	-
plean	crush-alethe	1	Examples/TwoPhaseCommit.lean|TwoPhaseCommit.base_of_default_UniqueActions	fail	tactic	30.352	-
plean	crush-alethe	1	Examples/TwoPhaseCommit.lean|TwoPhaseCommit.base_of_default_IncreasingCount	fail	tactic	31.155	-
plean	crush-alethe	1	Examples/TwoPhaseCommit.lean|TwoPhaseCommit.base_of_default_ReceivedSubsetSent	fail	tactic	29.589	-
plean	crush-alethe	1	Examples/TwoPhaseCommit.lean|TwoPhaseCommit.Coordinator.WaitForResponses.eYes_correct_of_default_default	fail	timeout	1023.369	-
plean	crush-alethe	1	Examples/TwoPhaseCommit.lean|TwoPhaseCommit.Coordinator.WaitForResponses.eNo_correct_of_default_default	fail	translation	1429.311	-
plean	crush-alethe	1	Examples/TwoPhaseCommit.lean|TwoPhaseCommit.Coordinator.Init.entry_correct_of_default_default	pass	-	276.917	-
plean	crush-alethe	1	Examples/TwoPhaseCommit.lean|TwoPhaseCommit.Participant.Undecided.eVoteReq_correct_of_default_default	fail	translation	1138.188	-
plean	crush-alethe	1	Examples/TwoPhaseCommit.lean|TwoPhaseCommit.Participant.Undecided.eCommit_correct_of_default_default	fail	translation	971.798	-
plean	crush-alethe	1	Examples/TwoPhaseCommit.lean|TwoPhaseCommit.Participant.Undecided.eAbort_correct_of_default_default	fail	translation	978.061	-
plean	crush-alethe	1	Examples/TwoPhaseCommit.lean|TwoPhaseCommit.base_of_commit_sent_commit_sent_implies_all_yes	fail	tactic	34.447	-
plean	crush-alethe	1	Examples/TwoPhaseCommit.lean|TwoPhaseCommit.Coordinator.WaitForResponses.eYes_correct_of_commit_sent_commit_sent_using_votes_system_config	fail	timeout	864.437	-
plean	crush-alethe	1	Examples/TwoPhaseCommit.lean|TwoPhaseCommit.Coordinator.WaitForResponses.eNo_correct_of_commit_sent_commit_sent_using_votes_system_config	fail	translation	1678.812	-
plean	crush-alethe	1	Examples/TwoPhaseCommit.lean|TwoPhaseCommit.Coordinator.Init.entry_correct_of_commit_sent_commit_sent_using_votes_system_config	fail	translation	2916.256	-
plean	crush-alethe	1	Examples/TwoPhaseCommit.lean|TwoPhaseCommit.Participant.Undecided.eVoteReq_correct_of_commit_sent_commit_sent_using_votes_system_config	fail	translation	840.525	-
plean	crush-alethe	1	Examples/TwoPhaseCommit.lean|TwoPhaseCommit.Participant.Undecided.eCommit_correct_of_commit_sent_commit_sent_using_votes_system_config	fail	translation	781.231	-
plean	crush-alethe	1	Examples/TwoPhaseCommit.lean|TwoPhaseCommit.Participant.Undecided.eAbort_correct_of_commit_sent_commit_sent_using_votes_system_config	fail	translation	784.485	-
plean	crush-alethe	1	Examples/TwoPhaseCommit.lean|TwoPhaseCommit.base_of_safety_accepted_implies_all_prefer	fail	tactic	40.578	-
plean	crush-alethe	1	Examples/TwoPhaseCommit.lean|TwoPhaseCommit.Coordinator.WaitForResponses.eYes_correct_of_safety_safety_using_commit_sent	fail	timeout	761.375	-
plean	crush-alethe	1	Examples/TwoPhaseCommit.lean|TwoPhaseCommit.Coordinator.WaitForResponses.eNo_correct_of_safety_safety_using_commit_sent	fail	translation	1468.877	-
plean	crush-alethe	1	Examples/TwoPhaseCommit.lean|TwoPhaseCommit.Coordinator.Init.entry_correct_of_safety_safety_using_commit_sent	fail	translation	1846.837	-
plean	crush-alethe	1	Examples/TwoPhaseCommit.lean|TwoPhaseCommit.Participant.Undecided.eVoteReq_correct_of_safety_safety_using_commit_sent	fail	translation	723.233	-
plean	crush-alethe	1	Examples/TwoPhaseCommit.lean|TwoPhaseCommit.Participant.Undecided.eCommit_correct_of_safety_safety_using_commit_sent	fail	translation	737.352	-
plean	crush-alethe	1	Examples/TwoPhaseCommit.lean|TwoPhaseCommit.Participant.Undecided.eAbort_correct_of_safety_safety_using_commit_sent	fail	translation	705.674	-
plean	crush-portfolio	1	Examples/TwoPhaseCommit.lean|TwoPhaseCommit.base_of_system_config_participant_set	pass	-	579.359	-
plean	crush-portfolio	1	Examples/TwoPhaseCommit.lean|TwoPhaseCommit.Coordinator.WaitForResponses.eYes_correct_of_system_config_system_config	fail	timeout	576.024	-
plean	crush-portfolio	1	Examples/TwoPhaseCommit.lean|TwoPhaseCommit.Coordinator.WaitForResponses.eNo_correct_of_system_config_system_config	fail	timeout	14031.388	-
plean	crush-portfolio	1	Examples/TwoPhaseCommit.lean|TwoPhaseCommit.Coordinator.Init.entry_correct_of_system_config_system_config	pass	-	5514.257	-
plean	crush-portfolio	1	Examples/TwoPhaseCommit.lean|TwoPhaseCommit.Participant.Undecided.eVoteReq_correct_of_system_config_system_config	pass	-	67.617	-
plean	crush-portfolio	1	Examples/TwoPhaseCommit.lean|TwoPhaseCommit.Participant.Undecided.eCommit_correct_of_system_config_system_config	pass	-	567.994	-
plean	crush-portfolio	1	Examples/TwoPhaseCommit.lean|TwoPhaseCommit.Participant.Undecided.eAbort_correct_of_system_config_system_config	pass	-	562.109	-
plean	crush-portfolio	1	Examples/TwoPhaseCommit.lean|TwoPhaseCommit.base_of_votes_yes_implies_pref	pass	-	530.441	-
plean	crush-portfolio	1	Examples/TwoPhaseCommit.lean|TwoPhaseCommit.base_of_votes_votes_all_prefer	pass	-	532.671	-
plean	crush-portfolio	1	Examples/TwoPhaseCommit.lean|TwoPhaseCommit.Coordinator.WaitForResponses.eYes_correct_of_votes_votes	fail	timeout	941.125	-
plean	crush-portfolio	1	Examples/TwoPhaseCommit.lean|TwoPhaseCommit.Coordinator.WaitForResponses.eNo_correct_of_votes_votes	fail	timeout	14844.010	-
plean	crush-portfolio	1	Examples/TwoPhaseCommit.lean|TwoPhaseCommit.Coordinator.Init.entry_correct_of_votes_votes	pass	-	6378.122	-
plean	crush-portfolio	1	Examples/TwoPhaseCommit.lean|TwoPhaseCommit.Participant.Undecided.eVoteReq_correct_of_votes_votes	pass	-	1123.537	-
plean	crush-portfolio	1	Examples/TwoPhaseCommit.lean|TwoPhaseCommit.Participant.Undecided.eCommit_correct_of_votes_votes	pass	-	892.158	-
plean	crush-portfolio	1	Examples/TwoPhaseCommit.lean|TwoPhaseCommit.Participant.Undecided.eAbort_correct_of_votes_votes	pass	-	895.894	-
plean	crush-portfolio	1	Examples/TwoPhaseCommit.lean|TwoPhaseCommit.base_of_default_UniqueActions	pass	-	524.108	-
plean	crush-portfolio	1	Examples/TwoPhaseCommit.lean|TwoPhaseCommit.base_of_default_IncreasingCount	pass	-	512.374	-
plean	crush-portfolio	1	Examples/TwoPhaseCommit.lean|TwoPhaseCommit.base_of_default_ReceivedSubsetSent	pass	-	520.339	-
plean	crush-portfolio	1	Examples/TwoPhaseCommit.lean|TwoPhaseCommit.Coordinator.WaitForResponses.eYes_correct_of_default_default	fail	timeout	5734.556	-
plean	crush-portfolio	1	Examples/TwoPhaseCommit.lean|TwoPhaseCommit.Coordinator.WaitForResponses.eNo_correct_of_default_default	pass	-	2434.721	-
plean	crush-portfolio	1	Examples/TwoPhaseCommit.lean|TwoPhaseCommit.Coordinator.Init.entry_correct_of_default_default	pass	-	2175.546	-
plean	crush-portfolio	1	Examples/TwoPhaseCommit.lean|TwoPhaseCommit.Participant.Undecided.eVoteReq_correct_of_default_default	pass	-	1260.049	-
plean	crush-portfolio	1	Examples/TwoPhaseCommit.lean|TwoPhaseCommit.Participant.Undecided.eCommit_correct_of_default_default	pass	-	2273.902	-
plean	crush-portfolio	1	Examples/TwoPhaseCommit.lean|TwoPhaseCommit.Participant.Undecided.eAbort_correct_of_default_default	pass	-	2263.103	-
plean	crush-portfolio	1	Examples/TwoPhaseCommit.lean|TwoPhaseCommit.base_of_commit_sent_commit_sent_implies_all_yes	pass	-	519.687	-
plean	crush-portfolio	1	Examples/TwoPhaseCommit.lean|TwoPhaseCommit.Coordinator.WaitForResponses.eYes_correct_of_commit_sent_commit_sent_using_votes_system_config	fail	timeout	1684.874	-
plean	crush-portfolio	1	Examples/TwoPhaseCommit.lean|TwoPhaseCommit.Coordinator.WaitForResponses.eNo_correct_of_commit_sent_commit_sent_using_votes_system_config	fail	timeout	16205.612	-
plean	crush-portfolio	1	Examples/TwoPhaseCommit.lean|TwoPhaseCommit.Coordinator.Init.entry_correct_of_commit_sent_commit_sent_using_votes_system_config	pass	-	6993.738	-
plean	crush-portfolio	1	Examples/TwoPhaseCommit.lean|TwoPhaseCommit.Participant.Undecided.eVoteReq_correct_of_commit_sent_commit_sent_using_votes_system_config	pass	-	426.976	-
plean	crush-portfolio	1	Examples/TwoPhaseCommit.lean|TwoPhaseCommit.Participant.Undecided.eCommit_correct_of_commit_sent_commit_sent_using_votes_system_config	pass	-	661.668	-
plean	crush-portfolio	1	Examples/TwoPhaseCommit.lean|TwoPhaseCommit.Participant.Undecided.eAbort_correct_of_commit_sent_commit_sent_using_votes_system_config	pass	-	704.979	-
plean	crush-portfolio	1	Examples/TwoPhaseCommit.lean|TwoPhaseCommit.base_of_safety_accepted_implies_all_prefer	pass	-	524.169	-
plean	crush-portfolio	1	Examples/TwoPhaseCommit.lean|TwoPhaseCommit.Coordinator.WaitForResponses.eYes_correct_of_safety_safety_using_commit_sent	fail	timeout	2593.027	-
plean	crush-portfolio	1	Examples/TwoPhaseCommit.lean|TwoPhaseCommit.Coordinator.WaitForResponses.eNo_correct_of_safety_safety_using_commit_sent	fail	timeout	16743.746	-
plean	crush-portfolio	1	Examples/TwoPhaseCommit.lean|TwoPhaseCommit.Coordinator.Init.entry_correct_of_safety_safety_using_commit_sent	pass	-	9656.899	-
plean	crush-portfolio	1	Examples/TwoPhaseCommit.lean|TwoPhaseCommit.Participant.Undecided.eVoteReq_correct_of_safety_safety_using_commit_sent	pass	-	1633.993	-
plean	crush-portfolio	1	Examples/TwoPhaseCommit.lean|TwoPhaseCommit.Participant.Undecided.eCommit_correct_of_safety_safety_using_commit_sent	pass	-	762.169	-
plean	crush-portfolio	1	Examples/TwoPhaseCommit.lean|TwoPhaseCommit.Participant.Undecided.eAbort_correct_of_safety_safety_using_commit_sent	pass	-	3336.786	-
