suite	backend	repeat	file	proof	goal_hash	status	category	milliseconds	synthetic	message	goal
plean	crush-verify	1	Examples/ClockBound.lean	ClockBound.base_Safety_gc_is_unique	-	pass	-	940.837	false	-	-
plean	crush-verify	1	Examples/ClockBound.lean	ClockBound.base_Safety_gc_kind	-	pass	-	1576.484	false	-	-
plean	crush-verify	1	Examples/ClockBound.lean	ClockBound.base_Safety_lc_global	-	pass	-	547.668	false	-	-
plean	crush-verify	1	Examples/ClockBound.lean	ClockBound.base_Safety_lc_client_injective	-	pass	-	545.466	false	-	-
plean	crush-verify	1	Examples/ClockBound.lean	ClockBound.base_Safety_gResp_label_payload_target_match	-	pass	-	537.013	false	-	-
plean	crush-verify	1	Examples/ClockBound.lean	ClockBound.base_Safety_gQuery_label_target_is_gc	-	pass	-	564.088	false	-	-
plean	crush-verify	1	Examples/ClockBound.lean	ClockBound.base_Safety_lResp_label_payload_target_match	-	pass	-	539.043	false	-	-
plean	crush-verify	1	Examples/ClockBound.lean	ClockBound.GlobalClock.Serving.eGlobalQuery_correct_Safety_topology	-	pass	-	5150.268	false	-	-
plean	crush-verify	1	Examples/ClockBound.lean	ClockBound.LocalClock.Idle.eLocalQuery_correct_Safety_topology	-	pass	-	5073.640	false	-	-
plean	crush-verify	1	Examples/ClockBound.lean	ClockBound.LocalClock.Waiting.eGlobalResponse_correct_Safety_topology	-	pass	-	5490.235	false	-	-
plean	crush-verify	1	Examples/ClockBound.lean	ClockBound.base_Safety_idle_no_gQuery	-	pass	-	555.015	false	-	-
plean	crush-verify	1	Examples/ClockBound.lean	ClockBound.base_Safety_idle_no_gResp	-	pass	-	549.689	false	-	-
plean	crush-verify	1	Examples/ClockBound.lean	ClockBound.base_Safety_gResp_unique_per_lc	-	pass	-	544.082	false	-	-
plean	crush-verify	1	Examples/ClockBound.lean	ClockBound.base_Safety_gQuery_unique_per_lc	-	pass	-	562.604	false	-	-
plean	crush-verify	1	Examples/ClockBound.lean	ClockBound.base_Safety_gQuery_excludes_gResp	-	pass	-	545.088	false	-	-
plean	crush-verify	1	Examples/ClockBound.lean	ClockBound.GlobalClock.Serving.eGlobalQuery_correct_Safety_causal_using_topology	-	pass	-	3493.582	false	-	-
plean	crush-verify	1	Examples/ClockBound.lean	ClockBound.LocalClock.Idle.eLocalQuery_correct_Safety_causal_using_topology	-	pass	-	3343.679	false	-	-
plean	crush-verify	1	Examples/ClockBound.lean	ClockBound.LocalClock.Waiting.eGlobalResponse_correct_Safety_causal_using_topology	-	pass	-	3727.753	false	-	-
plean	crush-verify	1	Examples/ClockBound.lean	ClockBound.base_Safety_globalTime_nonneg	-	pass	-	532.985	false	-	-
plean	crush-verify	1	Examples/ClockBound.lean	ClockBound.base_Safety_gResp_trueTime_le_globalTime	-	pass	-	550.831	false	-	-
plean	crush-verify	1	Examples/ClockBound.lean	ClockBound.base_Safety_gResp_trueTime_pos	-	pass	-	542.996	false	-	-
plean	crush-verify	1	Examples/ClockBound.lean	ClockBound.base_Safety_lc_currEarly_le_globalTime	-	pass	-	555.046	false	-	-
plean	crush-verify	1	Examples/ClockBound.lean	ClockBound.base_Safety_lc_currEarly_nonneg	-	pass	-	534.119	false	-	-
plean	crush-verify	1	Examples/ClockBound.lean	ClockBound.base_Safety_lResp_trueTime_le_globalTime	-	pass	-	557.745	false	-	-
plean	crush-verify	1	Examples/ClockBound.lean	ClockBound.GlobalClock.Serving.eGlobalQuery_correct_Safety_global_time_using_topology_causal	-	pass	-	4664.115	false	-	-
plean	crush-verify	1	Examples/ClockBound.lean	ClockBound.LocalClock.Idle.eLocalQuery_correct_Safety_global_time_using_topology_causal	-	pass	-	4647.380	false	-	-
plean	crush-verify	1	Examples/ClockBound.lean	ClockBound.LocalClock.Waiting.eGlobalResponse_correct_Safety_global_time_using_topology_causal	-	pass	-	4995.242	false	-	-
plean	crush-verify	1	Examples/ClockBound.lean	ClockBound.base_Safety_gResp_target_currEarly	-	pass	-	557.190	false	-	-
plean	crush-verify	1	Examples/ClockBound.lean	ClockBound.base_Safety_lResp_trueTime_le_inflight_gResp	-	pass	-	562.758	false	-	-
plean	crush-verify	1	Examples/ClockBound.lean	ClockBound.GlobalClock.Serving.eGlobalQuery_correct_Safety_linking_using_topology_causal_global_time	-	pass	-	1781.330	false	-	-
plean	crush-verify	1	Examples/ClockBound.lean	ClockBound.LocalClock.Idle.eLocalQuery_correct_Safety_linking_using_topology_causal_global_time	-	pass	-	1805.226	false	-	-
plean	crush-verify	1	Examples/ClockBound.lean	ClockBound.LocalClock.Waiting.eGlobalResponse_correct_Safety_linking_using_topology_causal_global_time	-	pass	-	1881.573	false	-	-
plean	crush-verify	1	Examples/ClockBound.lean	ClockBound.base_Safety_lResp_earliest_le_trueTime	-	pass	-	539.364	false	-	-
plean	crush-verify	1	Examples/ClockBound.lean	ClockBound.GlobalClock.Serving.eGlobalQuery_correct_Safety_lresp_earliest_le_trueTime_lemma_using_topology_causal_global_time_linking	-	pass	-	823.593	false	-	-
plean	crush-verify	1	Examples/ClockBound.lean	ClockBound.LocalClock.Idle.eLocalQuery_correct_Safety_lresp_earliest_le_trueTime_lemma_using_topology_causal_global_time_linking	-	pass	-	778.682	false	-	-
plean	crush-verify	1	Examples/ClockBound.lean	ClockBound.LocalClock.Waiting.eGlobalResponse_correct_Safety_lresp_earliest_le_trueTime_lemma_using_topology_causal_global_time_linking	-	pass	-	830.383	false	-	-
plean	crush-verify	1	Examples/ClockBound.lean	ClockBound.base_Safety_lResp_trueTime_le_latest	-	pass	-	549.086	false	-	-
plean	crush-verify	1	Examples/ClockBound.lean	ClockBound.GlobalClock.Serving.eGlobalQuery_correct_Safety_lresp_trueTime_le_latest_lemma_using_topology_causal_global_time_linking	-	pass	-	793.099	false	-	-
plean	crush-verify	1	Examples/ClockBound.lean	ClockBound.LocalClock.Idle.eLocalQuery_correct_Safety_lresp_trueTime_le_latest_lemma_using_topology_causal_global_time_linking	-	pass	-	829.420	false	-	-
plean	crush-verify	1	Examples/ClockBound.lean	ClockBound.LocalClock.Waiting.eGlobalResponse_correct_Safety_lresp_trueTime_le_latest_lemma_using_topology_causal_global_time_linking	-	pass	-	819.277	false	-	-
plean	crush-verify	1	Examples/ClockBound.lean	ClockBound.base_Safety_lc_currEarly_bounds_earliest	-	pass	-	554.324	false	-	-
plean	crush-verify	1	Examples/ClockBound.lean	ClockBound.GlobalClock.Serving.eGlobalQuery_correct_Safety_lc_currEarly_bounds_earliest_lemma_using_topology_causal_global_time_linking	-	pass	-	991.795	false	-	-
plean	crush-verify	1	Examples/ClockBound.lean	ClockBound.LocalClock.Idle.eLocalQuery_correct_Safety_lc_currEarly_bounds_earliest_lemma_using_topology_causal_global_time_linking	-	pass	-	1000.257	false	-	-
plean	crush-verify	1	Examples/ClockBound.lean	ClockBound.LocalClock.Waiting.eGlobalResponse_correct_Safety_lc_currEarly_bounds_earliest_lemma_using_topology_causal_global_time_linking	-	pass	-	1110.298	false	-	-
plean	crush-verify	1	Examples/ClockBound.lean	ClockBound.base_Safety_g1	-	pass	-	551.587	false	-	-
plean	crush-verify	1	Examples/ClockBound.lean	ClockBound.GlobalClock.Serving.eGlobalQuery_correct_Safety_G1_using_topology_causal_global_time_linking_lresp_earliest_le_trueTime_lemma_lresp_trueTime_le_latest_lemma_lc_currEarly_bounds_earliest_lemma	-	pass	-	840.089	false	-	-
plean	crush-verify	1	Examples/ClockBound.lean	ClockBound.LocalClock.Idle.eLocalQuery_correct_Safety_G1_using_topology_causal_global_time_linking_lresp_earliest_le_trueTime_lemma_lresp_trueTime_le_latest_lemma_lc_currEarly_bounds_earliest_lemma	-	pass	-	862.415	false	-	-
plean	crush-verify	1	Examples/ClockBound.lean	ClockBound.LocalClock.Waiting.eGlobalResponse_correct_Safety_G1_using_topology_causal_global_time_linking_lresp_earliest_le_trueTime_lemma_lresp_trueTime_le_latest_lemma_lc_currEarly_bounds_earliest_lemma	-	pass	-	926.277	false	-	-
plean	crush-verify	1	Examples/ClockBound.lean	ClockBound.base_Safety_g2	-	pass	-	556.457	false	-	-
plean	crush-verify	1	Examples/ClockBound.lean	ClockBound.GlobalClock.Serving.eGlobalQuery_correct_Safety_G2_using_topology_causal_global_time_linking_lresp_earliest_le_trueTime_lemma_lresp_trueTime_le_latest_lemma_lc_currEarly_bounds_earliest_lemma	-	pass	-	848.288	false	-	-
plean	crush-verify	1	Examples/ClockBound.lean	ClockBound.LocalClock.Idle.eLocalQuery_correct_Safety_G2_using_topology_causal_global_time_linking_lresp_earliest_le_trueTime_lemma_lresp_trueTime_le_latest_lemma_lc_currEarly_bounds_earliest_lemma	-	pass	-	840.732	false	-	-
plean	crush-verify	1	Examples/ClockBound.lean	ClockBound.LocalClock.Waiting.eGlobalResponse_correct_Safety_G2_using_topology_causal_global_time_linking_lresp_earliest_le_trueTime_lemma_lresp_trueTime_le_latest_lemma_lc_currEarly_bounds_earliest_lemma	-	pass	-	904.653	false	-	-
plean	crush-verify	1	Examples/ClockBound.lean	ClockBound.base_Safety_g3	-	pass	-	558.548	false	-	-
plean	crush-verify	1	Examples/ClockBound.lean	ClockBound.GlobalClock.Serving.eGlobalQuery_correct_Safety_G3_using_topology_causal_global_time_linking_lresp_earliest_le_trueTime_lemma_lresp_trueTime_le_latest_lemma_lc_currEarly_bounds_earliest_lemma	-	pass	-	968.913	false	-	-
plean	crush-verify	1	Examples/ClockBound.lean	ClockBound.LocalClock.Idle.eLocalQuery_correct_Safety_G3_using_topology_causal_global_time_linking_lresp_earliest_le_trueTime_lemma_lresp_trueTime_le_latest_lemma_lc_currEarly_bounds_earliest_lemma	-	pass	-	916.947	false	-	-
plean	crush-verify	1	Examples/ClockBound.lean	ClockBound.LocalClock.Waiting.eGlobalResponse_correct_Safety_G3_using_topology_causal_global_time_linking_lresp_earliest_le_trueTime_lemma_lresp_trueTime_le_latest_lemma_lc_currEarly_bounds_earliest_lemma	-	pass	-	1052.972	false	-	-
plean	crush-core	1	Examples/ClockBound.lean	ClockBound.base_Safety_gc_is_unique	-	pass	-	599.211	false	-	-
plean	crush-core	1	Examples/ClockBound.lean	ClockBound.base_Safety_gc_kind	-	pass	-	1656.164	false	-	-
plean	crush-core	1	Examples/ClockBound.lean	ClockBound.base_Safety_lc_global	-	pass	-	598.086	false	-	-
plean	crush-core	1	Examples/ClockBound.lean	ClockBound.base_Safety_lc_client_injective	-	pass	-	609.336	false	-	-
plean	crush-core	1	Examples/ClockBound.lean	ClockBound.base_Safety_gResp_label_payload_target_match	-	pass	-	578.726	false	-	-
plean	crush-core	1	Examples/ClockBound.lean	ClockBound.base_Safety_gQuery_label_target_is_gc	-	pass	-	590.876	false	-	-
plean	crush-core	1	Examples/ClockBound.lean	ClockBound.base_Safety_lResp_label_payload_target_match	-	pass	-	588.910	false	-	-
plean	crush-core	1	Examples/ClockBound.lean	ClockBound.GlobalClock.Serving.eGlobalQuery_correct_Safety_topology	-	pass	-	13571.199	false	-	-
plean	crush-core	1	Examples/ClockBound.lean	ClockBound.LocalClock.Idle.eLocalQuery_correct_Safety_topology	-	pass	-	12579.328	false	-	-
plean	crush-core	1	Examples/ClockBound.lean	ClockBound.LocalClock.Waiting.eGlobalResponse_correct_Safety_topology	-	pass	-	35061.749	false	-	-
plean	crush-core	1	Examples/ClockBound.lean	ClockBound.base_Safety_idle_no_gQuery	-	pass	-	598.976	false	-	-
plean	crush-core	1	Examples/ClockBound.lean	ClockBound.base_Safety_idle_no_gResp	-	pass	-	596.472	false	-	-
plean	crush-core	1	Examples/ClockBound.lean	ClockBound.base_Safety_gResp_unique_per_lc	-	pass	-	604.209	false	-	-
plean	crush-core	1	Examples/ClockBound.lean	ClockBound.base_Safety_gQuery_unique_per_lc	-	pass	-	613.075	false	-	-
plean	crush-core	1	Examples/ClockBound.lean	ClockBound.base_Safety_gQuery_excludes_gResp	-	pass	-	606.110	false	-	-
plean	crush-core	1	Examples/ClockBound.lean	ClockBound.GlobalClock.Serving.eGlobalQuery_correct_Safety_causal_using_topology	-	fail	tactic	373.645	false	-	-
plean	crush-core	1	Examples/ClockBound.lean	ClockBound.LocalClock.Idle.eLocalQuery_correct_Safety_causal_using_topology	-	fail	tactic	375.502	false	-	-
plean	crush-core	1	Examples/ClockBound.lean	ClockBound.LocalClock.Waiting.eGlobalResponse_correct_Safety_causal_using_topology	-	fail	tactic	408.247	false	-	-
plean	crush-core	1	Examples/ClockBound.lean	ClockBound.base_Safety_globalTime_nonneg	-	pass	-	499.923	false	-	-
plean	crush-core	1	Examples/ClockBound.lean	ClockBound.base_Safety_gResp_trueTime_le_globalTime	-	pass	-	417.795	false	-	-
plean	crush-core	1	Examples/ClockBound.lean	ClockBound.base_Safety_gResp_trueTime_pos	-	pass	-	448.968	false	-	-
plean	crush-core	1	Examples/ClockBound.lean	ClockBound.base_Safety_lc_currEarly_le_globalTime	-	pass	-	460.482	false	-	-
plean	crush-core	1	Examples/ClockBound.lean	ClockBound.base_Safety_lc_currEarly_nonneg	-	pass	-	469.286	false	-	-
plean	crush-core	1	Examples/ClockBound.lean	ClockBound.base_Safety_lResp_trueTime_le_globalTime	-	pass	-	441.420	false	-	-
plean	crush-core	1	Examples/ClockBound.lean	ClockBound.GlobalClock.Serving.eGlobalQuery_correct_Safety_global_time_using_topology_causal	-	pass	-	10155.766	false	-	-
plean	crush-core	1	Examples/ClockBound.lean	ClockBound.LocalClock.Idle.eLocalQuery_correct_Safety_global_time_using_topology_causal	-	pass	-	6657.856	false	-	-
plean	crush-core	1	Examples/ClockBound.lean	ClockBound.LocalClock.Waiting.eGlobalResponse_correct_Safety_global_time_using_topology_causal	-	pass	-	7330.514	false	-	-
plean	crush-core	1	Examples/ClockBound.lean	ClockBound.base_Safety_gResp_target_currEarly	-	pass	-	504.038	false	-	-
plean	crush-core	1	Examples/ClockBound.lean	ClockBound.base_Safety_lResp_trueTime_le_inflight_gResp	-	pass	-	503.346	false	-	-
plean	crush-core	1	Examples/ClockBound.lean	ClockBound.GlobalClock.Serving.eGlobalQuery_correct_Safety_linking_using_topology_causal_global_time	-	pass	-	13796.320	false	-	-
plean	crush-core	1	Examples/ClockBound.lean	ClockBound.LocalClock.Idle.eLocalQuery_correct_Safety_linking_using_topology_causal_global_time	-	fail	tactic	253.083	false	-	-
plean	crush-core	1	Examples/ClockBound.lean	ClockBound.LocalClock.Waiting.eGlobalResponse_correct_Safety_linking_using_topology_causal_global_time	-	fail	tactic	668.658	false	-	-
plean	crush-core	1	Examples/ClockBound.lean	ClockBound.base_Safety_lResp_earliest_le_trueTime	-	pass	-	556.268	false	-	-
plean	crush-core	1	Examples/ClockBound.lean	ClockBound.GlobalClock.Serving.eGlobalQuery_correct_Safety_lresp_earliest_le_trueTime_lemma_using_topology_causal_global_time_linking	-	pass	-	3275.659	false	-	-
plean	crush-core	1	Examples/ClockBound.lean	ClockBound.LocalClock.Idle.eLocalQuery_correct_Safety_lresp_earliest_le_trueTime_lemma_using_topology_causal_global_time_linking	-	pass	-	3241.410	false	-	-
plean	crush-core	1	Examples/ClockBound.lean	ClockBound.LocalClock.Waiting.eGlobalResponse_correct_Safety_lresp_earliest_le_trueTime_lemma_using_topology_causal_global_time_linking	-	pass	-	7270.115	false	-	-
plean	crush-core	1	Examples/ClockBound.lean	ClockBound.base_Safety_lResp_trueTime_le_latest	-	pass	-	526.894	false	-	-
plean	crush-core	1	Examples/ClockBound.lean	ClockBound.GlobalClock.Serving.eGlobalQuery_correct_Safety_lresp_trueTime_le_latest_lemma_using_topology_causal_global_time_linking	-	pass	-	3396.349	false	-	-
plean	crush-core	1	Examples/ClockBound.lean	ClockBound.LocalClock.Idle.eLocalQuery_correct_Safety_lresp_trueTime_le_latest_lemma_using_topology_causal_global_time_linking	-	pass	-	3321.856	false	-	-
plean	crush-core	1	Examples/ClockBound.lean	ClockBound.LocalClock.Waiting.eGlobalResponse_correct_Safety_lresp_trueTime_le_latest_lemma_using_topology_causal_global_time_linking	-	pass	-	7230.525	false	-	-
plean	crush-core	1	Examples/ClockBound.lean	ClockBound.base_Safety_lc_currEarly_bounds_earliest	-	pass	-	498.473	false	-	-
plean	crush-core	1	Examples/ClockBound.lean	ClockBound.GlobalClock.Serving.eGlobalQuery_correct_Safety_lc_currEarly_bounds_earliest_lemma_using_topology_causal_global_time_linking	-	pass	-	1040.590	false	-	-
plean	crush-core	1	Examples/ClockBound.lean	ClockBound.LocalClock.Idle.eLocalQuery_correct_Safety_lc_currEarly_bounds_earliest_lemma_using_topology_causal_global_time_linking	-	pass	-	1049.971	false	-	-
plean	crush-core	1	Examples/ClockBound.lean	ClockBound.LocalClock.Waiting.eGlobalResponse_correct_Safety_lc_currEarly_bounds_earliest_lemma_using_topology_causal_global_time_linking	-	pass	-	1320.868	false	-	-
plean	crush-core	1	Examples/ClockBound.lean	ClockBound.base_Safety_g1	-	pass	-	507.515	false	-	-
plean	crush-core	1	Examples/ClockBound.lean	ClockBound.GlobalClock.Serving.eGlobalQuery_correct_Safety_G1_using_topology_causal_global_time_linking_lresp_earliest_le_trueTime_lemma_lresp_trueTime_le_latest_lemma_lc_currEarly_bounds_earliest_lemma	-	pass	-	7511.069	false	-	-
plean	crush-core	1	Examples/ClockBound.lean	ClockBound.LocalClock.Idle.eLocalQuery_correct_Safety_G1_using_topology_causal_global_time_linking_lresp_earliest_le_trueTime_lemma_lresp_trueTime_le_latest_lemma_lc_currEarly_bounds_earliest_lemma	-	pass	-	7440.388	false	-	-
plean	crush-core	1	Examples/ClockBound.lean	ClockBound.LocalClock.Waiting.eGlobalResponse_correct_Safety_G1_using_topology_causal_global_time_linking_lresp_earliest_le_trueTime_lemma_lresp_trueTime_le_latest_lemma_lc_currEarly_bounds_earliest_lemma	-	pass	-	8398.809	false	-	-
plean	crush-core	1	Examples/ClockBound.lean	ClockBound.base_Safety_g2	-	pass	-	511.196	false	-	-
plean	crush-core	1	Examples/ClockBound.lean	ClockBound.GlobalClock.Serving.eGlobalQuery_correct_Safety_G2_using_topology_causal_global_time_linking_lresp_earliest_le_trueTime_lemma_lresp_trueTime_le_latest_lemma_lc_currEarly_bounds_earliest_lemma	-	pass	-	7348.056	false	-	-
plean	crush-core	1	Examples/ClockBound.lean	ClockBound.LocalClock.Idle.eLocalQuery_correct_Safety_G2_using_topology_causal_global_time_linking_lresp_earliest_le_trueTime_lemma_lresp_trueTime_le_latest_lemma_lc_currEarly_bounds_earliest_lemma	-	pass	-	7442.012	false	-	-
plean	crush-core	1	Examples/ClockBound.lean	ClockBound.LocalClock.Waiting.eGlobalResponse_correct_Safety_G2_using_topology_causal_global_time_linking_lresp_earliest_le_trueTime_lemma_lresp_trueTime_le_latest_lemma_lc_currEarly_bounds_earliest_lemma	-	pass	-	8545.318	false	-	-
plean	crush-core	1	Examples/ClockBound.lean	ClockBound.base_Safety_g3	-	pass	-	535.348	false	-	-
plean	crush-core	1	Examples/ClockBound.lean	ClockBound.GlobalClock.Serving.eGlobalQuery_correct_Safety_G3_using_topology_causal_global_time_linking_lresp_earliest_le_trueTime_lemma_lresp_trueTime_le_latest_lemma_lc_currEarly_bounds_earliest_lemma	-	pass	-	7628.462	false	-	-
plean	crush-core	1	Examples/ClockBound.lean	ClockBound.LocalClock.Idle.eLocalQuery_correct_Safety_G3_using_topology_causal_global_time_linking_lresp_earliest_le_trueTime_lemma_lresp_trueTime_le_latest_lemma_lc_currEarly_bounds_earliest_lemma	-	pass	-	7597.953	false	-	-
plean	crush-core	1	Examples/ClockBound.lean	ClockBound.LocalClock.Waiting.eGlobalResponse_correct_Safety_G3_using_topology_causal_global_time_linking_lresp_earliest_le_trueTime_lemma_lresp_trueTime_le_latest_lemma_lc_currEarly_bounds_earliest_lemma	-	fail	tactic	187.766	false	-	-
plean	crush-alethe	1	Examples/ClockBound.lean	ClockBound.base_Safety_gc_is_unique	-	fail	tactic	32.462	false	-	-
plean	crush-alethe	1	Examples/ClockBound.lean	ClockBound.base_Safety_gc_kind	-	fail	tactic	56.625	false	-	-
plean	crush-alethe	1	Examples/ClockBound.lean	ClockBound.base_Safety_lc_global	-	fail	tactic	30.842	false	-	-
plean	crush-alethe	1	Examples/ClockBound.lean	ClockBound.base_Safety_lc_client_injective	-	fail	tactic	35.863	false	-	-
plean	crush-alethe	1	Examples/ClockBound.lean	ClockBound.base_Safety_gResp_label_payload_target_match	-	fail	tactic	31.098	false	-	-
plean	crush-alethe	1	Examples/ClockBound.lean	ClockBound.base_Safety_gQuery_label_target_is_gc	-	fail	tactic	30.099	false	-	-
plean	crush-alethe	1	Examples/ClockBound.lean	ClockBound.base_Safety_lResp_label_payload_target_match	-	fail	tactic	30.242	false	-	-
plean	crush-alethe	1	Examples/ClockBound.lean	ClockBound.GlobalClock.Serving.eGlobalQuery_correct_Safety_topology	-	fail	translation	1454.226	false	-	-
plean	crush-alethe	1	Examples/ClockBound.lean	ClockBound.LocalClock.Idle.eLocalQuery_correct_Safety_topology	-	fail	translation	1430.348	false	-	-
plean	crush-alethe	1	Examples/ClockBound.lean	ClockBound.LocalClock.Waiting.eGlobalResponse_correct_Safety_topology	-	fail	translation	1610.049	false	-	-
plean	crush-alethe	1	Examples/ClockBound.lean	ClockBound.base_Safety_idle_no_gQuery	-	fail	tactic	36.738	false	-	-
plean	crush-alethe	1	Examples/ClockBound.lean	ClockBound.base_Safety_idle_no_gResp	-	fail	tactic	37.978	false	-	-
plean	crush-alethe	1	Examples/ClockBound.lean	ClockBound.base_Safety_gResp_unique_per_lc	-	fail	tactic	41.196	false	-	-
plean	crush-alethe	1	Examples/ClockBound.lean	ClockBound.base_Safety_gQuery_unique_per_lc	-	fail	tactic	47.162	false	-	-
plean	crush-alethe	1	Examples/ClockBound.lean	ClockBound.base_Safety_gQuery_excludes_gResp	-	fail	tactic	40.850	false	-	-
plean	crush-alethe	1	Examples/ClockBound.lean	ClockBound.GlobalClock.Serving.eGlobalQuery_correct_Safety_causal_using_topology	-	fail	translation	2550.395	false	-	-
plean	crush-alethe	1	Examples/ClockBound.lean	ClockBound.LocalClock.Idle.eLocalQuery_correct_Safety_causal_using_topology	-	fail	translation	1913.545	false	-	-
plean	crush-alethe	1	Examples/ClockBound.lean	ClockBound.LocalClock.Waiting.eGlobalResponse_correct_Safety_causal_using_topology	-	fail	translation	1950.072	false	-	-
plean	crush-alethe	1	Examples/ClockBound.lean	ClockBound.base_Safety_globalTime_nonneg	-	fail	tactic	31.279	false	-	-
plean	crush-alethe	1	Examples/ClockBound.lean	ClockBound.base_Safety_gResp_trueTime_le_globalTime	-	fail	tactic	43.917	false	-	-
plean	crush-alethe	1	Examples/ClockBound.lean	ClockBound.base_Safety_gResp_trueTime_pos	-	fail	tactic	32.729	false	-	-
plean	crush-alethe	1	Examples/ClockBound.lean	ClockBound.base_Safety_lc_currEarly_le_globalTime	-	fail	tactic	39.219	false	-	-
plean	crush-alethe	1	Examples/ClockBound.lean	ClockBound.base_Safety_lc_currEarly_nonneg	-	fail	tactic	32.604	false	-	-
plean	crush-alethe	1	Examples/ClockBound.lean	ClockBound.base_Safety_lResp_trueTime_le_globalTime	-	fail	tactic	36.547	false	-	-
plean	crush-alethe	1	Examples/ClockBound.lean	ClockBound.GlobalClock.Serving.eGlobalQuery_correct_Safety_global_time_using_topology_causal	-	fail	translation	3542.225	false	-	-
plean	crush-alethe	1	Examples/ClockBound.lean	ClockBound.LocalClock.Idle.eLocalQuery_correct_Safety_global_time_using_topology_causal	-	fail	translation	2817.869	false	-	-
plean	crush-alethe	1	Examples/ClockBound.lean	ClockBound.LocalClock.Waiting.eGlobalResponse_correct_Safety_global_time_using_topology_causal	-	fail	translation	2796.699	false	-	-
plean	crush-alethe	1	Examples/ClockBound.lean	ClockBound.base_Safety_gResp_target_currEarly	-	fail	tactic	36.567	false	-	-
plean	crush-alethe	1	Examples/ClockBound.lean	ClockBound.base_Safety_lResp_trueTime_le_inflight_gResp	-	fail	tactic	43.802	false	-	-
plean	crush-alethe	1	Examples/ClockBound.lean	ClockBound.GlobalClock.Serving.eGlobalQuery_correct_Safety_linking_using_topology_causal_global_time	-	fail	translation	3246.902	false	-	-
plean	crush-alethe	1	Examples/ClockBound.lean	ClockBound.LocalClock.Idle.eLocalQuery_correct_Safety_linking_using_topology_causal_global_time	-	fail	translation	3047.864	false	-	-
plean	crush-alethe	1	Examples/ClockBound.lean	ClockBound.LocalClock.Waiting.eGlobalResponse_correct_Safety_linking_using_topology_causal_global_time	-	fail	translation	3283.082	false	-	-
plean	crush-alethe	1	Examples/ClockBound.lean	ClockBound.base_Safety_lResp_earliest_le_trueTime	-	fail	tactic	31.414	false	-	-
plean	crush-alethe	1	Examples/ClockBound.lean	ClockBound.GlobalClock.Serving.eGlobalQuery_correct_Safety_lresp_earliest_le_trueTime_lemma_using_topology_causal_global_time_linking	-	fail	translation	3601.489	false	-	-
plean	crush-alethe	1	Examples/ClockBound.lean	ClockBound.LocalClock.Idle.eLocalQuery_correct_Safety_lresp_earliest_le_trueTime_lemma_using_topology_causal_global_time_linking	-	fail	translation	3116.566	false	-	-
plean	crush-alethe	1	Examples/ClockBound.lean	ClockBound.LocalClock.Waiting.eGlobalResponse_correct_Safety_lresp_earliest_le_trueTime_lemma_using_topology_causal_global_time_linking	-	fail	translation	3118.438	false	-	-
plean	crush-alethe	1	Examples/ClockBound.lean	ClockBound.base_Safety_lResp_trueTime_le_latest	-	fail	tactic	29.682	false	-	-
plean	crush-alethe	1	Examples/ClockBound.lean	ClockBound.GlobalClock.Serving.eGlobalQuery_correct_Safety_lresp_trueTime_le_latest_lemma_using_topology_causal_global_time_linking	-	fail	translation	3580.756	false	-	-
plean	crush-alethe	1	Examples/ClockBound.lean	ClockBound.LocalClock.Idle.eLocalQuery_correct_Safety_lresp_trueTime_le_latest_lemma_using_topology_causal_global_time_linking	-	fail	translation	3066.920	false	-	-
plean	crush-alethe	1	Examples/ClockBound.lean	ClockBound.LocalClock.Waiting.eGlobalResponse_correct_Safety_lresp_trueTime_le_latest_lemma_using_topology_causal_global_time_linking	-	fail	translation	3128.459	false	-	-
plean	crush-alethe	1	Examples/ClockBound.lean	ClockBound.base_Safety_lc_currEarly_bounds_earliest	-	fail	tactic	41.190	false	-	-
plean	crush-alethe	1	Examples/ClockBound.lean	ClockBound.GlobalClock.Serving.eGlobalQuery_correct_Safety_lc_currEarly_bounds_earliest_lemma_using_topology_causal_global_time_linking	-	fail	translation	3285.022	false	-	-
plean	crush-alethe	1	Examples/ClockBound.lean	ClockBound.LocalClock.Idle.eLocalQuery_correct_Safety_lc_currEarly_bounds_earliest_lemma_using_topology_causal_global_time_linking	-	fail	translation	3298.857	false	-	-
plean	crush-alethe	1	Examples/ClockBound.lean	ClockBound.LocalClock.Waiting.eGlobalResponse_correct_Safety_lc_currEarly_bounds_earliest_lemma_using_topology_causal_global_time_linking	-	fail	translation	3362.582	false	-	-
plean	crush-alethe	1	Examples/ClockBound.lean	ClockBound.base_Safety_g1	-	fail	tactic	36.657	false	-	-
plean	crush-alethe	1	Examples/ClockBound.lean	ClockBound.GlobalClock.Serving.eGlobalQuery_correct_Safety_G1_using_topology_causal_global_time_linking_lresp_earliest_le_trueTime_lemma_lresp_trueTime_le_latest_lemma_lc_currEarly_bounds_earliest_lemma	-	fail	translation	4101.857	false	-	-
plean	crush-alethe	1	Examples/ClockBound.lean	ClockBound.LocalClock.Idle.eLocalQuery_correct_Safety_G1_using_topology_causal_global_time_linking_lresp_earliest_le_trueTime_lemma_lresp_trueTime_le_latest_lemma_lc_currEarly_bounds_earliest_lemma	-	fail	translation	3801.133	false	-	-
plean	crush-alethe	1	Examples/ClockBound.lean	ClockBound.LocalClock.Waiting.eGlobalResponse_correct_Safety_G1_using_topology_causal_global_time_linking_lresp_earliest_le_trueTime_lemma_lresp_trueTime_le_latest_lemma_lc_currEarly_bounds_earliest_lemma	-	fail	translation	3841.375	false	-	-
plean	crush-alethe	1	Examples/ClockBound.lean	ClockBound.base_Safety_g2	-	fail	tactic	35.805	false	-	-
plean	crush-alethe	1	Examples/ClockBound.lean	ClockBound.GlobalClock.Serving.eGlobalQuery_correct_Safety_G2_using_topology_causal_global_time_linking_lresp_earliest_le_trueTime_lemma_lresp_trueTime_le_latest_lemma_lc_currEarly_bounds_earliest_lemma	-	fail	translation	3769.247	false	-	-
plean	crush-alethe	1	Examples/ClockBound.lean	ClockBound.LocalClock.Idle.eLocalQuery_correct_Safety_G2_using_topology_causal_global_time_linking_lresp_earliest_le_trueTime_lemma_lresp_trueTime_le_latest_lemma_lc_currEarly_bounds_earliest_lemma	-	fail	translation	4049.122	false	-	-
plean	crush-alethe	1	Examples/ClockBound.lean	ClockBound.LocalClock.Waiting.eGlobalResponse_correct_Safety_G2_using_topology_causal_global_time_linking_lresp_earliest_le_trueTime_lemma_lresp_trueTime_le_latest_lemma_lc_currEarly_bounds_earliest_lemma	-	fail	translation	3888.559	false	-	-
plean	crush-alethe	1	Examples/ClockBound.lean	ClockBound.base_Safety_g3	-	fail	tactic	44.673	false	-	-
plean	crush-alethe	1	Examples/ClockBound.lean	ClockBound.GlobalClock.Serving.eGlobalQuery_correct_Safety_G3_using_topology_causal_global_time_linking_lresp_earliest_le_trueTime_lemma_lresp_trueTime_le_latest_lemma_lc_currEarly_bounds_earliest_lemma	-	fail	translation	3827.238	false	-	-
plean	crush-alethe	1	Examples/ClockBound.lean	ClockBound.LocalClock.Idle.eLocalQuery_correct_Safety_G3_using_topology_causal_global_time_linking_lresp_earliest_le_trueTime_lemma_lresp_trueTime_le_latest_lemma_lc_currEarly_bounds_earliest_lemma	-	fail	translation	3783.688	false	-	-
plean	crush-alethe	1	Examples/ClockBound.lean	ClockBound.LocalClock.Waiting.eGlobalResponse_correct_Safety_G3_using_topology_causal_global_time_linking_lresp_earliest_le_trueTime_lemma_lresp_trueTime_le_latest_lemma_lc_currEarly_bounds_earliest_lemma	-	fail	translation	3754.327	false	-	-
plean	crush-portfolio	1	Examples/ClockBound.lean	ClockBound.base_Safety_gc_is_unique	-	pass	-	623.362	false	-	-
plean	crush-portfolio	1	Examples/ClockBound.lean	ClockBound.base_Safety_gc_kind	-	pass	-	1604.140	false	-	-
plean	crush-portfolio	1	Examples/ClockBound.lean	ClockBound.base_Safety_lc_global	-	pass	-	582.408	false	-	-
plean	crush-portfolio	1	Examples/ClockBound.lean	ClockBound.base_Safety_lc_client_injective	-	pass	-	591.964	false	-	-
plean	crush-portfolio	1	Examples/ClockBound.lean	ClockBound.base_Safety_gResp_label_payload_target_match	-	pass	-	573.362	false	-	-
plean	crush-portfolio	1	Examples/ClockBound.lean	ClockBound.base_Safety_gQuery_label_target_is_gc	-	pass	-	588.999	false	-	-
plean	crush-portfolio	1	Examples/ClockBound.lean	ClockBound.base_Safety_lResp_label_payload_target_match	-	pass	-	571.998	false	-	-
plean	crush-portfolio	1	Examples/ClockBound.lean	ClockBound.GlobalClock.Serving.eGlobalQuery_correct_Safety_topology	-	pass	-	13435.644	false	-	-
plean	crush-portfolio	1	Examples/ClockBound.lean	ClockBound.LocalClock.Idle.eLocalQuery_correct_Safety_topology	-	pass	-	12497.082	false	-	-
plean	crush-portfolio	1	Examples/ClockBound.lean	ClockBound.LocalClock.Waiting.eGlobalResponse_correct_Safety_topology	-	pass	-	33833.512	false	-	-
plean	crush-portfolio	1	Examples/ClockBound.lean	ClockBound.base_Safety_idle_no_gQuery	-	pass	-	542.047	false	-	-
plean	crush-portfolio	1	Examples/ClockBound.lean	ClockBound.base_Safety_idle_no_gResp	-	pass	-	535.466	false	-	-
plean	crush-portfolio	1	Examples/ClockBound.lean	ClockBound.base_Safety_gResp_unique_per_lc	-	pass	-	563.786	false	-	-
plean	crush-portfolio	1	Examples/ClockBound.lean	ClockBound.base_Safety_gQuery_unique_per_lc	-	pass	-	539.843	false	-	-
plean	crush-portfolio	1	Examples/ClockBound.lean	ClockBound.base_Safety_gQuery_excludes_gResp	-	pass	-	544.200	false	-	-
plean	crush-portfolio	1	Examples/ClockBound.lean	ClockBound.GlobalClock.Serving.eGlobalQuery_correct_Safety_causal_using_topology	-	fail	tactic	354.022	false	-	-
plean	crush-portfolio	1	Examples/ClockBound.lean	ClockBound.LocalClock.Idle.eLocalQuery_correct_Safety_causal_using_topology	-	fail	tactic	360.934	false	-	-
plean	crush-portfolio	1	Examples/ClockBound.lean	ClockBound.LocalClock.Waiting.eGlobalResponse_correct_Safety_causal_using_topology	-	fail	tactic	402.044	false	-	-
plean	crush-portfolio	1	Examples/ClockBound.lean	ClockBound.base_Safety_globalTime_nonneg	-	pass	-	539.449	false	-	-
plean	crush-portfolio	1	Examples/ClockBound.lean	ClockBound.base_Safety_gResp_trueTime_le_globalTime	-	pass	-	473.524	false	-	-
plean	crush-portfolio	1	Examples/ClockBound.lean	ClockBound.base_Safety_gResp_trueTime_pos	-	pass	-	500.175	false	-	-
plean	crush-portfolio	1	Examples/ClockBound.lean	ClockBound.base_Safety_lc_currEarly_le_globalTime	-	pass	-	513.285	false	-	-
plean	crush-portfolio	1	Examples/ClockBound.lean	ClockBound.base_Safety_lc_currEarly_nonneg	-	pass	-	511.854	false	-	-
plean	crush-portfolio	1	Examples/ClockBound.lean	ClockBound.base_Safety_lResp_trueTime_le_globalTime	-	pass	-	486.939	false	-	-
plean	crush-portfolio	1	Examples/ClockBound.lean	ClockBound.GlobalClock.Serving.eGlobalQuery_correct_Safety_global_time_using_topology_causal	-	pass	-	10091.032	false	-	-
plean	crush-portfolio	1	Examples/ClockBound.lean	ClockBound.LocalClock.Idle.eLocalQuery_correct_Safety_global_time_using_topology_causal	-	pass	-	6669.842	false	-	-
plean	crush-portfolio	1	Examples/ClockBound.lean	ClockBound.LocalClock.Waiting.eGlobalResponse_correct_Safety_global_time_using_topology_causal	-	pass	-	7436.022	false	-	-
plean	crush-portfolio	1	Examples/ClockBound.lean	ClockBound.base_Safety_gResp_target_currEarly	-	pass	-	515.170	false	-	-
plean	crush-portfolio	1	Examples/ClockBound.lean	ClockBound.base_Safety_lResp_trueTime_le_inflight_gResp	-	pass	-	531.738	false	-	-
plean	crush-portfolio	1	Examples/ClockBound.lean	ClockBound.GlobalClock.Serving.eGlobalQuery_correct_Safety_linking_using_topology_causal_global_time	-	pass	-	13562.471	false	-	-
plean	crush-portfolio	1	Examples/ClockBound.lean	ClockBound.LocalClock.Idle.eLocalQuery_correct_Safety_linking_using_topology_causal_global_time	-	fail	tactic	235.457	false	-	-
plean	crush-portfolio	1	Examples/ClockBound.lean	ClockBound.LocalClock.Waiting.eGlobalResponse_correct_Safety_linking_using_topology_causal_global_time	-	fail	tactic	643.158	false	-	-
plean	crush-portfolio	1	Examples/ClockBound.lean	ClockBound.base_Safety_lResp_earliest_le_trueTime	-	pass	-	592.519	false	-	-
plean	crush-portfolio	1	Examples/ClockBound.lean	ClockBound.GlobalClock.Serving.eGlobalQuery_correct_Safety_lresp_earliest_le_trueTime_lemma_using_topology_causal_global_time_linking	-	pass	-	3224.358	false	-	-
plean	crush-portfolio	1	Examples/ClockBound.lean	ClockBound.LocalClock.Idle.eLocalQuery_correct_Safety_lresp_earliest_le_trueTime_lemma_using_topology_causal_global_time_linking	-	pass	-	3124.900	false	-	-
plean	crush-portfolio	1	Examples/ClockBound.lean	ClockBound.LocalClock.Waiting.eGlobalResponse_correct_Safety_lresp_earliest_le_trueTime_lemma_using_topology_causal_global_time_linking	-	pass	-	7041.385	false	-	-
plean	crush-portfolio	1	Examples/ClockBound.lean	ClockBound.base_Safety_lResp_trueTime_le_latest	-	pass	-	497.389	false	-	-
plean	crush-portfolio	1	Examples/ClockBound.lean	ClockBound.GlobalClock.Serving.eGlobalQuery_correct_Safety_lresp_trueTime_le_latest_lemma_using_topology_causal_global_time_linking	-	pass	-	3159.728	false	-	-
plean	crush-portfolio	1	Examples/ClockBound.lean	ClockBound.LocalClock.Idle.eLocalQuery_correct_Safety_lresp_trueTime_le_latest_lemma_using_topology_causal_global_time_linking	-	pass	-	3105.038	false	-	-
plean	crush-portfolio	1	Examples/ClockBound.lean	ClockBound.LocalClock.Waiting.eGlobalResponse_correct_Safety_lresp_trueTime_le_latest_lemma_using_topology_causal_global_time_linking	-	pass	-	7163.729	false	-	-
plean	crush-portfolio	1	Examples/ClockBound.lean	ClockBound.base_Safety_lc_currEarly_bounds_earliest	-	pass	-	508.293	false	-	-
plean	crush-portfolio	1	Examples/ClockBound.lean	ClockBound.GlobalClock.Serving.eGlobalQuery_correct_Safety_lc_currEarly_bounds_earliest_lemma_using_topology_causal_global_time_linking	-	pass	-	1041.746	false	-	-
plean	crush-portfolio	1	Examples/ClockBound.lean	ClockBound.LocalClock.Idle.eLocalQuery_correct_Safety_lc_currEarly_bounds_earliest_lemma_using_topology_causal_global_time_linking	-	pass	-	1047.215	false	-	-
plean	crush-portfolio	1	Examples/ClockBound.lean	ClockBound.LocalClock.Waiting.eGlobalResponse_correct_Safety_lc_currEarly_bounds_earliest_lemma_using_topology_causal_global_time_linking	-	pass	-	1304.447	false	-	-
plean	crush-portfolio	1	Examples/ClockBound.lean	ClockBound.base_Safety_g1	-	pass	-	516.234	false	-	-
plean	crush-portfolio	1	Examples/ClockBound.lean	ClockBound.GlobalClock.Serving.eGlobalQuery_correct_Safety_G1_using_topology_causal_global_time_linking_lresp_earliest_le_trueTime_lemma_lresp_trueTime_le_latest_lemma_lc_currEarly_bounds_earliest_lemma	-	pass	-	7293.129	false	-	-
plean	crush-portfolio	1	Examples/ClockBound.lean	ClockBound.LocalClock.Idle.eLocalQuery_correct_Safety_G1_using_topology_causal_global_time_linking_lresp_earliest_le_trueTime_lemma_lresp_trueTime_le_latest_lemma_lc_currEarly_bounds_earliest_lemma	-	pass	-	7273.867	false	-	-
plean	crush-portfolio	1	Examples/ClockBound.lean	ClockBound.LocalClock.Waiting.eGlobalResponse_correct_Safety_G1_using_topology_causal_global_time_linking_lresp_earliest_le_trueTime_lemma_lresp_trueTime_le_latest_lemma_lc_currEarly_bounds_earliest_lemma	-	pass	-	8364.562	false	-	-
plean	crush-portfolio	1	Examples/ClockBound.lean	ClockBound.base_Safety_g2	-	pass	-	519.034	false	-	-
plean	crush-portfolio	1	Examples/ClockBound.lean	ClockBound.GlobalClock.Serving.eGlobalQuery_correct_Safety_G2_using_topology_causal_global_time_linking_lresp_earliest_le_trueTime_lemma_lresp_trueTime_le_latest_lemma_lc_currEarly_bounds_earliest_lemma	-	pass	-	7317.267	false	-	-
plean	crush-portfolio	1	Examples/ClockBound.lean	ClockBound.LocalClock.Idle.eLocalQuery_correct_Safety_G2_using_topology_causal_global_time_linking_lresp_earliest_le_trueTime_lemma_lresp_trueTime_le_latest_lemma_lc_currEarly_bounds_earliest_lemma	-	pass	-	7395.171	false	-	-
plean	crush-portfolio	1	Examples/ClockBound.lean	ClockBound.LocalClock.Waiting.eGlobalResponse_correct_Safety_G2_using_topology_causal_global_time_linking_lresp_earliest_le_trueTime_lemma_lresp_trueTime_le_latest_lemma_lc_currEarly_bounds_earliest_lemma	-	pass	-	8354.253	false	-	-
plean	crush-portfolio	1	Examples/ClockBound.lean	ClockBound.base_Safety_g3	-	pass	-	521.779	false	-	-
plean	crush-portfolio	1	Examples/ClockBound.lean	ClockBound.GlobalClock.Serving.eGlobalQuery_correct_Safety_G3_using_topology_causal_global_time_linking_lresp_earliest_le_trueTime_lemma_lresp_trueTime_le_latest_lemma_lc_currEarly_bounds_earliest_lemma	-	pass	-	7571.347	false	-	-
plean	crush-portfolio	1	Examples/ClockBound.lean	ClockBound.LocalClock.Idle.eLocalQuery_correct_Safety_G3_using_topology_causal_global_time_linking_lresp_earliest_le_trueTime_lemma_lresp_trueTime_le_latest_lemma_lc_currEarly_bounds_earliest_lemma	-	pass	-	7619.992	false	-	-
plean	crush-portfolio	1	Examples/ClockBound.lean	ClockBound.LocalClock.Waiting.eGlobalResponse_correct_Safety_G3_using_topology_causal_global_time_linking_lresp_earliest_le_trueTime_lemma_lresp_trueTime_le_latest_lemma_lc_currEarly_bounds_earliest_lemma	-	fail	tactic	195.398	false	-	-
plean	crush-verify	1	Examples/Consensus.lean	Consensus.base_block0_one_vote_per_voter	-	pass	-	523.522	false	-	-
plean	crush-verify	1	Examples/Consensus.lean	Consensus.base_block0_voted_after_eVote_sent	-	pass	-	469.434	false	-	-
plean	crush-verify	1	Examples/Consensus.lean	Consensus.base_block0_votes_linked	-	pass	-	478.904	false	-	-
plean	crush-verify	1	Examples/Consensus.lean	Consensus.base_block0_won_implies_quorum_votes	-	pass	-	464.296	false	-	-
plean	crush-verify	1	Examples/Consensus.lean	Consensus.Node.RequestVoting.eRequestVote_correct_block0_quorum_votes	-	pass	-	1245.388	false	-	-
plean	crush-verify	1	Examples/Consensus.lean	Consensus.Node.RequestVoting.eVote_correct_block0_quorum_votes	-	fail	timeout	5881.152	false	-	-
plean	crush-verify	1	Examples/Consensus.lean	Consensus.Node.RequestVoting.entry_correct_block0_quorum_votes	-	pass	-	2886.748	false	-	-
plean	crush-verify	1	Examples/Consensus.lean	Consensus.base_block1_unique_leader	-	pass	-	479.765	false	-	-
plean	crush-verify	1	Examples/Consensus.lean	Consensus.Node.RequestVoting.eRequestVote_correct_block1_election_safety_using_quorum_votes	-	pass	-	1116.850	false	-	-
plean	crush-verify	1	Examples/Consensus.lean	Consensus.Node.RequestVoting.eVote_correct_block1_election_safety_using_quorum_votes	-	fail	timeout	6899.802	false	-	-
plean	crush-verify	1	Examples/Consensus.lean	Consensus.Node.RequestVoting.entry_correct_block1_election_safety_using_quorum_votes	-	pass	-	3524.048	false	-	-
plean	crush-verify	1	Examples/Consensus.lean	Consensus.base_block1_UniqueActions	-	pass	-	492.030	false	-	-
plean	crush-verify	1	Examples/Consensus.lean	Consensus.base_block1_IncreasingCount	-	pass	-	470.458	false	-	-
plean	crush-verify	1	Examples/Consensus.lean	Consensus.base_block1_ReceivedSubsetSent	-	pass	-	491.882	false	-	-
plean	crush-verify	1	Examples/Consensus.lean	Consensus.Node.RequestVoting.eRequestVote_correct_block1_default	-	pass	-	1097.103	false	-	-
plean	crush-verify	1	Examples/Consensus.lean	Consensus.Node.RequestVoting.eVote_correct_block1_default	-	pass	-	1061.424	false	-	-
plean	crush-verify	1	Examples/Consensus.lean	Consensus.Node.RequestVoting.entry_correct_block1_default	-	fail	timeout	5055.542	false	-	-
plean	crush-core	1	Examples/Consensus.lean	Consensus.base_block0_one_vote_per_voter	-	pass	-	500.855	false	-	-
plean	crush-core	1	Examples/Consensus.lean	Consensus.base_block0_voted_after_eVote_sent	-	pass	-	486.667	false	-	-
plean	crush-core	1	Examples/Consensus.lean	Consensus.base_block0_votes_linked	-	pass	-	508.471	false	-	-
plean	crush-core	1	Examples/Consensus.lean	Consensus.base_block0_won_implies_quorum_votes	-	pass	-	482.227	false	-	-
plean	crush-core	1	Examples/Consensus.lean	Consensus.Node.RequestVoting.eRequestVote_correct_block0_quorum_votes	-	pass	-	1563.662	false	-	-
plean	crush-core	1	Examples/Consensus.lean	Consensus.Node.RequestVoting.eVote_correct_block0_quorum_votes	-	fail	timeout	2570.666	false	-	-
plean	crush-core	1	Examples/Consensus.lean	Consensus.Node.RequestVoting.entry_correct_block0_quorum_votes	-	pass	-	1097.743	false	-	-
plean	crush-core	1	Examples/Consensus.lean	Consensus.base_block1_unique_leader	-	pass	-	490.406	false	-	-
plean	crush-core	1	Examples/Consensus.lean	Consensus.Node.RequestVoting.eRequestVote_correct_block1_election_safety_using_quorum_votes	-	pass	-	10846.433	false	-	-
plean	crush-core	1	Examples/Consensus.lean	Consensus.Node.RequestVoting.eVote_correct_block1_election_safety_using_quorum_votes	-	fail	tactic	133.011	false	-	-
plean	crush-core	1	Examples/Consensus.lean	Consensus.Node.RequestVoting.entry_correct_block1_election_safety_using_quorum_votes	-	fail	tactic	17584.023	false	-	-
plean	crush-core	1	Examples/Consensus.lean	Consensus.base_block1_UniqueActions	-	pass	-	469.235	false	-	-
plean	crush-core	1	Examples/Consensus.lean	Consensus.base_block1_IncreasingCount	-	pass	-	479.890	false	-	-
plean	crush-core	1	Examples/Consensus.lean	Consensus.base_block1_ReceivedSubsetSent	-	pass	-	455.903	false	-	-
plean	crush-core	1	Examples/Consensus.lean	Consensus.Node.RequestVoting.eRequestVote_correct_block1_default	-	pass	-	1125.137	false	-	-
plean	crush-core	1	Examples/Consensus.lean	Consensus.Node.RequestVoting.eVote_correct_block1_default	-	pass	-	1127.073	false	-	-
plean	crush-core	1	Examples/Consensus.lean	Consensus.Node.RequestVoting.entry_correct_block1_default	-	fail	timeout	4133.481	false	-	-
plean	crush-alethe	1	Examples/Consensus.lean	Consensus.base_block0_one_vote_per_voter	-	fail	tactic	31.823	false	-	-
plean	crush-alethe	1	Examples/Consensus.lean	Consensus.base_block0_voted_after_eVote_sent	-	fail	tactic	31.639	false	-	-
plean	crush-alethe	1	Examples/Consensus.lean	Consensus.base_block0_votes_linked	-	fail	tactic	29.270	false	-	-
plean	crush-alethe	1	Examples/Consensus.lean	Consensus.base_block0_won_implies_quorum_votes	-	fail	tactic	23.765	false	-	-
plean	crush-alethe	1	Examples/Consensus.lean	Consensus.Node.RequestVoting.eRequestVote_correct_block0_quorum_votes	-	fail	translation	1569.092	false	-	-
plean	crush-alethe	1	Examples/Consensus.lean	Consensus.Node.RequestVoting.eVote_correct_block0_quorum_votes	-	fail	translation	1617.524	false	-	-
plean	crush-alethe	1	Examples/Consensus.lean	Consensus.Node.RequestVoting.entry_correct_block0_quorum_votes	-	fail	translation	3866.072	false	-	-
plean	crush-alethe	1	Examples/Consensus.lean	Consensus.base_block1_unique_leader	-	fail	tactic	31.362	false	-	-
plean	crush-alethe	1	Examples/Consensus.lean	Consensus.Node.RequestVoting.eRequestVote_correct_block1_election_safety_using_quorum_votes	-	fail	translation	1374.539	false	-	-
plean	crush-alethe	1	Examples/Consensus.lean	Consensus.Node.RequestVoting.eVote_correct_block1_election_safety_using_quorum_votes	-	fail	timeout	1371.442	false	-	-
plean	crush-alethe	1	Examples/Consensus.lean	Consensus.Node.RequestVoting.entry_correct_block1_election_safety_using_quorum_votes	-	fail	translation	4459.823	false	-	-
plean	crush-alethe	1	Examples/Consensus.lean	Consensus.base_block1_UniqueActions	-	fail	tactic	25.800	false	-	-
plean	crush-alethe	1	Examples/Consensus.lean	Consensus.base_block1_IncreasingCount	-	fail	tactic	25.408	false	-	-
plean	crush-alethe	1	Examples/Consensus.lean	Consensus.base_block1_ReceivedSubsetSent	-	fail	tactic	26.938	false	-	-
plean	crush-alethe	1	Examples/Consensus.lean	Consensus.Node.RequestVoting.eRequestVote_correct_block1_default	-	fail	translation	1269.279	false	-	-
plean	crush-alethe	1	Examples/Consensus.lean	Consensus.Node.RequestVoting.eVote_correct_block1_default	-	fail	translation	1278.214	false	-	-
plean	crush-alethe	1	Examples/Consensus.lean	Consensus.Node.RequestVoting.entry_correct_block1_default	-	fail	timeout	2426.593	false	-	-
plean	crush-portfolio	1	Examples/Consensus.lean	Consensus.base_block0_one_vote_per_voter	-	pass	-	500.299	false	-	-
plean	crush-portfolio	1	Examples/Consensus.lean	Consensus.base_block0_voted_after_eVote_sent	-	pass	-	492.714	false	-	-
plean	crush-portfolio	1	Examples/Consensus.lean	Consensus.base_block0_votes_linked	-	pass	-	510.819	false	-	-
plean	crush-portfolio	1	Examples/Consensus.lean	Consensus.base_block0_won_implies_quorum_votes	-	pass	-	492.770	false	-	-
plean	crush-portfolio	1	Examples/Consensus.lean	Consensus.Node.RequestVoting.eRequestVote_correct_block0_quorum_votes	-	pass	-	1536.354	false	-	-
plean	crush-portfolio	1	Examples/Consensus.lean	Consensus.Node.RequestVoting.eVote_correct_block0_quorum_votes	-	fail	timeout	2124.432	false	-	-
plean	crush-portfolio	1	Examples/Consensus.lean	Consensus.Node.RequestVoting.entry_correct_block0_quorum_votes	-	pass	-	1061.836	false	-	-
plean	crush-portfolio	1	Examples/Consensus.lean	Consensus.base_block1_unique_leader	-	pass	-	482.088	false	-	-
plean	crush-portfolio	1	Examples/Consensus.lean	Consensus.Node.RequestVoting.eRequestVote_correct_block1_election_safety_using_quorum_votes	-	pass	-	11090.737	false	-	-
plean	crush-portfolio	1	Examples/Consensus.lean	Consensus.Node.RequestVoting.eVote_correct_block1_election_safety_using_quorum_votes	-	fail	tactic	137.142	false	-	-
plean	crush-portfolio	1	Examples/Consensus.lean	Consensus.Node.RequestVoting.entry_correct_block1_election_safety_using_quorum_votes	-	fail	tactic	17656.500	false	-	-
plean	crush-portfolio	1	Examples/Consensus.lean	Consensus.base_block1_UniqueActions	-	pass	-	473.955	false	-	-
plean	crush-portfolio	1	Examples/Consensus.lean	Consensus.base_block1_IncreasingCount	-	pass	-	477.166	false	-	-
plean	crush-portfolio	1	Examples/Consensus.lean	Consensus.base_block1_ReceivedSubsetSent	-	pass	-	488.549	false	-	-
plean	crush-portfolio	1	Examples/Consensus.lean	Consensus.Node.RequestVoting.eRequestVote_correct_block1_default	-	pass	-	1180.753	false	-	-
plean	crush-portfolio	1	Examples/Consensus.lean	Consensus.Node.RequestVoting.eVote_correct_block1_default	-	pass	-	1154.405	false	-	-
plean	crush-portfolio	1	Examples/Consensus.lean	Consensus.Node.RequestVoting.entry_correct_block1_default	-	fail	timeout	4197.080	false	-	-
plean	crush-verify	1	Examples/DistributedLock.lean	DistributedLock.base_Safety_unique_holder	-	pass	-	522.258	false	-	-
plean	crush-verify	1	Examples/DistributedLock.lean	DistributedLock.base_Safety_no_lock_while_transfer	-	pass	-	457.383	false	-	-
plean	crush-verify	1	Examples/DistributedLock.lean	DistributedLock.base_Safety_unique_accept	-	pass	-	470.476	false	-	-
plean	crush-verify	1	Examples/DistributedLock.lean	DistributedLock.base_Safety_not_held_after_release	-	pass	-	486.802	false	-	-
plean	crush-verify	1	Examples/DistributedLock.lean	DistributedLock.base_Safety_transfer_to_higher	-	pass	-	482.917	false	-	-
plean	crush-verify	1	Examples/DistributedLock.lean	DistributedLock.Node.Act.eGrant_correct_Safety_safety	-	pass	-	1642.282	false	-	-
plean	crush-verify	1	Examples/DistributedLock.lean	DistributedLock.Node.Act.eAccept_correct_Safety_safety	-	pass	-	1323.542	false	-	-
plean	crush-verify	1	Examples/DistributedLock.lean	DistributedLock.base_Safety_UniqueActions	-	pass	-	464.776	false	-	-
plean	crush-verify	1	Examples/DistributedLock.lean	DistributedLock.base_Safety_IncreasingCount	-	pass	-	452.428	false	-	-
plean	crush-verify	1	Examples/DistributedLock.lean	DistributedLock.base_Safety_ReceivedSubsetSent	-	pass	-	451.862	false	-	-
plean	crush-verify	1	Examples/DistributedLock.lean	DistributedLock.Node.Act.eGrant_correct_Safety_default	-	pass	-	1039.313	false	-	-
plean	crush-verify	1	Examples/DistributedLock.lean	DistributedLock.Node.Act.eAccept_correct_Safety_default	-	pass	-	964.637	false	-	-
plean	crush-core	1	Examples/DistributedLock.lean	DistributedLock.base_Safety_unique_holder	-	pass	-	522.600	false	-	-
plean	crush-core	1	Examples/DistributedLock.lean	DistributedLock.base_Safety_no_lock_while_transfer	-	pass	-	476.083	false	-	-
plean	crush-core	1	Examples/DistributedLock.lean	DistributedLock.base_Safety_unique_accept	-	pass	-	472.406	false	-	-
plean	crush-core	1	Examples/DistributedLock.lean	DistributedLock.base_Safety_not_held_after_release	-	pass	-	481.026	false	-	-
plean	crush-core	1	Examples/DistributedLock.lean	DistributedLock.base_Safety_transfer_to_higher	-	pass	-	504.187	false	-	-
plean	crush-core	1	Examples/DistributedLock.lean	DistributedLock.Node.Act.eGrant_correct_Safety_safety	-	pass	-	2087.449	false	-	-
plean	crush-core	1	Examples/DistributedLock.lean	DistributedLock.Node.Act.eAccept_correct_Safety_safety	-	fail	tactic	128.644	false	-	-
plean	crush-core	1	Examples/DistributedLock.lean	DistributedLock.base_Safety_UniqueActions	-	pass	-	523.498	false	-	-
plean	crush-core	1	Examples/DistributedLock.lean	DistributedLock.base_Safety_IncreasingCount	-	pass	-	470.400	false	-	-
plean	crush-core	1	Examples/DistributedLock.lean	DistributedLock.base_Safety_ReceivedSubsetSent	-	pass	-	475.168	false	-	-
plean	crush-core	1	Examples/DistributedLock.lean	DistributedLock.Node.Act.eGrant_correct_Safety_default	-	pass	-	1188.448	false	-	-
plean	crush-core	1	Examples/DistributedLock.lean	DistributedLock.Node.Act.eAccept_correct_Safety_default	-	pass	-	1041.759	false	-	-
plean	crush-alethe	1	Examples/DistributedLock.lean	DistributedLock.base_Safety_unique_holder	-	fail	tactic	26.539	false	-	-
plean	crush-alethe	1	Examples/DistributedLock.lean	DistributedLock.base_Safety_no_lock_while_transfer	-	fail	tactic	22.132	false	-	-
plean	crush-alethe	1	Examples/DistributedLock.lean	DistributedLock.base_Safety_unique_accept	-	fail	tactic	21.073	false	-	-
plean	crush-alethe	1	Examples/DistributedLock.lean	DistributedLock.base_Safety_not_held_after_release	-	fail	tactic	22.871	false	-	-
plean	crush-alethe	1	Examples/DistributedLock.lean	DistributedLock.base_Safety_transfer_to_higher	-	fail	tactic	24.888	false	-	-
plean	crush-alethe	1	Examples/DistributedLock.lean	DistributedLock.Node.Act.eGrant_correct_Safety_safety	-	fail	translation	1361.832	false	-	-
plean	crush-alethe	1	Examples/DistributedLock.lean	DistributedLock.Node.Act.eAccept_correct_Safety_safety	-	fail	translation	1347.864	false	-	-
plean	crush-alethe	1	Examples/DistributedLock.lean	DistributedLock.base_Safety_UniqueActions	-	fail	tactic	20.289	false	-	-
plean	crush-alethe	1	Examples/DistributedLock.lean	DistributedLock.base_Safety_IncreasingCount	-	fail	tactic	15.726	false	-	-
plean	crush-alethe	1	Examples/DistributedLock.lean	DistributedLock.base_Safety_ReceivedSubsetSent	-	fail	tactic	19.541	false	-	-
plean	crush-alethe	1	Examples/DistributedLock.lean	DistributedLock.Node.Act.eGrant_correct_Safety_default	-	fail	translation	881.593	false	-	-
plean	crush-alethe	1	Examples/DistributedLock.lean	DistributedLock.Node.Act.eAccept_correct_Safety_default	-	fail	translation	833.533	false	-	-
plean	crush-portfolio	1	Examples/DistributedLock.lean	DistributedLock.base_Safety_unique_holder	-	pass	-	526.471	false	-	-
plean	crush-portfolio	1	Examples/DistributedLock.lean	DistributedLock.base_Safety_no_lock_while_transfer	-	pass	-	474.247	false	-	-
plean	crush-portfolio	1	Examples/DistributedLock.lean	DistributedLock.base_Safety_unique_accept	-	pass	-	467.123	false	-	-
plean	crush-portfolio	1	Examples/DistributedLock.lean	DistributedLock.base_Safety_not_held_after_release	-	pass	-	500.234	false	-	-
plean	crush-portfolio	1	Examples/DistributedLock.lean	DistributedLock.base_Safety_transfer_to_higher	-	pass	-	512.641	false	-	-
plean	crush-portfolio	1	Examples/DistributedLock.lean	DistributedLock.Node.Act.eGrant_correct_Safety_safety	-	pass	-	2048.543	false	-	-
plean	crush-portfolio	1	Examples/DistributedLock.lean	DistributedLock.Node.Act.eAccept_correct_Safety_safety	-	fail	tactic	123.817	false	-	-
plean	crush-portfolio	1	Examples/DistributedLock.lean	DistributedLock.base_Safety_UniqueActions	-	pass	-	546.905	false	-	-
plean	crush-portfolio	1	Examples/DistributedLock.lean	DistributedLock.base_Safety_IncreasingCount	-	pass	-	478.734	false	-	-
plean	crush-portfolio	1	Examples/DistributedLock.lean	DistributedLock.base_Safety_ReceivedSubsetSent	-	pass	-	470.626	false	-	-
plean	crush-portfolio	1	Examples/DistributedLock.lean	DistributedLock.Node.Act.eGrant_correct_Safety_default	-	pass	-	1185.944	false	-	-
plean	crush-portfolio	1	Examples/DistributedLock.lean	DistributedLock.Node.Act.eAccept_correct_Safety_default	-	pass	-	1019.617	false	-	-
plean	crush-verify	1	Examples/LockServer.lean	LockServer.base_block0_const_server	-	pass	-	478.685	false	-	-
plean	crush-verify	1	Examples/LockServer.lean	LockServer.base_block0_serv_is_serv	-	pass	-	1391.737	false	-	-
plean	crush-verify	1	Examples/LockServer.lean	LockServer.base_block0_single_server	-	pass	-	453.308	false	-	-
plean	crush-verify	1	Examples/LockServer.lean	LockServer.base_block0_unique_server	-	pass	-	471.218	false	-	-
plean	crush-verify	1	Examples/LockServer.lean	LockServer.base_block0_aquire_to_node	-	pass	-	467.426	false	-	-
plean	crush-verify	1	Examples/LockServer.lean	LockServer.base_block0_release_to_node	-	pass	-	466.045	false	-	-
plean	crush-verify	1	Examples/LockServer.lean	LockServer.base_block0_grant_to_node	-	pass	-	480.124	false	-	-
plean	crush-verify	1	Examples/LockServer.lean	LockServer.base_block0_lock_to_server	-	pass	-	459.876	false	-	-
plean	crush-verify	1	Examples/LockServer.lean	LockServer.base_block0_unlock_to_server	-	pass	-	467.221	false	-	-
plean	crush-verify	1	Examples/LockServer.lean	LockServer.base_block0_node_send_lock	-	pass	-	1340.554	false	-	-
plean	crush-verify	1	Examples/LockServer.lean	LockServer.base_block0_node_send_unlock	-	pass	-	1366.048	false	-	-
plean	crush-verify	1	Examples/LockServer.lean	LockServer.Server.Serving.eLock_correct_block0_system_config	-	fail	timeout	203.002	false	-	-
plean	crush-verify	1	Examples/LockServer.lean	LockServer.Server.Serving.eUnlock_correct_block0_system_config	-	pass	-	7110.718	false	-	-
plean	crush-verify	1	Examples/LockServer.lean	LockServer.Node.Working.eAquire_correct_block0_system_config	-	fail	timeout	26672.565	false	-	-
plean	crush-verify	1	Examples/LockServer.lean	LockServer.Node.Working.eRelease_correct_block0_system_config	-	fail	timeout	1290.553	false	-	-
plean	crush-verify	1	Examples/LockServer.lean	LockServer.Node.Working.eGrant_correct_block0_system_config	-	pass	-	7259.304	false	-	-
plean	crush-verify	1	Examples/LockServer.lean	LockServer.base_block1_unique_lock_holder	-	pass	-	451.409	false	-	-
plean	crush-verify	1	Examples/LockServer.lean	LockServer.base_block1_unique_grant	-	pass	-	309.320	false	-	-
plean	crush-verify	1	Examples/LockServer.lean	LockServer.base_block1_unique_unlock	-	pass	-	367.112	false	-	-
plean	crush-verify	1	Examples/LockServer.lean	LockServer.base_block1_grant_server_unlocked	-	pass	-	388.496	false	-	-
plean	crush-verify	1	Examples/LockServer.lean	LockServer.base_block1_no_lock_while_grant	-	pass	-	430.251	false	-	-
plean	crush-verify	1	Examples/LockServer.lean	LockServer.base_block1_no_lock_while_unlock	-	pass	-	719.973	false	-	-
plean	crush-verify	1	Examples/LockServer.lean	LockServer.base_block1_grant_not_unlock	-	pass	-	415.812	false	-	-
plean	crush-verify	1	Examples/LockServer.lean	LockServer.base_block1_node_server_mutex	-	pass	-	297.086	false	-	-
plean	crush-verify	1	Examples/LockServer.lean	LockServer.Server.Serving.eLock_correct_block1_safety_using_system_config	-	pass	-	1978.603	false	-	-
plean	crush-verify	1	Examples/LockServer.lean	LockServer.Server.Serving.eUnlock_correct_block1_safety_using_system_config	-	pass	-	4434.881	false	-	-
plean	crush-verify	1	Examples/LockServer.lean	LockServer.Node.Working.eAquire_correct_block1_safety_using_system_config	-	pass	-	4597.745	false	-	-
plean	crush-verify	1	Examples/LockServer.lean	LockServer.Node.Working.eRelease_correct_block1_safety_using_system_config	-	pass	-	1885.731	false	-	-
plean	crush-verify	1	Examples/LockServer.lean	LockServer.Node.Working.eGrant_correct_block1_safety_using_system_config	-	pass	-	4735.857	false	-	-
plean	crush-verify	1	Examples/LockServer.lean	LockServer.base_block1_UniqueActions	-	pass	-	449.129	false	-	-
plean	crush-verify	1	Examples/LockServer.lean	LockServer.base_block1_IncreasingCount	-	pass	-	384.261	false	-	-
plean	crush-verify	1	Examples/LockServer.lean	LockServer.base_block1_ReceivedSubsetSent	-	pass	-	442.454	false	-	-
plean	crush-verify	1	Examples/LockServer.lean	LockServer.Server.Serving.eLock_correct_block1_default_using_system_config	-	pass	-	1184.526	false	-	-
plean	crush-verify	1	Examples/LockServer.lean	LockServer.Server.Serving.eUnlock_correct_block1_default_using_system_config	-	pass	-	1568.988	false	-	-
plean	crush-verify	1	Examples/LockServer.lean	LockServer.Node.Working.eAquire_correct_block1_default_using_system_config	-	pass	-	1575.662	false	-	-
plean	crush-verify	1	Examples/LockServer.lean	LockServer.Node.Working.eRelease_correct_block1_default_using_system_config	-	pass	-	1150.767	false	-	-
plean	crush-verify	1	Examples/LockServer.lean	LockServer.Node.Working.eGrant_correct_block1_default_using_system_config	-	pass	-	1526.427	false	-	-
plean	crush-core	1	Examples/LockServer.lean	LockServer.base_block0_const_server	-	pass	-	502.527	false	-	-
plean	crush-core	1	Examples/LockServer.lean	LockServer.base_block0_serv_is_serv	-	pass	-	1383.871	false	-	-
plean	crush-core	1	Examples/LockServer.lean	LockServer.base_block0_single_server	-	pass	-	480.774	false	-	-
plean	crush-core	1	Examples/LockServer.lean	LockServer.base_block0_unique_server	-	fail	tactic	22.397	false	-	-
plean	crush-core	1	Examples/LockServer.lean	LockServer.base_block0_aquire_to_node	-	pass	-	482.769	false	-	-
plean	crush-core	1	Examples/LockServer.lean	LockServer.base_block0_release_to_node	-	pass	-	495.592	false	-	-
plean	crush-core	1	Examples/LockServer.lean	LockServer.base_block0_grant_to_node	-	pass	-	478.001	false	-	-
plean	crush-core	1	Examples/LockServer.lean	LockServer.base_block0_lock_to_server	-	pass	-	493.946	false	-	-
plean	crush-core	1	Examples/LockServer.lean	LockServer.base_block0_unlock_to_server	-	pass	-	488.776	false	-	-
plean	crush-core	1	Examples/LockServer.lean	LockServer.base_block0_node_send_lock	-	pass	-	1439.684	false	-	-
plean	crush-core	1	Examples/LockServer.lean	LockServer.base_block0_node_send_unlock	-	pass	-	1447.003	false	-	-
plean	crush-core	1	Examples/LockServer.lean	LockServer.Server.Serving.eLock_correct_block0_system_config	-	fail	timeout	225.764	false	-	-
plean	crush-core	1	Examples/LockServer.lean	LockServer.Server.Serving.eUnlock_correct_block0_system_config	-	fail	tactic	645.421	false	-	-
plean	crush-core	1	Examples/LockServer.lean	LockServer.Node.Working.eAquire_correct_block0_system_config	-	fail	timeout	13573.922	false	-	-
plean	crush-core	1	Examples/LockServer.lean	LockServer.Node.Working.eRelease_correct_block0_system_config	-	fail	timeout	671.820	false	-	-
plean	crush-core	1	Examples/LockServer.lean	LockServer.Node.Working.eGrant_correct_block0_system_config	-	fail	tactic	679.190	false	-	-
plean	crush-core	1	Examples/LockServer.lean	LockServer.base_block1_unique_lock_holder	-	pass	-	547.215	false	-	-
plean	crush-core	1	Examples/LockServer.lean	LockServer.base_block1_unique_grant	-	pass	-	452.773	false	-	-
plean	crush-core	1	Examples/LockServer.lean	LockServer.base_block1_unique_unlock	-	pass	-	466.011	false	-	-
plean	crush-core	1	Examples/LockServer.lean	LockServer.base_block1_grant_server_unlocked	-	pass	-	477.543	false	-	-
plean	crush-core	1	Examples/LockServer.lean	LockServer.base_block1_no_lock_while_grant	-	pass	-	480.913	false	-	-
plean	crush-core	1	Examples/LockServer.lean	LockServer.base_block1_no_lock_while_unlock	-	pass	-	924.020	false	-	-
plean	crush-core	1	Examples/LockServer.lean	LockServer.base_block1_grant_not_unlock	-	pass	-	475.156	false	-	-
plean	crush-core	1	Examples/LockServer.lean	LockServer.base_block1_node_server_mutex	-	pass	-	495.700	false	-	-
plean	crush-core	1	Examples/LockServer.lean	LockServer.Server.Serving.eLock_correct_block1_safety_using_system_config	-	fail	tactic	292.227	false	-	-
plean	crush-core	1	Examples/LockServer.lean	LockServer.Server.Serving.eUnlock_correct_block1_safety_using_system_config	-	fail	tactic	647.622	false	-	-
plean	crush-core	1	Examples/LockServer.lean	LockServer.Node.Working.eAquire_correct_block1_safety_using_system_config	-	fail	tactic	637.914	false	-	-
plean	crush-core	1	Examples/LockServer.lean	LockServer.Node.Working.eRelease_correct_block1_safety_using_system_config	-	pass	-	3130.195	false	-	-
plean	crush-core	1	Examples/LockServer.lean	LockServer.Node.Working.eGrant_correct_block1_safety_using_system_config	-	fail	tactic	637.222	false	-	-
plean	crush-core	1	Examples/LockServer.lean	LockServer.base_block1_UniqueActions	-	pass	-	528.993	false	-	-
plean	crush-core	1	Examples/LockServer.lean	LockServer.base_block1_IncreasingCount	-	pass	-	466.813	false	-	-
plean	crush-core	1	Examples/LockServer.lean	LockServer.base_block1_ReceivedSubsetSent	-	pass	-	454.362	false	-	-
plean	crush-core	1	Examples/LockServer.lean	LockServer.Server.Serving.eLock_correct_block1_default_using_system_config	-	pass	-	1381.866	false	-	-
plean	crush-core	1	Examples/LockServer.lean	LockServer.Server.Serving.eUnlock_correct_block1_default_using_system_config	-	pass	-	1265.825	false	-	-
plean	crush-core	1	Examples/LockServer.lean	LockServer.Node.Working.eAquire_correct_block1_default_using_system_config	-	pass	-	6286.470	false	-	-
plean	crush-core	1	Examples/LockServer.lean	LockServer.Node.Working.eRelease_correct_block1_default_using_system_config	-	pass	-	1331.884	false	-	-
plean	crush-core	1	Examples/LockServer.lean	LockServer.Node.Working.eGrant_correct_block1_default_using_system_config	-	pass	-	1233.736	false	-	-
plean	crush-alethe	1	Examples/LockServer.lean	LockServer.base_block0_const_server	-	fail	tactic	24.961	false	-	-
plean	crush-alethe	1	Examples/LockServer.lean	LockServer.base_block0_serv_is_serv	-	fail	tactic	38.160	false	-	-
plean	crush-alethe	1	Examples/LockServer.lean	LockServer.base_block0_single_server	-	fail	tactic	20.008	false	-	-
plean	crush-alethe	1	Examples/LockServer.lean	LockServer.base_block0_unique_server	-	fail	tactic	22.592	false	-	-
plean	crush-alethe	1	Examples/LockServer.lean	LockServer.base_block0_aquire_to_node	-	fail	tactic	24.839	false	-	-
plean	crush-alethe	1	Examples/LockServer.lean	LockServer.base_block0_release_to_node	-	fail	tactic	23.826	false	-	-
plean	crush-alethe	1	Examples/LockServer.lean	LockServer.base_block0_grant_to_node	-	fail	tactic	23.625	false	-	-
plean	crush-alethe	1	Examples/LockServer.lean	LockServer.base_block0_lock_to_server	-	fail	tactic	23.775	false	-	-
plean	crush-alethe	1	Examples/LockServer.lean	LockServer.base_block0_unlock_to_server	-	fail	tactic	23.856	false	-	-
plean	crush-alethe	1	Examples/LockServer.lean	LockServer.base_block0_node_send_lock	-	fail	tactic	45.636	false	-	-
plean	crush-alethe	1	Examples/LockServer.lean	LockServer.base_block0_node_send_unlock	-	fail	tactic	46.935	false	-	-
plean	crush-alethe	1	Examples/LockServer.lean	LockServer.Server.Serving.eLock_correct_block0_system_config	-	fail	timeout	217.015	false	-	-
plean	crush-alethe	1	Examples/LockServer.lean	LockServer.Server.Serving.eUnlock_correct_block0_system_config	-	fail	translation	2554.144	false	-	-
plean	crush-alethe	1	Examples/LockServer.lean	LockServer.Node.Working.eAquire_correct_block0_system_config	-	fail	translation	2415.387	false	-	-
plean	crush-alethe	1	Examples/LockServer.lean	LockServer.Node.Working.eRelease_correct_block0_system_config	-	fail	translation	1327.817	false	-	-
plean	crush-alethe	1	Examples/LockServer.lean	LockServer.Node.Working.eGrant_correct_block0_system_config	-	fail	translation	2476.483	false	-	-
plean	crush-alethe	1	Examples/LockServer.lean	LockServer.base_block1_unique_lock_holder	-	fail	tactic	27.685	false	-	-
plean	crush-alethe	1	Examples/LockServer.lean	LockServer.base_block1_unique_grant	-	fail	tactic	26.144	false	-	-
plean	crush-alethe	1	Examples/LockServer.lean	LockServer.base_block1_unique_unlock	-	fail	tactic	27.162	false	-	-
plean	crush-alethe	1	Examples/LockServer.lean	LockServer.base_block1_grant_server_unlocked	-	fail	tactic	26.706	false	-	-
plean	crush-alethe	1	Examples/LockServer.lean	LockServer.base_block1_no_lock_while_grant	-	fail	tactic	30.662	false	-	-
plean	crush-alethe	1	Examples/LockServer.lean	LockServer.base_block1_no_lock_while_unlock	-	fail	tactic	45.660	false	-	-
plean	crush-alethe	1	Examples/LockServer.lean	LockServer.base_block1_grant_not_unlock	-	fail	tactic	25.106	false	-	-
plean	crush-alethe	1	Examples/LockServer.lean	LockServer.base_block1_node_server_mutex	-	fail	tactic	31.353	false	-	-
plean	crush-alethe	1	Examples/LockServer.lean	LockServer.Server.Serving.eLock_correct_block1_safety_using_system_config	-	fail	translation	3579.040	false	-	-
plean	crush-alethe	1	Examples/LockServer.lean	LockServer.Server.Serving.eUnlock_correct_block1_safety_using_system_config	-	fail	translation	3176.577	false	-	-
plean	crush-alethe	1	Examples/LockServer.lean	LockServer.Node.Working.eAquire_correct_block1_safety_using_system_config	-	fail	translation	3134.369	false	-	-
plean	crush-alethe	1	Examples/LockServer.lean	LockServer.Node.Working.eRelease_correct_block1_safety_using_system_config	-	fail	translation	3467.910	false	-	-
plean	crush-alethe	1	Examples/LockServer.lean	LockServer.Node.Working.eGrant_correct_block1_safety_using_system_config	-	fail	translation	3238.828	false	-	-
plean	crush-alethe	1	Examples/LockServer.lean	LockServer.base_block1_UniqueActions	-	fail	tactic	23.642	false	-	-
plean	crush-alethe	1	Examples/LockServer.lean	LockServer.base_block1_IncreasingCount	-	fail	tactic	19.157	false	-	-
plean	crush-alethe	1	Examples/LockServer.lean	LockServer.base_block1_ReceivedSubsetSent	-	fail	tactic	19.741	false	-	-
plean	crush-alethe	1	Examples/LockServer.lean	LockServer.Server.Serving.eLock_correct_block1_default_using_system_config	-	fail	translation	3075.293	false	-	-
plean	crush-alethe	1	Examples/LockServer.lean	LockServer.Server.Serving.eUnlock_correct_block1_default_using_system_config	-	fail	translation	2877.025	false	-	-
plean	crush-alethe	1	Examples/LockServer.lean	LockServer.Node.Working.eAquire_correct_block1_default_using_system_config	-	fail	translation	2734.079	false	-	-
plean	crush-alethe	1	Examples/LockServer.lean	LockServer.Node.Working.eRelease_correct_block1_default_using_system_config	-	fail	translation	3011.983	false	-	-
plean	crush-alethe	1	Examples/LockServer.lean	LockServer.Node.Working.eGrant_correct_block1_default_using_system_config	-	fail	translation	3237.491	false	-	-
plean	crush-portfolio	1	Examples/LockServer.lean	LockServer.base_block0_const_server	-	pass	-	516.851	false	-	-
plean	crush-portfolio	1	Examples/LockServer.lean	LockServer.base_block0_serv_is_serv	-	pass	-	1394.961	false	-	-
plean	crush-portfolio	1	Examples/LockServer.lean	LockServer.base_block0_single_server	-	pass	-	475.009	false	-	-
plean	crush-portfolio	1	Examples/LockServer.lean	LockServer.base_block0_unique_server	-	fail	tactic	24.742	false	-	-
plean	crush-portfolio	1	Examples/LockServer.lean	LockServer.base_block0_aquire_to_node	-	pass	-	483.974	false	-	-
plean	crush-portfolio	1	Examples/LockServer.lean	LockServer.base_block0_release_to_node	-	pass	-	484.324	false	-	-
plean	crush-portfolio	1	Examples/LockServer.lean	LockServer.base_block0_grant_to_node	-	pass	-	484.820	false	-	-
plean	crush-portfolio	1	Examples/LockServer.lean	LockServer.base_block0_lock_to_server	-	pass	-	497.545	false	-	-
plean	crush-portfolio	1	Examples/LockServer.lean	LockServer.base_block0_unlock_to_server	-	pass	-	493.003	false	-	-
plean	crush-portfolio	1	Examples/LockServer.lean	LockServer.base_block0_node_send_lock	-	pass	-	1441.544	false	-	-
plean	crush-portfolio	1	Examples/LockServer.lean	LockServer.base_block0_node_send_unlock	-	pass	-	1470.290	false	-	-
plean	crush-portfolio	1	Examples/LockServer.lean	LockServer.Server.Serving.eLock_correct_block0_system_config	-	fail	timeout	224.442	false	-	-
plean	crush-portfolio	1	Examples/LockServer.lean	LockServer.Server.Serving.eUnlock_correct_block0_system_config	-	fail	tactic	603.706	false	-	-
plean	crush-portfolio	1	Examples/LockServer.lean	LockServer.Node.Working.eAquire_correct_block0_system_config	-	fail	timeout	13380.555	false	-	-
plean	crush-portfolio	1	Examples/LockServer.lean	LockServer.Node.Working.eRelease_correct_block0_system_config	-	fail	timeout	599.455	false	-	-
plean	crush-portfolio	1	Examples/LockServer.lean	LockServer.Node.Working.eGrant_correct_block0_system_config	-	fail	tactic	627.970	false	-	-
plean	crush-portfolio	1	Examples/LockServer.lean	LockServer.base_block1_unique_lock_holder	-	pass	-	521.529	false	-	-
plean	crush-portfolio	1	Examples/LockServer.lean	LockServer.base_block1_unique_grant	-	pass	-	471.958	false	-	-
plean	crush-portfolio	1	Examples/LockServer.lean	LockServer.base_block1_unique_unlock	-	pass	-	463.586	false	-	-
plean	crush-portfolio	1	Examples/LockServer.lean	LockServer.base_block1_grant_server_unlocked	-	pass	-	465.701	false	-	-
plean	crush-portfolio	1	Examples/LockServer.lean	LockServer.base_block1_no_lock_while_grant	-	pass	-	464.959	false	-	-
plean	crush-portfolio	1	Examples/LockServer.lean	LockServer.base_block1_no_lock_while_unlock	-	pass	-	924.003	false	-	-
plean	crush-portfolio	1	Examples/LockServer.lean	LockServer.base_block1_grant_not_unlock	-	pass	-	456.435	false	-	-
plean	crush-portfolio	1	Examples/LockServer.lean	LockServer.base_block1_node_server_mutex	-	pass	-	472.843	false	-	-
plean	crush-portfolio	1	Examples/LockServer.lean	LockServer.Server.Serving.eLock_correct_block1_safety_using_system_config	-	fail	tactic	264.203	false	-	-
plean	crush-portfolio	1	Examples/LockServer.lean	LockServer.Server.Serving.eUnlock_correct_block1_safety_using_system_config	-	fail	tactic	577.266	false	-	-
plean	crush-portfolio	1	Examples/LockServer.lean	LockServer.Node.Working.eAquire_correct_block1_safety_using_system_config	-	fail	tactic	601.981	false	-	-
plean	crush-portfolio	1	Examples/LockServer.lean	LockServer.Node.Working.eRelease_correct_block1_safety_using_system_config	-	pass	-	2908.336	false	-	-
plean	crush-portfolio	1	Examples/LockServer.lean	LockServer.Node.Working.eGrant_correct_block1_safety_using_system_config	-	fail	tactic	637.620	false	-	-
plean	crush-portfolio	1	Examples/LockServer.lean	LockServer.base_block1_UniqueActions	-	pass	-	499.903	false	-	-
plean	crush-portfolio	1	Examples/LockServer.lean	LockServer.base_block1_IncreasingCount	-	pass	-	449.178	false	-	-
plean	crush-portfolio	1	Examples/LockServer.lean	LockServer.base_block1_ReceivedSubsetSent	-	pass	-	449.146	false	-	-
plean	crush-portfolio	1	Examples/LockServer.lean	LockServer.Server.Serving.eLock_correct_block1_default_using_system_config	-	pass	-	1330.883	false	-	-
plean	crush-portfolio	1	Examples/LockServer.lean	LockServer.Server.Serving.eUnlock_correct_block1_default_using_system_config	-	pass	-	1258.923	false	-	-
plean	crush-portfolio	1	Examples/LockServer.lean	LockServer.Node.Working.eAquire_correct_block1_default_using_system_config	-	pass	-	6207.448	false	-	-
plean	crush-portfolio	1	Examples/LockServer.lean	LockServer.Node.Working.eRelease_correct_block1_default_using_system_config	-	pass	-	1324.212	false	-	-
plean	crush-portfolio	1	Examples/LockServer.lean	LockServer.Node.Working.eGrant_correct_block1_default_using_system_config	-	pass	-	1246.110	false	-	-
plean	crush-verify	1	Examples/PingPongAuto.lean	PingPongAuto.base_Safety_pong_after_ping	-	pass	-	531.197	false	-	-
plean	crush-verify	1	Examples/PingPongAuto.lean	PingPongAuto.Server.Idle.ePing_correct_Safety_safety_using_default	-	pass	-	503.276	false	-	-
plean	crush-verify	1	Examples/PingPongAuto.lean	PingPongAuto.base_Safety_UniqueActions	-	pass	-	433.501	false	-	-
plean	crush-verify	1	Examples/PingPongAuto.lean	PingPongAuto.base_Safety_IncreasingCount	-	pass	-	430.650	false	-	-
plean	crush-verify	1	Examples/PingPongAuto.lean	PingPongAuto.base_Safety_ReceivedSubsetSent	-	pass	-	426.640	false	-	-
plean	crush-verify	1	Examples/PingPongAuto.lean	PingPongAuto.Server.Idle.ePing_correct_Safety_default	-	pass	-	1398.071	false	-	-
plean	crush-core	1	Examples/PingPongAuto.lean	PingPongAuto.base_Safety_pong_after_ping	-	pass	-	493.576	false	-	-
plean	crush-core	1	Examples/PingPongAuto.lean	PingPongAuto.Server.Idle.ePing_correct_Safety_safety_using_default	-	pass	-	555.663	false	-	-
plean	crush-core	1	Examples/PingPongAuto.lean	PingPongAuto.base_Safety_UniqueActions	-	pass	-	440.871	false	-	-
plean	crush-core	1	Examples/PingPongAuto.lean	PingPongAuto.base_Safety_IncreasingCount	-	pass	-	443.761	false	-	-
plean	crush-core	1	Examples/PingPongAuto.lean	PingPongAuto.base_Safety_ReceivedSubsetSent	-	pass	-	450.781	false	-	-
plean	crush-core	1	Examples/PingPongAuto.lean	PingPongAuto.Server.Idle.ePing_correct_Safety_default	-	pass	-	2215.377	false	-	-
plean	crush-alethe	1	Examples/PingPongAuto.lean	PingPongAuto.base_Safety_pong_after_ping	-	fail	tactic	19.503	false	-	-
plean	crush-alethe	1	Examples/PingPongAuto.lean	PingPongAuto.Server.Idle.ePing_correct_Safety_safety_using_default	-	fail	translation	471.316	false	-	-
plean	crush-alethe	1	Examples/PingPongAuto.lean	PingPongAuto.base_Safety_UniqueActions	-	fail	tactic	15.769	false	-	-
plean	crush-alethe	1	Examples/PingPongAuto.lean	PingPongAuto.base_Safety_IncreasingCount	-	fail	tactic	12.719	false	-	-
plean	crush-alethe	1	Examples/PingPongAuto.lean	PingPongAuto.base_Safety_ReceivedSubsetSent	-	fail	tactic	10.254	false	-	-
plean	crush-alethe	1	Examples/PingPongAuto.lean	PingPongAuto.Server.Idle.ePing_correct_Safety_default	-	fail	translation	724.929	false	-	-
plean	crush-portfolio	1	Examples/PingPongAuto.lean	PingPongAuto.base_Safety_pong_after_ping	-	pass	-	484.661	false	-	-
plean	crush-portfolio	1	Examples/PingPongAuto.lean	PingPongAuto.Server.Idle.ePing_correct_Safety_safety_using_default	-	pass	-	565.501	false	-	-
plean	crush-portfolio	1	Examples/PingPongAuto.lean	PingPongAuto.base_Safety_UniqueActions	-	pass	-	458.959	false	-	-
plean	crush-portfolio	1	Examples/PingPongAuto.lean	PingPongAuto.base_Safety_IncreasingCount	-	pass	-	450.401	false	-	-
plean	crush-portfolio	1	Examples/PingPongAuto.lean	PingPongAuto.base_Safety_ReceivedSubsetSent	-	pass	-	452.454	false	-	-
plean	crush-portfolio	1	Examples/PingPongAuto.lean	PingPongAuto.Server.Idle.ePing_correct_Safety_default	-	pass	-	2190.256	false	-	-
plean	crush-verify	1	Examples/PingPongTrivial.lean	PingPongTrivial.base_Safety_always_true	-	pass	-	0.000	false	-	-
plean	crush-core	1	Examples/PingPongTrivial.lean	PingPongTrivial.base_Safety_always_true	-	pass	-	0.000	false	-	-
plean	crush-alethe	1	Examples/PingPongTrivial.lean	PingPongTrivial.base_Safety_always_true	-	pass	-	0.000	false	-	-
plean	crush-portfolio	1	Examples/PingPongTrivial.lean	PingPongTrivial.base_Safety_always_true	-	pass	-	0.000	false	-	-
plean	crush-verify	1	Examples/RingLeader.lean	RingLeader.base_block0_LeaderMax	-	pass	-	558.123	false	-	-
plean	crush-verify	1	Examples/RingLeader.lean	RingLeader.base_block0_Aux	-	pass	-	479.375	false	-	-
plean	crush-verify	1	Examples/RingLeader.lean	RingLeader.base_block0_NoBypass	-	pass	-	477.130	false	-	-
plean	crush-verify	1	Examples/RingLeader.lean	RingLeader.base_block0_SelfPendingMax	-	pass	-	484.579	false	-	-
plean	crush-verify	1	Examples/RingLeader.lean	RingLeader.Server.Proposing.eNominate_correct_block0_lemmas	-	fail	tactic	5354.954	false	-	-
plean	crush-verify	1	Examples/RingLeader.lean	RingLeader.Server.Proposing.entry_correct_block0_lemmas	-	fail	timeout	6332.995	false	-	-
plean	crush-verify	1	Examples/RingLeader.lean	RingLeader.base_block1_UniqueLeader	-	pass	-	427.453	false	-	-
plean	crush-verify	1	Examples/RingLeader.lean	RingLeader.Server.Proposing.eNominate_correct_block1_Safety_using_lemmas	-	fail	tactic	6221.314	false	-	-
plean	crush-verify	1	Examples/RingLeader.lean	RingLeader.Server.Proposing.entry_correct_block1_Safety_using_lemmas	-	pass	-	519.727	false	-	-
plean	crush-verify	1	Examples/RingLeader.lean	RingLeader.base_block1_UniqueActions	-	pass	-	474.715	false	-	-
plean	crush-verify	1	Examples/RingLeader.lean	RingLeader.base_block1_IncreasingCount	-	pass	-	478.651	false	-	-
plean	crush-verify	1	Examples/RingLeader.lean	RingLeader.base_block1_ReceivedSubsetSent	-	pass	-	449.420	false	-	-
plean	crush-verify	1	Examples/RingLeader.lean	RingLeader.Server.Proposing.eNominate_correct_block1_default	-	pass	-	1148.512	false	-	-
plean	crush-verify	1	Examples/RingLeader.lean	RingLeader.Server.Proposing.entry_correct_block1_default	-	pass	-	1521.197	false	-	-
plean	crush-core	1	Examples/RingLeader.lean	RingLeader.base_block0_LeaderMax	-	pass	-	1919.743	false	-	-
plean	crush-core	1	Examples/RingLeader.lean	RingLeader.base_block0_Aux	-	pass	-	34.881	false	-	-
plean	crush-core	1	Examples/RingLeader.lean	RingLeader.base_block0_NoBypass	-	pass	-	2322.003	false	-	-
plean	crush-core	1	Examples/RingLeader.lean	RingLeader.base_block0_SelfPendingMax	-	pass	-	2180.811	false	-	-
plean	crush-core	1	Examples/RingLeader.lean	RingLeader.Server.Proposing.eNominate_correct_block0_lemmas	-	fail	tactic	267.881	false	-	-
plean	crush-core	1	Examples/RingLeader.lean	RingLeader.Server.Proposing.entry_correct_block0_lemmas	-	fail	timeout	122.286	false	-	-
plean	crush-core	1	Examples/RingLeader.lean	RingLeader.base_block1_UniqueLeader	-	pass	-	2728.647	false	-	-
plean	crush-core	1	Examples/RingLeader.lean	RingLeader.Server.Proposing.eNominate_correct_block1_Safety_using_lemmas	-	fail	tactic	105.235	false	-	-
plean	crush-core	1	Examples/RingLeader.lean	RingLeader.Server.Proposing.entry_correct_block1_Safety_using_lemmas	-	pass	-	5983.162	false	-	-
plean	crush-core	1	Examples/RingLeader.lean	RingLeader.base_block1_UniqueActions	-	pass	-	510.344	false	-	-
plean	crush-core	1	Examples/RingLeader.lean	RingLeader.base_block1_IncreasingCount	-	pass	-	497.000	false	-	-
plean	crush-core	1	Examples/RingLeader.lean	RingLeader.base_block1_ReceivedSubsetSent	-	pass	-	452.130	false	-	-
plean	crush-core	1	Examples/RingLeader.lean	RingLeader.Server.Proposing.eNominate_correct_block1_default	-	pass	-	1420.382	false	-	-
plean	crush-core	1	Examples/RingLeader.lean	RingLeader.Server.Proposing.entry_correct_block1_default	-	pass	-	5332.534	false	-	-
plean	crush-alethe	1	Examples/RingLeader.lean	RingLeader.base_block0_LeaderMax	-	fail	tactic	36.945	false	-	-
plean	crush-alethe	1	Examples/RingLeader.lean	RingLeader.base_block0_Aux	-	fail	tactic	32.193	false	-	-
plean	crush-alethe	1	Examples/RingLeader.lean	RingLeader.base_block0_NoBypass	-	fail	tactic	38.561	false	-	-
plean	crush-alethe	1	Examples/RingLeader.lean	RingLeader.base_block0_SelfPendingMax	-	fail	tactic	39.122	false	-	-
plean	crush-alethe	1	Examples/RingLeader.lean	RingLeader.Server.Proposing.eNominate_correct_block0_lemmas	-	fail	tactic	1263.870	false	-	-
plean	crush-alethe	1	Examples/RingLeader.lean	RingLeader.Server.Proposing.entry_correct_block0_lemmas	-	fail	translation	1061.466	false	-	-
plean	crush-alethe	1	Examples/RingLeader.lean	RingLeader.base_block1_UniqueLeader	-	fail	tactic	35.097	false	-	-
plean	crush-alethe	1	Examples/RingLeader.lean	RingLeader.Server.Proposing.eNominate_correct_block1_Safety_using_lemmas	-	fail	tactic	1012.520	false	-	-
plean	crush-alethe	1	Examples/RingLeader.lean	RingLeader.Server.Proposing.entry_correct_block1_Safety_using_lemmas	-	pass	-	192.780	false	-	-
plean	crush-alethe	1	Examples/RingLeader.lean	RingLeader.base_block1_UniqueActions	-	fail	tactic	37.322	false	-	-
plean	crush-alethe	1	Examples/RingLeader.lean	RingLeader.base_block1_IncreasingCount	-	fail	tactic	34.985	false	-	-
plean	crush-alethe	1	Examples/RingLeader.lean	RingLeader.base_block1_ReceivedSubsetSent	-	fail	tactic	36.026	false	-	-
plean	crush-alethe	1	Examples/RingLeader.lean	RingLeader.Server.Proposing.eNominate_correct_block1_default	-	fail	translation	1637.592	false	-	-
plean	crush-alethe	1	Examples/RingLeader.lean	RingLeader.Server.Proposing.entry_correct_block1_default	-	pass	-	212.919	false	-	-
plean	crush-portfolio	1	Examples/RingLeader.lean	RingLeader.base_block0_LeaderMax	-	pass	-	1928.820	false	-	-
plean	crush-portfolio	1	Examples/RingLeader.lean	RingLeader.base_block0_Aux	-	pass	-	37.706	false	-	-
plean	crush-portfolio	1	Examples/RingLeader.lean	RingLeader.base_block0_NoBypass	-	pass	-	2366.035	false	-	-
plean	crush-portfolio	1	Examples/RingLeader.lean	RingLeader.base_block0_SelfPendingMax	-	pass	-	2260.406	false	-	-
plean	crush-portfolio	1	Examples/RingLeader.lean	RingLeader.Server.Proposing.eNominate_correct_block0_lemmas	-	fail	tactic	268.313	false	-	-
plean	crush-portfolio	1	Examples/RingLeader.lean	RingLeader.Server.Proposing.entry_correct_block0_lemmas	-	fail	timeout	130.700	false	-	-
plean	crush-portfolio	1	Examples/RingLeader.lean	RingLeader.base_block1_UniqueLeader	-	pass	-	2659.749	false	-	-
plean	crush-portfolio	1	Examples/RingLeader.lean	RingLeader.Server.Proposing.eNominate_correct_block1_Safety_using_lemmas	-	fail	tactic	88.404	false	-	-
plean	crush-portfolio	1	Examples/RingLeader.lean	RingLeader.Server.Proposing.entry_correct_block1_Safety_using_lemmas	-	pass	-	5475.064	false	-	-
plean	crush-portfolio	1	Examples/RingLeader.lean	RingLeader.base_block1_UniqueActions	-	pass	-	596.696	false	-	-
plean	crush-portfolio	1	Examples/RingLeader.lean	RingLeader.base_block1_IncreasingCount	-	pass	-	490.143	false	-	-
plean	crush-portfolio	1	Examples/RingLeader.lean	RingLeader.base_block1_ReceivedSubsetSent	-	pass	-	504.021	false	-	-
plean	crush-portfolio	1	Examples/RingLeader.lean	RingLeader.Server.Proposing.eNominate_correct_block1_default	-	pass	-	1508.925	false	-	-
plean	crush-portfolio	1	Examples/RingLeader.lean	RingLeader.Server.Proposing.entry_correct_block1_default	-	pass	-	5120.658	false	-	-
plean	crush-verify	1	Examples/ShardedKV.lean	ShardedKV.base_of_Safety_transfer_means_no_owner	-	pass	-	496.155	false	-	-
plean	crush-verify	1	Examples/ShardedKV.lean	ShardedKV.base_of_Safety_unique_key_transfer	-	pass	-	484.098	false	-	-
plean	crush-verify	1	Examples/ShardedKV.lean	ShardedKV.base_of_Safety_transfer_means_not_own	-	pass	-	485.743	false	-	-
plean	crush-verify	1	Examples/ShardedKV.lean	ShardedKV.base_of_Safety_unique_owner	-	pass	-	486.918	false	-	-
plean	crush-verify	1	Examples/ShardedKV.lean	ShardedKV.Node.Serving.eReshard_correct_of_Safety_Safety	-	pass	-	1396.183	false	-	-
plean	crush-verify	1	Examples/ShardedKV.lean	ShardedKV.Node.Serving.eTransfer_correct_of_Safety_Safety	-	pass	-	2273.855	false	-	-
plean	crush-verify	1	Examples/ShardedKV.lean	ShardedKV.base_of_Safety_UniqueActions	-	pass	-	474.028	false	-	-
plean	crush-verify	1	Examples/ShardedKV.lean	ShardedKV.base_of_Safety_IncreasingCount	-	pass	-	475.348	false	-	-
plean	crush-verify	1	Examples/ShardedKV.lean	ShardedKV.base_of_Safety_ReceivedSubsetSent	-	pass	-	471.013	false	-	-
plean	crush-verify	1	Examples/ShardedKV.lean	ShardedKV.Node.Serving.eReshard_correct_of_Safety_default	-	pass	-	1093.523	false	-	-
plean	crush-verify	1	Examples/ShardedKV.lean	ShardedKV.Node.Serving.eTransfer_correct_of_Safety_default	-	pass	-	1461.894	false	-	-
plean	crush-core	1	Examples/ShardedKV.lean	ShardedKV.base_of_Safety_transfer_means_no_owner	-	pass	-	569.068	false	-	-
plean	crush-core	1	Examples/ShardedKV.lean	ShardedKV.base_of_Safety_unique_key_transfer	-	pass	-	499.301	false	-	-
plean	crush-core	1	Examples/ShardedKV.lean	ShardedKV.base_of_Safety_transfer_means_not_own	-	pass	-	500.845	false	-	-
plean	crush-core	1	Examples/ShardedKV.lean	ShardedKV.base_of_Safety_unique_owner	-	pass	-	532.762	false	-	-
plean	crush-core	1	Examples/ShardedKV.lean	ShardedKV.Node.Serving.eReshard_correct_of_Safety_Safety	-	fail	tactic	191.429	false	-	-
plean	crush-core	1	Examples/ShardedKV.lean	ShardedKV.Node.Serving.eTransfer_correct_of_Safety_Safety	-	fail	tactic	883.202	false	-	-
plean	crush-core	1	Examples/ShardedKV.lean	ShardedKV.base_of_Safety_UniqueActions	-	pass	-	488.444	false	-	-
plean	crush-core	1	Examples/ShardedKV.lean	ShardedKV.base_of_Safety_IncreasingCount	-	pass	-	423.690	false	-	-
plean	crush-core	1	Examples/ShardedKV.lean	ShardedKV.base_of_Safety_ReceivedSubsetSent	-	pass	-	472.059	false	-	-
plean	crush-core	1	Examples/ShardedKV.lean	ShardedKV.Node.Serving.eReshard_correct_of_Safety_default	-	pass	-	1123.742	false	-	-
plean	crush-core	1	Examples/ShardedKV.lean	ShardedKV.Node.Serving.eTransfer_correct_of_Safety_default	-	pass	-	1064.300	false	-	-
plean	crush-alethe	1	Examples/ShardedKV.lean	ShardedKV.base_of_Safety_transfer_means_no_owner	-	fail	tactic	32.367	false	-	-
plean	crush-alethe	1	Examples/ShardedKV.lean	ShardedKV.base_of_Safety_unique_key_transfer	-	fail	tactic	28.974	false	-	-
plean	crush-alethe	1	Examples/ShardedKV.lean	ShardedKV.base_of_Safety_transfer_means_not_own	-	fail	tactic	30.337	false	-	-
plean	crush-alethe	1	Examples/ShardedKV.lean	ShardedKV.base_of_Safety_unique_owner	-	fail	tactic	30.577	false	-	-
plean	crush-alethe	1	Examples/ShardedKV.lean	ShardedKV.Node.Serving.eReshard_correct_of_Safety_Safety	-	fail	translation	1736.567	false	-	-
plean	crush-alethe	1	Examples/ShardedKV.lean	ShardedKV.Node.Serving.eTransfer_correct_of_Safety_Safety	-	fail	translation	1234.352	false	-	-
plean	crush-alethe	1	Examples/ShardedKV.lean	ShardedKV.base_of_Safety_UniqueActions	-	fail	tactic	22.178	false	-	-
plean	crush-alethe	1	Examples/ShardedKV.lean	ShardedKV.base_of_Safety_IncreasingCount	-	fail	tactic	18.735	false	-	-
plean	crush-alethe	1	Examples/ShardedKV.lean	ShardedKV.base_of_Safety_ReceivedSubsetSent	-	fail	tactic	19.384	false	-	-
plean	crush-alethe	1	Examples/ShardedKV.lean	ShardedKV.Node.Serving.eReshard_correct_of_Safety_default	-	fail	translation	1040.638	false	-	-
plean	crush-alethe	1	Examples/ShardedKV.lean	ShardedKV.Node.Serving.eTransfer_correct_of_Safety_default	-	fail	translation	784.337	false	-	-
plean	crush-portfolio	1	Examples/ShardedKV.lean	ShardedKV.base_of_Safety_transfer_means_no_owner	-	pass	-	555.320	false	-	-
plean	crush-portfolio	1	Examples/ShardedKV.lean	ShardedKV.base_of_Safety_unique_key_transfer	-	pass	-	493.311	false	-	-
plean	crush-portfolio	1	Examples/ShardedKV.lean	ShardedKV.base_of_Safety_transfer_means_not_own	-	pass	-	474.860	false	-	-
plean	crush-portfolio	1	Examples/ShardedKV.lean	ShardedKV.base_of_Safety_unique_owner	-	pass	-	534.216	false	-	-
plean	crush-portfolio	1	Examples/ShardedKV.lean	ShardedKV.Node.Serving.eReshard_correct_of_Safety_Safety	-	fail	tactic	168.379	false	-	-
plean	crush-portfolio	1	Examples/ShardedKV.lean	ShardedKV.Node.Serving.eTransfer_correct_of_Safety_Safety	-	fail	tactic	880.092	false	-	-
plean	crush-portfolio	1	Examples/ShardedKV.lean	ShardedKV.base_of_Safety_UniqueActions	-	pass	-	474.555	false	-	-
plean	crush-portfolio	1	Examples/ShardedKV.lean	ShardedKV.base_of_Safety_IncreasingCount	-	pass	-	474.796	false	-	-
plean	crush-portfolio	1	Examples/ShardedKV.lean	ShardedKV.base_of_Safety_ReceivedSubsetSent	-	pass	-	477.230	false	-	-
plean	crush-portfolio	1	Examples/ShardedKV.lean	ShardedKV.Node.Serving.eReshard_correct_of_Safety_default	-	pass	-	1148.778	false	-	-
plean	crush-portfolio	1	Examples/ShardedKV.lean	ShardedKV.Node.Serving.eTransfer_correct_of_Safety_default	-	pass	-	1143.023	false	-	-
plean	crush-verify	1	Examples/TwoPhaseCommit.lean	TwoPhaseCommit.base_of_system_config_participant_set	-	pass	-	555.570	false	-	-
plean	crush-verify	1	Examples/TwoPhaseCommit.lean	TwoPhaseCommit.Coordinator.WaitForResponses.eYes_correct_of_system_config_system_config	-	fail	timeout	591.508	false	-	-
plean	crush-verify	1	Examples/TwoPhaseCommit.lean	TwoPhaseCommit.Coordinator.WaitForResponses.eNo_correct_of_system_config_system_config	-	fail	timeout	9698.239	false	-	-
plean	crush-verify	1	Examples/TwoPhaseCommit.lean	TwoPhaseCommit.Coordinator.Init.entry_correct_of_system_config_system_config	-	pass	-	3964.973	false	-	-
plean	crush-verify	1	Examples/TwoPhaseCommit.lean	TwoPhaseCommit.Participant.Undecided.eVoteReq_correct_of_system_config_system_config	-	pass	-	60.823	false	-	-
plean	crush-verify	1	Examples/TwoPhaseCommit.lean	TwoPhaseCommit.Participant.Undecided.eCommit_correct_of_system_config_system_config	-	pass	-	511.368	false	-	-
plean	crush-verify	1	Examples/TwoPhaseCommit.lean	TwoPhaseCommit.Participant.Undecided.eAbort_correct_of_system_config_system_config	-	pass	-	509.721	false	-	-
plean	crush-verify	1	Examples/TwoPhaseCommit.lean	TwoPhaseCommit.base_of_votes_yes_implies_pref	-	pass	-	485.914	false	-	-
plean	crush-verify	1	Examples/TwoPhaseCommit.lean	TwoPhaseCommit.base_of_votes_votes_all_prefer	-	pass	-	485.471	false	-	-
plean	crush-verify	1	Examples/TwoPhaseCommit.lean	TwoPhaseCommit.Coordinator.WaitForResponses.eYes_correct_of_votes_votes	-	fail	timeout	2695.771	false	-	-
plean	crush-verify	1	Examples/TwoPhaseCommit.lean	TwoPhaseCommit.Coordinator.WaitForResponses.eNo_correct_of_votes_votes	-	fail	timeout	12157.970	false	-	-
plean	crush-verify	1	Examples/TwoPhaseCommit.lean	TwoPhaseCommit.Coordinator.Init.entry_correct_of_votes_votes	-	pass	-	7408.571	false	-	-
plean	crush-verify	1	Examples/TwoPhaseCommit.lean	TwoPhaseCommit.Participant.Undecided.eVoteReq_correct_of_votes_votes	-	pass	-	1028.259	false	-	-
plean	crush-verify	1	Examples/TwoPhaseCommit.lean	TwoPhaseCommit.Participant.Undecided.eCommit_correct_of_votes_votes	-	pass	-	1008.734	false	-	-
plean	crush-verify	1	Examples/TwoPhaseCommit.lean	TwoPhaseCommit.Participant.Undecided.eAbort_correct_of_votes_votes	-	pass	-	997.400	false	-	-
plean	crush-verify	1	Examples/TwoPhaseCommit.lean	TwoPhaseCommit.base_of_default_UniqueActions	-	pass	-	512.028	false	-	-
plean	crush-verify	1	Examples/TwoPhaseCommit.lean	TwoPhaseCommit.base_of_default_IncreasingCount	-	pass	-	490.683	false	-	-
plean	crush-verify	1	Examples/TwoPhaseCommit.lean	TwoPhaseCommit.base_of_default_ReceivedSubsetSent	-	pass	-	494.922	false	-	-
plean	crush-verify	1	Examples/TwoPhaseCommit.lean	TwoPhaseCommit.Coordinator.WaitForResponses.eYes_correct_of_default_default	-	fail	timeout	6955.458	false	-	-
plean	crush-verify	1	Examples/TwoPhaseCommit.lean	TwoPhaseCommit.Coordinator.WaitForResponses.eNo_correct_of_default_default	-	pass	-	2570.668	false	-	-
plean	crush-verify	1	Examples/TwoPhaseCommit.lean	TwoPhaseCommit.Coordinator.Init.entry_correct_of_default_default	-	pass	-	2532.107	false	-	-
plean	crush-verify	1	Examples/TwoPhaseCommit.lean	TwoPhaseCommit.Participant.Undecided.eVoteReq_correct_of_default_default	-	pass	-	1083.615	false	-	-
plean	crush-verify	1	Examples/TwoPhaseCommit.lean	TwoPhaseCommit.Participant.Undecided.eCommit_correct_of_default_default	-	pass	-	1494.879	false	-	-
plean	crush-verify	1	Examples/TwoPhaseCommit.lean	TwoPhaseCommit.Participant.Undecided.eAbort_correct_of_default_default	-	pass	-	1503.771	false	-	-
plean	crush-verify	1	Examples/TwoPhaseCommit.lean	TwoPhaseCommit.base_of_commit_sent_commit_sent_implies_all_yes	-	pass	-	501.176	false	-	-
plean	crush-verify	1	Examples/TwoPhaseCommit.lean	TwoPhaseCommit.Coordinator.WaitForResponses.eYes_correct_of_commit_sent_commit_sent_using_votes_system_config	-	fail	timeout	4125.147	false	-	-
plean	crush-verify	1	Examples/TwoPhaseCommit.lean	TwoPhaseCommit.Coordinator.WaitForResponses.eNo_correct_of_commit_sent_commit_sent_using_votes_system_config	-	fail	timeout	13935.413	false	-	-
plean	crush-verify	1	Examples/TwoPhaseCommit.lean	TwoPhaseCommit.Coordinator.Init.entry_correct_of_commit_sent_commit_sent_using_votes_system_config	-	pass	-	9017.285	false	-	-
plean	crush-verify	1	Examples/TwoPhaseCommit.lean	TwoPhaseCommit.Participant.Undecided.eVoteReq_correct_of_commit_sent_commit_sent_using_votes_system_config	-	pass	-	1039.087	false	-	-
plean	crush-verify	1	Examples/TwoPhaseCommit.lean	TwoPhaseCommit.Participant.Undecided.eCommit_correct_of_commit_sent_commit_sent_using_votes_system_config	-	pass	-	546.941	false	-	-
plean	crush-verify	1	Examples/TwoPhaseCommit.lean	TwoPhaseCommit.Participant.Undecided.eAbort_correct_of_commit_sent_commit_sent_using_votes_system_config	-	pass	-	544.888	false	-	-
plean	crush-verify	1	Examples/TwoPhaseCommit.lean	TwoPhaseCommit.base_of_safety_accepted_implies_all_prefer	-	pass	-	511.177	false	-	-
plean	crush-verify	1	Examples/TwoPhaseCommit.lean	TwoPhaseCommit.Coordinator.WaitForResponses.eYes_correct_of_safety_safety_using_commit_sent	-	fail	timeout	2856.592	false	-	-
plean	crush-verify	1	Examples/TwoPhaseCommit.lean	TwoPhaseCommit.Coordinator.WaitForResponses.eNo_correct_of_safety_safety_using_commit_sent	-	fail	timeout	12443.070	false	-	-
plean	crush-verify	1	Examples/TwoPhaseCommit.lean	TwoPhaseCommit.Coordinator.Init.entry_correct_of_safety_safety_using_commit_sent	-	pass	-	7258.861	false	-	-
plean	crush-verify	1	Examples/TwoPhaseCommit.lean	TwoPhaseCommit.Participant.Undecided.eVoteReq_correct_of_safety_safety_using_commit_sent	-	pass	-	1025.387	false	-	-
plean	crush-verify	1	Examples/TwoPhaseCommit.lean	TwoPhaseCommit.Participant.Undecided.eCommit_correct_of_safety_safety_using_commit_sent	-	pass	-	577.412	false	-	-
plean	crush-verify	1	Examples/TwoPhaseCommit.lean	TwoPhaseCommit.Participant.Undecided.eAbort_correct_of_safety_safety_using_commit_sent	-	pass	-	560.729	false	-	-
plean	crush-core	1	Examples/TwoPhaseCommit.lean	TwoPhaseCommit.base_of_system_config_participant_set	-	pass	-	544.808	false	-	-
plean	crush-core	1	Examples/TwoPhaseCommit.lean	TwoPhaseCommit.Coordinator.WaitForResponses.eYes_correct_of_system_config_system_config	-	fail	timeout	578.135	false	-	-
plean	crush-core	1	Examples/TwoPhaseCommit.lean	TwoPhaseCommit.Coordinator.WaitForResponses.eNo_correct_of_system_config_system_config	-	fail	timeout	14177.271	false	-	-
plean	crush-core	1	Examples/TwoPhaseCommit.lean	TwoPhaseCommit.Coordinator.Init.entry_correct_of_system_config_system_config	-	pass	-	5413.751	false	-	-
plean	crush-core	1	Examples/TwoPhaseCommit.lean	TwoPhaseCommit.Participant.Undecided.eVoteReq_correct_of_system_config_system_config	-	pass	-	61.715	false	-	-
plean	crush-core	1	Examples/TwoPhaseCommit.lean	TwoPhaseCommit.Participant.Undecided.eCommit_correct_of_system_config_system_config	-	pass	-	537.083	false	-	-
plean	crush-core	1	Examples/TwoPhaseCommit.lean	TwoPhaseCommit.Participant.Undecided.eAbort_correct_of_system_config_system_config	-	pass	-	536.782	false	-	-
plean	crush-core	1	Examples/TwoPhaseCommit.lean	TwoPhaseCommit.base_of_votes_yes_implies_pref	-	pass	-	516.666	false	-	-
plean	crush-core	1	Examples/TwoPhaseCommit.lean	TwoPhaseCommit.base_of_votes_votes_all_prefer	-	pass	-	530.864	false	-	-
plean	crush-core	1	Examples/TwoPhaseCommit.lean	TwoPhaseCommit.Coordinator.WaitForResponses.eYes_correct_of_votes_votes	-	fail	timeout	931.520	false	-	-
plean	crush-core	1	Examples/TwoPhaseCommit.lean	TwoPhaseCommit.Coordinator.WaitForResponses.eNo_correct_of_votes_votes	-	fail	timeout	14667.327	false	-	-
plean	crush-core	1	Examples/TwoPhaseCommit.lean	TwoPhaseCommit.Coordinator.Init.entry_correct_of_votes_votes	-	pass	-	6313.191	false	-	-
plean	crush-core	1	Examples/TwoPhaseCommit.lean	TwoPhaseCommit.Participant.Undecided.eVoteReq_correct_of_votes_votes	-	pass	-	1142.446	false	-	-
plean	crush-core	1	Examples/TwoPhaseCommit.lean	TwoPhaseCommit.Participant.Undecided.eCommit_correct_of_votes_votes	-	pass	-	903.257	false	-	-
plean	crush-core	1	Examples/TwoPhaseCommit.lean	TwoPhaseCommit.Participant.Undecided.eAbort_correct_of_votes_votes	-	pass	-	882.961	false	-	-
plean	crush-core	1	Examples/TwoPhaseCommit.lean	TwoPhaseCommit.base_of_default_UniqueActions	-	pass	-	512.104	false	-	-
plean	crush-core	1	Examples/TwoPhaseCommit.lean	TwoPhaseCommit.base_of_default_IncreasingCount	-	pass	-	507.975	false	-	-
plean	crush-core	1	Examples/TwoPhaseCommit.lean	TwoPhaseCommit.base_of_default_ReceivedSubsetSent	-	pass	-	502.082	false	-	-
plean	crush-core	1	Examples/TwoPhaseCommit.lean	TwoPhaseCommit.Coordinator.WaitForResponses.eYes_correct_of_default_default	-	fail	timeout	5597.640	false	-	-
plean	crush-core	1	Examples/TwoPhaseCommit.lean	TwoPhaseCommit.Coordinator.WaitForResponses.eNo_correct_of_default_default	-	pass	-	2393.854	false	-	-
plean	crush-core	1	Examples/TwoPhaseCommit.lean	TwoPhaseCommit.Coordinator.Init.entry_correct_of_default_default	-	pass	-	2190.911	false	-	-
plean	crush-core	1	Examples/TwoPhaseCommit.lean	TwoPhaseCommit.Participant.Undecided.eVoteReq_correct_of_default_default	-	pass	-	1250.423	false	-	-
plean	crush-core	1	Examples/TwoPhaseCommit.lean	TwoPhaseCommit.Participant.Undecided.eCommit_correct_of_default_default	-	pass	-	2265.255	false	-	-
plean	crush-core	1	Examples/TwoPhaseCommit.lean	TwoPhaseCommit.Participant.Undecided.eAbort_correct_of_default_default	-	pass	-	2272.603	false	-	-
plean	crush-core	1	Examples/TwoPhaseCommit.lean	TwoPhaseCommit.base_of_commit_sent_commit_sent_implies_all_yes	-	pass	-	531.587	false	-	-
plean	crush-core	1	Examples/TwoPhaseCommit.lean	TwoPhaseCommit.Coordinator.WaitForResponses.eYes_correct_of_commit_sent_commit_sent_using_votes_system_config	-	fail	timeout	1662.820	false	-	-
plean	crush-core	1	Examples/TwoPhaseCommit.lean	TwoPhaseCommit.Coordinator.WaitForResponses.eNo_correct_of_commit_sent_commit_sent_using_votes_system_config	-	fail	timeout	15742.594	false	-	-
plean	crush-core	1	Examples/TwoPhaseCommit.lean	TwoPhaseCommit.Coordinator.Init.entry_correct_of_commit_sent_commit_sent_using_votes_system_config	-	pass	-	7035.154	false	-	-
plean	crush-core	1	Examples/TwoPhaseCommit.lean	TwoPhaseCommit.Participant.Undecided.eVoteReq_correct_of_commit_sent_commit_sent_using_votes_system_config	-	pass	-	423.834	false	-	-
plean	crush-core	1	Examples/TwoPhaseCommit.lean	TwoPhaseCommit.Participant.Undecided.eCommit_correct_of_commit_sent_commit_sent_using_votes_system_config	-	pass	-	657.251	false	-	-
plean	crush-core	1	Examples/TwoPhaseCommit.lean	TwoPhaseCommit.Participant.Undecided.eAbort_correct_of_commit_sent_commit_sent_using_votes_system_config	-	pass	-	655.164	false	-	-
plean	crush-core	1	Examples/TwoPhaseCommit.lean	TwoPhaseCommit.base_of_safety_accepted_implies_all_prefer	-	pass	-	529.123	false	-	-
plean	crush-core	1	Examples/TwoPhaseCommit.lean	TwoPhaseCommit.Coordinator.WaitForResponses.eYes_correct_of_safety_safety_using_commit_sent	-	fail	timeout	2557.708	false	-	-
plean	crush-core	1	Examples/TwoPhaseCommit.lean	TwoPhaseCommit.Coordinator.WaitForResponses.eNo_correct_of_safety_safety_using_commit_sent	-	fail	timeout	16508.955	false	-	-
plean	crush-core	1	Examples/TwoPhaseCommit.lean	TwoPhaseCommit.Coordinator.Init.entry_correct_of_safety_safety_using_commit_sent	-	pass	-	9475.050	false	-	-
plean	crush-core	1	Examples/TwoPhaseCommit.lean	TwoPhaseCommit.Participant.Undecided.eVoteReq_correct_of_safety_safety_using_commit_sent	-	pass	-	1601.490	false	-	-
plean	crush-core	1	Examples/TwoPhaseCommit.lean	TwoPhaseCommit.Participant.Undecided.eCommit_correct_of_safety_safety_using_commit_sent	-	pass	-	728.915	false	-	-
plean	crush-core	1	Examples/TwoPhaseCommit.lean	TwoPhaseCommit.Participant.Undecided.eAbort_correct_of_safety_safety_using_commit_sent	-	pass	-	3316.061	false	-	-
plean	crush-alethe	1	Examples/TwoPhaseCommit.lean	TwoPhaseCommit.base_of_system_config_participant_set	-	fail	tactic	31.618	false	-	-
plean	crush-alethe	1	Examples/TwoPhaseCommit.lean	TwoPhaseCommit.Coordinator.WaitForResponses.eYes_correct_of_system_config_system_config	-	fail	timeout	492.719	false	-	-
plean	crush-alethe	1	Examples/TwoPhaseCommit.lean	TwoPhaseCommit.Coordinator.WaitForResponses.eNo_correct_of_system_config_system_config	-	fail	translation	1062.407	false	-	-
plean	crush-alethe	1	Examples/TwoPhaseCommit.lean	TwoPhaseCommit.Coordinator.Init.entry_correct_of_system_config_system_config	-	pass	-	800.585	false	-	-
plean	crush-alethe	1	Examples/TwoPhaseCommit.lean	TwoPhaseCommit.Participant.Undecided.eVoteReq_correct_of_system_config_system_config	-	pass	-	123.809	false	-	-
plean	crush-alethe	1	Examples/TwoPhaseCommit.lean	TwoPhaseCommit.Participant.Undecided.eCommit_correct_of_system_config_system_config	-	pass	-	37.038	false	-	-
plean	crush-alethe	1	Examples/TwoPhaseCommit.lean	TwoPhaseCommit.Participant.Undecided.eAbort_correct_of_system_config_system_config	-	pass	-	37.717	false	-	-
plean	crush-alethe	1	Examples/TwoPhaseCommit.lean	TwoPhaseCommit.base_of_votes_yes_implies_pref	-	fail	tactic	28.886	false	-	-
plean	crush-alethe	1	Examples/TwoPhaseCommit.lean	TwoPhaseCommit.base_of_votes_votes_all_prefer	-	fail	tactic	32.941	false	-	-
plean	crush-alethe	1	Examples/TwoPhaseCommit.lean	TwoPhaseCommit.Coordinator.WaitForResponses.eYes_correct_of_votes_votes	-	fail	timeout	666.509	false	-	-
plean	crush-alethe	1	Examples/TwoPhaseCommit.lean	TwoPhaseCommit.Coordinator.WaitForResponses.eNo_correct_of_votes_votes	-	fail	translation	1274.684	false	-	-
plean	crush-alethe	1	Examples/TwoPhaseCommit.lean	TwoPhaseCommit.Coordinator.Init.entry_correct_of_votes_votes	-	fail	translation	2522.788	false	-	-
plean	crush-alethe	1	Examples/TwoPhaseCommit.lean	TwoPhaseCommit.Participant.Undecided.eVoteReq_correct_of_votes_votes	-	fail	translation	685.107	false	-	-
plean	crush-alethe	1	Examples/TwoPhaseCommit.lean	TwoPhaseCommit.Participant.Undecided.eCommit_correct_of_votes_votes	-	fail	translation	564.718	false	-	-
plean	crush-alethe	1	Examples/TwoPhaseCommit.lean	TwoPhaseCommit.Participant.Undecided.eAbort_correct_of_votes_votes	-	fail	translation	560.197	false	-	-
plean	crush-alethe	1	Examples/TwoPhaseCommit.lean	TwoPhaseCommit.base_of_default_UniqueActions	-	fail	tactic	30.352	false	-	-
plean	crush-alethe	1	Examples/TwoPhaseCommit.lean	TwoPhaseCommit.base_of_default_IncreasingCount	-	fail	tactic	31.155	false	-	-
plean	crush-alethe	1	Examples/TwoPhaseCommit.lean	TwoPhaseCommit.base_of_default_ReceivedSubsetSent	-	fail	tactic	29.589	false	-	-
plean	crush-alethe	1	Examples/TwoPhaseCommit.lean	TwoPhaseCommit.Coordinator.WaitForResponses.eYes_correct_of_default_default	-	fail	timeout	1023.369	false	-	-
plean	crush-alethe	1	Examples/TwoPhaseCommit.lean	TwoPhaseCommit.Coordinator.WaitForResponses.eNo_correct_of_default_default	-	fail	translation	1429.311	false	-	-
plean	crush-alethe	1	Examples/TwoPhaseCommit.lean	TwoPhaseCommit.Coordinator.Init.entry_correct_of_default_default	-	pass	-	276.917	false	-	-
plean	crush-alethe	1	Examples/TwoPhaseCommit.lean	TwoPhaseCommit.Participant.Undecided.eVoteReq_correct_of_default_default	-	fail	translation	1138.188	false	-	-
plean	crush-alethe	1	Examples/TwoPhaseCommit.lean	TwoPhaseCommit.Participant.Undecided.eCommit_correct_of_default_default	-	fail	translation	971.798	false	-	-
plean	crush-alethe	1	Examples/TwoPhaseCommit.lean	TwoPhaseCommit.Participant.Undecided.eAbort_correct_of_default_default	-	fail	translation	978.061	false	-	-
plean	crush-alethe	1	Examples/TwoPhaseCommit.lean	TwoPhaseCommit.base_of_commit_sent_commit_sent_implies_all_yes	-	fail	tactic	34.447	false	-	-
plean	crush-alethe	1	Examples/TwoPhaseCommit.lean	TwoPhaseCommit.Coordinator.WaitForResponses.eYes_correct_of_commit_sent_commit_sent_using_votes_system_config	-	fail	timeout	864.437	false	-	-
plean	crush-alethe	1	Examples/TwoPhaseCommit.lean	TwoPhaseCommit.Coordinator.WaitForResponses.eNo_correct_of_commit_sent_commit_sent_using_votes_system_config	-	fail	translation	1678.812	false	-	-
plean	crush-alethe	1	Examples/TwoPhaseCommit.lean	TwoPhaseCommit.Coordinator.Init.entry_correct_of_commit_sent_commit_sent_using_votes_system_config	-	fail	translation	2916.256	false	-	-
plean	crush-alethe	1	Examples/TwoPhaseCommit.lean	TwoPhaseCommit.Participant.Undecided.eVoteReq_correct_of_commit_sent_commit_sent_using_votes_system_config	-	fail	translation	840.525	false	-	-
plean	crush-alethe	1	Examples/TwoPhaseCommit.lean	TwoPhaseCommit.Participant.Undecided.eCommit_correct_of_commit_sent_commit_sent_using_votes_system_config	-	fail	translation	781.231	false	-	-
plean	crush-alethe	1	Examples/TwoPhaseCommit.lean	TwoPhaseCommit.Participant.Undecided.eAbort_correct_of_commit_sent_commit_sent_using_votes_system_config	-	fail	translation	784.485	false	-	-
plean	crush-alethe	1	Examples/TwoPhaseCommit.lean	TwoPhaseCommit.base_of_safety_accepted_implies_all_prefer	-	fail	tactic	40.578	false	-	-
plean	crush-alethe	1	Examples/TwoPhaseCommit.lean	TwoPhaseCommit.Coordinator.WaitForResponses.eYes_correct_of_safety_safety_using_commit_sent	-	fail	timeout	761.375	false	-	-
plean	crush-alethe	1	Examples/TwoPhaseCommit.lean	TwoPhaseCommit.Coordinator.WaitForResponses.eNo_correct_of_safety_safety_using_commit_sent	-	fail	translation	1468.877	false	-	-
plean	crush-alethe	1	Examples/TwoPhaseCommit.lean	TwoPhaseCommit.Coordinator.Init.entry_correct_of_safety_safety_using_commit_sent	-	fail	translation	1846.837	false	-	-
plean	crush-alethe	1	Examples/TwoPhaseCommit.lean	TwoPhaseCommit.Participant.Undecided.eVoteReq_correct_of_safety_safety_using_commit_sent	-	fail	translation	723.233	false	-	-
plean	crush-alethe	1	Examples/TwoPhaseCommit.lean	TwoPhaseCommit.Participant.Undecided.eCommit_correct_of_safety_safety_using_commit_sent	-	fail	translation	737.352	false	-	-
plean	crush-alethe	1	Examples/TwoPhaseCommit.lean	TwoPhaseCommit.Participant.Undecided.eAbort_correct_of_safety_safety_using_commit_sent	-	fail	translation	705.674	false	-	-
plean	crush-portfolio	1	Examples/TwoPhaseCommit.lean	TwoPhaseCommit.base_of_system_config_participant_set	-	pass	-	579.359	false	-	-
plean	crush-portfolio	1	Examples/TwoPhaseCommit.lean	TwoPhaseCommit.Coordinator.WaitForResponses.eYes_correct_of_system_config_system_config	-	fail	timeout	576.024	false	-	-
plean	crush-portfolio	1	Examples/TwoPhaseCommit.lean	TwoPhaseCommit.Coordinator.WaitForResponses.eNo_correct_of_system_config_system_config	-	fail	timeout	14031.388	false	-	-
plean	crush-portfolio	1	Examples/TwoPhaseCommit.lean	TwoPhaseCommit.Coordinator.Init.entry_correct_of_system_config_system_config	-	pass	-	5514.257	false	-	-
plean	crush-portfolio	1	Examples/TwoPhaseCommit.lean	TwoPhaseCommit.Participant.Undecided.eVoteReq_correct_of_system_config_system_config	-	pass	-	67.617	false	-	-
plean	crush-portfolio	1	Examples/TwoPhaseCommit.lean	TwoPhaseCommit.Participant.Undecided.eCommit_correct_of_system_config_system_config	-	pass	-	567.994	false	-	-
plean	crush-portfolio	1	Examples/TwoPhaseCommit.lean	TwoPhaseCommit.Participant.Undecided.eAbort_correct_of_system_config_system_config	-	pass	-	562.109	false	-	-
plean	crush-portfolio	1	Examples/TwoPhaseCommit.lean	TwoPhaseCommit.base_of_votes_yes_implies_pref	-	pass	-	530.441	false	-	-
plean	crush-portfolio	1	Examples/TwoPhaseCommit.lean	TwoPhaseCommit.base_of_votes_votes_all_prefer	-	pass	-	532.671	false	-	-
plean	crush-portfolio	1	Examples/TwoPhaseCommit.lean	TwoPhaseCommit.Coordinator.WaitForResponses.eYes_correct_of_votes_votes	-	fail	timeout	941.125	false	-	-
plean	crush-portfolio	1	Examples/TwoPhaseCommit.lean	TwoPhaseCommit.Coordinator.WaitForResponses.eNo_correct_of_votes_votes	-	fail	timeout	14844.010	false	-	-
plean	crush-portfolio	1	Examples/TwoPhaseCommit.lean	TwoPhaseCommit.Coordinator.Init.entry_correct_of_votes_votes	-	pass	-	6378.122	false	-	-
plean	crush-portfolio	1	Examples/TwoPhaseCommit.lean	TwoPhaseCommit.Participant.Undecided.eVoteReq_correct_of_votes_votes	-	pass	-	1123.537	false	-	-
plean	crush-portfolio	1	Examples/TwoPhaseCommit.lean	TwoPhaseCommit.Participant.Undecided.eCommit_correct_of_votes_votes	-	pass	-	892.158	false	-	-
plean	crush-portfolio	1	Examples/TwoPhaseCommit.lean	TwoPhaseCommit.Participant.Undecided.eAbort_correct_of_votes_votes	-	pass	-	895.894	false	-	-
plean	crush-portfolio	1	Examples/TwoPhaseCommit.lean	TwoPhaseCommit.base_of_default_UniqueActions	-	pass	-	524.108	false	-	-
plean	crush-portfolio	1	Examples/TwoPhaseCommit.lean	TwoPhaseCommit.base_of_default_IncreasingCount	-	pass	-	512.374	false	-	-
plean	crush-portfolio	1	Examples/TwoPhaseCommit.lean	TwoPhaseCommit.base_of_default_ReceivedSubsetSent	-	pass	-	520.339	false	-	-
plean	crush-portfolio	1	Examples/TwoPhaseCommit.lean	TwoPhaseCommit.Coordinator.WaitForResponses.eYes_correct_of_default_default	-	fail	timeout	5734.556	false	-	-
plean	crush-portfolio	1	Examples/TwoPhaseCommit.lean	TwoPhaseCommit.Coordinator.WaitForResponses.eNo_correct_of_default_default	-	pass	-	2434.721	false	-	-
plean	crush-portfolio	1	Examples/TwoPhaseCommit.lean	TwoPhaseCommit.Coordinator.Init.entry_correct_of_default_default	-	pass	-	2175.546	false	-	-
plean	crush-portfolio	1	Examples/TwoPhaseCommit.lean	TwoPhaseCommit.Participant.Undecided.eVoteReq_correct_of_default_default	-	pass	-	1260.049	false	-	-
plean	crush-portfolio	1	Examples/TwoPhaseCommit.lean	TwoPhaseCommit.Participant.Undecided.eCommit_correct_of_default_default	-	pass	-	2273.902	false	-	-
plean	crush-portfolio	1	Examples/TwoPhaseCommit.lean	TwoPhaseCommit.Participant.Undecided.eAbort_correct_of_default_default	-	pass	-	2263.103	false	-	-
plean	crush-portfolio	1	Examples/TwoPhaseCommit.lean	TwoPhaseCommit.base_of_commit_sent_commit_sent_implies_all_yes	-	pass	-	519.687	false	-	-
plean	crush-portfolio	1	Examples/TwoPhaseCommit.lean	TwoPhaseCommit.Coordinator.WaitForResponses.eYes_correct_of_commit_sent_commit_sent_using_votes_system_config	-	fail	timeout	1684.874	false	-	-
plean	crush-portfolio	1	Examples/TwoPhaseCommit.lean	TwoPhaseCommit.Coordinator.WaitForResponses.eNo_correct_of_commit_sent_commit_sent_using_votes_system_config	-	fail	timeout	16205.612	false	-	-
plean	crush-portfolio	1	Examples/TwoPhaseCommit.lean	TwoPhaseCommit.Coordinator.Init.entry_correct_of_commit_sent_commit_sent_using_votes_system_config	-	pass	-	6993.738	false	-	-
plean	crush-portfolio	1	Examples/TwoPhaseCommit.lean	TwoPhaseCommit.Participant.Undecided.eVoteReq_correct_of_commit_sent_commit_sent_using_votes_system_config	-	pass	-	426.976	false	-	-
plean	crush-portfolio	1	Examples/TwoPhaseCommit.lean	TwoPhaseCommit.Participant.Undecided.eCommit_correct_of_commit_sent_commit_sent_using_votes_system_config	-	pass	-	661.668	false	-	-
plean	crush-portfolio	1	Examples/TwoPhaseCommit.lean	TwoPhaseCommit.Participant.Undecided.eAbort_correct_of_commit_sent_commit_sent_using_votes_system_config	-	pass	-	704.979	false	-	-
plean	crush-portfolio	1	Examples/TwoPhaseCommit.lean	TwoPhaseCommit.base_of_safety_accepted_implies_all_prefer	-	pass	-	524.169	false	-	-
plean	crush-portfolio	1	Examples/TwoPhaseCommit.lean	TwoPhaseCommit.Coordinator.WaitForResponses.eYes_correct_of_safety_safety_using_commit_sent	-	fail	timeout	2593.027	false	-	-
plean	crush-portfolio	1	Examples/TwoPhaseCommit.lean	TwoPhaseCommit.Coordinator.WaitForResponses.eNo_correct_of_safety_safety_using_commit_sent	-	fail	timeout	16743.746	false	-	-
plean	crush-portfolio	1	Examples/TwoPhaseCommit.lean	TwoPhaseCommit.Coordinator.Init.entry_correct_of_safety_safety_using_commit_sent	-	pass	-	9656.899	false	-	-
plean	crush-portfolio	1	Examples/TwoPhaseCommit.lean	TwoPhaseCommit.Participant.Undecided.eVoteReq_correct_of_safety_safety_using_commit_sent	-	pass	-	1633.993	false	-	-
plean	crush-portfolio	1	Examples/TwoPhaseCommit.lean	TwoPhaseCommit.Participant.Undecided.eCommit_correct_of_safety_safety_using_commit_sent	-	pass	-	762.169	false	-	-
plean	crush-portfolio	1	Examples/TwoPhaseCommit.lean	TwoPhaseCommit.Participant.Undecided.eAbort_correct_of_safety_safety_using_commit_sent	-	pass	-	3336.786	false	-	-
