suite	lane	repeat	vc_key	status	category	milliseconds	message
cashmere	crush-alethe	1	CaseStudies/Cashmere/Cashmere.lean|1|1631738648950044227	fail	translation	829	"crush: cvc5 did not emit an Alethe certificate: Proof unsupported by Alethe: contains operator DUMMY_SKOLEM. Set `crush.reconstruct` to ""auto"" to use core-directed reconstruction instead."
cashmere	crush-alethe	1	CaseStudies/Cashmere/Cashmere.lean|2|11756138257855701010	fail	translation	774	"crush: cvc5 did not emit an Alethe certificate: Proof unsupported by Alethe: contains operator DUMMY_SKOLEM. Set `crush.reconstruct` to ""auto"" to use core-directed reconstruction instead."
cashmere	crush-alethe	1	CaseStudies/Cashmere/Cashmere.lean|3|2825169037077011539	pass	-	3	-
cashmere	crush-alethe	1	CaseStudies/Cashmere/Cashmere.lean|4|14833385480787993856	fail	translation	690	"crush: cvc5 did not emit an Alethe certificate: Proof unsupported by Alethe: contains operator DUMMY_SKOLEM. Set `crush.reconstruct` to ""auto"" to use core-directed reconstruction instead."
cashmere	crush-alethe	1	CaseStudies/Cashmere/Cashmere.lean|5|15214630116673553496	fail	translation	700	"crush: cvc5 did not emit an Alethe certificate: Proof unsupported by Alethe: contains operator DUMMY_SKOLEM. Set `crush.reconstruct` to ""auto"" to use core-directed reconstruction instead."
cashmere	crush-alethe	1	CaseStudies/Cashmere/Cashmere.lean|6|11756138257855701010	fail	translation	776	"crush: cvc5 did not emit an Alethe certificate: Proof unsupported by Alethe: contains operator DUMMY_SKOLEM. Set `crush.reconstruct` to ""auto"" to use core-directed reconstruction instead."
cashmere	crush-alethe	1	CaseStudies/Cashmere/Cashmere.lean|7|2592897230707726799	fail	translation	747	"crush: cvc5 did not emit an Alethe certificate: Proof unsupported by Alethe: contains operator DUMMY_SKOLEM. Set `crush.reconstruct` to ""auto"" to use core-directed reconstruction instead."
cashmere	crush-alethe	1	CaseStudies/Cashmere/Cashmere.lean|8|2825169037077011539	pass	-	2	-
cashmere	crush-alethe	1	CaseStudies/Cashmere/Cashmere.lean|9|14833385480787993856	fail	translation	702	"crush: cvc5 did not emit an Alethe certificate: Proof unsupported by Alethe: contains operator DUMMY_SKOLEM. Set `crush.reconstruct` to ""auto"" to use core-directed reconstruction instead."
cashmere	crush-alethe	1	CaseStudies/Cashmere/Cashmere.lean|10|15214630116673553496	fail	translation	712	"crush: cvc5 did not emit an Alethe certificate: Proof unsupported by Alethe: contains operator DUMMY_SKOLEM. Set `crush.reconstruct` to ""auto"" to use core-directed reconstruction instead."
cashmere	crush-alethe	1	CaseStudies/Cashmere/Cashmere.lean|11|12346872860079934512	fail	translation	718	"crush: cvc5 did not emit an Alethe certificate: Proof unsupported by Alethe: contains operator DUMMY_SKOLEM. Set `crush.reconstruct` to ""auto"" to use core-directed reconstruction instead."
cashmere	crush-alethe	1	CaseStudies/Cashmere/Cashmere.lean|12|11756138257855701010	fail	translation	776	"crush: cvc5 did not emit an Alethe certificate: Proof unsupported by Alethe: contains operator DUMMY_SKOLEM. Set `crush.reconstruct` to ""auto"" to use core-directed reconstruction instead."
cashmere	crush-alethe	1	CaseStudies/Cashmere/Cashmere.lean|13|12800241106604992563	fail	translation	784	"crush: cvc5 did not emit an Alethe certificate: Proof unsupported by Alethe: contains operator DUMMY_SKOLEM. Set `crush.reconstruct` to ""auto"" to use core-directed reconstruction instead."
cashmere	crush-alethe	1	CaseStudies/Cashmere/Cashmere.lean|14|2592897230707726799	fail	translation	783	"crush: cvc5 did not emit an Alethe certificate: Proof unsupported by Alethe: contains operator DUMMY_SKOLEM. Set `crush.reconstruct` to ""auto"" to use core-directed reconstruction instead."
cashmere	crush-alethe	1	CaseStudies/Cashmere/Cashmere.lean|15|2825169037077011539	pass	-	4	-
cashmere	crush-alethe	1	CaseStudies/Cashmere/Cashmere.lean|16|14810769858554953377	pass	-	4	-
cashmere	crush-alethe	1	CaseStudies/Cashmere/Cashmere.lean|17|14833385480787993856	fail	translation	716	"crush: cvc5 did not emit an Alethe certificate: Proof unsupported by Alethe: contains operator DUMMY_SKOLEM. Set `crush.reconstruct` to ""auto"" to use core-directed reconstruction instead."
cashmere	crush-alethe	1	CaseStudies/Cashmere/Cashmere.lean|18|8275436438937433806	pass	-	2	-
cashmere	crush-alethe	1	CaseStudies/Cashmere/Cashmere.lean|19|15214630116673553496	fail	translation	729	"crush: cvc5 did not emit an Alethe certificate: Proof unsupported by Alethe: contains operator DUMMY_SKOLEM. Set `crush.reconstruct` to ""auto"" to use core-directed reconstruction instead."
cashmere	crush-alethe	1	CaseStudies/Cashmere/Cashmere.lean|20|684110104125275636	fail	translation	741	"crush: cvc5 did not emit an Alethe certificate: Proof unsupported by Alethe: contains operator DUMMY_SKOLEM. Set `crush.reconstruct` to ""auto"" to use core-directed reconstruction instead."
cashmere	crush-alethe	1	CaseStudies/Cashmere/Cashmere.lean|21|10455387604875970312	fail	translation	566	"crush: cvc5 did not emit an Alethe certificate: Proof unsupported by Alethe: contains operator DUMMY_SKOLEM. Set `crush.reconstruct` to ""auto"" to use core-directed reconstruction instead."
cashmere	crush-alethe	1	CaseStudies/Cashmere/Cashmere.lean|22|12346872860079934512	fail	translation	778	"crush: cvc5 did not emit an Alethe certificate: Proof unsupported by Alethe: contains operator DUMMY_SKOLEM. Set `crush.reconstruct` to ""auto"" to use core-directed reconstruction instead."
cashmere	crush-alethe	1	CaseStudies/Cashmere/Cashmere.lean|23|9920644537135092340	fail	translation	834	"crush: cvc5 did not emit an Alethe certificate: Proof unsupported by Alethe: contains operator DUMMY_SKOLEM. Set `crush.reconstruct` to ""auto"" to use core-directed reconstruction instead."
cashmere	crush-alethe	1	CaseStudies/Cashmere/Cashmere.lean|24|2592897230707726799	fail	translation	833	"crush: cvc5 did not emit an Alethe certificate: Proof unsupported by Alethe: contains operator DUMMY_SKOLEM. Set `crush.reconstruct` to ""auto"" to use core-directed reconstruction instead."
cashmere	crush-alethe	1	CaseStudies/Cashmere/Cashmere.lean|25|8954427794409453576	pass	-	4	-
cashmere	crush-alethe	1	CaseStudies/Cashmere/Cashmere.lean|26|14833385480787993856	fail	translation	756	"crush: cvc5 did not emit an Alethe certificate: Proof unsupported by Alethe: contains operator DUMMY_SKOLEM. Set `crush.reconstruct` to ""auto"" to use core-directed reconstruction instead."
cashmere	crush-alethe	1	CaseStudies/Cashmere/Cashmere.lean|27|5928940248694370277	fail	translation	777	"crush: cvc5 did not emit an Alethe certificate: Proof unsupported by Alethe: contains operator DUMMY_SKOLEM. Set `crush.reconstruct` to ""auto"" to use core-directed reconstruction instead."
cashmere	crush-alethe	1	CaseStudies/Cashmere/Cashmere.lean|28|12566989642252477834	fail	translation	784	"crush: cvc5 did not emit an Alethe certificate: Proof unsupported by Alethe: contains operator DUMMY_SKOLEM. Set `crush.reconstruct` to ""auto"" to use core-directed reconstruction instead."
cashmere	crush-alethe	1	CaseStudies/Cashmere/CashmereIncorrectnessLogic.lean|1|9427426964918022923	pass	-	3	-
cashmere	crush-alethe	1	CaseStudies/Cashmere/CashmereIncorrectnessLogic.lean|2|1587904245978985587	fail	translation	1116	"crush: cvc5 did not emit an Alethe certificate: Proof unsupported by Alethe: contains operator DUMMY_SKOLEM. Set `crush.reconstruct` to ""auto"" to use core-directed reconstruction instead."
cashmere	crush-alethe	1	CaseStudies/Cashmere/CashmereIncorrectnessLogic.lean|3|12290697138917920290	fail	translation	1221	"crush: cvc5 did not emit an Alethe certificate: Proof unsupported by Alethe: contains operator DUMMY_SKOLEM. Set `crush.reconstruct` to ""auto"" to use core-directed reconstruction instead."
cashmere	crush-alethe	1	CaseStudies/Cashmere/CashmereIncorrectnessLogic.lean|4|6449264834289021715	fail	translation	1083	"crush: cvc5 did not emit an Alethe certificate: Proof unsupported by Alethe: contains operator DUMMY_SKOLEM. Set `crush.reconstruct` to ""auto"" to use core-directed reconstruction instead."
cashmere	crush-alethe	1	CaseStudies/Cashmere/CashmereIncorrectnessLogic.lean|5|11664442347342473650	pass	-	3	-
cashmere	crush-alethe	1	CaseStudies/Cashmere/CashmereIncorrectnessLogic.lean|6|6579164554781296205	pass	-	2	-
cashmere	crush-alethe	1	CaseStudies/Cashmere/CashmereIncorrectnessLogic.lean|7|7126761714196821540	fail	translation	974	"crush: cvc5 did not emit an Alethe certificate: Proof unsupported by Alethe: contains operator DUMMY_SKOLEM. Set `crush.reconstruct` to ""auto"" to use core-directed reconstruction instead."
cashmere	crush-alethe	1	CaseStudies/Cashmere/CashmereIncorrectnessLogic.lean|8|2232656262363782188	fail	translation	778	"crush: cvc5 did not emit an Alethe certificate: Proof unsupported by Alethe: contains operator DUMMY_SKOLEM. Set `crush.reconstruct` to ""auto"" to use core-directed reconstruction instead."
cashmere	crush-alethe	1	CaseStudies/Cashmere/CashmereIncorrectnessLogic.lean|9|15183118018364320695	fail	translation	812	"crush: cvc5 did not emit an Alethe certificate: Proof unsupported by Alethe: contains operator DUMMY_SKOLEM. Set `crush.reconstruct` to ""auto"" to use core-directed reconstruction instead."
cashmere	crush-alethe	1	CaseStudies/Cashmere/CashmereIncorrectnessLogic.lean|10|12346872860079934512	fail	translation	1070	"crush: cvc5 did not emit an Alethe certificate: Proof unsupported by Alethe: contains operator DUMMY_SKOLEM. Set `crush.reconstruct` to ""auto"" to use core-directed reconstruction instead."
cashmere	crush-portfolio	1	CaseStudies/Cashmere/Cashmere.lean|1|1631738648950044227	pass	-	602	-
cashmere	crush-portfolio	1	CaseStudies/Cashmere/Cashmere.lean|2|11756138257855701010	pass	-	855	-
cashmere	crush-portfolio	1	CaseStudies/Cashmere/Cashmere.lean|3|2825169037077011539	pass	-	3	-
cashmere	crush-portfolio	1	CaseStudies/Cashmere/Cashmere.lean|4|14833385480787993856	pass	-	4	-
cashmere	crush-portfolio	1	CaseStudies/Cashmere/Cashmere.lean|5|15214630116673553496	pass	-	752	-
cashmere	crush-portfolio	1	CaseStudies/Cashmere/Cashmere.lean|6|11756138257855701010	pass	-	848	-
cashmere	crush-portfolio	1	CaseStudies/Cashmere/Cashmere.lean|7|2592897230707726799	pass	-	777	-
cashmere	crush-portfolio	1	CaseStudies/Cashmere/Cashmere.lean|8|2825169037077011539	pass	-	3	-
cashmere	crush-portfolio	1	CaseStudies/Cashmere/Cashmere.lean|9|14833385480787993856	pass	-	4	-
cashmere	crush-portfolio	1	CaseStudies/Cashmere/Cashmere.lean|10|15214630116673553496	pass	-	745	-
cashmere	crush-portfolio	1	CaseStudies/Cashmere/Cashmere.lean|11|12346872860079934512	pass	-	752	-
cashmere	crush-portfolio	1	CaseStudies/Cashmere/Cashmere.lean|12|11756138257855701010	pass	-	862	-
cashmere	crush-portfolio	1	CaseStudies/Cashmere/Cashmere.lean|13|12800241106604992563	pass	-	802	-
cashmere	crush-portfolio	1	CaseStudies/Cashmere/Cashmere.lean|14|2592897230707726799	pass	-	786	-
cashmere	crush-portfolio	1	CaseStudies/Cashmere/Cashmere.lean|15|2825169037077011539	pass	-	5	-
cashmere	crush-portfolio	1	CaseStudies/Cashmere/Cashmere.lean|16|14810769858554953377	pass	-	3	-
cashmere	crush-portfolio	1	CaseStudies/Cashmere/Cashmere.lean|17|14833385480787993856	pass	-	6	-
cashmere	crush-portfolio	1	CaseStudies/Cashmere/Cashmere.lean|18|8275436438937433806	pass	-	2	-
cashmere	crush-portfolio	1	CaseStudies/Cashmere/Cashmere.lean|19|15214630116673553496	pass	-	760	-
cashmere	crush-portfolio	1	CaseStudies/Cashmere/Cashmere.lean|20|684110104125275636	pass	-	739	-
cashmere	crush-portfolio	1	CaseStudies/Cashmere/Cashmere.lean|21|10455387604875970312	pass	-	8	-
cashmere	crush-portfolio	1	CaseStudies/Cashmere/Cashmere.lean|22|12346872860079934512	pass	-	807	-
cashmere	crush-portfolio	1	CaseStudies/Cashmere/Cashmere.lean|23|9920644537135092340	pass	-	895	-
cashmere	crush-portfolio	1	CaseStudies/Cashmere/Cashmere.lean|24|2592897230707726799	pass	-	830	-
cashmere	crush-portfolio	1	CaseStudies/Cashmere/Cashmere.lean|25|8954427794409453576	pass	-	4	-
cashmere	crush-portfolio	1	CaseStudies/Cashmere/Cashmere.lean|26|14833385480787993856	pass	-	5	-
cashmere	crush-portfolio	1	CaseStudies/Cashmere/Cashmere.lean|27|5928940248694370277	pass	-	790	-
cashmere	crush-portfolio	1	CaseStudies/Cashmere/Cashmere.lean|28|12566989642252477834	pass	-	801	-
cashmere	crush-portfolio	1	CaseStudies/Cashmere/CashmereIncorrectnessLogic.lean|1|9427426964918022923	pass	-	2	-
cashmere	crush-portfolio	1	CaseStudies/Cashmere/CashmereIncorrectnessLogic.lean|2|1587904245978985587	pass	-	1153	-
cashmere	crush-portfolio	1	CaseStudies/Cashmere/CashmereIncorrectnessLogic.lean|3|12290697138917920290	pass	-	1301	-
cashmere	crush-portfolio	1	CaseStudies/Cashmere/CashmereIncorrectnessLogic.lean|4|6449264834289021715	pass	-	1080	-
cashmere	crush-portfolio	1	CaseStudies/Cashmere/CashmereIncorrectnessLogic.lean|5|11664442347342473650	pass	-	3	-
cashmere	crush-portfolio	1	CaseStudies/Cashmere/CashmereIncorrectnessLogic.lean|6|6579164554781296205	pass	-	2	-
cashmere	crush-portfolio	1	CaseStudies/Cashmere/CashmereIncorrectnessLogic.lean|7|7126761714196821540	pass	-	4	-
cashmere	crush-portfolio	1	CaseStudies/Cashmere/CashmereIncorrectnessLogic.lean|8|2232656262363782188	pass	-	809	-
cashmere	crush-portfolio	1	CaseStudies/Cashmere/CashmereIncorrectnessLogic.lean|9|15183118018364320695	pass	-	893	-
cashmere	crush-portfolio	1	CaseStudies/Cashmere/CashmereIncorrectnessLogic.lean|10|12346872860079934512	pass	-	1073	-
cashmere	crush-verify	1	CaseStudies/Cashmere/Cashmere.lean|1|1631738648950044227	pass	-	586	-
cashmere	crush-verify	1	CaseStudies/Cashmere/Cashmere.lean|2|11756138257855701010	pass	-	807	-
cashmere	crush-verify	1	CaseStudies/Cashmere/Cashmere.lean|3|2825169037077011539	pass	-	3	-
cashmere	crush-verify	1	CaseStudies/Cashmere/Cashmere.lean|4|14833385480787993856	pass	-	4	-
cashmere	crush-verify	1	CaseStudies/Cashmere/Cashmere.lean|5|15214630116673553496	pass	-	695	-
cashmere	crush-verify	1	CaseStudies/Cashmere/Cashmere.lean|6|11756138257855701010	pass	-	802	-
cashmere	crush-verify	1	CaseStudies/Cashmere/Cashmere.lean|7|2592897230707726799	pass	-	756	-
cashmere	crush-verify	1	CaseStudies/Cashmere/Cashmere.lean|8|2825169037077011539	pass	-	2	-
cashmere	crush-verify	1	CaseStudies/Cashmere/Cashmere.lean|9|14833385480787993856	pass	-	4	-
cashmere	crush-verify	1	CaseStudies/Cashmere/Cashmere.lean|10|15214630116673553496	pass	-	713	-
cashmere	crush-verify	1	CaseStudies/Cashmere/Cashmere.lean|11|12346872860079934512	pass	-	706	-
cashmere	crush-verify	1	CaseStudies/Cashmere/Cashmere.lean|12|11756138257855701010	pass	-	822	-
cashmere	crush-verify	1	CaseStudies/Cashmere/Cashmere.lean|13|12800241106604992563	pass	-	781	-
cashmere	crush-verify	1	CaseStudies/Cashmere/Cashmere.lean|14|2592897230707726799	pass	-	774	-
cashmere	crush-verify	1	CaseStudies/Cashmere/Cashmere.lean|15|2825169037077011539	pass	-	5	-
cashmere	crush-verify	1	CaseStudies/Cashmere/Cashmere.lean|16|14810769858554953377	pass	-	3	-
cashmere	crush-verify	1	CaseStudies/Cashmere/Cashmere.lean|17|14833385480787993856	pass	-	5	-
cashmere	crush-verify	1	CaseStudies/Cashmere/Cashmere.lean|18|8275436438937433806	pass	-	1	-
cashmere	crush-verify	1	CaseStudies/Cashmere/Cashmere.lean|19|15214630116673553496	pass	-	714	-
cashmere	crush-verify	1	CaseStudies/Cashmere/Cashmere.lean|20|684110104125275636	pass	-	720	-
cashmere	crush-verify	1	CaseStudies/Cashmere/Cashmere.lean|21|10455387604875970312	pass	-	7	-
cashmere	crush-verify	1	CaseStudies/Cashmere/Cashmere.lean|22|12346872860079934512	pass	-	766	-
cashmere	crush-verify	1	CaseStudies/Cashmere/Cashmere.lean|23|9920644537135092340	pass	-	864	-
cashmere	crush-verify	1	CaseStudies/Cashmere/Cashmere.lean|24|2592897230707726799	pass	-	808	-
cashmere	crush-verify	1	CaseStudies/Cashmere/Cashmere.lean|25|8954427794409453576	pass	-	4	-
cashmere	crush-verify	1	CaseStudies/Cashmere/Cashmere.lean|26|14833385480787993856	pass	-	6	-
cashmere	crush-verify	1	CaseStudies/Cashmere/Cashmere.lean|27|5928940248694370277	pass	-	771	-
cashmere	crush-verify	1	CaseStudies/Cashmere/Cashmere.lean|28|12566989642252477834	pass	-	758	-
cashmere	crush-verify	1	CaseStudies/Cashmere/CashmereIncorrectnessLogic.lean|1|9427426964918022923	pass	-	2	-
cashmere	crush-verify	1	CaseStudies/Cashmere/CashmereIncorrectnessLogic.lean|2|1587904245978985587	pass	-	1097	-
cashmere	crush-verify	1	CaseStudies/Cashmere/CashmereIncorrectnessLogic.lean|3|12290697138917920290	pass	-	1207	-
cashmere	crush-verify	1	CaseStudies/Cashmere/CashmereIncorrectnessLogic.lean|4|6449264834289021715	pass	-	1076	-
cashmere	crush-verify	1	CaseStudies/Cashmere/CashmereIncorrectnessLogic.lean|5|11664442347342473650	pass	-	2	-
cashmere	crush-verify	1	CaseStudies/Cashmere/CashmereIncorrectnessLogic.lean|6|6579164554781296205	pass	-	2	-
cashmere	crush-verify	1	CaseStudies/Cashmere/CashmereIncorrectnessLogic.lean|7|7126761714196821540	pass	-	4	-
cashmere	crush-verify	1	CaseStudies/Cashmere/CashmereIncorrectnessLogic.lean|8|2232656262363782188	pass	-	792	-
cashmere	crush-verify	1	CaseStudies/Cashmere/CashmereIncorrectnessLogic.lean|9|15183118018364320695	pass	-	824	-
cashmere	crush-verify	1	CaseStudies/Cashmere/CashmereIncorrectnessLogic.lean|10|12346872860079934512	pass	-	1027	-
velvet	crush-verify	1	Velvet/Examples/EncodeDecodeStr.lean|1|4325354716326072573	pass	-	768	-
velvet	crush-verify	1	Velvet/Examples/EncodeDecodeStr.lean|2|3233717574493770211	fail	timeout	5538	crush: solver returned `unknown` (solver exited without a verdict: cvc5 interrupted by timeout.). Try increasing `crush.timeout` or adding hypotheses.
velvet	crush-verify	1	Velvet/Examples/EncodeDecodeStr.lean|3|14557075163885871591	pass	-	515	-
velvet	crush-verify	1	Velvet/Examples/EncodeDecodeStr.lean|4|6384732382134649439	pass	-	3	-
velvet	crush-verify	1	Velvet/Examples/EncodeDecodeStr.lean|5|13851523499043008614	pass	-	528	-
velvet	crush-verify	1	Velvet/Examples/EncodeDecodeStr.lean|6|8816666150414203262	pass	-	483	-
velvet	crush-verify	1	Velvet/Examples/EncodeDecodeStr.lean|7|7432640679462075544	fail	unknown	630	crush: solver returned `unknown` (no reason given). Try increasing `crush.timeout` or adding hypotheses.
velvet	crush-verify	1	Velvet/Examples/EncodeDecodeStr.lean|8|9639754685172097330	fail	timeout	5529	crush: solver returned `unknown` (solver exited without a verdict: cvc5 interrupted by timeout.). Try increasing `crush.timeout` or adding hypotheses.
velvet	crush-verify	1	Velvet/Examples/EncodeDecodeStr.lean|9|10203002127808532242	pass	-	527	-
velvet	crush-verify	1	Velvet/Examples/EncodeDecodeStr.lean|10|15527439877898811686	pass	-	518	-
velvet	crush-verify	1	Velvet/Examples/EncodeDecodeStr.lean|11|4253526900314070824	pass	-	523	-
velvet	crush-verify	1	Velvet/Examples/EncodeDecodeStr.lean|12|17087698223479619887	pass	-	534	-
velvet	crush-verify	1	Velvet/Examples/EncodeDecodeStr.lean|13|13168721855841554394	pass	-	13	-
velvet	crush-verify	1	Velvet/Examples/EncodeDecodeStr.lean|14|8050235650381385355	pass	-	502	-
velvet	crush-verify	1	Velvet/Examples/EncodeDecodeStr.lean|15|3874562368415809942	pass	-	492	-
velvet	crush-verify	1	Velvet/Examples/EncodeDecodeStr.lean|16|16403843650363689650	pass	-	528	-
velvet	crush-verify	1	Velvet/Examples/EncodeDecodeStr.lean|17|17528322019345720798	fail	timeout	5560	crush: solver returned `unknown` (solver exited without a verdict: cvc5 interrupted by timeout.). Try increasing `crush.timeout` or adding hypotheses.
velvet	crush-verify	1	Velvet/Examples/EncodeDecodeStr.lean|18|14846570717984605519	pass	-	539	-
velvet	crush-verify	1	Velvet/Examples/EncodeDecodeStr.lean|19|17345521196864181404	pass	-	511	-
velvet	crush-verify	1	Velvet/Examples/EncodeDecodeStr.lean|20|4720720642953332999	pass	-	3	-
velvet	crush-verify	1	Velvet/Examples/EncodeDecodeStr.lean|21|16873295595722686018	pass	-	3	-
velvet	crush-verify	1	Velvet/Examples/EncodeDecodeStr.lean|22|5769627519083430677	pass	-	5	-
velvet	crush-verify	1	Velvet/Examples/EncodeDecodeStr.lean|23|15630242782200619292	pass	-	517	-
velvet	crush-verify	1	Velvet/Examples/EncodeDecodeStr.lean|24|4390242841053229048	pass	-	2	-
velvet	crush-verify	1	Velvet/Examples/EncodeDecodeStr.lean|25|4098508629850130765	fail	unknown	495	crush: solver returned `unknown` (no reason given). Try increasing `crush.timeout` or adding hypotheses.
velvet	crush-verify	1	Velvet/Examples/EncodeDecodeStr.lean|26|6449688271898666716	fail	timeout	5518	crush: solver returned `unknown` (solver exited without a verdict: cvc5 interrupted by timeout.). Try increasing `crush.timeout` or adding hypotheses.
velvet	crush-verify	1	Velvet/Examples/EncodeDecodeStr.lean|27|3108445719328028112	pass	-	520	-
velvet	crush-verify	1	Velvet/Examples/Examples.lean|1|6162910358734672275	pass	-	9	-
velvet	crush-verify	1	Velvet/Examples/Examples.lean|2|1066791641437412485	pass	-	632	-
velvet	crush-verify	1	Velvet/Examples/Examples.lean|3|9866248891257573647	pass	-	4850	-
velvet	crush-verify	1	Velvet/Examples/Examples.lean|4|18360837223612973524	pass	-	662	-
velvet	crush-verify	1	Velvet/Examples/Examples.lean|5|5794584936190196715	pass	-	8	-
velvet	crush-verify	1	Velvet/Examples/Examples.lean|6|1066791641437412485	pass	-	643	-
velvet	crush-verify	1	Velvet/Examples/Examples.lean|7|14825588553610653054	fail	timeout	11485	crush: solver returned `unknown` (solver exited without a verdict: cvc5 interrupted by timeout.). Try increasing `crush.timeout` or adding hypotheses.
velvet	crush-verify	1	Velvet/Examples/Examples.lean|8|15257391885382474665	pass	-	9	-
velvet	crush-verify	1	Velvet/Examples/Examples.lean|9|5794584936190196715	pass	-	8	-
velvet	crush-verify	1	Velvet/Examples/Examples.lean|10|12031026870814429192	pass	-	7	-
velvet	crush-verify	1	Velvet/Examples/Examples.lean|11|16465886849738339639	pass	-	706	-
velvet	crush-verify	1	Velvet/Examples/Examples.lean|12|15257391885382474665	pass	-	8	-
velvet	crush-verify	1	Velvet/Examples/Examples.lean|13|2438232962388206336	pass	-	544	-
velvet	crush-verify	1	Velvet/Examples/Examples.lean|14|5964899400721509044	pass	-	5	-
velvet	crush-verify	1	Velvet/Examples/Examples.lean|15|12155028420956038391	pass	-	517	-
velvet	crush-verify	1	Velvet/Examples/Examples.lean|16|14852526092468225565	pass	-	663	-
velvet	crush-verify	1	Velvet/Examples/Examples.lean|17|17117294935281830098	pass	-	5	-
velvet	crush-verify	1	Velvet/Examples/Examples.lean|18|5288706169439222084	pass	-	12	-
velvet	crush-verify	1	Velvet/Examples/Examples.lean|19|12688677688377801211	pass	-	551	-
velvet	crush-verify	1	Velvet/Examples/Examples.lean|20|7903702650473013145	pass	-	745	-
velvet	crush-verify	1	Velvet/Examples/Examples.lean|21|8905801618567038615	pass	-	14	-
velvet	crush-verify	1	Velvet/Examples/Examples.lean|22|5964899400721509044	pass	-	5	-
velvet	crush-verify	1	Velvet/Examples/Examples.lean|23|5379360585891885096	pass	-	517	-
velvet	crush-verify	1	Velvet/Examples/Examples.lean|24|11248877774576345437	pass	-	701	-
velvet	crush-verify	1	Velvet/Examples/Examples.lean|25|17117294935281830098	pass	-	5	-
velvet	crush-verify	1	Velvet/Examples/Examples.lean|26|11532741708565178815	pass	-	524	-
velvet	crush-verify	1	Velvet/Examples/Examples.lean|27|13894794097547967513	pass	-	514	-
velvet	crush-verify	1	Velvet/Examples/Examples.lean|28|11235314628722112900	pass	-	561	-
velvet	crush-verify	1	Velvet/Examples/Examples.lean|29|8905801618567038615	pass	-	10	-
velvet	crush-verify	1	Velvet/Examples/Examples.lean|30|18214290959922115111	pass	-	697	-
velvet	crush-verify	1	Velvet/Examples/Examples.lean|31|17119794831572106230	pass	-	505	-
velvet	crush-verify	1	Velvet/Examples/Examples.lean|32|16395326812896940336	pass	-	510	-
velvet	crush-verify	1	Velvet/Examples/Examples.lean|33|4559485301326837329	pass	-	485	-
velvet	crush-verify	1	Velvet/Examples/Examples.lean|34|15833581759277421577	pass	-	639	-
velvet	crush-verify	1	Velvet/Examples/Examples.lean|35|7228731597997214785	pass	-	555	-
velvet	crush-verify	1	Velvet/Examples/Examples.lean|36|17256355208408803011	pass	-	501	-
velvet	crush-verify	1	Velvet/Examples/Examples.lean|37|13635698331308129878	pass	-	506	-
velvet	crush-verify	1	Velvet/Examples/Examples.lean|38|10800841518550636949	pass	-	665	-
velvet	crush-verify	1	Velvet/Examples/Examples.lean|39|12457966505053151830	pass	-	607	-
velvet	crush-verify	1	Velvet/Examples/Examples.lean|40|17578352201394481400	pass	-	637	-
velvet	crush-verify	1	Velvet/Examples/Examples_Total.lean|1|6162910358734672275	pass	-	8	-
velvet	crush-verify	1	Velvet/Examples/Examples_Total.lean|2|1066791641437412485	pass	-	640	-
velvet	crush-verify	1	Velvet/Examples/Examples_Total.lean|3|9866248891257573647	pass	-	4902	-
velvet	crush-verify	1	Velvet/Examples/Examples_Total.lean|4|18360837223612973524	pass	-	664	-
velvet	crush-verify	1	Velvet/Examples/Examples_Total.lean|5|11568103068982921353	pass	-	618	-
velvet	crush-verify	1	Velvet/Examples/Examples_Total.lean|6|5794584936190196715	pass	-	8	-
velvet	crush-verify	1	Velvet/Examples/Examples_Total.lean|7|1066791641437412485	pass	-	621	-
velvet	crush-verify	1	Velvet/Examples/Examples_Total.lean|8|14825588553610653054	fail	timeout	11442	crush: solver returned `unknown` (solver exited without a verdict: cvc5 interrupted by timeout.). Try increasing `crush.timeout` or adding hypotheses.
velvet	crush-verify	1	Velvet/Examples/Examples_Total.lean|9|15257391885382474665	pass	-	8	-
velvet	crush-verify	1	Velvet/Examples/Examples_Total.lean|10|11568103068982921353	pass	-	630	-
velvet	crush-verify	1	Velvet/Examples/Examples_Total.lean|11|5794584936190196715	pass	-	7	-
velvet	crush-verify	1	Velvet/Examples/Examples_Total.lean|12|12031026870814429192	pass	-	7	-
velvet	crush-verify	1	Velvet/Examples/Examples_Total.lean|13|16465886849738339639	pass	-	696	-
velvet	crush-verify	1	Velvet/Examples/Examples_Total.lean|14|15257391885382474665	pass	-	8	-
velvet	crush-verify	1	Velvet/Examples/Examples_Total.lean|15|5918835836158453730	pass	-	13	-
velvet	crush-verify	1	Velvet/Examples/Examples_Total.lean|16|5964899400721509044	pass	-	4	-
velvet	crush-verify	1	Velvet/Examples/Examples_Total.lean|17|12155028420956038391	pass	-	549	-
velvet	crush-verify	1	Velvet/Examples/Examples_Total.lean|18|14852526092468225565	pass	-	684	-
velvet	crush-verify	1	Velvet/Examples/Examples_Total.lean|19|17117294935281830098	pass	-	5	-
velvet	crush-verify	1	Velvet/Examples/Examples_Total.lean|20|5288706169439222084	pass	-	15	-
velvet	crush-verify	1	Velvet/Examples/Examples_Total.lean|21|12688677688377801211	pass	-	564	-
velvet	crush-verify	1	Velvet/Examples/Examples_Total.lean|22|7903702650473013145	pass	-	746	-
velvet	crush-verify	1	Velvet/Examples/Examples_Total.lean|23|8905801618567038615	pass	-	15	-
velvet	crush-verify	1	Velvet/Examples/Examples_Total.lean|24|18088860687919872176	pass	-	553	-
velvet	crush-verify	1	Velvet/Examples/Examples_Total.lean|25|5964899400721509044	pass	-	5	-
velvet	crush-verify	1	Velvet/Examples/Examples_Total.lean|26|5379360585891885096	pass	-	534	-
velvet	crush-verify	1	Velvet/Examples/Examples_Total.lean|27|11248877774576345437	pass	-	713	-
velvet	crush-verify	1	Velvet/Examples/Examples_Total.lean|28|17117294935281830098	pass	-	5	-
velvet	crush-verify	1	Velvet/Examples/Examples_Total.lean|29|6709257883257101731	pass	-	8	-
velvet	crush-verify	1	Velvet/Examples/Examples_Total.lean|30|13894794097547967513	pass	-	502	-
velvet	crush-verify	1	Velvet/Examples/Examples_Total.lean|31|11235314628722112900	pass	-	583	-
velvet	crush-verify	1	Velvet/Examples/Examples_Total.lean|32|891049678225498279	pass	-	9	-
velvet	crush-verify	1	Velvet/Examples/Examples_Total.lean|33|18214290959922115111	pass	-	704	-
velvet	crush-verify	1	Velvet/Examples/Examples_Total.lean|34|17119794831572106230	pass	-	519	-
velvet	crush-verify	1	Velvet/Examples/Examples_Total.lean|35|16395326812896940336	pass	-	507	-
velvet	crush-verify	1	Velvet/Examples/Examples_Total.lean|36|4559485301326837329	pass	-	510	-
velvet	crush-verify	1	Velvet/Examples/Examples_Total.lean|37|15833581759277421577	pass	-	551	-
velvet	crush-verify	1	Velvet/Examples/Examples_Total.lean|38|17892696244691966181	pass	-	543	-
velvet	crush-verify	1	Velvet/Examples/Examples_Total.lean|39|7228731597997214785	pass	-	578	-
velvet	crush-verify	1	Velvet/Examples/Examples_Total.lean|40|13073343856082995605	pass	-	4	-
velvet	crush-verify	1	Velvet/Examples/Examples_Total.lean|41|13635698331308129878	pass	-	498	-
velvet	crush-verify	1	Velvet/Examples/Examples_Total.lean|42|10800841518550636949	pass	-	568	-
velvet	crush-verify	1	Velvet/Examples/Examples_Total.lean|43|12457966505053151830	pass	-	589	-
velvet	crush-verify	1	Velvet/Examples/Examples_Total.lean|44|17578352201394481400	pass	-	529	-
velvet	crush-verify	1	Velvet/Examples/Examples_Total.lean|45|628191952620585962	pass	-	506	-
velvet	crush-verify	1	Velvet/Examples/Examples_Total.lean|46|5408980950461060684	pass	-	513	-
velvet	crush-verify	1	Velvet/Examples/Examples_Total.lean|47|17796805544787031687	pass	-	509	-
velvet	crush-verify	1	Velvet/Examples/Examples_Total.lean|48|12597585967811959528	pass	-	563	-
velvet	crush-verify	1	Velvet/Examples/Examples_Total.lean|49|17892696244691966181	pass	-	543	-
velvet	crush-verify	1	Velvet/Examples/Examples_Total.lean|50|11504389341422214604	fail	timeout	5503	crush: solver returned `unknown` (solver exited without a verdict: cvc5 interrupted by timeout.). Try increasing `crush.timeout` or adding hypotheses.
velvet	crush-verify	1	Velvet/Examples/Examples_Total.lean|51|1828175149019549874	pass	-	4	-
velvet	crush-verify	1	Velvet/Examples/Examples_Total.lean|52|8027176826117333927	pass	-	518	-
velvet	crush-verify	1	Velvet/Examples/Examples_Total.lean|53|8642365996124661698	pass	-	551	-
velvet	crush-verify	1	Velvet/Examples/Examples_Total.lean|54|1031468476226669362	pass	-	776	-
velvet	crush-verify	1	Velvet/Examples/Examples_Total.lean|55|9859620190106577091	pass	-	574	-
velvet	crush-verify	1	Velvet/Examples/Examples_Total.lean|56|7745518040588453633	pass	-	3	-
velvet	crush-verify	1	Velvet/Examples/Examples_Total.lean|57|7275559839122250210	pass	-	2	-
velvet	crush-verify	1	Velvet/Examples/Examples_Total.lean|58|17809363630590163151	pass	-	569	-
velvet	crush-verify	1	Velvet/Examples/Examples_Total.lean|59|3756677303263535492	pass	-	536	-
velvet	crush-verify	1	Velvet/Examples/Examples_Total.lean|60|4049183095434299843	pass	-	3	-
velvet	crush-verify	1	Velvet/Examples/Examples_Total.lean|61|845228717509319176	pass	-	510	-
velvet	crush-verify	1	Velvet/Examples/Examples_Total.lean|62|14080923781397173690	pass	-	560	-
velvet	crush-verify	1	Velvet/Examples/Examples_Total.lean|63|2013384436827156188	pass	-	542	-
velvet	crush-verify	1	Velvet/Examples/Examples_Total.lean|64|4049183095434299843	pass	-	2	-
velvet	crush-verify	1	Velvet/Examples/Examples_Total.lean|65|7275559839122250210	pass	-	2	-
velvet	crush-verify	1	Velvet/Examples/Examples_Total.lean|66|14080923781397173690	pass	-	555	-
velvet	crush-verify	1	Velvet/Examples/Examples_Total.lean|67|5112937323286018014	pass	-	4	-
velvet	crush-verify	1	Velvet/Examples/Examples_Total.lean|68|4559485301326837329	pass	-	510	-
velvet	crush-verify	1	Velvet/Examples/Examples_Total.lean|69|6911359079999020658	pass	-	1	-
velvet	crush-verify	1	Velvet/Examples/Examples_Total.lean|70|16395326812896940336	pass	-	505	-
velvet	crush-verify	1	Velvet/Examples/Examples_Total.lean|71|18362062349273978007	pass	-	595	-
velvet	crush-verify	1	Velvet/Examples/Examples_Total.lean|72|8802921734925604215	pass	-	554	-
velvet	crush-verify	1	Velvet/Examples/Examples_Total.lean|73|8723303018838369810	pass	-	5	-
velvet	crush-verify	1	Velvet/Examples/GCD.lean|1|4384199359441751320	pass	-	2	-
velvet	crush-verify	1	Velvet/Examples/GCD.lean|2|9601099415740649235	pass	-	528	-
velvet	crush-verify	1	Velvet/Examples/GCD.lean|3|1185000637665826843	pass	-	1	-
velvet	crush-verify	1	Velvet/Examples/IsNonPrime.lean|1|3150397294412475763	fail	tactic	1181	crush: could not prove the goal — the solver found a model:     n := 0     isPrime := true The encoding is incomplete, so a model does not necessarily describe a Lean counterexample.
velvet	crush-verify	1	Velvet/Examples/IsNonPrime.lean|2|8498703091421742660	pass	-	1091	-
velvet	crush-verify	1	Velvet/Examples/IsNonPrime.lean|3|15405612526479945524	pass	-	1189	-
velvet	crush-verify	1	Velvet/Examples/IsNonPrime.lean|4|3635621084297233985	pass	-	8	-
velvet	crush-verify	1	Velvet/Examples/IsNonPrime.lean|5|8498703091421742660	pass	-	1108	-
velvet	crush-verify	1	Velvet/Examples/IsNonPrime.lean|6|15497101072354692966	fail	timeout	6180	crush: solver returned `unknown` (solver exited without a verdict: cvc5 interrupted by timeout.). Try increasing `crush.timeout` or adding hypotheses.
velvet	crush-verify	1	Velvet/Examples/IsNonPrime.lean|7|3635621084297233985	pass	-	7	-
velvet	crush-verify	1	Velvet/Examples/IsNonPrime.lean|8|8419734978408419013	pass	-	3	-
velvet	crush-verify	1	Velvet/Examples/IsNonPrime.lean|9|18150307703072330979	pass	-	4	-
velvet	crush-verify	1	Velvet/Examples/IsNonPrime.lean|10|1456886557593529150	pass	-	3	-
velvet	crush-verify	1	Velvet/Examples/IsNonPrime.lean|11|16017810969246570786	pass	-	5	-
velvet	crush-verify	1	Velvet/Examples/IsNonPrime.lean|12|12543135627460772462	pass	-	1118	-
velvet	crush-verify	1	Velvet/Examples/IsNonPrime.lean|13|1572539502098385654	pass	-	1184	-
velvet	crush-verify	1	Velvet/Examples/IsNonPrime.lean|14|11076373139303988464	pass	-	1136	-
velvet	crush-verify	1	Velvet/Examples/IsNonPrime.lean|15|15559572021364972958	fail	timeout	6362	crush: solver returned `unknown` (solver exited without a verdict: cvc5 interrupted by timeout.). Try increasing `crush.timeout` or adding hypotheses.
velvet	crush-verify	1	Velvet/Examples/IsSorted.lean|1|11207960766534651515	pass	-	1217	-
velvet	crush-verify	1	Velvet/Examples/IsSorted.lean|2|4413675682266163545	pass	-	2683	-
velvet	crush-verify	1	Velvet/Examples/IsSorted.lean|3|9518487208184120090	pass	-	37	-
velvet	crush-verify	1	Velvet/Examples/IsSorted.lean|4|11207960766534651515	pass	-	1214	-
velvet	crush-verify	1	Velvet/Examples/IsSorted.lean|5|16465854614385299804	pass	-	2728	-
velvet	crush-verify	1	Velvet/Examples/IsSorted.lean|6|1749803822950348457	pass	-	2429	-
velvet	crush-verify	1	Velvet/Examples/IsSorted.lean|7|6461838523585744673	pass	-	736	-
velvet	crush-verify	1	Velvet/Examples/IsSorted.lean|8|5698263445699273715	pass	-	1623	-
velvet	crush-verify	1	Velvet/Examples/IsSorted.lean|9|1749803822950348457	pass	-	1674	-
velvet	crush-verify	1	Velvet/Examples/IsSorted.lean|10|16458001095677251802	pass	-	794	-
velvet	crush-verify	1	Velvet/Examples/IsSorted.lean|11|11716511832970583731	pass	-	634	-
velvet	crush-verify	1	Velvet/Examples/IsSorted.lean|12|13412663338101939313	pass	-	955	-
velvet	crush-verify	1	Velvet/Examples/IsSorted.lean|13|10877051663303345536	pass	-	13	-
velvet	crush-verify	1	Velvet/Examples/IsSorted.lean|14|2102916384874846137	pass	-	6623	-
velvet	crush-verify	1	Velvet/Examples/MaxElem.lean|1|6189042491608852705	pass	-	511	-
velvet	crush-verify	1	Velvet/Examples/MaxElem.lean|2|13979591039540523316	pass	-	515	-
velvet	crush-verify	1	Velvet/Examples/MaxElem.lean|3|6189042491608852705	pass	-	516	-
velvet	crush-verify	1	Velvet/Examples/MaxElem.lean|4|3496913807798796367	pass	-	484	-
velvet	crush-verify	1	Velvet/Examples/MaxElem.lean|5|13935834157065255340	pass	-	513	-
velvet	crush-verify	1	Velvet/Examples/MaxElem.lean|6|10716558625718226994	pass	-	467	-
velvet	crush-verify	1	Velvet/Examples/MaxElem.lean|7|12429897440204793908	pass	-	513	-
velvet	crush-verify	1	Velvet/Examples/MaxElem.lean|8|6662270672118944889	pass	-	478	-
velvet	crush-verify	1	Velvet/Examples/MaxElem.lean|9|10294878435885712953	pass	-	498	-
velvet	crush-verify	1	Velvet/Examples/MaxElem.lean|10|15821608085576758365	pass	-	535	-
velvet	crush-verify	1	Velvet/Examples/MemAlloc.lean|1|633235845480694220	pass	-	101	-
velvet	crush-verify	1	Velvet/Examples/MemAlloc.lean|2|12262280732602434251	pass	-	50	-
velvet	crush-verify	1	Velvet/Examples/MemAlloc.lean|3|5395433166570123997	pass	-	1284	-
velvet	crush-verify	1	Velvet/Examples/MemAlloc.lean|4|7858921023181799469	fail	unknown	1564	crush: solver returned `unknown` (no reason given). Try increasing `crush.timeout` or adding hypotheses.
velvet	crush-verify	1	Velvet/Examples/MemAlloc.lean|5|12307778664191690486	pass	-	1430	-
velvet	crush-verify	1	Velvet/Examples/MemAlloc.lean|6|14651957694487509304	pass	-	16	-
velvet	crush-verify	1	Velvet/Examples/MemAlloc.lean|7|5395433166570123997	pass	-	1197	-
velvet	crush-verify	1	Velvet/Examples/MemAlloc.lean|8|12933711973000179377	pass	-	10	-
velvet	crush-verify	1	Velvet/Examples/MemAlloc.lean|9|1502598827083788742	pass	-	8	-
velvet	crush-verify	1	Velvet/Examples/MemAlloc.lean|10|5948121399058639032	pass	-	8	-
velvet	crush-verify	1	Velvet/Examples/MemAlloc.lean|11|7320909626913503829	pass	-	16	-
velvet	crush-verify	1	Velvet/Examples/MemAlloc.lean|12|13680370559755953061	pass	-	17	-
velvet	crush-verify	1	Velvet/Examples/MemAlloc.lean|13|5395433166570123997	pass	-	1194	-
velvet	crush-verify	1	Velvet/Examples/MemAlloc.lean|14|9725332222063365643	pass	-	215	-
velvet	crush-verify	1	Velvet/Examples/MemAlloc.lean|15|400422252958227942	pass	-	33	-
velvet	crush-verify	1	Velvet/Examples/MemAlloc.lean|16|880346177993498408	pass	-	8	-
velvet	crush-verify	1	Velvet/Examples/MemAlloc.lean|17|15369885961681168000	fail	unknown	1329	crush: solver returned `unknown` (no reason given). Try increasing `crush.timeout` or adding hypotheses.
velvet	crush-verify	1	Velvet/Examples/MemAlloc.lean|18|633235845480694220	fail	unknown	1298	crush: solver returned `unknown` (no reason given). Try increasing `crush.timeout` or adding hypotheses.
velvet	crush-verify	1	Velvet/Examples/Recursion.lean|1|9632926918213658529	pass	-	3	-
velvet	crush-verify	1	Velvet/Examples/Recursion.lean|2|16321134497628070328	pass	-	509	-
velvet	crush-verify	1	Velvet/Examples/Recursion.lean|3|15399959404188881270	pass	-	87	-
velvet	crush-verify	1	Velvet/Examples/Recursion.lean|4|6729724634728447689	pass	-	359	-
velvet	crush-verify	1	Velvet/Examples/Recursion.lean|5|6331840417009367668	pass	-	498	-
velvet	crush-verify	1	Velvet/Examples/Recursion.lean|6|928177310960349346	pass	-	430	-
velvet	crush-verify	1	Velvet/Examples/Recursion.lean|7|14502607232842720358	pass	-	517	-
velvet	crush-verify	1	Velvet/Examples/Recursion.lean|8|5360899794933563671	pass	-	7	-
velvet	crush-verify	1	Velvet/Examples/Recursion.lean|9|16083086069592683677	pass	-	513	-
velvet	crush-verify	1	Velvet/Examples/Recursion.lean|10|17426933449823366573	pass	-	470	-
velvet	crush-verify	1	Velvet/Examples/Recursion.lean|11|8436330743851721663	pass	-	2	-
velvet	crush-verify	1	Velvet/Examples/Recursion.lean|12|5516634396000359850	pass	-	2	-
velvet	crush-verify	1	Velvet/Examples/Recursion.lean|13|3040060259141493307	pass	-	4	-
velvet	crush-verify	1	Velvet/Examples/Recursion.lean|14|8843960039229350233	pass	-	530	-
velvet	crush-verify	1	Velvet/Examples/Recursion.lean|15|414362943496193222	pass	-	382	-
velvet	crush-verify	1	Velvet/Examples/Recursion.lean|16|17682712502848666117	pass	-	597	-
velvet	crush-verify	1	Velvet/Examples/Recursion.lean|17|10153057550358142642	pass	-	426	-
velvet	crush-verify	1	Velvet/Examples/Recursion.lean|18|1511426402368662420	pass	-	587	-
velvet	crush-verify	1	Velvet/Examples/Recursion.lean|19|12303175613740643342	pass	-	521	-
velvet	crush-verify	1	Velvet/Examples/Recursion.lean|20|10153057550358142642	pass	-	406	-
velvet	crush-verify	1	Velvet/Examples/Recursion.lean|21|419217539048902517	pass	-	507	-
velvet	crush-verify	1	Velvet/Examples/Recursion.lean|22|785945476856620183	pass	-	2	-
velvet	crush-verify	1	Velvet/Examples/Recursion.lean|23|14100858011260313832	pass	-	381	-
velvet	crush-verify	1	Velvet/Examples/Recursion.lean|24|5439148242694091386	pass	-	530	-
velvet	crush-verify	1	Velvet/Examples/Recursion.lean|25|13358020527010658417	pass	-	411	-
velvet	crush-verify	1	Velvet/Examples/Recursion.lean|26|8603391761408256204	pass	-	532	-
velvet	crush-verify	1	Velvet/Examples/Recursion.lean|27|403261720200322615	pass	-	463	-
velvet	crush-verify	1	Velvet/Examples/Recursion.lean|28|13334821868243949956	pass	-	429	-
velvet	crush-verify	1	Velvet/Examples/Recursion.lean|29|10034441991535992553	pass	-	519	-
velvet	crush-verify	1	Velvet/Examples/Recursion.lean|30|8410732340261024813	pass	-	386	-
velvet	crush-verify	1	Velvet/Examples/Recursion.lean|31|13887296291903300382	pass	-	553	-
velvet	crush-verify	1	Velvet/Examples/Recursion.lean|32|6517665507579609563	pass	-	436	-
velvet	crush-verify	1	Velvet/Examples/Recursion.lean|33|1926823926199498616	pass	-	5	-
velvet	crush-verify	1	Velvet/Examples/Recursion.lean|34|4691160922418792609	pass	-	558	-
velvet	crush-verify	1	Velvet/Examples/Recursion.lean|35|5459752633259142580	pass	-	494	-
velvet	crush-verify	1	Velvet/Examples/Recursion.lean|36|14235806948139691359	pass	-	473	-
velvet	crush-verify	1	Velvet/Examples/Recursion.lean|37|275146994291977655	pass	-	6	-
velvet	crush-verify	1	Velvet/Examples/Recursion.lean|38|7037529583856086989	pass	-	494	-
velvet	crush-verify	1	Velvet/Examples/Recursion.lean|39|5348143843544294657	pass	-	494	-
velvet	crush-verify	1	Velvet/Examples/Recursion.lean|40|11865403806314311412	pass	-	483	-
velvet	crush-verify	1	Velvet/Examples/Recursion.lean|41|4528940613904177901	fail	timeout	10874	crush: solver returned `unknown` (solver exited without a verdict: cvc5 interrupted by timeout.). Try increasing `crush.timeout` or adding hypotheses.
velvet	crush-verify	1	Velvet/Examples/Recursion.lean|42|4049183095434299843	pass	-	2	-
velvet	crush-verify	1	Velvet/Examples/Recursion.lean|43|7275559839122250210	pass	-	2	-
velvet	crush-verify	1	Velvet/Examples/Recursion.lean|44|7360868690920052366	pass	-	2	-
velvet	crush-verify	1	Velvet/Examples/Recursion.lean|45|4851910658932930142	pass	-	3	-
velvet	crush-verify	1	Velvet/Examples/Recursion.lean|46|7656706852135243209	pass	-	3	-
velvet	crush-verify	1	Velvet/Examples/Recursion.lean|47|9897963110172432531	pass	-	455	-
velvet	crush-verify	1	Velvet/Examples/Recursion.lean|48|4049183095434299843	pass	-	3	-
velvet	crush-verify	1	Velvet/Examples/Recursion.lean|49|4851910658932930142	pass	-	3	-
velvet	crush-verify	1	Velvet/Examples/Recursion.lean|50|7656706852135243209	pass	-	2	-
velvet	crush-verify	1	Velvet/Examples/Recursion.lean|51|5804668677648722939	pass	-	419	-
velvet	crush-verify	1	Velvet/Examples/Recursion.lean|52|5360899794933563671	pass	-	6	-
velvet	crush-verify	1	Velvet/Examples/Recursion.lean|53|2669204144888843361	pass	-	541	-
velvet	crush-verify	1	Velvet/Examples/Recursion.lean|54|17426933449823366573	pass	-	424	-
velvet	crush-verify	1	Velvet/Examples/Recursion.lean|55|8436330743851721663	pass	-	2	-
velvet	crush-verify	1	Velvet/Examples/Recursion.lean|56|50664709297785488	pass	-	2	-
velvet	crush-verify	1	Velvet/Examples/Recursion.lean|57|3040060259141493307	pass	-	3	-
velvet	crush-verify	1	Velvet/Examples/Recursion.lean|58|8843960039229350233	pass	-	502	-
velvet	crush-verify	1	Velvet/Examples/Recursion.lean|59|11033618788013063028	pass	-	3	-
velvet	crush-verify	1	Velvet/Examples/Recursion.lean|60|12960500676855313787	pass	-	484	-
velvet	crush-verify	1	Velvet/Examples/SmallHeartBeats.lean|1|15016508801900672495	fail	timeout	5452	crush: solver returned `unknown` (solver exited without a verdict: cvc5 interrupted by timeout.). Try increasing `crush.timeout` or adding hypotheses.
velvet	crush-verify	1	Velvet/Examples/SmallHeartBeats.lean|2|15016508801900672495	fail	timeout	5513	crush: solver returned `unknown` (solver exited without a verdict: cvc5 interrupted by timeout.). Try increasing `crush.timeout` or adding hypotheses.
velvet	crush-verify	1	Velvet/Examples/SmallHeartBeats.lean|3|2028202278093280602	pass	-	5351	-
velvet	crush-verify	1	Velvet/Examples/SmallHeartBeats.lean|4|15016508801900672495	fail	timeout	5447	crush: solver returned `unknown` (solver exited without a verdict: cvc5 interrupted by timeout.). Try increasing `crush.timeout` or adding hypotheses.
velvet	crush-verify	1	Velvet/Examples/SmallHeartBeats.lean|5|15016508801900672495	fail	timeout	5470	crush: solver returned `unknown` (solver exited without a verdict: cvc5 interrupted by timeout.). Try increasing `crush.timeout` or adding hypotheses.
velvet	crush-verify	1	Velvet/Examples/SmallHeartBeats.lean|6|3737123472131748703	fail	timeout	5511	crush: solver returned `unknown` (solver exited without a verdict: cvc5 interrupted by timeout.). Try increasing `crush.timeout` or adding hypotheses.
velvet	crush-verify	1	Velvet/Examples/SmallHeartBeats.lean|7|7513237505621560861	pass	-	8	-
velvet	crush-verify	1	Velvet/Examples/SmallHeartBeats.lean|8|8096766621563827002	pass	-	517	-
velvet	crush-verify	1	Velvet/Examples/SmallHeartBeats.lean|9|18343663110535115658	fail	timeout	5485	crush: solver returned `unknown` (solver exited without a verdict: cvc5 interrupted by timeout.). Try increasing `crush.timeout` or adding hypotheses.
velvet	crush-verify	1	Velvet/Examples/SpMSpV_Example.lean|1|1967192165379400567	pass	-	4	-
velvet	crush-verify	1	Velvet/Examples/SpMSpV_Example.lean|2|8738685113314976701	pass	-	552	-
velvet	crush-verify	1	Velvet/Examples/SpMSpV_Example.lean|3|3203096880704497577	pass	-	599	-
velvet	crush-verify	1	Velvet/Examples/SpMSpV_Example.lean|4|13561229236986007424	pass	-	2	-
velvet	crush-verify	1	Velvet/Examples/SpMSpV_Example.lean|5|4023749508134620518	pass	-	2	-
velvet	crush-verify	1	Velvet/Examples/SpMSpV_Example.lean|6|6516497319029947851	pass	-	3	-
velvet	crush-verify	1	Velvet/Examples/SpMSpV_Example.lean|7|6511268073169614694	pass	-	519	-
velvet	crush-verify	1	Velvet/Examples/SpMSpV_Example.lean|8|3467184461832131134	pass	-	1	-
velvet	crush-verify	1	Velvet/Examples/SpMSpV_Example.lean|9|975338514235632457	pass	-	519	-
velvet	crush-verify	1	Velvet/Examples/SpMSpV_Example.lean|10|12341185047943028706	pass	-	543	-
velvet	crush-verify	1	Velvet/Examples/SpMSpV_Example.lean|11|17907350532264535304	pass	-	5	-
velvet	crush-verify	1	Velvet/Examples/SpMSpV_Example.lean|12|6948348975417913427	pass	-	3	-
velvet	crush-verify	1	Velvet/Examples/SpMSpV_Example.lean|13|2560064229450187973	pass	-	8	-
velvet	crush-verify	1	Velvet/Examples/SpMSpV_Example.lean|14|11268031057524734514	pass	-	8	-
velvet	crush-verify	1	Velvet/Examples/SpMSpV_Example.lean|15|10035930273513517515	pass	-	641	-
velvet	crush-verify	1	Velvet/Examples/SpMSpV_Example.lean|16|4828757563640441921	pass	-	807	-
velvet	crush-verify	1	Velvet/Examples/SpMSpV_Example.lean|17|11230331504797547582	pass	-	7	-
velvet	crush-verify	1	Velvet/Examples/SpMSpV_Example.lean|18|17578923063843270768	pass	-	6	-
velvet	crush-verify	1	Velvet/Examples/SpMSpV_Example.lean|19|9723121325275610683	pass	-	549	-
velvet	crush-verify	1	Velvet/Examples/SpMSpV_Example.lean|20|17138153512408342530	pass	-	580	-
velvet	crush-verify	1	Velvet/Examples/SpMSpV_Example.lean|21|1779879977175361606	pass	-	562	-
velvet	crush-verify	1	Velvet/Examples/SpMSpV_Example.lean|22|1927473323286999035	pass	-	1	-
velvet	crush-verify	1	Velvet/Examples/SpMSpV_Example.lean|23|1927473323286999035	pass	-	1	-
velvet	crush-verify	1	Velvet/Examples/SpMSpV_Example.lean|24|3184815126966959579	pass	-	531	-
velvet	crush-verify	1	Velvet/Examples/SpMSpV_Example.lean|25|1119395027554635835	pass	-	581	-
velvet	crush-verify	1	Velvet/Examples/SpMSpV_Example.lean|26|2867453267844152322	pass	-	645	-
velvet	crush-verify	1	Velvet/Examples/SpMSpV_Example.lean|27|16615537408723427288	pass	-	9	-
velvet	crush-verify	1	Velvet/Examples/SpMSpV_Example.lean|28|7752079179715214779	pass	-	4	-
velvet	crush-verify	1	Velvet/Examples/SpMSpV_Example.lean|29|12365816836206760017	pass	-	659	-
velvet	crush-verify	1	Velvet/Examples/SpMSpV_Example.lean|30|14837198768818932204	pass	-	808	-
velvet	crush-verify	1	Velvet/Examples/SpMSpV_Example.lean|31|13561229236986007424	pass	-	5	-
velvet	crush-verify	1	Velvet/Examples/SpMSpV_Example.lean|32|15323100967004739210	pass	-	633	-
velvet	crush-verify	1	Velvet/Examples/SpMSpV_Example.lean|33|10656169208955874266	pass	-	695	-
velvet	crush-verify	1	Velvet/Examples/SpMSpV_Example.lean|34|13561229236986007424	pass	-	6	-
velvet	crush-verify	1	Velvet/Examples/SpMSpV_Example.lean|35|9762937465648280212	pass	-	647	-
velvet	crush-verify	1	Velvet/Examples/SpMSpV_Example.lean|36|2195194365498566470	pass	-	713	-
velvet	crush-verify	1	Velvet/Examples/SpMSpV_Example.lean|37|13561229236986007424	pass	-	3	-
velvet	crush-verify	1	Velvet/Examples/SpMSpV_Example.lean|38|11853401597336712609	pass	-	638	-
velvet	crush-verify	1	Velvet/Examples/SpMSpV_Example.lean|39|8906564304959696025	pass	-	4	-
velvet	crush-verify	1	Velvet/Examples/SpMSpV_Example.lean|40|2836632441074815746	pass	-	645	-
velvet	crush-verify	1	Velvet/Examples/SpMSpV_Example.lean|41|3467184461832131134	pass	-	1	-
velvet	crush-verify	1	Velvet/Examples/SpMSpV_Example.lean|42|9157999431728333977	pass	-	549	-
velvet	crush-verify	1	Velvet/Examples/SpMSpV_Example.lean|43|12484676100150332319	pass	-	649	-
velvet	crush-verify	1	Velvet/Examples/SpMSpV_Example.lean|44|6547543738413559297	pass	-	653	-
velvet	crush-verify	1	Velvet/Examples/SpMSpV_Example.lean|45|4428589781148415831	pass	-	5	-
velvet	crush-verify	1	Velvet/Examples/SpMSpV_Example.lean|46|10600388612998636634	pass	-	11	-
velvet	crush-verify	1	Velvet/Examples/SpMSpV_Example.lean|47|12568830336983413194	pass	-	10	-
velvet	crush-verify	1	Velvet/Examples/SpMSpV_Example.lean|48|326977185203169709	pass	-	11	-
velvet	crush-verify	1	Velvet/Examples/SpMSpV_Example.lean|49|16599719904663808863	pass	-	743	-
velvet	crush-verify	1	Velvet/Examples/SpMSpV_Example.lean|50|9413868035314052637	pass	-	734	-
velvet	crush-verify	1	Velvet/Examples/SpMSpV_Example.lean|51|11331147013392176036	pass	-	1156	-
velvet	crush-verify	1	Velvet/Examples/SpMSpV_Example.lean|52|3439126561156933339	pass	-	12	-
velvet	crush-verify	1	Velvet/Examples/SpMSpV_Example.lean|53|12568830336983413194	pass	-	12	-
velvet	crush-verify	1	Velvet/Examples/SpMSpV_Example.lean|54|17578923063843270768	pass	-	12	-
velvet	crush-verify	1	Velvet/Examples/SpMSpV_Example.lean|55|16599719904663808863	pass	-	746	-
velvet	crush-verify	1	Velvet/Examples/SpMSpV_Example.lean|56|14915918579342464454	pass	-	666	-
velvet	crush-verify	1	Velvet/Examples/SpMSpV_Example.lean|57|9290686424640906065	pass	-	1252	-
velvet	crush-verify	1	Velvet/Examples/SpMSpV_Example.lean|58|10600388612998636634	pass	-	12	-
velvet	crush-verify	1	Velvet/Examples/SpMSpV_Example.lean|59|4457183463164791376	pass	-	12	-
velvet	crush-verify	1	Velvet/Examples/SpMSpV_Example.lean|60|17578923063843270768	pass	-	12	-
velvet	crush-verify	1	Velvet/Examples/SpMSpV_Example.lean|61|4823872097887552574	pass	-	657	-
velvet	crush-verify	1	Velvet/Examples/SpMSpV_Example.lean|62|9413868035314052637	pass	-	744	-
velvet	crush-verify	1	Velvet/Examples/SpMSpV_Example.lean|63|4033875047981720732	pass	-	1435	-
velvet	crush-verify	1	Velvet/Examples/SpMSpV_Example.lean|64|3439126561156933339	pass	-	8	-
velvet	crush-verify	1	Velvet/Examples/SpMSpV_Example.lean|65|4457183463164791376	pass	-	7	-
velvet	crush-verify	1	Velvet/Examples/SpMSpV_Example.lean|66|17578923063843270768	pass	-	8	-
velvet	crush-verify	1	Velvet/Examples/SpMSpV_Example.lean|67|4823872097887552574	pass	-	637	-
velvet	crush-verify	1	Velvet/Examples/SpMSpV_Example.lean|68|14915918579342464454	pass	-	630	-
velvet	crush-verify	1	Velvet/Examples/SpMSpV_Example.lean|69|10972595422634862877	pass	-	784	-
velvet	crush-verify	1	Velvet/Examples/SpMSpV_Example.lean|70|8550776788309984180	pass	-	692	-
velvet	crush-verify	1	Velvet/Examples/SpMSpV_Example.lean|71|1927473323286999035	pass	-	1	-
velvet	crush-verify	1	Velvet/Examples/SpMSpV_Example.lean|72|1927473323286999035	pass	-	1	-
velvet	crush-verify	1	Velvet/Examples/SpMSpV_Example.lean|73|1927473323286999035	pass	-	0	-
velvet	crush-verify	1	Velvet/Examples/SpMSpV_Example.lean|74|3184815126966959579	pass	-	576	-
velvet	crush-verify	1	Velvet/Examples/SpMSpV_Example.lean|75|5592904318722155373	pass	-	569	-
velvet	crush-verify	1	Velvet/Examples/SpMSpV_Example.lean|76|9139246173028146264	pass	-	773	-
velvet	crush-verify	1	Velvet/Examples/SpMSpV_Example.lean|77|1600226093076966364	pass	-	889	-
velvet	crush-verify	1	Velvet/Examples/SpMSpV_Example.lean|78|16615823506960250981	pass	-	12	-
velvet	crush-verify	1	Velvet/Examples/SubstringSearch.lean|1|18217664312208415458	pass	-	539	-
velvet	crush-verify	1	Velvet/Examples/SubstringSearch.lean|2|14717207787831772510	pass	-	493	-
velvet	crush-verify	1	Velvet/Examples/SubstringSearch.lean|3|10323933724704776680	pass	-	522	-
velvet	crush-verify	1	Velvet/Examples/SubstringSearch.lean|4|8391554914672281118	pass	-	4	-
velvet	crush-verify	1	Velvet/Examples/SubstringSearch.lean|5|6640297411548399355	pass	-	505	-
velvet	crush-verify	1	Velvet/Examples/SubstringSearch.lean|6|4492008039209323302	pass	-	544	-
velvet	crush-verify	1	Velvet/Examples/SubstringSearch.lean|7|16506446102682745284	pass	-	533	-
velvet	crush-verify	1	Velvet/Examples/SubstringSearch.lean|8|4056255141881592010	pass	-	34	-
velvet	crush-verify	1	Velvet/Examples/SubstringSearch.lean|9|10653939026877543916	pass	-	537	-
velvet	crush-verify	1	Velvet/Examples/SubstringSearch.lean|10|11759649870705798849	pass	-	20	-
velvet	crush-verify	1	Velvet/Examples/SubstringSearch.lean|11|18143633401136980304	pass	-	532	-
velvet	crush-verify	1	Velvet/Examples/SubstringSearch.lean|12|16856248441874989194	pass	-	533	-
velvet	crush-verify	1	Velvet/Examples/SubstringSearch.lean|13|1598574868652780333	pass	-	587	-
velvet	crush-verify	1	Velvet/Examples/SubstringSearch.lean|14|6083540873046640352	pass	-	576	-
velvet	crush-verify	1	Velvet/Examples/SubstringSearch.lean|15|18314524564682266162	pass	-	550	-
velvet	crush-verify	1	Velvet/Examples/SubstringSearch.lean|16|14859665284842375974	pass	-	546	-
velvet	crush-verify	1	Velvet/Examples/SubstringSearch.lean|17|16859604855349517182	fail	timeout	5577	crush: solver returned `unknown` (solver exited without a verdict: cvc5 interrupted by timeout.). Try increasing `crush.timeout` or adding hypotheses.
velvet	crush-verify	1	Velvet/Examples/SubstringSearch.lean|18|12762377925475098934	pass	-	547	-
velvet	crush-verify	1	Velvet/Examples/SubstringSearch.lean|19|4492008039209323302	pass	-	542	-
velvet	crush-verify	1	Velvet/Examples/SubstringSearch.lean|20|16506446102682745284	pass	-	527	-
velvet	crush-verify	1	Velvet/Examples/SubstringSearch.lean|21|4056255141881592010	pass	-	33	-
velvet	crush-verify	1	Velvet/Examples/SubstringSearch.lean|22|18313498382677451279	pass	-	19	-
velvet	crush-verify	1	Velvet/Examples/SubstringSearch.lean|23|5902668824617064985	pass	-	21	-
velvet	crush-verify	1	Velvet/Examples/SubstringSearch.lean|24|18214680451177329292	pass	-	540	-
velvet	crush-verify	1	Velvet/Examples/SubstringSearch.lean|25|4587180649363296126	pass	-	532	-
velvet	crush-verify	1	Velvet/Examples/SubstringSearch.lean|26|1598574868652780333	pass	-	544	-
velvet	crush-verify	1	Velvet/Examples/SubstringSearch.lean|27|7138545743425854663	pass	-	581	-
velvet	crush-verify	1	Velvet/Examples/SubstringSearch.lean|28|4681422515724674825	pass	-	546	-
velvet	crush-verify	1	Velvet/Examples/SubstringSearch.lean|29|14859665284842375974	pass	-	548	-
velvet	crush-verify	1	Velvet/Examples/SubstringSearch.lean|30|15621397202025328223	fail	timeout	5565	crush: solver returned `unknown` (solver exited without a verdict: cvc5 interrupted by timeout.). Try increasing `crush.timeout` or adding hypotheses.
velvet	crush-verify	1	Velvet/Examples/SubstringSearch.lean|31|12762377925475098934	pass	-	554	-
velvet	crush-verify	1	Velvet/Examples/SubstringSearch.lean|32|6640297411548399355	pass	-	525	-
velvet	crush-verify	1	Velvet/Examples/SubstringSearch.lean|33|12035722151280848636	pass	-	538	-
velvet	crush-verify	1	Velvet/Examples/SubstringSearch.lean|34|4056255141881592010	pass	-	32	-
velvet	crush-verify	1	Velvet/Examples/SubstringSearch.lean|35|18313498382677451279	pass	-	18	-
velvet	crush-verify	1	Velvet/Examples/SubstringSearch.lean|36|5902668824617064985	pass	-	18	-
velvet	crush-verify	1	Velvet/Examples/SubstringSearch.lean|37|11007454110672083430	pass	-	533	-
velvet	crush-verify	1	Velvet/Examples/SubstringSearch.lean|38|4587180649363296126	pass	-	547	-
velvet	crush-verify	1	Velvet/Examples/SubstringSearch.lean|39|4995387128902807839	pass	-	549	-
velvet	crush-verify	1	Velvet/Examples/SubstringSearch.lean|40|7138545743425854663	pass	-	562	-
velvet	crush-verify	1	Velvet/Examples/SubstringSearch.lean|41|4681422515724674825	pass	-	548	-
velvet	crush-verify	1	Velvet/Examples/SubstringSearch.lean|42|9257442500105266102	pass	-	34	-
velvet	crush-verify	1	Velvet/Examples/SubstringSearch.lean|43|15621397202025328223	pass	-	4019	-
velvet	crush-verify	1	Velvet/Examples/SubstringSearch.lean|44|12762377925475098934	pass	-	534	-
velvet	crush-verify	1	Velvet/Examples/SubstringSearch.lean|45|14757371069243260877	pass	-	18	-
velvet	crush-verify	1	Velvet/Examples/SubstringSearch.lean|46|10355523733004803458	pass	-	18	-
velvet	crush-verify	1	Velvet/Examples/SubstringSearch.lean|47|802985032057732284	pass	-	17	-
velvet	crush-verify	1	Velvet/Examples/SubstringSearch.lean|48|18313498382677451279	pass	-	17	-
velvet	crush-verify	1	Velvet/Examples/SubstringSearch.lean|49|5902668824617064985	pass	-	17	-
velvet	crush-verify	1	Velvet/Examples/SubstringSearch.lean|50|6469834297383728061	pass	-	18	-
velvet	crush-verify	1	Velvet/Examples/SubstringSearch.lean|51|529893491977289627	pass	-	17	-
velvet	crush-verify	1	Velvet/Examples/SubstringSearch.lean|52|7110337632391962636	pass	-	543	-
velvet	crush-verify	1	Velvet/Examples/SubstringSearch.lean|53|7138545743425854663	pass	-	566	-
velvet	crush-verify	1	Velvet/Examples/SubstringSearch.lean|54|12240785285064077065	pass	-	547	-
velvet	crush-verify	1	Velvet/Examples/SubstringSearch.lean|55|8901178409804151575	pass	-	560	-
velvet	crush-verify	1	Velvet/Examples/SubstringSearch.lean|56|8890844706151052704	pass	-	2256	-
velvet	crush-verify	1	Velvet/Examples/SubstringSearch.lean|57|8801584380004644131	pass	-	31	-
velvet	crush-verify	1	Velvet/Examples/SubstringSearch.lean|58|6640297411548399355	pass	-	487	-
velvet	crush-verify	1	Velvet/Examples/SubstringSearch.lean|59|6640297411548399355	pass	-	485	-
velvet	crush-verify	1	Velvet/Examples/SubstringSearch.lean|60|17707774690084689736	pass	-	507	-
velvet	crush-verify	1	Velvet/Examples/SubstringSearch.lean|61|6640297411548399355	pass	-	480	-
velvet	crush-verify	1	Velvet/Examples/SubstringSearch.lean|62|4974301628068507188	pass	-	495	-
velvet	crush-verify	1	Velvet/Examples/SubstringSearch.lean|63|6640297411548399355	pass	-	490	-
velvet	crush-verify	1	Velvet/Examples/SubstringSearch.lean|64|6640297411548399355	pass	-	475	-
velvet	crush-verify	1	Velvet/Examples/SubstringSearch.lean|65|577474350103851300	pass	-	512	-
velvet	crush-verify	1	Velvet/Examples/SubstringSearch.lean|66|12819951545662893426	pass	-	490	-
velvet	crush-verify	1	Velvet/Examples/SubstringSearch.lean|67|16471188947338966842	pass	-	494	-
velvet	crush-verify	1	Velvet/Examples/SubstringSearch.lean|68|9975741777879173881	pass	-	510	-
velvet	crush-verify	1	Velvet/Examples/SubstringSearch.lean|69|88332911118243609	pass	-	492	-
velvet	crush-verify	1	Velvet/Examples/SubstringSearch.lean|70|4316548289593557355	pass	-	576	-
velvet	crush-verify	1	Velvet/Examples/SubstringSearch.lean|71|1800578837535211584	fail	timeout	5575	crush: solver returned `unknown` (solver exited without a verdict: cvc5 interrupted by timeout.). Try increasing `crush.timeout` or adding hypotheses.
velvet	crush-verify	1	Velvet/Examples/SubstringSearch.lean|72|10230862668540398183	pass	-	607	-
velvet	crush-verify	1	Velvet/Examples/SubstringSearch.lean|73|16982021311738439252	pass	-	570	-
velvet	crush-verify	1	Velvet/Examples/SubstringSearch.lean|74|2906785913913327379	pass	-	48	-
velvet	crush-verify	1	Velvet/Examples/SumOfDigits.lean|1|4887343456502517186	pass	-	572	-
velvet	crush-verify	1	Velvet/Examples/SumOfDigits.lean|2|5431800701729144158	pass	-	601	-
velvet	crush-verify	1	Velvet/Examples/SumOfDigits.lean|3|3012699503639543524	pass	-	2	-
velvet	crush-verify	1	Velvet/Examples/SumOfDigits.lean|4|12835711844832851839	pass	-	2	-
velvet	crush-verify	1	Velvet/Examples/SumOfDigits.lean|5|7475080825861972690	pass	-	525	-
velvet	crush-verify	1	Velvet/Examples/SumOfDigits.lean|6|15970435702129902192	pass	-	511	-
velvet	crush-verify	1	Velvet/Examples/SumOfDigits.lean|7|6640297411548399355	pass	-	518	-
velvet	crush-verify	1	Velvet/Examples/SumOfDigits.lean|8|3871074223281074707	pass	-	520	-
velvet	crush-verify	1	Velvet/Examples/TestLoopControl.lean|1|4791612905070682933	pass	-	528	-
velvet	crush-verify	1	Velvet/Examples/TestLoopControl.lean|2|4635955882467741603	pass	-	503	-
velvet	crush-verify	1	Velvet/Examples/TestLoopControl.lean|3|4791612905070682933	pass	-	523	-
velvet	crush-verify	1	Velvet/Examples/TestLoopControl.lean|4|8037191589732674397	pass	-	2	-
velvet	crush-verify	1	Velvet/Examples/TestLoopControl.lean|5|4982008840348523404	pass	-	499	-
velvet	crush-verify	1	Velvet/Examples/TestLoopControl.lean|6|14929476196725773389	pass	-	520	-
velvet	crush-verify	1	Velvet/Examples/TestLoopControl.lean|7|2311107858308393802	pass	-	522	-
velvet	crush-verify	1	Velvet/Examples/TestLoopControl.lean|8|8037191589732674397	pass	-	2	-
velvet	crush-verify	1	Velvet/Examples/TestLoopControl.lean|9|4791612905070682933	pass	-	505	-
velvet	crush-verify	1	Velvet/Examples/TestLoopControl.lean|10|8037191589732674397	pass	-	2	-
velvet	crush-verify	1	Velvet/Examples/TestLoopControl.lean|11|817407402121334710	pass	-	524	-
velvet	crush-verify	1	Velvet/Examples/TestLoopControl.lean|12|14929476196725773389	pass	-	499	-
velvet	crush-verify	1	Velvet/Examples/TestLoopControl.lean|13|2311107858308393802	pass	-	502	-
velvet	crush-verify	1	Velvet/Examples/TestLoopControl.lean|14|8140981983620881888	pass	-	6	-
velvet	crush-verify	1	Velvet/Examples/TestLoopControl.lean|15|13972406881857011341	pass	-	1378	-
velvet	crush-verify	1	Velvet/Examples/TestLoopControl.lean|16|8140981983620881888	pass	-	6	-
velvet	crush-verify	1	Velvet/Examples/TestLoopControl.lean|17|2763434902891560151	pass	-	1109	-
velvet	crush-verify	1	Velvet/Examples/TestLoopControl.lean|18|9560710549938607088	pass	-	4	-
velvet	crush-verify	1	Velvet/Examples/TestLoopControl.lean|19|4016036276427276962	pass	-	5	-
velvet	crush-verify	1	Velvet/Examples/TestLoopControl.lean|20|12910903814107581038	pass	-	900	-
velvet	crush-verify	1	Velvet/Examples/TestLoopControl.lean|21|8811351339800985865	pass	-	500	-
velvet	crush-verify	1	Velvet/Examples/TestLoopControl.lean|22|8466542615974342579	pass	-	1	-
velvet	crush-verify	1	Velvet/Examples/TestLoopControl.lean|23|10603200310498800727	pass	-	10	-
velvet	crush-verify	1	Velvet/Examples/TestMatch.lean|1|7475080825861972690	pass	-	2	-
velvet	crush-verify	1	Velvet/Examples/TestMatch.lean|2|12712313322610564863	pass	-	1	-
velvet	crush-verify	1	Velvet/Examples/TestMatch.lean|3|10112861571242978892	pass	-	1	-
velvet	crush-verify	1	Velvet/Examples/TestMatch.lean|4|9817662802794804509	pass	-	2	-
velvet	crush-verify	1	Velvet/Examples/TestMatch.lean|5|18226621409008708882	pass	-	3	-
velvet	crush-verify	1	Velvet/Examples/TestMatch.lean|6|12313593517213863317	pass	-	495	-
velvet	crush-verify	1	Velvet/Examples/TestMatch.lean|7|5915416142655103160	pass	-	513	-
velvet	crush-verify	1	Velvet/Examples/Total_Partial_example.lean|1|1993702872115081742	pass	-	586	-
velvet	crush-verify	1	Velvet/Examples/Total_Partial_example.lean|2|8793228589483947084	pass	-	9	-
velvet	crush-verify	1	Velvet/Examples/Total_Partial_example.lean|3|1066791641437412485	pass	-	609	-
velvet	crush-verify	1	Velvet/Examples/Total_Partial_example.lean|4|8472930623785656869	pass	-	5017	-
velvet	crush-verify	1	Velvet/Examples/Total_Partial_example.lean|5|2816846931760221370	pass	-	656	-
velvet	crush-verify	1	Velvet/Examples/Total_Partial_example.lean|6|5794584936190196715	pass	-	7	-
velvet	crush-verify	1	Velvet/Examples/Total_Partial_example.lean|7|1066791641437412485	pass	-	629	-
velvet	crush-verify	1	Velvet/Examples/Total_Partial_example.lean|8|14825588553610653054	fail	timeout	11413	crush: solver returned `unknown` (solver exited without a verdict: cvc5 interrupted by timeout.). Try increasing `crush.timeout` or adding hypotheses.
velvet	crush-verify	1	Velvet/Examples/Total_Partial_example.lean|9|15257391885382474665	pass	-	8	-
velvet	crush-verify	1	Velvet/Examples/Total_Partial_example.lean|10|5794584936190196715	pass	-	7	-
velvet	crush-verify	1	Velvet/Examples/Total_Partial_example.lean|11|12031026870814429192	pass	-	6	-
velvet	crush-verify	1	Velvet/Examples/Total_Partial_example.lean|12|16465886849738339639	pass	-	704	-
velvet	crush-verify	1	Velvet/Examples/Total_Partial_example.lean|13|15257391885382474665	pass	-	7	-
velvet	crush-verify	1	Velvet/Examples/Total_Partial_example.lean|14|5918835836158453730	pass	-	12	-
velvet	crush-verify	1	Velvet/Examples/Total_Partial_example.lean|15|5964899400721509044	pass	-	4	-
velvet	crush-verify	1	Velvet/Examples/Total_Partial_example.lean|16|12155028420956038391	pass	-	531	-
velvet	crush-verify	1	Velvet/Examples/Total_Partial_example.lean|17|14852526092468225565	pass	-	692	-
velvet	crush-verify	1	Velvet/Examples/Total_Partial_example.lean|18|17117294935281830098	pass	-	4	-
velvet	crush-verify	1	Velvet/Examples/Total_Partial_example.lean|19|5288706169439222084	pass	-	14	-
velvet	crush-verify	1	Velvet/Examples/Total_Partial_example.lean|20|4477598582358312981	pass	-	553	-
velvet	crush-verify	1	Velvet/Examples/Total_Partial_example.lean|21|7903702650473013145	pass	-	740	-
velvet	crush-verify	1	Velvet/Examples/Total_Partial_example.lean|22|8905801618567038615	pass	-	13	-
velvet	crush-verify	1	Velvet/Examples/Total_Partial_example.lean|23|5964899400721509044	pass	-	4	-
velvet	crush-verify	1	Velvet/Examples/Total_Partial_example.lean|24|16800718018059787263	pass	-	3	-
velvet	crush-verify	1	Velvet/Examples/Total_Partial_example.lean|25|11248877774576345437	pass	-	682	-
velvet	crush-verify	1	Velvet/Examples/Total_Partial_example.lean|26|17117294935281830098	pass	-	5	-
velvet	crush-verify	1	Velvet/Examples/Total_Partial_example.lean|27|6709257883257101731	pass	-	8	-
velvet	crush-verify	1	Velvet/Examples/Total_Partial_example.lean|28|16576486626369642801	pass	-	505	-
velvet	crush-verify	1	Velvet/Examples/Total_Partial_example.lean|29|11235314628722112900	pass	-	572	-
velvet	crush-verify	1	Velvet/Examples/Total_Partial_example.lean|30|8905801618567038615	pass	-	8	-
velvet	crush-verify	1	Velvet/Examples/Total_Partial_example.lean|31|18214290959922115111	pass	-	711	-
velvet	crush-verify	1	Velvet/Examples/Total_Partial_example.lean|32|8793228589483947084	pass	-	4	-
velvet	crush-verify	1	Velvet/Examples/Total_Partial_example.lean|33|11568103068982921353	pass	-	588	-
velvet	crush-verify	1	Velvet/Examples/Total_Partial_example.lean|34|5794584936190196715	pass	-	4	-
velvet	crush-verify	1	Velvet/Examples/Total_Partial_example.lean|35|11568103068982921353	pass	-	603	-
velvet	crush-verify	1	Velvet/Examples/Total_Partial_example.lean|36|5794584936190196715	pass	-	3	-
velvet	crush-verify	1	Velvet/Examples/Total_Partial_example.lean|37|5918835836158453730	pass	-	5	-
velvet	crush-verify	1	Velvet/Examples/Total_Partial_example.lean|38|5964899400721509044	pass	-	2	-
velvet	crush-verify	1	Velvet/Examples/Total_Partial_example.lean|39|5288706169439222084	pass	-	4	-
velvet	crush-verify	1	Velvet/Examples/Total_Partial_example.lean|40|4477598582358312981	pass	-	530	-
velvet	crush-verify	1	Velvet/Examples/Total_Partial_example.lean|41|18088860687919872176	pass	-	528	-
velvet	crush-verify	1	Velvet/Examples/Total_Partial_example.lean|42|5964899400721509044	pass	-	3	-
velvet	crush-verify	1	Velvet/Examples/Total_Partial_example.lean|43|16800718018059787263	pass	-	2	-
velvet	crush-verify	1	Velvet/Examples/Total_Partial_example.lean|44|6709257883257101731	pass	-	4	-
velvet	crush-verify	1	Velvet/Examples/Total_Partial_example.lean|45|16576486626369642801	pass	-	506	-
velvet	crush-alethe	1	Velvet/Examples/EncodeDecodeStr.lean|1|4325354716326072573	fail	translation	522	"crush: cvc5 did not emit an Alethe certificate: Proof unsupported by Alethe: contains operator DUMMY_SKOLEM. Set `crush.reconstruct` to ""auto"" to use core-directed reconstruction instead."
velvet	crush-alethe	1	Velvet/Examples/EncodeDecodeStr.lean|2|3233717574493770211	fail	timeout	5536	crush: solver returned `unknown` (solver exited without a verdict: cvc5 interrupted by timeout.). Try increasing `crush.timeout` or adding hypotheses.
velvet	crush-alethe	1	Velvet/Examples/EncodeDecodeStr.lean|3|14557075163885871591	fail	translation	518	"crush: cvc5 did not emit an Alethe certificate: Proof unsupported by Alethe: contains operator DUMMY_SKOLEM. Set `crush.reconstruct` to ""auto"" to use core-directed reconstruction instead."
velvet	crush-alethe	1	Velvet/Examples/EncodeDecodeStr.lean|4|6384732382134649439	pass	-	4	-
velvet	crush-alethe	1	Velvet/Examples/EncodeDecodeStr.lean|5|13851523499043008614	fail	translation	516	"crush: cvc5 did not emit an Alethe certificate: Proof unsupported by Alethe: contains operator DUMMY_SKOLEM. Set `crush.reconstruct` to ""auto"" to use core-directed reconstruction instead."
velvet	crush-alethe	1	Velvet/Examples/EncodeDecodeStr.lean|6|8816666150414203262	fail	translation	526	"crush: cvc5 did not emit an Alethe certificate: Proof unsupported by Alethe: contains operator DUMMY_SKOLEM. Set `crush.reconstruct` to ""auto"" to use core-directed reconstruction instead."
velvet	crush-alethe	1	Velvet/Examples/EncodeDecodeStr.lean|7|7432640679462075544	fail	unknown	617	crush: solver returned `unknown` (no reason given). Try increasing `crush.timeout` or adding hypotheses.
velvet	crush-alethe	1	Velvet/Examples/EncodeDecodeStr.lean|8|9639754685172097330	fail	timeout	5520	crush: solver returned `unknown` (solver exited without a verdict: cvc5 interrupted by timeout.). Try increasing `crush.timeout` or adding hypotheses.
velvet	crush-alethe	1	Velvet/Examples/EncodeDecodeStr.lean|9|10203002127808532242	fail	translation	520	"crush: cvc5 did not emit an Alethe certificate: Proof unsupported by Alethe: contains operator DUMMY_SKOLEM. Set `crush.reconstruct` to ""auto"" to use core-directed reconstruction instead."
velvet	crush-alethe	1	Velvet/Examples/EncodeDecodeStr.lean|10|15527439877898811686	fail	translation	543	"crush: cvc5 did not emit an Alethe certificate: Proof unsupported by Alethe: contains operator DUMMY_SKOLEM. Set `crush.reconstruct` to ""auto"" to use core-directed reconstruction instead."
velvet	crush-alethe	1	Velvet/Examples/EncodeDecodeStr.lean|11|4253526900314070824	fail	translation	533	"crush: cvc5 did not emit an Alethe certificate: Proof unsupported by Alethe: contains operator DUMMY_SKOLEM. Set `crush.reconstruct` to ""auto"" to use core-directed reconstruction instead."
velvet	crush-alethe	1	Velvet/Examples/EncodeDecodeStr.lean|12|17087698223479619887	fail	translation	557	"crush: cvc5 did not emit an Alethe certificate: Proof unsupported by Alethe: contains operator DUMMY_SKOLEM. Set `crush.reconstruct` to ""auto"" to use core-directed reconstruction instead."
velvet	crush-alethe	1	Velvet/Examples/EncodeDecodeStr.lean|13|13168721855841554394	fail	translation	532	"crush: cvc5 did not emit an Alethe certificate: Proof unsupported by Alethe: contains operator DUMMY_SKOLEM. Set `crush.reconstruct` to ""auto"" to use core-directed reconstruction instead."
velvet	crush-alethe	1	Velvet/Examples/EncodeDecodeStr.lean|14|8050235650381385355	fail	translation	520	"crush: cvc5 did not emit an Alethe certificate: Proof unsupported by Alethe: contains operator DUMMY_SKOLEM. Set `crush.reconstruct` to ""auto"" to use core-directed reconstruction instead."
velvet	crush-alethe	1	Velvet/Examples/EncodeDecodeStr.lean|15|3874562368415809942	fail	translation	510	"crush: cvc5 did not emit an Alethe certificate: Proof unsupported by Alethe: contains operator DUMMY_SKOLEM. Set `crush.reconstruct` to ""auto"" to use core-directed reconstruction instead."
velvet	crush-alethe	1	Velvet/Examples/EncodeDecodeStr.lean|16|16403843650363689650	fail	translation	513	"crush: cvc5 did not emit an Alethe certificate: Proof unsupported by Alethe: contains operator DUMMY_SKOLEM. Set `crush.reconstruct` to ""auto"" to use core-directed reconstruction instead."
velvet	crush-alethe	1	Velvet/Examples/EncodeDecodeStr.lean|17|17528322019345720798	fail	timeout	5532	crush: solver returned `unknown` (solver exited without a verdict: cvc5 interrupted by timeout.). Try increasing `crush.timeout` or adding hypotheses.
velvet	crush-alethe	1	Velvet/Examples/EncodeDecodeStr.lean|18|14846570717984605519	fail	translation	539	"crush: cvc5 did not emit an Alethe certificate: Proof unsupported by Alethe: contains operator DUMMY_SKOLEM. Set `crush.reconstruct` to ""auto"" to use core-directed reconstruction instead."
velvet	crush-alethe	1	Velvet/Examples/EncodeDecodeStr.lean|19|17345521196864181404	fail	translation	520	"crush: cvc5 did not emit an Alethe certificate: Proof unsupported by Alethe: contains operator DUMMY_SKOLEM. Set `crush.reconstruct` to ""auto"" to use core-directed reconstruction instead."
velvet	crush-alethe	1	Velvet/Examples/EncodeDecodeStr.lean|20|4720720642953332999	pass	-	4	-
velvet	crush-alethe	1	Velvet/Examples/EncodeDecodeStr.lean|21|16873295595722686018	fail	translation	508	"crush: cvc5 did not emit an Alethe certificate: Proof unsupported by Alethe: contains operator DUMMY_SKOLEM. Set `crush.reconstruct` to ""auto"" to use core-directed reconstruction instead."
velvet	crush-alethe	1	Velvet/Examples/EncodeDecodeStr.lean|22|5769627519083430677	fail	translation	518	"crush: cvc5 did not emit an Alethe certificate: Proof unsupported by Alethe: contains operator DUMMY_SKOLEM. Set `crush.reconstruct` to ""auto"" to use core-directed reconstruction instead."
velvet	crush-alethe	1	Velvet/Examples/EncodeDecodeStr.lean|23|15630242782200619292	fail	translation	494	"crush: cvc5 did not emit an Alethe certificate: Proof unsupported by Alethe: contains operator DUMMY_SKOLEM. Set `crush.reconstruct` to ""auto"" to use core-directed reconstruction instead."
velvet	crush-alethe	1	Velvet/Examples/EncodeDecodeStr.lean|24|4390242841053229048	pass	-	1	-
velvet	crush-alethe	1	Velvet/Examples/EncodeDecodeStr.lean|25|4098508629850130765	fail	unknown	517	crush: solver returned `unknown` (no reason given). Try increasing `crush.timeout` or adding hypotheses.
velvet	crush-alethe	1	Velvet/Examples/EncodeDecodeStr.lean|26|6449688271898666716	fail	timeout	5511	crush: solver returned `unknown` (solver exited without a verdict: cvc5 interrupted by timeout.). Try increasing `crush.timeout` or adding hypotheses.
velvet	crush-alethe	1	Velvet/Examples/EncodeDecodeStr.lean|27|3108445719328028112	fail	translation	513	"crush: cvc5 did not emit an Alethe certificate: Proof unsupported by Alethe: contains operator DUMMY_SKOLEM. Set `crush.reconstruct` to ""auto"" to use core-directed reconstruction instead."
velvet	crush-alethe	1	Velvet/Examples/Examples.lean|1|6162910358734672275	pass	-	9	-
velvet	crush-alethe	1	Velvet/Examples/Examples.lean|2|1066791641437412485	fail	translation	632	"crush: cvc5 did not emit an Alethe certificate: Proof unsupported by Alethe: contains operator DUMMY_SKOLEM. Set `crush.reconstruct` to ""auto"" to use core-directed reconstruction instead."
velvet	crush-alethe	1	Velvet/Examples/Examples.lean|3|9866248891257573647	fail	translation	3840	"crush: cvc5 did not emit an Alethe certificate: Proof unsupported by Alethe: contains operator DUMMY_SKOLEM. Set `crush.reconstruct` to ""auto"" to use core-directed reconstruction instead."
velvet	crush-alethe	1	Velvet/Examples/Examples.lean|4|18360837223612973524	fail	translation	618	"crush: cvc5 did not emit an Alethe certificate: Proof unsupported by Alethe: contains operator DUMMY_SKOLEM. Set `crush.reconstruct` to ""auto"" to use core-directed reconstruction instead."
velvet	crush-alethe	1	Velvet/Examples/Examples.lean|5|5794584936190196715	pass	-	9	-
velvet	crush-alethe	1	Velvet/Examples/Examples.lean|6|1066791641437412485	fail	translation	617	"crush: cvc5 did not emit an Alethe certificate: Proof unsupported by Alethe: contains operator DUMMY_SKOLEM. Set `crush.reconstruct` to ""auto"" to use core-directed reconstruction instead."
velvet	crush-alethe	1	Velvet/Examples/Examples.lean|7|14825588553610653054	fail	timeout	11392	crush: solver returned `unknown` (solver exited without a verdict: cvc5 interrupted by timeout.). Try increasing `crush.timeout` or adding hypotheses.
velvet	crush-alethe	1	Velvet/Examples/Examples.lean|8|15257391885382474665	pass	-	8	-
velvet	crush-alethe	1	Velvet/Examples/Examples.lean|9|5794584936190196715	pass	-	8	-
velvet	crush-alethe	1	Velvet/Examples/Examples.lean|10|12031026870814429192	pass	-	7	-
velvet	crush-alethe	1	Velvet/Examples/Examples.lean|11|16465886849738339639	fail	translation	699	"crush: cvc5 did not emit an Alethe certificate: Proof unsupported by Alethe: contains operator DUMMY_SKOLEM. Set `crush.reconstruct` to ""auto"" to use core-directed reconstruction instead."
velvet	crush-alethe	1	Velvet/Examples/Examples.lean|12|15257391885382474665	pass	-	8	-
velvet	crush-alethe	1	Velvet/Examples/Examples.lean|13|2438232962388206336	fail	translation	536	"crush: cvc5 did not emit an Alethe certificate: Proof unsupported by Alethe: contains operator DUMMY_SKOLEM. Set `crush.reconstruct` to ""auto"" to use core-directed reconstruction instead."
velvet	crush-alethe	1	Velvet/Examples/Examples.lean|14|5964899400721509044	pass	-	4	-
velvet	crush-alethe	1	Velvet/Examples/Examples.lean|15|12155028420956038391	fail	translation	509	"crush: cvc5 did not emit an Alethe certificate: Proof unsupported by Alethe: contains operator DUMMY_SKOLEM. Set `crush.reconstruct` to ""auto"" to use core-directed reconstruction instead."
velvet	crush-alethe	1	Velvet/Examples/Examples.lean|16|14852526092468225565	fail	translation	664	"crush: cvc5 did not emit an Alethe certificate: Proof unsupported by Alethe: contains operator DUMMY_SKOLEM. Set `crush.reconstruct` to ""auto"" to use core-directed reconstruction instead."
velvet	crush-alethe	1	Velvet/Examples/Examples.lean|17|17117294935281830098	pass	-	5	-
velvet	crush-alethe	1	Velvet/Examples/Examples.lean|18|5288706169439222084	pass	-	13	-
velvet	crush-alethe	1	Velvet/Examples/Examples.lean|19|12688677688377801211	fail	translation	545	"crush: cvc5 did not emit an Alethe certificate: Proof unsupported by Alethe: contains operator DUMMY_SKOLEM. Set `crush.reconstruct` to ""auto"" to use core-directed reconstruction instead."
velvet	crush-alethe	1	Velvet/Examples/Examples.lean|20|7903702650473013145	fail	translation	713	"crush: cvc5 did not emit an Alethe certificate: Proof unsupported by Alethe: contains operator DUMMY_SKOLEM. Set `crush.reconstruct` to ""auto"" to use core-directed reconstruction instead."
velvet	crush-alethe	1	Velvet/Examples/Examples.lean|21|8905801618567038615	pass	-	13	-
velvet	crush-alethe	1	Velvet/Examples/Examples.lean|22|5964899400721509044	pass	-	4	-
velvet	crush-alethe	1	Velvet/Examples/Examples.lean|23|5379360585891885096	fail	translation	516	"crush: cvc5 did not emit an Alethe certificate: Proof unsupported by Alethe: contains operator DUMMY_SKOLEM. Set `crush.reconstruct` to ""auto"" to use core-directed reconstruction instead."
velvet	crush-alethe	1	Velvet/Examples/Examples.lean|24|11248877774576345437	fail	translation	685	"crush: cvc5 did not emit an Alethe certificate: Proof unsupported by Alethe: contains operator DUMMY_SKOLEM. Set `crush.reconstruct` to ""auto"" to use core-directed reconstruction instead."
velvet	crush-alethe	1	Velvet/Examples/Examples.lean|25|17117294935281830098	pass	-	5	-
velvet	crush-alethe	1	Velvet/Examples/Examples.lean|26|11532741708565178815	fail	translation	515	"crush: cvc5 did not emit an Alethe certificate: Proof unsupported by Alethe: contains operator DUMMY_SKOLEM. Set `crush.reconstruct` to ""auto"" to use core-directed reconstruction instead."
velvet	crush-alethe	1	Velvet/Examples/Examples.lean|27|13894794097547967513	fail	translation	504	"crush: cvc5 did not emit an Alethe certificate: Proof unsupported by Alethe: contains operator DUMMY_SKOLEM. Set `crush.reconstruct` to ""auto"" to use core-directed reconstruction instead."
velvet	crush-alethe	1	Velvet/Examples/Examples.lean|28|11235314628722112900	fail	translation	562	"crush: cvc5 did not emit an Alethe certificate: Proof unsupported by Alethe: contains operator DUMMY_SKOLEM. Set `crush.reconstruct` to ""auto"" to use core-directed reconstruction instead."
velvet	crush-alethe	1	Velvet/Examples/Examples.lean|29|8905801618567038615	pass	-	9	-
velvet	crush-alethe	1	Velvet/Examples/Examples.lean|30|18214290959922115111	fail	translation	679	"crush: cvc5 did not emit an Alethe certificate: Proof unsupported by Alethe: contains operator DUMMY_SKOLEM. Set `crush.reconstruct` to ""auto"" to use core-directed reconstruction instead."
velvet	crush-alethe	1	Velvet/Examples/Examples.lean|31|17119794831572106230	pass	-	644	-
velvet	crush-alethe	1	Velvet/Examples/Examples.lean|32|16395326812896940336	pass	-	655	-
velvet	crush-alethe	1	Velvet/Examples/Examples.lean|33|4559485301326837329	pass	-	550	-
velvet	crush-alethe	1	Velvet/Examples/Examples.lean|34|15833581759277421577	fail	reconstruction	747	"crush: Alethe replay failed with rule-gap at step `crush_fact_2`: decoded SMT assumption was not derivable from its Lean source fact; certificate term: (forall ((q_1 Int)) (=> (>= q_1 0) (=> (< q_1 i_2) (<= (* q_1 q_1) x_0)))). Set `crush.reconstruct` to ""auto"" to fall back to the core-directed finishers."
velvet	crush-alethe	1	Velvet/Examples/Examples.lean|35|7228731597997214785	fail	reconstruction	672	"crush: Alethe replay failed with rule-gap at step `crush_fact_2`: decoded SMT assumption was not derivable from its Lean source fact; certificate term: (forall ((q_1 Int)) (=> (>= q_1 0) (=> (< q_1 i_2) (<= (* q_1 q_1) x_0)))). Set `crush.reconstruct` to ""auto"" to fall back to the core-directed finishers."
velvet	crush-alethe	1	Velvet/Examples/Examples.lean|36|17256355208408803011	fail	reconstruction	606	"crush: Alethe replay failed with rule-gap at step `crush_fact_2`: decoded SMT assumption was not derivable from its Lean source fact; certificate term: (forall ((q_1 Int)) (=> (>= q_1 0) (=> (< q_1 i_2) (<= (* q_1 q_1) x_0)))). Set `crush.reconstruct` to ""auto"" to fall back to the core-directed finishers."
velvet	crush-alethe	1	Velvet/Examples/Examples.lean|37|13635698331308129878	pass	-	595	-
velvet	crush-alethe	1	Velvet/Examples/Examples.lean|38|10800841518550636949	fail	reconstruction	790	"crush: Alethe replay failed with rule-gap at step `crush_fact_2`: decoded SMT assumption was not derivable from its Lean source fact; certificate term: (forall ((q_1 Int)) (=> (>= q_1 0) (=> (< q_1 i_2) (<= (* q_1 q_1) x_0)))). Set `crush.reconstruct` to ""auto"" to fall back to the core-directed finishers."
velvet	crush-alethe	1	Velvet/Examples/Examples.lean|39|12457966505053151830	fail	reconstruction	747	"crush: Alethe replay failed with rule-gap at step `crush_fact_2`: decoded SMT assumption was not derivable from its Lean source fact; certificate term: (forall ((q_1 Int)) (=> (>= q_1 0) (=> (< q_1 i_2) (<= (* q_1 q_1) x_0)))). Set `crush.reconstruct` to ""auto"" to fall back to the core-directed finishers."
velvet	crush-alethe	1	Velvet/Examples/Examples.lean|40|17578352201394481400	fail	reconstruction	785	"crush: Alethe replay failed with rule-gap at step `crush_fact_2`: decoded SMT assumption was not derivable from its Lean source fact; certificate term: (forall ((q_1 Int)) (=> (>= q_1 0) (=> (< q_1 i_2) (<= (* q_1 q_1) x_0)))). Set `crush.reconstruct` to ""auto"" to fall back to the core-directed finishers."
velvet	crush-alethe	1	Velvet/Examples/Examples_Total.lean|1|6162910358734672275	pass	-	8	-
velvet	crush-alethe	1	Velvet/Examples/Examples_Total.lean|2|1066791641437412485	fail	translation	634	"crush: cvc5 did not emit an Alethe certificate: Proof unsupported by Alethe: contains operator DUMMY_SKOLEM. Set `crush.reconstruct` to ""auto"" to use core-directed reconstruction instead."
velvet	crush-alethe	1	Velvet/Examples/Examples_Total.lean|3|9866248891257573647	fail	translation	3758	"crush: cvc5 did not emit an Alethe certificate: Proof unsupported by Alethe: contains operator DUMMY_SKOLEM. Set `crush.reconstruct` to ""auto"" to use core-directed reconstruction instead."
velvet	crush-alethe	1	Velvet/Examples/Examples_Total.lean|4|18360837223612973524	fail	translation	633	"crush: cvc5 did not emit an Alethe certificate: Proof unsupported by Alethe: contains operator DUMMY_SKOLEM. Set `crush.reconstruct` to ""auto"" to use core-directed reconstruction instead."
velvet	crush-alethe	1	Velvet/Examples/Examples_Total.lean|5|11568103068982921353	fail	translation	619	"crush: cvc5 did not emit an Alethe certificate: Proof unsupported by Alethe: contains operator DUMMY_SKOLEM. Set `crush.reconstruct` to ""auto"" to use core-directed reconstruction instead."
velvet	crush-alethe	1	Velvet/Examples/Examples_Total.lean|6|5794584936190196715	pass	-	8	-
velvet	crush-alethe	1	Velvet/Examples/Examples_Total.lean|7|1066791641437412485	fail	translation	612	"crush: cvc5 did not emit an Alethe certificate: Proof unsupported by Alethe: contains operator DUMMY_SKOLEM. Set `crush.reconstruct` to ""auto"" to use core-directed reconstruction instead."
velvet	crush-alethe	1	Velvet/Examples/Examples_Total.lean|8|14825588553610653054	fail	timeout	11375	crush: solver returned `unknown` (solver exited without a verdict: cvc5 interrupted by timeout.). Try increasing `crush.timeout` or adding hypotheses.
velvet	crush-alethe	1	Velvet/Examples/Examples_Total.lean|9|15257391885382474665	pass	-	9	-
velvet	crush-alethe	1	Velvet/Examples/Examples_Total.lean|10|11568103068982921353	fail	translation	655	"crush: cvc5 did not emit an Alethe certificate: Proof unsupported by Alethe: contains operator DUMMY_SKOLEM. Set `crush.reconstruct` to ""auto"" to use core-directed reconstruction instead."
velvet	crush-alethe	1	Velvet/Examples/Examples_Total.lean|11|5794584936190196715	pass	-	11	-
velvet	crush-alethe	1	Velvet/Examples/Examples_Total.lean|12|12031026870814429192	pass	-	9	-
velvet	crush-alethe	1	Velvet/Examples/Examples_Total.lean|13|16465886849738339639	fail	translation	713	"crush: cvc5 did not emit an Alethe certificate: Proof unsupported by Alethe: contains operator DUMMY_SKOLEM. Set `crush.reconstruct` to ""auto"" to use core-directed reconstruction instead."
velvet	crush-alethe	1	Velvet/Examples/Examples_Total.lean|14|15257391885382474665	pass	-	8	-
velvet	crush-alethe	1	Velvet/Examples/Examples_Total.lean|15|5918835836158453730	fail	translation	559	"crush: cvc5 did not emit an Alethe certificate: Proof unsupported by Alethe: contains operator DUMMY_SKOLEM. Set `crush.reconstruct` to ""auto"" to use core-directed reconstruction instead."
velvet	crush-alethe	1	Velvet/Examples/Examples_Total.lean|16|5964899400721509044	pass	-	6	-
velvet	crush-alethe	1	Velvet/Examples/Examples_Total.lean|17|12155028420956038391	fail	translation	605	"crush: cvc5 did not emit an Alethe certificate: Proof unsupported by Alethe: contains operator DUMMY_SKOLEM. Set `crush.reconstruct` to ""auto"" to use core-directed reconstruction instead."
velvet	crush-alethe	1	Velvet/Examples/Examples_Total.lean|18|14852526092468225565	fail	translation	693	"crush: cvc5 did not emit an Alethe certificate: Proof unsupported by Alethe: contains operator DUMMY_SKOLEM. Set `crush.reconstruct` to ""auto"" to use core-directed reconstruction instead."
velvet	crush-alethe	1	Velvet/Examples/Examples_Total.lean|19|17117294935281830098	pass	-	4	-
velvet	crush-alethe	1	Velvet/Examples/Examples_Total.lean|20|5288706169439222084	pass	-	14	-
velvet	crush-alethe	1	Velvet/Examples/Examples_Total.lean|21|12688677688377801211	fail	translation	529	"crush: cvc5 did not emit an Alethe certificate: Proof unsupported by Alethe: contains operator DUMMY_SKOLEM. Set `crush.reconstruct` to ""auto"" to use core-directed reconstruction instead."
velvet	crush-alethe	1	Velvet/Examples/Examples_Total.lean|22|7903702650473013145	fail	translation	692	"crush: cvc5 did not emit an Alethe certificate: Proof unsupported by Alethe: contains operator DUMMY_SKOLEM. Set `crush.reconstruct` to ""auto"" to use core-directed reconstruction instead."
velvet	crush-alethe	1	Velvet/Examples/Examples_Total.lean|23|8905801618567038615	pass	-	13	-
velvet	crush-alethe	1	Velvet/Examples/Examples_Total.lean|24|18088860687919872176	fail	translation	542	"crush: cvc5 did not emit an Alethe certificate: Proof unsupported by Alethe: contains operator DUMMY_SKOLEM. Set `crush.reconstruct` to ""auto"" to use core-directed reconstruction instead."
velvet	crush-alethe	1	Velvet/Examples/Examples_Total.lean|25|5964899400721509044	pass	-	5	-
velvet	crush-alethe	1	Velvet/Examples/Examples_Total.lean|26|5379360585891885096	fail	translation	502	"crush: cvc5 did not emit an Alethe certificate: Proof unsupported by Alethe: contains operator DUMMY_SKOLEM. Set `crush.reconstruct` to ""auto"" to use core-directed reconstruction instead."
velvet	crush-alethe	1	Velvet/Examples/Examples_Total.lean|27|11248877774576345437	fail	translation	671	"crush: cvc5 did not emit an Alethe certificate: Proof unsupported by Alethe: contains operator DUMMY_SKOLEM. Set `crush.reconstruct` to ""auto"" to use core-directed reconstruction instead."
velvet	crush-alethe	1	Velvet/Examples/Examples_Total.lean|28|17117294935281830098	pass	-	5	-
velvet	crush-alethe	1	Velvet/Examples/Examples_Total.lean|29|6709257883257101731	fail	translation	513	"crush: cvc5 did not emit an Alethe certificate: Proof unsupported by Alethe: contains operator DUMMY_SKOLEM. Set `crush.reconstruct` to ""auto"" to use core-directed reconstruction instead."
velvet	crush-alethe	1	Velvet/Examples/Examples_Total.lean|30|13894794097547967513	fail	translation	485	"crush: cvc5 did not emit an Alethe certificate: Proof unsupported by Alethe: contains operator DUMMY_SKOLEM. Set `crush.reconstruct` to ""auto"" to use core-directed reconstruction instead."
velvet	crush-alethe	1	Velvet/Examples/Examples_Total.lean|31|11235314628722112900	fail	translation	574	"crush: cvc5 did not emit an Alethe certificate: Proof unsupported by Alethe: contains operator DUMMY_SKOLEM. Set `crush.reconstruct` to ""auto"" to use core-directed reconstruction instead."
velvet	crush-alethe	1	Velvet/Examples/Examples_Total.lean|32|891049678225498279	pass	-	8	-
velvet	crush-alethe	1	Velvet/Examples/Examples_Total.lean|33|18214290959922115111	fail	translation	660	"crush: cvc5 did not emit an Alethe certificate: Proof unsupported by Alethe: contains operator DUMMY_SKOLEM. Set `crush.reconstruct` to ""auto"" to use core-directed reconstruction instead."
velvet	crush-alethe	1	Velvet/Examples/Examples_Total.lean|34|17119794831572106230	fail	translation	494	"crush: cvc5 did not emit an Alethe certificate: Proof unsupported by Alethe: contains operator DUMMY_SKOLEM. Set `crush.reconstruct` to ""auto"" to use core-directed reconstruction instead."
velvet	crush-alethe	1	Velvet/Examples/Examples_Total.lean|35|16395326812896940336	fail	translation	493	"crush: cvc5 did not emit an Alethe certificate: Proof unsupported by Alethe: contains operator DUMMY_SKOLEM. Set `crush.reconstruct` to ""auto"" to use core-directed reconstruction instead."
velvet	crush-alethe	1	Velvet/Examples/Examples_Total.lean|36|4559485301326837329	fail	translation	498	"crush: cvc5 did not emit an Alethe certificate: Proof unsupported by Alethe: contains operator DUMMY_SKOLEM. Set `crush.reconstruct` to ""auto"" to use core-directed reconstruction instead."
velvet	crush-alethe	1	Velvet/Examples/Examples_Total.lean|37|15833581759277421577	fail	translation	533	"crush: cvc5 did not emit an Alethe certificate: Proof unsupported by Alethe: contains operator DUMMY_SKOLEM. Set `crush.reconstruct` to ""auto"" to use core-directed reconstruction instead."
velvet	crush-alethe	1	Velvet/Examples/Examples_Total.lean|38|17892696244691966181	fail	translation	528	"crush: cvc5 did not emit an Alethe certificate: Proof unsupported by Alethe: contains operator DUMMY_SKOLEM. Set `crush.reconstruct` to ""auto"" to use core-directed reconstruction instead."
velvet	crush-alethe	1	Velvet/Examples/Examples_Total.lean|39|7228731597997214785	fail	translation	578	"crush: cvc5 did not emit an Alethe certificate: Proof unsupported by Alethe: contains operator DUMMY_SKOLEM. Set `crush.reconstruct` to ""auto"" to use core-directed reconstruction instead."
velvet	crush-alethe	1	Velvet/Examples/Examples_Total.lean|40|13073343856082995605	fail	translation	502	"crush: cvc5 did not emit an Alethe certificate: Proof unsupported by Alethe: contains operator DUMMY_SKOLEM. Set `crush.reconstruct` to ""auto"" to use core-directed reconstruction instead."
velvet	crush-alethe	1	Velvet/Examples/Examples_Total.lean|41|13635698331308129878	fail	translation	496	"crush: cvc5 did not emit an Alethe certificate: Proof unsupported by Alethe: contains operator DUMMY_SKOLEM. Set `crush.reconstruct` to ""auto"" to use core-directed reconstruction instead."
velvet	crush-alethe	1	Velvet/Examples/Examples_Total.lean|42|10800841518550636949	fail	translation	527	"crush: cvc5 did not emit an Alethe certificate: Proof unsupported by Alethe: contains operator DUMMY_SKOLEM. Set `crush.reconstruct` to ""auto"" to use core-directed reconstruction instead."
velvet	crush-alethe	1	Velvet/Examples/Examples_Total.lean|43|12457966505053151830	fail	translation	593	"crush: cvc5 did not emit an Alethe certificate: Proof unsupported by Alethe: contains operator DUMMY_SKOLEM. Set `crush.reconstruct` to ""auto"" to use core-directed reconstruction instead."
velvet	crush-alethe	1	Velvet/Examples/Examples_Total.lean|44|17578352201394481400	fail	translation	524	"crush: cvc5 did not emit an Alethe certificate: Proof unsupported by Alethe: contains operator DUMMY_SKOLEM. Set `crush.reconstruct` to ""auto"" to use core-directed reconstruction instead."
velvet	crush-alethe	1	Velvet/Examples/Examples_Total.lean|45|628191952620585962	fail	translation	499	"crush: cvc5 did not emit an Alethe certificate: Proof unsupported by Alethe: contains operator DUMMY_SKOLEM. Set `crush.reconstruct` to ""auto"" to use core-directed reconstruction instead."
velvet	crush-alethe	1	Velvet/Examples/Examples_Total.lean|46|5408980950461060684	fail	translation	496	"crush: cvc5 did not emit an Alethe certificate: Proof unsupported by Alethe: contains operator DUMMY_SKOLEM. Set `crush.reconstruct` to ""auto"" to use core-directed reconstruction instead."
velvet	crush-alethe	1	Velvet/Examples/Examples_Total.lean|47|17796805544787031687	fail	translation	499	"crush: cvc5 did not emit an Alethe certificate: Proof unsupported by Alethe: contains operator DUMMY_SKOLEM. Set `crush.reconstruct` to ""auto"" to use core-directed reconstruction instead."
velvet	crush-alethe	1	Velvet/Examples/Examples_Total.lean|48|12597585967811959528	fail	translation	553	"crush: cvc5 did not emit an Alethe certificate: Proof unsupported by Alethe: contains operator DUMMY_SKOLEM. Set `crush.reconstruct` to ""auto"" to use core-directed reconstruction instead."
velvet	crush-alethe	1	Velvet/Examples/Examples_Total.lean|49|17892696244691966181	fail	translation	541	"crush: cvc5 did not emit an Alethe certificate: Proof unsupported by Alethe: contains operator DUMMY_SKOLEM. Set `crush.reconstruct` to ""auto"" to use core-directed reconstruction instead."
velvet	crush-alethe	1	Velvet/Examples/Examples_Total.lean|50|11504389341422214604	fail	timeout	5494	crush: solver returned `unknown` (solver exited without a verdict: cvc5 interrupted by timeout.). Try increasing `crush.timeout` or adding hypotheses.
velvet	crush-alethe	1	Velvet/Examples/Examples_Total.lean|51|1828175149019549874	fail	translation	493	"crush: cvc5 did not emit an Alethe certificate: Proof unsupported by Alethe: contains operator DUMMY_SKOLEM. Set `crush.reconstruct` to ""auto"" to use core-directed reconstruction instead."
velvet	crush-alethe	1	Velvet/Examples/Examples_Total.lean|52|8027176826117333927	fail	translation	488	"crush: cvc5 did not emit an Alethe certificate: Proof unsupported by Alethe: contains operator DUMMY_SKOLEM. Set `crush.reconstruct` to ""auto"" to use core-directed reconstruction instead."
velvet	crush-alethe	1	Velvet/Examples/Examples_Total.lean|53|8642365996124661698	fail	translation	546	"crush: cvc5 did not emit an Alethe certificate: Proof unsupported by Alethe: contains operator DUMMY_SKOLEM. Set `crush.reconstruct` to ""auto"" to use core-directed reconstruction instead."
velvet	crush-alethe	1	Velvet/Examples/Examples_Total.lean|54|1031468476226669362	fail	translation	759	"crush: cvc5 did not emit an Alethe certificate: Proof unsupported by Alethe: contains operator DUMMY_SKOLEM. Set `crush.reconstruct` to ""auto"" to use core-directed reconstruction instead."
velvet	crush-alethe	1	Velvet/Examples/Examples_Total.lean|55|9859620190106577091	fail	translation	570	"crush: cvc5 did not emit an Alethe certificate: Proof unsupported by Alethe: contains operator DUMMY_SKOLEM. Set `crush.reconstruct` to ""auto"" to use core-directed reconstruction instead."
velvet	crush-alethe	1	Velvet/Examples/Examples_Total.lean|56|7745518040588453633	pass	-	3	-
velvet	crush-alethe	1	Velvet/Examples/Examples_Total.lean|57|7275559839122250210	pass	-	3	-
velvet	crush-alethe	1	Velvet/Examples/Examples_Total.lean|58|17809363630590163151	fail	translation	551	"crush: cvc5 did not emit an Alethe certificate: Proof unsupported by Alethe: contains operator DUMMY_SKOLEM. Set `crush.reconstruct` to ""auto"" to use core-directed reconstruction instead."
velvet	crush-alethe	1	Velvet/Examples/Examples_Total.lean|59|3756677303263535492	fail	translation	518	"crush: cvc5 did not emit an Alethe certificate: Proof unsupported by Alethe: contains operator DUMMY_SKOLEM. Set `crush.reconstruct` to ""auto"" to use core-directed reconstruction instead."
velvet	crush-alethe	1	Velvet/Examples/Examples_Total.lean|60|4049183095434299843	pass	-	3	-
velvet	crush-alethe	1	Velvet/Examples/Examples_Total.lean|61|845228717509319176	fail	translation	509	"crush: cvc5 did not emit an Alethe certificate: Proof unsupported by Alethe: contains operator DUMMY_SKOLEM. Set `crush.reconstruct` to ""auto"" to use core-directed reconstruction instead."
velvet	crush-alethe	1	Velvet/Examples/Examples_Total.lean|62|14080923781397173690	fail	translation	535	"crush: cvc5 did not emit an Alethe certificate: Proof unsupported by Alethe: contains operator DUMMY_SKOLEM. Set `crush.reconstruct` to ""auto"" to use core-directed reconstruction instead."
velvet	crush-alethe	1	Velvet/Examples/Examples_Total.lean|63|2013384436827156188	fail	translation	524	"crush: cvc5 did not emit an Alethe certificate: Proof unsupported by Alethe: contains operator DUMMY_SKOLEM. Set `crush.reconstruct` to ""auto"" to use core-directed reconstruction instead."
velvet	crush-alethe	1	Velvet/Examples/Examples_Total.lean|64|4049183095434299843	pass	-	3	-
velvet	crush-alethe	1	Velvet/Examples/Examples_Total.lean|65|7275559839122250210	pass	-	2	-
velvet	crush-alethe	1	Velvet/Examples/Examples_Total.lean|66|14080923781397173690	fail	translation	534	"crush: cvc5 did not emit an Alethe certificate: Proof unsupported by Alethe: contains operator DUMMY_SKOLEM. Set `crush.reconstruct` to ""auto"" to use core-directed reconstruction instead."
velvet	crush-alethe	1	Velvet/Examples/Examples_Total.lean|67|5112937323286018014	fail	translation	493	"crush: cvc5 did not emit an Alethe certificate: Proof unsupported by Alethe: contains operator DUMMY_SKOLEM. Set `crush.reconstruct` to ""auto"" to use core-directed reconstruction instead."
velvet	crush-alethe	1	Velvet/Examples/Examples_Total.lean|68|4559485301326837329	fail	translation	501	"crush: cvc5 did not emit an Alethe certificate: Proof unsupported by Alethe: contains operator DUMMY_SKOLEM. Set `crush.reconstruct` to ""auto"" to use core-directed reconstruction instead."
velvet	crush-alethe	1	Velvet/Examples/Examples_Total.lean|69|6911359079999020658	pass	-	2	-
velvet	crush-alethe	1	Velvet/Examples/Examples_Total.lean|70|16395326812896940336	fail	translation	514	"crush: cvc5 did not emit an Alethe certificate: Proof unsupported by Alethe: contains operator DUMMY_SKOLEM. Set `crush.reconstruct` to ""auto"" to use core-directed reconstruction instead."
velvet	crush-alethe	1	Velvet/Examples/Examples_Total.lean|71|18362062349273978007	fail	translation	559	"crush: cvc5 did not emit an Alethe certificate: Proof unsupported by Alethe: contains operator DUMMY_SKOLEM. Set `crush.reconstruct` to ""auto"" to use core-directed reconstruction instead."
velvet	crush-alethe	1	Velvet/Examples/Examples_Total.lean|72|8802921734925604215	fail	translation	532	"crush: cvc5 did not emit an Alethe certificate: Proof unsupported by Alethe: contains operator DUMMY_SKOLEM. Set `crush.reconstruct` to ""auto"" to use core-directed reconstruction instead."
velvet	crush-alethe	1	Velvet/Examples/Examples_Total.lean|73|8723303018838369810	pass	-	4	-
velvet	crush-alethe	1	Velvet/Examples/GCD.lean|1|4384199359441751320	pass	-	3	-
velvet	crush-alethe	1	Velvet/Examples/GCD.lean|2|9601099415740649235	fail	reconstruction	587	"crush: Alethe replay failed with rule-gap at step `crush_fact_2`: decoded SMT assumption was not derivable from its Lean source fact; certificate term: (forall ((q_2 Int)) (=> (>= q_2 0) (forall ((q_3 Int)) (=> (>= q_3 0) (=> (< 0 q_3) (< (ite (= q_3 0) q_2 (mod q_2 q_3)) q_3)))))). Set `crush.reconstruct` to ""auto"" to fall back to the core-directed finishers."
velvet	crush-alethe	1	Velvet/Examples/GCD.lean|3|1185000637665826843	pass	-	1	-
velvet	crush-alethe	1	Velvet/Examples/IsNonPrime.lean|1|3150397294412475763	fail	tactic	1172	crush: could not prove the goal — the solver found a model:     n := 0     isPrime := true The encoding is incomplete, so a model does not necessarily describe a Lean counterexample.
velvet	crush-alethe	1	Velvet/Examples/IsNonPrime.lean|2|8498703091421742660	fail	reconstruction	1731	"crush: Alethe replay failed with rule-gap at step `crush_fact_2`: decoded SMT assumption was not derivable from its Lean source fact; certificate term: (= (= ret_2 false) (forall ((q_3 Int)) (=> (>= q_3 0) (=> (<= 2 q_3) (=> (< q_3 i_1) (not (= (ite (= q_3 0) n_0 (mod n_0 q_3)) 0))))))). Set `crush.reconstruct` to ""auto"" to fall back to the core-directed finishers."
velvet	crush-alethe	1	Velvet/Examples/IsNonPrime.lean|3|15405612526479945524	fail	reconstruction	1834	"crush: Alethe replay failed with rule-gap at step `crush_fact_2`: decoded SMT assumption was not derivable from its Lean source fact; certificate term: (= (= ret_2 false) (forall ((q_3 Int)) (=> (>= q_3 0) (=> (<= 2 q_3) (=> (< q_3 i_1) (not (= (ite (= q_3 0) n_0 (mod n_0 q_3)) 0))))))). Set `crush.reconstruct` to ""auto"" to fall back to the core-directed finishers."
velvet	crush-alethe	1	Velvet/Examples/IsNonPrime.lean|4|3635621084297233985	fail	reconstruction	1717	"crush: Alethe replay failed with rule-gap at step `crush_fact_2`: decoded SMT assumption was not derivable from its Lean source fact; certificate term: (= (= ret_2 false) (forall ((q_3 Int)) (=> (>= q_3 0) (=> (<= 2 q_3) (=> (< q_3 i_1) (not (= (ite (= q_3 0) n_0 (mod n_0 q_3)) 0))))))). Set `crush.reconstruct` to ""auto"" to fall back to the core-directed finishers."
velvet	crush-alethe	1	Velvet/Examples/IsNonPrime.lean|5|8498703091421742660	fail	reconstruction	1731	"crush: Alethe replay failed with rule-gap at step `crush_fact_2`: decoded SMT assumption was not derivable from its Lean source fact; certificate term: (= (= ret_2 false) (forall ((q_3 Int)) (=> (>= q_3 0) (=> (<= 2 q_3) (=> (< q_3 i_1) (not (= (ite (= q_3 0) n_0 (mod n_0 q_3)) 0))))))). Set `crush.reconstruct` to ""auto"" to fall back to the core-directed finishers."
velvet	crush-alethe	1	Velvet/Examples/IsNonPrime.lean|6|15497101072354692966	fail	timeout	6117	crush: solver returned `unknown` (solver exited without a verdict: cvc5 interrupted by timeout.). Try increasing `crush.timeout` or adding hypotheses.
velvet	crush-alethe	1	Velvet/Examples/IsNonPrime.lean|7|3635621084297233985	fail	reconstruction	1723	"crush: Alethe replay failed with rule-gap at step `crush_fact_2`: decoded SMT assumption was not derivable from its Lean source fact; certificate term: (= (= ret_2 false) (forall ((q_3 Int)) (=> (>= q_3 0) (=> (<= 2 q_3) (=> (< q_3 i_1) (not (= (ite (= q_3 0) n_0 (mod n_0 q_3)) 0))))))). Set `crush.reconstruct` to ""auto"" to fall back to the core-directed finishers."
velvet	crush-alethe	1	Velvet/Examples/IsNonPrime.lean|8|8419734978408419013	pass	-	3	-
velvet	crush-alethe	1	Velvet/Examples/IsNonPrime.lean|9|18150307703072330979	pass	-	4	-
velvet	crush-alethe	1	Velvet/Examples/IsNonPrime.lean|10|1456886557593529150	pass	-	2	-
velvet	crush-alethe	1	Velvet/Examples/IsNonPrime.lean|11|16017810969246570786	fail	reconstruction	1644	"crush: Alethe replay failed with rule-gap at step `crush_fact_2`: decoded SMT assumption was not derivable from its Lean source fact; certificate term: (= (= ret_2 false) (forall ((q_3 Int)) (=> (>= q_3 0) (=> (<= 2 q_3) (=> (< q_3 i_1) (not (= (ite (= q_3 0) n_0 (mod n_0 q_3)) 0))))))). Set `crush.reconstruct` to ""auto"" to fall back to the core-directed finishers."
velvet	crush-alethe	1	Velvet/Examples/IsNonPrime.lean|12|12543135627460772462	pass	-	1202	-
velvet	crush-alethe	1	Velvet/Examples/IsNonPrime.lean|13|1572539502098385654	pass	-	2373	-
velvet	crush-alethe	1	Velvet/Examples/IsNonPrime.lean|14|11076373139303988464	pass	-	1517	-
velvet	crush-alethe	1	Velvet/Examples/IsNonPrime.lean|15|15559572021364972958	fail	timeout	6106	crush: solver returned `unknown` (solver exited without a verdict: cvc5 interrupted by timeout.). Try increasing `crush.timeout` or adding hypotheses.
velvet	crush-alethe	1	Velvet/Examples/IsSorted.lean|1|11207960766534651515	fail	translation	1275	"crush: cvc5 did not emit an Alethe certificate: Proof unsupported by Alethe: contains operator DUMMY_SKOLEM. Set `crush.reconstruct` to ""auto"" to use core-directed reconstruction instead."
velvet	crush-alethe	1	Velvet/Examples/IsSorted.lean|2|4413675682266163545	fail	translation	2825	"crush: cvc5 did not emit an Alethe certificate: Proof unsupported by Alethe: contains operator DUMMY_SKOLEM. Set `crush.reconstruct` to ""auto"" to use core-directed reconstruction instead."
velvet	crush-alethe	1	Velvet/Examples/IsSorted.lean|3|9518487208184120090	fail	translation	1174	"crush: cvc5 did not emit an Alethe certificate: Proof unsupported by Alethe: contains operator DUMMY_SKOLEM. Set `crush.reconstruct` to ""auto"" to use core-directed reconstruction instead."
velvet	crush-alethe	1	Velvet/Examples/IsSorted.lean|4|11207960766534651515	fail	translation	1065	"crush: cvc5 did not emit an Alethe certificate: Proof unsupported by Alethe: contains operator DUMMY_SKOLEM. Set `crush.reconstruct` to ""auto"" to use core-directed reconstruction instead."
velvet	crush-alethe	1	Velvet/Examples/IsSorted.lean|5|16465854614385299804	fail	translation	2893	"crush: cvc5 did not emit an Alethe certificate: Proof unsupported by Alethe: contains operator DUMMY_SKOLEM. Set `crush.reconstruct` to ""auto"" to use core-directed reconstruction instead."
velvet	crush-alethe	1	Velvet/Examples/IsSorted.lean|6|1749803822950348457	fail	translation	1118	"crush: cvc5 did not emit an Alethe certificate: Proof unsupported by Alethe: contains operator DUMMY_SKOLEM. Set `crush.reconstruct` to ""auto"" to use core-directed reconstruction instead."
velvet	crush-alethe	1	Velvet/Examples/IsSorted.lean|7|6461838523585744673	fail	translation	812	"crush: cvc5 did not emit an Alethe certificate: Proof unsupported by Alethe: contains operator DUMMY_SKOLEM. Set `crush.reconstruct` to ""auto"" to use core-directed reconstruction instead."
velvet	crush-alethe	1	Velvet/Examples/IsSorted.lean|8|5698263445699273715	fail	translation	1635	"crush: cvc5 did not emit an Alethe certificate: Proof unsupported by Alethe: contains operator DUMMY_SKOLEM. Set `crush.reconstruct` to ""auto"" to use core-directed reconstruction instead."
velvet	crush-alethe	1	Velvet/Examples/IsSorted.lean|9|1749803822950348457	fail	translation	823	"crush: cvc5 did not emit an Alethe certificate: Proof unsupported by Alethe: contains operator DUMMY_SKOLEM. Set `crush.reconstruct` to ""auto"" to use core-directed reconstruction instead."
velvet	crush-alethe	1	Velvet/Examples/IsSorted.lean|10|16458001095677251802	fail	translation	725	"crush: cvc5 did not emit an Alethe certificate: Proof unsupported by Alethe: contains operator DUMMY_SKOLEM. Set `crush.reconstruct` to ""auto"" to use core-directed reconstruction instead."
velvet	crush-alethe	1	Velvet/Examples/IsSorted.lean|11|11716511832970583731	fail	translation	696	"crush: cvc5 did not emit an Alethe certificate: Proof unsupported by Alethe: contains operator DUMMY_SKOLEM. Set `crush.reconstruct` to ""auto"" to use core-directed reconstruction instead."
velvet	crush-alethe	1	Velvet/Examples/IsSorted.lean|12|13412663338101939313	fail	translation	953	"crush: cvc5 did not emit an Alethe certificate: Proof unsupported by Alethe: contains operator DUMMY_SKOLEM. Set `crush.reconstruct` to ""auto"" to use core-directed reconstruction instead."
velvet	crush-alethe	1	Velvet/Examples/IsSorted.lean|13|10877051663303345536	fail	translation	572	"crush: cvc5 did not emit an Alethe certificate: Proof unsupported by Alethe: contains operator DUMMY_SKOLEM. Set `crush.reconstruct` to ""auto"" to use core-directed reconstruction instead."
velvet	crush-alethe	1	Velvet/Examples/IsSorted.lean|14|2102916384874846137	fail	translation	6344	"crush: cvc5 did not emit an Alethe certificate: Proof unsupported by Alethe: contains operator DUMMY_SKOLEM. Set `crush.reconstruct` to ""auto"" to use core-directed reconstruction instead."
velvet	crush-alethe	1	Velvet/Examples/MaxElem.lean|1|6189042491608852705	fail	translation	468	"crush: cvc5 did not emit an Alethe certificate: Proof unsupported by Alethe: contains operator DUMMY_SKOLEM. Set `crush.reconstruct` to ""auto"" to use core-directed reconstruction instead."
velvet	crush-alethe	1	Velvet/Examples/MaxElem.lean|2|13979591039540523316	fail	translation	463	"crush: cvc5 did not emit an Alethe certificate: Proof unsupported by Alethe: contains operator DUMMY_SKOLEM. Set `crush.reconstruct` to ""auto"" to use core-directed reconstruction instead."
velvet	crush-alethe	1	Velvet/Examples/MaxElem.lean|3|6189042491608852705	fail	translation	478	"crush: cvc5 did not emit an Alethe certificate: Proof unsupported by Alethe: contains operator DUMMY_SKOLEM. Set `crush.reconstruct` to ""auto"" to use core-directed reconstruction instead."
velvet	crush-alethe	1	Velvet/Examples/MaxElem.lean|4|3496913807798796367	fail	translation	497	"crush: cvc5 did not emit an Alethe certificate: Proof unsupported by Alethe: contains operator DUMMY_SKOLEM. Set `crush.reconstruct` to ""auto"" to use core-directed reconstruction instead."
velvet	crush-alethe	1	Velvet/Examples/MaxElem.lean|5|13935834157065255340	fail	translation	430	"crush: cvc5 did not emit an Alethe certificate: Proof unsupported by Alethe: contains operator DUMMY_SKOLEM. Set `crush.reconstruct` to ""auto"" to use core-directed reconstruction instead."
velvet	crush-alethe	1	Velvet/Examples/MaxElem.lean|6|10716558625718226994	fail	translation	439	"crush: cvc5 did not emit an Alethe certificate: Proof unsupported by Alethe: contains operator DUMMY_SKOLEM. Set `crush.reconstruct` to ""auto"" to use core-directed reconstruction instead."
velvet	crush-alethe	1	Velvet/Examples/MaxElem.lean|7|12429897440204793908	fail	translation	460	"crush: cvc5 did not emit an Alethe certificate: Proof unsupported by Alethe: contains operator DUMMY_SKOLEM. Set `crush.reconstruct` to ""auto"" to use core-directed reconstruction instead."
velvet	crush-alethe	1	Velvet/Examples/MaxElem.lean|8|6662270672118944889	fail	translation	454	"crush: cvc5 did not emit an Alethe certificate: Proof unsupported by Alethe: contains operator DUMMY_SKOLEM. Set `crush.reconstruct` to ""auto"" to use core-directed reconstruction instead."
velvet	crush-alethe	1	Velvet/Examples/MaxElem.lean|9|10294878435885712953	fail	translation	481	"crush: cvc5 did not emit an Alethe certificate: Proof unsupported by Alethe: contains operator DUMMY_SKOLEM. Set `crush.reconstruct` to ""auto"" to use core-directed reconstruction instead."
velvet	crush-alethe	1	Velvet/Examples/MaxElem.lean|10|15821608085576758365	fail	translation	463	"crush: cvc5 did not emit an Alethe certificate: Proof unsupported by Alethe: contains operator DUMMY_SKOLEM. Set `crush.reconstruct` to ""auto"" to use core-directed reconstruction instead."
velvet	crush-alethe	1	Velvet/Examples/MemAlloc.lean|1|633235845480694220	fail	unknown	1366	crush: solver returned `unknown` (no reason given). Try increasing `crush.timeout` or adding hypotheses.
velvet	crush-alethe	1	Velvet/Examples/MemAlloc.lean|2|12262280732602434251	fail	unknown	1251	crush: solver returned `unknown` (no reason given). Try increasing `crush.timeout` or adding hypotheses.
velvet	crush-alethe	1	Velvet/Examples/MemAlloc.lean|3|5395433166570123997	fail	reconstruction	1345	"crush: Alethe replay failed with term-gap at step `crush_fact_6`: selected SMT assumption could not be decoded; certificate term: (exists ((q_22 List_5)) (and (and (path_0 clo_11 free_listOld_15 q_22 p_23) (distinct_17 q_22)) (forall ((q_24 Int)) (=> (Mem_25 q_24 q_22) (< (block_size_20 q_24) size_19))))). Set `crush.reconstruct` to ""auto"" to fall back to the core-directed finishers."
velvet	crush-alethe	1	Velvet/Examples/MemAlloc.lean|4|7858921023181799469	fail	unknown	1285	crush: solver returned `unknown` (no reason given). Try increasing `crush.timeout` or adding hypotheses.
velvet	crush-alethe	1	Velvet/Examples/MemAlloc.lean|5|12307778664191690486	fail	reconstruction	1360	"crush: Alethe replay failed with term-gap at step `crush_fact_6`: selected SMT assumption could not be decoded; certificate term: (exists ((q_22 List_5)) (and (and (path_0 clo_11 free_listOld_15 q_22 p_23) (distinct_17 q_22)) (forall ((q_24 Int)) (=> (Mem_25 q_24 q_22) (< (block_size_20 q_24) size_19))))). Set `crush.reconstruct` to ""auto"" to fall back to the core-directed finishers."
velvet	crush-alethe	1	Velvet/Examples/MemAlloc.lean|6|14651957694487509304	fail	reconstruction	1307	"crush: Alethe replay failed with term-gap at step `crush_fact_6`: selected SMT assumption could not be decoded; certificate term: (exists ((q_22 List_5)) (and (and (path_0 clo_11 free_listOld_15 q_22 p_23) (distinct_17 q_22)) (forall ((q_24 Int)) (=> (Mem_25 q_24 q_22) (< (block_size_20 q_24) size_19))))). Set `crush.reconstruct` to ""auto"" to fall back to the core-directed finishers."
velvet	crush-alethe	1	Velvet/Examples/MemAlloc.lean|7|5395433166570123997	fail	reconstruction	1352	"crush: Alethe replay failed with term-gap at step `crush_fact_6`: selected SMT assumption could not be decoded; certificate term: (exists ((q_22 List_5)) (and (and (path_0 clo_11 free_listOld_15 q_22 p_23) (distinct_17 q_22)) (forall ((q_24 Int)) (=> (Mem_25 q_24 q_22) (< (block_size_20 q_24) size_19))))). Set `crush.reconstruct` to ""auto"" to fall back to the core-directed finishers."
velvet	crush-alethe	1	Velvet/Examples/MemAlloc.lean|8|12933711973000179377	pass	-	8	-
velvet	crush-alethe	1	Velvet/Examples/MemAlloc.lean|9|1502598827083788742	pass	-	7	-
velvet	crush-alethe	1	Velvet/Examples/MemAlloc.lean|10|5948121399058639032	pass	-	8	-
velvet	crush-alethe	1	Velvet/Examples/MemAlloc.lean|11|7320909626913503829	fail	reconstruction	1316	"crush: Alethe replay failed with term-gap at step `crush_fact_6`: selected SMT assumption could not be decoded; certificate term: (exists ((q_22 List_5)) (and (and (path_0 clo_11 free_listOld_15 q_22 p_23) (distinct_17 q_22)) (forall ((q_24 Int)) (=> (Mem_25 q_24 q_22) (< (block_size_20 q_24) size_19))))). Set `crush.reconstruct` to ""auto"" to fall back to the core-directed finishers."
velvet	crush-alethe	1	Velvet/Examples/MemAlloc.lean|12|13680370559755953061	fail	reconstruction	1321	"crush: Alethe replay failed with term-gap at step `crush_fact_6`: selected SMT assumption could not be decoded; certificate term: (exists ((q_22 List_5)) (and (and (path_0 clo_11 free_listOld_15 q_22 p_23) (distinct_17 q_22)) (forall ((q_24 Int)) (=> (Mem_25 q_24 q_22) (< (block_size_20 q_24) size_19))))). Set `crush.reconstruct` to ""auto"" to fall back to the core-directed finishers."
velvet	crush-alethe	1	Velvet/Examples/MemAlloc.lean|13|5395433166570123997	pass	-	1320	-
velvet	crush-alethe	1	Velvet/Examples/MemAlloc.lean|14|9725332222063365643	fail	unknown	1276	crush: solver returned `unknown` (no reason given). Try increasing `crush.timeout` or adding hypotheses.
velvet	crush-alethe	1	Velvet/Examples/MemAlloc.lean|15|400422252958227942	fail	unknown	1256	crush: solver returned `unknown` (no reason given). Try increasing `crush.timeout` or adding hypotheses.
velvet	crush-alethe	1	Velvet/Examples/MemAlloc.lean|16|880346177993498408	pass	-	1314	-
velvet	crush-alethe	1	Velvet/Examples/MemAlloc.lean|17|15369885961681168000	fail	unknown	1313	crush: solver returned `unknown` (no reason given). Try increasing `crush.timeout` or adding hypotheses.
velvet	crush-alethe	1	Velvet/Examples/MemAlloc.lean|18|633235845480694220	fail	unknown	1287	crush: solver returned `unknown` (no reason given). Try increasing `crush.timeout` or adding hypotheses.
velvet	crush-alethe	1	Velvet/Examples/Recursion.lean|1|9632926918213658529	pass	-	2	-
velvet	crush-alethe	1	Velvet/Examples/Recursion.lean|2|16321134497628070328	pass	-	926	-
velvet	crush-alethe	1	Velvet/Examples/Recursion.lean|3|15399959404188881270	fail	reconstruction	580	"crush: Alethe replay failed with rule-gap at step `crush_fact_0`: decoded SMT assumption was not derivable from its Lean source fact; certificate term: (not (exists ((q_0 Int)) (and (>= q_0 0) (< (+ inp_1 200) q_0)))). Set `crush.reconstruct` to ""auto"" to fall back to the core-directed finishers."
velvet	crush-alethe	1	Velvet/Examples/Recursion.lean|4|6729724634728447689	pass	-	1038	-
velvet	crush-alethe	1	Velvet/Examples/Recursion.lean|5|6331840417009367668	fail	reconstruction	514	"crush: Alethe replay failed with term-gap at step `t10` (rule `poly_simp`): certificate clause could not be decoded as a Lean proposition; certificate term: (cl (= (* -1/10 (to_real (- @p_9 @p_11))) (* -1/1 (- (to_real n_0) 1/10)))). Set `crush.reconstruct` to ""auto"" to fall back to the core-directed finishers."
velvet	crush-alethe	1	Velvet/Examples/Recursion.lean|6|928177310960349346	pass	-	1814	-
velvet	crush-alethe	1	Velvet/Examples/Recursion.lean|7|14502607232842720358	fail	reconstruction	792	"crush: Alethe replay failed with rule-gap at step `crush_fact_4`: decoded SMT assumption was not derivable from its Lean source fact; certificate term: (=> (< 0 n_0) (= @p_4 (* n_0 (fact_1 (ite (>= n_0 1) (- n_0 1) 0))))). Set `crush.reconstruct` to ""auto"" to fall back to the core-directed finishers."
velvet	crush-alethe	1	Velvet/Examples/Recursion.lean|8|5360899794933563671	fail	reconstruction	672	"crush: Alethe replay failed with rule-gap at step `crush_fact_1`: decoded SMT assumption was not derivable from its Lean source fact; certificate term: (= (fact_1 (ite (>= n_0 1) (- n_0 1) 0)) x_3). Set `crush.reconstruct` to ""auto"" to fall back to the core-directed finishers."
velvet	crush-alethe	1	Velvet/Examples/Recursion.lean|9|16083086069592683677	fail	reconstruction	754	"crush: Alethe replay failed with rule-gap at step `crush_fact_1`: decoded SMT assumption was not derivable from its Lean source fact; certificate term: (= (fact_1 (ite (>= n_0 1) (- n_0 1) 0)) x_3). Set `crush.reconstruct` to ""auto"" to fall back to the core-directed finishers."
velvet	crush-alethe	1	Velvet/Examples/Recursion.lean|10|17426933449823366573	fail	reconstruction	695	"crush: Alethe replay failed with rule-gap at step `crush_fact_1`: decoded SMT assumption was not derivable from its Lean source fact; certificate term: (= (fact_1 (ite (>= n_0 1) (- n_0 1) 0)) x_3). Set `crush.reconstruct` to ""auto"" to fall back to the core-directed finishers."
velvet	crush-alethe	1	Velvet/Examples/Recursion.lean|11|8436330743851721663	pass	-	2	-
velvet	crush-alethe	1	Velvet/Examples/Recursion.lean|12|5516634396000359850	pass	-	2	-
velvet	crush-alethe	1	Velvet/Examples/Recursion.lean|13|3040060259141493307	fail	reconstruction	742	"crush: Alethe replay failed with rule-gap at step `crush_fact_1`: decoded SMT assumption was not derivable from its Lean source fact; certificate term: (= (fact_1 (ite (>= n_0 1) (- n_0 1) 0)) x_3). Set `crush.reconstruct` to ""auto"" to fall back to the core-directed finishers."
velvet	crush-alethe	1	Velvet/Examples/Recursion.lean|14|8843960039229350233	fail	reconstruction	712	"crush: Alethe replay failed with rule-gap at step `crush_fact_1`: decoded SMT assumption was not derivable from its Lean source fact; certificate term: (= (fact_1 (ite (>= n_0 1) (- n_0 1) 0)) x_3). Set `crush.reconstruct` to ""auto"" to fall back to the core-directed finishers."
velvet	crush-alethe	1	Velvet/Examples/Recursion.lean|15|414362943496193222	fail	reconstruction	713	"crush: Alethe replay failed with rule-gap at step `crush_fact_1`: decoded SMT assumption was not derivable from its Lean source fact; certificate term: (= (fact_1 (ite (>= n_0 1) (- n_0 1) 0)) x_3). Set `crush.reconstruct` to ""auto"" to fall back to the core-directed finishers."
velvet	crush-alethe	1	Velvet/Examples/Recursion.lean|16|17682712502848666117	fail	reconstruction	767	"crush: Alethe replay failed with rule-gap at step `crush_fact_1`: decoded SMT assumption was not derivable from its Lean source fact; certificate term: (= (fact_1 (ite (>= n_0 1) (- n_0 1) 0)) x_3). Set `crush.reconstruct` to ""auto"" to fall back to the core-directed finishers."
velvet	crush-alethe	1	Velvet/Examples/Recursion.lean|17|10153057550358142642	pass	-	505	-
velvet	crush-alethe	1	Velvet/Examples/Recursion.lean|18|1511426402368662420	fail	reconstruction	715	"crush: Alethe replay failed with rule-gap at step `crush_fact_2`: decoded SMT assumption was not derivable from its Lean source fact; certificate term: (= (fact_0 @p_3) (* @p_3 (fact_0 (+ _hyg_2 1)))). Set `crush.reconstruct` to ""auto"" to fall back to the core-directed finishers."
velvet	crush-alethe	1	Velvet/Examples/Recursion.lean|19|12303175613740643342	fail	translation	474	"crush: cvc5 did not emit an Alethe certificate: Proof unsupported by Alethe: contains operator DUMMY_SKOLEM. Set `crush.reconstruct` to ""auto"" to use core-directed reconstruction instead."
velvet	crush-alethe	1	Velvet/Examples/Recursion.lean|20|10153057550358142642	fail	translation	514	"crush: cvc5 did not emit an Alethe certificate: Proof unsupported by Alethe: contains operator DUMMY_SKOLEM. Set `crush.reconstruct` to ""auto"" to use core-directed reconstruction instead."
velvet	crush-alethe	1	Velvet/Examples/Recursion.lean|21|419217539048902517	fail	translation	466	"crush: cvc5 did not emit an Alethe certificate: Proof unsupported by Alethe: contains operator DUMMY_SKOLEM. Set `crush.reconstruct` to ""auto"" to use core-directed reconstruction instead."
velvet	crush-alethe	1	Velvet/Examples/Recursion.lean|22|785945476856620183	pass	-	1	-
velvet	crush-alethe	1	Velvet/Examples/Recursion.lean|23|14100858011260313832	fail	translation	492	"crush: cvc5 did not emit an Alethe certificate: Proof unsupported by Alethe: contains operator DUMMY_SKOLEM. Set `crush.reconstruct` to ""auto"" to use core-directed reconstruction instead."
velvet	crush-alethe	1	Velvet/Examples/Recursion.lean|24|5439148242694091386	fail	translation	504	"crush: cvc5 did not emit an Alethe certificate: Proof unsupported by Alethe: contains operator DUMMY_SKOLEM. Set `crush.reconstruct` to ""auto"" to use core-directed reconstruction instead."
velvet	crush-alethe	1	Velvet/Examples/Recursion.lean|25|13358020527010658417	fail	translation	447	"crush: cvc5 did not emit an Alethe certificate: Proof unsupported by Alethe: contains operator DUMMY_SKOLEM. Set `crush.reconstruct` to ""auto"" to use core-directed reconstruction instead."
velvet	crush-alethe	1	Velvet/Examples/Recursion.lean|26|8603391761408256204	fail	translation	509	"crush: cvc5 did not emit an Alethe certificate: Proof unsupported by Alethe: contains operator DUMMY_SKOLEM. Set `crush.reconstruct` to ""auto"" to use core-directed reconstruction instead."
velvet	crush-alethe	1	Velvet/Examples/Recursion.lean|27|403261720200322615	fail	translation	468	"crush: cvc5 did not emit an Alethe certificate: Proof unsupported by Alethe: contains operator DUMMY_SKOLEM. Set `crush.reconstruct` to ""auto"" to use core-directed reconstruction instead."
velvet	crush-alethe	1	Velvet/Examples/Recursion.lean|28|13334821868243949956	fail	translation	519	"crush: cvc5 did not emit an Alethe certificate: Proof unsupported by Alethe: contains operator DUMMY_SKOLEM. Set `crush.reconstruct` to ""auto"" to use core-directed reconstruction instead."
velvet	crush-alethe	1	Velvet/Examples/Recursion.lean|29|10034441991535992553	fail	translation	445	"crush: cvc5 did not emit an Alethe certificate: Proof unsupported by Alethe: contains operator DUMMY_SKOLEM. Set `crush.reconstruct` to ""auto"" to use core-directed reconstruction instead."
velvet	crush-alethe	1	Velvet/Examples/Recursion.lean|30|8410732340261024813	fail	translation	535	"crush: cvc5 did not emit an Alethe certificate: Proof unsupported by Alethe: contains operator DUMMY_SKOLEM. Set `crush.reconstruct` to ""auto"" to use core-directed reconstruction instead."
velvet	crush-alethe	1	Velvet/Examples/Recursion.lean|31|13887296291903300382	fail	translation	490	"crush: cvc5 did not emit an Alethe certificate: Proof unsupported by Alethe: contains operator DUMMY_SKOLEM. Set `crush.reconstruct` to ""auto"" to use core-directed reconstruction instead."
velvet	crush-alethe	1	Velvet/Examples/Recursion.lean|32|6517665507579609563	fail	translation	522	"crush: cvc5 did not emit an Alethe certificate: Proof unsupported by Alethe: contains operator DUMMY_SKOLEM. Set `crush.reconstruct` to ""auto"" to use core-directed reconstruction instead."
velvet	crush-alethe	1	Velvet/Examples/Recursion.lean|33|1926823926199498616	pass	-	4	-
velvet	crush-alethe	1	Velvet/Examples/Recursion.lean|34|4691160922418792609	fail	translation	490	"crush: cvc5 did not emit an Alethe certificate: Proof unsupported by Alethe: contains operator DUMMY_SKOLEM. Set `crush.reconstruct` to ""auto"" to use core-directed reconstruction instead."
velvet	crush-alethe	1	Velvet/Examples/Recursion.lean|35|5459752633259142580	fail	translation	545	"crush: cvc5 did not emit an Alethe certificate: Proof unsupported by Alethe: contains operator DUMMY_SKOLEM. Set `crush.reconstruct` to ""auto"" to use core-directed reconstruction instead."
velvet	crush-alethe	1	Velvet/Examples/Recursion.lean|36|14235806948139691359	fail	translation	475	"crush: cvc5 did not emit an Alethe certificate: Proof unsupported by Alethe: contains operator DUMMY_SKOLEM. Set `crush.reconstruct` to ""auto"" to use core-directed reconstruction instead."
velvet	crush-alethe	1	Velvet/Examples/Recursion.lean|37|275146994291977655	pass	-	5	-
velvet	crush-alethe	1	Velvet/Examples/Recursion.lean|38|7037529583856086989	fail	translation	548	"crush: cvc5 did not emit an Alethe certificate: Proof unsupported by Alethe: contains operator DUMMY_SKOLEM. Set `crush.reconstruct` to ""auto"" to use core-directed reconstruction instead."
velvet	crush-alethe	1	Velvet/Examples/Recursion.lean|39|5348143843544294657	fail	translation	491	"crush: cvc5 did not emit an Alethe certificate: Proof unsupported by Alethe: contains operator DUMMY_SKOLEM. Set `crush.reconstruct` to ""auto"" to use core-directed reconstruction instead."
velvet	crush-alethe	1	Velvet/Examples/Recursion.lean|40|11865403806314311412	fail	translation	527	"crush: cvc5 did not emit an Alethe certificate: Proof unsupported by Alethe: contains operator DUMMY_SKOLEM. Set `crush.reconstruct` to ""auto"" to use core-directed reconstruction instead."
velvet	crush-alethe	1	Velvet/Examples/Recursion.lean|41|4528940613904177901	fail	timeout	10938	crush: solver returned `unknown` (solver exited without a verdict: cvc5 interrupted by timeout.). Try increasing `crush.timeout` or adding hypotheses.
velvet	crush-alethe	1	Velvet/Examples/Recursion.lean|42|4049183095434299843	pass	-	1	-
velvet	crush-alethe	1	Velvet/Examples/Recursion.lean|43|7275559839122250210	pass	-	2	-
velvet	crush-alethe	1	Velvet/Examples/Recursion.lean|44|7360868690920052366	pass	-	2	-
velvet	crush-alethe	1	Velvet/Examples/Recursion.lean|45|4851910658932930142	pass	-	3	-
velvet	crush-alethe	1	Velvet/Examples/Recursion.lean|46|7656706852135243209	pass	-	2	-
velvet	crush-alethe	1	Velvet/Examples/Recursion.lean|47|9897963110172432531	pass	-	1126	-
velvet	crush-alethe	1	Velvet/Examples/Recursion.lean|48|4049183095434299843	pass	-	3	-
velvet	crush-alethe	1	Velvet/Examples/Recursion.lean|49|4851910658932930142	pass	-	3	-
velvet	crush-alethe	1	Velvet/Examples/Recursion.lean|50|7656706852135243209	pass	-	2	-
velvet	crush-alethe	1	Velvet/Examples/Recursion.lean|51|5804668677648722939	fail	reconstruction	506	"crush: Alethe replay failed with term-gap at step `crush_fact_2`: selected SMT assumption could not be decoded; certificate term: (= (hPow_3 2 0) 1). Set `crush.reconstruct` to ""auto"" to fall back to the core-directed finishers."
velvet	crush-alethe	1	Velvet/Examples/Recursion.lean|52|5360899794933563671	fail	reconstruction	548	"crush: Alethe replay failed with term-gap at step `crush_fact_2`: selected SMT assumption could not be decoded; certificate term: (= (hPow_2 2 i_1) ans_5). Set `crush.reconstruct` to ""auto"" to fall back to the core-directed finishers."
velvet	crush-alethe	1	Velvet/Examples/Recursion.lean|53|2669204144888843361	fail	reconstruction	504	"crush: Alethe replay failed with term-gap at step `crush_fact_2`: selected SMT assumption could not be decoded; certificate term: (= (hPow_2 2 i_1) ans_5). Set `crush.reconstruct` to ""auto"" to fall back to the core-directed finishers."
velvet	crush-alethe	1	Velvet/Examples/Recursion.lean|54|17426933449823366573	fail	reconstruction	574	"crush: Alethe replay failed with term-gap at step `crush_fact_2`: selected SMT assumption could not be decoded; certificate term: (= (hPow_2 2 i_1) ans_5). Set `crush.reconstruct` to ""auto"" to fall back to the core-directed finishers."
velvet	crush-alethe	1	Velvet/Examples/Recursion.lean|55|8436330743851721663	pass	-	2	-
velvet	crush-alethe	1	Velvet/Examples/Recursion.lean|56|50664709297785488	pass	-	2	-
velvet	crush-alethe	1	Velvet/Examples/Recursion.lean|57|3040060259141493307	fail	reconstruction	532	"crush: Alethe replay failed with term-gap at step `crush_fact_2`: selected SMT assumption could not be decoded; certificate term: (= (hPow_2 2 i_1) ans_5). Set `crush.reconstruct` to ""auto"" to fall back to the core-directed finishers."
velvet	crush-alethe	1	Velvet/Examples/Recursion.lean|58|8843960039229350233	fail	reconstruction	489	"crush: Alethe replay failed with term-gap at step `crush_fact_2`: selected SMT assumption could not be decoded; certificate term: (= (hPow_3 2 0) 1). Set `crush.reconstruct` to ""auto"" to fall back to the core-directed finishers."
velvet	crush-alethe	1	Velvet/Examples/Recursion.lean|59|11033618788013063028	fail	reconstruction	518	"crush: Alethe replay failed with term-gap at step `crush_fact_2`: selected SMT assumption could not be decoded; certificate term: (= (hPow_3 2 0) 1). Set `crush.reconstruct` to ""auto"" to fall back to the core-directed finishers."
velvet	crush-alethe	1	Velvet/Examples/Recursion.lean|60|12960500676855313787	fail	reconstruction	558	"crush: Alethe replay failed with term-gap at step `crush_fact_2`: selected SMT assumption could not be decoded; certificate term: (= (hPow_2 2 i_1) ans_5). Set `crush.reconstruct` to ""auto"" to fall back to the core-directed finishers."
velvet	crush-alethe	1	Velvet/Examples/SmallHeartBeats.lean|1|15016508801900672495	fail	timeout	5486	crush: solver returned `unknown` (solver exited without a verdict: cvc5 interrupted by timeout.). Try increasing `crush.timeout` or adding hypotheses.
velvet	crush-alethe	1	Velvet/Examples/SmallHeartBeats.lean|2|15016508801900672495	fail	timeout	5496	crush: solver returned `unknown` (solver exited without a verdict: cvc5 interrupted by timeout.). Try increasing `crush.timeout` or adding hypotheses.
velvet	crush-alethe	1	Velvet/Examples/SmallHeartBeats.lean|3|2028202278093280602	fail	translation	5013	"crush: cvc5 did not emit an Alethe certificate: Proof unsupported by Alethe: contains operator DUMMY_SKOLEM. Set `crush.reconstruct` to ""auto"" to use core-directed reconstruction instead."
velvet	crush-alethe	1	Velvet/Examples/SmallHeartBeats.lean|4|15016508801900672495	fail	translation	5351	"crush: cvc5 did not emit an Alethe certificate: Proof unsupported by Alethe: contains operator DUMMY_SKOLEM. Set `crush.reconstruct` to ""auto"" to use core-directed reconstruction instead."
velvet	crush-alethe	1	Velvet/Examples/SmallHeartBeats.lean|5|15016508801900672495	fail	translation	5385	"crush: cvc5 did not emit an Alethe certificate: Proof unsupported by Alethe: contains operator DUMMY_SKOLEM. Set `crush.reconstruct` to ""auto"" to use core-directed reconstruction instead."
velvet	crush-alethe	1	Velvet/Examples/SmallHeartBeats.lean|6|3737123472131748703	fail	timeout	5489	crush: solver returned `unknown` (solver exited without a verdict: cvc5 interrupted by timeout.). Try increasing `crush.timeout` or adding hypotheses.
velvet	crush-alethe	1	Velvet/Examples/SmallHeartBeats.lean|7|7513237505621560861	fail	translation	497	"crush: cvc5 did not emit an Alethe certificate: Proof unsupported by Alethe: contains operator DUMMY_SKOLEM. Set `crush.reconstruct` to ""auto"" to use core-directed reconstruction instead."
velvet	crush-alethe	1	Velvet/Examples/SmallHeartBeats.lean|8|8096766621563827002	fail	translation	519	"crush: cvc5 did not emit an Alethe certificate: Proof unsupported by Alethe: contains operator DUMMY_SKOLEM. Set `crush.reconstruct` to ""auto"" to use core-directed reconstruction instead."
velvet	crush-alethe	1	Velvet/Examples/SmallHeartBeats.lean|9|18343663110535115658	fail	timeout	5529	crush: solver returned `unknown` (solver exited without a verdict: cvc5 interrupted by timeout.). Try increasing `crush.timeout` or adding hypotheses.
velvet	crush-alethe	1	Velvet/Examples/SpMSpV_Example.lean|1|1967192165379400567	pass	-	4	-
velvet	crush-alethe	1	Velvet/Examples/SpMSpV_Example.lean|2|8738685113314976701	fail	translation	537	"crush: cvc5 did not emit an Alethe certificate: Proof unsupported by Alethe: contains operator DUMMY_SKOLEM. Set `crush.reconstruct` to ""auto"" to use core-directed reconstruction instead."
velvet	crush-alethe	1	Velvet/Examples/SpMSpV_Example.lean|3|3203096880704497577	fail	translation	584	"crush: cvc5 did not emit an Alethe certificate: Proof unsupported by Alethe: contains operator DUMMY_SKOLEM. Set `crush.reconstruct` to ""auto"" to use core-directed reconstruction instead."
velvet	crush-alethe	1	Velvet/Examples/SpMSpV_Example.lean|4|13561229236986007424	pass	-	3	-
velvet	crush-alethe	1	Velvet/Examples/SpMSpV_Example.lean|5|4023749508134620518	pass	-	2	-
velvet	crush-alethe	1	Velvet/Examples/SpMSpV_Example.lean|6|6516497319029947851	pass	-	3	-
velvet	crush-alethe	1	Velvet/Examples/SpMSpV_Example.lean|7|6511268073169614694	fail	translation	532	"crush: cvc5 did not emit an Alethe certificate: Proof unsupported by Alethe: contains operator DUMMY_SKOLEM. Set `crush.reconstruct` to ""auto"" to use core-directed reconstruction instead."
velvet	crush-alethe	1	Velvet/Examples/SpMSpV_Example.lean|8|3467184461832131134	pass	-	1	-
velvet	crush-alethe	1	Velvet/Examples/SpMSpV_Example.lean|9|975338514235632457	fail	translation	501	"crush: cvc5 did not emit an Alethe certificate: Proof unsupported by Alethe: contains operator DUMMY_SKOLEM. Set `crush.reconstruct` to ""auto"" to use core-directed reconstruction instead."
velvet	crush-alethe	1	Velvet/Examples/SpMSpV_Example.lean|10|12341185047943028706	fail	translation	519	"crush: cvc5 did not emit an Alethe certificate: Proof unsupported by Alethe: contains operator DUMMY_SKOLEM. Set `crush.reconstruct` to ""auto"" to use core-directed reconstruction instead."
velvet	crush-alethe	1	Velvet/Examples/SpMSpV_Example.lean|11|17907350532264535304	pass	-	4	-
velvet	crush-alethe	1	Velvet/Examples/SpMSpV_Example.lean|12|6948348975417913427	pass	-	3	-
velvet	crush-alethe	1	Velvet/Examples/SpMSpV_Example.lean|13|2560064229450187973	pass	-	8	-
velvet	crush-alethe	1	Velvet/Examples/SpMSpV_Example.lean|14|11268031057524734514	pass	-	8	-
velvet	crush-alethe	1	Velvet/Examples/SpMSpV_Example.lean|15|10035930273513517515	fail	translation	605	"crush: cvc5 did not emit an Alethe certificate: Proof unsupported by Alethe: contains operator DUMMY_SKOLEM. Set `crush.reconstruct` to ""auto"" to use core-directed reconstruction instead."
velvet	crush-alethe	1	Velvet/Examples/SpMSpV_Example.lean|16|4828757563640441921	fail	translation	762	"crush: cvc5 did not emit an Alethe certificate: Proof unsupported by Alethe: contains operator DUMMY_SKOLEM. Set `crush.reconstruct` to ""auto"" to use core-directed reconstruction instead."
velvet	crush-alethe	1	Velvet/Examples/SpMSpV_Example.lean|17|11230331504797547582	pass	-	7	-
velvet	crush-alethe	1	Velvet/Examples/SpMSpV_Example.lean|18|17578923063843270768	pass	-	6	-
velvet	crush-alethe	1	Velvet/Examples/SpMSpV_Example.lean|19|9723121325275610683	fail	translation	558	"crush: cvc5 did not emit an Alethe certificate: Proof unsupported by Alethe: contains operator DUMMY_SKOLEM. Set `crush.reconstruct` to ""auto"" to use core-directed reconstruction instead."
velvet	crush-alethe	1	Velvet/Examples/SpMSpV_Example.lean|20|17138153512408342530	fail	translation	584	"crush: cvc5 did not emit an Alethe certificate: Proof unsupported by Alethe: contains operator DUMMY_SKOLEM. Set `crush.reconstruct` to ""auto"" to use core-directed reconstruction instead."
velvet	crush-alethe	1	Velvet/Examples/SpMSpV_Example.lean|21|1779879977175361606	fail	translation	567	"crush: cvc5 did not emit an Alethe certificate: Proof unsupported by Alethe: contains operator DUMMY_SKOLEM. Set `crush.reconstruct` to ""auto"" to use core-directed reconstruction instead."
velvet	crush-alethe	1	Velvet/Examples/SpMSpV_Example.lean|22|1927473323286999035	pass	-	1	-
velvet	crush-alethe	1	Velvet/Examples/SpMSpV_Example.lean|23|1927473323286999035	pass	-	0	-
velvet	crush-alethe	1	Velvet/Examples/SpMSpV_Example.lean|24|3184815126966959579	fail	translation	535	"crush: cvc5 did not emit an Alethe certificate: Proof unsupported by Alethe: contains operator DUMMY_SKOLEM. Set `crush.reconstruct` to ""auto"" to use core-directed reconstruction instead."
velvet	crush-alethe	1	Velvet/Examples/SpMSpV_Example.lean|25|1119395027554635835	fail	translation	563	"crush: cvc5 did not emit an Alethe certificate: Proof unsupported by Alethe: contains operator DUMMY_SKOLEM. Set `crush.reconstruct` to ""auto"" to use core-directed reconstruction instead."
velvet	crush-alethe	1	Velvet/Examples/SpMSpV_Example.lean|26|2867453267844152322	fail	translation	619	"crush: cvc5 did not emit an Alethe certificate: Proof unsupported by Alethe: contains operator DUMMY_SKOLEM. Set `crush.reconstruct` to ""auto"" to use core-directed reconstruction instead."
velvet	crush-alethe	1	Velvet/Examples/SpMSpV_Example.lean|27|16615537408723427288	pass	-	9	-
velvet	crush-alethe	1	Velvet/Examples/SpMSpV_Example.lean|28|7752079179715214779	pass	-	4	-
velvet	crush-alethe	1	Velvet/Examples/SpMSpV_Example.lean|29|12365816836206760017	fail	translation	641	"crush: cvc5 did not emit an Alethe certificate: Proof unsupported by Alethe: contains operator DUMMY_SKOLEM. Set `crush.reconstruct` to ""auto"" to use core-directed reconstruction instead."
velvet	crush-alethe	1	Velvet/Examples/SpMSpV_Example.lean|30|14837198768818932204	fail	translation	777	"crush: cvc5 did not emit an Alethe certificate: Proof unsupported by Alethe: contains operator DUMMY_SKOLEM. Set `crush.reconstruct` to ""auto"" to use core-directed reconstruction instead."
velvet	crush-alethe	1	Velvet/Examples/SpMSpV_Example.lean|31|13561229236986007424	pass	-	5	-
velvet	crush-alethe	1	Velvet/Examples/SpMSpV_Example.lean|32|15323100967004739210	fail	translation	648	"crush: cvc5 did not emit an Alethe certificate: Proof unsupported by Alethe: contains operator DUMMY_SKOLEM. Set `crush.reconstruct` to ""auto"" to use core-directed reconstruction instead."
velvet	crush-alethe	1	Velvet/Examples/SpMSpV_Example.lean|33|10656169208955874266	fail	translation	690	"crush: cvc5 did not emit an Alethe certificate: Proof unsupported by Alethe: contains operator DUMMY_SKOLEM. Set `crush.reconstruct` to ""auto"" to use core-directed reconstruction instead."
velvet	crush-alethe	1	Velvet/Examples/SpMSpV_Example.lean|34|13561229236986007424	pass	-	5	-
velvet	crush-alethe	1	Velvet/Examples/SpMSpV_Example.lean|35|9762937465648280212	fail	translation	637	"crush: cvc5 did not emit an Alethe certificate: Proof unsupported by Alethe: contains operator DUMMY_SKOLEM. Set `crush.reconstruct` to ""auto"" to use core-directed reconstruction instead."
velvet	crush-alethe	1	Velvet/Examples/SpMSpV_Example.lean|36|2195194365498566470	fail	translation	683	"crush: cvc5 did not emit an Alethe certificate: Proof unsupported by Alethe: contains operator DUMMY_SKOLEM. Set `crush.reconstruct` to ""auto"" to use core-directed reconstruction instead."
velvet	crush-alethe	1	Velvet/Examples/SpMSpV_Example.lean|37|13561229236986007424	pass	-	3	-
velvet	crush-alethe	1	Velvet/Examples/SpMSpV_Example.lean|38|11853401597336712609	fail	translation	626	"crush: cvc5 did not emit an Alethe certificate: Proof unsupported by Alethe: contains operator DUMMY_SKOLEM. Set `crush.reconstruct` to ""auto"" to use core-directed reconstruction instead."
velvet	crush-alethe	1	Velvet/Examples/SpMSpV_Example.lean|39|8906564304959696025	pass	-	4	-
velvet	crush-alethe	1	Velvet/Examples/SpMSpV_Example.lean|40|2836632441074815746	fail	translation	621	"crush: cvc5 did not emit an Alethe certificate: Proof unsupported by Alethe: contains operator DUMMY_SKOLEM. Set `crush.reconstruct` to ""auto"" to use core-directed reconstruction instead."
velvet	crush-alethe	1	Velvet/Examples/SpMSpV_Example.lean|41|3467184461832131134	pass	-	1	-
velvet	crush-alethe	1	Velvet/Examples/SpMSpV_Example.lean|42|9157999431728333977	fail	translation	562	"crush: cvc5 did not emit an Alethe certificate: Proof unsupported by Alethe: contains operator DUMMY_SKOLEM. Set `crush.reconstruct` to ""auto"" to use core-directed reconstruction instead."
velvet	crush-alethe	1	Velvet/Examples/SpMSpV_Example.lean|43|12484676100150332319	fail	translation	652	"crush: cvc5 did not emit an Alethe certificate: Proof unsupported by Alethe: contains operator DUMMY_SKOLEM. Set `crush.reconstruct` to ""auto"" to use core-directed reconstruction instead."
velvet	crush-alethe	1	Velvet/Examples/SpMSpV_Example.lean|44|6547543738413559297	fail	translation	657	"crush: cvc5 did not emit an Alethe certificate: Proof unsupported by Alethe: contains operator DUMMY_SKOLEM. Set `crush.reconstruct` to ""auto"" to use core-directed reconstruction instead."
velvet	crush-alethe	1	Velvet/Examples/SpMSpV_Example.lean|45|4428589781148415831	pass	-	5	-
velvet	crush-alethe	1	Velvet/Examples/SpMSpV_Example.lean|46|10600388612998636634	pass	-	12	-
velvet	crush-alethe	1	Velvet/Examples/SpMSpV_Example.lean|47|12568830336983413194	pass	-	11	-
velvet	crush-alethe	1	Velvet/Examples/SpMSpV_Example.lean|48|326977185203169709	pass	-	11	-
velvet	crush-alethe	1	Velvet/Examples/SpMSpV_Example.lean|49|16599719904663808863	fail	translation	691	"crush: cvc5 did not emit an Alethe certificate: Proof unsupported by Alethe: contains operator DUMMY_SKOLEM. Set `crush.reconstruct` to ""auto"" to use core-directed reconstruction instead."
velvet	crush-alethe	1	Velvet/Examples/SpMSpV_Example.lean|50|9413868035314052637	fail	translation	675	"crush: cvc5 did not emit an Alethe certificate: Proof unsupported by Alethe: contains operator DUMMY_SKOLEM. Set `crush.reconstruct` to ""auto"" to use core-directed reconstruction instead."
velvet	crush-alethe	1	Velvet/Examples/SpMSpV_Example.lean|51|11331147013392176036	fail	translation	1064	"crush: cvc5 did not emit an Alethe certificate: Proof unsupported by Alethe: contains operator DUMMY_SKOLEM. Set `crush.reconstruct` to ""auto"" to use core-directed reconstruction instead."
velvet	crush-alethe	1	Velvet/Examples/SpMSpV_Example.lean|52|3439126561156933339	pass	-	13	-
velvet	crush-alethe	1	Velvet/Examples/SpMSpV_Example.lean|53|12568830336983413194	pass	-	11	-
velvet	crush-alethe	1	Velvet/Examples/SpMSpV_Example.lean|54|17578923063843270768	pass	-	10	-
velvet	crush-alethe	1	Velvet/Examples/SpMSpV_Example.lean|55|16599719904663808863	fail	translation	705	"crush: cvc5 did not emit an Alethe certificate: Proof unsupported by Alethe: contains operator DUMMY_SKOLEM. Set `crush.reconstruct` to ""auto"" to use core-directed reconstruction instead."
velvet	crush-alethe	1	Velvet/Examples/SpMSpV_Example.lean|56|14915918579342464454	fail	translation	662	"crush: cvc5 did not emit an Alethe certificate: Proof unsupported by Alethe: contains operator DUMMY_SKOLEM. Set `crush.reconstruct` to ""auto"" to use core-directed reconstruction instead."
velvet	crush-alethe	1	Velvet/Examples/SpMSpV_Example.lean|57|9290686424640906065	fail	translation	1233	"crush: cvc5 did not emit an Alethe certificate: Proof unsupported by Alethe: contains operator DUMMY_SKOLEM. Set `crush.reconstruct` to ""auto"" to use core-directed reconstruction instead."
velvet	crush-alethe	1	Velvet/Examples/SpMSpV_Example.lean|58|10600388612998636634	pass	-	13	-
velvet	crush-alethe	1	Velvet/Examples/SpMSpV_Example.lean|59|4457183463164791376	pass	-	11	-
velvet	crush-alethe	1	Velvet/Examples/SpMSpV_Example.lean|60|17578923063843270768	pass	-	11	-
velvet	crush-alethe	1	Velvet/Examples/SpMSpV_Example.lean|61|4823872097887552574	fail	translation	668	"crush: cvc5 did not emit an Alethe certificate: Proof unsupported by Alethe: contains operator DUMMY_SKOLEM. Set `crush.reconstruct` to ""auto"" to use core-directed reconstruction instead."
velvet	crush-alethe	1	Velvet/Examples/SpMSpV_Example.lean|62|9413868035314052637	fail	translation	712	"crush: cvc5 did not emit an Alethe certificate: Proof unsupported by Alethe: contains operator DUMMY_SKOLEM. Set `crush.reconstruct` to ""auto"" to use core-directed reconstruction instead."
velvet	crush-alethe	1	Velvet/Examples/SpMSpV_Example.lean|63|4033875047981720732	fail	translation	1410	"crush: cvc5 did not emit an Alethe certificate: Proof unsupported by Alethe: contains operator DUMMY_SKOLEM. Set `crush.reconstruct` to ""auto"" to use core-directed reconstruction instead."
velvet	crush-alethe	1	Velvet/Examples/SpMSpV_Example.lean|64|3439126561156933339	pass	-	8	-
velvet	crush-alethe	1	Velvet/Examples/SpMSpV_Example.lean|65|4457183463164791376	pass	-	7	-
velvet	crush-alethe	1	Velvet/Examples/SpMSpV_Example.lean|66|17578923063843270768	pass	-	7	-
velvet	crush-alethe	1	Velvet/Examples/SpMSpV_Example.lean|67|4823872097887552574	fail	translation	620	"crush: cvc5 did not emit an Alethe certificate: Proof unsupported by Alethe: contains operator DUMMY_SKOLEM. Set `crush.reconstruct` to ""auto"" to use core-directed reconstruction instead."
velvet	crush-alethe	1	Velvet/Examples/SpMSpV_Example.lean|68|14915918579342464454	fail	translation	609	"crush: cvc5 did not emit an Alethe certificate: Proof unsupported by Alethe: contains operator DUMMY_SKOLEM. Set `crush.reconstruct` to ""auto"" to use core-directed reconstruction instead."
velvet	crush-alethe	1	Velvet/Examples/SpMSpV_Example.lean|69|10972595422634862877	fail	translation	746	"crush: cvc5 did not emit an Alethe certificate: Proof unsupported by Alethe: contains operator DUMMY_SKOLEM. Set `crush.reconstruct` to ""auto"" to use core-directed reconstruction instead."
velvet	crush-alethe	1	Velvet/Examples/SpMSpV_Example.lean|70|8550776788309984180	fail	translation	664	"crush: cvc5 did not emit an Alethe certificate: Proof unsupported by Alethe: contains operator DUMMY_SKOLEM. Set `crush.reconstruct` to ""auto"" to use core-directed reconstruction instead."
velvet	crush-alethe	1	Velvet/Examples/SpMSpV_Example.lean|71|1927473323286999035	pass	-	1	-
velvet	crush-alethe	1	Velvet/Examples/SpMSpV_Example.lean|72|1927473323286999035	pass	-	1	-
velvet	crush-alethe	1	Velvet/Examples/SpMSpV_Example.lean|73|1927473323286999035	pass	-	0	-
velvet	crush-alethe	1	Velvet/Examples/SpMSpV_Example.lean|74|3184815126966959579	fail	translation	604	"crush: cvc5 did not emit an Alethe certificate: Proof unsupported by Alethe: contains operator DUMMY_SKOLEM. Set `crush.reconstruct` to ""auto"" to use core-directed reconstruction instead."
velvet	crush-alethe	1	Velvet/Examples/SpMSpV_Example.lean|75|5592904318722155373	fail	translation	574	"crush: cvc5 did not emit an Alethe certificate: Proof unsupported by Alethe: contains operator DUMMY_SKOLEM. Set `crush.reconstruct` to ""auto"" to use core-directed reconstruction instead."
velvet	crush-alethe	1	Velvet/Examples/SpMSpV_Example.lean|76|9139246173028146264	fail	translation	758	"crush: cvc5 did not emit an Alethe certificate: Proof unsupported by Alethe: contains operator DUMMY_SKOLEM. Set `crush.reconstruct` to ""auto"" to use core-directed reconstruction instead."
velvet	crush-alethe	1	Velvet/Examples/SpMSpV_Example.lean|77|1600226093076966364	fail	translation	855	"crush: cvc5 did not emit an Alethe certificate: Proof unsupported by Alethe: contains operator DUMMY_SKOLEM. Set `crush.reconstruct` to ""auto"" to use core-directed reconstruction instead."
velvet	crush-alethe	1	Velvet/Examples/SpMSpV_Example.lean|78|16615823506960250981	pass	-	13	-
velvet	crush-alethe	1	Velvet/Examples/SubstringSearch.lean|1|18217664312208415458	fail	translation	492	"crush: cvc5 did not emit an Alethe certificate: Proof unsupported by Alethe: contains operator DUMMY_SKOLEM. Set `crush.reconstruct` to ""auto"" to use core-directed reconstruction instead."
velvet	crush-alethe	1	Velvet/Examples/SubstringSearch.lean|2|14717207787831772510	fail	translation	499	"crush: cvc5 did not emit an Alethe certificate: Proof unsupported by Alethe: contains operator DUMMY_SKOLEM. Set `crush.reconstruct` to ""auto"" to use core-directed reconstruction instead."
velvet	crush-alethe	1	Velvet/Examples/SubstringSearch.lean|3|10323933724704776680	fail	translation	504	"crush: cvc5 did not emit an Alethe certificate: Proof unsupported by Alethe: contains operator DUMMY_SKOLEM. Set `crush.reconstruct` to ""auto"" to use core-directed reconstruction instead."
velvet	crush-alethe	1	Velvet/Examples/SubstringSearch.lean|4|8391554914672281118	fail	translation	495	"crush: cvc5 did not emit an Alethe certificate: Proof unsupported by Alethe: contains operator DUMMY_SKOLEM. Set `crush.reconstruct` to ""auto"" to use core-directed reconstruction instead."
velvet	crush-alethe	1	Velvet/Examples/SubstringSearch.lean|5|6640297411548399355	fail	translation	486	"crush: cvc5 did not emit an Alethe certificate: Proof unsupported by Alethe: contains operator DUMMY_SKOLEM. Set `crush.reconstruct` to ""auto"" to use core-directed reconstruction instead."
velvet	crush-alethe	1	Velvet/Examples/SubstringSearch.lean|6|4492008039209323302	fail	translation	537	"crush: cvc5 did not emit an Alethe certificate: Proof unsupported by Alethe: contains operator DUMMY_SKOLEM. Set `crush.reconstruct` to ""auto"" to use core-directed reconstruction instead."
velvet	crush-alethe	1	Velvet/Examples/SubstringSearch.lean|7|16506446102682745284	fail	translation	532	"crush: cvc5 did not emit an Alethe certificate: Proof unsupported by Alethe: contains operator DUMMY_SKOLEM. Set `crush.reconstruct` to ""auto"" to use core-directed reconstruction instead."
velvet	crush-alethe	1	Velvet/Examples/SubstringSearch.lean|8|4056255141881592010	fail	translation	531	"crush: cvc5 did not emit an Alethe certificate: Proof unsupported by Alethe: contains operator DUMMY_SKOLEM. Set `crush.reconstruct` to ""auto"" to use core-directed reconstruction instead."
velvet	crush-alethe	1	Velvet/Examples/SubstringSearch.lean|9|10653939026877543916	fail	translation	524	"crush: cvc5 did not emit an Alethe certificate: Proof unsupported by Alethe: contains operator DUMMY_SKOLEM. Set `crush.reconstruct` to ""auto"" to use core-directed reconstruction instead."
velvet	crush-alethe	1	Velvet/Examples/SubstringSearch.lean|10|11759649870705798849	pass	-	20	-
velvet	crush-alethe	1	Velvet/Examples/SubstringSearch.lean|11|18143633401136980304	fail	translation	534	"crush: cvc5 did not emit an Alethe certificate: Proof unsupported by Alethe: contains operator DUMMY_SKOLEM. Set `crush.reconstruct` to ""auto"" to use core-directed reconstruction instead."
velvet	crush-alethe	1	Velvet/Examples/SubstringSearch.lean|12|16856248441874989194	fail	translation	544	"crush: cvc5 did not emit an Alethe certificate: Proof unsupported by Alethe: contains operator DUMMY_SKOLEM. Set `crush.reconstruct` to ""auto"" to use core-directed reconstruction instead."
velvet	crush-alethe	1	Velvet/Examples/SubstringSearch.lean|13|1598574868652780333	fail	translation	558	"crush: cvc5 did not emit an Alethe certificate: Proof unsupported by Alethe: contains operator DUMMY_SKOLEM. Set `crush.reconstruct` to ""auto"" to use core-directed reconstruction instead."
velvet	crush-alethe	1	Velvet/Examples/SubstringSearch.lean|14|6083540873046640352	fail	translation	581	"crush: cvc5 did not emit an Alethe certificate: Proof unsupported by Alethe: contains operator DUMMY_SKOLEM. Set `crush.reconstruct` to ""auto"" to use core-directed reconstruction instead."
velvet	crush-alethe	1	Velvet/Examples/SubstringSearch.lean|15|18314524564682266162	fail	translation	528	"crush: cvc5 did not emit an Alethe certificate: Proof unsupported by Alethe: contains operator DUMMY_SKOLEM. Set `crush.reconstruct` to ""auto"" to use core-directed reconstruction instead."
velvet	crush-alethe	1	Velvet/Examples/SubstringSearch.lean|16|14859665284842375974	fail	translation	530	"crush: cvc5 did not emit an Alethe certificate: Proof unsupported by Alethe: contains operator DUMMY_SKOLEM. Set `crush.reconstruct` to ""auto"" to use core-directed reconstruction instead."
velvet	crush-alethe	1	Velvet/Examples/SubstringSearch.lean|17|16859604855349517182	fail	timeout	5544	crush: solver returned `unknown` (solver exited without a verdict: cvc5 interrupted by timeout.). Try increasing `crush.timeout` or adding hypotheses.
velvet	crush-alethe	1	Velvet/Examples/SubstringSearch.lean|18|12762377925475098934	fail	translation	536	"crush: cvc5 did not emit an Alethe certificate: Proof unsupported by Alethe: contains operator DUMMY_SKOLEM. Set `crush.reconstruct` to ""auto"" to use core-directed reconstruction instead."
velvet	crush-alethe	1	Velvet/Examples/SubstringSearch.lean|19|4492008039209323302	fail	translation	525	"crush: cvc5 did not emit an Alethe certificate: Proof unsupported by Alethe: contains operator DUMMY_SKOLEM. Set `crush.reconstruct` to ""auto"" to use core-directed reconstruction instead."
velvet	crush-alethe	1	Velvet/Examples/SubstringSearch.lean|20|16506446102682745284	fail	translation	533	"crush: cvc5 did not emit an Alethe certificate: Proof unsupported by Alethe: contains operator DUMMY_SKOLEM. Set `crush.reconstruct` to ""auto"" to use core-directed reconstruction instead."
velvet	crush-alethe	1	Velvet/Examples/SubstringSearch.lean|21|4056255141881592010	fail	translation	530	"crush: cvc5 did not emit an Alethe certificate: Proof unsupported by Alethe: contains operator DUMMY_SKOLEM. Set `crush.reconstruct` to ""auto"" to use core-directed reconstruction instead."
velvet	crush-alethe	1	Velvet/Examples/SubstringSearch.lean|22|18313498382677451279	pass	-	20	-
velvet	crush-alethe	1	Velvet/Examples/SubstringSearch.lean|23|5902668824617064985	pass	-	19	-
velvet	crush-alethe	1	Velvet/Examples/SubstringSearch.lean|24|18214680451177329292	fail	translation	519	"crush: cvc5 did not emit an Alethe certificate: Proof unsupported by Alethe: contains operator DUMMY_SKOLEM. Set `crush.reconstruct` to ""auto"" to use core-directed reconstruction instead."
velvet	crush-alethe	1	Velvet/Examples/SubstringSearch.lean|25|4587180649363296126	fail	translation	521	"crush: cvc5 did not emit an Alethe certificate: Proof unsupported by Alethe: contains operator DUMMY_SKOLEM. Set `crush.reconstruct` to ""auto"" to use core-directed reconstruction instead."
velvet	crush-alethe	1	Velvet/Examples/SubstringSearch.lean|26|1598574868652780333	fail	translation	546	"crush: cvc5 did not emit an Alethe certificate: Proof unsupported by Alethe: contains operator DUMMY_SKOLEM. Set `crush.reconstruct` to ""auto"" to use core-directed reconstruction instead."
velvet	crush-alethe	1	Velvet/Examples/SubstringSearch.lean|27|7138545743425854663	fail	translation	542	"crush: cvc5 did not emit an Alethe certificate: Proof unsupported by Alethe: contains operator DUMMY_SKOLEM. Set `crush.reconstruct` to ""auto"" to use core-directed reconstruction instead."
velvet	crush-alethe	1	Velvet/Examples/SubstringSearch.lean|28|4681422515724674825	fail	translation	531	"crush: cvc5 did not emit an Alethe certificate: Proof unsupported by Alethe: contains operator DUMMY_SKOLEM. Set `crush.reconstruct` to ""auto"" to use core-directed reconstruction instead."
velvet	crush-alethe	1	Velvet/Examples/SubstringSearch.lean|29|14859665284842375974	fail	translation	543	"crush: cvc5 did not emit an Alethe certificate: Proof unsupported by Alethe: contains operator DUMMY_SKOLEM. Set `crush.reconstruct` to ""auto"" to use core-directed reconstruction instead."
velvet	crush-alethe	1	Velvet/Examples/SubstringSearch.lean|30|15621397202025328223	fail	timeout	5565	crush: solver returned `unknown` (solver exited without a verdict: cvc5 interrupted by timeout.). Try increasing `crush.timeout` or adding hypotheses.
velvet	crush-alethe	1	Velvet/Examples/SubstringSearch.lean|31|12762377925475098934	fail	translation	538	"crush: cvc5 did not emit an Alethe certificate: Proof unsupported by Alethe: contains operator DUMMY_SKOLEM. Set `crush.reconstruct` to ""auto"" to use core-directed reconstruction instead."
velvet	crush-alethe	1	Velvet/Examples/SubstringSearch.lean|32|6640297411548399355	fail	translation	517	"crush: cvc5 did not emit an Alethe certificate: Proof unsupported by Alethe: contains operator DUMMY_SKOLEM. Set `crush.reconstruct` to ""auto"" to use core-directed reconstruction instead."
velvet	crush-alethe	1	Velvet/Examples/SubstringSearch.lean|33|12035722151280848636	fail	translation	518	"crush: cvc5 did not emit an Alethe certificate: Proof unsupported by Alethe: contains operator DUMMY_SKOLEM. Set `crush.reconstruct` to ""auto"" to use core-directed reconstruction instead."
velvet	crush-alethe	1	Velvet/Examples/SubstringSearch.lean|34|4056255141881592010	fail	translation	547	"crush: cvc5 did not emit an Alethe certificate: Proof unsupported by Alethe: contains operator DUMMY_SKOLEM. Set `crush.reconstruct` to ""auto"" to use core-directed reconstruction instead."
velvet	crush-alethe	1	Velvet/Examples/SubstringSearch.lean|35|18313498382677451279	pass	-	19	-
velvet	crush-alethe	1	Velvet/Examples/SubstringSearch.lean|36|5902668824617064985	pass	-	18	-
velvet	crush-alethe	1	Velvet/Examples/SubstringSearch.lean|37|11007454110672083430	fail	translation	530	"crush: cvc5 did not emit an Alethe certificate: Proof unsupported by Alethe: contains operator DUMMY_SKOLEM. Set `crush.reconstruct` to ""auto"" to use core-directed reconstruction instead."
velvet	crush-alethe	1	Velvet/Examples/SubstringSearch.lean|38|4587180649363296126	fail	translation	524	"crush: cvc5 did not emit an Alethe certificate: Proof unsupported by Alethe: contains operator DUMMY_SKOLEM. Set `crush.reconstruct` to ""auto"" to use core-directed reconstruction instead."
velvet	crush-alethe	1	Velvet/Examples/SubstringSearch.lean|39|4995387128902807839	fail	translation	546	"crush: cvc5 did not emit an Alethe certificate: Proof unsupported by Alethe: contains operator DUMMY_SKOLEM. Set `crush.reconstruct` to ""auto"" to use core-directed reconstruction instead."
velvet	crush-alethe	1	Velvet/Examples/SubstringSearch.lean|40|7138545743425854663	fail	translation	556	"crush: cvc5 did not emit an Alethe certificate: Proof unsupported by Alethe: contains operator DUMMY_SKOLEM. Set `crush.reconstruct` to ""auto"" to use core-directed reconstruction instead."
velvet	crush-alethe	1	Velvet/Examples/SubstringSearch.lean|41|4681422515724674825	fail	translation	542	"crush: cvc5 did not emit an Alethe certificate: Proof unsupported by Alethe: contains operator DUMMY_SKOLEM. Set `crush.reconstruct` to ""auto"" to use core-directed reconstruction instead."
velvet	crush-alethe	1	Velvet/Examples/SubstringSearch.lean|42|9257442500105266102	fail	translation	533	"crush: cvc5 did not emit an Alethe certificate: Proof unsupported by Alethe: contains operator DUMMY_SKOLEM. Set `crush.reconstruct` to ""auto"" to use core-directed reconstruction instead."
velvet	crush-alethe	1	Velvet/Examples/SubstringSearch.lean|43|15621397202025328223	fail	translation	4069	"crush: cvc5 did not emit an Alethe certificate: Proof unsupported by Alethe: contains operator DUMMY_SKOLEM. Set `crush.reconstruct` to ""auto"" to use core-directed reconstruction instead."
velvet	crush-alethe	1	Velvet/Examples/SubstringSearch.lean|44|12762377925475098934	fail	translation	539	"crush: cvc5 did not emit an Alethe certificate: Proof unsupported by Alethe: contains operator DUMMY_SKOLEM. Set `crush.reconstruct` to ""auto"" to use core-directed reconstruction instead."
velvet	crush-alethe	1	Velvet/Examples/SubstringSearch.lean|45|14757371069243260877	pass	-	17	-
velvet	crush-alethe	1	Velvet/Examples/SubstringSearch.lean|46|10355523733004803458	pass	-	17	-
velvet	crush-alethe	1	Velvet/Examples/SubstringSearch.lean|47|802985032057732284	pass	-	18	-
velvet	crush-alethe	1	Velvet/Examples/SubstringSearch.lean|48|18313498382677451279	pass	-	16	-
velvet	crush-alethe	1	Velvet/Examples/SubstringSearch.lean|49|5902668824617064985	pass	-	16	-
velvet	crush-alethe	1	Velvet/Examples/SubstringSearch.lean|50|6469834297383728061	pass	-	17	-
velvet	crush-alethe	1	Velvet/Examples/SubstringSearch.lean|51|529893491977289627	pass	-	17	-
velvet	crush-alethe	1	Velvet/Examples/SubstringSearch.lean|52|7110337632391962636	fail	translation	528	"crush: cvc5 did not emit an Alethe certificate: Proof unsupported by Alethe: contains operator DUMMY_SKOLEM. Set `crush.reconstruct` to ""auto"" to use core-directed reconstruction instead."
velvet	crush-alethe	1	Velvet/Examples/SubstringSearch.lean|53|7138545743425854663	fail	translation	543	"crush: cvc5 did not emit an Alethe certificate: Proof unsupported by Alethe: contains operator DUMMY_SKOLEM. Set `crush.reconstruct` to ""auto"" to use core-directed reconstruction instead."
velvet	crush-alethe	1	Velvet/Examples/SubstringSearch.lean|54|12240785285064077065	fail	translation	526	"crush: cvc5 did not emit an Alethe certificate: Proof unsupported by Alethe: contains operator DUMMY_SKOLEM. Set `crush.reconstruct` to ""auto"" to use core-directed reconstruction instead."
velvet	crush-alethe	1	Velvet/Examples/SubstringSearch.lean|55|8901178409804151575	fail	translation	534	"crush: cvc5 did not emit an Alethe certificate: Proof unsupported by Alethe: contains operator DUMMY_SKOLEM. Set `crush.reconstruct` to ""auto"" to use core-directed reconstruction instead."
velvet	crush-alethe	1	Velvet/Examples/SubstringSearch.lean|56|8890844706151052704	fail	translation	2143	"crush: cvc5 did not emit an Alethe certificate: Proof unsupported by Alethe: contains operator DUMMY_SKOLEM. Set `crush.reconstruct` to ""auto"" to use core-directed reconstruction instead."
velvet	crush-alethe	1	Velvet/Examples/SubstringSearch.lean|57|8801584380004644131	fail	translation	517	"crush: cvc5 did not emit an Alethe certificate: Proof unsupported by Alethe: contains operator DUMMY_SKOLEM. Set `crush.reconstruct` to ""auto"" to use core-directed reconstruction instead."
velvet	crush-alethe	1	Velvet/Examples/SubstringSearch.lean|58|6640297411548399355	fail	translation	484	"crush: cvc5 did not emit an Alethe certificate: Proof unsupported by Alethe: contains operator DUMMY_SKOLEM. Set `crush.reconstruct` to ""auto"" to use core-directed reconstruction instead."
velvet	crush-alethe	1	Velvet/Examples/SubstringSearch.lean|59|6640297411548399355	fail	translation	482	"crush: cvc5 did not emit an Alethe certificate: Proof unsupported by Alethe: contains operator DUMMY_SKOLEM. Set `crush.reconstruct` to ""auto"" to use core-directed reconstruction instead."
velvet	crush-alethe	1	Velvet/Examples/SubstringSearch.lean|60|17707774690084689736	fail	translation	477	"crush: cvc5 did not emit an Alethe certificate: Proof unsupported by Alethe: contains operator DUMMY_SKOLEM. Set `crush.reconstruct` to ""auto"" to use core-directed reconstruction instead."
velvet	crush-alethe	1	Velvet/Examples/SubstringSearch.lean|61|6640297411548399355	fail	translation	480	"crush: cvc5 did not emit an Alethe certificate: Proof unsupported by Alethe: contains operator DUMMY_SKOLEM. Set `crush.reconstruct` to ""auto"" to use core-directed reconstruction instead."
velvet	crush-alethe	1	Velvet/Examples/SubstringSearch.lean|62|4974301628068507188	fail	translation	488	"crush: cvc5 did not emit an Alethe certificate: Proof unsupported by Alethe: contains operator DUMMY_SKOLEM. Set `crush.reconstruct` to ""auto"" to use core-directed reconstruction instead."
velvet	crush-alethe	1	Velvet/Examples/SubstringSearch.lean|63|6640297411548399355	fail	translation	488	"crush: cvc5 did not emit an Alethe certificate: Proof unsupported by Alethe: contains operator DUMMY_SKOLEM. Set `crush.reconstruct` to ""auto"" to use core-directed reconstruction instead."
velvet	crush-alethe	1	Velvet/Examples/SubstringSearch.lean|64|6640297411548399355	fail	translation	476	"crush: cvc5 did not emit an Alethe certificate: Proof unsupported by Alethe: contains operator DUMMY_SKOLEM. Set `crush.reconstruct` to ""auto"" to use core-directed reconstruction instead."
velvet	crush-alethe	1	Velvet/Examples/SubstringSearch.lean|65|577474350103851300	fail	translation	491	"crush: cvc5 did not emit an Alethe certificate: Proof unsupported by Alethe: contains operator DUMMY_SKOLEM. Set `crush.reconstruct` to ""auto"" to use core-directed reconstruction instead."
velvet	crush-alethe	1	Velvet/Examples/SubstringSearch.lean|66|12819951545662893426	fail	translation	492	"crush: cvc5 did not emit an Alethe certificate: Proof unsupported by Alethe: contains operator DUMMY_SKOLEM. Set `crush.reconstruct` to ""auto"" to use core-directed reconstruction instead."
velvet	crush-alethe	1	Velvet/Examples/SubstringSearch.lean|67|16471188947338966842	fail	translation	478	"crush: cvc5 did not emit an Alethe certificate: Proof unsupported by Alethe: contains operator DUMMY_SKOLEM. Set `crush.reconstruct` to ""auto"" to use core-directed reconstruction instead."
velvet	crush-alethe	1	Velvet/Examples/SubstringSearch.lean|68|9975741777879173881	fail	translation	480	"crush: cvc5 did not emit an Alethe certificate: Proof unsupported by Alethe: contains operator DUMMY_SKOLEM. Set `crush.reconstruct` to ""auto"" to use core-directed reconstruction instead."
velvet	crush-alethe	1	Velvet/Examples/SubstringSearch.lean|69|88332911118243609	fail	translation	494	"crush: cvc5 did not emit an Alethe certificate: Proof unsupported by Alethe: contains operator DUMMY_SKOLEM. Set `crush.reconstruct` to ""auto"" to use core-directed reconstruction instead."
velvet	crush-alethe	1	Velvet/Examples/SubstringSearch.lean|70|4316548289593557355	fail	translation	592	"crush: cvc5 did not emit an Alethe certificate: Proof unsupported by Alethe: contains operator DUMMY_SKOLEM. Set `crush.reconstruct` to ""auto"" to use core-directed reconstruction instead."
velvet	crush-alethe	1	Velvet/Examples/SubstringSearch.lean|71|1800578837535211584	fail	timeout	5556	crush: solver returned `unknown` (solver exited without a verdict: cvc5 interrupted by timeout.). Try increasing `crush.timeout` or adding hypotheses.
velvet	crush-alethe	1	Velvet/Examples/SubstringSearch.lean|72|10230862668540398183	fail	translation	577	"crush: cvc5 did not emit an Alethe certificate: Proof unsupported by Alethe: contains operator DUMMY_SKOLEM. Set `crush.reconstruct` to ""auto"" to use core-directed reconstruction instead."
velvet	crush-alethe	1	Velvet/Examples/SubstringSearch.lean|73|16982021311738439252	fail	translation	549	"crush: cvc5 did not emit an Alethe certificate: Proof unsupported by Alethe: contains operator DUMMY_SKOLEM. Set `crush.reconstruct` to ""auto"" to use core-directed reconstruction instead."
velvet	crush-alethe	1	Velvet/Examples/SubstringSearch.lean|74|2906785913913327379	pass	-	43	-
velvet	crush-alethe	1	Velvet/Examples/SumOfDigits.lean|1|4887343456502517186	fail	reconstruction	802	"crush: Alethe replay failed with rule-gap at step `crush_fact_4`: decoded SMT assumption was not derivable from its Lean source fact; certificate term: (not (= (+ (+ sum_0 (ite (= 10 0) n_3 (mod n_3 10))) (SumDigits_1 (ite (= 10 0) 0 (div n_3 10)))) @p_1)). Set `crush.reconstruct` to ""auto"" to fall back to the core-directed finishers."
velvet	crush-alethe	1	Velvet/Examples/SumOfDigits.lean|2|5431800701729144158	fail	reconstruction	787	"crush: Alethe replay failed with rule-gap at step `crush_fact_5`: decoded SMT assumption was not derivable from its Lean source fact; certificate term: (=> @p_6 (= @p_3 (+ @p_10 (SumDigits_1 (ite @p_9 0 (div n_3 10)))))). Set `crush.reconstruct` to ""auto"" to fall back to the core-directed finishers."
velvet	crush-alethe	1	Velvet/Examples/SumOfDigits.lean|3|3012699503639543524	pass	-	2	-
velvet	crush-alethe	1	Velvet/Examples/SumOfDigits.lean|4|12835711844832851839	pass	-	2	-
velvet	crush-alethe	1	Velvet/Examples/SumOfDigits.lean|5|7475080825861972690	fail	reconstruction	760	"crush: Alethe replay failed with rule-gap at step `crush_fact_5`: decoded SMT assumption was not derivable from its Lean source fact; certificate term: (=> @p_4 (= @p_3 (+ (ite (= 10 0) n_3 (mod n_3 10)) (SumDigits_1 (ite @p_9 0 (div n_3 10)))))). Set `crush.reconstruct` to ""auto"" to fall back to the core-directed finishers."
velvet	crush-alethe	1	Velvet/Examples/SumOfDigits.lean|6|15970435702129902192	fail	reconstruction	675	"crush: Alethe replay failed with rule-gap at step `crush_fact_3`: decoded SMT assumption was not derivable from its Lean source fact; certificate term: (=> (< 0 number_2) (= @p_2 (+ (ite @p_5 number_2 (mod number_2 10)) (SumDigits_0 (ite @p_5 0 (div number_2 10)))))). Set `crush.reconstruct` to ""auto"" to fall back to the core-directed finishers."
velvet	crush-alethe	1	Velvet/Examples/SumOfDigits.lean|7|6640297411548399355	pass	-	516	-
velvet	crush-alethe	1	Velvet/Examples/SumOfDigits.lean|8|3871074223281074707	fail	reconstruction	754	"crush: Alethe replay failed with rule-gap at step `crush_fact_6`: decoded SMT assumption was not derivable from its Lean source fact; certificate term: (=> (< 0 n_3) (= @p_2 (+ (ite (= 10 0) n_3 (mod n_3 10)) (SumDigits_1 (ite @p_12 0 (div n_3 10)))))). Set `crush.reconstruct` to ""auto"" to fall back to the core-directed finishers."
velvet	crush-alethe	1	Velvet/Examples/TestLoopControl.lean|1|4791612905070682933	pass	-	914	-
velvet	crush-alethe	1	Velvet/Examples/TestLoopControl.lean|2|4635955882467741603	pass	-	669	-
velvet	crush-alethe	1	Velvet/Examples/TestLoopControl.lean|3|4791612905070682933	pass	-	889	-
velvet	crush-alethe	1	Velvet/Examples/TestLoopControl.lean|4|8037191589732674397	pass	-	2	-
velvet	crush-alethe	1	Velvet/Examples/TestLoopControl.lean|5|4982008840348523404	pass	-	736	-
velvet	crush-alethe	1	Velvet/Examples/TestLoopControl.lean|6|14929476196725773389	pass	-	521	-
velvet	crush-alethe	1	Velvet/Examples/TestLoopControl.lean|7|2311107858308393802	pass	-	1069	-
velvet	crush-alethe	1	Velvet/Examples/TestLoopControl.lean|8|8037191589732674397	pass	-	2	-
velvet	crush-alethe	1	Velvet/Examples/TestLoopControl.lean|9|4791612905070682933	pass	-	927	-
velvet	crush-alethe	1	Velvet/Examples/TestLoopControl.lean|10|8037191589732674397	pass	-	2	-
velvet	crush-alethe	1	Velvet/Examples/TestLoopControl.lean|11|817407402121334710	pass	-	730	-
velvet	crush-alethe	1	Velvet/Examples/TestLoopControl.lean|12|14929476196725773389	pass	-	511	-
velvet	crush-alethe	1	Velvet/Examples/TestLoopControl.lean|13|2311107858308393802	pass	-	695	-
velvet	crush-alethe	1	Velvet/Examples/TestLoopControl.lean|14|8140981983620881888	fail	translation	767	"crush: cvc5 did not emit an Alethe certificate: Proof unsupported by Alethe: contains operator DUMMY_SKOLEM. Set `crush.reconstruct` to ""auto"" to use core-directed reconstruction instead."
velvet	crush-alethe	1	Velvet/Examples/TestLoopControl.lean|15|13972406881857011341	fail	translation	1058	"crush: cvc5 did not emit an Alethe certificate: Proof unsupported by Alethe: contains operator DUMMY_SKOLEM. Set `crush.reconstruct` to ""auto"" to use core-directed reconstruction instead."
velvet	crush-alethe	1	Velvet/Examples/TestLoopControl.lean|16|8140981983620881888	fail	translation	770	"crush: cvc5 did not emit an Alethe certificate: Proof unsupported by Alethe: contains operator DUMMY_SKOLEM. Set `crush.reconstruct` to ""auto"" to use core-directed reconstruction instead."
velvet	crush-alethe	1	Velvet/Examples/TestLoopControl.lean|17|2763434902891560151	fail	translation	1060	"crush: cvc5 did not emit an Alethe certificate: Proof unsupported by Alethe: contains operator DUMMY_SKOLEM. Set `crush.reconstruct` to ""auto"" to use core-directed reconstruction instead."
velvet	crush-alethe	1	Velvet/Examples/TestLoopControl.lean|18|9560710549938607088	pass	-	3	-
velvet	crush-alethe	1	Velvet/Examples/TestLoopControl.lean|19|4016036276427276962	pass	-	4	-
velvet	crush-alethe	1	Velvet/Examples/TestLoopControl.lean|20|12910903814107581038	fail	translation	810	"crush: cvc5 did not emit an Alethe certificate: Proof unsupported by Alethe: contains operator DUMMY_SKOLEM. Set `crush.reconstruct` to ""auto"" to use core-directed reconstruction instead."
velvet	crush-alethe	1	Velvet/Examples/TestLoopControl.lean|21|8811351339800985865	fail	translation	492	"crush: cvc5 did not emit an Alethe certificate: Proof unsupported by Alethe: contains operator DUMMY_SKOLEM. Set `crush.reconstruct` to ""auto"" to use core-directed reconstruction instead."
velvet	crush-alethe	1	Velvet/Examples/TestLoopControl.lean|22|8466542615974342579	pass	-	2	-
velvet	crush-alethe	1	Velvet/Examples/TestLoopControl.lean|23|10603200310498800727	pass	-	10	-
velvet	crush-alethe	1	Velvet/Examples/TestMatch.lean|1|7475080825861972690	pass	-	2	-
velvet	crush-alethe	1	Velvet/Examples/TestMatch.lean|2|12712313322610564863	pass	-	2	-
velvet	crush-alethe	1	Velvet/Examples/TestMatch.lean|3|10112861571242978892	pass	-	1	-
velvet	crush-alethe	1	Velvet/Examples/TestMatch.lean|4|9817662802794804509	pass	-	2	-
velvet	crush-alethe	1	Velvet/Examples/TestMatch.lean|5|18226621409008708882	pass	-	3	-
velvet	crush-alethe	1	Velvet/Examples/TestMatch.lean|6|12313593517213863317	pass	-	553	-
velvet	crush-alethe	1	Velvet/Examples/TestMatch.lean|7|5915416142655103160	pass	-	998	-
velvet	crush-alethe	1	Velvet/Examples/Total_Partial_example.lean|1|1993702872115081742	fail	translation	563	"crush: cvc5 did not emit an Alethe certificate: Proof unsupported by Alethe: contains operator DUMMY_SKOLEM. Set `crush.reconstruct` to ""auto"" to use core-directed reconstruction instead."
velvet	crush-alethe	1	Velvet/Examples/Total_Partial_example.lean|2|8793228589483947084	pass	-	9	-
velvet	crush-alethe	1	Velvet/Examples/Total_Partial_example.lean|3|1066791641437412485	fail	translation	605	"crush: cvc5 did not emit an Alethe certificate: Proof unsupported by Alethe: contains operator DUMMY_SKOLEM. Set `crush.reconstruct` to ""auto"" to use core-directed reconstruction instead."
velvet	crush-alethe	1	Velvet/Examples/Total_Partial_example.lean|4|8472930623785656869	fail	translation	3900	"crush: cvc5 did not emit an Alethe certificate: Proof unsupported by Alethe: contains operator DUMMY_SKOLEM. Set `crush.reconstruct` to ""auto"" to use core-directed reconstruction instead."
velvet	crush-alethe	1	Velvet/Examples/Total_Partial_example.lean|5|2816846931760221370	fail	translation	611	"crush: cvc5 did not emit an Alethe certificate: Proof unsupported by Alethe: contains operator DUMMY_SKOLEM. Set `crush.reconstruct` to ""auto"" to use core-directed reconstruction instead."
velvet	crush-alethe	1	Velvet/Examples/Total_Partial_example.lean|6|5794584936190196715	pass	-	8	-
velvet	crush-alethe	1	Velvet/Examples/Total_Partial_example.lean|7|1066791641437412485	fail	translation	597	"crush: cvc5 did not emit an Alethe certificate: Proof unsupported by Alethe: contains operator DUMMY_SKOLEM. Set `crush.reconstruct` to ""auto"" to use core-directed reconstruction instead."
velvet	crush-alethe	1	Velvet/Examples/Total_Partial_example.lean|8|14825588553610653054	fail	timeout	11347	crush: solver returned `unknown` (solver exited without a verdict: cvc5 interrupted by timeout.). Try increasing `crush.timeout` or adding hypotheses.
velvet	crush-alethe	1	Velvet/Examples/Total_Partial_example.lean|9|15257391885382474665	pass	-	8	-
velvet	crush-alethe	1	Velvet/Examples/Total_Partial_example.lean|10|5794584936190196715	pass	-	7	-
velvet	crush-alethe	1	Velvet/Examples/Total_Partial_example.lean|11|12031026870814429192	pass	-	6	-
velvet	crush-alethe	1	Velvet/Examples/Total_Partial_example.lean|12|16465886849738339639	fail	translation	669	"crush: cvc5 did not emit an Alethe certificate: Proof unsupported by Alethe: contains operator DUMMY_SKOLEM. Set `crush.reconstruct` to ""auto"" to use core-directed reconstruction instead."
velvet	crush-alethe	1	Velvet/Examples/Total_Partial_example.lean|13|15257391885382474665	pass	-	7	-
velvet	crush-alethe	1	Velvet/Examples/Total_Partial_example.lean|14|5918835836158453730	fail	translation	514	"crush: cvc5 did not emit an Alethe certificate: Proof unsupported by Alethe: contains operator DUMMY_SKOLEM. Set `crush.reconstruct` to ""auto"" to use core-directed reconstruction instead."
velvet	crush-alethe	1	Velvet/Examples/Total_Partial_example.lean|15|5964899400721509044	pass	-	4	-
velvet	crush-alethe	1	Velvet/Examples/Total_Partial_example.lean|16|12155028420956038391	fail	translation	504	"crush: cvc5 did not emit an Alethe certificate: Proof unsupported by Alethe: contains operator DUMMY_SKOLEM. Set `crush.reconstruct` to ""auto"" to use core-directed reconstruction instead."
velvet	crush-alethe	1	Velvet/Examples/Total_Partial_example.lean|17|14852526092468225565	fail	translation	655	"crush: cvc5 did not emit an Alethe certificate: Proof unsupported by Alethe: contains operator DUMMY_SKOLEM. Set `crush.reconstruct` to ""auto"" to use core-directed reconstruction instead."
velvet	crush-alethe	1	Velvet/Examples/Total_Partial_example.lean|18|17117294935281830098	pass	-	4	-
velvet	crush-alethe	1	Velvet/Examples/Total_Partial_example.lean|19|5288706169439222084	pass	-	12	-
velvet	crush-alethe	1	Velvet/Examples/Total_Partial_example.lean|20|4477598582358312981	fail	translation	536	"crush: cvc5 did not emit an Alethe certificate: Proof unsupported by Alethe: contains operator DUMMY_SKOLEM. Set `crush.reconstruct` to ""auto"" to use core-directed reconstruction instead."
velvet	crush-alethe	1	Velvet/Examples/Total_Partial_example.lean|21|7903702650473013145	fail	translation	679	"crush: cvc5 did not emit an Alethe certificate: Proof unsupported by Alethe: contains operator DUMMY_SKOLEM. Set `crush.reconstruct` to ""auto"" to use core-directed reconstruction instead."
velvet	crush-alethe	1	Velvet/Examples/Total_Partial_example.lean|22|8905801618567038615	pass	-	12	-
velvet	crush-alethe	1	Velvet/Examples/Total_Partial_example.lean|23|5964899400721509044	pass	-	3	-
velvet	crush-alethe	1	Velvet/Examples/Total_Partial_example.lean|24|16800718018059787263	pass	-	3	-
velvet	crush-alethe	1	Velvet/Examples/Total_Partial_example.lean|25|11248877774576345437	fail	translation	645	"crush: cvc5 did not emit an Alethe certificate: Proof unsupported by Alethe: contains operator DUMMY_SKOLEM. Set `crush.reconstruct` to ""auto"" to use core-directed reconstruction instead."
velvet	crush-alethe	1	Velvet/Examples/Total_Partial_example.lean|26|17117294935281830098	pass	-	5	-
velvet	crush-alethe	1	Velvet/Examples/Total_Partial_example.lean|27|6709257883257101731	fail	translation	502	"crush: cvc5 did not emit an Alethe certificate: Proof unsupported by Alethe: contains operator DUMMY_SKOLEM. Set `crush.reconstruct` to ""auto"" to use core-directed reconstruction instead."
velvet	crush-alethe	1	Velvet/Examples/Total_Partial_example.lean|28|16576486626369642801	fail	translation	497	"crush: cvc5 did not emit an Alethe certificate: Proof unsupported by Alethe: contains operator DUMMY_SKOLEM. Set `crush.reconstruct` to ""auto"" to use core-directed reconstruction instead."
velvet	crush-alethe	1	Velvet/Examples/Total_Partial_example.lean|29|11235314628722112900	fail	translation	546	"crush: cvc5 did not emit an Alethe certificate: Proof unsupported by Alethe: contains operator DUMMY_SKOLEM. Set `crush.reconstruct` to ""auto"" to use core-directed reconstruction instead."
velvet	crush-alethe	1	Velvet/Examples/Total_Partial_example.lean|30|8905801618567038615	pass	-	9	-
velvet	crush-alethe	1	Velvet/Examples/Total_Partial_example.lean|31|18214290959922115111	fail	translation	668	"crush: cvc5 did not emit an Alethe certificate: Proof unsupported by Alethe: contains operator DUMMY_SKOLEM. Set `crush.reconstruct` to ""auto"" to use core-directed reconstruction instead."
velvet	crush-alethe	1	Velvet/Examples/Total_Partial_example.lean|32|8793228589483947084	pass	-	4	-
velvet	crush-alethe	1	Velvet/Examples/Total_Partial_example.lean|33|11568103068982921353	fail	translation	588	"crush: cvc5 did not emit an Alethe certificate: Proof unsupported by Alethe: contains operator DUMMY_SKOLEM. Set `crush.reconstruct` to ""auto"" to use core-directed reconstruction instead."
velvet	crush-alethe	1	Velvet/Examples/Total_Partial_example.lean|34|5794584936190196715	pass	-	4	-
velvet	crush-alethe	1	Velvet/Examples/Total_Partial_example.lean|35|11568103068982921353	fail	translation	588	"crush: cvc5 did not emit an Alethe certificate: Proof unsupported by Alethe: contains operator DUMMY_SKOLEM. Set `crush.reconstruct` to ""auto"" to use core-directed reconstruction instead."
velvet	crush-alethe	1	Velvet/Examples/Total_Partial_example.lean|36|5794584936190196715	pass	-	3	-
velvet	crush-alethe	1	Velvet/Examples/Total_Partial_example.lean|37|5918835836158453730	fail	translation	490	"crush: cvc5 did not emit an Alethe certificate: Proof unsupported by Alethe: contains operator DUMMY_SKOLEM. Set `crush.reconstruct` to ""auto"" to use core-directed reconstruction instead."
velvet	crush-alethe	1	Velvet/Examples/Total_Partial_example.lean|38|5964899400721509044	pass	-	3	-
velvet	crush-alethe	1	Velvet/Examples/Total_Partial_example.lean|39|5288706169439222084	pass	-	4	-
velvet	crush-alethe	1	Velvet/Examples/Total_Partial_example.lean|40|4477598582358312981	fail	translation	503	"crush: cvc5 did not emit an Alethe certificate: Proof unsupported by Alethe: contains operator DUMMY_SKOLEM. Set `crush.reconstruct` to ""auto"" to use core-directed reconstruction instead."
velvet	crush-alethe	1	Velvet/Examples/Total_Partial_example.lean|41|18088860687919872176	fail	translation	516	"crush: cvc5 did not emit an Alethe certificate: Proof unsupported by Alethe: contains operator DUMMY_SKOLEM. Set `crush.reconstruct` to ""auto"" to use core-directed reconstruction instead."
velvet	crush-alethe	1	Velvet/Examples/Total_Partial_example.lean|42|5964899400721509044	pass	-	2	-
velvet	crush-alethe	1	Velvet/Examples/Total_Partial_example.lean|43|16800718018059787263	pass	-	2	-
velvet	crush-alethe	1	Velvet/Examples/Total_Partial_example.lean|44|6709257883257101731	fail	translation	522	"crush: cvc5 did not emit an Alethe certificate: Proof unsupported by Alethe: contains operator DUMMY_SKOLEM. Set `crush.reconstruct` to ""auto"" to use core-directed reconstruction instead."
velvet	crush-alethe	1	Velvet/Examples/Total_Partial_example.lean|45|16576486626369642801	fail	translation	494	"crush: cvc5 did not emit an Alethe certificate: Proof unsupported by Alethe: contains operator DUMMY_SKOLEM. Set `crush.reconstruct` to ""auto"" to use core-directed reconstruction instead."
velvet	crush-portfolio	1	Velvet/Examples/EncodeDecodeStr.lean|1|4325354716326072573	pass	-	526	-
velvet	crush-portfolio	1	Velvet/Examples/EncodeDecodeStr.lean|2|3233717574493770211	fail	timeout	5522	crush: solver returned `unknown` (solver exited without a verdict: cvc5 interrupted by timeout.). Try increasing `crush.timeout` or adding hypotheses.
velvet	crush-portfolio	1	Velvet/Examples/EncodeDecodeStr.lean|3|14557075163885871591	pass	-	504	-
velvet	crush-portfolio	1	Velvet/Examples/EncodeDecodeStr.lean|4|6384732382134649439	pass	-	3	-
velvet	crush-portfolio	1	Velvet/Examples/EncodeDecodeStr.lean|5|13851523499043008614	pass	-	509	-
velvet	crush-portfolio	1	Velvet/Examples/EncodeDecodeStr.lean|6|8816666150414203262	pass	-	483	-
velvet	crush-portfolio	1	Velvet/Examples/EncodeDecodeStr.lean|7|7432640679462075544	fail	unknown	612	crush: solver returned `unknown` (no reason given). Try increasing `crush.timeout` or adding hypotheses.
velvet	crush-portfolio	1	Velvet/Examples/EncodeDecodeStr.lean|8|9639754685172097330	fail	timeout	5508	crush: solver returned `unknown` (solver exited without a verdict: cvc5 interrupted by timeout.). Try increasing `crush.timeout` or adding hypotheses.
velvet	crush-portfolio	1	Velvet/Examples/EncodeDecodeStr.lean|9|10203002127808532242	pass	-	530	-
velvet	crush-portfolio	1	Velvet/Examples/EncodeDecodeStr.lean|10|15527439877898811686	pass	-	725	-
velvet	crush-portfolio	1	Velvet/Examples/EncodeDecodeStr.lean|11|4253526900314070824	pass	-	520	-
velvet	crush-portfolio	1	Velvet/Examples/EncodeDecodeStr.lean|12|17087698223479619887	pass	-	508	-
velvet	crush-portfolio	1	Velvet/Examples/EncodeDecodeStr.lean|13|13168721855841554394	pass	-	11	-
velvet	crush-portfolio	1	Velvet/Examples/EncodeDecodeStr.lean|14|8050235650381385355	pass	-	533	-
velvet	crush-portfolio	1	Velvet/Examples/EncodeDecodeStr.lean|15|3874562368415809942	pass	-	515	-
velvet	crush-portfolio	1	Velvet/Examples/EncodeDecodeStr.lean|16|16403843650363689650	pass	-	520	-
velvet	crush-portfolio	1	Velvet/Examples/EncodeDecodeStr.lean|17|17528322019345720798	fail	timeout	5523	crush: solver returned `unknown` (solver exited without a verdict: cvc5 interrupted by timeout.). Try increasing `crush.timeout` or adding hypotheses.
velvet	crush-portfolio	1	Velvet/Examples/EncodeDecodeStr.lean|18|14846570717984605519	pass	-	574	-
velvet	crush-portfolio	1	Velvet/Examples/EncodeDecodeStr.lean|19|17345521196864181404	pass	-	510	-
velvet	crush-portfolio	1	Velvet/Examples/EncodeDecodeStr.lean|20|4720720642953332999	pass	-	3	-
velvet	crush-portfolio	1	Velvet/Examples/EncodeDecodeStr.lean|21|16873295595722686018	pass	-	3	-
velvet	crush-portfolio	1	Velvet/Examples/EncodeDecodeStr.lean|22|5769627519083430677	pass	-	4	-
velvet	crush-portfolio	1	Velvet/Examples/EncodeDecodeStr.lean|23|15630242782200619292	pass	-	485	-
velvet	crush-portfolio	1	Velvet/Examples/EncodeDecodeStr.lean|24|4390242841053229048	pass	-	1	-
velvet	crush-portfolio	1	Velvet/Examples/EncodeDecodeStr.lean|25|4098508629850130765	fail	unknown	511	crush: solver returned `unknown` (no reason given). Try increasing `crush.timeout` or adding hypotheses.
velvet	crush-portfolio	1	Velvet/Examples/EncodeDecodeStr.lean|26|6449688271898666716	fail	timeout	5505	crush: solver returned `unknown` (solver exited without a verdict: cvc5 interrupted by timeout.). Try increasing `crush.timeout` or adding hypotheses.
velvet	crush-portfolio	1	Velvet/Examples/EncodeDecodeStr.lean|27|3108445719328028112	pass	-	500	-
velvet	crush-portfolio	1	Velvet/Examples/Examples.lean|1|6162910358734672275	pass	-	10	-
velvet	crush-portfolio	1	Velvet/Examples/Examples.lean|2|1066791641437412485	pass	-	664	-
velvet	crush-portfolio	1	Velvet/Examples/Examples.lean|3|9866248891257573647	fail	reconstruction	8692	"crush: solver reported `unsat`, but reconstruction failed — no finishing tactic could replay it from the core ([hyp invariant_1,  hyp a_1,  hyp if_pos,  hyp invariant_5,  hyp invariant_6,  hyp invariant_7,  hyp if_pos_1,  hyp if_pos_2,  hyp a._@._internal.0._stdin.1813948372._hygCtx._hyg.3085,  hyp a._@._internal.0._stdin.1813948372._hygCtx._hyg.3086,  hyp a._@._internal.0._stdin.1813948372._hygCtx._hyg.3087,  negated goal]). SMT core assertions:   - hyp invariant_1: arr.size = arrOld.size   - hyp a_1: n ≤ arr.size   - hyp if_pos: ¬n = arr.size   - hyp invariant_5: arr_1.size = arrOld.size   - hyp invariant_6: mind ≤ n   - hyp invariant_7: ∀ (i j : ℕ), 0 ≤ i → i < j → j ≤ n → ¬j = mind → arr_1[i]! ≤ arr_1[j]!   - hyp if_pos_1: ¬mind = 0   - hyp if_pos_2: arr_1[mind]! < arr_1[mind - 1]!   - hyp a._@._internal.0._stdin.1813948372._hygCtx._hyg.3085: i✝ < j✝   - hyp a._@._internal.0._stdin.1813948372._hygCtx._hyg.3086: j✝ ≤ n   - hyp a._@._internal.0._stdin.1813948372._hygCtx._hyg.3087: ¬j✝ = mind - 1   - negated goal: ¬((arr_1.set! (mind - 1) arr_1[mind]!).set! mind arr_1[mind - 1]!)[i✝]! ≤       ((arr_1.set! (mind - 1) arr_1[mind]!).set! mind arr_1[mind - 1]!)[j✝]! Lean facts supplied to reconstruction:   - arr.size = arrOld.size   - n ≤ arr.size   - ¬n = arr.size   - arr_1.size = arrOld.size   - mind ≤ n   - ∀ (i j : ℕ), 0 ≤ i → i < j → j ≤ n → ¬j = mind → arr_1[i]! ≤ arr_1[j]!   - ¬mind = 0   - arr_1[mind]! < arr_1[mind - 1]!   - i✝ < j✝   - j✝ ≤ n   - ¬j✝ = mind - 1 Explicit reconstruction hints:   (none) Other selected facts outside the core:   - hyp require_1: 1 ≤ arrOld.size   - hyp a: 1 ≤ n   - hyp invariant_3: ∀ (i j : ℕ), 0 ≤ i → i < j → j ≤ n - 1 → arr[i]! ≤ arr[j]!   - hyp invariant_4: arr.toMultiset = arrOld.toMultiset   - hyp invariant_8: arr_1.toMultiset = arrOld.toMultiset   - hyp a._@._internal.0._stdin.1813948372._hygCtx._hyg.3084: 0 ≤ i✝ Candidate library lemmas (best effort):   - Array.multiset_swap   - _private._stdin.0.insertionSort.match_1.eq_1   - Array.getElem!_set!_ne   - WPGen.mk.congr_simp   - Array.getElem!_set!_self   - _private._stdin.0.insertionSort.match_2.eq_1 Add reconstruction-only facts with `crush ... with [lemma, h]`, or provide a checked finisher with `crush ... using (simp_all [definitions]; omega)`. Enable `trace.crush.reconstruct` for failed proof-search steps, or set `crush.trust` to ""reconstructOrTrust"" to accept the solver's verdict anyway."
velvet	crush-portfolio	1	Velvet/Examples/Examples.lean|4|18360837223612973524	pass	-	709	-
velvet	crush-portfolio	1	Velvet/Examples/Examples.lean|5|5794584936190196715	pass	-	9	-
velvet	crush-portfolio	1	Velvet/Examples/Examples.lean|6|1066791641437412485	pass	-	635	-
velvet	crush-portfolio	1	Velvet/Examples/Examples.lean|7|14825588553610653054	fail	timeout	11379	crush: solver returned `unknown` (solver exited without a verdict: cvc5 interrupted by timeout.). Try increasing `crush.timeout` or adding hypotheses.
velvet	crush-portfolio	1	Velvet/Examples/Examples.lean|8|15257391885382474665	pass	-	8	-
velvet	crush-portfolio	1	Velvet/Examples/Examples.lean|9|5794584936190196715	pass	-	8	-
velvet	crush-portfolio	1	Velvet/Examples/Examples.lean|10|12031026870814429192	pass	-	7	-
velvet	crush-portfolio	1	Velvet/Examples/Examples.lean|11|16465886849738339639	pass	-	705	-
velvet	crush-portfolio	1	Velvet/Examples/Examples.lean|12|15257391885382474665	pass	-	7	-
velvet	crush-portfolio	1	Velvet/Examples/Examples.lean|13|2438232962388206336	pass	-	521	-
velvet	crush-portfolio	1	Velvet/Examples/Examples.lean|14|5964899400721509044	pass	-	4	-
velvet	crush-portfolio	1	Velvet/Examples/Examples.lean|15|12155028420956038391	pass	-	517	-
velvet	crush-portfolio	1	Velvet/Examples/Examples.lean|16|14852526092468225565	pass	-	693	-
velvet	crush-portfolio	1	Velvet/Examples/Examples.lean|17|17117294935281830098	pass	-	5	-
velvet	crush-portfolio	1	Velvet/Examples/Examples.lean|18|5288706169439222084	pass	-	12	-
velvet	crush-portfolio	1	Velvet/Examples/Examples.lean|19|12688677688377801211	pass	-	550	-
velvet	crush-portfolio	1	Velvet/Examples/Examples.lean|20|7903702650473013145	pass	-	743	-
velvet	crush-portfolio	1	Velvet/Examples/Examples.lean|21|8905801618567038615	pass	-	13	-
velvet	crush-portfolio	1	Velvet/Examples/Examples.lean|22|5964899400721509044	pass	-	4	-
velvet	crush-portfolio	1	Velvet/Examples/Examples.lean|23|5379360585891885096	pass	-	533	-
velvet	crush-portfolio	1	Velvet/Examples/Examples.lean|24|11248877774576345437	pass	-	683	-
velvet	crush-portfolio	1	Velvet/Examples/Examples.lean|25|17117294935281830098	pass	-	5	-
velvet	crush-portfolio	1	Velvet/Examples/Examples.lean|26|11532741708565178815	pass	-	501	-
velvet	crush-portfolio	1	Velvet/Examples/Examples.lean|27|13894794097547967513	pass	-	500	-
velvet	crush-portfolio	1	Velvet/Examples/Examples.lean|28|11235314628722112900	pass	-	592	-
velvet	crush-portfolio	1	Velvet/Examples/Examples.lean|29|8905801618567038615	pass	-	9	-
velvet	crush-portfolio	1	Velvet/Examples/Examples.lean|30|18214290959922115111	pass	-	1740	-
velvet	crush-portfolio	1	Velvet/Examples/Examples.lean|31|17119794831572106230	pass	-	620	-
velvet	crush-portfolio	1	Velvet/Examples/Examples.lean|32|16395326812896940336	pass	-	627	-
velvet	crush-portfolio	1	Velvet/Examples/Examples.lean|33|4559485301326837329	pass	-	544	-
velvet	crush-portfolio	1	Velvet/Examples/Examples.lean|34|15833581759277421577	pass	-	741	-
velvet	crush-portfolio	1	Velvet/Examples/Examples.lean|35|7228731597997214785	pass	-	645	-
velvet	crush-portfolio	1	Velvet/Examples/Examples.lean|36|17256355208408803011	pass	-	603	-
velvet	crush-portfolio	1	Velvet/Examples/Examples.lean|37|13635698331308129878	pass	-	580	-
velvet	crush-portfolio	1	Velvet/Examples/Examples.lean|38|10800841518550636949	pass	-	783	-
velvet	crush-portfolio	1	Velvet/Examples/Examples.lean|39|12457966505053151830	pass	-	1082	-
velvet	crush-portfolio	1	Velvet/Examples/Examples.lean|40|17578352201394481400	pass	-	786	-
velvet	crush-portfolio	1	Velvet/Examples/Examples_Total.lean|1|6162910358734672275	pass	-	9	-
velvet	crush-portfolio	1	Velvet/Examples/Examples_Total.lean|2|1066791641437412485	pass	-	667	-
velvet	crush-portfolio	1	Velvet/Examples/Examples_Total.lean|3|9866248891257573647	fail	reconstruction	8897	"crush: solver reported `unsat`, but reconstruction failed — no finishing tactic could replay it from the core ([hyp invariant_1,  hyp a_1,  hyp if_pos,  hyp invariant_5,  hyp invariant_6,  hyp invariant_7,  hyp if_pos_1,  hyp if_pos_2,  hyp a._@._internal.0._stdin.557672846._hygCtx._hyg.3221,  hyp a._@._internal.0._stdin.557672846._hygCtx._hyg.3222,  hyp a._@._internal.0._stdin.557672846._hygCtx._hyg.3223,  negated goal]). SMT core assertions:   - hyp invariant_1: arr.size = arrOld.size   - hyp a_1: n ≤ arr.size   - hyp if_pos: ¬n = arr.size   - hyp invariant_5: arr_1.size = arrOld.size   - hyp invariant_6: mind ≤ n   - hyp invariant_7: ∀ (i j : ℕ), 0 ≤ i → i < j → j ≤ n → ¬j = mind → arr_1[i]! ≤ arr_1[j]!   - hyp if_pos_1: ¬mind = 0   - hyp if_pos_2: arr_1[mind]! < arr_1[mind - 1]!   - hyp a._@._internal.0._stdin.557672846._hygCtx._hyg.3221: i✝ < j✝   - hyp a._@._internal.0._stdin.557672846._hygCtx._hyg.3222: j✝ ≤ n   - hyp a._@._internal.0._stdin.557672846._hygCtx._hyg.3223: ¬j✝ = mind - 1   - negated goal: ¬((arr_1.set! (mind - 1) arr_1[mind]!).set! mind arr_1[mind - 1]!)[i✝]! ≤       ((arr_1.set! (mind - 1) arr_1[mind]!).set! mind arr_1[mind - 1]!)[j✝]! Lean facts supplied to reconstruction:   - arr.size = arrOld.size   - n ≤ arr.size   - ¬n = arr.size   - arr_1.size = arrOld.size   - mind ≤ n   - ∀ (i j : ℕ), 0 ≤ i → i < j → j ≤ n → ¬j = mind → arr_1[i]! ≤ arr_1[j]!   - ¬mind = 0   - arr_1[mind]! < arr_1[mind - 1]!   - i✝ < j✝   - j✝ ≤ n   - ¬j✝ = mind - 1 Explicit reconstruction hints:   (none) Other selected facts outside the core:   - hyp require_1: 1 ≤ arrOld.size   - hyp a: 1 ≤ n   - hyp invariant_3: ∀ (i j : ℕ), 0 ≤ i → i < j → j ≤ n - 1 → arr[i]! ≤ arr[j]!   - hyp invariant_4: arr.toMultiset = arrOld.toMultiset   - hyp invariant_8: arr_1.toMultiset = arrOld.toMultiset   - hyp a._@._internal.0._stdin.557672846._hygCtx._hyg.3220: 0 ≤ i✝ Candidate library lemmas (best effort):   - Array.multiset_swap   - _private._stdin.0.insertionSort_total.match_2.eq_1   - Array.getElem!_set!_ne   - WPGen.mk.congr_simp   - Array.getElem!_set!_self   - _private._stdin.0.PartialCorrectness.DemonicChoice.MonadNonDet.wp_forIn.match_1.eq_2 Add reconstruction-only facts with `crush ... with [lemma, h]`, or provide a checked finisher with `crush ... using (simp_all [definitions]; omega)`. Enable `trace.crush.reconstruct` for failed proof-search steps, or set `crush.trust` to ""reconstructOrTrust"" to accept the solver's verdict anyway."
velvet	crush-portfolio	1	Velvet/Examples/Examples_Total.lean|4|18360837223612973524	pass	-	747	-
velvet	crush-portfolio	1	Velvet/Examples/Examples_Total.lean|5|11568103068982921353	pass	-	659	-
velvet	crush-portfolio	1	Velvet/Examples/Examples_Total.lean|6|5794584936190196715	pass	-	8	-
velvet	crush-portfolio	1	Velvet/Examples/Examples_Total.lean|7|1066791641437412485	pass	-	642	-
velvet	crush-portfolio	1	Velvet/Examples/Examples_Total.lean|8|14825588553610653054	fail	timeout	11434	crush: solver returned `unknown` (solver exited without a verdict: cvc5 interrupted by timeout.). Try increasing `crush.timeout` or adding hypotheses.
velvet	crush-portfolio	1	Velvet/Examples/Examples_Total.lean|9|15257391885382474665	pass	-	8	-
velvet	crush-portfolio	1	Velvet/Examples/Examples_Total.lean|10|11568103068982921353	pass	-	671	-
velvet	crush-portfolio	1	Velvet/Examples/Examples_Total.lean|11|5794584936190196715	pass	-	8	-
velvet	crush-portfolio	1	Velvet/Examples/Examples_Total.lean|12|12031026870814429192	pass	-	7	-
velvet	crush-portfolio	1	Velvet/Examples/Examples_Total.lean|13|16465886849738339639	pass	-	711	-
velvet	crush-portfolio	1	Velvet/Examples/Examples_Total.lean|14|15257391885382474665	pass	-	7	-
velvet	crush-portfolio	1	Velvet/Examples/Examples_Total.lean|15|5918835836158453730	pass	-	13	-
velvet	crush-portfolio	1	Velvet/Examples/Examples_Total.lean|16|5964899400721509044	pass	-	3	-
velvet	crush-portfolio	1	Velvet/Examples/Examples_Total.lean|17|12155028420956038391	pass	-	520	-
velvet	crush-portfolio	1	Velvet/Examples/Examples_Total.lean|18|14852526092468225565	pass	-	716	-
velvet	crush-portfolio	1	Velvet/Examples/Examples_Total.lean|19|17117294935281830098	pass	-	4	-
velvet	crush-portfolio	1	Velvet/Examples/Examples_Total.lean|20|5288706169439222084	pass	-	14	-
velvet	crush-portfolio	1	Velvet/Examples/Examples_Total.lean|21|12688677688377801211	pass	-	568	-
velvet	crush-portfolio	1	Velvet/Examples/Examples_Total.lean|22|7903702650473013145	pass	-	773	-
velvet	crush-portfolio	1	Velvet/Examples/Examples_Total.lean|23|8905801618567038615	pass	-	14	-
velvet	crush-portfolio	1	Velvet/Examples/Examples_Total.lean|24|18088860687919872176	pass	-	592	-
velvet	crush-portfolio	1	Velvet/Examples/Examples_Total.lean|25|5964899400721509044	pass	-	4	-
velvet	crush-portfolio	1	Velvet/Examples/Examples_Total.lean|26|5379360585891885096	pass	-	540	-
velvet	crush-portfolio	1	Velvet/Examples/Examples_Total.lean|27|11248877774576345437	pass	-	700	-
velvet	crush-portfolio	1	Velvet/Examples/Examples_Total.lean|28|17117294935281830098	pass	-	4	-
velvet	crush-portfolio	1	Velvet/Examples/Examples_Total.lean|29|6709257883257101731	pass	-	7	-
velvet	crush-portfolio	1	Velvet/Examples/Examples_Total.lean|30|13894794097547967513	pass	-	512	-
velvet	crush-portfolio	1	Velvet/Examples/Examples_Total.lean|31|11235314628722112900	pass	-	588	-
velvet	crush-portfolio	1	Velvet/Examples/Examples_Total.lean|32|891049678225498279	pass	-	9	-
velvet	crush-portfolio	1	Velvet/Examples/Examples_Total.lean|33|18214290959922115111	pass	-	2412	-
velvet	crush-portfolio	1	Velvet/Examples/Examples_Total.lean|34|17119794831572106230	pass	-	521	-
velvet	crush-portfolio	1	Velvet/Examples/Examples_Total.lean|35|16395326812896940336	pass	-	524	-
velvet	crush-portfolio	1	Velvet/Examples/Examples_Total.lean|36|4559485301326837329	pass	-	492	-
velvet	crush-portfolio	1	Velvet/Examples/Examples_Total.lean|37|15833581759277421577	pass	-	553	-
velvet	crush-portfolio	1	Velvet/Examples/Examples_Total.lean|38|17892696244691966181	pass	-	1147	-
velvet	crush-portfolio	1	Velvet/Examples/Examples_Total.lean|39|7228731597997214785	pass	-	547	-
velvet	crush-portfolio	1	Velvet/Examples/Examples_Total.lean|40|13073343856082995605	pass	-	3	-
velvet	crush-portfolio	1	Velvet/Examples/Examples_Total.lean|41|13635698331308129878	pass	-	491	-
velvet	crush-portfolio	1	Velvet/Examples/Examples_Total.lean|42|10800841518550636949	pass	-	544	-
velvet	crush-portfolio	1	Velvet/Examples/Examples_Total.lean|43|12457966505053151830	pass	-	919	-
velvet	crush-portfolio	1	Velvet/Examples/Examples_Total.lean|44|17578352201394481400	pass	-	841	-
velvet	crush-portfolio	1	Velvet/Examples/Examples_Total.lean|45|628191952620585962	pass	-	511	-
velvet	crush-portfolio	1	Velvet/Examples/Examples_Total.lean|46|5408980950461060684	pass	-	515	-
velvet	crush-portfolio	1	Velvet/Examples/Examples_Total.lean|47|17796805544787031687	pass	-	501	-
velvet	crush-portfolio	1	Velvet/Examples/Examples_Total.lean|48|12597585967811959528	pass	-	560	-
velvet	crush-portfolio	1	Velvet/Examples/Examples_Total.lean|49|17892696244691966181	pass	-	1150	-
velvet	crush-portfolio	1	Velvet/Examples/Examples_Total.lean|50|11504389341422214604	fail	timeout	5504	crush: solver returned `unknown` (solver exited without a verdict: cvc5 interrupted by timeout.). Try increasing `crush.timeout` or adding hypotheses.
velvet	crush-portfolio	1	Velvet/Examples/Examples_Total.lean|51|1828175149019549874	pass	-	4	-
velvet	crush-portfolio	1	Velvet/Examples/Examples_Total.lean|52|8027176826117333927	pass	-	494	-
velvet	crush-portfolio	1	Velvet/Examples/Examples_Total.lean|53|8642365996124661698	pass	-	597	-
velvet	crush-portfolio	1	Velvet/Examples/Examples_Total.lean|54|1031468476226669362	pass	-	1183	-
velvet	crush-portfolio	1	Velvet/Examples/Examples_Total.lean|55|9859620190106577091	pass	-	642	-
velvet	crush-portfolio	1	Velvet/Examples/Examples_Total.lean|56|7745518040588453633	pass	-	4	-
velvet	crush-portfolio	1	Velvet/Examples/Examples_Total.lean|57|7275559839122250210	pass	-	2	-
velvet	crush-portfolio	1	Velvet/Examples/Examples_Total.lean|58|17809363630590163151	pass	-	546	-
velvet	crush-portfolio	1	Velvet/Examples/Examples_Total.lean|59|3756677303263535492	pass	-	571	-
velvet	crush-portfolio	1	Velvet/Examples/Examples_Total.lean|60|4049183095434299843	pass	-	3	-
velvet	crush-portfolio	1	Velvet/Examples/Examples_Total.lean|61|845228717509319176	pass	-	564	-
velvet	crush-portfolio	1	Velvet/Examples/Examples_Total.lean|62|14080923781397173690	pass	-	544	-
velvet	crush-portfolio	1	Velvet/Examples/Examples_Total.lean|63|2013384436827156188	pass	-	598	-
velvet	crush-portfolio	1	Velvet/Examples/Examples_Total.lean|64|4049183095434299843	pass	-	3	-
velvet	crush-portfolio	1	Velvet/Examples/Examples_Total.lean|65|7275559839122250210	pass	-	3	-
velvet	crush-portfolio	1	Velvet/Examples/Examples_Total.lean|66|14080923781397173690	pass	-	557	-
velvet	crush-portfolio	1	Velvet/Examples/Examples_Total.lean|67|5112937323286018014	pass	-	5	-
velvet	crush-portfolio	1	Velvet/Examples/Examples_Total.lean|68|4559485301326837329	pass	-	501	-
velvet	crush-portfolio	1	Velvet/Examples/Examples_Total.lean|69|6911359079999020658	pass	-	1	-
velvet	crush-portfolio	1	Velvet/Examples/Examples_Total.lean|70|16395326812896940336	pass	-	517	-
velvet	crush-portfolio	1	Velvet/Examples/Examples_Total.lean|71|18362062349273978007	pass	-	559	-
velvet	crush-portfolio	1	Velvet/Examples/Examples_Total.lean|72|8802921734925604215	pass	-	554	-
velvet	crush-portfolio	1	Velvet/Examples/Examples_Total.lean|73|8723303018838369810	pass	-	4	-
velvet	crush-portfolio	1	Velvet/Examples/GCD.lean|1|4384199359441751320	pass	-	2	-
velvet	crush-portfolio	1	Velvet/Examples/GCD.lean|2|9601099415740649235	pass	-	601	-
velvet	crush-portfolio	1	Velvet/Examples/GCD.lean|3|1185000637665826843	pass	-	2	-
velvet	crush-portfolio	1	Velvet/Examples/IsNonPrime.lean|1|3150397294412475763	fail	tactic	1197	crush: could not prove the goal — the solver found a model:     n := 0     isPrime := true The encoding is incomplete, so a model does not necessarily describe a Lean counterexample.
velvet	crush-portfolio	1	Velvet/Examples/IsNonPrime.lean|2|8498703091421742660	pass	-	1732	-
velvet	crush-portfolio	1	Velvet/Examples/IsNonPrime.lean|3|15405612526479945524	pass	-	1833	-
velvet	crush-portfolio	1	Velvet/Examples/IsNonPrime.lean|4|3635621084297233985	pass	-	6	-
velvet	crush-portfolio	1	Velvet/Examples/IsNonPrime.lean|5|8498703091421742660	pass	-	1776	-
velvet	crush-portfolio	1	Velvet/Examples/IsNonPrime.lean|6|15497101072354692966	fail	timeout	6180	crush: solver returned `unknown` (solver exited without a verdict: cvc5 interrupted by timeout.). Try increasing `crush.timeout` or adding hypotheses.
velvet	crush-portfolio	1	Velvet/Examples/IsNonPrime.lean|7|3635621084297233985	pass	-	7	-
velvet	crush-portfolio	1	Velvet/Examples/IsNonPrime.lean|8|8419734978408419013	pass	-	3	-
velvet	crush-portfolio	1	Velvet/Examples/IsNonPrime.lean|9|18150307703072330979	pass	-	3	-
velvet	crush-portfolio	1	Velvet/Examples/IsNonPrime.lean|10|1456886557593529150	pass	-	4	-
velvet	crush-portfolio	1	Velvet/Examples/IsNonPrime.lean|11|16017810969246570786	pass	-	5	-
velvet	crush-portfolio	1	Velvet/Examples/IsNonPrime.lean|12|12543135627460772462	pass	-	1229	-
velvet	crush-portfolio	1	Velvet/Examples/IsNonPrime.lean|13|1572539502098385654	pass	-	2454	-
velvet	crush-portfolio	1	Velvet/Examples/IsNonPrime.lean|14|11076373139303988464	pass	-	1529	-
velvet	crush-portfolio	1	Velvet/Examples/IsNonPrime.lean|15|15559572021364972958	fail	timeout	6320	crush: solver returned `unknown` (solver exited without a verdict: cvc5 interrupted by timeout.). Try increasing `crush.timeout` or adding hypotheses.
velvet	crush-portfolio	1	Velvet/Examples/IsSorted.lean|1|11207960766534651515	pass	-	1233	-
velvet	crush-portfolio	1	Velvet/Examples/IsSorted.lean|2|4413675682266163545	pass	-	2764	-
velvet	crush-portfolio	1	Velvet/Examples/IsSorted.lean|3|9518487208184120090	pass	-	36	-
velvet	crush-portfolio	1	Velvet/Examples/IsSorted.lean|4|11207960766534651515	pass	-	1253	-
velvet	crush-portfolio	1	Velvet/Examples/IsSorted.lean|5|16465854614385299804	pass	-	3168	-
velvet	crush-portfolio	1	Velvet/Examples/IsSorted.lean|6|1749803822950348457	pass	-	2415	-
velvet	crush-portfolio	1	Velvet/Examples/IsSorted.lean|7|6461838523585744673	pass	-	745	-
velvet	crush-portfolio	1	Velvet/Examples/IsSorted.lean|8|5698263445699273715	pass	-	1637	-
velvet	crush-portfolio	1	Velvet/Examples/IsSorted.lean|9|1749803822950348457	pass	-	1458	-
velvet	crush-portfolio	1	Velvet/Examples/IsSorted.lean|10|16458001095677251802	pass	-	798	-
velvet	crush-portfolio	1	Velvet/Examples/IsSorted.lean|11|11716511832970583731	pass	-	618	-
velvet	crush-portfolio	1	Velvet/Examples/IsSorted.lean|12|13412663338101939313	pass	-	938	-
velvet	crush-portfolio	1	Velvet/Examples/IsSorted.lean|13|10877051663303345536	pass	-	11	-
velvet	crush-portfolio	1	Velvet/Examples/IsSorted.lean|14|2102916384874846137	pass	-	22373	-
velvet	crush-portfolio	1	Velvet/Examples/MaxElem.lean|1|6189042491608852705	pass	-	527	-
velvet	crush-portfolio	1	Velvet/Examples/MaxElem.lean|2|13979591039540523316	pass	-	490	-
velvet	crush-portfolio	1	Velvet/Examples/MaxElem.lean|3|6189042491608852705	pass	-	471	-
velvet	crush-portfolio	1	Velvet/Examples/MaxElem.lean|4|3496913807798796367	pass	-	646	-
velvet	crush-portfolio	1	Velvet/Examples/MaxElem.lean|5|13935834157065255340	pass	-	498	-
velvet	crush-portfolio	1	Velvet/Examples/MaxElem.lean|6|10716558625718226994	pass	-	463	-
velvet	crush-portfolio	1	Velvet/Examples/MaxElem.lean|7|12429897440204793908	pass	-	472	-
velvet	crush-portfolio	1	Velvet/Examples/MaxElem.lean|8|6662270672118944889	pass	-	474	-
velvet	crush-portfolio	1	Velvet/Examples/MaxElem.lean|9|10294878435885712953	pass	-	522	-
velvet	crush-portfolio	1	Velvet/Examples/MaxElem.lean|10|15821608085576758365	pass	-	481	-
velvet	crush-portfolio	1	Velvet/Examples/MemAlloc.lean|1|633235845480694220	pass	-	51	-
velvet	crush-portfolio	1	Velvet/Examples/MemAlloc.lean|2|12262280732602434251	pass	-	34	-
velvet	crush-portfolio	1	Velvet/Examples/MemAlloc.lean|3|5395433166570123997	pass	-	1328	-
velvet	crush-portfolio	1	Velvet/Examples/MemAlloc.lean|4|7858921023181799469	fail	unknown	1517	crush: solver returned `unknown` (no reason given). Try increasing `crush.timeout` or adding hypotheses.
velvet	crush-portfolio	1	Velvet/Examples/MemAlloc.lean|5|12307778664191690486	pass	-	1521	-
velvet	crush-portfolio	1	Velvet/Examples/MemAlloc.lean|6|14651957694487509304	pass	-	15	-
velvet	crush-portfolio	1	Velvet/Examples/MemAlloc.lean|7|5395433166570123997	pass	-	1231	-
velvet	crush-portfolio	1	Velvet/Examples/MemAlloc.lean|8|12933711973000179377	pass	-	8	-
velvet	crush-portfolio	1	Velvet/Examples/MemAlloc.lean|9|1502598827083788742	pass	-	6	-
velvet	crush-portfolio	1	Velvet/Examples/MemAlloc.lean|10|5948121399058639032	pass	-	7	-
velvet	crush-portfolio	1	Velvet/Examples/MemAlloc.lean|11|7320909626913503829	pass	-	13	-
velvet	crush-portfolio	1	Velvet/Examples/MemAlloc.lean|12|13680370559755953061	pass	-	15	-
velvet	crush-portfolio	1	Velvet/Examples/MemAlloc.lean|13|5395433166570123997	pass	-	1230	-
velvet	crush-portfolio	1	Velvet/Examples/MemAlloc.lean|14|9725332222063365643	pass	-	189	-
velvet	crush-portfolio	1	Velvet/Examples/MemAlloc.lean|15|400422252958227942	pass	-	30	-
velvet	crush-portfolio	1	Velvet/Examples/MemAlloc.lean|16|880346177993498408	pass	-	7	-
velvet	crush-portfolio	1	Velvet/Examples/MemAlloc.lean|17|15369885961681168000	fail	unknown	1253	crush: solver returned `unknown` (no reason given). Try increasing `crush.timeout` or adding hypotheses.
velvet	crush-portfolio	1	Velvet/Examples/MemAlloc.lean|18|633235845480694220	fail	unknown	1293	crush: solver returned `unknown` (no reason given). Try increasing `crush.timeout` or adding hypotheses.
velvet	crush-portfolio	1	Velvet/Examples/Recursion.lean|1|9632926918213658529	pass	-	2	-
velvet	crush-portfolio	1	Velvet/Examples/Recursion.lean|2|16321134497628070328	pass	-	921	-
velvet	crush-portfolio	1	Velvet/Examples/Recursion.lean|3|15399959404188881270	pass	-	80	-
velvet	crush-portfolio	1	Velvet/Examples/Recursion.lean|4|6729724634728447689	pass	-	943	-
velvet	crush-portfolio	1	Velvet/Examples/Recursion.lean|5|6331840417009367668	pass	-	579	-
velvet	crush-portfolio	1	Velvet/Examples/Recursion.lean|6|928177310960349346	pass	-	1694	-
velvet	crush-portfolio	1	Velvet/Examples/Recursion.lean|7|14502607232842720358	pass	-	763	-
velvet	crush-portfolio	1	Velvet/Examples/Recursion.lean|8|5360899794933563671	pass	-	5	-
velvet	crush-portfolio	1	Velvet/Examples/Recursion.lean|9|16083086069592683677	pass	-	712	-
velvet	crush-portfolio	1	Velvet/Examples/Recursion.lean|10|17426933449823366573	pass	-	733	-
velvet	crush-portfolio	1	Velvet/Examples/Recursion.lean|11|8436330743851721663	pass	-	2	-
velvet	crush-portfolio	1	Velvet/Examples/Recursion.lean|12|5516634396000359850	pass	-	2	-
velvet	crush-portfolio	1	Velvet/Examples/Recursion.lean|13|3040060259141493307	pass	-	4	-
velvet	crush-portfolio	1	Velvet/Examples/Recursion.lean|14|8843960039229350233	pass	-	701	-
velvet	crush-portfolio	1	Velvet/Examples/Recursion.lean|15|414362943496193222	pass	-	626	-
velvet	crush-portfolio	1	Velvet/Examples/Recursion.lean|16|17682712502848666117	pass	-	767	-
velvet	crush-portfolio	1	Velvet/Examples/Recursion.lean|17|10153057550358142642	pass	-	471	-
velvet	crush-portfolio	1	Velvet/Examples/Recursion.lean|18|1511426402368662420	pass	-	691	-
velvet	crush-portfolio	1	Velvet/Examples/Recursion.lean|19|12303175613740643342	pass	-	461	-
velvet	crush-portfolio	1	Velvet/Examples/Recursion.lean|20|10153057550358142642	pass	-	516	-
velvet	crush-portfolio	1	Velvet/Examples/Recursion.lean|21|419217539048902517	pass	-	421	-
velvet	crush-portfolio	1	Velvet/Examples/Recursion.lean|22|785945476856620183	pass	-	1	-
velvet	crush-portfolio	1	Velvet/Examples/Recursion.lean|23|14100858011260313832	pass	-	504	-
velvet	crush-portfolio	1	Velvet/Examples/Recursion.lean|24|5439148242694091386	pass	-	425	-
velvet	crush-portfolio	1	Velvet/Examples/Recursion.lean|25|13358020527010658417	pass	-	489	-
velvet	crush-portfolio	1	Velvet/Examples/Recursion.lean|26|8603391761408256204	pass	-	417	-
velvet	crush-portfolio	1	Velvet/Examples/Recursion.lean|27|403261720200322615	pass	-	520	-
velvet	crush-portfolio	1	Velvet/Examples/Recursion.lean|28|13334821868243949956	pass	-	410	-
velvet	crush-portfolio	1	Velvet/Examples/Recursion.lean|29|10034441991535992553	pass	-	485	-
velvet	crush-portfolio	1	Velvet/Examples/Recursion.lean|30|8410732340261024813	pass	-	445	-
velvet	crush-portfolio	1	Velvet/Examples/Recursion.lean|31|13887296291903300382	pass	-	532	-
velvet	crush-portfolio	1	Velvet/Examples/Recursion.lean|32|6517665507579609563	pass	-	452	-
velvet	crush-portfolio	1	Velvet/Examples/Recursion.lean|33|1926823926199498616	pass	-	4	-
velvet	crush-portfolio	1	Velvet/Examples/Recursion.lean|34|4691160922418792609	pass	-	540	-
velvet	crush-portfolio	1	Velvet/Examples/Recursion.lean|35|5459752633259142580	pass	-	481	-
velvet	crush-portfolio	1	Velvet/Examples/Recursion.lean|36|14235806948139691359	pass	-	510	-
velvet	crush-portfolio	1	Velvet/Examples/Recursion.lean|37|275146994291977655	pass	-	5	-
velvet	crush-portfolio	1	Velvet/Examples/Recursion.lean|38|7037529583856086989	pass	-	459	-
velvet	crush-portfolio	1	Velvet/Examples/Recursion.lean|39|5348143843544294657	pass	-	563	-
velvet	crush-portfolio	1	Velvet/Examples/Recursion.lean|40|11865403806314311412	pass	-	462	-
velvet	crush-portfolio	1	Velvet/Examples/Recursion.lean|41|4528940613904177901	fail	timeout	10888	crush: solver returned `unknown` (solver exited without a verdict: cvc5 interrupted by timeout.). Try increasing `crush.timeout` or adding hypotheses.
velvet	crush-portfolio	1	Velvet/Examples/Recursion.lean|42|4049183095434299843	pass	-	2	-
velvet	crush-portfolio	1	Velvet/Examples/Recursion.lean|43|7275559839122250210	pass	-	2	-
velvet	crush-portfolio	1	Velvet/Examples/Recursion.lean|44|7360868690920052366	pass	-	2	-
velvet	crush-portfolio	1	Velvet/Examples/Recursion.lean|45|4851910658932930142	pass	-	3	-
velvet	crush-portfolio	1	Velvet/Examples/Recursion.lean|46|7656706852135243209	pass	-	3	-
velvet	crush-portfolio	1	Velvet/Examples/Recursion.lean|47|9897963110172432531	pass	-	1130	-
velvet	crush-portfolio	1	Velvet/Examples/Recursion.lean|48|4049183095434299843	pass	-	3	-
velvet	crush-portfolio	1	Velvet/Examples/Recursion.lean|49|4851910658932930142	pass	-	3	-
velvet	crush-portfolio	1	Velvet/Examples/Recursion.lean|50|7656706852135243209	pass	-	2	-
velvet	crush-portfolio	1	Velvet/Examples/Recursion.lean|51|5804668677648722939	pass	-	530	-
velvet	crush-portfolio	1	Velvet/Examples/Recursion.lean|52|5360899794933563671	pass	-	5	-
velvet	crush-portfolio	1	Velvet/Examples/Recursion.lean|53|2669204144888843361	pass	-	498	-
velvet	crush-portfolio	1	Velvet/Examples/Recursion.lean|54|17426933449823366573	pass	-	566	-
velvet	crush-portfolio	1	Velvet/Examples/Recursion.lean|55|8436330743851721663	pass	-	2	-
velvet	crush-portfolio	1	Velvet/Examples/Recursion.lean|56|50664709297785488	pass	-	1	-
velvet	crush-portfolio	1	Velvet/Examples/Recursion.lean|57|3040060259141493307	pass	-	4	-
velvet	crush-portfolio	1	Velvet/Examples/Recursion.lean|58|8843960039229350233	pass	-	493	-
velvet	crush-portfolio	1	Velvet/Examples/Recursion.lean|59|11033618788013063028	pass	-	3	-
velvet	crush-portfolio	1	Velvet/Examples/Recursion.lean|60|12960500676855313787	pass	-	500	-
velvet	crush-portfolio	1	Velvet/Examples/SmallHeartBeats.lean|1|15016508801900672495	fail	timeout	5506	crush: solver returned `unknown` (solver exited without a verdict: cvc5 interrupted by timeout.). Try increasing `crush.timeout` or adding hypotheses.
velvet	crush-portfolio	1	Velvet/Examples/SmallHeartBeats.lean|2|15016508801900672495	fail	timeout	5492	crush: solver returned `unknown` (solver exited without a verdict: cvc5 interrupted by timeout.). Try increasing `crush.timeout` or adding hypotheses.
velvet	crush-portfolio	1	Velvet/Examples/SmallHeartBeats.lean|3|2028202278093280602	fail	reconstruction	23227	"crush: solver reported `unsat`, but reconstruction failed — no finishing tactic could replay it from the core ([hyp invariant_1,  hyp if_pos,  hyp if_neg,  hyp if_pos_2,  hyp a._@._internal.0._stdin.1362229089._hygCtx._hyg.2667,  hyp a._@._internal.0._stdin.1362229089._hygCtx._hyg.2668,  hyp a._@._internal.0._stdin.1362229089._hygCtx._hyg.2669,  hyp a._@._internal.0._stdin.1362229089._hygCtx._hyg.2670,  hyp a._@._internal.0._stdin.1362229089._hygCtx._hyg.2671,  negated goal]). SMT core assertions:   - hyp invariant_1: ∀ (pos len : ℕ),     0 < len →       pos + len ≤ i →         (∀ j < len, isDigit input[pos + j]! = true) →           pos = 0 ∨ ¬isDigit input[pos - 1]! = true →             pos + len = i ∨ pos + len < i ∧ ¬isDigit input[pos + len]! = true → len ≤ bestLen   - hyp if_pos: i < input.size   - hyp if_neg: ¬isDigit input[i]! = true   - hyp if_pos_2: bestLen < currentLen   - hyp a._@._internal.0._stdin.1362229089._hygCtx._hyg.2667: 0 < len✝   - hyp a._@._internal.0._stdin.1362229089._hygCtx._hyg.2668: pos✝ + len✝ ≤ i + 1   - hyp a._@._internal.0._stdin.1362229089._hygCtx._hyg.2669: ∀ j < len✝, isDigit input[pos✝ + j]! = true   - hyp a._@._internal.0._stdin.1362229089._hygCtx._hyg.2670: pos✝ = 0 ∨ ¬isDigit input[pos✝ - 1]! = true   - hyp a._@._internal.0._stdin.1362229089._hygCtx._hyg.2671: pos✝ + len✝ = i + 1 ∨     pos✝ + len✝ < i + 1 ∧ ¬isDigit input[pos✝ + len✝]! = true   - negated goal: ¬len✝ ≤ currentLen Lean facts supplied to reconstruction:   - ∀ (pos len : ℕ),     0 < len →       pos + len ≤ i →         (∀ j < len, isDigit input[pos + j]! = true) →           pos = 0 ∨ ¬isDigit input[pos - 1]! = true →             pos + len = i ∨ pos + len < i ∧ ¬isDigit input[pos + len]! = true → len ≤ bestLen   - i < input.size   - ¬isDigit input[i]! = true   - bestLen < currentLen   - 0 < len✝   - pos✝ + len✝ ≤ i + 1   - ∀ j < len✝, isDigit input[pos✝ + j]! = true   - pos✝ = 0 ∨ ¬isDigit input[pos✝ - 1]! = true   - pos✝ + len✝ = i + 1 ∨ pos✝ + len✝ < i + 1 ∧ ¬isDigit input[pos✝ + len✝]! = true Explicit reconstruction hints:   (none) Other selected facts outside the core:   - hyp if_pos_1: inDigitSubstring = true Candidate library lemmas (best effort):   - getElem!_pos   - WPGen.mk.congr_simp   - lemma_2   - _private._stdin.0.PartialCorrectness.DemonicChoice.MonadNonDet.wp_forIn.match_1.eq_2   - Array.getElem!_toList   - _private._stdin.0.LeftmostMaximalDigit.match_1.eq_1 Add reconstruction-only facts with `crush ... with [lemma, h]`, or provide a checked finisher with `crush ... using (simp_all [definitions]; omega)`. Enable `trace.crush.reconstruct` for failed proof-search steps, or set `crush.trust` to ""reconstructOrTrust"" to accept the solver's verdict anyway."
velvet	crush-portfolio	1	Velvet/Examples/SmallHeartBeats.lean|4|15016508801900672495	fail	reconstruction	21678	"crush: solver reported `unsat`, but reconstruction failed — no finishing tactic could replay it from the core ([hyp invariant_1,  hyp if_pos,  hyp if_neg,  hyp a._@._internal.0._stdin.1362229089._hygCtx._hyg.3665,  hyp a._@._internal.0._stdin.1362229089._hygCtx._hyg.3666,  hyp a._@._internal.0._stdin.1362229089._hygCtx._hyg.3667,  hyp a._@._internal.0._stdin.1362229089._hygCtx._hyg.3668,  hyp a._@._internal.0._stdin.1362229089._hygCtx._hyg.3669,  negated goal]). SMT core assertions:   - hyp invariant_1: ∀ (pos len : ℕ),     0 < len →       pos + len ≤ i →         (∀ j < len, isDigit input[pos + j]! = true) →           pos = 0 ∨ ¬isDigit input[pos - 1]! = true →             pos + len = i ∨ pos + len < i ∧ ¬isDigit input[pos + len]! = true → len ≤ bestLen   - hyp if_pos: i < input.size   - hyp if_neg: ¬isDigit input[i]! = true   - hyp a._@._internal.0._stdin.1362229089._hygCtx._hyg.3665: 0 < len✝   - hyp a._@._internal.0._stdin.1362229089._hygCtx._hyg.3666: pos✝ + len✝ ≤ i + 1   - hyp a._@._internal.0._stdin.1362229089._hygCtx._hyg.3667: ∀ j < len✝, isDigit input[pos✝ + j]! = true   - hyp a._@._internal.0._stdin.1362229089._hygCtx._hyg.3668: pos✝ = 0 ∨ ¬isDigit input[pos✝ - 1]! = true   - hyp a._@._internal.0._stdin.1362229089._hygCtx._hyg.3669: pos✝ + len✝ = i + 1 ∨     pos✝ + len✝ < i + 1 ∧ ¬isDigit input[pos✝ + len✝]! = true   - negated goal: ¬len✝ ≤ bestLen Lean facts supplied to reconstruction:   - ∀ (pos len : ℕ),     0 < len →       pos + len ≤ i →         (∀ j < len, isDigit input[pos + j]! = true) →           pos = 0 ∨ ¬isDigit input[pos - 1]! = true →             pos + len = i ∨ pos + len < i ∧ ¬isDigit input[pos + len]! = true → len ≤ bestLen   - i < input.size   - ¬isDigit input[i]! = true   - 0 < len✝   - pos✝ + len✝ ≤ i + 1   - ∀ j < len✝, isDigit input[pos✝ + j]! = true   - pos✝ = 0 ∨ ¬isDigit input[pos✝ - 1]! = true   - pos✝ + len✝ = i + 1 ∨ pos✝ + len✝ < i + 1 ∧ ¬isDigit input[pos✝ + len✝]! = true Explicit reconstruction hints:   (none) Other selected facts outside the core:   - hyp if_pos_1: inDigitSubstring = true   - hyp if_neg_1: ¬bestLen < currentLen Candidate library lemmas (best effort):   - getElem!_pos   - WPGen.mk.congr_simp   - lemma_2   - _private._stdin.0.PartialCorrectness.DemonicChoice.MonadNonDet.wp_forIn.match_1.eq_2   - Array.getElem!_toList   - _private._stdin.0.LeftmostMaximalDigit.match_1.eq_1 Add reconstruction-only facts with `crush ... with [lemma, h]`, or provide a checked finisher with `crush ... using (simp_all [definitions]; omega)`. Enable `trace.crush.reconstruct` for failed proof-search steps, or set `crush.trust` to ""reconstructOrTrust"" to accept the solver's verdict anyway."
velvet	crush-portfolio	1	Velvet/Examples/SmallHeartBeats.lean|5|15016508801900672495	fail	reconstruction	21613	"crush: solver reported `unsat`, but reconstruction failed — no finishing tactic could replay it from the core ([hyp invariant_1,  hyp if_pos,  hyp if_neg,  hyp a._@._internal.0._stdin.1362229089._hygCtx._hyg.4699,  hyp a._@._internal.0._stdin.1362229089._hygCtx._hyg.4700,  hyp a._@._internal.0._stdin.1362229089._hygCtx._hyg.4701,  hyp a._@._internal.0._stdin.1362229089._hygCtx._hyg.4702,  hyp a._@._internal.0._stdin.1362229089._hygCtx._hyg.4703,  negated goal]). SMT core assertions:   - hyp invariant_1: ∀ (pos len : ℕ),     0 < len →       pos + len ≤ i →         (∀ j < len, isDigit input[pos + j]! = true) →           pos = 0 ∨ ¬isDigit input[pos - 1]! = true →             pos + len = i ∨ pos + len < i ∧ ¬isDigit input[pos + len]! = true → len ≤ bestLen   - hyp if_pos: i < input.size   - hyp if_neg: ¬isDigit input[i]! = true   - hyp a._@._internal.0._stdin.1362229089._hygCtx._hyg.4699: 0 < len✝   - hyp a._@._internal.0._stdin.1362229089._hygCtx._hyg.4700: pos✝ + len✝ ≤ i + 1   - hyp a._@._internal.0._stdin.1362229089._hygCtx._hyg.4701: ∀ j < len✝, isDigit input[pos✝ + j]! = true   - hyp a._@._internal.0._stdin.1362229089._hygCtx._hyg.4702: pos✝ = 0 ∨ ¬isDigit input[pos✝ - 1]! = true   - hyp a._@._internal.0._stdin.1362229089._hygCtx._hyg.4703: pos✝ + len✝ = i + 1 ∨     pos✝ + len✝ < i + 1 ∧ ¬isDigit input[pos✝ + len✝]! = true   - negated goal: ¬len✝ ≤ bestLen Lean facts supplied to reconstruction:   - ∀ (pos len : ℕ),     0 < len →       pos + len ≤ i →         (∀ j < len, isDigit input[pos + j]! = true) →           pos = 0 ∨ ¬isDigit input[pos - 1]! = true →             pos + len = i ∨ pos + len < i ∧ ¬isDigit input[pos + len]! = true → len ≤ bestLen   - i < input.size   - ¬isDigit input[i]! = true   - 0 < len✝   - pos✝ + len✝ ≤ i + 1   - ∀ j < len✝, isDigit input[pos✝ + j]! = true   - pos✝ = 0 ∨ ¬isDigit input[pos✝ - 1]! = true   - pos✝ + len✝ = i + 1 ∨ pos✝ + len✝ < i + 1 ∧ ¬isDigit input[pos✝ + len✝]! = true Explicit reconstruction hints:   (none) Other selected facts outside the core:   - hyp if_neg_1: ¬inDigitSubstring = true Candidate library lemmas (best effort):   - getElem!_pos   - WPGen.mk.congr_simp   - lemma_2   - _private._stdin.0.PartialCorrectness.DemonicChoice.MonadNonDet.wp_forIn.match_1.eq_2   - Array.getElem!_toList   - _private._stdin.0.LeftmostMaximalDigit.match_1.eq_1 Add reconstruction-only facts with `crush ... with [lemma, h]`, or provide a checked finisher with `crush ... using (simp_all [definitions]; omega)`. Enable `trace.crush.reconstruct` for failed proof-search steps, or set `crush.trust` to ""reconstructOrTrust"" to accept the solver's verdict anyway."
velvet	crush-portfolio	1	Velvet/Examples/SmallHeartBeats.lean|6|3737123472131748703	fail	timeout	5490	crush: solver returned `unknown` (solver exited without a verdict: cvc5 interrupted by timeout.). Try increasing `crush.timeout` or adding hypotheses.
velvet	crush-portfolio	1	Velvet/Examples/SmallHeartBeats.lean|7|7513237505621560861	pass	-	8	-
velvet	crush-portfolio	1	Velvet/Examples/SmallHeartBeats.lean|8|8096766621563827002	pass	-	512	-
velvet	crush-portfolio	1	Velvet/Examples/SmallHeartBeats.lean|9|18343663110535115658	fail	timeout	5526	crush: solver returned `unknown` (solver exited without a verdict: cvc5 interrupted by timeout.). Try increasing `crush.timeout` or adding hypotheses.
velvet	crush-portfolio	1	Velvet/Examples/SpMSpV_Example.lean|1|1967192165379400567	pass	-	4	-
velvet	crush-portfolio	1	Velvet/Examples/SpMSpV_Example.lean|2|8738685113314976701	pass	-	551	-
velvet	crush-portfolio	1	Velvet/Examples/SpMSpV_Example.lean|3|3203096880704497577	pass	-	663	-
velvet	crush-portfolio	1	Velvet/Examples/SpMSpV_Example.lean|4|13561229236986007424	pass	-	2	-
velvet	crush-portfolio	1	Velvet/Examples/SpMSpV_Example.lean|5|4023749508134620518	pass	-	2	-
velvet	crush-portfolio	1	Velvet/Examples/SpMSpV_Example.lean|6|6516497319029947851	pass	-	2	-
velvet	crush-portfolio	1	Velvet/Examples/SpMSpV_Example.lean|7|6511268073169614694	pass	-	524	-
velvet	crush-portfolio	1	Velvet/Examples/SpMSpV_Example.lean|8|3467184461832131134	pass	-	1	-
velvet	crush-portfolio	1	Velvet/Examples/SpMSpV_Example.lean|9|975338514235632457	pass	-	508	-
velvet	crush-portfolio	1	Velvet/Examples/SpMSpV_Example.lean|10|12341185047943028706	pass	-	590	-
velvet	crush-portfolio	1	Velvet/Examples/SpMSpV_Example.lean|11|17907350532264535304	pass	-	4	-
velvet	crush-portfolio	1	Velvet/Examples/SpMSpV_Example.lean|12|6948348975417913427	pass	-	4	-
velvet	crush-portfolio	1	Velvet/Examples/SpMSpV_Example.lean|13|2560064229450187973	pass	-	9	-
velvet	crush-portfolio	1	Velvet/Examples/SpMSpV_Example.lean|14|11268031057524734514	pass	-	8	-
velvet	crush-portfolio	1	Velvet/Examples/SpMSpV_Example.lean|15|10035930273513517515	pass	-	706	-
velvet	crush-portfolio	1	Velvet/Examples/SpMSpV_Example.lean|16|4828757563640441921	pass	-	954	-
velvet	crush-portfolio	1	Velvet/Examples/SpMSpV_Example.lean|17|11230331504797547582	pass	-	8	-
velvet	crush-portfolio	1	Velvet/Examples/SpMSpV_Example.lean|18|17578923063843270768	pass	-	6	-
velvet	crush-portfolio	1	Velvet/Examples/SpMSpV_Example.lean|19|9723121325275610683	pass	-	560	-
velvet	crush-portfolio	1	Velvet/Examples/SpMSpV_Example.lean|20|17138153512408342530	pass	-	580	-
velvet	crush-portfolio	1	Velvet/Examples/SpMSpV_Example.lean|21|1779879977175361606	pass	-	591	-
velvet	crush-portfolio	1	Velvet/Examples/SpMSpV_Example.lean|22|1927473323286999035	pass	-	0	-
velvet	crush-portfolio	1	Velvet/Examples/SpMSpV_Example.lean|23|1927473323286999035	pass	-	1	-
velvet	crush-portfolio	1	Velvet/Examples/SpMSpV_Example.lean|24|3184815126966959579	pass	-	565	-
velvet	crush-portfolio	1	Velvet/Examples/SpMSpV_Example.lean|25|1119395027554635835	pass	-	620	-
velvet	crush-portfolio	1	Velvet/Examples/SpMSpV_Example.lean|26|2867453267844152322	pass	-	674	-
velvet	crush-portfolio	1	Velvet/Examples/SpMSpV_Example.lean|27|16615537408723427288	pass	-	9	-
velvet	crush-portfolio	1	Velvet/Examples/SpMSpV_Example.lean|28|7752079179715214779	pass	-	5	-
velvet	crush-portfolio	1	Velvet/Examples/SpMSpV_Example.lean|29|12365816836206760017	pass	-	648	-
velvet	crush-portfolio	1	Velvet/Examples/SpMSpV_Example.lean|30|14837198768818932204	pass	-	914	-
velvet	crush-portfolio	1	Velvet/Examples/SpMSpV_Example.lean|31|13561229236986007424	pass	-	5	-
velvet	crush-portfolio	1	Velvet/Examples/SpMSpV_Example.lean|32|15323100967004739210	pass	-	667	-
velvet	crush-portfolio	1	Velvet/Examples/SpMSpV_Example.lean|33|10656169208955874266	pass	-	741	-
velvet	crush-portfolio	1	Velvet/Examples/SpMSpV_Example.lean|34|13561229236986007424	pass	-	4	-
velvet	crush-portfolio	1	Velvet/Examples/SpMSpV_Example.lean|35|9762937465648280212	pass	-	669	-
velvet	crush-portfolio	1	Velvet/Examples/SpMSpV_Example.lean|36|2195194365498566470	pass	-	770	-
velvet	crush-portfolio	1	Velvet/Examples/SpMSpV_Example.lean|37|13561229236986007424	pass	-	3	-
velvet	crush-portfolio	1	Velvet/Examples/SpMSpV_Example.lean|38|11853401597336712609	pass	-	642	-
velvet	crush-portfolio	1	Velvet/Examples/SpMSpV_Example.lean|39|8906564304959696025	pass	-	4	-
velvet	crush-portfolio	1	Velvet/Examples/SpMSpV_Example.lean|40|2836632441074815746	pass	-	637	-
velvet	crush-portfolio	1	Velvet/Examples/SpMSpV_Example.lean|41|3467184461832131134	pass	-	1	-
velvet	crush-portfolio	1	Velvet/Examples/SpMSpV_Example.lean|42|9157999431728333977	pass	-	563	-
velvet	crush-portfolio	1	Velvet/Examples/SpMSpV_Example.lean|43|12484676100150332319	pass	-	692	-
velvet	crush-portfolio	1	Velvet/Examples/SpMSpV_Example.lean|44|6547543738413559297	pass	-	684	-
velvet	crush-portfolio	1	Velvet/Examples/SpMSpV_Example.lean|45|4428589781148415831	pass	-	5	-
velvet	crush-portfolio	1	Velvet/Examples/SpMSpV_Example.lean|46|10600388612998636634	pass	-	11	-
velvet	crush-portfolio	1	Velvet/Examples/SpMSpV_Example.lean|47|12568830336983413194	pass	-	11	-
velvet	crush-portfolio	1	Velvet/Examples/SpMSpV_Example.lean|48|326977185203169709	pass	-	11	-
velvet	crush-portfolio	1	Velvet/Examples/SpMSpV_Example.lean|49|16599719904663808863	pass	-	815	-
velvet	crush-portfolio	1	Velvet/Examples/SpMSpV_Example.lean|50|9413868035314052637	pass	-	785	-
velvet	crush-portfolio	1	Velvet/Examples/SpMSpV_Example.lean|51|11331147013392176036	pass	-	1364	-
velvet	crush-portfolio	1	Velvet/Examples/SpMSpV_Example.lean|52|3439126561156933339	pass	-	12	-
velvet	crush-portfolio	1	Velvet/Examples/SpMSpV_Example.lean|53|12568830336983413194	pass	-	11	-
velvet	crush-portfolio	1	Velvet/Examples/SpMSpV_Example.lean|54|17578923063843270768	pass	-	12	-
velvet	crush-portfolio	1	Velvet/Examples/SpMSpV_Example.lean|55|16599719904663808863	pass	-	825	-
velvet	crush-portfolio	1	Velvet/Examples/SpMSpV_Example.lean|56|14915918579342464454	pass	-	675	-
velvet	crush-portfolio	1	Velvet/Examples/SpMSpV_Example.lean|57|9290686424640906065	fail	timeout	52187	(deterministic) timeout at `isDefEq`, maximum number of heartbeats (1000000) has been reached  Note: Use `set_option maxHeartbeats <num>` to set the limit.(invalid MessageData.lazy, missing context)
velvet	crush-portfolio	1	Velvet/Examples/SpMSpV_Example.lean|58|10600388612998636634	pass	-	13	-
velvet	crush-portfolio	1	Velvet/Examples/SpMSpV_Example.lean|59|4457183463164791376	pass	-	12	-
velvet	crush-portfolio	1	Velvet/Examples/SpMSpV_Example.lean|60|17578923063843270768	pass	-	12	-
velvet	crush-portfolio	1	Velvet/Examples/SpMSpV_Example.lean|61|4823872097887552574	pass	-	741	-
velvet	crush-portfolio	1	Velvet/Examples/SpMSpV_Example.lean|62|9413868035314052637	pass	-	797	-
velvet	crush-portfolio	1	Velvet/Examples/SpMSpV_Example.lean|63|4033875047981720732	fail	timeout	73377	(deterministic) timeout at `isDefEq`, maximum number of heartbeats (1000000) has been reached  Note: Use `set_option maxHeartbeats <num>` to set the limit.(invalid MessageData.lazy, missing context)
velvet	crush-portfolio	1	Velvet/Examples/SpMSpV_Example.lean|64|3439126561156933339	pass	-	8	-
velvet	crush-portfolio	1	Velvet/Examples/SpMSpV_Example.lean|65|4457183463164791376	pass	-	8	-
velvet	crush-portfolio	1	Velvet/Examples/SpMSpV_Example.lean|66|17578923063843270768	pass	-	8	-
velvet	crush-portfolio	1	Velvet/Examples/SpMSpV_Example.lean|67|4823872097887552574	pass	-	550	-
velvet	crush-portfolio	1	Velvet/Examples/SpMSpV_Example.lean|68|14915918579342464454	pass	-	517	-
velvet	crush-portfolio	1	Velvet/Examples/SpMSpV_Example.lean|69|10972595422634862877	pass	-	665	-
velvet	crush-portfolio	1	Velvet/Examples/SpMSpV_Example.lean|70|8550776788309984180	pass	-	640	-
velvet	crush-portfolio	1	Velvet/Examples/SpMSpV_Example.lean|71|1927473323286999035	pass	-	1	-
velvet	crush-portfolio	1	Velvet/Examples/SpMSpV_Example.lean|72|1927473323286999035	pass	-	1	-
velvet	crush-portfolio	1	Velvet/Examples/SpMSpV_Example.lean|73|1927473323286999035	pass	-	0	-
velvet	crush-portfolio	1	Velvet/Examples/SpMSpV_Example.lean|74|3184815126966959579	pass	-	507	-
velvet	crush-portfolio	1	Velvet/Examples/SpMSpV_Example.lean|75|5592904318722155373	pass	-	508	-
velvet	crush-portfolio	1	Velvet/Examples/SpMSpV_Example.lean|76|9139246173028146264	pass	-	707	-
velvet	crush-portfolio	1	Velvet/Examples/SpMSpV_Example.lean|77|1600226093076966364	pass	-	822	-
velvet	crush-portfolio	1	Velvet/Examples/SpMSpV_Example.lean|78|16615823506960250981	pass	-	13	-
velvet	crush-portfolio	1	Velvet/Examples/SubstringSearch.lean|1|18217664312208415458	pass	-	518	-
velvet	crush-portfolio	1	Velvet/Examples/SubstringSearch.lean|2|14717207787831772510	pass	-	448	-
velvet	crush-portfolio	1	Velvet/Examples/SubstringSearch.lean|3|10323933724704776680	pass	-	455	-
velvet	crush-portfolio	1	Velvet/Examples/SubstringSearch.lean|4|8391554914672281118	pass	-	2	-
velvet	crush-portfolio	1	Velvet/Examples/SubstringSearch.lean|5|6640297411548399355	pass	-	436	-
velvet	crush-portfolio	1	Velvet/Examples/SubstringSearch.lean|6|4492008039209323302	pass	-	488	-
velvet	crush-portfolio	1	Velvet/Examples/SubstringSearch.lean|7|16506446102682745284	pass	-	485	-
velvet	crush-portfolio	1	Velvet/Examples/SubstringSearch.lean|8|4056255141881592010	pass	-	33	-
velvet	crush-portfolio	1	Velvet/Examples/SubstringSearch.lean|9|10653939026877543916	pass	-	500	-
velvet	crush-portfolio	1	Velvet/Examples/SubstringSearch.lean|10|11759649870705798849	pass	-	19	-
velvet	crush-portfolio	1	Velvet/Examples/SubstringSearch.lean|11|18143633401136980304	pass	-	476	-
velvet	crush-portfolio	1	Velvet/Examples/SubstringSearch.lean|12|16856248441874989194	pass	-	488	-
velvet	crush-portfolio	1	Velvet/Examples/SubstringSearch.lean|13|1598574868652780333	pass	-	774	-
velvet	crush-portfolio	1	Velvet/Examples/SubstringSearch.lean|14|6083540873046640352	pass	-	590	-
velvet	crush-portfolio	1	Velvet/Examples/SubstringSearch.lean|15|18314524564682266162	pass	-	493	-
velvet	crush-portfolio	1	Velvet/Examples/SubstringSearch.lean|16|14859665284842375974	pass	-	516	-
velvet	crush-portfolio	1	Velvet/Examples/SubstringSearch.lean|17|16859604855349517182	fail	timeout	5500	crush: solver returned `unknown` (solver exited without a verdict: cvc5 interrupted by timeout.). Try increasing `crush.timeout` or adding hypotheses.
velvet	crush-portfolio	1	Velvet/Examples/SubstringSearch.lean|18|12762377925475098934	pass	-	529	-
velvet	crush-portfolio	1	Velvet/Examples/SubstringSearch.lean|19|4492008039209323302	pass	-	476	-
velvet	crush-portfolio	1	Velvet/Examples/SubstringSearch.lean|20|16506446102682745284	pass	-	491	-
velvet	crush-portfolio	1	Velvet/Examples/SubstringSearch.lean|21|4056255141881592010	pass	-	34	-
velvet	crush-portfolio	1	Velvet/Examples/SubstringSearch.lean|22|18313498382677451279	pass	-	19	-
velvet	crush-portfolio	1	Velvet/Examples/SubstringSearch.lean|23|5902668824617064985	pass	-	20	-
velvet	crush-portfolio	1	Velvet/Examples/SubstringSearch.lean|24|18214680451177329292	pass	-	488	-
velvet	crush-portfolio	1	Velvet/Examples/SubstringSearch.lean|25|4587180649363296126	pass	-	499	-
velvet	crush-portfolio	1	Velvet/Examples/SubstringSearch.lean|26|1598574868652780333	pass	-	769	-
velvet	crush-portfolio	1	Velvet/Examples/SubstringSearch.lean|27|7138545743425854663	pass	-	508	-
velvet	crush-portfolio	1	Velvet/Examples/SubstringSearch.lean|28|4681422515724674825	pass	-	503	-
velvet	crush-portfolio	1	Velvet/Examples/SubstringSearch.lean|29|14859665284842375974	pass	-	513	-
velvet	crush-portfolio	1	Velvet/Examples/SubstringSearch.lean|30|15621397202025328223	fail	timeout	5497	crush: solver returned `unknown` (solver exited without a verdict: cvc5 interrupted by timeout.). Try increasing `crush.timeout` or adding hypotheses.
velvet	crush-portfolio	1	Velvet/Examples/SubstringSearch.lean|31|12762377925475098934	pass	-	527	-
velvet	crush-portfolio	1	Velvet/Examples/SubstringSearch.lean|32|6640297411548399355	pass	-	476	-
velvet	crush-portfolio	1	Velvet/Examples/SubstringSearch.lean|33|12035722151280848636	pass	-	491	-
velvet	crush-portfolio	1	Velvet/Examples/SubstringSearch.lean|34|4056255141881592010	pass	-	33	-
velvet	crush-portfolio	1	Velvet/Examples/SubstringSearch.lean|35|18313498382677451279	pass	-	18	-
velvet	crush-portfolio	1	Velvet/Examples/SubstringSearch.lean|36|5902668824617064985	pass	-	19	-
velvet	crush-portfolio	1	Velvet/Examples/SubstringSearch.lean|37|11007454110672083430	pass	-	476	-
velvet	crush-portfolio	1	Velvet/Examples/SubstringSearch.lean|38|4587180649363296126	pass	-	495	-
velvet	crush-portfolio	1	Velvet/Examples/SubstringSearch.lean|39|4995387128902807839	pass	-	498	-
velvet	crush-portfolio	1	Velvet/Examples/SubstringSearch.lean|40|7138545743425854663	pass	-	494	-
velvet	crush-portfolio	1	Velvet/Examples/SubstringSearch.lean|41|4681422515724674825	pass	-	683	-
velvet	crush-portfolio	1	Velvet/Examples/SubstringSearch.lean|42|9257442500105266102	pass	-	36	-
velvet	crush-portfolio	1	Velvet/Examples/SubstringSearch.lean|43|15621397202025328223	pass	-	4087	-
velvet	crush-portfolio	1	Velvet/Examples/SubstringSearch.lean|44|12762377925475098934	pass	-	522	-
velvet	crush-portfolio	1	Velvet/Examples/SubstringSearch.lean|45|14757371069243260877	pass	-	17	-
velvet	crush-portfolio	1	Velvet/Examples/SubstringSearch.lean|46|10355523733004803458	pass	-	16	-
velvet	crush-portfolio	1	Velvet/Examples/SubstringSearch.lean|47|802985032057732284	pass	-	17	-
velvet	crush-portfolio	1	Velvet/Examples/SubstringSearch.lean|48|18313498382677451279	pass	-	16	-
velvet	crush-portfolio	1	Velvet/Examples/SubstringSearch.lean|49|5902668824617064985	pass	-	16	-
velvet	crush-portfolio	1	Velvet/Examples/SubstringSearch.lean|50|6469834297383728061	pass	-	17	-
velvet	crush-portfolio	1	Velvet/Examples/SubstringSearch.lean|51|529893491977289627	pass	-	17	-
velvet	crush-portfolio	1	Velvet/Examples/SubstringSearch.lean|52|7110337632391962636	pass	-	497	-
velvet	crush-portfolio	1	Velvet/Examples/SubstringSearch.lean|53|7138545743425854663	pass	-	509	-
velvet	crush-portfolio	1	Velvet/Examples/SubstringSearch.lean|54|12240785285064077065	pass	-	506	-
velvet	crush-portfolio	1	Velvet/Examples/SubstringSearch.lean|55|8901178409804151575	pass	-	489	-
velvet	crush-portfolio	1	Velvet/Examples/SubstringSearch.lean|56|8890844706151052704	pass	-	2136	-
velvet	crush-portfolio	1	Velvet/Examples/SubstringSearch.lean|57|8801584380004644131	pass	-	30	-
velvet	crush-portfolio	1	Velvet/Examples/SubstringSearch.lean|58|6640297411548399355	pass	-	441	-
velvet	crush-portfolio	1	Velvet/Examples/SubstringSearch.lean|59|6640297411548399355	pass	-	445	-
velvet	crush-portfolio	1	Velvet/Examples/SubstringSearch.lean|60|17707774690084689736	pass	-	444	-
velvet	crush-portfolio	1	Velvet/Examples/SubstringSearch.lean|61|6640297411548399355	pass	-	436	-
velvet	crush-portfolio	1	Velvet/Examples/SubstringSearch.lean|62|4974301628068507188	pass	-	453	-
velvet	crush-portfolio	1	Velvet/Examples/SubstringSearch.lean|63|6640297411548399355	pass	-	459	-
velvet	crush-portfolio	1	Velvet/Examples/SubstringSearch.lean|64|6640297411548399355	pass	-	450	-
velvet	crush-portfolio	1	Velvet/Examples/SubstringSearch.lean|65|577474350103851300	pass	-	434	-
velvet	crush-portfolio	1	Velvet/Examples/SubstringSearch.lean|66|12819951545662893426	pass	-	437	-
velvet	crush-portfolio	1	Velvet/Examples/SubstringSearch.lean|67|16471188947338966842	pass	-	448	-
velvet	crush-portfolio	1	Velvet/Examples/SubstringSearch.lean|68|9975741777879173881	pass	-	440	-
velvet	crush-portfolio	1	Velvet/Examples/SubstringSearch.lean|69|88332911118243609	pass	-	443	-
velvet	crush-portfolio	1	Velvet/Examples/SubstringSearch.lean|70|4316548289593557355	pass	-	571	-
velvet	crush-portfolio	1	Velvet/Examples/SubstringSearch.lean|71|1800578837535211584	fail	timeout	5516	crush: solver returned `unknown` (solver exited without a verdict: cvc5 interrupted by timeout.). Try increasing `crush.timeout` or adding hypotheses.
velvet	crush-portfolio	1	Velvet/Examples/SubstringSearch.lean|72|10230862668540398183	pass	-	576	-
velvet	crush-portfolio	1	Velvet/Examples/SubstringSearch.lean|73|16982021311738439252	pass	-	515	-
velvet	crush-portfolio	1	Velvet/Examples/SubstringSearch.lean|74|2906785913913327379	pass	-	44	-
velvet	crush-portfolio	1	Velvet/Examples/SumOfDigits.lean|1|4887343456502517186	pass	-	788	-
velvet	crush-portfolio	1	Velvet/Examples/SumOfDigits.lean|2|5431800701729144158	pass	-	759	-
velvet	crush-portfolio	1	Velvet/Examples/SumOfDigits.lean|3|3012699503639543524	pass	-	1	-
velvet	crush-portfolio	1	Velvet/Examples/SumOfDigits.lean|4|12835711844832851839	pass	-	1	-
velvet	crush-portfolio	1	Velvet/Examples/SumOfDigits.lean|5|7475080825861972690	pass	-	724	-
velvet	crush-portfolio	1	Velvet/Examples/SumOfDigits.lean|6|15970435702129902192	pass	-	661	-
velvet	crush-portfolio	1	Velvet/Examples/SumOfDigits.lean|7|6640297411548399355	pass	-	571	-
velvet	crush-portfolio	1	Velvet/Examples/SumOfDigits.lean|8|3871074223281074707	pass	-	1052	-
velvet	crush-portfolio	1	Velvet/Examples/TestLoopControl.lean|1|4791612905070682933	pass	-	898	-
velvet	crush-portfolio	1	Velvet/Examples/TestLoopControl.lean|2|4635955882467741603	pass	-	652	-
velvet	crush-portfolio	1	Velvet/Examples/TestLoopControl.lean|3|4791612905070682933	pass	-	881	-
velvet	crush-portfolio	1	Velvet/Examples/TestLoopControl.lean|4|8037191589732674397	pass	-	2	-
velvet	crush-portfolio	1	Velvet/Examples/TestLoopControl.lean|5|4982008840348523404	pass	-	708	-
velvet	crush-portfolio	1	Velvet/Examples/TestLoopControl.lean|6|14929476196725773389	pass	-	475	-
velvet	crush-portfolio	1	Velvet/Examples/TestLoopControl.lean|7|2311107858308393802	pass	-	1077	-
velvet	crush-portfolio	1	Velvet/Examples/TestLoopControl.lean|8|8037191589732674397	pass	-	2	-
velvet	crush-portfolio	1	Velvet/Examples/TestLoopControl.lean|9|4791612905070682933	pass	-	904	-
velvet	crush-portfolio	1	Velvet/Examples/TestLoopControl.lean|10|8037191589732674397	pass	-	2	-
velvet	crush-portfolio	1	Velvet/Examples/TestLoopControl.lean|11|817407402121334710	pass	-	707	-
velvet	crush-portfolio	1	Velvet/Examples/TestLoopControl.lean|12|14929476196725773389	pass	-	475	-
velvet	crush-portfolio	1	Velvet/Examples/TestLoopControl.lean|13|2311107858308393802	pass	-	674	-
velvet	crush-portfolio	1	Velvet/Examples/TestLoopControl.lean|14|8140981983620881888	pass	-	5	-
velvet	crush-portfolio	1	Velvet/Examples/TestLoopControl.lean|15|13972406881857011341	pass	-	1416	-
velvet	crush-portfolio	1	Velvet/Examples/TestLoopControl.lean|16|8140981983620881888	pass	-	6	-
velvet	crush-portfolio	1	Velvet/Examples/TestLoopControl.lean|17|2763434902891560151	pass	-	1098	-
velvet	crush-portfolio	1	Velvet/Examples/TestLoopControl.lean|18|9560710549938607088	pass	-	4	-
velvet	crush-portfolio	1	Velvet/Examples/TestLoopControl.lean|19|4016036276427276962	pass	-	5	-
velvet	crush-portfolio	1	Velvet/Examples/TestLoopControl.lean|20|12910903814107581038	pass	-	914	-
velvet	crush-portfolio	1	Velvet/Examples/TestLoopControl.lean|21|8811351339800985865	pass	-	472	-
velvet	crush-portfolio	1	Velvet/Examples/TestLoopControl.lean|22|8466542615974342579	pass	-	2	-
velvet	crush-portfolio	1	Velvet/Examples/TestLoopControl.lean|23|10603200310498800727	pass	-	11	-
velvet	crush-portfolio	1	Velvet/Examples/TestMatch.lean|1|7475080825861972690	pass	-	3	-
velvet	crush-portfolio	1	Velvet/Examples/TestMatch.lean|2|12712313322610564863	pass	-	1	-
velvet	crush-portfolio	1	Velvet/Examples/TestMatch.lean|3|10112861571242978892	pass	-	1	-
velvet	crush-portfolio	1	Velvet/Examples/TestMatch.lean|4|9817662802794804509	pass	-	3	-
velvet	crush-portfolio	1	Velvet/Examples/TestMatch.lean|5|18226621409008708882	pass	-	3	-
velvet	crush-portfolio	1	Velvet/Examples/TestMatch.lean|6|12313593517213863317	pass	-	515	-
velvet	crush-portfolio	1	Velvet/Examples/TestMatch.lean|7|5915416142655103160	pass	-	984	-
velvet	crush-portfolio	1	Velvet/Examples/Total_Partial_example.lean|1|1993702872115081742	pass	-	586	-
velvet	crush-portfolio	1	Velvet/Examples/Total_Partial_example.lean|2|8793228589483947084	pass	-	8	-
velvet	crush-portfolio	1	Velvet/Examples/Total_Partial_example.lean|3|1066791641437412485	pass	-	611	-
velvet	crush-portfolio	1	Velvet/Examples/Total_Partial_example.lean|4|8472930623785656869	fail	reconstruction	9701	"crush: solver reported `unsat`, but reconstruction failed — no finishing tactic could replay it from the core ([hyp invariant_1,  hyp invariant_2,  hyp if_pos,  hyp invariant_5,  hyp invariant_6,  hyp invariant_7,  hyp if_pos_1,  hyp if_pos_2,  hyp a._@._internal.0._stdin.3344371751._hygCtx._hyg.3292,  hyp a._@._internal.0._stdin.3344371751._hygCtx._hyg.3293,  hyp a._@._internal.0._stdin.3344371751._hygCtx._hyg.3294,  negated goal]). SMT core assertions:   - hyp invariant_1: arr.size = arrOld.size   - hyp invariant_2: n ≤ arr.size   - hyp if_pos: ¬n = arr.size   - hyp invariant_5: arr_1.size = arrOld.size   - hyp invariant_6: mind ≤ n   - hyp invariant_7: ∀ (i j : ℕ), 0 ≤ i → i < j → j ≤ n → ¬j = mind → arr_1[i]! ≤ arr_1[j]!   - hyp if_pos_1: ¬mind = 0   - hyp if_pos_2: arr_1[mind]! < arr_1[mind - 1]!   - hyp a._@._internal.0._stdin.3344371751._hygCtx._hyg.3292: i✝ < j✝   - hyp a._@._internal.0._stdin.3344371751._hygCtx._hyg.3293: j✝ ≤ n   - hyp a._@._internal.0._stdin.3344371751._hygCtx._hyg.3294: ¬j✝ = mind - 1   - negated goal: ¬((arr_1.set! mind arr_1[mind - 1]!).set! (mind - 1) arr_1[mind]!)[i✝]! ≤       ((arr_1.set! mind arr_1[mind - 1]!).set! (mind - 1) arr_1[mind]!)[j✝]! Lean facts supplied to reconstruction:   - arr.size = arrOld.size   - n ≤ arr.size   - ¬n = arr.size   - arr_1.size = arrOld.size   - mind ≤ n   - ∀ (i j : ℕ), 0 ≤ i → i < j → j ≤ n → ¬j = mind → arr_1[i]! ≤ arr_1[j]!   - ¬mind = 0   - arr_1[mind]! < arr_1[mind - 1]!   - i✝ < j✝   - j✝ ≤ n   - ¬j✝ = mind - 1 Explicit reconstruction hints:   (none) Other selected facts outside the core:   - hyp if_neg: ¬arrOld.size ≤ 1   - hyp invariant_3: ∀ (i j : ℕ), 0 ≤ i → i < j → j ≤ n - 1 → arr[i]! ≤ arr[j]!   - hyp invariant_4: arr.toMultiset = arrOld.toMultiset   - hyp invariant_8: arr_1.toMultiset = arrOld.toMultiset   - hyp a._@._internal.0._stdin.3344371751._hygCtx._hyg.3291: 0 ≤ i✝   - solverHint Array.multiset_swap@inst@ground: mind - 1 < arr_1.size →     mind < arr_1.size → ((arr_1.set! mind arr_1[mind - 1]!).set! (mind - 1) arr_1[mind]!).toMultiset = arr_1.toMultiset Candidate library lemmas (best effort):   - Array.multiset_swap   - WPGen.mk.congr_simp   - Array.getElem!_set!_ne   - _private._stdin.0.insertionSort_part.match_2.eq_1   - Array.getElem!_set!_self   - _private._stdin.0.PartialCorrectness.DemonicChoice.MonadNonDet.wp_forIn.match_1.eq_2 Add reconstruction-only facts with `crush ... with [lemma, h]`, or provide a checked finisher with `crush ... using (simp_all [definitions]; omega)`. Enable `trace.crush.reconstruct` for failed proof-search steps, or set `crush.trust` to ""reconstructOrTrust"" to accept the solver's verdict anyway."
velvet	crush-portfolio	1	Velvet/Examples/Total_Partial_example.lean|5|2816846931760221370	pass	-	674	-
velvet	crush-portfolio	1	Velvet/Examples/Total_Partial_example.lean|6|5794584936190196715	pass	-	7	-
velvet	crush-portfolio	1	Velvet/Examples/Total_Partial_example.lean|7|1066791641437412485	pass	-	607	-
velvet	crush-portfolio	1	Velvet/Examples/Total_Partial_example.lean|8|14825588553610653054	fail	timeout	11350	crush: solver returned `unknown` (solver exited without a verdict: cvc5 interrupted by timeout.). Try increasing `crush.timeout` or adding hypotheses.
velvet	crush-portfolio	1	Velvet/Examples/Total_Partial_example.lean|9|15257391885382474665	pass	-	8	-
velvet	crush-portfolio	1	Velvet/Examples/Total_Partial_example.lean|10|5794584936190196715	pass	-	8	-
velvet	crush-portfolio	1	Velvet/Examples/Total_Partial_example.lean|11|12031026870814429192	pass	-	7	-
velvet	crush-portfolio	1	Velvet/Examples/Total_Partial_example.lean|12|16465886849738339639	pass	-	693	-
velvet	crush-portfolio	1	Velvet/Examples/Total_Partial_example.lean|13|15257391885382474665	pass	-	8	-
velvet	crush-portfolio	1	Velvet/Examples/Total_Partial_example.lean|14|5918835836158453730	pass	-	13	-
velvet	crush-portfolio	1	Velvet/Examples/Total_Partial_example.lean|15|5964899400721509044	pass	-	4	-
velvet	crush-portfolio	1	Velvet/Examples/Total_Partial_example.lean|16|12155028420956038391	pass	-	490	-
velvet	crush-portfolio	1	Velvet/Examples/Total_Partial_example.lean|17|14852526092468225565	pass	-	723	-
velvet	crush-portfolio	1	Velvet/Examples/Total_Partial_example.lean|18|17117294935281830098	pass	-	4	-
velvet	crush-portfolio	1	Velvet/Examples/Total_Partial_example.lean|19|5288706169439222084	pass	-	13	-
velvet	crush-portfolio	1	Velvet/Examples/Total_Partial_example.lean|20|4477598582358312981	pass	-	540	-
velvet	crush-portfolio	1	Velvet/Examples/Total_Partial_example.lean|21|7903702650473013145	pass	-	745	-
velvet	crush-portfolio	1	Velvet/Examples/Total_Partial_example.lean|22|8905801618567038615	pass	-	15	-
velvet	crush-portfolio	1	Velvet/Examples/Total_Partial_example.lean|23|5964899400721509044	pass	-	5	-
velvet	crush-portfolio	1	Velvet/Examples/Total_Partial_example.lean|24|16800718018059787263	pass	-	4	-
velvet	crush-portfolio	1	Velvet/Examples/Total_Partial_example.lean|25|11248877774576345437	pass	-	667	-
velvet	crush-portfolio	1	Velvet/Examples/Total_Partial_example.lean|26|17117294935281830098	pass	-	4	-
velvet	crush-portfolio	1	Velvet/Examples/Total_Partial_example.lean|27|6709257883257101731	pass	-	6	-
velvet	crush-portfolio	1	Velvet/Examples/Total_Partial_example.lean|28|16576486626369642801	pass	-	495	-
velvet	crush-portfolio	1	Velvet/Examples/Total_Partial_example.lean|29|11235314628722112900	pass	-	547	-
velvet	crush-portfolio	1	Velvet/Examples/Total_Partial_example.lean|30|8905801618567038615	pass	-	7	-
velvet	crush-portfolio	1	Velvet/Examples/Total_Partial_example.lean|31|18214290959922115111	pass	-	2851	-
velvet	crush-portfolio	1	Velvet/Examples/Total_Partial_example.lean|32|8793228589483947084	pass	-	4	-
velvet	crush-portfolio	1	Velvet/Examples/Total_Partial_example.lean|33|11568103068982921353	pass	-	602	-
velvet	crush-portfolio	1	Velvet/Examples/Total_Partial_example.lean|34|5794584936190196715	pass	-	3	-
velvet	crush-portfolio	1	Velvet/Examples/Total_Partial_example.lean|35|11568103068982921353	pass	-	599	-
velvet	crush-portfolio	1	Velvet/Examples/Total_Partial_example.lean|36|5794584936190196715	pass	-	3	-
velvet	crush-portfolio	1	Velvet/Examples/Total_Partial_example.lean|37|5918835836158453730	pass	-	6	-
velvet	crush-portfolio	1	Velvet/Examples/Total_Partial_example.lean|38|5964899400721509044	pass	-	2	-
velvet	crush-portfolio	1	Velvet/Examples/Total_Partial_example.lean|39|5288706169439222084	pass	-	5	-
velvet	crush-portfolio	1	Velvet/Examples/Total_Partial_example.lean|40|4477598582358312981	pass	-	497	-
velvet	crush-portfolio	1	Velvet/Examples/Total_Partial_example.lean|41|18088860687919872176	pass	-	545	-
velvet	crush-portfolio	1	Velvet/Examples/Total_Partial_example.lean|42|5964899400721509044	pass	-	2	-
velvet	crush-portfolio	1	Velvet/Examples/Total_Partial_example.lean|43|16800718018059787263	pass	-	2	-
velvet	crush-portfolio	1	Velvet/Examples/Total_Partial_example.lean|44|6709257883257101731	pass	-	3	-
velvet	crush-portfolio	1	Velvet/Examples/Total_Partial_example.lean|45|16576486626369642801	pass	-	495	-
