suite	lane	repeat	vc_key	declaration	goal_hash	outcome	replay	detail	total_nanos	phases	metrics
cashmere	crush-verify	1	CaseStudies/Cashmere/Cashmere.lean|1|1631738648950044227	withdraw_correct	1631738648950044227	verified	not-requested	solver returned unsat; closed under the trust policy	796797416	collect=702833,pre-reconstruct=3885375,normalize=1851542,monomorphize=120583,instantiate=16018000,translate=9860916,solve=764358167	
cashmere	crush-verify	1	CaseStudies/Cashmere/Cashmere.lean|2|11756138257855701010	withdrawSession_correct	11756138257855701010	verified	not-requested	solver returned unsat; closed under the trust policy	770945125	collect=233917,pre-reconstruct=26602083,normalize=1170209,monomorphize=23416,instantiate=201120791,translate=12409292,solve=529385417	
cashmere	crush-verify	1	CaseStudies/Cashmere/Cashmere.lean|4|14833385480787993856	withdrawSession_correct	14833385480787993856	selected-fact	not-attempted	closed from a selected Lean fact	219875	collect=219875	
cashmere	crush-verify	1	CaseStudies/Cashmere/Cashmere.lean|5|15214630116673553496	withdrawSession_correct	15214630116673553496	verified	not-requested	solver returned unsat; closed under the trust policy	681990624	collect=172292,pre-reconstruct=1720542,normalize=1213416,monomorphize=24375,instantiate=137895958,translate=10758958,solve=530205083	
cashmere	crush-verify	1	CaseStudies/Cashmere/Cashmere.lean|6|11756138257855701010	withdrawSessionTot_correct	11756138257855701010	verified	not-requested	solver returned unsat; closed under the trust policy	769386540	collect=246000,pre-reconstruct=27575083,normalize=1340750,monomorphize=22416,instantiate=195603208,translate=12430125,solve=532168958	
cashmere	crush-verify	1	CaseStudies/Cashmere/Cashmere.lean|7|2592897230707726799	withdrawSessionTot_correct	2592897230707726799	verified	not-requested	solver returned unsat; closed under the trust policy	733186416	collect=223167,pre-reconstruct=314125,normalize=962666,monomorphize=23625,instantiate=187275250,translate=11339833,solve=533047750	
cashmere	crush-verify	1	CaseStudies/Cashmere/Cashmere.lean|9|14833385480787993856	withdrawSessionTot_correct	14833385480787993856	selected-fact	not-attempted	closed from a selected Lean fact	216708	collect=216708	
cashmere	crush-verify	1	CaseStudies/Cashmere/Cashmere.lean|10|15214630116673553496	withdrawSessionTot_correct	15214630116673553496	verified	not-requested	solver returned unsat; closed under the trust policy	677890874	collect=172625,pre-reconstruct=1941333,normalize=1367375,monomorphize=22333,instantiate=137280791,translate=10827667,solve=526278750	
cashmere	crush-verify	1	CaseStudies/Cashmere/Cashmere.lean|11|12346872860079934512	withdrawSessionExcept_correct	12346872860079934512	verified	not-requested	solver returned unsat; closed under the trust policy	692345248	collect=1848292,pre-reconstruct=151041,normalize=2003000,monomorphize=27250,instantiate=139991916,translate=11086916,solve=537236833	
cashmere	crush-verify	1	CaseStudies/Cashmere/Cashmere.lean|12|11756138257855701010	withdrawSessionExcept_correct	11756138257855701010	verified	not-requested	solver returned unsat; closed under the trust policy	791404874	collect=586834,pre-reconstruct=32439791,normalize=2253208,monomorphize=28333,instantiate=201664542,translate=13044750,solve=541387416	
cashmere	crush-verify	1	CaseStudies/Cashmere/Cashmere.lean|13|12800241106604992563	withdrawSessionExcept_correct	12800241106604992563	verified	not-requested	solver returned unsat; closed under the trust policy	741722626	collect=562917,pre-reconstruct=155375,normalize=2484333,monomorphize=26458,instantiate=197875959,translate=13268667,solve=527348917	
cashmere	crush-verify	1	CaseStudies/Cashmere/Cashmere.lean|14|2592897230707726799	withdrawSessionExcept_correct	2592897230707726799	verified	not-requested	solver returned unsat; closed under the trust policy	733747959	collect=793542,pre-reconstruct=175584,normalize=2465417,monomorphize=36375,instantiate=188825833,translate=12029791,solve=529421417	
cashmere	crush-verify	1	CaseStudies/Cashmere/Cashmere.lean|17|14833385480787993856	withdrawSessionExcept_correct	14833385480787993856	selected-fact	not-attempted	closed from a selected Lean fact	459792	collect=459792	
cashmere	crush-verify	1	CaseStudies/Cashmere/Cashmere.lean|19|15214630116673553496	withdrawSessionExcept_correct	15214630116673553496	verified	not-requested	solver returned unsat; closed under the trust policy	682688250	collect=553334,pre-reconstruct=1667958,normalize=2010708,monomorphize=26792,instantiate=137403750,translate=10894000,solve=530131708	
cashmere	crush-verify	1	CaseStudies/Cashmere/Cashmere.lean|20|684110104125275636	withdrawSessionExcept_correct	684110104125275636	verified	not-requested	solver returned unsat; closed under the trust policy	689643625	collect=462792,pre-reconstruct=156875,normalize=1903292,monomorphize=24583,instantiate=140948916,translate=10928375,solve=535218792	
cashmere	crush-verify	1	CaseStudies/Cashmere/Cashmere.lean|21|10455387604875970312	withdrawSessionNonDet_correct	10455387604875970312	pre-reconstructed	not-attempted	closed before SMT translation	4522791	collect=1687875,pre-reconstruct=2834916	
cashmere	crush-verify	1	CaseStudies/Cashmere/Cashmere.lean|22|12346872860079934512	withdrawSessionNonDet_correct	12346872860079934512	verified	not-requested	solver returned unsat; closed under the trust policy	731522749	collect=479916,pre-reconstruct=126875,normalize=1795917,monomorphize=26125,instantiate=183581958,translate=12621083,solve=532890875	
cashmere	crush-verify	1	CaseStudies/Cashmere/Cashmere.lean|23|9920644537135092340	withdrawSessionNonDet_correct	9920644537135092340	verified	not-requested	solver returned unsat; closed under the trust policy	842020333	collect=637375,pre-reconstruct=32575000,normalize=2312500,monomorphize=33708,instantiate=256700750,translate=14832375,solve=534928625	
cashmere	crush-verify	1	CaseStudies/Cashmere/Cashmere.lean|24|2592897230707726799	withdrawSessionNonDet_correct	2592897230707726799	verified	not-requested	solver returned unsat; closed under the trust policy	792920792	collect=590375,pre-reconstruct=148875,normalize=2012875,monomorphize=24750,instantiate=244114167,translate=13500625,solve=532529125	
cashmere	crush-verify	1	CaseStudies/Cashmere/Cashmere.lean|26|14833385480787993856	withdrawSessionNonDet_correct	14833385480787993856	selected-fact	not-attempted	closed from a selected Lean fact	441041	collect=441041	
cashmere	crush-verify	1	CaseStudies/Cashmere/Cashmere.lean|27|5928940248694370277	withdrawSessionNonDet_correct	5928940248694370277	verified	not-requested	solver returned unsat; closed under the trust policy	746580084	collect=375875,pre-reconstruct=1803250,normalize=1760750,monomorphize=25250,instantiate=189427417,translate=13046125,solve=540141417	
cashmere	crush-verify	1	CaseStudies/Cashmere/Cashmere.lean|28|12566989642252477834	withdrawSessionNonDet_correct	12566989642252477834	verified	not-requested	solver returned unsat; closed under the trust policy	745259249	collect=515958,pre-reconstruct=158750,normalize=1806333,monomorphize=24500,instantiate=189877916,translate=12540042,solve=540335750	
cashmere	crush-verify	1	CaseStudies/Cashmere/CashmereIncorrectnessLogic.lean|2|1587904245978985587	withdrawSessionAngelic_correct	1587904245978985587	verified	not-requested	solver returned unsat; closed under the trust policy	1082439249	collect=1931125,pre-reconstruct=743666,normalize=2842583,monomorphize=127417,instantiate=484163083,translate=53079334,solve=539552041	
cashmere	crush-verify	1	CaseStudies/Cashmere/CashmereIncorrectnessLogic.lean|3|12290697138917920290	withdrawSessionAngelic_correct	12290697138917920290	verified	not-requested	solver returned unsat; closed under the trust policy	1176614167	collect=555208,pre-reconstruct=175625,normalize=2150459,monomorphize=27625,instantiate=578557250,translate=55681292,solve=539466708	
cashmere	crush-verify	1	CaseStudies/Cashmere/CashmereIncorrectnessLogic.lean|4|6449264834289021715	withdrawSessionAngelic_correct	6449264834289021715	verified	not-requested	solver returned unsat; closed under the trust policy	1049004667	collect=545459,pre-reconstruct=161791,normalize=2050792,monomorphize=26542,instantiate=444283541,translate=41171792,solve=560764750	
cashmere	crush-verify	1	CaseStudies/Cashmere/CashmereIncorrectnessLogic.lean|7|7126761714196821540	withdrawSessionAngelic_correct	7126761714196821540	selected-fact	not-attempted	closed from a selected Lean fact	581417	collect=581417	
cashmere	crush-verify	1	CaseStudies/Cashmere/CashmereIncorrectnessLogic.lean|8|2232656262363782188	withdrawSessionAngelic_correct	2232656262363782188	verified	not-requested	solver returned unsat; closed under the trust policy	763848542	collect=425041,pre-reconstruct=142458,normalize=1539459,monomorphize=24542,instantiate=205251834,translate=18515958,solve=537949250	
cashmere	crush-verify	1	CaseStudies/Cashmere/CashmereIncorrectnessLogic.lean|9|15183118018364320695	withdrawSessionAngelic_correct	15183118018364320695	verified	not-requested	solver returned unsat; closed under the trust policy	803219291	collect=406583,pre-reconstruct=21763917,normalize=1472541,monomorphize=27375,instantiate=204867417,translate=18559125,solve=556122333	
cashmere	crush-verify	1	CaseStudies/Cashmere/CashmereIncorrectnessLogic.lean|10|12346872860079934512	withdrawSessionAngelic_correct	12346872860079934512	verified	not-requested	solver returned unsat; closed under the trust policy	1004524125	collect=553959,pre-reconstruct=146500,normalize=1749041,monomorphize=26875,instantiate=426300625,translate=37852833,solve=537894292	
cashmere	crush-alethe	1	CaseStudies/Cashmere/Cashmere.lean|1|1631738648950044227	withdraw_correct	1631738648950044227	reconstruction-failed	certificate-error	Proof unsupported by Alethe: contains operator DUMMY_SKOLEM	558784833	collect=679000,normalize=1655667,monomorphize=114292,instantiate=15320916,translate=9670417,solve=531213625,replay=130916	
cashmere	crush-alethe	1	CaseStudies/Cashmere/Cashmere.lean|2|11756138257855701010	withdrawSession_correct	11756138257855701010	reconstruction-failed	certificate-error	Proof unsupported by Alethe: contains operator DUMMY_SKOLEM	753846292	collect=226542,normalize=1185667,monomorphize=23875,instantiate=192759416,translate=12651209,solve=546979791,replay=19792	
cashmere	crush-alethe	1	CaseStudies/Cashmere/Cashmere.lean|4|14833385480787993856	withdrawSession_correct	14833385480787993856	reconstruction-failed	certificate-error	Proof unsupported by Alethe: contains operator DUMMY_SKOLEM	697918875	collect=236833,normalize=985208,monomorphize=23500,instantiate=132871250,translate=10245667,solve=553538375,replay=18042	
cashmere	crush-alethe	1	CaseStudies/Cashmere/Cashmere.lean|5|15214630116673553496	withdrawSession_correct	15214630116673553496	reconstruction-failed	certificate-error	Proof unsupported by Alethe: contains operator DUMMY_SKOLEM	692776625	collect=239500,normalize=1134375,monomorphize=23958,instantiate=132036750,translate=10790250,solve=548526667,replay=25125	
cashmere	crush-alethe	1	CaseStudies/Cashmere/Cashmere.lean|6|11756138257855701010	withdrawSessionTot_correct	11756138257855701010	reconstruction-failed	certificate-error	Proof unsupported by Alethe: contains operator DUMMY_SKOLEM	749921042	collect=223917,normalize=1179333,monomorphize=23042,instantiate=190514792,translate=12536667,solve=545423041,replay=20250	
cashmere	crush-alethe	1	CaseStudies/Cashmere/Cashmere.lean|7|2592897230707726799	withdrawSessionTot_correct	2592897230707726799	reconstruction-failed	certificate-error	Proof unsupported by Alethe: contains operator DUMMY_SKOLEM	726860334	collect=245917,normalize=1017917,monomorphize=23833,instantiate=180022917,translate=10746292,solve=534783833,replay=19625	
cashmere	crush-alethe	1	CaseStudies/Cashmere/Cashmere.lean|9|14833385480787993856	withdrawSessionTot_correct	14833385480787993856	reconstruction-failed	certificate-error	Proof unsupported by Alethe: contains operator DUMMY_SKOLEM	677122375	collect=214084,normalize=922291,monomorphize=24000,instantiate=129902333,translate=10381292,solve=535655458,replay=22917	
cashmere	crush-alethe	1	CaseStudies/Cashmere/Cashmere.lean|10|15214630116673553496	withdrawSessionTot_correct	15214630116673553496	reconstruction-failed	certificate-error	Proof unsupported by Alethe: contains operator DUMMY_SKOLEM	685392751	collect=237042,normalize=1119834,monomorphize=23750,instantiate=139102333,translate=10627917,solve=534263208,replay=18667	
cashmere	crush-alethe	1	CaseStudies/Cashmere/Cashmere.lean|11|12346872860079934512	withdrawSessionExcept_correct	12346872860079934512	reconstruction-failed	certificate-error	Proof unsupported by Alethe: contains operator DUMMY_SKOLEM	693638792	collect=1704167,normalize=1998666,monomorphize=27084,instantiate=141620833,translate=11288250,solve=536979959,replay=19833	
cashmere	crush-alethe	1	CaseStudies/Cashmere/Cashmere.lean|12|11756138257855701010	withdrawSessionExcept_correct	11756138257855701010	reconstruction-failed	certificate-error	Proof unsupported by Alethe: contains operator DUMMY_SKOLEM	767386125	collect=594292,normalize=2580500,monomorphize=28500,instantiate=206092750,translate=13061708,solve=545011375,replay=17000	
cashmere	crush-alethe	1	CaseStudies/Cashmere/Cashmere.lean|13|12800241106604992563	withdrawSessionExcept_correct	12800241106604992563	reconstruction-failed	certificate-error	Proof unsupported by Alethe: contains operator DUMMY_SKOLEM	750470082	collect=559792,normalize=2575125,monomorphize=27083,instantiate=198248416,translate=13320541,solve=535720209,replay=18916	
cashmere	crush-alethe	1	CaseStudies/Cashmere/Cashmere.lean|14|2592897230707726799	withdrawSessionExcept_correct	2592897230707726799	reconstruction-failed	certificate-error	Proof unsupported by Alethe: contains operator DUMMY_SKOLEM	736305000	collect=536750,normalize=2138167,monomorphize=28791,instantiate=188489292,translate=11789125,solve=533303416,replay=19459	
cashmere	crush-alethe	1	CaseStudies/Cashmere/Cashmere.lean|17|14833385480787993856	withdrawSessionExcept_correct	14833385480787993856	reconstruction-failed	certificate-error	Proof unsupported by Alethe: contains operator DUMMY_SKOLEM	681965875	collect=452833,normalize=1753500,monomorphize=27167,instantiate=134907375,translate=10574208,solve=534228417,replay=22375	
cashmere	crush-alethe	1	CaseStudies/Cashmere/Cashmere.lean|19|15214630116673553496	withdrawSessionExcept_correct	15214630116673553496	reconstruction-failed	certificate-error	Proof unsupported by Alethe: contains operator DUMMY_SKOLEM	689264459	collect=465833,normalize=1792709,monomorphize=26333,instantiate=145224542,translate=10956250,solve=530781417,replay=17375	
cashmere	crush-alethe	1	CaseStudies/Cashmere/Cashmere.lean|20|684110104125275636	withdrawSessionExcept_correct	684110104125275636	reconstruction-failed	certificate-error	Proof unsupported by Alethe: contains operator DUMMY_SKOLEM	696444790	collect=470833,normalize=1952500,monomorphize=25916,instantiate=138252791,translate=11236333,solve=544485542,replay=20875	
cashmere	crush-alethe	1	CaseStudies/Cashmere/Cashmere.lean|21|10455387604875970312	withdrawSessionNonDet_correct	10455387604875970312	reconstruction-failed	certificate-error	Proof unsupported by Alethe: contains operator DUMMY_SKOLEM	552306375	collect=1619833,normalize=1308542,monomorphize=26791,instantiate=13493625,translate=4153083,solve=531685959,replay=18542	
cashmere	crush-alethe	1	CaseStudies/Cashmere/Cashmere.lean|22|12346872860079934512	withdrawSessionNonDet_correct	12346872860079934512	reconstruction-failed	certificate-error	Proof unsupported by Alethe: contains operator DUMMY_SKOLEM	737313040	collect=586292,normalize=1917167,monomorphize=26500,instantiate=186589041,translate=12316708,solve=535858166,replay=19166	
cashmere	crush-alethe	1	CaseStudies/Cashmere/Cashmere.lean|23|9920644537135092340	withdrawSessionNonDet_correct	9920644537135092340	reconstruction-failed	certificate-error	Proof unsupported by Alethe: contains operator DUMMY_SKOLEM	813054207	collect=611417,normalize=2314958,monomorphize=27083,instantiate=248722583,translate=15512916,solve=545846250,replay=19000	
cashmere	crush-alethe	1	CaseStudies/Cashmere/Cashmere.lean|24|2592897230707726799	withdrawSessionNonDet_correct	2592897230707726799	reconstruction-failed	certificate-error	Proof unsupported by Alethe: contains operator DUMMY_SKOLEM	790963375	collect=760708,normalize=2333500,monomorphize=26833,instantiate=240797375,translate=14387459,solve=532636542,replay=20958	
cashmere	crush-alethe	1	CaseStudies/Cashmere/Cashmere.lean|26|14833385480787993856	withdrawSessionNonDet_correct	14833385480787993856	reconstruction-failed	certificate-error	Proof unsupported by Alethe: contains operator DUMMY_SKOLEM	738179583	collect=439875,normalize=1586208,monomorphize=29166,instantiate=190471792,translate=12126375,solve=533504833,replay=21334	
cashmere	crush-alethe	1	CaseStudies/Cashmere/Cashmere.lean|27|5928940248694370277	withdrawSessionNonDet_correct	5928940248694370277	reconstruction-failed	certificate-error	Proof unsupported by Alethe: contains operator DUMMY_SKOLEM	748928751	collect=466792,normalize=1641625,monomorphize=26458,instantiate=190349042,translate=13011000,solve=543413584,replay=20250	
cashmere	crush-alethe	1	CaseStudies/Cashmere/Cashmere.lean|28|12566989642252477834	withdrawSessionNonDet_correct	12566989642252477834	reconstruction-failed	certificate-error	Proof unsupported by Alethe: contains operator DUMMY_SKOLEM	740598458	collect=453584,normalize=1725875,monomorphize=26666,instantiate=186178208,translate=13043875,solve=539147708,replay=22542	
cashmere	crush-alethe	1	CaseStudies/Cashmere/CashmereIncorrectnessLogic.lean|2|1587904245978985587	withdrawSessionAngelic_correct	1587904245978985587	reconstruction-failed	certificate-error	Proof unsupported by Alethe: contains operator DUMMY_SKOLEM	1076208208	collect=1924708,normalize=2777333,monomorphize=118000,instantiate=475780167,translate=52760667,solve=542702875,replay=144458	
cashmere	crush-alethe	1	CaseStudies/Cashmere/CashmereIncorrectnessLogic.lean|3|12290697138917920290	withdrawSessionAngelic_correct	12290697138917920290	reconstruction-failed	certificate-error	Proof unsupported by Alethe: contains operator DUMMY_SKOLEM	1195380541	collect=554625,normalize=2206666,monomorphize=31875,instantiate=591921000,translate=54730875,solve=545918167,replay=17333	
cashmere	crush-alethe	1	CaseStudies/Cashmere/CashmereIncorrectnessLogic.lean|4|6449264834289021715	withdrawSessionAngelic_correct	6449264834289021715	reconstruction-failed	certificate-error	Proof unsupported by Alethe: contains operator DUMMY_SKOLEM	1049758958	collect=530416,normalize=1993750,monomorphize=27750,instantiate=445372916,translate=39042375,solve=562774792,replay=16959	
cashmere	crush-alethe	1	CaseStudies/Cashmere/CashmereIncorrectnessLogic.lean|7|7126761714196821540	withdrawSessionAngelic_correct	7126761714196821540	reconstruction-failed	certificate-error	Proof unsupported by Alethe: contains operator DUMMY_SKOLEM	935941583	collect=546833,normalize=1608875,monomorphize=27375,instantiate=363120084,translate=31780250,solve=538837833,replay=20333	
cashmere	crush-alethe	1	CaseStudies/Cashmere/CashmereIncorrectnessLogic.lean|8|2232656262363782188	withdrawSessionAngelic_correct	2232656262363782188	reconstruction-failed	certificate-error	Proof unsupported by Alethe: contains operator DUMMY_SKOLEM	758722625	collect=523417,normalize=1613500,monomorphize=25750,instantiate=208188583,translate=18141250,solve=530213458,replay=16667	
cashmere	crush-alethe	1	CaseStudies/Cashmere/CashmereIncorrectnessLogic.lean|9|15183118018364320695	withdrawSessionAngelic_correct	15183118018364320695	reconstruction-failed	certificate-error	Proof unsupported by Alethe: contains operator DUMMY_SKOLEM	802500709	collect=401292,normalize=1428209,monomorphize=24500,instantiate=212331500,translate=18442917,solve=569853375,replay=18916	
cashmere	crush-alethe	1	CaseStudies/Cashmere/CashmereIncorrectnessLogic.lean|10|12346872860079934512	withdrawSessionAngelic_correct	12346872860079934512	reconstruction-failed	certificate-error	Proof unsupported by Alethe: contains operator DUMMY_SKOLEM	1006056207	collect=549083,normalize=1686625,monomorphize=27000,instantiate=428867083,translate=37397708,solve=537510916,replay=17792	
cashmere	crush-portfolio	1	CaseStudies/Cashmere/Cashmere.lean|1|1631738648950044227	withdraw_correct	1631738648950044227	core-reconstructed	certificate-error	core-directed reconstruction succeeded	583482082	collect=713291,pre-reconstruct=5415375,normalize=1896459,monomorphize=128166,instantiate=16072792,translate=9807250,solve=534320708,replay=123333,reconstruct=15004708	
cashmere	crush-portfolio	1	CaseStudies/Cashmere/Cashmere.lean|2|11756138257855701010	withdrawSession_correct	11756138257855701010	core-reconstructed	certificate-error	core-directed reconstruction succeeded	820194959	collect=231500,pre-reconstruct=26846708,normalize=1164042,monomorphize=26208,instantiate=200232042,translate=12522542,solve=545280750,replay=21125,reconstruct=33870042	
cashmere	crush-portfolio	1	CaseStudies/Cashmere/Cashmere.lean|4|14833385480787993856	withdrawSession_correct	14833385480787993856	selected-fact	not-attempted	closed from a selected Lean fact	213541	collect=213541	
cashmere	crush-portfolio	1	CaseStudies/Cashmere/Cashmere.lean|5|15214630116673553496	withdrawSession_correct	15214630116673553496	core-reconstructed	certificate-error	core-directed reconstruction succeeded	710563250	collect=150166,pre-reconstruct=2443209,normalize=1126417,monomorphize=21666,instantiate=140295000,translate=10582500,solve=531614792,replay=18833,reconstruct=24310667	
cashmere	crush-portfolio	1	CaseStudies/Cashmere/Cashmere.lean|6|11756138257855701010	withdrawSessionTot_correct	11756138257855701010	core-reconstructed	certificate-error	core-directed reconstruction succeeded	815221543	collect=253500,pre-reconstruct=26333125,normalize=1157209,monomorphize=23208,instantiate=201668833,translate=12602542,solve=540134250,replay=21709,reconstruct=33027167	
cashmere	crush-portfolio	1	CaseStudies/Cashmere/Cashmere.lean|7|2592897230707726799	withdrawSessionTot_correct	2592897230707726799	pre-reconstructed	not-attempted	closed before SMT translation	1149125	collect=207209,pre-reconstruct=941916	
cashmere	crush-portfolio	1	CaseStudies/Cashmere/Cashmere.lean|9|14833385480787993856	withdrawSessionTot_correct	14833385480787993856	selected-fact	not-attempted	closed from a selected Lean fact	147625	collect=147625	
cashmere	crush-portfolio	1	CaseStudies/Cashmere/Cashmere.lean|10|15214630116673553496	withdrawSessionTot_correct	15214630116673553496	core-reconstructed	certificate-error	core-directed reconstruction succeeded	738675333	collect=159500,pre-reconstruct=2410041,normalize=1162792,monomorphize=22708,instantiate=144761000,translate=10589708,solve=554743417,replay=27708,reconstruct=24798459	
cashmere	crush-portfolio	1	CaseStudies/Cashmere/Cashmere.lean|11|12346872860079934512	withdrawSessionExcept_correct	12346872860079934512	core-reconstructed	certificate-error	core-directed reconstruction succeeded	713403416	collect=1844875,pre-reconstruct=772875,normalize=2077500,monomorphize=24667,instantiate=136516208,translate=11220458,solve=535074291,replay=20875,reconstruct=25851667	
cashmere	crush-portfolio	1	CaseStudies/Cashmere/Cashmere.lean|12|11756138257855701010	withdrawSessionExcept_correct	11756138257855701010	core-reconstructed	certificate-error	core-directed reconstruction succeeded	817570791	collect=529167,pre-reconstruct=32436666,normalize=2301667,monomorphize=26125,instantiate=198115333,translate=12798708,solve=538056625,replay=21875,reconstruct=33284625	
cashmere	crush-portfolio	1	CaseStudies/Cashmere/Cashmere.lean|13|12800241106604992563	withdrawSessionExcept_correct	12800241106604992563	core-reconstructed	certificate-error	core-directed reconstruction succeeded	788850250	collect=546166,pre-reconstruct=734416,normalize=2392459,monomorphize=23958,instantiate=200844375,translate=12612209,solve=543386792,replay=17834,reconstruct=28292041	
cashmere	crush-portfolio	1	CaseStudies/Cashmere/Cashmere.lean|14|2592897230707726799	withdrawSessionExcept_correct	2592897230707726799	pre-reconstructed	not-attempted	closed before SMT translation	1503459	collect=515417,pre-reconstruct=988042	
cashmere	crush-portfolio	1	CaseStudies/Cashmere/Cashmere.lean|17|14833385480787993856	withdrawSessionExcept_correct	14833385480787993856	selected-fact	not-attempted	closed from a selected Lean fact	358291	collect=358291	
cashmere	crush-portfolio	1	CaseStudies/Cashmere/Cashmere.lean|19|15214630116673553496	withdrawSessionExcept_correct	15214630116673553496	core-reconstructed	certificate-error	core-directed reconstruction succeeded	714753834	collect=399875,pre-reconstruct=2666375,normalize=1975541,monomorphize=35125,instantiate=140973417,translate=10838375,solve=532366458,replay=18459,reconstruct=25480209	
cashmere	crush-portfolio	1	CaseStudies/Cashmere/Cashmere.lean|20|684110104125275636	withdrawSessionExcept_correct	684110104125275636	core-reconstructed	certificate-error	core-directed reconstruction succeeded	714680418	collect=424584,pre-reconstruct=746292,normalize=1807583,monomorphize=23250,instantiate=137645209,translate=10866917,solve=541956958,replay=20375,reconstruct=21189250	
cashmere	crush-portfolio	1	CaseStudies/Cashmere/Cashmere.lean|21|10455387604875970312	withdrawSessionNonDet_correct	10455387604875970312	pre-reconstructed	not-attempted	closed before SMT translation	4380792	collect=1549584,pre-reconstruct=2831208	
cashmere	crush-portfolio	1	CaseStudies/Cashmere/Cashmere.lean|22|12346872860079934512	withdrawSessionNonDet_correct	12346872860079934512	core-reconstructed	certificate-error	core-directed reconstruction succeeded	779132957	collect=459916,pre-reconstruct=556125,normalize=1836208,monomorphize=25666,instantiate=187155792,translate=12142083,solve=539273541,replay=18667,reconstruct=37664959	
cashmere	crush-portfolio	1	CaseStudies/Cashmere/Cashmere.lean|23|9920644537135092340	withdrawSessionNonDet_correct	9920644537135092340	core-reconstructed	certificate-error	core-directed reconstruction succeeded	877356458	collect=581584,pre-reconstruct=30860083,normalize=2122208,monomorphize=26375,instantiate=248385208,translate=14589125,solve=546924416,replay=18625,reconstruct=33848834	
cashmere	crush-portfolio	1	CaseStudies/Cashmere/Cashmere.lean|24|2592897230707726799	withdrawSessionNonDet_correct	2592897230707726799	pre-reconstructed	not-attempted	closed before SMT translation	1638708	collect=577583,pre-reconstruct=1061125	
cashmere	crush-portfolio	1	CaseStudies/Cashmere/Cashmere.lean|26|14833385480787993856	withdrawSessionNonDet_correct	14833385480787993856	selected-fact	not-attempted	closed from a selected Lean fact	361250	collect=361250	
cashmere	crush-portfolio	1	CaseStudies/Cashmere/Cashmere.lean|27|5928940248694370277	withdrawSessionNonDet_correct	5928940248694370277	core-reconstructed	certificate-error	core-directed reconstruction succeeded	770639958	collect=358416,pre-reconstruct=2652250,normalize=2009583,monomorphize=27500,instantiate=191146291,translate=12641459,solve=535666792,replay=20334,reconstruct=26117333	
cashmere	crush-portfolio	1	CaseStudies/Cashmere/Cashmere.lean|28|12566989642252477834	withdrawSessionNonDet_correct	12566989642252477834	core-reconstructed	certificate-error	core-directed reconstruction succeeded	788976542	collect=438083,pre-reconstruct=740000,normalize=1675375,monomorphize=25333,instantiate=189040292,translate=13333667,solve=556342125,replay=18458,reconstruct=27363209	
cashmere	crush-portfolio	1	CaseStudies/Cashmere/CashmereIncorrectnessLogic.lean|2|1587904245978985587	withdrawSessionAngelic_correct	1587904245978985587	core-reconstructed	certificate-error	core-directed reconstruction succeeded	1110409416	collect=1928792,pre-reconstruct=3349666,normalize=2867667,monomorphize=112917,instantiate=477704791,translate=54002375,solve=545355667,replay=144666,reconstruct=24942875	
cashmere	crush-portfolio	1	CaseStudies/Cashmere/CashmereIncorrectnessLogic.lean|3|12290697138917920290	withdrawSessionAngelic_correct	12290697138917920290	core-reconstructed	certificate-error	core-directed reconstruction succeeded	1249609917	collect=613042,pre-reconstruct=14282959,normalize=2360958,monomorphize=26375,instantiate=590513208,translate=54665875,solve=555556583,replay=22542,reconstruct=31568375	
cashmere	crush-portfolio	1	CaseStudies/Cashmere/CashmereIncorrectnessLogic.lean|4|6449264834289021715	withdrawSessionAngelic_correct	6449264834289021715	pre-reconstructed	not-attempted	closed before SMT translation	1792417	collect=523125,pre-reconstruct=1269292	
cashmere	crush-portfolio	1	CaseStudies/Cashmere/CashmereIncorrectnessLogic.lean|7|7126761714196821540	withdrawSessionAngelic_correct	7126761714196821540	selected-fact	not-attempted	closed from a selected Lean fact	439750	collect=439750	
cashmere	crush-portfolio	1	CaseStudies/Cashmere/CashmereIncorrectnessLogic.lean|8|2232656262363782188	withdrawSessionAngelic_correct	2232656262363782188	core-reconstructed	certificate-error	core-directed reconstruction succeeded	794106794	collect=358042,pre-reconstruct=1134333,normalize=1515167,monomorphize=23125,instantiate=204476333,translate=17851042,solve=554798334,replay=17459,reconstruct=13932959	
cashmere	crush-portfolio	1	CaseStudies/Cashmere/CashmereIncorrectnessLogic.lean|9|15183118018364320695	withdrawSessionAngelic_correct	15183118018364320695	core-reconstructed	certificate-error	core-directed reconstruction succeeded	865316750	collect=382625,pre-reconstruct=18987625,normalize=1434667,monomorphize=25375,instantiate=203367666,translate=18390541,solve=563982000,replay=18084,reconstruct=58728167	
cashmere	crush-portfolio	1	CaseStudies/Cashmere/CashmereIncorrectnessLogic.lean|10|12346872860079934512	withdrawSessionAngelic_correct	12346872860079934512	core-reconstructed	certificate-error	core-directed reconstruction succeeded	1025912708	collect=523958,pre-reconstruct=690917,normalize=1702250,monomorphize=24750,instantiate=423186959,translate=37041625,solve=539998541,replay=18208,reconstruct=22725500	
velvet	crush-verify	1	Velvet/Examples/EncodeDecodeStr.lean|1|4325354716326072573	decodeStr'_correct	4325354716326072573	verified	not-requested	solver returned unsat; closed under the trust policy	726336083	collect=3036917,pre-reconstruct=3992958,normalize=2658417,monomorphize=129500,instantiate=263291,translate=15979667,solve=700275333	
velvet	crush-verify	1	Velvet/Examples/EncodeDecodeStr.lean|2|3233717574493770211	decodeStr'_correct	16298341802593511044	unknown	not-attempted	solver exited without a verdict: cvc5 interrupted by timeout.	5527569208	collect=536625,pre-reconstruct=8246541,normalize=2529584,monomorphize=23083,instantiate=40500,translate=12961875,solve=5503231000	
velvet	crush-verify	1	Velvet/Examples/EncodeDecodeStr.lean|3|14557075163885871591	decodeStr'_correct	14557075163885871591	verified	not-requested	solver returned unsat; closed under the trust policy	496772999	collect=598166,pre-reconstruct=1245584,normalize=1974083,monomorphize=26792,instantiate=43250,translate=7931958,solve=484953166	
velvet	crush-verify	1	Velvet/Examples/EncodeDecodeStr.lean|5|13851523499043008614	decodeStr'_correct	13851523499043008614	verified	not-requested	solver returned unsat; closed under the trust policy	514322832	collect=596667,pre-reconstruct=535833,normalize=1825750,monomorphize=25333,instantiate=51125,translate=8097833,solve=503190291	
velvet	crush-verify	1	Velvet/Examples/EncodeDecodeStr.lean|6|8816666150414203262	decodeStr'_correct	8816666150414203262	verified	not-requested	solver returned unsat; closed under the trust policy	510139458	collect=534500,pre-reconstruct=918625,normalize=1339209,monomorphize=20291,instantiate=43042,translate=3722583,solve=503561208	
velvet	crush-verify	1	Velvet/Examples/EncodeDecodeStr.lean|7|7432640679462075544	decodeStr'_correct	1656677057252754089	unknown	not-attempted	no reason given	613211623	collect=491708,pre-reconstruct=1532292,normalize=3006666,monomorphize=21250,instantiate=38750,translate=5650416,solve=602470541	
velvet	crush-verify	1	Velvet/Examples/EncodeDecodeStr.lean|8|9639754685172097330	decodeStr'_correct	9639754685172097330	unknown	not-attempted	solver exited without a verdict: cvc5 interrupted by timeout.	5502692749	collect=537500,pre-reconstruct=1681083,normalize=1881583,monomorphize=24708,instantiate=44917,translate=8488000,solve=5490034958	
velvet	crush-verify	1	Velvet/Examples/EncodeDecodeStr.lean|9|10203002127808532242	encodeStr_correct	10203002127808532242	verified	not-requested	solver returned unsat; closed under the trust policy	502230750	collect=1531208,pre-reconstruct=2965083,normalize=4681875,monomorphize=27792,instantiate=44333,translate=10225584,solve=482754875	
velvet	crush-verify	1	Velvet/Examples/EncodeDecodeStr.lean|10|15527439877898811686	encodeStr_correct	9685533339980702200	verified	not-requested	solver returned unsat; closed under the trust policy	487290417	collect=564375,pre-reconstruct=2450958,normalize=4110209,monomorphize=27000,instantiate=42000,translate=10885750,solve=469210125	
velvet	crush-verify	1	Velvet/Examples/EncodeDecodeStr.lean|11|4253526900314070824	encodeStr_correct	4253526900314070824	verified	not-requested	solver returned unsat; closed under the trust policy	502701709	collect=564375,pre-reconstruct=1682042,normalize=4585709,monomorphize=27166,instantiate=43500,translate=9225792,solve=486573125	
velvet	crush-verify	1	Velvet/Examples/EncodeDecodeStr.lean|12|17087698223479619887	encodeStr_correct	9685533339980702200	verified	not-requested	solver returned unsat; closed under the trust policy	522454290	collect=610666,pre-reconstruct=2294083,normalize=4407083,monomorphize=27542,instantiate=44666,translate=10242667,solve=504827583	
velvet	crush-verify	1	Velvet/Examples/EncodeDecodeStr.lean|13|13168721855841554394	encodeStr_correct	13168721855841554394	selected-fact	not-attempted	closed from a selected Lean fact	682084	collect=682084	
velvet	crush-verify	1	Velvet/Examples/EncodeDecodeStr.lean|14|8050235650381385355	encodeStr_correct	8050235650381385355	verified	not-requested	solver returned unsat; closed under the trust policy	476745585	collect=421208,pre-reconstruct=2289459,normalize=2474917,monomorphize=22500,instantiate=48584,translate=6212292,solve=465276625	
velvet	crush-verify	1	Velvet/Examples/EncodeDecodeStr.lean|15|3874562368415809942	encodeStr_correct	9685533339980702200	verified	not-requested	solver returned unsat; closed under the trust policy	497781294	collect=525292,pre-reconstruct=2009542,normalize=2169834,monomorphize=23292,instantiate=38459,translate=6422708,solve=486592167	
velvet	crush-verify	1	Velvet/Examples/EncodeDecodeStr.lean|16|16403843650363689650	encodeStr_correct	16403843650363689650	verified	not-requested	solver returned unsat; closed under the trust policy	514444667	collect=672417,pre-reconstruct=1281042,normalize=4038875,monomorphize=24708,instantiate=39375,translate=9455416,solve=498932834	
velvet	crush-verify	1	Velvet/Examples/EncodeDecodeStr.lean|17|17528322019345720798	encodeStr_correct	17528322019345720798	unknown	not-attempted	solver exited without a verdict: cvc5 interrupted by timeout.	5521637834	collect=678792,pre-reconstruct=6159083,normalize=4845959,monomorphize=25542,instantiate=47292,translate=12783458,solve=5497097708	
velvet	crush-verify	1	Velvet/Examples/EncodeDecodeStr.lean|18|14846570717984605519	encodeStr_correct	14846570717984605519	verified	not-requested	solver returned unsat; closed under the trust policy	535516668	collect=596417,pre-reconstruct=693583,normalize=5702750,monomorphize=32334,instantiate=46125,translate=13003750,solve=515441709	
velvet	crush-verify	1	Velvet/Examples/EncodeDecodeStr.lean|19|17345521196864181404	encodeStr_correct	17345521196864181404	verified	not-requested	solver returned unsat; closed under the trust policy	486536210	collect=523166,pre-reconstruct=1161667,normalize=1954084,monomorphize=22042,instantiate=38667,translate=5334292,solve=477502292	
velvet	crush-verify	1	Velvet/Examples/EncodeDecodeStr.lean|21|16873295595722686018	encodeStr_correct	16873295595722686018	selected-fact	not-attempted	closed from a selected Lean fact	539875	collect=539875	
velvet	crush-verify	1	Velvet/Examples/EncodeDecodeStr.lean|22|5769627519083430677	encodeStr_correct	5769627519083430677	selected-fact	not-attempted	closed from a selected Lean fact	420750	collect=420750	
velvet	crush-verify	1	Velvet/Examples/EncodeDecodeStr.lean|23|15630242782200619292	encodeStr_correct	15630242782200619292	verified	not-requested	solver returned unsat; closed under the trust policy	490082167	collect=94583,pre-reconstruct=977625,normalize=45500,monomorphize=13084,instantiate=40541,translate=1569959,solve=487340875	
velvet	crush-verify	1	Velvet/Examples/EncodeDecodeStr.lean|25|4098508629850130765	encodeStr_correct	4098508629850130765	unknown	not-attempted	no reason given	494240123	collect=637833,pre-reconstruct=114083,normalize=1481917,monomorphize=15166,instantiate=44083,translate=5578458,solve=486368583	
velvet	crush-verify	1	Velvet/Examples/EncodeDecodeStr.lean|26|6449688271898666716	encodeStr_correct	6449688271898666716	unknown	not-attempted	solver exited without a verdict: cvc5 interrupted by timeout.	5504528916	collect=572708,pre-reconstruct=497500,normalize=2102125,monomorphize=22750,instantiate=39333,translate=5483250,solve=5495811250	
velvet	crush-verify	1	Velvet/Examples/EncodeDecodeStr.lean|27|3108445719328028112	encodeStr_correct	3108445719328028112	verified	not-requested	solver returned unsat; closed under the trust policy	500368085	collect=575208,pre-reconstruct=145209,normalize=2735250,monomorphize=23750,instantiate=52750,translate=6669834,solve=490166084	
velvet	crush-verify	1	Velvet/Examples/Examples.lean|2|1066791641437412485	insertionSort_correct	1066791641437412485	verified	not-requested	solver returned unsat; closed under the trust policy	631548501	collect=892875,pre-reconstruct=4287875,normalize=3310750,monomorphize=13323375,instantiate=81347459,translate=27516625,solve=500869542	
velvet	crush-verify	1	Velvet/Examples/Examples.lean|3|9866248891257573647	insertionSort_correct	12810594954652992486	verified	not-requested	solver returned unsat; closed under the trust policy	5014471793	collect=335833,pre-reconstruct=817685750,normalize=3578834,monomorphize=31419667,instantiate=230996666,translate=65041084,solve=3865413959	
velvet	crush-verify	1	Velvet/Examples/Examples.lean|4|18360837223612973524	insertionSort_correct	18360837223612973524	verified	not-requested	solver returned unsat; closed under the trust policy	627583709	collect=298125,pre-reconstruct=10172875,normalize=2754417,monomorphize=15563209,instantiate=91789042,translate=22888583,solve=484117458	
velvet	crush-verify	1	Velvet/Examples/Examples.lean|6|1066791641437412485	insertionSort_correct	1066791641437412485	verified	not-requested	solver returned unsat; closed under the trust policy	606330499	collect=314667,pre-reconstruct=2850708,normalize=2488333,monomorphize=12100375,instantiate=82893333,translate=20175791,solve=485507292	
velvet	crush-verify	1	Velvet/Examples/Examples.lean|7|14825588553610653054	insertionSort_correct	13858382852922432078	unknown	not-attempted	solver exited without a verdict: cvc5 interrupted by timeout.	11383648291	collect=318375,pre-reconstruct=12056833,normalize=3541375,monomorphize=13822000,instantiate=293030917,translate=54266542,solve=5478419541,translate-fallback=57182166,solve-fallback=5471010542	
velvet	crush-verify	1	Velvet/Examples/Examples.lean|11|16465886849738339639	insertionSort_correct	13858382852922432078	verified	not-requested	solver returned unsat; closed under the trust policy	700022999	collect=398792,pre-reconstruct=11840542,normalize=3016250,monomorphize=11844750,instantiate=53846041,translate=18712791,solve=600363833	
velvet	crush-verify	1	Velvet/Examples/Examples.lean|13|2438232962388206336	insertionSort_correct	2438232962388206336	verified	not-requested	solver returned unsat; closed under the trust policy	521765417	collect=269292,pre-reconstruct=1313250,normalize=2862750,monomorphize=10157792,instantiate=2106916,translate=10426917,solve=494628500	
velvet	crush-verify	1	Velvet/Examples/Examples.lean|15|12155028420956038391	insertionSort_correct	12155028420956038391	verified	not-requested	solver returned unsat; closed under the trust policy	523176249	collect=258792,pre-reconstruct=1047000,normalize=1451250,monomorphize=6899250,instantiate=1413666,translate=7609666,solve=504496625	
velvet	crush-verify	1	Velvet/Examples/Examples.lean|16|14852526092468225565	insertionSort_correct	139088297960392149	verified	not-requested	solver returned unsat; closed under the trust policy	674373000	collect=317625,pre-reconstruct=580417,normalize=1957500,monomorphize=8814291,instantiate=53625833,translate=15340917,solve=593736417	
velvet	crush-verify	1	Velvet/Examples/Examples.lean|19|12688677688377801211	insertionSort_correct	12688677688377801211	verified	not-requested	solver returned unsat; closed under the trust policy	560075583	collect=303500,pre-reconstruct=2997750,normalize=2512416,monomorphize=11353334,instantiate=2117667,translate=11399625,solve=529391291	
velvet	crush-verify	1	Velvet/Examples/Examples.lean|20|7903702650473013145	insertionSort_correct	17272444315034915638	verified	not-requested	solver returned unsat; closed under the trust policy	724154792	collect=318250,pre-reconstruct=21838500,normalize=3168209,monomorphize=12898708,instantiate=53656666,translate=18756167,solve=613518292	
velvet	crush-verify	1	Velvet/Examples/Examples.lean|23|5379360585891885096	insertionSort_correct	5379360585891885096	verified	not-requested	solver returned unsat; closed under the trust policy	530841667	collect=260750,pre-reconstruct=1429334,normalize=1609834,monomorphize=7154417,instantiate=1510416,translate=8031708,solve=510845208	
velvet	crush-verify	1	Velvet/Examples/Examples.lean|24|11248877774576345437	insertionSort_correct	139088297960392149	verified	not-requested	solver returned unsat; closed under the trust policy	695588957	collect=312708,pre-reconstruct=585791,normalize=1816959,monomorphize=9282375,instantiate=56122958,translate=16369416,solve=611098750	
velvet	crush-verify	1	Velvet/Examples/Examples.lean|26|11532741708565178815	insertionSort_correct	11532741708565178815	verified	not-requested	solver returned unsat; closed under the trust policy	534180918	collect=285792,pre-reconstruct=803667,normalize=1614459,monomorphize=7157125,instantiate=1514917,translate=8626875,solve=514178083	
velvet	crush-verify	1	Velvet/Examples/Examples.lean|27|13894794097547967513	insertionSort_correct	13894794097547967513	verified	not-requested	solver returned unsat; closed under the trust policy	511739750	collect=185250,pre-reconstruct=1127500,normalize=124750,monomorphize=3011917,instantiate=846333,translate=4720000,solve=501724000	
velvet	crush-verify	1	Velvet/Examples/Examples.lean|28|11235314628722112900	insertionSort_correct	14354530589729947841	verified	not-requested	solver returned unsat; closed under the trust policy	593506250	collect=203417,pre-reconstruct=138833,normalize=148250,monomorphize=5525875,instantiate=53579458,translate=12424875,solve=521485542	
velvet	crush-verify	1	Velvet/Examples/Examples.lean|30|18214290959922115111	insertionSort_correct	17272444315034915638	verified	not-requested	solver returned unsat; closed under the trust policy	704199667	collect=259833,pre-reconstruct=11229667,normalize=285875,monomorphize=9331542,instantiate=56215875,translate=15887625,solve=610989250	
velvet	crush-verify	1	Velvet/Examples/Examples.lean|31|17119794831572106230	sqrt_correct	5307985127850147097	verified	not-requested	solver returned unsat; closed under the trust policy	509737209	collect=1058792,pre-reconstruct=126542,normalize=609833,monomorphize=15500,instantiate=43333,translate=1355209,solve=506528000	
velvet	crush-verify	1	Velvet/Examples/Examples.lean|32|16395326812896940336	sqrt_correct	3661544389526892522	verified	not-requested	solver returned unsat; closed under the trust policy	514594167	collect=403083,pre-reconstruct=157625,normalize=803000,monomorphize=16542,instantiate=55209,translate=1510458,solve=511648250	
velvet	crush-verify	1	Velvet/Examples/Examples.lean|33|4559485301326837329	sqrt_correct	4559485301326837329	verified	not-requested	solver returned unsat; closed under the trust policy	505635791	collect=337000,pre-reconstruct=158250,normalize=785375,monomorphize=18750,instantiate=45166,translate=1292583,solve=502998667	
velvet	crush-verify	1	Velvet/Examples/Examples.lean|34|15833581759277421577	sqrt_correct	9636917653559417038	verified	not-requested	solver returned unsat; closed under the trust policy	625860374	collect=353083,pre-reconstruct=378416,normalize=940334,monomorphize=19458,instantiate=36750,translate=1969750,solve=622162583	
velvet	crush-verify	1	Velvet/Examples/Examples.lean|35|7228731597997214785	sqrt_correct	9636917653559417038	verified	not-requested	solver returned unsat; closed under the trust policy	552127626	collect=443417,pre-reconstruct=398584,normalize=842042,monomorphize=17708,instantiate=35250,translate=1731250,solve=548659375	
velvet	crush-verify	1	Velvet/Examples/Examples.lean|36|17256355208408803011	sqrt_correct	17256355208408803011	verified	not-requested	solver returned unsat; closed under the trust policy	510997124	collect=384959,pre-reconstruct=543917,normalize=864417,monomorphize=21583,instantiate=39166,translate=1805041,solve=507338041	
velvet	crush-verify	1	Velvet/Examples/Examples.lean|37|13635698331308129878	sqrt_correct	9636917653559417038	verified	not-requested	solver returned unsat; closed under the trust policy	514362624	collect=375333,pre-reconstruct=135583,normalize=793542,monomorphize=15792,instantiate=42916,translate=1424833,solve=511574625	
velvet	crush-verify	1	Velvet/Examples/Examples.lean|38|10800841518550636949	sqrt_correct	123143008762622395	verified	not-requested	solver returned unsat; closed under the trust policy	666978625	collect=367583,pre-reconstruct=542875,normalize=980084,monomorphize=19917,instantiate=36750,translate=2107125,solve=662924291	
velvet	crush-verify	1	Velvet/Examples/Examples.lean|39|12457966505053151830	sqrt_correct	3661544389526892522	verified	not-requested	solver returned unsat; closed under the trust policy	639351000	collect=370333,pre-reconstruct=436125,normalize=949750,monomorphize=18875,instantiate=37542,translate=1956958,solve=635581417	
velvet	crush-verify	1	Velvet/Examples/Examples.lean|40|17578352201394481400	sqrt_correct	17578352201394481400	verified	not-requested	solver returned unsat; closed under the trust policy	649585541	collect=371541,pre-reconstruct=439709,normalize=984750,monomorphize=19833,instantiate=37083,translate=2048875,solve=645683750	
velvet	crush-verify	1	Velvet/Examples/Examples_Total.lean|2|1066791641437412485	insertionSort_total_correct	1066791641437412485	verified	not-requested	solver returned unsat; closed under the trust policy	643907040	collect=906875,pre-reconstruct=4326958,normalize=3288042,monomorphize=13760041,instantiate=78501666,translate=25958375,solve=517165083	
velvet	crush-verify	1	Velvet/Examples/Examples_Total.lean|3|9866248891257573647	insertionSort_total_correct	12810594954652992486	verified	not-requested	solver returned unsat; closed under the trust policy	4866982209	collect=349375,pre-reconstruct=823284292,normalize=3622500,monomorphize=30514792,instantiate=225528792,translate=62829583,solve=3720852875	
velvet	crush-verify	1	Velvet/Examples/Examples_Total.lean|4|18360837223612973524	insertionSort_total_correct	18360837223612973524	verified	not-requested	solver returned unsat; closed under the trust policy	616103584	collect=322292,pre-reconstruct=9117000,normalize=2894083,monomorphize=14461334,instantiate=83159167,translate=21364875,solve=484784833	
velvet	crush-verify	1	Velvet/Examples/Examples_Total.lean|5|11568103068982921353	insertionSort_total_correct	11568103068982921353	verified	not-requested	solver returned unsat; closed under the trust policy	626052542	collect=315417,pre-reconstruct=676916,normalize=2574250,monomorphize=11949959,instantiate=80521417,translate=19563375,solve=510451208	
velvet	crush-verify	1	Velvet/Examples/Examples_Total.lean|7|1066791641437412485	insertionSort_total_correct	1066791641437412485	verified	not-requested	solver returned unsat; closed under the trust policy	634314501	collect=299542,pre-reconstruct=2997333,normalize=2726208,monomorphize=12169583,instantiate=78003792,translate=19355834,solve=518762209	
velvet	crush-verify	1	Velvet/Examples/Examples_Total.lean|8|14825588553610653054	insertionSort_total_correct	13858382852922432078	unknown	not-attempted	solver exited without a verdict: cvc5 interrupted by timeout.	11443288707	collect=338334,pre-reconstruct=11461166,normalize=2947208,monomorphize=13412875,instantiate=275419916,translate=53643750,solve=5515418542,translate-fallback=58125583,solve-fallback=5512521333	
velvet	crush-verify	1	Velvet/Examples/Examples_Total.lean|10|11568103068982921353	insertionSort_total_correct	11568103068982921353	verified	not-requested	solver returned unsat; closed under the trust policy	638098000	collect=312750,pre-reconstruct=661833,normalize=2567875,monomorphize=12278959,instantiate=82365042,translate=19112500,solve=520799041	
velvet	crush-verify	1	Velvet/Examples/Examples_Total.lean|13|16465886849738339639	insertionSort_total_correct	13858382852922432078	verified	not-requested	solver returned unsat; closed under the trust policy	669583042	collect=328041,pre-reconstruct=11583042,normalize=3023209,monomorphize=11603416,instantiate=52681042,translate=17723042,solve=572641250	
velvet	crush-verify	1	Velvet/Examples/Examples_Total.lean|15|5918835836158453730	insertionSort_total_correct	5918835836158453730	selected-fact	not-attempted	closed from a selected Lean fact	284750	collect=284750	
velvet	crush-verify	1	Velvet/Examples/Examples_Total.lean|17|12155028420956038391	insertionSort_total_correct	12155028420956038391	verified	not-requested	solver returned unsat; closed under the trust policy	536256750	collect=248083,pre-reconstruct=1019125,normalize=1439709,monomorphize=6889500,instantiate=1524458,translate=7670125,solve=517465750	
velvet	crush-verify	1	Velvet/Examples/Examples_Total.lean|18|14852526092468225565	insertionSort_total_correct	139088297960392149	verified	not-requested	solver returned unsat; closed under the trust policy	669375877	collect=286833,pre-reconstruct=556167,normalize=1793292,monomorphize=8622875,instantiate=52512667,translate=15232834,solve=590371209	
velvet	crush-verify	1	Velvet/Examples/Examples_Total.lean|21|12688677688377801211	insertionSort_total_correct	12688677688377801211	verified	not-requested	solver returned unsat; closed under the trust policy	540936375	collect=319667,pre-reconstruct=3634584,normalize=2926875,monomorphize=11836833,instantiate=2217458,translate=11645417,solve=508355541	
velvet	crush-verify	1	Velvet/Examples/Examples_Total.lean|22|7903702650473013145	insertionSort_total_correct	17272444315034915638	verified	not-requested	solver returned unsat; closed under the trust policy	714340042	collect=345334,pre-reconstruct=21045500,normalize=2892791,monomorphize=13062250,instantiate=53027333,translate=18601750,solve=605365084	
velvet	crush-verify	1	Velvet/Examples/Examples_Total.lean|24|18088860687919872176	insertionSort_total_correct	18088860687919872176	verified	not-requested	solver returned unsat; closed under the trust policy	539478876	collect=325667,pre-reconstruct=726625,normalize=2580167,monomorphize=11720792,instantiate=2267666,translate=12091000,solve=509766959	
velvet	crush-verify	1	Velvet/Examples/Examples_Total.lean|26|5379360585891885096	insertionSort_total_correct	5379360585891885096	verified	not-requested	solver returned unsat; closed under the trust policy	519752541	collect=270375,pre-reconstruct=1584917,normalize=1626541,monomorphize=7245333,instantiate=1484459,translate=8133083,solve=499407833	
velvet	crush-verify	1	Velvet/Examples/Examples_Total.lean|27|11248877774576345437	insertionSort_total_correct	139088297960392149	verified	not-requested	solver returned unsat; closed under the trust policy	680239334	collect=278000,pre-reconstruct=573125,normalize=1716459,monomorphize=9115958,instantiate=52065833,translate=15566792,solve=600923167	
velvet	crush-verify	1	Velvet/Examples/Examples_Total.lean|29|6709257883257101731	insertionSort_total_correct	6709257883257101731	selected-fact	not-attempted	closed from a selected Lean fact	257833	collect=257833	
velvet	crush-verify	1	Velvet/Examples/Examples_Total.lean|30|13894794097547967513	insertionSort_total_correct	13894794097547967513	verified	not-requested	solver returned unsat; closed under the trust policy	518581626	collect=131833,pre-reconstruct=983000,normalize=125292,monomorphize=2942959,instantiate=845958,translate=4640667,solve=508911917	
velvet	crush-verify	1	Velvet/Examples/Examples_Total.lean|31|11235314628722112900	insertionSort_total_correct	14354530589729947841	verified	not-requested	solver returned unsat; closed under the trust policy	583397626	collect=198750,pre-reconstruct=136833,normalize=145875,monomorphize=5446250,instantiate=51746834,translate=11875417,solve=513847667	
velvet	crush-verify	1	Velvet/Examples/Examples_Total.lean|33|18214290959922115111	insertionSort_total_correct	17272444315034915638	verified	not-requested	solver returned unsat; closed under the trust policy	703420416	collect=295250,pre-reconstruct=11050416,normalize=1872375,monomorphize=9484250,instantiate=52622375,translate=16204750,solve=611891000	
velvet	crush-verify	1	Velvet/Examples/Examples_Total.lean|34|17119794831572106230	sqrt_total_correct	5307985127850147097	verified	not-requested	solver returned unsat; closed under the trust policy	525391791	collect=185583,pre-reconstruct=126250,normalize=118875,monomorphize=1049250,instantiate=102583,translate=5075167,solve=518734083	
velvet	crush-verify	1	Velvet/Examples/Examples_Total.lean|35|16395326812896940336	sqrt_total_correct	3661544389526892522	verified	not-requested	solver returned unsat; closed under the trust policy	509301335	collect=184875,pre-reconstruct=124292,normalize=116125,monomorphize=1032875,instantiate=100792,translate=5085792,solve=502656584	
velvet	crush-verify	1	Velvet/Examples/Examples_Total.lean|36|4559485301326837329	sqrt_total_correct	4559485301326837329	verified	not-requested	solver returned unsat; closed under the trust policy	513044835	collect=175917,pre-reconstruct=119459,normalize=116208,monomorphize=990667,instantiate=98709,translate=4730375,solve=506813500	
velvet	crush-verify	1	Velvet/Examples/Examples_Total.lean|37|15833581759277421577	sqrt_total_correct	9636917653559417038	verified	not-requested	solver returned unsat; closed under the trust policy	520831667	collect=197916,pre-reconstruct=436542,normalize=161625,monomorphize=1994917,instantiate=103917,translate=5812292,solve=512124458	
velvet	crush-verify	1	Velvet/Examples/Examples_Total.lean|38|17892696244691966181	sqrt_total_correct	17892696244691966181	verified	not-requested	solver returned unsat; closed under the trust policy	555778043	collect=197375,pre-reconstruct=502542,normalize=171458,monomorphize=2585125,instantiate=101917,translate=5964334,solve=546255292	
velvet	crush-verify	1	Velvet/Examples/Examples_Total.lean|39|7228731597997214785	sqrt_total_correct	9636917653559417038	verified	not-requested	solver returned unsat; closed under the trust policy	581647000	collect=190375,pre-reconstruct=442917,normalize=151875,monomorphize=1621792,instantiate=104041,translate=5508084,solve=573627916	
velvet	crush-verify	1	Velvet/Examples/Examples_Total.lean|40|13073343856082995605	sqrt_total_correct	13073343856082995605	selected-fact	not-attempted	closed from a selected Lean fact	183583	collect=183583	
velvet	crush-verify	1	Velvet/Examples/Examples_Total.lean|41|13635698331308129878	sqrt_total_correct	9636917653559417038	verified	not-requested	solver returned unsat; closed under the trust policy	511179291	collect=134083,pre-reconstruct=114708,normalize=116625,monomorphize=1068542,instantiate=99750,translate=4890208,solve=504755375	
velvet	crush-verify	1	Velvet/Examples/Examples_Total.lean|42|10800841518550636949	sqrt_total_correct	123143008762622395	verified	not-requested	solver returned unsat; closed under the trust policy	546570165	collect=200416,pre-reconstruct=517291,normalize=153625,monomorphize=2007750,instantiate=106750,translate=5564458,solve=538019875	
velvet	crush-verify	1	Velvet/Examples/Examples_Total.lean|43|12457966505053151830	sqrt_total_correct	3661544389526892522	verified	not-requested	solver returned unsat; closed under the trust policy	582379374	collect=198875,pre-reconstruct=411750,normalize=155708,monomorphize=2023250,instantiate=103791,translate=5536625,solve=573949375	
velvet	crush-verify	1	Velvet/Examples/Examples_Total.lean|44|17578352201394481400	sqrt_total_correct	17578352201394481400	verified	not-requested	solver returned unsat; closed under the trust policy	505159083	collect=205625,pre-reconstruct=460041,normalize=164708,monomorphize=2262583,instantiate=112709,translate=5810708,solve=496142709	
velvet	crush-verify	1	Velvet/Examples/Examples_Total.lean|45|628191952620585962	cbrt_correct	5307985127850147097	verified	not-requested	solver returned unsat; closed under the trust policy	507541334	collect=186708,pre-reconstruct=121375,normalize=124667,monomorphize=1129375,instantiate=107084,translate=5314958,solve=500557167	
velvet	crush-verify	1	Velvet/Examples/Examples_Total.lean|46|5408980950461060684	cbrt_correct	6765116615704103050	verified	not-requested	solver returned unsat; closed under the trust policy	510656459	collect=186250,pre-reconstruct=117375,normalize=119875,monomorphize=1137459,instantiate=105375,translate=4976000,solve=504014125	
velvet	crush-verify	1	Velvet/Examples/Examples_Total.lean|47|17796805544787031687	cbrt_correct	17796805544787031687	verified	not-requested	solver returned unsat; closed under the trust policy	513015543	collect=207042,pre-reconstruct=114084,normalize=123208,monomorphize=1180042,instantiate=127917,translate=4965125,solve=506298125	
velvet	crush-verify	1	Velvet/Examples/Examples_Total.lean|48|12597585967811959528	cbrt_correct	6259749615389096762	verified	not-requested	solver returned unsat; closed under the trust policy	565973499	collect=206083,pre-reconstruct=485208,normalize=168584,monomorphize=2352875,instantiate=103167,translate=5721791,solve=556935791	
velvet	crush-verify	1	Velvet/Examples/Examples_Total.lean|49|17892696244691966181	cbrt_correct	17892696244691966181	verified	not-requested	solver returned unsat; closed under the trust policy	555885375	collect=204667,pre-reconstruct=520667,normalize=185208,monomorphize=2875958,instantiate=108875,translate=5810875,solve=546179125	
velvet	crush-verify	1	Velvet/Examples/Examples_Total.lean|50|11504389341422214604	cbrt_correct	6259749615389096762	unknown	not-attempted	solver exited without a verdict: cvc5 interrupted by timeout.	5487848041	collect=260584,pre-reconstruct=486958,normalize=157750,monomorphize=1867292,instantiate=107791,translate=5488041,solve=5479479625	
velvet	crush-verify	1	Velvet/Examples/Examples_Total.lean|51|1828175149019549874	cbrt_correct	1828175149019549874	selected-fact	not-attempted	closed from a selected Lean fact	196167	collect=196167	
velvet	crush-verify	1	Velvet/Examples/Examples_Total.lean|52|8027176826117333927	cbrt_correct	6259749615389096762	verified	not-requested	solver returned unsat; closed under the trust policy	523414502	collect=145959,pre-reconstruct=132042,normalize=122584,monomorphize=1213959,instantiate=102333,translate=5192125,solve=516505500	
velvet	crush-verify	1	Velvet/Examples/Examples_Total.lean|53|8642365996124661698	cbrt_correct	123143008762622395	verified	not-requested	solver returned unsat; closed under the trust policy	565460666	collect=208958,pre-reconstruct=551375,normalize=176625,monomorphize=2409625,instantiate=103625,translate=6053333,solve=555957125	
velvet	crush-verify	1	Velvet/Examples/Examples_Total.lean|54|1031468476226669362	cbrt_correct	6765116615704103050	verified	not-requested	solver returned unsat; closed under the trust policy	777992458	collect=204416,pre-reconstruct=422833,normalize=176583,monomorphize=2417459,instantiate=102375,translate=5772250,solve=768896542	
velvet	crush-verify	1	Velvet/Examples/Examples_Total.lean|55|9859620190106577091	cbrt_correct	9859620190106577091	verified	not-requested	solver returned unsat; closed under the trust policy	594745624	collect=202208,pre-reconstruct=432583,normalize=181500,monomorphize=2853042,instantiate=102750,translate=5839500,solve=585134041	
velvet	crush-verify	1	Velvet/Examples/Examples_Total.lean|58|17809363630590163151	sqrt_bn_correct	3661544389526892522	verified	not-requested	solver returned unsat; closed under the trust policy	558094332	collect=240125,pre-reconstruct=487250,normalize=207083,monomorphize=4039916,instantiate=110417,translate=6886583,solve=546122958	
velvet	crush-verify	1	Velvet/Examples/Examples_Total.lean|59|3756677303263535492	sqrt_bn_correct	3756677303263535492	verified	not-requested	solver returned unsat; closed under the trust policy	558947250	collect=234750,pre-reconstruct=587458,normalize=217250,monomorphize=4274709,instantiate=116958,translate=6946708,solve=546569417	
velvet	crush-verify	1	Velvet/Examples/Examples_Total.lean|61|845228717509319176	sqrt_bn_correct	845228717509319176	verified	not-requested	solver returned unsat; closed under the trust policy	529660626	collect=229917,pre-reconstruct=543167,normalize=213833,monomorphize=4342292,instantiate=110375,translate=6707000,solve=517514042	
velvet	crush-verify	1	Velvet/Examples/Examples_Total.lean|62|14080923781397173690	sqrt_bn_correct	3661544389526892522	verified	not-requested	solver returned unsat; closed under the trust policy	578312293	collect=239792,pre-reconstruct=474333,normalize=188917,monomorphize=3587417,instantiate=115167,translate=6735250,solve=566971417	
velvet	crush-verify	1	Velvet/Examples/Examples_Total.lean|63|2013384436827156188	sqrt_bn_correct	2013384436827156188	verified	not-requested	solver returned unsat; closed under the trust policy	544327333	collect=234291,pre-reconstruct=565250,normalize=211250,monomorphize=4282250,instantiate=108625,translate=6663625,solve=532262042	
velvet	crush-verify	1	Velvet/Examples/Examples_Total.lean|66|14080923781397173690	sqrt_bn_correct	3661544389526892522	verified	not-requested	solver returned unsat; closed under the trust policy	554769124	collect=217125,pre-reconstruct=444875,normalize=151500,monomorphize=2173083,instantiate=102958,translate=5951125,solve=545728458	
velvet	crush-verify	1	Velvet/Examples/Examples_Total.lean|67|5112937323286018014	sqrt_bn_correct	5112937323286018014	selected-fact	not-attempted	closed from a selected Lean fact	204792	collect=204792	
velvet	crush-verify	1	Velvet/Examples/Examples_Total.lean|68|4559485301326837329	sqrt_bn_correct	4559485301326837329	verified	not-requested	solver returned unsat; closed under the trust policy	524714085	collect=122042,pre-reconstruct=113583,normalize=108500,monomorphize=1148125,instantiate=98667,translate=4818834,solve=518304334	
velvet	crush-verify	1	Velvet/Examples/Examples_Total.lean|70|16395326812896940336	sqrt_bn_correct	3661544389526892522	verified	not-requested	solver returned unsat; closed under the trust policy	484036459	collect=186208,pre-reconstruct=129542,normalize=109375,monomorphize=1151083,instantiate=109667,translate=5061917,solve=477288667	
velvet	crush-verify	1	Velvet/Examples/Examples_Total.lean|71|18362062349273978007	sqrt_bn_correct	7232745374090633776	verified	not-requested	solver returned unsat; closed under the trust policy	579025418	collect=228458,pre-reconstruct=539417,normalize=164375,monomorphize=2359625,instantiate=102125,translate=6184959,solve=569446459	
velvet	crush-verify	1	Velvet/Examples/Examples_Total.lean|72|8802921734925604215	sqrt_bn_correct	3661544389526892522	verified	not-requested	solver returned unsat; closed under the trust policy	553667499	collect=217750,pre-reconstruct=464334,normalize=164000,monomorphize=2395083,instantiate=106041,translate=6187250,solve=544133041	
velvet	crush-verify	1	Velvet/Examples/GCD.lean|2|9601099415740649235	gcd_correct	9601099415740649235	verified	not-requested	solver returned unsat; closed under the trust policy	526821167	collect=2232333,pre-reconstruct=707584,normalize=1628708,monomorphize=112500,instantiate=2384708,translate=5814584,solve=513940750	
velvet	crush-verify	1	Velvet/Examples/IsNonPrime.lean|1|3150397294412475763	IsNonPrime_correct	3150397294412475763	sat	not-attempted	solver returned sat	1206362665	collect=565042,pre-reconstruct=3050791,normalize=213291,monomorphize=110083,instantiate=236875,translate=5332333,solve=1196854250	
velvet	crush-verify	1	Velvet/Examples/IsNonPrime.lean|2|8498703091421742660	IsNonPrime_correct	8498703091421742660	verified	not-requested	solver returned unsat; closed under the trust policy	1139840624	collect=315166,pre-reconstruct=131792,normalize=1546000,monomorphize=17125,instantiate=36958,translate=3485708,solve=1134307875	
velvet	crush-verify	1	Velvet/Examples/IsNonPrime.lean|3|15405612526479945524	IsNonPrime_correct	15405612526479945524	verified	not-requested	solver returned unsat; closed under the trust policy	1153355793	collect=233625,pre-reconstruct=3308291,normalize=1781959,monomorphize=17334,instantiate=37459,translate=3083542,solve=1144893583	
velvet	crush-verify	1	Velvet/Examples/IsNonPrime.lean|4|3635621084297233985	IsNonPrime_correct	3635621084297233985	selected-fact	not-attempted	closed from a selected Lean fact	231084	collect=231084	
velvet	crush-verify	1	Velvet/Examples/IsNonPrime.lean|5|8498703091421742660	IsNonPrime_correct	8498703091421742660	verified	not-requested	solver returned unsat; closed under the trust policy	1156511166	collect=171417,pre-reconstruct=130625,normalize=1207666,monomorphize=17042,instantiate=36833,translate=2855583,solve=1152092000	
velvet	crush-verify	1	Velvet/Examples/IsNonPrime.lean|6|15497101072354692966	IsNonPrime_correct	15497101072354692966	unknown	not-attempted	solver exited without a verdict: cvc5 interrupted by timeout.	6206482459	collect=232542,pre-reconstruct=22578250,normalize=1784917,monomorphize=18875,instantiate=48041,translate=3307917,solve=6178511917	
velvet	crush-verify	1	Velvet/Examples/IsNonPrime.lean|7|3635621084297233985	IsNonPrime_correct	3635621084297233985	selected-fact	not-attempted	closed from a selected Lean fact	284125	collect=284125	
velvet	crush-verify	1	Velvet/Examples/IsNonPrime.lean|11|16017810969246570786	IsNonPrime_correct	16017810969246570786	selected-fact	not-attempted	closed from a selected Lean fact	221583	collect=221583	
velvet	crush-verify	1	Velvet/Examples/IsNonPrime.lean|12|12543135627460772462	IsNonPrime_correct	12543135627460772462	verified	not-requested	solver returned unsat; closed under the trust policy	1156016085	collect=89209,pre-reconstruct=111375,normalize=51375,monomorphize=13209,instantiate=44583,translate=920917,solve=1154785417	
velvet	crush-verify	1	Velvet/Examples/IsNonPrime.lean|13|1572539502098385654	IsNonPrime_correct	1572539502098385654	verified	not-requested	solver returned unsat; closed under the trust policy	1125355875	collect=199917,pre-reconstruct=1824292,normalize=874750,monomorphize=13916,instantiate=35708,translate=1489167,solve=1120918125	
velvet	crush-verify	1	Velvet/Examples/IsNonPrime.lean|14|11076373139303988464	IsNonPrime_correct	11076373139303988464	verified	not-requested	solver returned unsat; closed under the trust policy	1188046875	collect=130833,pre-reconstruct=107000,normalize=66084,monomorphize=12416,instantiate=37375,translate=1467458,solve=1186225709	
velvet	crush-verify	1	Velvet/Examples/IsNonPrime.lean|15|15559572021364972958	IsNonPrime_correct	15559572021364972958	unknown	not-attempted	solver exited without a verdict: cvc5 interrupted by timeout.	6354468542	collect=221792,pre-reconstruct=171314375,normalize=1547875,monomorphize=22208,instantiate=51542,translate=2990625,solve=6178320125	
velvet	crush-verify	1	Velvet/Examples/IsSorted.lean|1|11207960766534651515	IsSorted_correct	11207960766534651515	verified	not-requested	solver returned unsat; closed under the trust policy	1244727165	collect=3330333,pre-reconstruct=5268541,normalize=4224750,monomorphize=138250,instantiate=698763916,translate=45587375,solve=487414000	
velvet	crush-verify	1	Velvet/Examples/IsSorted.lean|2|4413675682266163545	IsSorted_correct	7061492355100973697	verified	not-requested	solver returned unsat; closed under the trust policy	2790026042	collect=531792,pre-reconstruct=739708,normalize=3489833,monomorphize=28458,instantiate=2350654542,translate=93933250,solve=340648459	
velvet	crush-verify	1	Velvet/Examples/IsSorted.lean|3|9518487208184120090	IsSorted_correct	9518487208184120090	pre-reconstructed	not-attempted	closed before SMT translation	27104750	collect=535792,pre-reconstruct=26568958	
velvet	crush-verify	1	Velvet/Examples/IsSorted.lean|4|11207960766534651515	IsSorted_correct	11207960766534651515	verified	not-requested	solver returned unsat; closed under the trust policy	1266057250	collect=470542,pre-reconstruct=2831458,normalize=3378958,monomorphize=34125,instantiate=694063417,translate=39386834,solve=525891916	
velvet	crush-verify	1	Velvet/Examples/IsSorted.lean|5|16465854614385299804	IsSorted_correct	7061492355100973697	verified	not-requested	solver returned unsat; closed under the trust policy	2845731792	collect=538833,pre-reconstruct=587500,normalize=3420292,monomorphize=28292,instantiate=2377664250,translate=90241083,solve=373251542	
velvet	crush-verify	1	Velvet/Examples/IsSorted.lean|6|1749803822950348457	IsSorted_correct	9518487208184120090	verified	not-requested	solver returned unsat; closed under the trust policy	2505759836	collect=542584,pre-reconstruct=1263073792,normalize=4207292,monomorphize=31000,instantiate=719325959,translate=40365292,solve=478213917	
velvet	crush-verify	1	Velvet/Examples/IsSorted.lean|7|6461838523585744673	IsSorted_correct	6461838523585744673	verified	not-requested	solver returned unsat; closed under the trust policy	748408665	collect=462458,pre-reconstruct=2049250,normalize=3073416,monomorphize=29833,instantiate=299689583,translate=19311750,solve=423792375	
velvet	crush-verify	1	Velvet/Examples/IsSorted.lean|8|5698263445699273715	IsSorted_correct	7061492355100973697	verified	not-requested	solver returned unsat; closed under the trust policy	1649108665	collect=494458,pre-reconstruct=588792,normalize=3001583,monomorphize=27041,instantiate=1182193333,translate=52360958,solve=410442500	
velvet	crush-verify	1	Velvet/Examples/IsSorted.lean|9|1749803822950348457	IsSorted_correct	9518487208184120090	verified	not-requested	solver returned unsat; closed under the trust policy	1612969375	collect=501209,pre-reconstruct=776614125,normalize=3583291,monomorphize=29750,instantiate=312325167,translate=21310500,solve=498605333	
velvet	crush-verify	1	Velvet/Examples/IsSorted.lean|10|16458001095677251802	IsSorted_correct	16458001095677251802	verified	not-requested	solver returned unsat; closed under the trust policy	695021708	collect=458500,pre-reconstruct=47743916,normalize=2888334,monomorphize=26666,instantiate=304166584,translate=19047417,solve=320690291	
velvet	crush-verify	1	Velvet/Examples/IsSorted.lean|11|11716511832970583731	IsSorted_correct	11716511832970583731	verified	not-requested	solver returned unsat; closed under the trust policy	730961165	collect=415166,pre-reconstruct=1401958,normalize=1502583,monomorphize=21500,instantiate=194753458,translate=14701459,solve=518165041	
velvet	crush-verify	1	Velvet/Examples/IsSorted.lean|12|13412663338101939313	IsSorted_correct	7061492355100973697	verified	not-requested	solver returned unsat; closed under the trust policy	880740834	collect=523792,pre-reconstruct=181708,normalize=1904542,monomorphize=24625,instantiate=519716042,translate=29329041,solve=329061084	
velvet	crush-verify	1	Velvet/Examples/IsSorted.lean|13|10877051663303345536	IsSorted_correct	9518487208184120090	pre-reconstructed	not-attempted	closed before SMT translation	8717167	collect=424875,pre-reconstruct=8292292	
velvet	crush-verify	1	Velvet/Examples/IsSorted.lean|14|2102916384874846137	IsSorted_correct	2102916384874846137	verified	not-requested	solver returned unsat; closed under the trust policy	6547140710	collect=504667,pre-reconstruct=189483958,normalize=3362000,monomorphize=32959,instantiate=123577500,translate=17591792,solve=5518431542,translate-fallback=19607584,solve-fallback=674548708	
velvet	crush-verify	1	Velvet/Examples/MaxElem.lean|1|6189042491608852705	maxElem_correct	6189042491608852705	verified	not-requested	solver returned unsat; closed under the trust policy	492809583	collect=1963291,pre-reconstruct=4284041,normalize=2930042,monomorphize=146667,instantiate=293042,translate=11752750,solve=471439750	
velvet	crush-verify	1	Velvet/Examples/MaxElem.lean|2|13979591039540523316	maxElem_correct	8435436090805571502	verified	not-requested	solver returned unsat; closed under the trust policy	459569751	collect=567583,pre-reconstruct=2179250,normalize=2560917,monomorphize=22459,instantiate=40125,translate=5545875,solve=448653542	
velvet	crush-verify	1	Velvet/Examples/MaxElem.lean|3|6189042491608852705	maxElem_correct	6189042491608852705	verified	not-requested	solver returned unsat; closed under the trust policy	446735250	collect=530333,pre-reconstruct=2074792,normalize=2169084,monomorphize=26000,instantiate=43667,translate=4972291,solve=436919083	
velvet	crush-verify	1	Velvet/Examples/MaxElem.lean|4|3496913807798796367	maxElem_correct	3368518466434627767	verified	not-requested	solver returned unsat; closed under the trust policy	464482959	collect=538209,pre-reconstruct=545500,normalize=2295584,monomorphize=22125,instantiate=38125,translate=4744208,solve=456299208	
velvet	crush-verify	1	Velvet/Examples/MaxElem.lean|5|13935834157065255340	maxElem_correct	13935834157065255340	verified	not-requested	solver returned unsat; closed under the trust policy	461253834	collect=498667,pre-reconstruct=1096917,normalize=1732334,monomorphize=21750,instantiate=43708,translate=4191875,solve=453668583	
velvet	crush-verify	1	Velvet/Examples/MaxElem.lean|6|10716558625718226994	maxElem_correct	3368518466434627767	verified	not-requested	solver returned unsat; closed under the trust policy	452659875	collect=525458,pre-reconstruct=499083,normalize=2013167,monomorphize=22167,instantiate=42708,translate=4193417,solve=445363875	
velvet	crush-verify	1	Velvet/Examples/MaxElem.lean|7|12429897440204793908	maxElem_correct	12429897440204793908	verified	not-requested	solver returned unsat; closed under the trust policy	499971417	collect=497417,pre-reconstruct=649375,normalize=1665166,monomorphize=21667,instantiate=39542,translate=3750292,solve=493347958	
velvet	crush-verify	1	Velvet/Examples/MaxElem.lean|8|6662270672118944889	maxElem_correct	6662270672118944889	verified	not-requested	solver returned unsat; closed under the trust policy	471116376	collect=364292,pre-reconstruct=1404875,normalize=640625,monomorphize=15042,instantiate=35584,translate=2228375,solve=466427583	
velvet	crush-verify	1	Velvet/Examples/MaxElem.lean|9|10294878435885712953	maxElem_correct	4988386822408839803	verified	not-requested	solver returned unsat; closed under the trust policy	474242082	collect=478458,pre-reconstruct=204416,normalize=1411084,monomorphize=20250,instantiate=46708,translate=3490958,solve=468590208	
velvet	crush-verify	1	Velvet/Examples/MaxElem.lean|10|15821608085576758365	maxElem_correct	14098165805487489891	verified	not-requested	solver returned unsat; closed under the trust policy	454105126	collect=669667,pre-reconstruct=986000,normalize=2124375,monomorphize=23375,instantiate=47959,translate=4724750,solve=445529000	
velvet	crush-verify	1	Velvet/Examples/MemAlloc.lean|1|633235845480694220	mem_alloc_correct	13644601314536403191	pre-reconstructed	not-attempted	closed before SMT translation	45489375	collect=20834583,pre-reconstruct=24654792	
velvet	crush-verify	1	Velvet/Examples/MemAlloc.lean|2|12262280732602434251	mem_alloc_correct	17594606446654630769	pre-reconstructed	not-attempted	closed before SMT translation	32933876	collect=2414042,pre-reconstruct=30519834	
velvet	crush-verify	1	Velvet/Examples/MemAlloc.lean|3|5395433166570123997	mem_alloc_correct	5395433166570123997	verified	not-requested	solver returned unsat; closed under the trust policy	1284044626	collect=2117917,pre-reconstruct=1276583,normalize=4815167,monomorphize=118208,instantiate=270084,translate=12139083,solve=1263307584	
velvet	crush-verify	1	Velvet/Examples/MemAlloc.lean|4|7858921023181799469	mem_alloc_correct	7858921023181799469	unknown	not-attempted	no reason given	1578492836	collect=2561959,pre-reconstruct=352284417,normalize=3885667,monomorphize=35834,instantiate=45667,translate=5958667,solve=1213720625	
velvet	crush-verify	1	Velvet/Examples/MemAlloc.lean|5|12307778664191690486	mem_alloc_correct	12307778664191690486	verified	not-requested	solver returned unsat; closed under the trust policy	1436827416	collect=2285083,pre-reconstruct=204380041,normalize=3733375,monomorphize=34500,instantiate=42958,translate=5535792,solve=1220815667	
velvet	crush-verify	1	Velvet/Examples/MemAlloc.lean|6|14651957694487509304	mem_alloc_correct	14651957694487509304	selected-fact	not-attempted	closed from a selected Lean fact	2394416	collect=2394416	
velvet	crush-verify	1	Velvet/Examples/MemAlloc.lean|7|5395433166570123997	mem_alloc_correct	5395433166570123997	verified	not-requested	solver returned unsat; closed under the trust policy	1194745956	collect=2150458,pre-reconstruct=1016125,normalize=4339791,monomorphize=26083,instantiate=44292,translate=5559666,solve=1181609541	
velvet	crush-verify	1	Velvet/Examples/MemAlloc.lean|11|7320909626913503829	mem_alloc_correct	7320909626913503829	selected-fact	not-attempted	closed from a selected Lean fact	2415458	collect=2415458	
velvet	crush-verify	1	Velvet/Examples/MemAlloc.lean|12|13680370559755953061	mem_alloc_correct	13680370559755953061	selected-fact	not-attempted	closed from a selected Lean fact	2020083	collect=2020083	
velvet	crush-verify	1	Velvet/Examples/MemAlloc.lean|13|5395433166570123997	mem_alloc_correct	5395433166570123997	verified	not-requested	solver returned unsat; closed under the trust policy	1206917791	collect=1860834,pre-reconstruct=901000,normalize=1995666,monomorphize=18833,instantiate=48125,translate=3341500,solve=1198751833	
velvet	crush-verify	1	Velvet/Examples/MemAlloc.lean|14|9725332222063365643	mem_alloc_correct	9725332222063365643	pre-reconstructed	not-attempted	closed before SMT translation	200548333	collect=2292292,pre-reconstruct=198256041	
velvet	crush-verify	1	Velvet/Examples/MemAlloc.lean|15|400422252958227942	mem_alloc_correct	400422252958227942	pre-reconstructed	not-attempted	closed before SMT translation	28020084	collect=1942917,pre-reconstruct=26077167	
velvet	crush-verify	1	Velvet/Examples/MemAlloc.lean|16|880346177993498408	mem_alloc_correct	880346177993498408	selected-fact	not-attempted	closed from a selected Lean fact	1947500	collect=1947500	
velvet	crush-verify	1	Velvet/Examples/MemAlloc.lean|17|15369885961681168000	mem_alloc_correct	4370218357807814088	unknown	not-attempted	no reason given	1291603958	collect=2084167,pre-reconstruct=43490458,normalize=4920416,monomorphize=27417,instantiate=53750,translate=9278083,solve=1231749667	
velvet	crush-verify	1	Velvet/Examples/MemAlloc.lean|18|633235845480694220	mem_alloc_correct	13644601314536403191	unknown	not-attempted	no reason given	1281127373	collect=2877541,pre-reconstruct=50518208,normalize=4927958,monomorphize=24958,instantiate=53958,translate=8280875,solve=1214443875	
velvet	crush-verify	1	Velvet/Examples/Recursion.lean|2|16321134497628070328	simple_recursion_correct	16321134497628070328	verified	not-requested	solver returned unsat; closed under the trust policy	526806790	collect=621791,pre-reconstruct=3950875,normalize=339833,monomorphize=118250,instantiate=264916,translate=5591333,solve=515919792	
velvet	crush-verify	1	Velvet/Examples/Recursion.lean|3|15399959404188881270	pickGreater_correct	15399959404188881270	pre-reconstructed	not-attempted	closed before SMT translation	84819834	collect=582000,pre-reconstruct=84237834	
velvet	crush-verify	1	Velvet/Examples/Recursion.lean|4|6729724634728447689	pickGreater_correct	6729724634728447689	verified	not-requested	solver returned unsat; closed under the trust policy	347839832	collect=301583,pre-reconstruct=345375,normalize=1453541,monomorphize=18208,instantiate=41834,translate=1278750,solve=344400541	
velvet	crush-verify	1	Velvet/Examples/Recursion.lean|5|6331840417009367668	pickGreaterN_correct	6331840417009367668	verified	not-requested	solver returned unsat; closed under the trust policy	514108458	collect=618709,pre-reconstruct=119250,normalize=566708,monomorphize=14291,instantiate=40792,translate=1046958,solve=511701750	
velvet	crush-verify	1	Velvet/Examples/Recursion.lean|6|928177310960349346	pickGreaterN_correct	928177310960349346	verified	not-requested	solver returned unsat; closed under the trust policy	434532168	collect=440167,pre-reconstruct=170625,normalize=1401542,monomorphize=15083,instantiate=49042,translate=1986875,solve=430468834	
velvet	crush-verify	1	Velvet/Examples/Recursion.lean|7|14502607232842720358	calc_fact_correct	14502607232842720358	verified	not-requested	solver returned unsat; closed under the trust policy	473448375	collect=1039667,pre-reconstruct=479625,normalize=876958,monomorphize=24959,instantiate=20350250,translate=2433291,solve=448243625	
velvet	crush-verify	1	Velvet/Examples/Recursion.lean|8|5360899794933563671	calc_fact_correct	5360899794933563671	selected-fact	not-attempted	closed from a selected Lean fact	454834	collect=454834	
velvet	crush-verify	1	Velvet/Examples/Recursion.lean|9|16083086069592683677	calc_fact_correct	16083086069592683677	verified	not-requested	solver returned unsat; closed under the trust policy	517111752	collect=351375,pre-reconstruct=2589292,normalize=1371209,monomorphize=23042,instantiate=40541875,translate=3973125,solve=468261834	
velvet	crush-verify	1	Velvet/Examples/Recursion.lean|10|17426933449823366573	calc_fact_correct	17426933449823366573	verified	not-requested	solver returned unsat; closed under the trust policy	456349124	collect=431625,pre-reconstruct=140125,normalize=1418333,monomorphize=22625,instantiate=40076750,translate=4113458,solve=410146208	
velvet	crush-verify	1	Velvet/Examples/Recursion.lean|13|3040060259141493307	calc_fact_correct	3040060259141493307	selected-fact	not-attempted	closed from a selected Lean fact	422042	collect=422042	
velvet	crush-verify	1	Velvet/Examples/Recursion.lean|14|8843960039229350233	calc_fact_correct	8843960039229350233	verified	not-requested	solver returned unsat; closed under the trust policy	545307918	collect=300750,pre-reconstruct=148875,normalize=1142000,monomorphize=18875,instantiate=40913209,translate=3222500,solve=499561709	
velvet	crush-verify	1	Velvet/Examples/Recursion.lean|15|414362943496193222	calc_fact_correct	414362943496193222	verified	not-requested	solver returned unsat; closed under the trust policy	381985460	collect=368750,pre-reconstruct=1034792,normalize=1131959,monomorphize=18792,instantiate=40752292,translate=3215458,solve=335463417	
velvet	crush-verify	1	Velvet/Examples/Recursion.lean|16|17682712502848666117	calc_fact_correct	17682712502848666117	verified	not-requested	solver returned unsat; closed under the trust policy	584034208	collect=428875,pre-reconstruct=433541,normalize=1214792,monomorphize=20750,instantiate=39866625,translate=3679083,solve=538390542	
velvet	crush-verify	1	Velvet/Examples/Recursion.lean|17|10153057550358142642	SimpleOption_correct	10153057550358142642	verified	not-requested	solver returned unsat; closed under the trust policy	418734583	collect=386792,pre-reconstruct=103500,normalize=999583,monomorphize=17375,instantiate=21388625,translate=1775958,solve=394062750	
velvet	crush-verify	1	Velvet/Examples/Recursion.lean|18|1511426402368662420	SimpleOption_correct	1511426402368662420	verified	not-requested	solver returned unsat; closed under the trust policy	528814043	collect=433959,pre-reconstruct=143042,normalize=1155625,monomorphize=18000,instantiate=56096375,translate=2385875,solve=468581167	
velvet	crush-verify	1	Velvet/Examples/Recursion.lean|19|12303175613740643342	SimpleList_correct	12303175613740643342	verified	not-requested	solver returned unsat; closed under the trust policy	521704084	collect=658708,pre-reconstruct=147459,normalize=1382042,monomorphize=20666,instantiate=55890000,translate=6010459,solve=457594750	
velvet	crush-verify	1	Velvet/Examples/Recursion.lean|20|10153057550358142642	SimpleList_correct	10153057550358142642	verified	not-requested	solver returned unsat; closed under the trust policy	392836291	collect=377625,pre-reconstruct=117958,normalize=1214583,monomorphize=19625,instantiate=23805167,translate=2593500,solve=364707833	
velvet	crush-verify	1	Velvet/Examples/Recursion.lean|21|419217539048902517	insertTree_correct	6124558152003517874	verified	not-requested	solver returned unsat; closed under the trust policy	535774250	collect=805917,pre-reconstruct=898833,normalize=1485458,monomorphize=7051292,instantiate=10097167,translate=5046292,solve=510389291	
velvet	crush-verify	1	Velvet/Examples/Recursion.lean|23|14100858011260313832	insertTree_correct	10921538662002129566	verified	not-requested	solver returned unsat; closed under the trust policy	386406624	collect=508083,pre-reconstruct=941875,normalize=1700833,monomorphize=5480000,instantiate=10257750,translate=4993750,solve=362524333	
velvet	crush-verify	1	Velvet/Examples/Recursion.lean|24|5439148242694091386	insertTree_correct	5439148242694091386	verified	not-requested	solver returned unsat; closed under the trust policy	519594167	collect=528542,pre-reconstruct=1291208,normalize=2222625,monomorphize=4998834,instantiate=11151167,translate=5248000,solve=494153791	
velvet	crush-verify	1	Velvet/Examples/Recursion.lean|25|13358020527010658417	insertTree_correct	13358020527010658417	verified	not-requested	solver returned unsat; closed under the trust policy	421447249	collect=488333,pre-reconstruct=904250,normalize=1929042,monomorphize=5081542,instantiate=11350916,translate=5046458,solve=396646708	
velvet	crush-verify	1	Velvet/Examples/Recursion.lean|26|8603391761408256204	insertTree_correct	11864513577345326864	verified	not-requested	solver returned unsat; closed under the trust policy	500218541	collect=564958,pre-reconstruct=976458,normalize=1837334,monomorphize=5696083,instantiate=10553000,translate=5031625,solve=475559083	
velvet	crush-verify	1	Velvet/Examples/Recursion.lean|27|403261720200322615	insertTree_correct	403261720200322615	verified	not-requested	solver returned unsat; closed under the trust policy	435502792	collect=529292,pre-reconstruct=1087542,normalize=2198750,monomorphize=5234584,instantiate=10578583,translate=5683375,solve=410190666	
velvet	crush-verify	1	Velvet/Examples/Recursion.lean|28|13334821868243949956	insertTree_correct	13334821868243949956	verified	not-requested	solver returned unsat; closed under the trust policy	493712375	collect=520500,pre-reconstruct=742875,normalize=1833333,monomorphize=5029708,instantiate=10484334,translate=4677042,solve=470424583	
velvet	crush-verify	1	Velvet/Examples/Recursion.lean|29|10034441991535992553	insertTree_correct	2266607705858558304	verified	not-requested	solver returned unsat; closed under the trust policy	415992583	collect=517375,pre-reconstruct=722708,normalize=1588667,monomorphize=4805208,instantiate=10022583,translate=4572750,solve=393763292	
velvet	crush-verify	1	Velvet/Examples/Recursion.lean|30|8410732340261024813	insertTree_correct	18206415606574627385	verified	not-requested	solver returned unsat; closed under the trust policy	521298791	collect=829958,pre-reconstruct=2079666,normalize=2726167,monomorphize=12086042,instantiate=11276750,translate=8422292,solve=483877916	
velvet	crush-verify	1	Velvet/Examples/Recursion.lean|31|13887296291903300382	insertTree_correct	13887296291903300382	verified	not-requested	solver returned unsat; closed under the trust policy	441136375	collect=698583,pre-reconstruct=1953625,normalize=3129958,monomorphize=11451542,instantiate=11977792,translate=8032500,solve=403892375	
velvet	crush-verify	1	Velvet/Examples/Recursion.lean|32|6517665507579609563	insertTree_correct	6517665507579609563	verified	not-requested	solver returned unsat; closed under the trust policy	521546666	collect=656542,pre-reconstruct=1642208,normalize=2690667,monomorphize=11556750,instantiate=11652208,translate=7864750,solve=485483541	
velvet	crush-verify	1	Velvet/Examples/Recursion.lean|34|4691160922418792609	insertTree_correct	3724966807215875960	verified	not-requested	solver returned unsat; closed under the trust policy	440243875	collect=667250,pre-reconstruct=2454708,normalize=3082583,monomorphize=14130875,instantiate=11655917,translate=9026084,solve=399226458	
velvet	crush-verify	1	Velvet/Examples/Recursion.lean|35|5459752633259142580	insertTree_correct	5459752633259142580	verified	not-requested	solver returned unsat; closed under the trust policy	523552833	collect=737000,pre-reconstruct=2243458,normalize=3296458,monomorphize=13014500,instantiate=12017917,translate=8604125,solve=483639375	
velvet	crush-verify	1	Velvet/Examples/Recursion.lean|36|14235806948139691359	insertTree_correct	14235806948139691359	verified	not-requested	solver returned unsat; closed under the trust policy	448592335	collect=596584,pre-reconstruct=1784167,normalize=3486542,monomorphize=13153250,instantiate=13604459,translate=9432958,solve=406534375	
velvet	crush-verify	1	Velvet/Examples/Recursion.lean|38|7037529583856086989	insertTree_correct	14769059022653274503	verified	not-requested	solver returned unsat; closed under the trust policy	514977334	collect=654583,pre-reconstruct=2465916,normalize=3159709,monomorphize=14722917,instantiate=11938834,translate=8703750,solve=473331625	
velvet	crush-verify	1	Velvet/Examples/Recursion.lean|39|5348143843544294657	insertTree_correct	5348143843544294657	verified	not-requested	solver returned unsat; closed under the trust policy	440873542	collect=649667,pre-reconstruct=1864625,normalize=3052917,monomorphize=12742833,instantiate=11893500,translate=9484500,solve=401185500	
velvet	crush-verify	1	Velvet/Examples/Recursion.lean|40|11865403806314311412	insertTree_correct	11865403806314311412	verified	not-requested	solver returned unsat; closed under the trust policy	497908584	collect=701292,pre-reconstruct=2432667,normalize=3551958,monomorphize=13351125,instantiate=12232333,translate=8486167,solve=457153042	
velvet	crush-verify	1	Velvet/Examples/Recursion.lean|41|4528940613904177901	complex_measure_binsearch_correct	4528940613904177901	unknown	not-attempted	solver exited without a verdict: cvc5 interrupted by timeout.	10869515583	collect=932667,pre-reconstruct=154292,normalize=1778292,monomorphize=26458,instantiate=10526792,translate=2394291,solve=5388021375,translate-fallback=2632958,solve-fallback=5463048458	
velvet	crush-verify	1	Velvet/Examples/Recursion.lean|47|9897963110172432531	complex_measure_binsearch_correct	9897963110172432531	verified	not-requested	solver returned unsat; closed under the trust policy	361829749	collect=797333,pre-reconstruct=135708,normalize=1884916,monomorphize=21750,instantiate=10427834,translate=3546583,solve=345015625	
velvet	crush-verify	1	Velvet/Examples/Recursion.lean|51|5804668677648722939	pow2_correct	5804668677648722939	verified	not-requested	solver returned unsat; closed under the trust policy	506527334	collect=1367625,pre-reconstruct=1846167,normalize=2151875,monomorphize=28625,instantiate=21491375,translate=3330959,solve=476310708	
velvet	crush-verify	1	Velvet/Examples/Recursion.lean|52|5360899794933563671	pow2_correct	5360899794933563671	selected-fact	not-attempted	closed from a selected Lean fact	521334	collect=521334	
velvet	crush-verify	1	Velvet/Examples/Recursion.lean|53|2669204144888843361	pow2_correct	2669204144888843361	verified	not-requested	solver returned unsat; closed under the trust policy	455676875	collect=439042,pre-reconstruct=3356625,normalize=2425750,monomorphize=26667,instantiate=23302750,translate=4845583,solve=421280458	
velvet	crush-verify	1	Velvet/Examples/Recursion.lean|54|17426933449823366573	pow2_correct	17426933449823366573	verified	not-requested	solver returned unsat; closed under the trust policy	439934124	collect=521666,pre-reconstruct=135500,normalize=1997125,monomorphize=24292,instantiate=22009625,translate=4284625,solve=410961291	
velvet	crush-verify	1	Velvet/Examples/Recursion.lean|57|3040060259141493307	pow2_correct	3040060259141493307	selected-fact	not-attempted	closed from a selected Lean fact	519333	collect=519333	
velvet	crush-verify	1	Velvet/Examples/Recursion.lean|58|8843960039229350233	pow2_correct	8843960039229350233	verified	not-requested	solver returned unsat; closed under the trust policy	499258292	collect=290500,pre-reconstruct=117250,normalize=1430250,monomorphize=28333,instantiate=17992958,translate=2447584,solve=476951417	
velvet	crush-verify	1	Velvet/Examples/Recursion.lean|59|11033618788013063028	pow2_correct	11033618788013063028	selected-fact	not-attempted	closed from a selected Lean fact	518000	collect=518000	
velvet	crush-verify	1	Velvet/Examples/Recursion.lean|60|12960500676855313787	pow2_correct	12960500676855313787	verified	not-requested	solver returned unsat; closed under the trust policy	422489291	collect=507875,pre-reconstruct=1789833,normalize=2005042,monomorphize=26792,instantiate=21917083,translate=4198458,solve=392044208	
velvet	crush-verify	1	Velvet/Examples/SmallHeartBeats.lean|1|15016508801900672495	LeftmostMaximalDigit_correct	15236574120941310609	unknown	not-attempted	solver exited without a verdict: cvc5 interrupted by timeout.	5412924377	collect=4503375,pre-reconstruct=2375834,normalize=6800709,monomorphize=131750,instantiate=301417,translate=17594792,solve=5381216500	
velvet	crush-verify	1	Velvet/Examples/SmallHeartBeats.lean|2|15016508801900672495	LeftmostMaximalDigit_correct	15236574120941310609	unknown	not-attempted	solver exited without a verdict: cvc5 interrupted by timeout.	5461422833	collect=505291,pre-reconstruct=633458,normalize=6596792,monomorphize=29417,instantiate=44250,translate=10428208,solve=5443185417	
velvet	crush-verify	1	Velvet/Examples/SmallHeartBeats.lean|3|2028202278093280602	LeftmostMaximalDigit_correct	6121938255858659784	unknown	not-attempted	solver exited without a verdict: cvc5 interrupted by timeout.	5457527208	collect=481875,pre-reconstruct=623541,normalize=6575416,monomorphize=28709,instantiate=43292,translate=11726750,solve=5438047625	
velvet	crush-verify	1	Velvet/Examples/SmallHeartBeats.lean|4|15016508801900672495	LeftmostMaximalDigit_correct	15236574120941310609	unknown	not-attempted	solver exited without a verdict: cvc5 interrupted by timeout.	5415025666	collect=440500,pre-reconstruct=659500,normalize=7070291,monomorphize=29708,instantiate=45084,translate=13485333,solve=5393295250	
velvet	crush-verify	1	Velvet/Examples/SmallHeartBeats.lean|5|15016508801900672495	LeftmostMaximalDigit_correct	15236574120941310609	unknown	not-attempted	solver exited without a verdict: cvc5 interrupted by timeout.	5426536916	collect=508250,pre-reconstruct=591416,normalize=6520833,monomorphize=26709,instantiate=54458,translate=11540958,solve=5407294292	
velvet	crush-verify	1	Velvet/Examples/SmallHeartBeats.lean|6|3737123472131748703	LeftmostMaximalDigit_correct	15236574120941310609	unknown	not-attempted	solver exited without a verdict: cvc5 interrupted by timeout.	5476836333	collect=472750,pre-reconstruct=607625,normalize=5434875,monomorphize=35917,instantiate=57458,translate=10547458,solve=5459680250	
velvet	crush-verify	1	Velvet/Examples/SmallHeartBeats.lean|7|7513237505621560861	LeftmostMaximalDigit_correct	7513237505621560861	selected-fact	not-attempted	closed from a selected Lean fact	610125	collect=610125	
velvet	crush-verify	1	Velvet/Examples/SmallHeartBeats.lean|8|8096766621563827002	LeftmostMaximalDigit_correct	17680906660210225647	verified	not-requested	solver returned unsat; closed under the trust policy	490882125	collect=454500,pre-reconstruct=444625,normalize=3456667,monomorphize=22375,instantiate=43791,translate=6361417,solve=480098750	
velvet	crush-verify	1	Velvet/Examples/SmallHeartBeats.lean|9|18343663110535115658	LeftmostMaximalDigit_correct	5956152800418677151	unknown	not-attempted	solver exited without a verdict: cvc5 interrupted by timeout.	5466173458	collect=613959,pre-reconstruct=12254666,normalize=6306792,monomorphize=24583,instantiate=48875,translate=14610667,solve=5432313916	
velvet	crush-verify	1	Velvet/Examples/SpMSpV_Example.lean|2|8738685113314976701	VSpV_correct	8738685113314976701	verified	not-requested	solver returned unsat; closed under the trust policy	531845250	collect=963500,pre-reconstruct=795333,normalize=2976417,monomorphize=17877833,instantiate=11704417,translate=23292958,solve=474234792	
velvet	crush-verify	1	Velvet/Examples/SpMSpV_Example.lean|3|3203096880704497577	VSpV_correct	3203096880704497577	verified	not-requested	solver returned unsat; closed under the trust policy	600827708	collect=379208,pre-reconstruct=11702709,normalize=2872292,monomorphize=23558417,instantiate=38933791,translate=29221958,solve=494159333	
velvet	crush-verify	1	Velvet/Examples/SpMSpV_Example.lean|7|6511268073169614694	VSpV_correct	6511268073169614694	verified	not-requested	solver returned unsat; closed under the trust policy	509850917	collect=282625,pre-reconstruct=1029375,normalize=2703709,monomorphize=14369708,instantiate=10309625,translate=15847750,solve=465308125	
velvet	crush-verify	1	Velvet/Examples/SpMSpV_Example.lean|9|975338514235632457	VSpV_correct	975338514235632457	verified	not-requested	solver returned unsat; closed under the trust policy	478386707	collect=228542,pre-reconstruct=113125,normalize=174458,monomorphize=12005333,instantiate=1879333,translate=9886875,solve=454099041	
velvet	crush-verify	1	Velvet/Examples/SpMSpV_Example.lean|10|12341185047943028706	VSpV_correct	12341185047943028706	verified	not-requested	solver returned unsat; closed under the trust policy	500195126	collect=237583,pre-reconstruct=2634375,normalize=267250,monomorphize=14653584,instantiate=12969750,translate=14749209,solve=454683375	
velvet	crush-verify	1	Velvet/Examples/SpMSpV_Example.lean|15|10035930273513517515	spmv_correct	16911588290658345398	verified	not-requested	solver returned unsat; closed under the trust policy	600848041	collect=378084,pre-reconstruct=11509625,normalize=448250,monomorphize=30847625,instantiate=26205041,translate=32732791,solve=498726625	
velvet	crush-verify	1	Velvet/Examples/SpMSpV_Example.lean|16|4828757563640441921	spmv_correct	17150622328021244237	verified	not-requested	solver returned unsat; closed under the trust policy	796496875	collect=496917,pre-reconstruct=25689708,normalize=611833,monomorphize=55977792,instantiate=79455250,translate=69564209,solve=564701166	
velvet	crush-verify	1	Velvet/Examples/SpMSpV_Example.lean|19|9723121325275610683	spmv_correct	5118812006968681161	verified	not-requested	solver returned unsat; closed under the trust policy	553337751	collect=412334,pre-reconstruct=784416,normalize=435084,monomorphize=27774166,instantiate=4917000,translate=22485584,solve=496529167	
velvet	crush-verify	1	Velvet/Examples/SpMSpV_Example.lean|20|17138153512408342530	spmv_correct	10058067986739430896	verified	not-requested	solver returned unsat; closed under the trust policy	584227416	collect=388625,pre-reconstruct=4962208,normalize=407333,monomorphize=27976500,instantiate=15316750,translate=31261959,solve=503914041	
velvet	crush-verify	1	Velvet/Examples/SpMSpV_Example.lean|21|1779879977175361606	spmv_correct	9652275006870831740	verified	not-requested	solver returned unsat; closed under the trust policy	550110668	collect=317958,pre-reconstruct=5169459,normalize=411209,monomorphize=26477208,instantiate=4713292,translate=21448917,solve=491572625	
velvet	crush-verify	1	Velvet/Examples/SpMSpV_Example.lean|24|3184815126966959579	spmv_correct	4431820435980120265	verified	not-requested	solver returned unsat; closed under the trust policy	522167166	collect=284250,pre-reconstruct=130708,normalize=214000,monomorphize=19896166,instantiate=3466250,translate=16491125,solve=481684667	
velvet	crush-verify	1	Velvet/Examples/SpMSpV_Example.lean|25|1119395027554635835	spmv_correct	13937701322092251966	verified	not-requested	solver returned unsat; closed under the trust policy	555328292	collect=293791,pre-reconstruct=4149750,normalize=327875,monomorphize=25805500,instantiate=15737042,translate=27413584,solve=481600750	
velvet	crush-verify	1	Velvet/Examples/SpMSpV_Example.lean|26|2867453267844152322	spmv_correct	4156424914757912501	verified	not-requested	solver returned unsat; closed under the trust policy	613658084	collect=301208,pre-reconstruct=7433750,normalize=503292,monomorphize=39575375,instantiate=15746750,translate=36497125,solve=513600584	
velvet	crush-verify	1	Velvet/Examples/SpMSpV_Example.lean|29|12365816836206760017	SpVSpV_correct	12365816836206760017	verified	not-requested	solver returned unsat; closed under the trust policy	661749666	collect=401166,pre-reconstruct=3953625,normalize=6167458,monomorphize=42589167,instantiate=60568708,translate=41823958,solve=506245584	
velvet	crush-verify	1	Velvet/Examples/SpMSpV_Example.lean|30|14837198768818932204	SpVSpV_correct	16126165560622542066	verified	not-requested	solver returned unsat; closed under the trust policy	806584040	collect=437458,pre-reconstruct=10709916,normalize=7677125,monomorphize=49980625,instantiate=159446458,translate=74046375,solve=504286083	
velvet	crush-verify	1	Velvet/Examples/SpMSpV_Example.lean|32|15323100967004739210	SpVSpV_correct	15323100967004739210	verified	not-requested	solver returned unsat; closed under the trust policy	640963083	collect=467000,pre-reconstruct=2771416,normalize=5779625,monomorphize=43734750,instantiate=59976250,translate=44059625,solve=484174417	
velvet	crush-verify	1	Velvet/Examples/SpMSpV_Example.lean|33|10656169208955874266	SpVSpV_correct	10656169208955874266	verified	not-requested	solver returned unsat; closed under the trust policy	834278374	collect=548792,pre-reconstruct=5203208,normalize=6566959,monomorphize=47010958,instantiate=177426291,translate=76876833,solve=520645333	
velvet	crush-verify	1	Velvet/Examples/SpMSpV_Example.lean|35|9762937465648280212	SpVSpV_correct	9762937465648280212	verified	not-requested	solver returned unsat; closed under the trust policy	682681791	collect=464666,pre-reconstruct=2524917,normalize=6357000,monomorphize=45663500,instantiate=67323917,translate=49782666,solve=510565125	
velvet	crush-verify	1	Velvet/Examples/SpMSpV_Example.lean|36|2195194365498566470	SpVSpV_correct	2195194365498566470	verified	not-requested	solver returned unsat; closed under the trust policy	753462917	collect=515667,pre-reconstruct=5529459,normalize=6496792,monomorphize=46046458,instantiate=102432708,translate=67336166,solve=525105667	
velvet	crush-verify	1	Velvet/Examples/SpMSpV_Example.lean|38|11853401597336712609	SpVSpV_correct	11853401597336712609	verified	not-requested	solver returned unsat; closed under the trust policy	643343919	collect=390250,pre-reconstruct=1270084,normalize=6160334,monomorphize=39784417,instantiate=62180417,translate=43357542,solve=490200875	
velvet	crush-verify	1	Velvet/Examples/SpMSpV_Example.lean|40|2836632441074815746	SpVSpV_correct	2836632441074815746	verified	not-requested	solver returned unsat; closed under the trust policy	666302793	collect=386709,pre-reconstruct=909167,normalize=5596750,monomorphize=39512500,instantiate=61881834,translate=45218958,solve=512796875	
velvet	crush-verify	1	Velvet/Examples/SpMSpV_Example.lean|42|9157999431728333977	SpVSpV_correct	9157999431728333977	verified	not-requested	solver returned unsat; closed under the trust policy	607431334	collect=377292,pre-reconstruct=1819417,normalize=4724750,monomorphize=34089000,instantiate=6956458,translate=56522250,solve=502942167	
velvet	crush-verify	1	Velvet/Examples/SpMSpV_Example.lean|43|12484676100150332319	SpVSpV_correct	12484676100150332319	verified	not-requested	solver returned unsat; closed under the trust policy	677562542	collect=406375,pre-reconstruct=3890500,normalize=5475333,monomorphize=36663875,instantiate=92468750,translate=35650375,solve=503007334	
velvet	crush-verify	1	Velvet/Examples/SpMSpV_Example.lean|44|6547543738413559297	SpVSpV_correct	6547543738413559297	verified	not-requested	solver returned unsat; closed under the trust policy	661820499	collect=484166,pre-reconstruct=2873166,normalize=5445292,monomorphize=47618417,instantiate=62266250,translate=46382000,solve=496751208	
velvet	crush-verify	1	Velvet/Examples/SpMSpV_Example.lean|49|16599719904663808863	SpMSpV_correct	6207658206744569200	verified	not-requested	solver returned unsat; closed under the trust policy	668885084	collect=496625,pre-reconstruct=21007875,normalize=6126375,monomorphize=66441875,instantiate=25655375,translate=46293917,solve=502863042	
velvet	crush-verify	1	Velvet/Examples/SpMSpV_Example.lean|50|9413868035314052637	SpMSpV_correct	954402073916344576	verified	not-requested	solver returned unsat; closed under the trust policy	659345625	collect=502375,pre-reconstruct=20623042,normalize=6202417,monomorphize=65619833,instantiate=25405750,translate=43899833,solve=497092375	
velvet	crush-verify	1	Velvet/Examples/SpMSpV_Example.lean|51|11331147013392176036	SpMSpV_correct	1456818390559341560	verified	not-requested	solver returned unsat; closed under the trust policy	1087266418	collect=545333,pre-reconstruct=51875125,normalize=8132834,monomorphize=84141667,instantiate=185211875,translate=161483584,solve=595876000	
velvet	crush-verify	1	Velvet/Examples/SpMSpV_Example.lean|55|16599719904663808863	SpMSpV_correct	6207658206744569200	verified	not-requested	solver returned unsat; closed under the trust policy	699937040	collect=471708,pre-reconstruct=20974625,normalize=6573041,monomorphize=70407958,instantiate=26512458,translate=47541833,solve=527455417	
velvet	crush-verify	1	Velvet/Examples/SpMSpV_Example.lean|56|14915918579342464454	SpMSpV_correct	14801354580617985578	verified	not-requested	solver returned unsat; closed under the trust policy	648108167	collect=495792,pre-reconstruct=3088208,normalize=6659125,monomorphize=67727041,instantiate=20332667,translate=42894167,solve=506911167	
velvet	crush-verify	1	Velvet/Examples/SpMSpV_Example.lean|57|9290686424640906065	SpMSpV_correct	4686021491981357338	verified	not-requested	solver returned unsat; closed under the trust policy	1253499876	collect=501959,pre-reconstruct=23306250,normalize=7581042,monomorphize=74864958,instantiate=127868791,translate=109849459,solve=909527417	
velvet	crush-verify	1	Velvet/Examples/SpMSpV_Example.lean|61|4823872097887552574	SpMSpV_correct	14465487365256530385	verified	not-requested	solver returned unsat; closed under the trust policy	649345876	collect=491750,pre-reconstruct=2790500,normalize=6336250,monomorphize=67766625,instantiate=17373084,translate=44489917,solve=510097750	
velvet	crush-verify	1	Velvet/Examples/SpMSpV_Example.lean|62|9413868035314052637	SpMSpV_correct	954402073916344576	verified	not-requested	solver returned unsat; closed under the trust policy	696013876	collect=504167,pre-reconstruct=20464667,normalize=6411125,monomorphize=69519500,instantiate=26345000,translate=46672417,solve=526097000	
velvet	crush-verify	1	Velvet/Examples/SpMSpV_Example.lean|63|4033875047981720732	SpMSpV_correct	6105912413912116647	verified	not-requested	solver returned unsat; closed under the trust policy	1421776916	collect=483666,pre-reconstruct=24372458,normalize=7873708,monomorphize=75956416,instantiate=129023042,translate=105799792,solve=1078267834	
velvet	crush-verify	1	Velvet/Examples/SpMSpV_Example.lean|67|4823872097887552574	SpMSpV_correct	14465487365256530385	verified	not-requested	solver returned unsat; closed under the trust policy	583674000	collect=480083,pre-reconstruct=2958708,normalize=5942750,monomorphize=54783250,instantiate=11084250,translate=33989834,solve=474435125	
velvet	crush-verify	1	Velvet/Examples/SpMSpV_Example.lean|68|14915918579342464454	SpMSpV_correct	14801354580617985578	verified	not-requested	solver returned unsat; closed under the trust policy	596828918	collect=461875,pre-reconstruct=2794542,normalize=5554375,monomorphize=56626750,instantiate=10081292,translate=36057125,solve=485252959	
velvet	crush-verify	1	Velvet/Examples/SpMSpV_Example.lean|69|10972595422634862877	SpMSpV_correct	282711820722505660	verified	not-requested	solver returned unsat; closed under the trust policy	744125542	collect=448459,pre-reconstruct=9238750,normalize=7351500,monomorphize=60811333,instantiate=78041541,translate=85207750,solve=503026209	
velvet	crush-verify	1	Velvet/Examples/SpMSpV_Example.lean|70|8550776788309984180	SpMSpV_correct	11199427504012316075	verified	not-requested	solver returned unsat; closed under the trust policy	664395708	collect=498625,pre-reconstruct=4764333,normalize=5939667,monomorphize=59447292,instantiate=38666500,translate=53585875,solve=501493416	
velvet	crush-verify	1	Velvet/Examples/SpMSpV_Example.lean|74|3184815126966959579	SpMSpV_correct	4431820435980120265	verified	not-requested	solver returned unsat; closed under the trust policy	570409457	collect=439208,pre-reconstruct=152458,normalize=5470125,monomorphize=43163583,instantiate=7522083,translate=27119250,solve=486542750	
velvet	crush-verify	1	Velvet/Examples/SpMSpV_Example.lean|75|5592904318722155373	SpMSpV_correct	14215810846060684506	verified	not-requested	solver returned unsat; closed under the trust policy	586677125	collect=416208,pre-reconstruct=129792,normalize=4862458,monomorphize=39044542,instantiate=6927125,translate=27294500,solve=508002500	
velvet	crush-verify	1	Velvet/Examples/SpMSpV_Example.lean|76|9139246173028146264	SpMSpV_correct	17952347404366761422	verified	not-requested	solver returned unsat; closed under the trust policy	747811833	collect=396625,pre-reconstruct=5680375,normalize=5456333,monomorphize=45830667,instantiate=78520458,translate=92322875,solve=519604500	
velvet	crush-verify	1	Velvet/Examples/SpMSpV_Example.lean|77|1600226093076966364	SpMSpV_correct	16517394122866365312	verified	not-requested	solver returned unsat; closed under the trust policy	918402584	collect=440584,pre-reconstruct=5478458,normalize=5981500,monomorphize=71025542,instantiate=20299875,translate=44841500,solve=770335125	
velvet	crush-verify	1	Velvet/Examples/SubstringSearch.lean|1|18217664312208415458	SubstringSearch_correct	174702952739697047	verified	not-requested	solver returned unsat; closed under the trust policy	525908417	collect=638458,pre-reconstruct=6409958,normalize=330500,monomorphize=102666,instantiate=226917,translate=10567959,solve=507631959	
velvet	crush-verify	1	Velvet/Examples/SubstringSearch.lean|2|14717207787831772510	SubstringSearch_correct	16168922198445788	verified	not-requested	solver returned unsat; closed under the trust policy	471627040	collect=167750,pre-reconstruct=5007292,normalize=1783416,monomorphize=16958,instantiate=36041,translate=5186125,solve=459429458	
velvet	crush-verify	1	Velvet/Examples/SubstringSearch.lean|3|10323933724704776680	SubstringSearch_correct	12116471866077996373	verified	not-requested	solver returned unsat; closed under the trust policy	476594874	collect=148708,pre-reconstruct=1729583,normalize=119541,monomorphize=17666,instantiate=42625,translate=3381084,solve=471155667	
velvet	crush-verify	1	Velvet/Examples/SubstringSearch.lean|4|8391554914672281118	SubstringSearch_correct	4974301628068507188	selected-fact	not-attempted	closed from a selected Lean fact	135458	collect=135458	
velvet	crush-verify	1	Velvet/Examples/SubstringSearch.lean|5|6640297411548399355	SubstringSearch_correct	6640297411548399355	verified	not-requested	solver returned unsat; closed under the trust policy	461695291	collect=72166,pre-reconstruct=115709,normalize=52042,monomorphize=13166,instantiate=35125,translate=1508917,solve=459898166	
velvet	crush-verify	1	Velvet/Examples/SubstringSearch.lean|6|4492008039209323302	SubstringSearch_correct	4492008039209323302	verified	not-requested	solver returned unsat; closed under the trust policy	493723000	collect=871708,pre-reconstruct=1342250,normalize=4075209,monomorphize=43875,instantiate=41125,translate=11876875,solve=475471958	
velvet	crush-verify	1	Velvet/Examples/SubstringSearch.lean|7|16506446102682745284	SubstringSearch_correct	16506446102682745284	verified	not-requested	solver returned unsat; closed under the trust policy	500516793	collect=496625,pre-reconstruct=670792,normalize=3141584,monomorphize=39833,instantiate=39917,translate=10961167,solve=485166875	
velvet	crush-verify	1	Velvet/Examples/SubstringSearch.lean|8|4056255141881592010	SubstringSearch_correct	4056255141881592010	selected-fact	not-attempted	closed from a selected Lean fact	581167	collect=581167	
velvet	crush-verify	1	Velvet/Examples/SubstringSearch.lean|9|10653939026877543916	SubstringSearch_correct	10653939026877543916	verified	not-requested	solver returned unsat; closed under the trust policy	500054918	collect=549875,pre-reconstruct=821917,normalize=3689250,monomorphize=44833,instantiate=46084,translate=12589167,solve=482313792	
velvet	crush-verify	1	Velvet/Examples/SubstringSearch.lean|11|18143633401136980304	SubstringSearch_correct	18143633401136980304	verified	not-requested	solver returned unsat; closed under the trust policy	488446292	collect=613625,pre-reconstruct=795208,normalize=3683625,monomorphize=43750,instantiate=44542,translate=11109167,solve=472156375	
velvet	crush-verify	1	Velvet/Examples/SubstringSearch.lean|12|16856248441874989194	SubstringSearch_correct	16856248441874989194	verified	not-requested	solver returned unsat; closed under the trust policy	494405168	collect=523667,pre-reconstruct=666042,normalize=3184250,monomorphize=40834,instantiate=40000,translate=11286334,solve=478664041	
velvet	crush-verify	1	Velvet/Examples/SubstringSearch.lean|13|1598574868652780333	SubstringSearch_correct	2623082850227027838	verified	not-requested	solver returned unsat; closed under the trust policy	511441085	collect=547625,pre-reconstruct=2363584,normalize=3937459,monomorphize=48250,instantiate=50458,translate=12837084,solve=491656625	
velvet	crush-verify	1	Velvet/Examples/SubstringSearch.lean|14|6083540873046640352	SubstringSearch_correct	14001892521180047693	verified	not-requested	solver returned unsat; closed under the trust policy	533352332	collect=575583,pre-reconstruct=7220250,normalize=4162708,monomorphize=45791,instantiate=43125,translate=12844500,solve=508460375	
velvet	crush-verify	1	Velvet/Examples/SubstringSearch.lean|15|18314524564682266162	SubstringSearch_correct	174702952739697047	verified	not-requested	solver returned unsat; closed under the trust policy	493255000	collect=525875,pre-reconstruct=4233250,normalize=3664916,monomorphize=42917,instantiate=40958,translate=12643834,solve=472103250	
velvet	crush-verify	1	Velvet/Examples/SubstringSearch.lean|16|14859665284842375974	SubstringSearch_correct	14695100313578779437	verified	not-requested	solver returned unsat; closed under the trust policy	484938834	collect=626583,pre-reconstruct=6647375,normalize=3758208,monomorphize=46917,instantiate=45834,translate=12801834,solve=461012083	
velvet	crush-verify	1	Velvet/Examples/SubstringSearch.lean|17|16859604855349517182	SubstringSearch_correct	5978146869369588613	unknown	not-attempted	solver exited without a verdict: cvc5 interrupted by timeout.	5491631957	collect=640708,pre-reconstruct=5160583,normalize=4278375,monomorphize=45875,instantiate=40791,translate=13738792,solve=5467726833	
velvet	crush-verify	1	Velvet/Examples/SubstringSearch.lean|18|12762377925475098934	SubstringSearch_correct	12762377925475098934	verified	not-requested	solver returned unsat; closed under the trust policy	483933458	collect=678041,pre-reconstruct=799375,normalize=3423917,monomorphize=41042,instantiate=40667,translate=12559041,solve=466391375	
velvet	crush-verify	1	Velvet/Examples/SubstringSearch.lean|19|4492008039209323302	SubstringSearch_correct	4492008039209323302	verified	not-requested	solver returned unsat; closed under the trust policy	490451792	collect=574667,pre-reconstruct=805625,normalize=3544042,monomorphize=43917,instantiate=44875,translate=12825833,solve=472612833	
velvet	crush-verify	1	Velvet/Examples/SubstringSearch.lean|20|16506446102682745284	SubstringSearch_correct	16506446102682745284	verified	not-requested	solver returned unsat; closed under the trust policy	478047582	collect=579458,pre-reconstruct=732000,normalize=3391125,monomorphize=45291,instantiate=40250,translate=11895375,solve=461364083	
velvet	crush-verify	1	Velvet/Examples/SubstringSearch.lean|21|4056255141881592010	SubstringSearch_correct	4056255141881592010	selected-fact	not-attempted	closed from a selected Lean fact	561833	collect=561833	
velvet	crush-verify	1	Velvet/Examples/SubstringSearch.lean|24|18214680451177329292	SubstringSearch_correct	18214680451177329292	verified	not-requested	solver returned unsat; closed under the trust policy	479735876	collect=711833,pre-reconstruct=766042,normalize=3453333,monomorphize=41334,instantiate=42375,translate=11514875,solve=463206084	
velvet	crush-verify	1	Velvet/Examples/SubstringSearch.lean|25|4587180649363296126	SubstringSearch_correct	4587180649363296126	verified	not-requested	solver returned unsat; closed under the trust policy	480875749	collect=563292,pre-reconstruct=738458,normalize=3226250,monomorphize=40125,instantiate=43625,translate=11503416,solve=464760583	
velvet	crush-verify	1	Velvet/Examples/SubstringSearch.lean|26|1598574868652780333	SubstringSearch_correct	2623082850227027838	verified	not-requested	solver returned unsat; closed under the trust policy	506083082	collect=570166,pre-reconstruct=2333250,normalize=4281416,monomorphize=49083,instantiate=65959,translate=13199875,solve=485583333	
velvet	crush-verify	1	Velvet/Examples/SubstringSearch.lean|27|7138545743425854663	SubstringSearch_correct	5155269417983951744	verified	not-requested	solver returned unsat; closed under the trust policy	510275750	collect=562584,pre-reconstruct=4870083,normalize=4034250,monomorphize=44500,instantiate=44458,translate=13205500,solve=487514375	
velvet	crush-verify	1	Velvet/Examples/SubstringSearch.lean|28|4681422515724674825	SubstringSearch_correct	174702952739697047	verified	not-requested	solver returned unsat; closed under the trust policy	498192415	collect=590667,pre-reconstruct=4020458,normalize=3743000,monomorphize=49416,instantiate=40666,translate=12018833,solve=477729375	
velvet	crush-verify	1	Velvet/Examples/SubstringSearch.lean|29|14859665284842375974	SubstringSearch_correct	14695100313578779437	verified	not-requested	solver returned unsat; closed under the trust policy	503343083	collect=590500,pre-reconstruct=6941625,normalize=3694791,monomorphize=43875,instantiate=45625,translate=12716000,solve=479310667	
velvet	crush-verify	1	Velvet/Examples/SubstringSearch.lean|30|15621397202025328223	SubstringSearch_correct	16429357329401941578	unknown	not-attempted	solver exited without a verdict: cvc5 interrupted by timeout.	5498758957	collect=568291,pre-reconstruct=4577500,normalize=4528000,monomorphize=45667,instantiate=41541,translate=14419833,solve=5474578125	
velvet	crush-verify	1	Velvet/Examples/SubstringSearch.lean|31|12762377925475098934	SubstringSearch_correct	12762377925475098934	verified	not-requested	solver returned unsat; closed under the trust policy	503661875	collect=585292,pre-reconstruct=775541,normalize=3703291,monomorphize=46208,instantiate=43167,translate=12463417,solve=486044959	
velvet	crush-verify	1	Velvet/Examples/SubstringSearch.lean|32|6640297411548399355	SubstringSearch_correct	6640297411548399355	verified	not-requested	solver returned unsat; closed under the trust policy	489618414	collect=527833,pre-reconstruct=641291,normalize=3088250,monomorphize=41500,instantiate=47666,translate=10767291,solve=474504583	
velvet	crush-verify	1	Velvet/Examples/SubstringSearch.lean|33|12035722151280848636	SubstringSearch_correct	12035722151280848636	verified	not-requested	solver returned unsat; closed under the trust policy	490751792	collect=520042,pre-reconstruct=680208,normalize=3187208,monomorphize=42084,instantiate=38250,translate=11826916,solve=474457084	
velvet	crush-verify	1	Velvet/Examples/SubstringSearch.lean|34|4056255141881592010	SubstringSearch_correct	4056255141881592010	selected-fact	not-attempted	closed from a selected Lean fact	523750	collect=523750	
velvet	crush-verify	1	Velvet/Examples/SubstringSearch.lean|37|11007454110672083430	SubstringSearch_correct	11007454110672083430	verified	not-requested	solver returned unsat; closed under the trust policy	503044208	collect=550042,pre-reconstruct=664500,normalize=3016625,monomorphize=40958,instantiate=43416,translate=10564417,solve=488164250	
velvet	crush-verify	1	Velvet/Examples/SubstringSearch.lean|38|4587180649363296126	SubstringSearch_correct	4587180649363296126	verified	not-requested	solver returned unsat; closed under the trust policy	486461416	collect=518500,pre-reconstruct=662666,normalize=3105834,monomorphize=39041,instantiate=37375,translate=11068667,solve=471029333	
velvet	crush-verify	1	Velvet/Examples/SubstringSearch.lean|39|4995387128902807839	SubstringSearch_correct	2623082850227027838	verified	not-requested	solver returned unsat; closed under the trust policy	485369917	collect=515792,pre-reconstruct=1937459,normalize=3306250,monomorphize=40125,instantiate=41291,translate=11626750,solve=467902250	
velvet	crush-verify	1	Velvet/Examples/SubstringSearch.lean|40|7138545743425854663	SubstringSearch_correct	5155269417983951744	verified	not-requested	solver returned unsat; closed under the trust policy	487064125	collect=596667,pre-reconstruct=4508334,normalize=3788750,monomorphize=41666,instantiate=40041,translate=12233542,solve=465855125	
velvet	crush-verify	1	Velvet/Examples/SubstringSearch.lean|41|4681422515724674825	SubstringSearch_correct	174702952739697047	verified	not-requested	solver returned unsat; closed under the trust policy	515063416	collect=549833,pre-reconstruct=3845333,normalize=3568459,monomorphize=44291,instantiate=50333,translate=12068375,solve=494936792	
velvet	crush-verify	1	Velvet/Examples/SubstringSearch.lean|42|9257442500105266102	SubstringSearch_correct	11774711000685261052	selected-fact	not-attempted	closed from a selected Lean fact	585750	collect=585750	
velvet	crush-verify	1	Velvet/Examples/SubstringSearch.lean|43|15621397202025328223	SubstringSearch_correct	16429357329401941578	verified	not-requested	solver returned unsat; closed under the trust policy	4036190585	collect=612250,pre-reconstruct=4467959,normalize=3609917,monomorphize=42208,instantiate=41125,translate=14661459,solve=4012755667	
velvet	crush-verify	1	Velvet/Examples/SubstringSearch.lean|44|12762377925475098934	SubstringSearch_correct	12762377925475098934	verified	not-requested	solver returned unsat; closed under the trust policy	489083041	collect=510208,pre-reconstruct=694958,normalize=3143250,monomorphize=38458,instantiate=37875,translate=12713000,solve=471945292	
velvet	crush-verify	1	Velvet/Examples/SubstringSearch.lean|52|7110337632391962636	SubstringSearch_correct	2623082850227027838	verified	not-requested	solver returned unsat; closed under the trust policy	500539041	collect=676834,pre-reconstruct=2239708,normalize=3418333,monomorphize=48250,instantiate=42791,translate=11621250,solve=482491875	
velvet	crush-verify	1	Velvet/Examples/SubstringSearch.lean|53|7138545743425854663	SubstringSearch_correct	5155269417983951744	verified	not-requested	solver returned unsat; closed under the trust policy	515203708	collect=595667,pre-reconstruct=5499916,normalize=3602708,monomorphize=39875,instantiate=41042,translate=13280500,solve=492144000	
velvet	crush-verify	1	Velvet/Examples/SubstringSearch.lean|54|12240785285064077065	SubstringSearch_correct	174702952739697047	verified	not-requested	solver returned unsat; closed under the trust policy	504604249	collect=583042,pre-reconstruct=3503291,normalize=3398875,monomorphize=41333,instantiate=41750,translate=10731750,solve=486304208	
velvet	crush-verify	1	Velvet/Examples/SubstringSearch.lean|55|8901178409804151575	SubstringSearch_correct	6856589615962544519	verified	not-requested	solver returned unsat; closed under the trust policy	487373625	collect=580125,pre-reconstruct=4420042,normalize=3301875,monomorphize=41458,instantiate=40583,translate=12707292,solve=466282250	
velvet	crush-verify	1	Velvet/Examples/SubstringSearch.lean|56|8890844706151052704	SubstringSearch_correct	16429357329401941578	verified	not-requested	solver returned unsat; closed under the trust policy	2306495876	collect=735375,pre-reconstruct=4460084,normalize=3501833,monomorphize=40667,instantiate=40958,translate=13132417,solve=2284584542	
velvet	crush-verify	1	Velvet/Examples/SubstringSearch.lean|57|8801584380004644131	SubstringSearch_correct	8801584380004644131	selected-fact	not-attempted	closed from a selected Lean fact	490667	collect=490667	
velvet	crush-verify	1	Velvet/Examples/SubstringSearch.lean|58|6640297411548399355	SubstringSearch_correct	6640297411548399355	verified	not-requested	solver returned unsat; closed under the trust policy	471546418	collect=119334,pre-reconstruct=107375,normalize=57833,monomorphize=15459,instantiate=42125,translate=1844875,solve=469359417	
velvet	crush-verify	1	Velvet/Examples/SubstringSearch.lean|59|6640297411548399355	SubstringSearch_correct	6640297411548399355	verified	not-requested	solver returned unsat; closed under the trust policy	470274749	collect=133625,pre-reconstruct=104875,normalize=52958,monomorphize=13125,instantiate=34958,translate=1555208,solve=468380000	
velvet	crush-verify	1	Velvet/Examples/SubstringSearch.lean|60|17707774690084689736	SubstringSearch_correct	17707774690084689736	verified	not-requested	solver returned unsat; closed under the trust policy	479993499	collect=126125,pre-reconstruct=110000,normalize=50250,monomorphize=13833,instantiate=32416,translate=1888500,solve=477772375	
velvet	crush-verify	1	Velvet/Examples/SubstringSearch.lean|61|6640297411548399355	SubstringSearch_correct	6640297411548399355	verified	not-requested	solver returned unsat; closed under the trust policy	476474207	collect=128416,pre-reconstruct=124334,normalize=52791,monomorphize=14125,instantiate=32083,translate=1581166,solve=474541292	
velvet	crush-verify	1	Velvet/Examples/SubstringSearch.lean|62|4974301628068507188	SubstringSearch_correct	4974301628068507188	verified	not-requested	solver returned unsat; closed under the trust policy	497433541	collect=140334,pre-reconstruct=122625,normalize=54333,monomorphize=14166,instantiate=35042,translate=1917291,solve=495149750	
velvet	crush-verify	1	Velvet/Examples/SubstringSearch.lean|63|6640297411548399355	SubstringSearch_correct	6640297411548399355	verified	not-requested	solver returned unsat; closed under the trust policy	525750709	collect=162000,pre-reconstruct=136125,normalize=61292,monomorphize=15792,instantiate=39250,translate=1907375,solve=523428875	
velvet	crush-verify	1	Velvet/Examples/SubstringSearch.lean|64|6640297411548399355	SubstringSearch_correct	6640297411548399355	verified	not-requested	solver returned unsat; closed under the trust policy	491532542	collect=126917,pre-reconstruct=107292,normalize=52500,monomorphize=13750,instantiate=33583,translate=1542208,solve=489656292	
velvet	crush-verify	1	Velvet/Examples/SubstringSearch.lean|65|577474350103851300	SubstringSearch_correct	2623082850227027838	verified	not-requested	solver returned unsat; closed under the trust policy	481823125	collect=153125,pre-reconstruct=1410125,normalize=93834,monomorphize=15166,instantiate=34750,translate=3016000,solve=477100125	
velvet	crush-verify	1	Velvet/Examples/SubstringSearch.lean|66|12819951545662893426	SubstringSearch_correct	13993715444541763638	verified	not-requested	solver returned unsat; closed under the trust policy	481655084	collect=439583,pre-reconstruct=3333209,normalize=1459375,monomorphize=17625,instantiate=47667,translate=4524667,solve=471832958	
velvet	crush-verify	1	Velvet/Examples/SubstringSearch.lean|67|16471188947338966842	SubstringSearch_correct	174702952739697047	verified	not-requested	solver returned unsat; closed under the trust policy	467557625	collect=142708,pre-reconstruct=1764542,normalize=99417,monomorphize=19792,instantiate=39333,translate=3011458,solve=462480375	
velvet	crush-verify	1	Velvet/Examples/SubstringSearch.lean|68|9975741777879173881	SubstringSearch_correct	11118364135432655742	verified	not-requested	solver returned unsat; closed under the trust policy	464883917	collect=155583,pre-reconstruct=2307917,normalize=136708,monomorphize=15250,instantiate=35875,translate=3331875,solve=458900709	
velvet	crush-verify	1	Velvet/Examples/SubstringSearch.lean|69|88332911118243609	SubstringSearch_correct	8191945800170699187	verified	not-requested	solver returned unsat; closed under the trust policy	476883542	collect=235875,pre-reconstruct=2763666,normalize=171042,monomorphize=21542,instantiate=37667,translate=4440459,solve=469213291	
velvet	crush-verify	1	Velvet/Examples/SubstringSearch.lean|70|4316548289593557355	SubstringSearch_correct	174702952739697047	verified	not-requested	solver returned unsat; closed under the trust policy	491457583	collect=763041,pre-reconstruct=4021375,normalize=3723500,monomorphize=45625,instantiate=47917,translate=13161500,solve=469694625	
velvet	crush-verify	1	Velvet/Examples/SubstringSearch.lean|71|1800578837535211584	SubstringSearch_correct	16427404187394994162	unknown	not-attempted	solver exited without a verdict: cvc5 interrupted by timeout.	5494698751	collect=614250,pre-reconstruct=5407334,normalize=4307792,monomorphize=46041,instantiate=40917,translate=13027417,solve=5471255000	
velvet	crush-verify	1	Velvet/Examples/SubstringSearch.lean|72|10230862668540398183	SubstringSearch_correct	17040693118540766639	verified	not-requested	solver returned unsat; closed under the trust policy	498504167	collect=660542,pre-reconstruct=2988333,normalize=3898917,monomorphize=44500,instantiate=46000,translate=13403083,solve=477462792	
velvet	crush-verify	1	Velvet/Examples/SubstringSearch.lean|73|16982021311738439252	SubstringSearch_correct	10055357480764853091	verified	not-requested	solver returned unsat; closed under the trust policy	482162916	collect=613875,pre-reconstruct=739000,normalize=3207542,monomorphize=40833,instantiate=40125,translate=11681750,solve=465839791	
velvet	crush-verify	1	Velvet/Examples/SumOfDigits.lean|1|4887343456502517186	SumOfDigits_correct	4887343456502517186	verified	not-requested	solver returned unsat; closed under the trust policy	534425124	collect=1307125,pre-reconstruct=4227000,normalize=1895333,monomorphize=112708,instantiate=31314917,translate=8122166,solve=487445875	
velvet	crush-verify	1	Velvet/Examples/SumOfDigits.lean|2|5431800701729144158	SumOfDigits_correct	5431800701729144158	verified	not-requested	solver returned unsat; closed under the trust policy	532249709	collect=366000,pre-reconstruct=298000,normalize=1231416,monomorphize=18042,instantiate=18017542,translate=3302167,solve=509016542	
velvet	crush-verify	1	Velvet/Examples/SumOfDigits.lean|5|7475080825861972690	SumOfDigits_correct	7475080825861972690	verified	not-requested	solver returned unsat; closed under the trust policy	514602834	collect=378667,pre-reconstruct=467708,normalize=1300542,monomorphize=20459,instantiate=17471833,translate=2985125,solve=491978500	
velvet	crush-verify	1	Velvet/Examples/SumOfDigits.lean|6|15970435702129902192	SumOfDigits_correct	15970435702129902192	verified	not-requested	solver returned unsat; closed under the trust policy	511233501	collect=340458,pre-reconstruct=874625,normalize=1028292,monomorphize=18000,instantiate=10618167,translate=2238959,solve=496115000	
velvet	crush-verify	1	Velvet/Examples/SumOfDigits.lean|7|6640297411548399355	SumOfDigits_correct	6640297411548399355	verified	not-requested	solver returned unsat; closed under the trust policy	475413833	collect=360250,pre-reconstruct=117541,normalize=999084,monomorphize=18625,instantiate=4110875,translate=1668500,solve=468138958	
velvet	crush-verify	1	Velvet/Examples/SumOfDigits.lean|8|3871074223281074707	SumOfDigits_correct	3871074223281074707	verified	not-requested	solver returned unsat; closed under the trust policy	496561125	collect=396125,pre-reconstruct=392625,normalize=1094750,monomorphize=18917,instantiate=18219542,translate=3267208,solve=473171958	
velvet	crush-verify	1	Velvet/Examples/TestLoopControl.lean|1|4791612905070682933	test1_correct	4791612905070682933	verified	not-requested	solver returned unsat; closed under the trust policy	504695958	collect=2610583,pre-reconstruct=3706583,normalize=2108625,monomorphize=107667,instantiate=276500,translate=5968625,solve=489917375	
velvet	crush-verify	1	Velvet/Examples/TestLoopControl.lean|2|4635955882467741603	test1_correct	4635955882467741603	verified	not-requested	solver returned unsat; closed under the trust policy	489536250	collect=372417,pre-reconstruct=2412458,normalize=1786291,monomorphize=17917,instantiate=40209,translate=1742958,solve=483164000	
velvet	crush-verify	1	Velvet/Examples/TestLoopControl.lean|3|4791612905070682933	test1_correct	4791612905070682933	verified	not-requested	solver returned unsat; closed under the trust policy	509249418	collect=353292,pre-reconstruct=2121667,normalize=1500750,monomorphize=17125,instantiate=36500,translate=1706500,solve=503513584	
velvet	crush-verify	1	Velvet/Examples/TestLoopControl.lean|5|4982008840348523404	test1_correct	4982008840348523404	verified	not-requested	solver returned unsat; closed under the trust policy	505260792	collect=314000,pre-reconstruct=671916,normalize=851833,monomorphize=16375,instantiate=34584,translate=1314042,solve=502058042	
velvet	crush-verify	1	Velvet/Examples/TestLoopControl.lean|6|14929476196725773389	test1_correct	14929476196725773389	verified	not-requested	solver returned unsat; closed under the trust policy	499595124	collect=315375,pre-reconstruct=1096041,normalize=750375,monomorphize=19500,instantiate=39000,translate=1116250,solve=496258583	
velvet	crush-verify	1	Velvet/Examples/TestLoopControl.lean|7|2311107858308393802	test1_correct	2311107858308393802	verified	not-requested	solver returned unsat; closed under the trust policy	498962751	collect=354042,pre-reconstruct=185959,normalize=942875,monomorphize=17041,instantiate=42667,translate=1556167,solve=495864000	
velvet	crush-verify	1	Velvet/Examples/TestLoopControl.lean|9|4791612905070682933	test2_correct	4791612905070682933	verified	not-requested	solver returned unsat; closed under the trust policy	496289083	collect=866625,pre-reconstruct=2129083,normalize=1426125,monomorphize=17291,instantiate=38875,translate=2169709,solve=489641375	
velvet	crush-verify	1	Velvet/Examples/TestLoopControl.lean|11|817407402121334710	test2_correct	817407402121334710	verified	not-requested	solver returned unsat; closed under the trust policy	480557125	collect=351333,pre-reconstruct=589750,normalize=911292,monomorphize=16917,instantiate=40083,translate=1372500,solve=477275250	
velvet	crush-verify	1	Velvet/Examples/TestLoopControl.lean|12|14929476196725773389	test2_correct	14929476196725773389	verified	not-requested	solver returned unsat; closed under the trust policy	480996581	collect=323667,pre-reconstruct=828916,normalize=635208,monomorphize=16083,instantiate=37708,translate=1039666,solve=478115333	
velvet	crush-verify	1	Velvet/Examples/TestLoopControl.lean|13|2311107858308393802	test2_correct	2311107858308393802	verified	not-requested	solver returned unsat; closed under the trust policy	478359584	collect=363167,pre-reconstruct=189875,normalize=1196792,monomorphize=20709,instantiate=50500,translate=1808250,solve=474730291	
velvet	crush-verify	1	Velvet/Examples/TestLoopControl.lean|14|8140981983620881888	sum_even_correct	8140981983620881888	selected-fact	not-attempted	closed from a selected Lean fact	239167	collect=239167	
velvet	crush-verify	1	Velvet/Examples/TestLoopControl.lean|15|13972406881857011341	sum_even_correct	13972406881857011341	verified	not-requested	solver returned unsat; closed under the trust policy	1057912959	collect=200583,pre-reconstruct=6436958,normalize=882625,monomorphize=42834,instantiate=540724292,translate=22449375,solve=487176292	
velvet	crush-verify	1	Velvet/Examples/TestLoopControl.lean|16|8140981983620881888	sum_even_correct	8140981983620881888	selected-fact	not-attempted	closed from a selected Lean fact	302667	collect=302667	
velvet	crush-verify	1	Velvet/Examples/TestLoopControl.lean|17|2763434902891560151	sum_even_correct	2763434902891560151	verified	not-requested	solver returned unsat; closed under the trust policy	1049755750	collect=216000,pre-reconstruct=6311375,normalize=1292834,monomorphize=37625,instantiate=531382583,translate=20005000,solve=490510333	
velvet	crush-verify	1	Velvet/Examples/TestLoopControl.lean|20|12910903814107581038	sum_even_correct	12910903814107581038	verified	not-requested	solver returned unsat; closed under the trust policy	819993167	collect=235167,pre-reconstruct=2921875,normalize=355333,monomorphize=26875,instantiate=323325625,translate=18881375,solve=474246917	
velvet	crush-verify	1	Velvet/Examples/TestLoopControl.lean|21|8811351339800985865	sum_even_correct	8811351339800985865	verified	not-requested	solver returned unsat; closed under the trust policy	490705083	collect=202625,pre-reconstruct=113833,normalize=212042,monomorphize=16833,instantiate=1649625,translate=7493167,solve=481016958	
velvet	crush-verify	1	Velvet/Examples/TestMatch.lean|6|12313593517213863317	test3_correct	12313593517213863317	verified	not-requested	solver returned unsat; closed under the trust policy	481186416	collect=2132750,pre-reconstruct=627292,normalize=1171875,monomorphize=100291,instantiate=227416,translate=4845708,solve=472081084	
velvet	crush-verify	1	Velvet/Examples/TestMatch.lean|7|5915416142655103160	test3_correct	5915416142655103160	verified	not-requested	solver returned unsat; closed under the trust policy	500218499	collect=334500,pre-reconstruct=1072458,normalize=756084,monomorphize=19875,instantiate=36333,translate=1938458,solve=496060791	
velvet	crush-verify	1	Velvet/Examples/Total_Partial_example.lean|1|1993702872115081742	insertionSort_part_correct	14354530589729947841	verified	not-requested	solver returned unsat; closed under the trust policy	559148333	collect=650375,pre-reconstruct=667833,normalize=298958,monomorphize=6360666,instantiate=48743875,translate=17839709,solve=484586917	
velvet	crush-verify	1	Velvet/Examples/Total_Partial_example.lean|3|1066791641437412485	insertionSort_part_correct	1066791641437412485	verified	not-requested	solver returned unsat; closed under the trust policy	599590959	collect=406125,pre-reconstruct=3696417,normalize=2910667,monomorphize=11177708,instantiate=73562334,translate=19054208,solve=488783500	
velvet	crush-verify	1	Velvet/Examples/Total_Partial_example.lean|4|8472930623785656869	insertionSort_part_correct	18353889382475767599	verified	not-requested	solver returned unsat; closed under the trust policy	4801630542	collect=323541,pre-reconstruct=813843250,normalize=3311959,monomorphize=30324125,instantiate=223736459,translate=60416083,solve=3669675125	
velvet	crush-verify	1	Velvet/Examples/Total_Partial_example.lean|5|2816846931760221370	insertionSort_part_correct	2816846931760221370	verified	not-requested	solver returned unsat; closed under the trust policy	612553624	collect=289291,pre-reconstruct=8535166,normalize=2836584,monomorphize=14362500,instantiate=77561917,translate=20270541,solve=488697625	
velvet	crush-verify	1	Velvet/Examples/Total_Partial_example.lean|7|1066791641437412485	insertionSort_part_correct	1066791641437412485	verified	not-requested	solver returned unsat; closed under the trust policy	592139334	collect=319375,pre-reconstruct=2853458,normalize=2528917,monomorphize=11538000,instantiate=75428667,translate=18492417,solve=480978500	
velvet	crush-verify	1	Velvet/Examples/Total_Partial_example.lean|8|14825588553610653054	insertionSort_part_correct	13858382852922432078	unknown	not-attempted	solver exited without a verdict: cvc5 interrupted by timeout.	11362933417	collect=316417,pre-reconstruct=11572875,normalize=2874333,monomorphize=12848667,instantiate=264430833,translate=51808166,solve=5487116042,translate-fallback=54798042,solve-fallback=5477168042	
velvet	crush-verify	1	Velvet/Examples/Total_Partial_example.lean|12|16465886849738339639	insertionSort_part_correct	13858382852922432078	verified	not-requested	solver returned unsat; closed under the trust policy	666285458	collect=303000,pre-reconstruct=11357667,normalize=2729458,monomorphize=11017083,instantiate=52069583,translate=17110209,solve=571698458	
velvet	crush-verify	1	Velvet/Examples/Total_Partial_example.lean|14|5918835836158453730	insertionSort_part_correct	5918835836158453730	selected-fact	not-attempted	closed from a selected Lean fact	264458	collect=264458	
velvet	crush-verify	1	Velvet/Examples/Total_Partial_example.lean|16|12155028420956038391	insertionSort_part_correct	12155028420956038391	verified	not-requested	solver returned unsat; closed under the trust policy	491476708	collect=170709,pre-reconstruct=955333,normalize=1317667,monomorphize=6624792,instantiate=1401916,translate=7158500,solve=473847791	
velvet	crush-verify	1	Velvet/Examples/Total_Partial_example.lean|17|14852526092468225565	insertionSort_part_correct	139088297960392149	verified	not-requested	solver returned unsat; closed under the trust policy	647714959	collect=269583,pre-reconstruct=513334,normalize=1761625,monomorphize=8692417,instantiate=50531625,translate=15819625,solve=570126750	
velvet	crush-verify	1	Velvet/Examples/Total_Partial_example.lean|20|4477598582358312981	insertionSort_part_correct	4477598582358312981	verified	not-requested	solver returned unsat; closed under the trust policy	502116333	collect=331833,pre-reconstruct=2556750,normalize=2462791,monomorphize=10705750,instantiate=1991500,translate=10625042,solve=473442667	
velvet	crush-verify	1	Velvet/Examples/Total_Partial_example.lean|21|7903702650473013145	insertionSort_part_correct	17272444315034915638	verified	not-requested	solver returned unsat; closed under the trust policy	723194958	collect=333666,pre-reconstruct=23417875,normalize=2900291,monomorphize=13331792,instantiate=56998375,translate=44312459,solve=581900500	
velvet	crush-verify	1	Velvet/Examples/Total_Partial_example.lean|25|11248877774576345437	insertionSort_part_correct	139088297960392149	verified	not-requested	solver returned unsat; closed under the trust policy	671293875	collect=274792,pre-reconstruct=494041,normalize=1544917,monomorphize=9389083,instantiate=55337125,translate=16644417,solve=587609500	
velvet	crush-verify	1	Velvet/Examples/Total_Partial_example.lean|27|6709257883257101731	insertionSort_part_correct	6709257883257101731	selected-fact	not-attempted	closed from a selected Lean fact	243209	collect=243209	
velvet	crush-verify	1	Velvet/Examples/Total_Partial_example.lean|28|16576486626369642801	insertionSort_part_correct	16576486626369642801	verified	not-requested	solver returned unsat; closed under the trust policy	479697042	collect=110875,pre-reconstruct=119000,normalize=105834,monomorphize=3081750,instantiate=848958,translate=4730042,solve=470700583	
velvet	crush-verify	1	Velvet/Examples/Total_Partial_example.lean|29|11235314628722112900	insertionSort_part_correct	14354530589729947841	verified	not-requested	solver returned unsat; closed under the trust policy	548379291	collect=199708,pre-reconstruct=142000,normalize=148083,monomorphize=6051250,instantiate=55856417,translate=12932208,solve=473049625	
velvet	crush-verify	1	Velvet/Examples/Total_Partial_example.lean|31|18214290959922115111	insertionSort_part_correct	17272444315034915638	verified	not-requested	solver returned unsat; closed under the trust policy	684677207	collect=317000,pre-reconstruct=12336292,normalize=2354458,monomorphize=9681708,instantiate=59122250,translate=17535791,solve=583329708	
velvet	crush-verify	1	Velvet/Examples/Total_Partial_example.lean|33|11568103068982921353	insertionSort_termination_correct	11568103068982921353	verified	not-requested	solver returned unsat; closed under the trust policy	574373793	collect=237792,pre-reconstruct=189875,normalize=1743542,monomorphize=7003334,instantiate=78345958,translate=15614167,solve=471239125	
velvet	crush-verify	1	Velvet/Examples/Total_Partial_example.lean|35|11568103068982921353	insertionSort_termination_correct	11568103068982921353	verified	not-requested	solver returned unsat; closed under the trust policy	582016002	collect=239667,pre-reconstruct=137917,normalize=1427792,monomorphize=6548209,instantiate=75900459,translate=15987333,solve=481774625	
velvet	crush-verify	1	Velvet/Examples/Total_Partial_example.lean|37|5918835836158453730	insertionSort_termination_correct	5918835836158453730	selected-fact	not-attempted	closed from a selected Lean fact	223125	collect=223125	
velvet	crush-verify	1	Velvet/Examples/Total_Partial_example.lean|40|4477598582358312981	insertionSort_termination_correct	4477598582358312981	verified	not-requested	solver returned unsat; closed under the trust policy	492759417	collect=198292,pre-reconstruct=131625,normalize=1382375,monomorphize=4890959,instantiate=1341125,translate=8179333,solve=476635708	
velvet	crush-verify	1	Velvet/Examples/Total_Partial_example.lean|41|18088860687919872176	insertionSort_termination_correct	18088860687919872176	verified	not-requested	solver returned unsat; closed under the trust policy	501010543	collect=251334,pre-reconstruct=139084,normalize=1435458,monomorphize=5745167,instantiate=1462833,translate=7544917,solve=484431750	
velvet	crush-verify	1	Velvet/Examples/Total_Partial_example.lean|44|6709257883257101731	insertionSort_termination_correct	6709257883257101731	selected-fact	not-attempted	closed from a selected Lean fact	218958	collect=218958	
velvet	crush-verify	1	Velvet/Examples/Total_Partial_example.lean|45|16576486626369642801	insertionSort_termination_correct	16576486626369642801	verified	not-requested	solver returned unsat; closed under the trust policy	506592458	collect=125416,pre-reconstruct=107792,normalize=116750,monomorphize=2766584,instantiate=775375,translate=4528083,solve=498172458	
velvet	crush-alethe	1	Velvet/Examples/EncodeDecodeStr.lean|1|4325354716326072573	decodeStr'_correct	4325354716326072573	reconstruction-failed	certificate-error	Proof unsupported by Alethe: contains operator DUMMY_SKOLEM	505650459	collect=4438709,normalize=7159125,monomorphize=136666,instantiate=306417,translate=16568417,solve=476911166,replay=129959	
velvet	crush-alethe	1	Velvet/Examples/EncodeDecodeStr.lean|2|3233717574493770211	decodeStr'_correct	16298341802593511044	unknown	not-attempted	solver exited without a verdict: cvc5 interrupted by timeout.	5487367625	collect=531959,normalize=2341958,monomorphize=26209,instantiate=43417,translate=13497666,solve=5470926416	
velvet	crush-alethe	1	Velvet/Examples/EncodeDecodeStr.lean|3|14557075163885871591	decodeStr'_correct	14557075163885871591	reconstruction-failed	certificate-error	Proof unsupported by Alethe: contains operator DUMMY_SKOLEM	493113209	collect=500500,normalize=1723209,monomorphize=22791,instantiate=36500,translate=7425125,solve=483384417,replay=20667	
velvet	crush-alethe	1	Velvet/Examples/EncodeDecodeStr.lean|5|13851523499043008614	decodeStr'_correct	13851523499043008614	reconstruction-failed	certificate-error	Proof unsupported by Alethe: contains operator DUMMY_SKOLEM	500515167	collect=528000,normalize=1777041,monomorphize=26292,instantiate=39667,translate=7590250,solve=490535208,replay=18709	
velvet	crush-alethe	1	Velvet/Examples/EncodeDecodeStr.lean|6|8816666150414203262	decodeStr'_correct	8816666150414203262	reconstruction-failed	certificate-error	Proof unsupported by Alethe: contains operator DUMMY_SKOLEM	490242957	collect=461208,normalize=1327208,monomorphize=19209,instantiate=34416,translate=4026291,solve=484355708,replay=18917	
velvet	crush-alethe	1	Velvet/Examples/EncodeDecodeStr.lean|7|7432640679462075544	decodeStr'_correct	1656677057252754089	unknown	not-attempted	no reason given	617224084	collect=496917,normalize=3238667,monomorphize=27375,instantiate=48416,translate=6336334,solve=607076375	
velvet	crush-alethe	1	Velvet/Examples/EncodeDecodeStr.lean|8|9639754685172097330	decodeStr'_correct	9639754685172097330	unknown	not-attempted	solver exited without a verdict: cvc5 interrupted by timeout.	5496109957	collect=704500,normalize=1916333,monomorphize=26667,instantiate=40708,translate=8481166,solve=5484940583	
velvet	crush-alethe	1	Velvet/Examples/EncodeDecodeStr.lean|9|10203002127808532242	encodeStr_correct	10203002127808532242	reconstruction-failed	certificate-error	Proof unsupported by Alethe: contains operator DUMMY_SKOLEM	488666292	collect=1465708,normalize=3909000,monomorphize=26292,instantiate=37250,translate=8936084,solve=474269583,replay=22375	
velvet	crush-alethe	1	Velvet/Examples/EncodeDecodeStr.lean|10|15527439877898811686	encodeStr_correct	9685533339980702200	reconstruction-failed	certificate-error	Proof unsupported by Alethe: contains operator DUMMY_SKOLEM	495883585	collect=546250,normalize=4229042,monomorphize=28667,instantiate=38667,translate=10574917,solve=480447500,replay=18542	
velvet	crush-alethe	1	Velvet/Examples/EncodeDecodeStr.lean|11|4253526900314070824	encodeStr_correct	4253526900314070824	reconstruction-failed	certificate-error	Proof unsupported by Alethe: contains operator DUMMY_SKOLEM	494739709	collect=532000,normalize=4649459,monomorphize=35209,instantiate=44667,translate=9336041,solve=480120708,replay=21625	
velvet	crush-alethe	1	Velvet/Examples/EncodeDecodeStr.lean|12|17087698223479619887	encodeStr_correct	9685533339980702200	reconstruction-failed	certificate-error	Proof unsupported by Alethe: contains operator DUMMY_SKOLEM	507499874	collect=553708,normalize=4133541,monomorphize=26916,instantiate=41834,translate=10561834,solve=492162541,replay=19500	
velvet	crush-alethe	1	Velvet/Examples/EncodeDecodeStr.lean|13|13168721855841554394	encodeStr_correct	13168721855841554394	reconstruction-failed	certificate-error	Proof unsupported by Alethe: contains operator DUMMY_SKOLEM	493401040	collect=580958,normalize=5966250,monomorphize=33583,instantiate=45625,translate=9924250,solve=476822916,replay=27458	
velvet	crush-alethe	1	Velvet/Examples/EncodeDecodeStr.lean|14|8050235650381385355	encodeStr_correct	8050235650381385355	reconstruction-failed	certificate-error	Proof unsupported by Alethe: contains operator DUMMY_SKOLEM	490577706	collect=505750,normalize=2092958,monomorphize=23750,instantiate=35833,translate=5379708,solve=482521041,replay=18666	
velvet	crush-alethe	1	Velvet/Examples/EncodeDecodeStr.lean|15|3874562368415809942	encodeStr_correct	9685533339980702200	reconstruction-failed	certificate-error	Proof unsupported by Alethe: contains operator DUMMY_SKOLEM	498377581	collect=511333,normalize=2801208,monomorphize=30416,instantiate=44333,translate=6773417,solve=488197791,replay=19083	
velvet	crush-alethe	1	Velvet/Examples/EncodeDecodeStr.lean|16|16403843650363689650	encodeStr_correct	16403843650363689650	reconstruction-failed	certificate-error	Proof unsupported by Alethe: contains operator DUMMY_SKOLEM	494866456	collect=536666,normalize=4073500,monomorphize=26541,instantiate=39541,translate=8603625,solve=481560458,replay=26125	
velvet	crush-alethe	1	Velvet/Examples/EncodeDecodeStr.lean|17|17528322019345720798	encodeStr_correct	17528322019345720798	unknown	not-attempted	solver exited without a verdict: cvc5 interrupted by timeout.	5491472124	collect=573791,normalize=4786625,monomorphize=32000,instantiate=45792,translate=10721583,solve=5475312333	
velvet	crush-alethe	1	Velvet/Examples/EncodeDecodeStr.lean|18|14846570717984605519	encodeStr_correct	14846570717984605519	reconstruction-failed	certificate-error	Proof unsupported by Alethe: contains operator DUMMY_SKOLEM	506316582	collect=630833,normalize=5420875,monomorphize=35166,instantiate=52458,translate=12659708,solve=487498167,replay=19375	
velvet	crush-alethe	1	Velvet/Examples/EncodeDecodeStr.lean|19|17345521196864181404	encodeStr_correct	17345521196864181404	reconstruction-failed	certificate-error	Proof unsupported by Alethe: contains operator DUMMY_SKOLEM	478117585	collect=560667,normalize=2174709,monomorphize=25792,instantiate=39708,translate=5785708,solve=469510459,replay=20542	
velvet	crush-alethe	1	Velvet/Examples/EncodeDecodeStr.lean|21|16873295595722686018	encodeStr_correct	16873295595722686018	reconstruction-failed	certificate-error	Proof unsupported by Alethe: contains operator DUMMY_SKOLEM	492456875	collect=617750,normalize=2972000,monomorphize=26125,instantiate=39791,translate=6012167,solve=482768959,replay=20083	
velvet	crush-alethe	1	Velvet/Examples/EncodeDecodeStr.lean|22|5769627519083430677	encodeStr_correct	5769627519083430677	reconstruction-failed	certificate-error	Proof unsupported by Alethe: contains operator DUMMY_SKOLEM	483030251	collect=588875,normalize=2079916,monomorphize=24334,instantiate=52250,translate=5328417,solve=474936292,replay=20167	
velvet	crush-alethe	1	Velvet/Examples/EncodeDecodeStr.lean|23|15630242782200619292	encodeStr_correct	15630242782200619292	reconstruction-failed	certificate-error	Proof unsupported by Alethe: contains operator DUMMY_SKOLEM	485679250	collect=143834,normalize=47167,monomorphize=12958,instantiate=41125,translate=1697416,solve=483719208,replay=17542	
velvet	crush-alethe	1	Velvet/Examples/EncodeDecodeStr.lean|25|4098508629850130765	encodeStr_correct	4098508629850130765	unknown	not-attempted	no reason given	485145376	collect=565250,normalize=1408750,monomorphize=15667,instantiate=37834,translate=5071500,solve=478046375	
velvet	crush-alethe	1	Velvet/Examples/EncodeDecodeStr.lean|26|6449688271898666716	encodeStr_correct	6449688271898666716	unknown	not-attempted	solver exited without a verdict: cvc5 interrupted by timeout.	5493387168	collect=734167,normalize=2772959,monomorphize=35584,instantiate=47000,translate=6187875,solve=5483609583	
velvet	crush-alethe	1	Velvet/Examples/EncodeDecodeStr.lean|27|3108445719328028112	encodeStr_correct	3108445719328028112	reconstruction-failed	certificate-error	Proof unsupported by Alethe: contains operator DUMMY_SKOLEM	491605792	collect=600209,normalize=3156583,monomorphize=24916,instantiate=41917,translate=5917292,solve=481841333,replay=23542	
velvet	crush-alethe	1	Velvet/Examples/Examples.lean|2|1066791641437412485	insertionSort_correct	1066791641437412485	reconstruction-failed	certificate-error	Proof unsupported by Alethe: contains operator DUMMY_SKOLEM	603375667	collect=798250,normalize=3767166,monomorphize=13662959,instantiate=80513042,translate=26752917,solve=477751958,replay=129375	
velvet	crush-alethe	1	Velvet/Examples/Examples.lean|3|9866248891257573647	insertionSort_correct	12810594954652992486	reconstruction-failed	certificate-error	Proof unsupported by Alethe: contains operator DUMMY_SKOLEM	4382387291	collect=367167,normalize=2912125,monomorphize=31379125,instantiate=245228333,translate=63883375,solve=4038596708,replay=20458	
velvet	crush-alethe	1	Velvet/Examples/Examples.lean|4|18360837223612973524	insertionSort_correct	18360837223612973524	reconstruction-failed	certificate-error	Proof unsupported by Alethe: contains operator DUMMY_SKOLEM	608925875	collect=299584,normalize=2601208,monomorphize=15271458,instantiate=87304083,translate=23670583,solve=479760334,replay=18625	
velvet	crush-alethe	1	Velvet/Examples/Examples.lean|6|1066791641437412485	insertionSort_correct	1066791641437412485	reconstruction-failed	certificate-error	Proof unsupported by Alethe: contains operator DUMMY_SKOLEM	597060543	collect=422750,normalize=3165958,monomorphize=12357750,instantiate=79960667,translate=20499334,solve=480636084,replay=18000	
velvet	crush-alethe	1	Velvet/Examples/Examples.lean|7|14825588553610653054	insertionSort_correct	13858382852922432078	unknown	not-attempted	solver exited without a verdict: cvc5 interrupted by timeout.	11364452084	collect=368459,normalize=2915750,monomorphize=13641583,instantiate=288449959,translate=55271625,solve=5471871916,translate-fallback=56318375,solve-fallback=5475614417	
velvet	crush-alethe	1	Velvet/Examples/Examples.lean|11|16465886849738339639	insertionSort_correct	13858382852922432078	reconstruction-failed	certificate-error	Proof unsupported by Alethe: contains operator DUMMY_SKOLEM	678447001	collect=348834,normalize=3272708,monomorphize=12452916,instantiate=56719375,translate=20588000,solve=585042709,replay=22459	
velvet	crush-alethe	1	Velvet/Examples/Examples.lean|13|2438232962388206336	insertionSort_correct	2438232962388206336	reconstruction-failed	certificate-error	Proof unsupported by Alethe: contains operator DUMMY_SKOLEM	495244208	collect=283750,normalize=2797500,monomorphize=10175833,instantiate=2167292,translate=10883875,solve=468912250,replay=23708	
velvet	crush-alethe	1	Velvet/Examples/Examples.lean|15|12155028420956038391	insertionSort_correct	12155028420956038391	reconstruction-failed	certificate-error	Proof unsupported by Alethe: contains operator DUMMY_SKOLEM	494281248	collect=242541,normalize=1690167,monomorphize=7172458,instantiate=1428333,translate=7972958,solve=475754625,replay=20166	
velvet	crush-alethe	1	Velvet/Examples/Examples.lean|16|14852526092468225565	insertionSort_correct	139088297960392149	reconstruction-failed	certificate-error	Proof unsupported by Alethe: contains operator DUMMY_SKOLEM	646118542	collect=287166,normalize=1891209,monomorphize=8643333,instantiate=54117417,translate=16283958,solve=564877750,replay=17709	
velvet	crush-alethe	1	Velvet/Examples/Examples.lean|19|12688677688377801211	insertionSort_correct	12688677688377801211	reconstruction-failed	certificate-error	Proof unsupported by Alethe: contains operator DUMMY_SKOLEM	503165043	collect=351709,normalize=2486209,monomorphize=11407041,instantiate=2164792,translate=12007667,solve=474723000,replay=24625	
velvet	crush-alethe	1	Velvet/Examples/Examples.lean|20|7903702650473013145	insertionSort_correct	17272444315034915638	reconstruction-failed	certificate-error	Proof unsupported by Alethe: contains operator DUMMY_SKOLEM	673261459	collect=323042,normalize=3017667,monomorphize=13507166,instantiate=56131292,translate=19178167,solve=581077958,replay=26167	
velvet	crush-alethe	1	Velvet/Examples/Examples.lean|23|5379360585891885096	insertionSort_correct	5379360585891885096	reconstruction-failed	certificate-error	Proof unsupported by Alethe: contains operator DUMMY_SKOLEM	496913293	collect=278667,normalize=1956667,monomorphize=7063833,instantiate=1382167,translate=8955959,solve=477256208,replay=19792	
velvet	crush-alethe	1	Velvet/Examples/Examples.lean|24|11248877774576345437	insertionSort_correct	139088297960392149	reconstruction-failed	certificate-error	Proof unsupported by Alethe: contains operator DUMMY_SKOLEM	666294167	collect=304917,normalize=1836083,monomorphize=9085042,instantiate=56260667,translate=16260333,solve=582526875,replay=20250	
velvet	crush-alethe	1	Velvet/Examples/Examples.lean|26|11532741708565178815	insertionSort_correct	11532741708565178815	reconstruction-failed	certificate-error	Proof unsupported by Alethe: contains operator DUMMY_SKOLEM	495312585	collect=260667,normalize=1680834,monomorphize=7592875,instantiate=1462709,translate=9347250,solve=474948583,replay=19667	
velvet	crush-alethe	1	Velvet/Examples/Examples.lean|27|13894794097547967513	insertionSort_correct	13894794097547967513	reconstruction-failed	certificate-error	Proof unsupported by Alethe: contains operator DUMMY_SKOLEM	488086041	collect=189333,normalize=115166,monomorphize=3013917,instantiate=857667,translate=5123125,solve=478766958,replay=19875	
velvet	crush-alethe	1	Velvet/Examples/Examples.lean|28|11235314628722112900	insertionSort_correct	14354530589729947841	reconstruction-failed	certificate-error	Proof unsupported by Alethe: contains operator DUMMY_SKOLEM	554718916	collect=228125,normalize=144167,monomorphize=5933916,instantiate=56378125,translate=12630708,solve=479381625,replay=22250	
velvet	crush-alethe	1	Velvet/Examples/Examples.lean|30|18214290959922115111	insertionSort_correct	17272444315034915638	reconstruction-failed	certificate-error	Proof unsupported by Alethe: contains operator DUMMY_SKOLEM	658847127	collect=296375,normalize=274084,monomorphize=9225750,instantiate=53583167,translate=16404959,solve=579043792,replay=19000	
velvet	crush-alethe	1	Velvet/Examples/Examples.lean|31|17119794831572106230	sqrt_correct	5307985127850147097	alethe-reconstructed	success	Alethe certificate replay succeeded	646066791	collect=2420750,normalize=887208,monomorphize=18125,instantiate=45000,translate=1368875,solve=478029667,replay=163297166	certificate_commands=25,certificate_assumes=6,certificate_steps=19,certificate_anchors=0,certificate_sexp_nodes=385,certificate_bytes=1596
velvet	crush-alethe	1	Velvet/Examples/Examples.lean|32|16395326812896940336	sqrt_correct	3661544389526892522	alethe-reconstructed	success	Alethe certificate replay succeeded	620299375	collect=739084,normalize=610083,monomorphize=15458,instantiate=34458,translate=1292209,solve=474104416,replay=143503667	certificate_commands=25,certificate_assumes=6,certificate_steps=19,certificate_anchors=0,certificate_sexp_nodes=385,certificate_bytes=1596
velvet	crush-alethe	1	Velvet/Examples/Examples.lean|33|4559485301326837329	sqrt_correct	4559485301326837329	alethe-reconstructed	success	Alethe certificate replay succeeded	533293792	collect=823708,normalize=591709,monomorphize=14625,instantiate=33709,translate=1140916,solve=476701250,replay=53987875	certificate_commands=13,certificate_assumes=4,certificate_steps=9,certificate_anchors=0,certificate_sexp_nodes=187,certificate_bytes=764
velvet	crush-alethe	1	Velvet/Examples/Examples.lean|34|15833581759277421577	sqrt_correct	9636917653559417038	reconstruction-failed	rule-gap	decoded SMT assumption was not derivable from its Lean source fact	734474667	collect=712250,normalize=1054584,monomorphize=24250,instantiate=39875,translate=2176250,solve=591565666,replay=138901792	
velvet	crush-alethe	1	Velvet/Examples/Examples.lean|35|7228731597997214785	sqrt_correct	9636917653559417038	reconstruction-failed	rule-gap	decoded SMT assumption was not derivable from its Lean source fact	661581876	collect=763667,normalize=1014333,monomorphize=27042,instantiate=38958,translate=2246709,solve=542578209,replay=114912958	
velvet	crush-alethe	1	Velvet/Examples/Examples.lean|36|17256355208408803011	sqrt_correct	17256355208408803011	reconstruction-failed	rule-gap	decoded SMT assumption was not derivable from its Lean source fact	593467584	collect=835042,normalize=1116709,monomorphize=34583,instantiate=43708,translate=2032042,solve=475076250,replay=114329250	
velvet	crush-alethe	1	Velvet/Examples/Examples.lean|37|13635698331308129878	sqrt_correct	9636917653559417038	alethe-reconstructed	success	Alethe certificate replay succeeded	584719792	collect=634167,normalize=810041,monomorphize=17833,instantiate=39542,translate=1566250,solve=474238750,replay=107413209	certificate_commands=10,certificate_assumes=6,certificate_steps=4,certificate_anchors=0,certificate_sexp_nodes=122,certificate_bytes=538
velvet	crush-alethe	1	Velvet/Examples/Examples.lean|38|10800841518550636949	sqrt_correct	123143008762622395	reconstruction-failed	rule-gap	decoded SMT assumption was not derivable from its Lean source fact	770226791	collect=622084,normalize=834166,monomorphize=21375,instantiate=34791,translate=2013375,solve=626796917,replay=139904083	
velvet	crush-alethe	1	Velvet/Examples/Examples.lean|39|12457966505053151830	sqrt_correct	3661544389526892522	reconstruction-failed	rule-gap	decoded SMT assumption was not derivable from its Lean source fact	737377290	collect=660416,normalize=922958,monomorphize=23125,instantiate=45083,translate=2114333,solve=600179292,replay=133432083	
velvet	crush-alethe	1	Velvet/Examples/Examples.lean|40|17578352201394481400	sqrt_correct	17578352201394481400	reconstruction-failed	rule-gap	decoded SMT assumption was not derivable from its Lean source fact	770837292	collect=606833,normalize=1294084,monomorphize=30459,instantiate=46958,translate=2149083,solve=625245458,replay=141464417	
velvet	crush-alethe	1	Velvet/Examples/Examples_Total.lean|2|1066791641437412485	insertionSort_total_correct	1066791641437412485	reconstruction-failed	certificate-error	Proof unsupported by Alethe: contains operator DUMMY_SKOLEM	612856750	collect=917292,normalize=3291583,monomorphize=13724417,instantiate=85573667,translate=29099708,solve=480100125,replay=149958	
velvet	crush-alethe	1	Velvet/Examples/Examples_Total.lean|3|9866248891257573647	insertionSort_total_correct	12810594954652992486	reconstruction-failed	certificate-error	Proof unsupported by Alethe: contains operator DUMMY_SKOLEM	4312055458	collect=324417,normalize=2869375,monomorphize=31959667,instantiate=242060375,translate=67319791,solve=3967497166,replay=24667	
velvet	crush-alethe	1	Velvet/Examples/Examples_Total.lean|4|18360837223612973524	insertionSort_total_correct	18360837223612973524	reconstruction-failed	certificate-error	Proof unsupported by Alethe: contains operator DUMMY_SKOLEM	611313043	collect=448125,normalize=3163042,monomorphize=14924334,instantiate=86496250,translate=22744584,solve=483518541,replay=18167	
velvet	crush-alethe	1	Velvet/Examples/Examples_Total.lean|5|11568103068982921353	insertionSort_total_correct	11568103068982921353	reconstruction-failed	certificate-error	Proof unsupported by Alethe: contains operator DUMMY_SKOLEM	589884918	collect=296500,normalize=2401334,monomorphize=11696875,instantiate=78790125,translate=20474417,solve=476207500,replay=18167	
velvet	crush-alethe	1	Velvet/Examples/Examples_Total.lean|7|1066791641437412485	insertionSort_total_correct	1066791641437412485	reconstruction-failed	certificate-error	Proof unsupported by Alethe: contains operator DUMMY_SKOLEM	592550294	collect=291292,normalize=2445959,monomorphize=12094000,instantiate=79869625,translate=20504959,solve=477324042,replay=20417	
velvet	crush-alethe	1	Velvet/Examples/Examples_Total.lean|8|14825588553610653054	insertionSort_total_correct	13858382852922432078	unknown	not-attempted	solver exited without a verdict: cvc5 interrupted by timeout.	11380310417	collect=466709,normalize=2861250,monomorphize=13812458,instantiate=295256792,translate=56140833,solve=5483803375,translate-fallback=58059458,solve-fallback=5469909542	
velvet	crush-alethe	1	Velvet/Examples/Examples_Total.lean|10|11568103068982921353	insertionSort_total_correct	11568103068982921353	reconstruction-failed	certificate-error	Proof unsupported by Alethe: contains operator DUMMY_SKOLEM	621230874	collect=292250,normalize=2884791,monomorphize=11919125,instantiate=84124875,translate=22238083,solve=499751208,replay=20542	
velvet	crush-alethe	1	Velvet/Examples/Examples_Total.lean|13|16465886849738339639	insertionSort_total_correct	13858382852922432078	reconstruction-failed	certificate-error	Proof unsupported by Alethe: contains operator DUMMY_SKOLEM	673323791	collect=365750,normalize=3019042,monomorphize=11896291,instantiate=57073833,translate=20161500,solve=580788750,replay=18625	
velvet	crush-alethe	1	Velvet/Examples/Examples_Total.lean|15|5918835836158453730	insertionSort_total_correct	5918835836158453730	reconstruction-failed	certificate-error	Proof unsupported by Alethe: contains operator DUMMY_SKOLEM	501786126	collect=293125,normalize=2707375,monomorphize=9969250,instantiate=2088417,translate=11042542,solve=475665750,replay=19667	
velvet	crush-alethe	1	Velvet/Examples/Examples_Total.lean|17|12155028420956038391	insertionSort_total_correct	12155028420956038391	reconstruction-failed	certificate-error	Proof unsupported by Alethe: contains operator DUMMY_SKOLEM	485686917	collect=238292,normalize=1367000,monomorphize=6592583,instantiate=1407333,translate=7575875,solve=468484084,replay=21750	
velvet	crush-alethe	1	Velvet/Examples/Examples_Total.lean|18|14852526092468225565	insertionSort_total_correct	139088297960392149	reconstruction-failed	certificate-error	Proof unsupported by Alethe: contains operator DUMMY_SKOLEM	656974708	collect=295167,normalize=1718375,monomorphize=8954625,instantiate=55897583,translate=15830583,solve=574259500,replay=18875	
velvet	crush-alethe	1	Velvet/Examples/Examples_Total.lean|21|12688677688377801211	insertionSort_total_correct	12688677688377801211	reconstruction-failed	certificate-error	Proof unsupported by Alethe: contains operator DUMMY_SKOLEM	513058002	collect=335792,normalize=2673167,monomorphize=11902750,instantiate=2183334,translate=11653667,solve=484284042,replay=25250	
velvet	crush-alethe	1	Velvet/Examples/Examples_Total.lean|22|7903702650473013145	insertionSort_total_correct	17272444315034915638	reconstruction-failed	certificate-error	Proof unsupported by Alethe: contains operator DUMMY_SKOLEM	685549876	collect=333792,normalize=3251834,monomorphize=14055208,instantiate=54514625,translate=20861250,solve=592513250,replay=19917	
velvet	crush-alethe	1	Velvet/Examples/Examples_Total.lean|24|18088860687919872176	insertionSort_total_correct	18088860687919872176	reconstruction-failed	certificate-error	Proof unsupported by Alethe: contains operator DUMMY_SKOLEM	514572668	collect=419416,normalize=2979584,monomorphize=11363209,instantiate=2042958,translate=12826375,solve=484920792,replay=20334	
velvet	crush-alethe	1	Velvet/Examples/Examples_Total.lean|26|5379360585891885096	insertionSort_total_correct	5379360585891885096	reconstruction-failed	certificate-error	Proof unsupported by Alethe: contains operator DUMMY_SKOLEM	496781001	collect=278084,normalize=1504667,monomorphize=7426875,instantiate=1437542,translate=9027541,solve=477087000,replay=19292	
velvet	crush-alethe	1	Velvet/Examples/Examples_Total.lean|27|11248877774576345437	insertionSort_total_correct	139088297960392149	reconstruction-failed	certificate-error	Proof unsupported by Alethe: contains operator DUMMY_SKOLEM	662178500	collect=351375,normalize=1628083,monomorphize=8733708,instantiate=56801209,translate=15887459,solve=578756583,replay=20083	
velvet	crush-alethe	1	Velvet/Examples/Examples_Total.lean|29|6709257883257101731	insertionSort_total_correct	6709257883257101731	reconstruction-failed	certificate-error	Proof unsupported by Alethe: contains operator DUMMY_SKOLEM	495583792	collect=252959,normalize=1580958,monomorphize=7469125,instantiate=1358000,translate=8512834,solve=476390000,replay=19916	
velvet	crush-alethe	1	Velvet/Examples/Examples_Total.lean|30|13894794097547967513	insertionSort_total_correct	13894794097547967513	reconstruction-failed	certificate-error	Proof unsupported by Alethe: contains operator DUMMY_SKOLEM	482480457	collect=183916,normalize=136375,monomorphize=3226875,instantiate=820958,translate=4695875,solve=473392667,replay=23791	
velvet	crush-alethe	1	Velvet/Examples/Examples_Total.lean|31|11235314628722112900	insertionSort_total_correct	14354530589729947841	reconstruction-failed	certificate-error	Proof unsupported by Alethe: contains operator DUMMY_SKOLEM	553977501	collect=211334,normalize=145667,monomorphize=5715375,instantiate=57303250,translate=13513916,solve=477068792,replay=19167	
velvet	crush-alethe	1	Velvet/Examples/Examples_Total.lean|33|18214290959922115111	insertionSort_total_correct	17272444315034915638	reconstruction-failed	certificate-error	Proof unsupported by Alethe: contains operator DUMMY_SKOLEM	661651500	collect=320959,normalize=1841291,monomorphize=9458917,instantiate=56137583,translate=17089292,solve=576781000,replay=22458	
velvet	crush-alethe	1	Velvet/Examples/Examples_Total.lean|34|17119794831572106230	sqrt_total_correct	5307985127850147097	reconstruction-failed	certificate-error	Proof unsupported by Alethe: contains operator DUMMY_SKOLEM	502203417	collect=186584,normalize=115542,monomorphize=1081208,instantiate=102917,translate=4786291,solve=495909209,replay=21666	
velvet	crush-alethe	1	Velvet/Examples/Examples_Total.lean|35|16395326812896940336	sqrt_total_correct	3661544389526892522	reconstruction-failed	certificate-error	Proof unsupported by Alethe: contains operator DUMMY_SKOLEM	500312083	collect=192125,normalize=129584,monomorphize=1130083,instantiate=102666,translate=5663250,solve=493075292,replay=19083	
velvet	crush-alethe	1	Velvet/Examples/Examples_Total.lean|36|4559485301326837329	sqrt_total_correct	4559485301326837329	reconstruction-failed	certificate-error	Proof unsupported by Alethe: contains operator DUMMY_SKOLEM	506566418	collect=174792,normalize=118583,monomorphize=1220084,instantiate=119167,translate=6507959,solve=498406625,replay=19208	
velvet	crush-alethe	1	Velvet/Examples/Examples_Total.lean|37|15833581759277421577	sqrt_total_correct	9636917653559417038	reconstruction-failed	certificate-error	Proof unsupported by Alethe: contains operator DUMMY_SKOLEM	578992958	collect=202208,normalize=145583,monomorphize=1976042,instantiate=94667,translate=6560458,solve=569974333,replay=39667	
velvet	crush-alethe	1	Velvet/Examples/Examples_Total.lean|38|17892696244691966181	sqrt_total_correct	17892696244691966181	reconstruction-failed	certificate-error	Proof unsupported by Alethe: contains operator DUMMY_SKOLEM	530154084	collect=199042,normalize=164125,monomorphize=2854750,instantiate=101583,translate=5571084,solve=521240792,replay=22708	
velvet	crush-alethe	1	Velvet/Examples/Examples_Total.lean|39|7228731597997214785	sqrt_total_correct	9636917653559417038	reconstruction-failed	certificate-error	Proof unsupported by Alethe: contains operator DUMMY_SKOLEM	553714583	collect=228167,normalize=147167,monomorphize=1645916,instantiate=102000,translate=5243583,solve=546324792,replay=22958	
velvet	crush-alethe	1	Velvet/Examples/Examples_Total.lean|40|13073343856082995605	sqrt_total_correct	13073343856082995605	reconstruction-failed	certificate-error	Proof unsupported by Alethe: contains operator DUMMY_SKOLEM	488548292	collect=213500,normalize=133208,monomorphize=1554916,instantiate=110584,translate=6066125,solve=480450209,replay=19750	
velvet	crush-alethe	1	Velvet/Examples/Examples_Total.lean|41|13635698331308129878	sqrt_total_correct	9636917653559417038	reconstruction-failed	certificate-error	Proof unsupported by Alethe: contains operator DUMMY_SKOLEM	486537249	collect=201250,normalize=126667,monomorphize=1175333,instantiate=111916,translate=5019250,solve=479882042,replay=20791	
velvet	crush-alethe	1	Velvet/Examples/Examples_Total.lean|42|10800841518550636949	sqrt_total_correct	123143008762622395	reconstruction-failed	certificate-error	Proof unsupported by Alethe: contains operator DUMMY_SKOLEM	517721374	collect=201625,normalize=146833,monomorphize=2033209,instantiate=117666,translate=6422875,solve=508779083,replay=20083	
velvet	crush-alethe	1	Velvet/Examples/Examples_Total.lean|43|12457966505053151830	sqrt_total_correct	3661544389526892522	reconstruction-failed	certificate-error	Proof unsupported by Alethe: contains operator DUMMY_SKOLEM	561278625	collect=204583,normalize=144708,monomorphize=2217167,instantiate=153792,translate=5938500,solve=552597208,replay=22667	
velvet	crush-alethe	1	Velvet/Examples/Examples_Total.lean|44|17578352201394481400	sqrt_total_correct	17578352201394481400	reconstruction-failed	certificate-error	Proof unsupported by Alethe: contains operator DUMMY_SKOLEM	517520377	collect=183250,normalize=145875,monomorphize=2420042,instantiate=132042,translate=6326459,solve=508292292,replay=20417	
velvet	crush-alethe	1	Velvet/Examples/Examples_Total.lean|45|628191952620585962	cbrt_correct	5307985127850147097	reconstruction-failed	certificate-error	Proof unsupported by Alethe: contains operator DUMMY_SKOLEM	498482750	collect=212208,normalize=126333,monomorphize=1174917,instantiate=101583,translate=4862209,solve=491983792,replay=21708	
velvet	crush-alethe	1	Velvet/Examples/Examples_Total.lean|46|5408980950461060684	cbrt_correct	6765116615704103050	reconstruction-failed	certificate-error	Proof unsupported by Alethe: contains operator DUMMY_SKOLEM	505314706	collect=198541,normalize=130333,monomorphize=1207958,instantiate=109208,translate=5389458,solve=498255708,replay=23500	
velvet	crush-alethe	1	Velvet/Examples/Examples_Total.lean|47|17796805544787031687	cbrt_correct	17796805544787031687	reconstruction-failed	certificate-error	Proof unsupported by Alethe: contains operator DUMMY_SKOLEM	490373832	collect=177333,normalize=137000,monomorphize=1162333,instantiate=113583,translate=5903833,solve=482859042,replay=20708	
velvet	crush-alethe	1	Velvet/Examples/Examples_Total.lean|48|12597585967811959528	cbrt_correct	6259749615389096762	reconstruction-failed	certificate-error	Proof unsupported by Alethe: contains operator DUMMY_SKOLEM	545213209	collect=246208,normalize=181125,monomorphize=2740959,instantiate=110709,translate=7124416,solve=534790500,replay=19292	
velvet	crush-alethe	1	Velvet/Examples/Examples_Total.lean|49|17892696244691966181	cbrt_correct	17892696244691966181	reconstruction-failed	certificate-error	Proof unsupported by Alethe: contains operator DUMMY_SKOLEM	529769166	collect=201917,normalize=175083,monomorphize=2838708,instantiate=121208,translate=6499500,solve=519903458,replay=29292	
velvet	crush-alethe	1	Velvet/Examples/Examples_Total.lean|50|11504389341422214604	cbrt_correct	6259749615389096762	unknown	not-attempted	solver exited without a verdict: cvc5 interrupted by timeout.	5489421041	collect=196875,normalize=151375,monomorphize=2116292,instantiate=138958,translate=5998250,solve=5480819291	
velvet	crush-alethe	1	Velvet/Examples/Examples_Total.lean|51|1828175149019549874	cbrt_correct	1828175149019549874	reconstruction-failed	certificate-error	Proof unsupported by Alethe: contains operator DUMMY_SKOLEM	490867373	collect=247625,normalize=171750,monomorphize=2212750,instantiate=134958,translate=6767291,solve=481314083,replay=18916	
velvet	crush-alethe	1	Velvet/Examples/Examples_Total.lean|52|8027176826117333927	cbrt_correct	6259749615389096762	reconstruction-failed	certificate-error	Proof unsupported by Alethe: contains operator DUMMY_SKOLEM	488601083	collect=174375,normalize=122375,monomorphize=1213958,instantiate=94167,translate=5119375,solve=481816250,replay=60583	
velvet	crush-alethe	1	Velvet/Examples/Examples_Total.lean|53|8642365996124661698	cbrt_correct	123143008762622395	reconstruction-failed	certificate-error	Proof unsupported by Alethe: contains operator DUMMY_SKOLEM	532209792	collect=216375,normalize=175625,monomorphize=2544334,instantiate=100500,translate=6529750,solve=522616125,replay=27083	
velvet	crush-alethe	1	Velvet/Examples/Examples_Total.lean|54|1031468476226669362	cbrt_correct	6765116615704103050	reconstruction-failed	certificate-error	Proof unsupported by Alethe: contains operator DUMMY_SKOLEM	774091667	collect=213917,normalize=164791,monomorphize=2460292,instantiate=105333,translate=6237417,solve=764883209,replay=26708	
velvet	crush-alethe	1	Velvet/Examples/Examples_Total.lean|55|9859620190106577091	cbrt_correct	9859620190106577091	reconstruction-failed	certificate-error	Proof unsupported by Alethe: contains operator DUMMY_SKOLEM	621391168	collect=226500,normalize=184625,monomorphize=2860584,instantiate=129667,translate=7496458,solve=610464542,replay=28792	
velvet	crush-alethe	1	Velvet/Examples/Examples_Total.lean|58|17809363630590163151	sqrt_bn_correct	3661544389526892522	reconstruction-failed	certificate-error	Proof unsupported by Alethe: contains operator DUMMY_SKOLEM	545154625	collect=244042,normalize=196416,monomorphize=4439042,instantiate=107625,translate=6594291,solve=533553542,replay=19667	
velvet	crush-alethe	1	Velvet/Examples/Examples_Total.lean|59|3756677303263535492	sqrt_bn_correct	3756677303263535492	reconstruction-failed	certificate-error	Proof unsupported by Alethe: contains operator DUMMY_SKOLEM	503482167	collect=241375,normalize=195417,monomorphize=4425500,instantiate=140833,translate=7396167,solve=491064750,replay=18125	
velvet	crush-alethe	1	Velvet/Examples/Examples_Total.lean|61|845228717509319176	sqrt_bn_correct	845228717509319176	reconstruction-failed	certificate-error	Proof unsupported by Alethe: contains operator DUMMY_SKOLEM	493479625	collect=264167,normalize=224292,monomorphize=4655375,instantiate=108083,translate=7220833,solve=480973500,replay=33375	
velvet	crush-alethe	1	Velvet/Examples/Examples_Total.lean|62|14080923781397173690	sqrt_bn_correct	3661544389526892522	reconstruction-failed	certificate-error	Proof unsupported by Alethe: contains operator DUMMY_SKOLEM	537758709	collect=266208,normalize=187959,monomorphize=3834000,instantiate=115334,translate=6957625,solve=526373000,replay=24583	
velvet	crush-alethe	1	Velvet/Examples/Examples_Total.lean|63|2013384436827156188	sqrt_bn_correct	2013384436827156188	reconstruction-failed	certificate-error	Proof unsupported by Alethe: contains operator DUMMY_SKOLEM	520612958	collect=275209,normalize=214291,monomorphize=4740500,instantiate=132750,translate=9316333,solve=505909958,replay=23917	
velvet	crush-alethe	1	Velvet/Examples/Examples_Total.lean|66|14080923781397173690	sqrt_bn_correct	3661544389526892522	reconstruction-failed	certificate-error	Proof unsupported by Alethe: contains operator DUMMY_SKOLEM	559571417	collect=216209,normalize=146167,monomorphize=2440417,instantiate=203833,translate=6305833,solve=550198875,replay=60083	
velvet	crush-alethe	1	Velvet/Examples/Examples_Total.lean|67|5112937323286018014	sqrt_bn_correct	5112937323286018014	reconstruction-failed	certificate-error	Proof unsupported by Alethe: contains operator DUMMY_SKOLEM	511014208	collect=212333,normalize=149709,monomorphize=2299625,instantiate=103083,translate=5829958,solve=502394042,replay=25458	
velvet	crush-alethe	1	Velvet/Examples/Examples_Total.lean|68|4559485301326837329	sqrt_bn_correct	4559485301326837329	reconstruction-failed	certificate-error	Proof unsupported by Alethe: contains operator DUMMY_SKOLEM	492433751	collect=192125,normalize=106959,monomorphize=1140167,instantiate=101542,translate=5734458,solve=485135000,replay=23500	
velvet	crush-alethe	1	Velvet/Examples/Examples_Total.lean|70|16395326812896940336	sqrt_bn_correct	3661544389526892522	reconstruction-failed	certificate-error	Proof unsupported by Alethe: contains operator DUMMY_SKOLEM	518567166	collect=192000,normalize=112500,monomorphize=1361291,instantiate=236208,translate=6447875,solve=510199584,replay=17708	
velvet	crush-alethe	1	Velvet/Examples/Examples_Total.lean|71|18362062349273978007	sqrt_bn_correct	7232745374090633776	reconstruction-failed	certificate-error	Proof unsupported by Alethe: contains operator DUMMY_SKOLEM	555685501	collect=225583,normalize=164917,monomorphize=2477084,instantiate=99833,translate=6136125,solve=546557459,replay=24500	
velvet	crush-alethe	1	Velvet/Examples/Examples_Total.lean|72|8802921734925604215	sqrt_bn_correct	3661544389526892522	reconstruction-failed	certificate-error	Proof unsupported by Alethe: contains operator DUMMY_SKOLEM	524767875	collect=219583,normalize=160750,monomorphize=2561792,instantiate=100542,translate=6502375,solve=515203375,replay=19458	
velvet	crush-alethe	1	Velvet/Examples/GCD.lean|2|9601099415740649235	gcd_correct	9601099415740649235	reconstruction-failed	rule-gap	decoded SMT assumption was not derivable from its Lean source fact	582578084	collect=2140250,normalize=1622542,monomorphize=112291,instantiate=2357334,translate=5879750,solve=489460625,replay=81005292	
velvet	crush-alethe	1	Velvet/Examples/IsNonPrime.lean|1|3150397294412475763	IsNonPrime_correct	3150397294412475763	sat	not-attempted	solver returned sat	1122879124	collect=552042,normalize=211458,monomorphize=98458,instantiate=227083,translate=5387000,solve=1116403083	
velvet	crush-alethe	1	Velvet/Examples/IsNonPrime.lean|2|8498703091421742660	IsNonPrime_correct	8498703091421742660	reconstruction-failed	rule-gap	decoded SMT assumption was not derivable from its Lean source fact	1646983084	collect=331416,normalize=1698625,monomorphize=24792,instantiate=50375,translate=4013875,solve=1033523667,replay=607340334	
velvet	crush-alethe	1	Velvet/Examples/IsNonPrime.lean|3|15405612526479945524	IsNonPrime_correct	15405612526479945524	reconstruction-failed	rule-gap	decoded SMT assumption was not derivable from its Lean source fact	1681998625	collect=229833,normalize=1608083,monomorphize=17625,instantiate=38167,translate=2980042,solve=1089759708,replay=587365167	
velvet	crush-alethe	1	Velvet/Examples/IsNonPrime.lean|4|3635621084297233985	IsNonPrime_correct	3635621084297233985	reconstruction-failed	rule-gap	decoded SMT assumption was not derivable from its Lean source fact	1658377166	collect=220792,normalize=1143792,monomorphize=16333,instantiate=37208,translate=3344833,solve=1076091375,replay=577522833	
velvet	crush-alethe	1	Velvet/Examples/IsNonPrime.lean|5|8498703091421742660	IsNonPrime_correct	8498703091421742660	reconstruction-failed	rule-gap	decoded SMT assumption was not derivable from its Lean source fact	1693156250	collect=200667,normalize=1082125,monomorphize=16000,instantiate=33667,translate=2669291,solve=1102583292,replay=586571208	
velvet	crush-alethe	1	Velvet/Examples/IsNonPrime.lean|6|15497101072354692966	IsNonPrime_correct	15497101072354692966	unknown	not-attempted	solver exited without a verdict: cvc5 interrupted by timeout.	6050527708	collect=218625,normalize=1427083,monomorphize=16125,instantiate=33750,translate=3249625,solve=6045582500	
velvet	crush-alethe	1	Velvet/Examples/IsNonPrime.lean|7|3635621084297233985	IsNonPrime_correct	3635621084297233985	reconstruction-failed	rule-gap	decoded SMT assumption was not derivable from its Lean source fact	1747275165	collect=229125,normalize=1366083,monomorphize=19833,instantiate=37833,translate=3237458,solve=1126113583,replay=616271250	
velvet	crush-alethe	1	Velvet/Examples/IsNonPrime.lean|11|16017810969246570786	IsNonPrime_correct	16017810969246570786	reconstruction-failed	rule-gap	decoded SMT assumption was not derivable from its Lean source fact	1664811501	collect=199792,normalize=1248667,monomorphize=18667,instantiate=45125,translate=2864125,solve=1053039625,replay=607395500	
velvet	crush-alethe	1	Velvet/Examples/IsNonPrime.lean|12|12543135627460772462	IsNonPrime_correct	12543135627460772462	alethe-reconstructed	success	Alethe certificate replay succeeded	1173597042	collect=154375,normalize=55209,monomorphize=13875,instantiate=32000,translate=953291,solve=1097311542,replay=75076750	certificate_commands=11,certificate_assumes=3,certificate_steps=8,certificate_anchors=0,certificate_sexp_nodes=143,certificate_bytes=592
velvet	crush-alethe	1	Velvet/Examples/IsNonPrime.lean|13|1572539502098385654	IsNonPrime_correct	1572539502098385654	alethe-reconstructed	success	Alethe certificate replay succeeded	2416403999	collect=167625,normalize=650833,monomorphize=15583,instantiate=40709,translate=1479583,solve=1077124833,replay=1336924833	certificate_commands=46,certificate_assumes=3,certificate_steps=40,certificate_anchors=3,certificate_sexp_nodes=1255,certificate_bytes=4792
velvet	crush-alethe	1	Velvet/Examples/IsNonPrime.lean|14|11076373139303988464	IsNonPrime_correct	11076373139303988464	alethe-reconstructed	success	Alethe certificate replay succeeded	1473869459	collect=124417,normalize=68500,monomorphize=11875,instantiate=29167,translate=1303750,solve=1097615000,replay=374716750	certificate_commands=134,certificate_assumes=8,certificate_steps=123,certificate_anchors=3,certificate_sexp_nodes=2022,certificate_bytes=9523
velvet	crush-alethe	1	Velvet/Examples/IsNonPrime.lean|15|15559572021364972958	IsNonPrime_correct	15559572021364972958	unknown	not-attempted	solver exited without a verdict: cvc5 interrupted by timeout.	6116660918	collect=197000,normalize=934792,monomorphize=16959,instantiate=31667,translate=2823875,solve=6112656625	
velvet	crush-alethe	1	Velvet/Examples/IsSorted.lean|1|11207960766534651515	IsSorted_correct	11207960766534651515	reconstruction-failed	certificate-error	Proof unsupported by Alethe: contains operator DUMMY_SKOLEM	1193052502	collect=2925167,normalize=3772750,monomorphize=130542,instantiate=655131917,translate=46011459,solve=484936667,replay=144000	
velvet	crush-alethe	1	Velvet/Examples/IsSorted.lean|2|4413675682266163545	IsSorted_correct	7061492355100973697	reconstruction-failed	certificate-error	Proof unsupported by Alethe: contains operator DUMMY_SKOLEM	2737774958	collect=526625,normalize=3335084,monomorphize=33334,instantiate=2295112416,translate=91047791,solve=347701667,replay=18041	
velvet	crush-alethe	1	Velvet/Examples/IsSorted.lean|3|9518487208184120090	IsSorted_correct	9518487208184120090	reconstruction-failed	certificate-error	Proof unsupported by Alethe: contains operator DUMMY_SKOLEM	1191939751	collect=509333,normalize=3800083,monomorphize=27709,instantiate=657763500,translate=39795042,solve=490024167,replay=19917	
velvet	crush-alethe	1	Velvet/Examples/IsSorted.lean|4|11207960766534651515	IsSorted_correct	11207960766534651515	reconstruction-failed	certificate-error	Proof unsupported by Alethe: contains operator DUMMY_SKOLEM	1103398415	collect=499875,normalize=3173833,monomorphize=28083,instantiate=655754708,translate=37257166,solve=406667125,replay=17625	
velvet	crush-alethe	1	Velvet/Examples/IsSorted.lean|5|16465854614385299804	IsSorted_correct	7061492355100973697	reconstruction-failed	certificate-error	Proof unsupported by Alethe: contains operator DUMMY_SKOLEM	2746387876	collect=480375,normalize=3671375,monomorphize=30917,instantiate=2253582500,translate=86538000,solve=402062584,replay=22125	
velvet	crush-alethe	1	Velvet/Examples/IsSorted.lean|6|1749803822950348457	IsSorted_correct	9518487208184120090	reconstruction-failed	certificate-error	Proof unsupported by Alethe: contains operator DUMMY_SKOLEM	1117573125	collect=499917,normalize=3695000,monomorphize=28083,instantiate=667760042,translate=40669250,solve=404898333,replay=22500	
velvet	crush-alethe	1	Velvet/Examples/IsSorted.lean|7|6461838523585744673	IsSorted_correct	6461838523585744673	reconstruction-failed	certificate-error	Proof unsupported by Alethe: contains operator DUMMY_SKOLEM	651745918	collect=464375,normalize=2743958,monomorphize=28417,instantiate=282453667,translate=18933042,solve=347105000,replay=17459	
velvet	crush-alethe	1	Velvet/Examples/IsSorted.lean|8|5698263445699273715	IsSorted_correct	7061492355100973697	reconstruction-failed	certificate-error	Proof unsupported by Alethe: contains operator DUMMY_SKOLEM	1615837082	collect=473500,normalize=2931834,monomorphize=30583,instantiate=1125594291,translate=52742333,solve=434037166,replay=27375	
velvet	crush-alethe	1	Velvet/Examples/IsSorted.lean|9|1749803822950348457	IsSorted_correct	9518487208184120090	reconstruction-failed	certificate-error	Proof unsupported by Alethe: contains operator DUMMY_SKOLEM	663239874	collect=480000,normalize=3415500,monomorphize=33583,instantiate=292266291,translate=20516167,solve=346506125,replay=22208	
velvet	crush-alethe	1	Velvet/Examples/IsSorted.lean|10|16458001095677251802	IsSorted_correct	16458001095677251802	reconstruction-failed	certificate-error	Proof unsupported by Alethe: contains operator DUMMY_SKOLEM	726184874	collect=458250,normalize=2691250,monomorphize=25292,instantiate=283022916,translate=18233625,solve=421735125,replay=18416	
velvet	crush-alethe	1	Velvet/Examples/IsSorted.lean|11|11716511832970583731	IsSorted_correct	11716511832970583731	reconstruction-failed	certificate-error	Proof unsupported by Alethe: contains operator DUMMY_SKOLEM	519948667	collect=402958,normalize=1343542,monomorphize=21625,instantiate=177875500,translate=14166625,solve=326112834,replay=25583	
velvet	crush-alethe	1	Velvet/Examples/IsSorted.lean|12|13412663338101939313	IsSorted_correct	7061492355100973697	reconstruction-failed	certificate-error	Proof unsupported by Alethe: contains operator DUMMY_SKOLEM	950966042	collect=401875,normalize=1688083,monomorphize=22917,instantiate=500653292,translate=28782000,solve=419398750,replay=19125	
velvet	crush-alethe	1	Velvet/Examples/IsSorted.lean|13|10877051663303345536	IsSorted_correct	9518487208184120090	reconstruction-failed	certificate-error	Proof unsupported by Alethe: contains operator DUMMY_SKOLEM	412400751	collect=424500,normalize=2161417,monomorphize=21875,instantiate=65150542,translate=7895834,solve=336727083,replay=19500	
velvet	crush-alethe	1	Velvet/Examples/IsSorted.lean|14|2102916384874846137	IsSorted_correct	2102916384874846137	reconstruction-failed	certificate-error	Proof unsupported by Alethe: contains operator DUMMY_SKOLEM	6237813999	collect=492125,normalize=2890542,monomorphize=26500,instantiate=116207208,translate=15284292,solve=5423930458,translate-fallback=18157416,solve-fallback=660804458,replay=21000	
velvet	crush-alethe	1	Velvet/Examples/MaxElem.lean|1|6189042491608852705	maxElem_correct	6189042491608852705	reconstruction-failed	certificate-error	Proof unsupported by Alethe: contains operator DUMMY_SKOLEM	458965669	collect=1850209,normalize=2495334,monomorphize=121375,instantiate=248959,translate=11003417,solve=443114833,replay=131542	
velvet	crush-alethe	1	Velvet/Examples/MaxElem.lean|2|13979591039540523316	maxElem_correct	8435436090805571502	reconstruction-failed	certificate-error	Proof unsupported by Alethe: contains operator DUMMY_SKOLEM	474947169	collect=509917,normalize=2340292,monomorphize=25542,instantiate=39167,translate=5161750,solve=466852292,replay=18209	
velvet	crush-alethe	1	Velvet/Examples/MaxElem.lean|3|6189042491608852705	maxElem_correct	6189042491608852705	reconstruction-failed	certificate-error	Proof unsupported by Alethe: contains operator DUMMY_SKOLEM	438511872	collect=525708,normalize=2077000,monomorphize=25791,instantiate=37791,translate=4624083,solve=431201958,replay=19541	
velvet	crush-alethe	1	Velvet/Examples/MaxElem.lean|4|3496913807798796367	maxElem_correct	3368518466434627767	reconstruction-failed	certificate-error	Proof unsupported by Alethe: contains operator DUMMY_SKOLEM	478115627	collect=505167,normalize=2184125,monomorphize=24084,instantiate=39084,translate=4722125,solve=470621542,replay=19500	
velvet	crush-alethe	1	Velvet/Examples/MaxElem.lean|5|13935834157065255340	maxElem_correct	13935834157065255340	reconstruction-failed	certificate-error	Proof unsupported by Alethe: contains operator DUMMY_SKOLEM	467967790	collect=475917,normalize=1611333,monomorphize=23083,instantiate=38291,translate=3561167,solve=462238583,replay=19416	
velvet	crush-alethe	1	Velvet/Examples/MaxElem.lean|6|10716558625718226994	maxElem_correct	3368518466434627767	reconstruction-failed	certificate-error	Proof unsupported by Alethe: contains operator DUMMY_SKOLEM	477309667	collect=486917,normalize=1870375,monomorphize=24208,instantiate=36583,translate=3962417,solve=470910542,replay=18625	
velvet	crush-alethe	1	Velvet/Examples/MaxElem.lean|7|12429897440204793908	maxElem_correct	12429897440204793908	reconstruction-failed	certificate-error	Proof unsupported by Alethe: contains operator DUMMY_SKOLEM	447741248	collect=537291,normalize=1726500,monomorphize=23791,instantiate=38958,translate=3616291,solve=441779917,replay=18500	
velvet	crush-alethe	1	Velvet/Examples/MaxElem.lean|8|6662270672118944889	maxElem_correct	6662270672118944889	reconstruction-failed	certificate-error	Proof unsupported by Alethe: contains operator DUMMY_SKOLEM	468918083	collect=370792,normalize=647750,monomorphize=14709,instantiate=35458,translate=2134791,solve=465694333,replay=20250	
velvet	crush-alethe	1	Velvet/Examples/MaxElem.lean|9|10294878435885712953	maxElem_correct	4988386822408839803	reconstruction-failed	certificate-error	Proof unsupported by Alethe: contains operator DUMMY_SKOLEM	446322500	collect=477458,normalize=1182666,monomorphize=15209,instantiate=37125,translate=3156750,solve=441433042,replay=20250	
velvet	crush-alethe	1	Velvet/Examples/MaxElem.lean|10|15821608085576758365	maxElem_correct	14098165805487489891	reconstruction-failed	certificate-error	Proof unsupported by Alethe: contains operator DUMMY_SKOLEM	433876541	collect=522875,normalize=1864333,monomorphize=24208,instantiate=35667,translate=4278583,solve=427131667,replay=19208	
velvet	crush-alethe	1	Velvet/Examples/MemAlloc.lean|1|633235845480694220	mem_alloc_correct	13644601314536403191	unknown	not-attempted	no reason given	1327204333	collect=21794125,normalize=2943750,monomorphize=110208,instantiate=253750,translate=13599625,solve=1288502875	
velvet	crush-alethe	1	Velvet/Examples/MemAlloc.lean|2|12262280732602434251	mem_alloc_correct	17594606446654630769	unknown	not-attempted	no reason given	1211503999	collect=2257417,normalize=3550041,monomorphize=19917,instantiate=40666,translate=5043750,solve=1200592208	
velvet	crush-alethe	1	Velvet/Examples/MemAlloc.lean|3|5395433166570123997	mem_alloc_correct	5395433166570123997	reconstruction-failed	term-gap	selected SMT assumption could not be decoded	1297825581	collect=2504791,normalize=4632041,monomorphize=29958,instantiate=45750,translate=5591500,solve=1216961875,replay=68059666	
velvet	crush-alethe	1	Velvet/Examples/MemAlloc.lean|4|7858921023181799469	mem_alloc_correct	7858921023181799469	unknown	not-attempted	no reason given	1239894291	collect=2240250,normalize=4927458,monomorphize=21375,instantiate=41292,translate=5595458,solve=1227068458	
velvet	crush-alethe	1	Velvet/Examples/MemAlloc.lean|5|12307778664191690486	mem_alloc_correct	12307778664191690486	reconstruction-failed	term-gap	selected SMT assumption could not be decoded	1331806499	collect=2265041,normalize=4317250,monomorphize=21208,instantiate=40250,translate=5240042,solve=1251401458,replay=68521250	
velvet	crush-alethe	1	Velvet/Examples/MemAlloc.lean|6|14651957694487509304	mem_alloc_correct	14651957694487509304	reconstruction-failed	term-gap	selected SMT assumption could not be decoded	1259422209	collect=2129666,normalize=4359125,monomorphize=25875,instantiate=48542,translate=5448542,solve=1182720584,replay=64689875	
velvet	crush-alethe	1	Velvet/Examples/MemAlloc.lean|7|5395433166570123997	mem_alloc_correct	5395433166570123997	reconstruction-failed	term-gap	selected SMT assumption could not be decoded	1286397043	collect=2153375,normalize=4223625,monomorphize=23792,instantiate=46792,translate=5254750,solve=1213847209,replay=60847500	
velvet	crush-alethe	1	Velvet/Examples/MemAlloc.lean|11|7320909626913503829	mem_alloc_correct	7320909626913503829	reconstruction-failed	term-gap	selected SMT assumption could not be decoded	1260212875	collect=2315959,normalize=4644917,monomorphize=29250,instantiate=54166,translate=5271208,solve=1185239833,replay=62657542	
velvet	crush-alethe	1	Velvet/Examples/MemAlloc.lean|12|13680370559755953061	mem_alloc_correct	13680370559755953061	reconstruction-failed	term-gap	selected SMT assumption could not be decoded	1291419666	collect=2101209,normalize=4228708,monomorphize=21166,instantiate=46708,translate=5077292,solve=1219987083,replay=59957500	
velvet	crush-alethe	1	Velvet/Examples/MemAlloc.lean|13|5395433166570123997	mem_alloc_correct	5395433166570123997	alethe-reconstructed	success	Alethe certificate replay succeeded	1295614791	collect=2040000,normalize=1757542,monomorphize=19042,instantiate=40083,translate=3136708,solve=1187813541,replay=100807875	certificate_commands=11,certificate_assumes=9,certificate_steps=2,certificate_anchors=0,certificate_sexp_nodes=139,certificate_bytes=704
velvet	crush-alethe	1	Velvet/Examples/MemAlloc.lean|14|9725332222063365643	mem_alloc_correct	9725332222063365643	unknown	not-attempted	no reason given	1242622125	collect=2089333,normalize=2290625,monomorphize=16250,instantiate=38833,translate=3848917,solve=1234338167	
velvet	crush-alethe	1	Velvet/Examples/MemAlloc.lean|15|400422252958227942	mem_alloc_correct	400422252958227942	unknown	not-attempted	no reason given	1215602292	collect=2017125,normalize=2354792,monomorphize=18959,instantiate=41958,translate=3643667,solve=1207525791	
velvet	crush-alethe	1	Velvet/Examples/MemAlloc.lean|16|880346177993498408	mem_alloc_correct	880346177993498408	alethe-reconstructed	success	Alethe certificate replay succeeded	1284064250	collect=2120833,normalize=1954542,monomorphize=16875,instantiate=38959,translate=3121791,solve=1212867084,replay=63944166	certificate_commands=13,certificate_assumes=9,certificate_steps=4,certificate_anchors=0,certificate_sexp_nodes=166,certificate_bytes=830
velvet	crush-alethe	1	Velvet/Examples/MemAlloc.lean|17|15369885961681168000	mem_alloc_correct	4370218357807814088	unknown	not-attempted	no reason given	1234862416	collect=2209083,normalize=5725792,monomorphize=22250,instantiate=40875,translate=9999958,solve=1216864458	
velvet	crush-alethe	1	Velvet/Examples/MemAlloc.lean|18|633235845480694220	mem_alloc_correct	13644601314536403191	unknown	not-attempted	no reason given	1206529875	collect=2505875,normalize=5554500,monomorphize=27250,instantiate=46125,translate=8125542,solve=1190270583	
velvet	crush-alethe	1	Velvet/Examples/Recursion.lean|2|16321134497628070328	simple_recursion_correct	16321134497628070328	alethe-reconstructed	success	Alethe certificate replay succeeded	1016933041	collect=619125,normalize=317583,monomorphize=102709,instantiate=243958,translate=5856958,solve=497366125,replay=512426583	certificate_commands=147,certificate_assumes=11,certificate_steps=134,certificate_anchors=2,certificate_sexp_nodes=2272,certificate_bytes=10265
velvet	crush-alethe	1	Velvet/Examples/Recursion.lean|3|15399959404188881270	pickGreater_correct	15399959404188881270	reconstruction-failed	rule-gap	decoded SMT assumption was not derivable from its Lean source fact	551101500	collect=1642875,normalize=1259833,monomorphize=12875,instantiate=35125,translate=1334084,solve=393271375,replay=153545333	
velvet	crush-alethe	1	Velvet/Examples/Recursion.lean|4|6729724634728447689	pickGreater_correct	6729724634728447689	alethe-reconstructed	success	Alethe certificate replay succeeded	1041723376	collect=425625,normalize=742083,monomorphize=12709,instantiate=28834,translate=1409000,solve=478091792,replay=561013333	certificate_commands=129,certificate_assumes=9,certificate_steps=117,certificate_anchors=3,certificate_sexp_nodes=1948,certificate_bytes=9256
velvet	crush-alethe	1	Velvet/Examples/Recursion.lean|5|6331840417009367668	pickGreaterN_correct	6331840417009367668	reconstruction-failed	term-gap	certificate clause could not be decoded as a Lean proposition	510048832	collect=577750,normalize=580625,monomorphize=14833,instantiate=32333,translate=1039084,solve=427688291,replay=80115916	
velvet	crush-alethe	1	Velvet/Examples/Recursion.lean|6|928177310960349346	pickGreaterN_correct	928177310960349346	alethe-reconstructed	success	Alethe certificate replay succeeded	1736380917	collect=581542,normalize=1237000,monomorphize=14125,instantiate=34875,translate=1750917,solve=423645375,replay=1309117083	certificate_commands=275,certificate_assumes=20,certificate_steps=250,certificate_anchors=5,certificate_sexp_nodes=4247,certificate_bytes=20110
velvet	crush-alethe	1	Velvet/Examples/Recursion.lean|7|14502607232842720358	calc_fact_correct	14502607232842720358	reconstruction-failed	rule-gap	decoded SMT assumption was not derivable from its Lean source fact	768042460	collect=1036083,normalize=864959,monomorphize=26250,instantiate=19958917,translate=2582667,solve=462226125,replay=281347459	
velvet	crush-alethe	1	Velvet/Examples/Recursion.lean|8|5360899794933563671	calc_fact_correct	5360899794933563671	reconstruction-failed	rule-gap	decoded SMT assumption was not derivable from its Lean source fact	618692374	collect=848458,normalize=1190958,monomorphize=22875,instantiate=37087667,translate=4139708,solve=374325292,replay=201077416	
velvet	crush-alethe	1	Velvet/Examples/Recursion.lean|9|16083086069592683677	calc_fact_correct	16083086069592683677	reconstruction-failed	rule-gap	decoded SMT assumption was not derivable from its Lean source fact	718140793	collect=587500,normalize=1286958,monomorphize=21750,instantiate=37443417,translate=3758959,solve=468895459,replay=206146750	
velvet	crush-alethe	1	Velvet/Examples/Recursion.lean|10|17426933449823366573	calc_fact_correct	17426933449823366573	reconstruction-failed	rule-gap	decoded SMT assumption was not derivable from its Lean source fact	644388082	collect=615250,normalize=1328791,monomorphize=22250,instantiate=38176916,translate=3823458,solve=395312125,replay=205109292	
velvet	crush-alethe	1	Velvet/Examples/Recursion.lean|13|3040060259141493307	calc_fact_correct	3040060259141493307	reconstruction-failed	rule-gap	decoded SMT assumption was not derivable from its Lean source fact	760078206	collect=682541,normalize=1266125,monomorphize=26250,instantiate=38652416,translate=3584166,solve=474689916,replay=241176792	
velvet	crush-alethe	1	Velvet/Examples/Recursion.lean|14|8843960039229350233	calc_fact_correct	8843960039229350233	reconstruction-failed	rule-gap	decoded SMT assumption was not derivable from its Lean source fact	686294333	collect=638042,normalize=1088916,monomorphize=23583,instantiate=42127792,translate=3099917,solve=438757375,replay=200558708	
velvet	crush-alethe	1	Velvet/Examples/Recursion.lean|15|414362943496193222	calc_fact_correct	414362943496193222	reconstruction-failed	rule-gap	decoded SMT assumption was not derivable from its Lean source fact	630862376	collect=593750,normalize=1037667,monomorphize=22834,instantiate=37220917,translate=2989041,solve=393118583,replay=195879584	
velvet	crush-alethe	1	Velvet/Examples/Recursion.lean|16|17682712502848666117	calc_fact_correct	17682712502848666117	reconstruction-failed	rule-gap	decoded SMT assumption was not derivable from its Lean source fact	742716834	collect=578000,normalize=1142083,monomorphize=22250,instantiate=39625000,translate=3840834,solve=487953167,replay=209555500	
velvet	crush-alethe	1	Velvet/Examples/Recursion.lean|17|10153057550358142642	SimpleOption_correct	10153057550358142642	alethe-reconstructed	success	Alethe certificate replay succeeded	487894665	collect=472666,normalize=1104208,monomorphize=18125,instantiate=21955750,translate=1863458,solve=400641583,replay=61838875	certificate_commands=13,certificate_assumes=5,certificate_steps=8,certificate_anchors=0,certificate_sexp_nodes=192,certificate_bytes=763
velvet	crush-alethe	1	Velvet/Examples/Recursion.lean|18|1511426402368662420	SimpleOption_correct	1511426402368662420	reconstruction-failed	rule-gap	decoded SMT assumption was not derivable from its Lean source fact	692658083	collect=600708,normalize=1039458,monomorphize=17833,instantiate=51606417,translate=2456584,solve=477422916,replay=159514167	
velvet	crush-alethe	1	Velvet/Examples/Recursion.lean|19|12303175613740643342	SimpleList_correct	12303175613740643342	reconstruction-failed	certificate-error	Proof unsupported by Alethe: contains operator DUMMY_SKOLEM	462359250	collect=625125,normalize=1379875,monomorphize=23792,instantiate=54815459,translate=5606791,solve=399840583,replay=67625	
velvet	crush-alethe	1	Velvet/Examples/Recursion.lean|20|10153057550358142642	SimpleList_correct	10153057550358142642	reconstruction-failed	certificate-error	Proof unsupported by Alethe: contains operator DUMMY_SKOLEM	482255208	collect=417834,normalize=1234250,monomorphize=20083,instantiate=22531333,translate=2484333,solve=455547042,replay=20333	
velvet	crush-alethe	1	Velvet/Examples/Recursion.lean|21|419217539048902517	insertTree_correct	6124558152003517874	reconstruction-failed	certificate-error	Proof unsupported by Alethe: contains operator DUMMY_SKOLEM	426174042	collect=765875,normalize=1397375,monomorphize=5649916,instantiate=9934750,translate=4754500,solve=403650084,replay=21542	
velvet	crush-alethe	1	Velvet/Examples/Recursion.lean|23|14100858011260313832	insertTree_correct	10921538662002129566	reconstruction-failed	certificate-error	Proof unsupported by Alethe: contains operator DUMMY_SKOLEM	497826794	collect=498917,normalize=1632459,monomorphize=5336250,instantiate=10807209,translate=4899209,solve=474619458,replay=33292	
velvet	crush-alethe	1	Velvet/Examples/Recursion.lean|24|5439148242694091386	insertTree_correct	5439148242694091386	reconstruction-failed	certificate-error	Proof unsupported by Alethe: contains operator DUMMY_SKOLEM	423270875	collect=529333,normalize=2443541,monomorphize=4976708,instantiate=10121334,translate=4936875,solve=400244000,replay=19084	
velvet	crush-alethe	1	Velvet/Examples/Recursion.lean|25|13358020527010658417	insertTree_correct	13358020527010658417	reconstruction-failed	certificate-error	Proof unsupported by Alethe: contains operator DUMMY_SKOLEM	494205624	collect=491125,normalize=1584000,monomorphize=4822416,instantiate=10490458,translate=4483125,solve=472315375,replay=19125	
velvet	crush-alethe	1	Velvet/Examples/Recursion.lean|26|8603391761408256204	insertTree_correct	11864513577345326864	reconstruction-failed	certificate-error	Proof unsupported by Alethe: contains operator DUMMY_SKOLEM	425782832	collect=745166,normalize=1758833,monomorphize=5392708,instantiate=10021250,translate=4980000,solve=402859250,replay=25625	
velvet	crush-alethe	1	Velvet/Examples/Recursion.lean|27|403261720200322615	insertTree_correct	403261720200322615	reconstruction-failed	certificate-error	Proof unsupported by Alethe: contains operator DUMMY_SKOLEM	496821916	collect=511666,normalize=2134916,monomorphize=5146542,instantiate=10558750,translate=5176375,solve=473275292,replay=18375	
velvet	crush-alethe	1	Velvet/Examples/Recursion.lean|28|13334821868243949956	insertTree_correct	13334821868243949956	reconstruction-failed	certificate-error	Proof unsupported by Alethe: contains operator DUMMY_SKOLEM	427381750	collect=521000,normalize=1672542,monomorphize=4767125,instantiate=9993708,translate=4431583,solve=405968334,replay=27458	
velvet	crush-alethe	1	Velvet/Examples/Recursion.lean|29|10034441991535992553	insertTree_correct	2266607705858558304	reconstruction-failed	certificate-error	Proof unsupported by Alethe: contains operator DUMMY_SKOLEM	491990459	collect=541083,normalize=1498125,monomorphize=4624875,instantiate=9770750,translate=4345250,solve=471190959,replay=19417	
velvet	crush-alethe	1	Velvet/Examples/Recursion.lean|30|8410732340261024813	insertTree_correct	18206415606574627385	reconstruction-failed	certificate-error	Proof unsupported by Alethe: contains operator DUMMY_SKOLEM	443241209	collect=772084,normalize=2551709,monomorphize=11554667,instantiate=10885291,translate=7921250,solve=409536333,replay=19875	
velvet	crush-alethe	1	Velvet/Examples/Recursion.lean|31|13887296291903300382	insertTree_correct	13887296291903300382	reconstruction-failed	certificate-error	Proof unsupported by Alethe: contains operator DUMMY_SKOLEM	511444626	collect=626000,normalize=2609625,monomorphize=10823125,instantiate=10712042,translate=7126250,solve=479529584,replay=18000	
velvet	crush-alethe	1	Velvet/Examples/Recursion.lean|32|6517665507579609563	insertTree_correct	6517665507579609563	reconstruction-failed	certificate-error	Proof unsupported by Alethe: contains operator DUMMY_SKOLEM	430623791	collect=575750,normalize=2541292,monomorphize=11040958,instantiate=10881417,translate=7110500,solve=398456708,replay=17166	
velvet	crush-alethe	1	Velvet/Examples/Recursion.lean|34|4691160922418792609	insertTree_correct	3724966807215875960	reconstruction-failed	certificate-error	Proof unsupported by Alethe: contains operator DUMMY_SKOLEM	524267666	collect=764500,normalize=3035875,monomorphize=13419833,instantiate=10886667,translate=8201458,solve=487940875,replay=18458	
velvet	crush-alethe	1	Velvet/Examples/Recursion.lean|35|5459752633259142580	insertTree_correct	5459752633259142580	reconstruction-failed	certificate-error	Proof unsupported by Alethe: contains operator DUMMY_SKOLEM	454305918	collect=660875,normalize=3016917,monomorphize=13150334,instantiate=13298041,translate=8560375,solve=415598834,replay=20542	
velvet	crush-alethe	1	Velvet/Examples/Recursion.lean|36|14235806948139691359	insertTree_correct	14235806948139691359	reconstruction-failed	certificate-error	Proof unsupported by Alethe: contains operator DUMMY_SKOLEM	501448667	collect=702125,normalize=2977042,monomorphize=12299584,instantiate=10744416,translate=7826875,solve=466878042,replay=20583	
velvet	crush-alethe	1	Velvet/Examples/Recursion.lean|38|7037529583856086989	insertTree_correct	14769059022653274503	reconstruction-failed	certificate-error	Proof unsupported by Alethe: contains operator DUMMY_SKOLEM	440635667	collect=652667,normalize=2987625,monomorphize=13745375,instantiate=11293125,translate=8400375,solve=403537500,replay=19000	
velvet	crush-alethe	1	Velvet/Examples/Recursion.lean|39|5348143843544294657	insertTree_correct	5348143843544294657	reconstruction-failed	certificate-error	Proof unsupported by Alethe: contains operator DUMMY_SKOLEM	507766626	collect=637625,normalize=2948500,monomorphize=12296667,instantiate=10937875,translate=7850167,solve=473076542,replay=19250	
velvet	crush-alethe	1	Velvet/Examples/Recursion.lean|40|11865403806314311412	insertTree_correct	11865403806314311412	reconstruction-failed	certificate-error	Proof unsupported by Alethe: contains operator DUMMY_SKOLEM	432584959	collect=613666,normalize=2939458,monomorphize=12514834,instantiate=11029083,translate=7902459,solve=397566125,replay=19334	
velvet	crush-alethe	1	Velvet/Examples/Recursion.lean|41|4528940613904177901	complex_measure_binsearch_correct	4528940613904177901	unknown	not-attempted	solver exited without a verdict: cvc5 interrupted by timeout.	10945802875	collect=669792,normalize=1460084,monomorphize=22041,instantiate=9826458,translate=2450167,solve=5466056083,translate-fallback=2353875,solve-fallback=5462964375	
velvet	crush-alethe	1	Velvet/Examples/Recursion.lean|47|9897963110172432531	complex_measure_binsearch_correct	9897963110172432531	alethe-reconstructed	success	Alethe certificate replay succeeded	1142157247	collect=684041,normalize=2058791,monomorphize=24041,instantiate=11818875,translate=3841416,solve=456522958,replay=667207125	certificate_commands=49,certificate_assumes=11,certificate_steps=38,certificate_anchors=0,certificate_sexp_nodes=912,certificate_bytes=3709
velvet	crush-alethe	1	Velvet/Examples/Recursion.lean|51|5804668677648722939	pow2_correct	5804668677648722939	reconstruction-failed	term-gap	selected SMT assumption could not be decoded	515167542	collect=893500,normalize=1613084,monomorphize=24334,instantiate=17075416,translate=2923000,solve=473537708,replay=19100500	
velvet	crush-alethe	1	Velvet/Examples/Recursion.lean|52|5360899794933563671	pow2_correct	5360899794933563671	reconstruction-failed	term-gap	selected SMT assumption could not be decoded	476220583	collect=583417,normalize=1818125,monomorphize=23792,instantiate=18330875,translate=3663041,solve=421864416,replay=29936917	
velvet	crush-alethe	1	Velvet/Examples/Recursion.lean|53|2669204144888843361	pow2_correct	2669204144888843361	reconstruction-failed	term-gap	selected SMT assumption could not be decoded	512504249	collect=657708,normalize=2220333,monomorphize=26625,instantiate=20478000,translate=4427833,solve=455219250,replay=29474500	
velvet	crush-alethe	1	Velvet/Examples/Recursion.lean|54|17426933449823366573	pow2_correct	17426933449823366573	reconstruction-failed	term-gap	selected SMT assumption could not be decoded	548136125	collect=601375,normalize=1973042,monomorphize=25041,instantiate=18187709,translate=3796542,solve=490519583,replay=33032833	
velvet	crush-alethe	1	Velvet/Examples/Recursion.lean|57|3040060259141493307	pow2_correct	3040060259141493307	reconstruction-failed	term-gap	selected SMT assumption could not be decoded	510553207	collect=571208,normalize=1752750,monomorphize=22333,instantiate=17111166,translate=3384125,solve=456699375,replay=31012250	
velvet	crush-alethe	1	Velvet/Examples/Recursion.lean|58|8843960039229350233	pow2_correct	8843960039229350233	reconstruction-failed	term-gap	selected SMT assumption could not be decoded	494814877	collect=589750,normalize=1490542,monomorphize=22167,instantiate=14658583,translate=2273084,solve=454916917,replay=20863834	
velvet	crush-alethe	1	Velvet/Examples/Recursion.lean|59|11033618788013063028	pow2_correct	11033618788013063028	reconstruction-failed	term-gap	selected SMT assumption could not be decoded	512355041	collect=538958,normalize=1528291,monomorphize=22250,instantiate=14547167,translate=2307667,solve=472327958,replay=21082750	
velvet	crush-alethe	1	Velvet/Examples/Recursion.lean|60|12960500676855313787	pow2_correct	12960500676855313787	reconstruction-failed	term-gap	selected SMT assumption could not be decoded	514097834	collect=590667,normalize=1906500,monomorphize=24500,instantiate=18748500,translate=4049250,solve=459081000,replay=29697417	
velvet	crush-alethe	1	Velvet/Examples/SmallHeartBeats.lean|1|15016508801900672495	LeftmostMaximalDigit_correct	15236574120941310609	unknown	not-attempted	solver exited without a verdict: cvc5 interrupted by timeout.	5500816040	collect=4534791,normalize=7205208,monomorphize=155542,instantiate=292208,translate=17418791,solve=5471209500	
velvet	crush-alethe	1	Velvet/Examples/SmallHeartBeats.lean|2|15016508801900672495	LeftmostMaximalDigit_correct	15236574120941310609	unknown	not-attempted	solver exited without a verdict: cvc5 interrupted by timeout.	5484230623	collect=501291,normalize=5885083,monomorphize=32208,instantiate=46833,translate=9956333,solve=5467808875	
velvet	crush-alethe	1	Velvet/Examples/SmallHeartBeats.lean|3|2028202278093280602	LeftmostMaximalDigit_correct	6121938255858659784	reconstruction-failed	certificate-error	Proof unsupported by Alethe: contains operator DUMMY_SKOLEM	5170114501	collect=445334,normalize=5771666,monomorphize=26875,instantiate=38292,translate=11531084,solve=5152177333,replay=123917	
velvet	crush-alethe	1	Velvet/Examples/SmallHeartBeats.lean|4|15016508801900672495	LeftmostMaximalDigit_correct	15236574120941310609	reconstruction-failed	no-certificate	cvc5 returned no Alethe certificate	5491809418	collect=433000,normalize=5931792,monomorphize=28084,instantiate=56292,translate=10648000,solve=5474704542,replay=7708	
velvet	crush-alethe	1	Velvet/Examples/SmallHeartBeats.lean|5|15016508801900672495	LeftmostMaximalDigit_correct	15236574120941310609	unknown	not-attempted	solver exited without a verdict: cvc5 interrupted by timeout.	5506852501	collect=552250,normalize=18884917,monomorphize=42625,instantiate=52917,translate=21463625,solve=5465856167	
velvet	crush-alethe	1	Velvet/Examples/SmallHeartBeats.lean|6|3737123472131748703	LeftmostMaximalDigit_correct	15236574120941310609	unknown	not-attempted	solver exited without a verdict: cvc5 interrupted by timeout.	5481116708	collect=429791,normalize=4993708,monomorphize=26333,instantiate=40959,translate=9520625,solve=5466105292	
velvet	crush-alethe	1	Velvet/Examples/SmallHeartBeats.lean|7|7513237505621560861	LeftmostMaximalDigit_correct	7513237505621560861	reconstruction-failed	certificate-error	Proof unsupported by Alethe: contains operator DUMMY_SKOLEM	491764125	collect=426834,normalize=2418750,monomorphize=25750,instantiate=41833,translate=6767583,solve=482064792,replay=18583	
velvet	crush-alethe	1	Velvet/Examples/SmallHeartBeats.lean|8|8096766621563827002	LeftmostMaximalDigit_correct	17680906660210225647	reconstruction-failed	certificate-error	Proof unsupported by Alethe: contains operator DUMMY_SKOLEM	477772708	collect=373333,normalize=3079167,monomorphize=22833,instantiate=34417,translate=5120833,solve=469123416,replay=18709	
velvet	crush-alethe	1	Velvet/Examples/SmallHeartBeats.lean|9|18343663110535115658	LeftmostMaximalDigit_correct	5956152800418677151	unknown	not-attempted	solver exited without a verdict: cvc5 interrupted by timeout.	5484890792	collect=453792,normalize=5136042,monomorphize=25375,instantiate=38292,translate=13264416,solve=5465972875	
velvet	crush-alethe	1	Velvet/Examples/SpMSpV_Example.lean|2|8738685113314976701	VSpV_correct	8738685113314976701	reconstruction-failed	certificate-error	Proof unsupported by Alethe: contains operator DUMMY_SKOLEM	517333500	collect=811083,normalize=2565833,monomorphize=15605959,instantiate=9835291,translate=19400917,solve=468988917,replay=125500	
velvet	crush-alethe	1	Velvet/Examples/SpMSpV_Example.lean|3|3203096880704497577	VSpV_correct	3203096880704497577	reconstruction-failed	certificate-error	Proof unsupported by Alethe: contains operator DUMMY_SKOLEM	562045376	collect=281417,normalize=2164542,monomorphize=21237083,instantiate=35031750,translate=25774667,solve=477538000,replay=17917	
velvet	crush-alethe	1	Velvet/Examples/SpMSpV_Example.lean|7|6511268073169614694	VSpV_correct	6511268073169614694	reconstruction-failed	certificate-error	Proof unsupported by Alethe: contains operator DUMMY_SKOLEM	502964042	collect=269750,normalize=1890250,monomorphize=13397792,instantiate=8108750,translate=13274292,solve=466007083,replay=16125	
velvet	crush-alethe	1	Velvet/Examples/SpMSpV_Example.lean|9|975338514235632457	VSpV_correct	975338514235632457	reconstruction-failed	certificate-error	Proof unsupported by Alethe: contains operator DUMMY_SKOLEM	503349918	collect=212334,normalize=174208,monomorphize=11010875,instantiate=1659042,translate=8750000,solve=481525167,replay=18292	
velvet	crush-alethe	1	Velvet/Examples/SpMSpV_Example.lean|10|12341185047943028706	VSpV_correct	12341185047943028706	reconstruction-failed	certificate-error	Proof unsupported by Alethe: contains operator DUMMY_SKOLEM	524439167	collect=240708,normalize=206625,monomorphize=13075292,instantiate=11524750,translate=12740917,solve=486632584,replay=18291	
velvet	crush-alethe	1	Velvet/Examples/SpMSpV_Example.lean|15|10035930273513517515	spmv_correct	16911588290658345398	reconstruction-failed	certificate-error	Proof unsupported by Alethe: contains operator DUMMY_SKOLEM	573405166	collect=314959,normalize=413750,monomorphize=30128875,instantiate=23685625,translate=27089916,solve=491755708,replay=16333	
velvet	crush-alethe	1	Velvet/Examples/SpMSpV_Example.lean|16|4828757563640441921	spmv_correct	17150622328021244237	reconstruction-failed	certificate-error	Proof unsupported by Alethe: contains operator DUMMY_SKOLEM	719643917	collect=319167,normalize=561250,monomorphize=51522625,instantiate=64976500,translate=61620875,solve=540627083,replay=16417	
velvet	crush-alethe	1	Velvet/Examples/SpMSpV_Example.lean|19|9723121325275610683	spmv_correct	5118812006968681161	reconstruction-failed	certificate-error	Proof unsupported by Alethe: contains operator DUMMY_SKOLEM	525769501	collect=290542,normalize=358125,monomorphize=24612667,instantiate=4028042,translate=18787667,solve=477675000,replay=17458	
velvet	crush-alethe	1	Velvet/Examples/SpMSpV_Example.lean|20|17138153512408342530	spmv_correct	10058067986739430896	reconstruction-failed	certificate-error	Proof unsupported by Alethe: contains operator DUMMY_SKOLEM	551857208	collect=296125,normalize=378250,monomorphize=26782417,instantiate=13258000,translate=26105208,solve=485018833,replay=18375	
velvet	crush-alethe	1	Velvet/Examples/SpMSpV_Example.lean|21|1779879977175361606	spmv_correct	9652275006870831740	reconstruction-failed	certificate-error	Proof unsupported by Alethe: contains operator DUMMY_SKOLEM	533254000	collect=298500,normalize=365500,monomorphize=24495458,instantiate=4468458,translate=18939375,solve=484669250,replay=17459	
velvet	crush-alethe	1	Velvet/Examples/SpMSpV_Example.lean|24|3184815126966959579	spmv_correct	4431820435980120265	reconstruction-failed	certificate-error	Proof unsupported by Alethe: contains operator DUMMY_SKOLEM	522052251	collect=235583,normalize=210792,monomorphize=18367958,instantiate=2824959,translate=13223875,solve=487167750,replay=21334	
velvet	crush-alethe	1	Velvet/Examples/SpMSpV_Example.lean|25|1119395027554635835	spmv_correct	13937701322092251966	reconstruction-failed	certificate-error	Proof unsupported by Alethe: contains operator DUMMY_SKOLEM	551505708	collect=239291,normalize=238917,monomorphize=24196541,instantiate=14031375,translate=23031292,solve=489749375,replay=18917	
velvet	crush-alethe	1	Velvet/Examples/SpMSpV_Example.lean|26|2867453267844152322	spmv_correct	4156424914757912501	reconstruction-failed	certificate-error	Proof unsupported by Alethe: contains operator DUMMY_SKOLEM	590416250	collect=298834,normalize=387833,monomorphize=36304125,instantiate=14135750,translate=31840458,solve=507431584,replay=17666	
velvet	crush-alethe	1	Velvet/Examples/SpMSpV_Example.lean|29|12365816836206760017	SpVSpV_correct	12365816836206760017	reconstruction-failed	certificate-error	Proof unsupported by Alethe: contains operator DUMMY_SKOLEM	615911876	collect=390250,normalize=5774042,monomorphize=39888208,instantiate=51890792,translate=40161916,solve=477789834,replay=16834	
velvet	crush-alethe	1	Velvet/Examples/SpMSpV_Example.lean|30|14837198768818932204	SpVSpV_correct	16126165560622542066	reconstruction-failed	certificate-error	Proof unsupported by Alethe: contains operator DUMMY_SKOLEM	760070959	collect=599958,normalize=6470292,monomorphize=48093042,instantiate=141957375,translate=65582042,solve=497352000,replay=16250	
velvet	crush-alethe	1	Velvet/Examples/SpMSpV_Example.lean|32|15323100967004739210	SpVSpV_correct	15323100967004739210	reconstruction-failed	certificate-error	Proof unsupported by Alethe: contains operator DUMMY_SKOLEM	633353334	collect=444834,normalize=5995458,monomorphize=42069125,instantiate=53378084,translate=40200208,solve=491248667,replay=16958	
velvet	crush-alethe	1	Velvet/Examples/SpMSpV_Example.lean|33|10656169208955874266	SpVSpV_correct	10656169208955874266	reconstruction-failed	certificate-error	Proof unsupported by Alethe: contains operator DUMMY_SKOLEM	677387625	collect=427083,normalize=6106667,monomorphize=42794125,instantiate=85337292,translate=50699250,solve=492006208,replay=17000	
velvet	crush-alethe	1	Velvet/Examples/SpMSpV_Example.lean|35|9762937465648280212	SpVSpV_correct	9762937465648280212	reconstruction-failed	certificate-error	Proof unsupported by Alethe: contains operator DUMMY_SKOLEM	629036167	collect=392000,normalize=5667125,monomorphize=42046208,instantiate=52864125,translate=39923084,solve=488125166,replay=18459	
velvet	crush-alethe	1	Velvet/Examples/SpMSpV_Example.lean|36|2195194365498566470	SpVSpV_correct	2195194365498566470	reconstruction-failed	certificate-error	Proof unsupported by Alethe: contains operator DUMMY_SKOLEM	672998126	collect=428209,normalize=5874125,monomorphize=42913834,instantiate=82582416,translate=50376084,solve=490805500,replay=17958	
velvet	crush-alethe	1	Velvet/Examples/SpMSpV_Example.lean|38|11853401597336712609	SpVSpV_correct	11853401597336712609	reconstruction-failed	certificate-error	Proof unsupported by Alethe: contains operator DUMMY_SKOLEM	617242833	collect=358458,normalize=5128834,monomorphize=37692791,instantiate=52164875,translate=37502208,solve=484377750,replay=17917	
velvet	crush-alethe	1	Velvet/Examples/SpMSpV_Example.lean|40|2836632441074815746	SpVSpV_correct	2836632441074815746	reconstruction-failed	certificate-error	Proof unsupported by Alethe: contains operator DUMMY_SKOLEM	606132499	collect=367250,normalize=5186375,monomorphize=37637875,instantiate=51763250,translate=36983083,solve=474178083,replay=16583	
velvet	crush-alethe	1	Velvet/Examples/SpMSpV_Example.lean|42|9157999431728333977	SpVSpV_correct	9157999431728333977	reconstruction-failed	certificate-error	Proof unsupported by Alethe: contains operator DUMMY_SKOLEM	552621457	collect=329750,normalize=4314458,monomorphize=32657625,instantiate=6241250,translate=20218667,solve=488842541,replay=17166	
velvet	crush-alethe	1	Velvet/Examples/SpMSpV_Example.lean|43|12484676100150332319	SpVSpV_correct	12484676100150332319	reconstruction-failed	certificate-error	Proof unsupported by Alethe: contains operator DUMMY_SKOLEM	645895125	collect=378750,normalize=5319625,monomorphize=33647333,instantiate=77788667,translate=31401667,solve=497341708,replay=17375	
velvet	crush-alethe	1	Velvet/Examples/SpMSpV_Example.lean|44|6547543738413559297	SpVSpV_correct	6547543738413559297	reconstruction-failed	certificate-error	Proof unsupported by Alethe: contains operator DUMMY_SKOLEM	642616125	collect=389583,normalize=5036458,monomorphize=44748875,instantiate=53240333,translate=40726542,solve=498456292,replay=18042	
velvet	crush-alethe	1	Velvet/Examples/SpMSpV_Example.lean|49|16599719904663808863	SpMSpV_correct	6207658206744569200	reconstruction-failed	certificate-error	Proof unsupported by Alethe: contains operator DUMMY_SKOLEM	650211542	collect=474000,normalize=5956292,monomorphize=66088250,instantiate=24834416,translate=42596083,solve=510245084,replay=17417	
velvet	crush-alethe	1	Velvet/Examples/SpMSpV_Example.lean|50|9413868035314052637	SpMSpV_correct	954402073916344576	reconstruction-failed	certificate-error	Proof unsupported by Alethe: contains operator DUMMY_SKOLEM	652774750	collect=501959,normalize=6117875,monomorphize=64823792,instantiate=24103458,translate=42750541,solve=514459291,replay=17834	
velvet	crush-alethe	1	Velvet/Examples/SpMSpV_Example.lean|51|11331147013392176036	SpMSpV_correct	1456818390559341560	reconstruction-failed	certificate-error	Proof unsupported by Alethe: contains operator DUMMY_SKOLEM	1024798001	collect=663417,normalize=7803209,monomorphize=83855250,instantiate=171415709,translate=154596500,solve=606447208,replay=16708	
velvet	crush-alethe	1	Velvet/Examples/SpMSpV_Example.lean|55|16599719904663808863	SpMSpV_correct	6207658206744569200	reconstruction-failed	certificate-error	Proof unsupported by Alethe: contains operator DUMMY_SKOLEM	672431125	collect=473500,normalize=6151084,monomorphize=68919458,instantiate=25938166,translate=45459292,solve=525472500,replay=17125	
velvet	crush-alethe	1	Velvet/Examples/SpMSpV_Example.lean|56|14915918579342464454	SpMSpV_correct	14801354580617985578	reconstruction-failed	certificate-error	Proof unsupported by Alethe: contains operator DUMMY_SKOLEM	638956085	collect=501417,normalize=6224334,monomorphize=65423042,instantiate=19658958,translate=41771875,solve=505356375,replay=20084	
velvet	crush-alethe	1	Velvet/Examples/SpMSpV_Example.lean|57|9290686424640906065	SpMSpV_correct	4686021491981357338	reconstruction-failed	certificate-error	Proof unsupported by Alethe: contains operator DUMMY_SKOLEM	1201339127	collect=557917,normalize=7704542,monomorphize=75211584,instantiate=119199292,translate=114497625,solve=884150125,replay=18042	
velvet	crush-alethe	1	Velvet/Examples/SpMSpV_Example.lean|61|4823872097887552574	SpMSpV_correct	14465487365256530385	reconstruction-failed	certificate-error	Proof unsupported by Alethe: contains operator DUMMY_SKOLEM	630341333	collect=487166,normalize=6837833,monomorphize=66320500,instantiate=16529209,translate=42586750,solve=497558750,replay=21125	
velvet	crush-alethe	1	Velvet/Examples/SpMSpV_Example.lean|62|9413868035314052637	SpMSpV_correct	954402073916344576	reconstruction-failed	certificate-error	Proof unsupported by Alethe: contains operator DUMMY_SKOLEM	667396500	collect=537209,normalize=6231833,monomorphize=68031083,instantiate=25604167,translate=46165208,solve=520809791,replay=17209	
velvet	crush-alethe	1	Velvet/Examples/SpMSpV_Example.lean|63|4033875047981720732	SpMSpV_correct	6105912413912116647	reconstruction-failed	certificate-error	Proof unsupported by Alethe: contains operator DUMMY_SKOLEM	1399661502	collect=490459,normalize=7708875,monomorphize=74316792,instantiate=119776500,translate=109487084,solve=1087857417,replay=24375	
velvet	crush-alethe	1	Velvet/Examples/SpMSpV_Example.lean|67|4823872097887552574	SpMSpV_correct	14465487365256530385	reconstruction-failed	certificate-error	Proof unsupported by Alethe: contains operator DUMMY_SKOLEM	600821248	collect=570750,normalize=5540958,monomorphize=58601041,instantiate=11213167,translate=39282791,solve=485594125,replay=18416	
velvet	crush-alethe	1	Velvet/Examples/SpMSpV_Example.lean|68|14915918579342464454	SpMSpV_correct	14801354580617985578	reconstruction-failed	certificate-error	Proof unsupported by Alethe: contains operator DUMMY_SKOLEM	598631834	collect=467542,normalize=5436750,monomorphize=54771667,instantiate=9553625,translate=37794792,solve=490588583,replay=18875	
velvet	crush-alethe	1	Velvet/Examples/SpMSpV_Example.lean|69|10972595422634862877	SpMSpV_correct	282711820722505660	reconstruction-failed	certificate-error	Proof unsupported by Alethe: contains operator DUMMY_SKOLEM	728778416	collect=452125,normalize=6041208,monomorphize=58986625,instantiate=73112750,translate=80282958,solve=509881458,replay=21292	
velvet	crush-alethe	1	Velvet/Examples/SpMSpV_Example.lean|70|8550776788309984180	SpMSpV_correct	11199427504012316075	reconstruction-failed	certificate-error	Proof unsupported by Alethe: contains operator DUMMY_SKOLEM	683338125	collect=439667,normalize=5566625,monomorphize=57827208,instantiate=35475292,translate=48626625,solve=535381041,replay=21667	
velvet	crush-alethe	1	Velvet/Examples/SpMSpV_Example.lean|74|3184815126966959579	SpMSpV_correct	4431820435980120265	reconstruction-failed	certificate-error	Proof unsupported by Alethe: contains operator DUMMY_SKOLEM	569823833	collect=389667,normalize=4508791,monomorphize=43500500,instantiate=7803334,translate=29255166,solve=484348500,replay=17875	
velvet	crush-alethe	1	Velvet/Examples/SpMSpV_Example.lean|75|5592904318722155373	SpMSpV_correct	14215810846060684506	reconstruction-failed	certificate-error	Proof unsupported by Alethe: contains operator DUMMY_SKOLEM	564496833	collect=381208,normalize=5365375,monomorphize=40284125,instantiate=8067084,translate=28365958,solve=482010875,replay=22208	
velvet	crush-alethe	1	Velvet/Examples/SpMSpV_Example.lean|76|9139246173028146264	SpMSpV_correct	17952347404366761422	reconstruction-failed	certificate-error	Proof unsupported by Alethe: contains operator DUMMY_SKOLEM	755683333	collect=383291,normalize=6186750,monomorphize=47326042,instantiate=82905875,translate=98988000,solve=519873500,replay=19875	
velvet	crush-alethe	1	Velvet/Examples/SpMSpV_Example.lean|77|1600226093076966364	SpMSpV_correct	16517394122866365312	reconstruction-failed	certificate-error	Proof unsupported by Alethe: contains operator DUMMY_SKOLEM	871848500	collect=535708,normalize=5925583,monomorphize=73129542,instantiate=20155000,translate=48174917,solve=723910583,replay=17167	
velvet	crush-alethe	1	Velvet/Examples/SubstringSearch.lean|1|18217664312208415458	SubstringSearch_correct	174702952739697047	reconstruction-failed	certificate-error	Proof unsupported by Alethe: contains operator DUMMY_SKOLEM	477423751	collect=596917,normalize=300375,monomorphize=109667,instantiate=228542,translate=9677375,solve=466376125,replay=134750	
velvet	crush-alethe	1	Velvet/Examples/SubstringSearch.lean|2|14717207787831772510	SubstringSearch_correct	16168922198445788	reconstruction-failed	certificate-error	Proof unsupported by Alethe: contains operator DUMMY_SKOLEM	471852416	collect=168125,normalize=1569625,monomorphize=15292,instantiate=34166,translate=4619458,solve=465424875,replay=20875	
velvet	crush-alethe	1	Velvet/Examples/SubstringSearch.lean|3|10323933724704776680	SubstringSearch_correct	12116471866077996373	reconstruction-failed	certificate-error	Proof unsupported by Alethe: contains operator DUMMY_SKOLEM	472909291	collect=212834,normalize=126208,monomorphize=18583,instantiate=47083,translate=3645083,solve=468839959,replay=19541	
velvet	crush-alethe	1	Velvet/Examples/SubstringSearch.lean|4|8391554914672281118	SubstringSearch_correct	4974301628068507188	reconstruction-failed	certificate-error	Proof unsupported by Alethe: contains operator DUMMY_SKOLEM	484888624	collect=140625,normalize=61833,monomorphize=14250,instantiate=32833,translate=2199041,solve=482423583,replay=16459	
velvet	crush-alethe	1	Velvet/Examples/SubstringSearch.lean|5|6640297411548399355	SubstringSearch_correct	6640297411548399355	reconstruction-failed	certificate-error	Proof unsupported by Alethe: contains operator DUMMY_SKOLEM	460059082	collect=133500,normalize=58083,monomorphize=15708,instantiate=43458,translate=1637666,solve=458146667,replay=24000	
velvet	crush-alethe	1	Velvet/Examples/SubstringSearch.lean|6|4492008039209323302	SubstringSearch_correct	4492008039209323302	reconstruction-failed	certificate-error	Proof unsupported by Alethe: contains operator DUMMY_SKOLEM	489455625	collect=3943333,normalize=3364542,monomorphize=48334,instantiate=47458,translate=10984792,solve=471044916,replay=22250	
velvet	crush-alethe	1	Velvet/Examples/SubstringSearch.lean|7|16506446102682745284	SubstringSearch_correct	16506446102682745284	reconstruction-failed	certificate-error	Proof unsupported by Alethe: contains operator DUMMY_SKOLEM	479846168	collect=590334,normalize=3981000,monomorphize=60584,instantiate=59750,translate=13248084,solve=461883208,replay=23208	
velvet	crush-alethe	1	Velvet/Examples/SubstringSearch.lean|8|4056255141881592010	SubstringSearch_correct	4056255141881592010	reconstruction-failed	certificate-error	Proof unsupported by Alethe: contains operator DUMMY_SKOLEM	486451833	collect=589500,normalize=3595708,monomorphize=47167,instantiate=42875,translate=11410834,solve=470746041,replay=19708	
velvet	crush-alethe	1	Velvet/Examples/SubstringSearch.lean|9|10653939026877543916	SubstringSearch_correct	10653939026877543916	reconstruction-failed	certificate-error	Proof unsupported by Alethe: contains operator DUMMY_SKOLEM	477730458	collect=646250,normalize=3525541,monomorphize=47750,instantiate=41708,translate=12033750,solve=461416834,replay=18625	
velvet	crush-alethe	1	Velvet/Examples/SubstringSearch.lean|11|18143633401136980304	SubstringSearch_correct	18143633401136980304	reconstruction-failed	certificate-error	Proof unsupported by Alethe: contains operator DUMMY_SKOLEM	506885041	collect=539417,normalize=3134625,monomorphize=44833,instantiate=44250,translate=10712583,solve=492391458,replay=17875	
velvet	crush-alethe	1	Velvet/Examples/SubstringSearch.lean|12|16856248441874989194	SubstringSearch_correct	16856248441874989194	reconstruction-failed	certificate-error	Proof unsupported by Alethe: contains operator DUMMY_SKOLEM	482256917	collect=526875,normalize=3173708,monomorphize=43041,instantiate=40250,translate=10755917,solve=467698917,replay=18209	
velvet	crush-alethe	1	Velvet/Examples/SubstringSearch.lean|13|1598574868652780333	SubstringSearch_correct	2623082850227027838	reconstruction-failed	certificate-error	Proof unsupported by Alethe: contains operator DUMMY_SKOLEM	512771042	collect=556042,normalize=3476500,monomorphize=44667,instantiate=40166,translate=12055875,solve=496577500,replay=20292	
velvet	crush-alethe	1	Velvet/Examples/SubstringSearch.lean|14|6083540873046640352	SubstringSearch_correct	14001892521180047693	reconstruction-failed	certificate-error	Proof unsupported by Alethe: contains operator DUMMY_SKOLEM	510741209	collect=546542,normalize=4214542,monomorphize=48500,instantiate=46875,translate=13102458,solve=492762500,replay=19792	
velvet	crush-alethe	1	Velvet/Examples/SubstringSearch.lean|15|18314524564682266162	SubstringSearch_correct	174702952739697047	reconstruction-failed	certificate-error	Proof unsupported by Alethe: contains operator DUMMY_SKOLEM	472709875	collect=530125,normalize=3450250,monomorphize=45375,instantiate=39250,translate=11831208,solve=456795750,replay=17917	
velvet	crush-alethe	1	Velvet/Examples/SubstringSearch.lean|16|14859665284842375974	SubstringSearch_correct	14695100313578779437	reconstruction-failed	certificate-error	Proof unsupported by Alethe: contains operator DUMMY_SKOLEM	483429748	collect=547541,normalize=3549500,monomorphize=50416,instantiate=43583,translate=12036833,solve=467183042,replay=18833	
velvet	crush-alethe	1	Velvet/Examples/SubstringSearch.lean|17|16859604855349517182	SubstringSearch_correct	5978146869369588613	unknown	not-attempted	solver exited without a verdict: cvc5 interrupted by timeout.	5490816167	collect=569042,normalize=4219833,monomorphize=50042,instantiate=45625,translate=13081916,solve=5472849709	
velvet	crush-alethe	1	Velvet/Examples/SubstringSearch.lean|18|12762377925475098934	SubstringSearch_correct	12762377925475098934	reconstruction-failed	certificate-error	Proof unsupported by Alethe: contains operator DUMMY_SKOLEM	492857332	collect=552208,normalize=3447333,monomorphize=49541,instantiate=40667,translate=12199625,solve=476547375,replay=20583	
velvet	crush-alethe	1	Velvet/Examples/SubstringSearch.lean|19|4492008039209323302	SubstringSearch_correct	4492008039209323302	reconstruction-failed	certificate-error	Proof unsupported by Alethe: contains operator DUMMY_SKOLEM	490404541	collect=546750,normalize=3331000,monomorphize=44625,instantiate=39750,translate=11149250,solve=475271875,replay=21291	
velvet	crush-alethe	1	Velvet/Examples/SubstringSearch.lean|20|16506446102682745284	SubstringSearch_correct	16506446102682745284	reconstruction-failed	certificate-error	Proof unsupported by Alethe: contains operator DUMMY_SKOLEM	514140666	collect=510292,normalize=3186166,monomorphize=44750,instantiate=39042,translate=10790875,solve=499551250,replay=18291	
velvet	crush-alethe	1	Velvet/Examples/SubstringSearch.lean|21|4056255141881592010	SubstringSearch_correct	4056255141881592010	reconstruction-failed	certificate-error	Proof unsupported by Alethe: contains operator DUMMY_SKOLEM	484356499	collect=534708,normalize=3184792,monomorphize=45500,instantiate=41583,translate=11455125,solve=469076583,replay=18208	
velvet	crush-alethe	1	Velvet/Examples/SubstringSearch.lean|24|18214680451177329292	SubstringSearch_correct	18214680451177329292	reconstruction-failed	certificate-error	Proof unsupported by Alethe: contains operator DUMMY_SKOLEM	484026125	collect=584542,normalize=3215417,monomorphize=44167,instantiate=41458,translate=10890542,solve=469232333,replay=17666	
velvet	crush-alethe	1	Velvet/Examples/SubstringSearch.lean|25|4587180649363296126	SubstringSearch_correct	4587180649363296126	reconstruction-failed	certificate-error	Proof unsupported by Alethe: contains operator DUMMY_SKOLEM	495666958	collect=526625,normalize=3254750,monomorphize=46333,instantiate=45541,translate=11160375,solve=480114750,replay=518584	
velvet	crush-alethe	1	Velvet/Examples/SubstringSearch.lean|26|1598574868652780333	SubstringSearch_correct	2623082850227027838	reconstruction-failed	certificate-error	Proof unsupported by Alethe: contains operator DUMMY_SKOLEM	505326793	collect=570792,normalize=3722791,monomorphize=51625,instantiate=42709,translate=12036792,solve=488879500,replay=22584	
velvet	crush-alethe	1	Velvet/Examples/SubstringSearch.lean|27|7138545743425854663	SubstringSearch_correct	5155269417983951744	reconstruction-failed	certificate-error	Proof unsupported by Alethe: contains operator DUMMY_SKOLEM	515249292	collect=547583,normalize=3696750,monomorphize=45042,instantiate=40667,translate=12688125,solve=498210708,replay=20417	
velvet	crush-alethe	1	Velvet/Examples/SubstringSearch.lean|28|4681422515724674825	SubstringSearch_correct	174702952739697047	reconstruction-failed	certificate-error	Proof unsupported by Alethe: contains operator DUMMY_SKOLEM	491234543	collect=560417,normalize=3664625,monomorphize=48292,instantiate=39917,translate=11819458,solve=475083667,replay=18167	
velvet	crush-alethe	1	Velvet/Examples/SubstringSearch.lean|29|14859665284842375974	SubstringSearch_correct	14695100313578779437	reconstruction-failed	certificate-error	Proof unsupported by Alethe: contains operator DUMMY_SKOLEM	484387542	collect=618875,normalize=3818833,monomorphize=51750,instantiate=45834,translate=14405584,solve=465428208,replay=18458	
velvet	crush-alethe	1	Velvet/Examples/SubstringSearch.lean|30|15621397202025328223	SubstringSearch_correct	16429357329401941578	unknown	not-attempted	solver exited without a verdict: cvc5 interrupted by timeout.	5498988626	collect=566292,normalize=3683625,monomorphize=45250,instantiate=40792,translate=12851708,solve=5481800959	
velvet	crush-alethe	1	Velvet/Examples/SubstringSearch.lean|31|12762377925475098934	SubstringSearch_correct	12762377925475098934	reconstruction-failed	certificate-error	Proof unsupported by Alethe: contains operator DUMMY_SKOLEM	481992875	collect=551208,normalize=3601875,monomorphize=51708,instantiate=43709,translate=11992625,solve=465733833,replay=17917	
velvet	crush-alethe	1	Velvet/Examples/SubstringSearch.lean|32|6640297411548399355	SubstringSearch_correct	6640297411548399355	reconstruction-failed	certificate-error	Proof unsupported by Alethe: contains operator DUMMY_SKOLEM	476290167	collect=661958,normalize=3399208,monomorphize=46000,instantiate=40375,translate=11364542,solve=460759084,replay=19000	
velvet	crush-alethe	1	Velvet/Examples/SubstringSearch.lean|33|12035722151280848636	SubstringSearch_correct	12035722151280848636	reconstruction-failed	certificate-error	Proof unsupported by Alethe: contains operator DUMMY_SKOLEM	488251917	collect=585584,normalize=3205792,monomorphize=44458,instantiate=45458,translate=11158041,solve=473193000,replay=19584	
velvet	crush-alethe	1	Velvet/Examples/SubstringSearch.lean|34|4056255141881592010	SubstringSearch_correct	4056255141881592010	reconstruction-failed	certificate-error	Proof unsupported by Alethe: contains operator DUMMY_SKOLEM	490127000	collect=562833,normalize=3347459,monomorphize=45000,instantiate=42250,translate=11106083,solve=475004875,replay=18500	
velvet	crush-alethe	1	Velvet/Examples/SubstringSearch.lean|37|11007454110672083430	SubstringSearch_correct	11007454110672083430	reconstruction-failed	certificate-error	Proof unsupported by Alethe: contains operator DUMMY_SKOLEM	483256416	collect=604125,normalize=3117750,monomorphize=45583,instantiate=41708,translate=10717250,solve=468708875,replay=21125	
velvet	crush-alethe	1	Velvet/Examples/SubstringSearch.lean|38|4587180649363296126	SubstringSearch_correct	4587180649363296126	reconstruction-failed	certificate-error	Proof unsupported by Alethe: contains operator DUMMY_SKOLEM	491177876	collect=526792,normalize=3075667,monomorphize=44750,instantiate=41542,translate=10671167,solve=476800125,replay=17833	
velvet	crush-alethe	1	Velvet/Examples/SubstringSearch.lean|39|4995387128902807839	SubstringSearch_correct	2623082850227027838	reconstruction-failed	certificate-error	Proof unsupported by Alethe: contains operator DUMMY_SKOLEM	494115875	collect=579958,normalize=3554292,monomorphize=44375,instantiate=39375,translate=11795375,solve=478083750,replay=18750	
velvet	crush-alethe	1	Velvet/Examples/SubstringSearch.lean|40|7138545743425854663	SubstringSearch_correct	5155269417983951744	reconstruction-failed	certificate-error	Proof unsupported by Alethe: contains operator DUMMY_SKOLEM	493280544	collect=571000,normalize=3559584,monomorphize=45500,instantiate=38042,translate=12123917,solve=476924667,replay=17834	
velvet	crush-alethe	1	Velvet/Examples/SubstringSearch.lean|41|4681422515724674825	SubstringSearch_correct	174702952739697047	reconstruction-failed	certificate-error	Proof unsupported by Alethe: contains operator DUMMY_SKOLEM	504881958	collect=544750,normalize=3358917,monomorphize=44583,instantiate=40875,translate=11379708,solve=489495000,replay=18125	
velvet	crush-alethe	1	Velvet/Examples/SubstringSearch.lean|42|9257442500105266102	SubstringSearch_correct	11774711000685261052	reconstruction-failed	certificate-error	Proof unsupported by Alethe: contains operator DUMMY_SKOLEM	512908958	collect=543167,normalize=3381750,monomorphize=47583,instantiate=41209,translate=11514333,solve=497361750,replay=19166	
velvet	crush-alethe	1	Velvet/Examples/SubstringSearch.lean|43|15621397202025328223	SubstringSearch_correct	16429357329401941578	reconstruction-failed	certificate-error	Proof unsupported by Alethe: contains operator DUMMY_SKOLEM	4380436958	collect=773667,normalize=4336875,monomorphize=51500,instantiate=46334,translate=13734416,solve=4361472833,replay=21333	
velvet	crush-alethe	1	Velvet/Examples/SubstringSearch.lean|44|12762377925475098934	SubstringSearch_correct	12762377925475098934	reconstruction-failed	certificate-error	Proof unsupported by Alethe: contains operator DUMMY_SKOLEM	497778750	collect=664125,normalize=4218667,monomorphize=55625,instantiate=48291,translate=12601833,solve=480164667,replay=25542	
velvet	crush-alethe	1	Velvet/Examples/SubstringSearch.lean|52|7110337632391962636	SubstringSearch_correct	2623082850227027838	reconstruction-failed	certificate-error	Proof unsupported by Alethe: contains operator DUMMY_SKOLEM	485919790	collect=762375,normalize=3344250,monomorphize=48125,instantiate=40666,translate=12482916,solve=469223583,replay=17875	
velvet	crush-alethe	1	Velvet/Examples/SubstringSearch.lean|53|7138545743425854663	SubstringSearch_correct	5155269417983951744	reconstruction-failed	certificate-error	Proof unsupported by Alethe: contains operator DUMMY_SKOLEM	486008540	collect=530250,normalize=3465750,monomorphize=52583,instantiate=41541,translate=11798583,solve=470100833,replay=19000	
velvet	crush-alethe	1	Velvet/Examples/SubstringSearch.lean|54|12240785285064077065	SubstringSearch_correct	174702952739697047	reconstruction-failed	certificate-error	Proof unsupported by Alethe: contains operator DUMMY_SKOLEM	514702042	collect=569792,normalize=3150792,monomorphize=45000,instantiate=42750,translate=10991584,solve=499878208,replay=23916	
velvet	crush-alethe	1	Velvet/Examples/SubstringSearch.lean|55|8901178409804151575	SubstringSearch_correct	6856589615962544519	reconstruction-failed	certificate-error	Proof unsupported by Alethe: contains operator DUMMY_SKOLEM	477411291	collect=535083,normalize=3629000,monomorphize=43333,instantiate=37583,translate=11918417,solve=461230250,replay=17625	
velvet	crush-alethe	1	Velvet/Examples/SubstringSearch.lean|56|8890844706151052704	SubstringSearch_correct	16429357329401941578	reconstruction-failed	certificate-error	Proof unsupported by Alethe: contains operator DUMMY_SKOLEM	2202554374	collect=533250,normalize=3420125,monomorphize=44125,instantiate=38791,translate=12082625,solve=2186417000,replay=18458	
velvet	crush-alethe	1	Velvet/Examples/SubstringSearch.lean|57|8801584380004644131	SubstringSearch_correct	8801584380004644131	reconstruction-failed	certificate-error	Proof unsupported by Alethe: contains operator DUMMY_SKOLEM	483585790	collect=478541,normalize=3215625,monomorphize=44875,instantiate=39000,translate=10253875,solve=469535041,replay=18833	
velvet	crush-alethe	1	Velvet/Examples/SubstringSearch.lean|58|6640297411548399355	SubstringSearch_correct	6640297411548399355	reconstruction-failed	certificate-error	Proof unsupported by Alethe: contains operator DUMMY_SKOLEM	462766791	collect=130834,normalize=53583,monomorphize=14500,instantiate=34083,translate=1846000,solve=460670333,replay=17458	
velvet	crush-alethe	1	Velvet/Examples/SubstringSearch.lean|59|6640297411548399355	SubstringSearch_correct	6640297411548399355	reconstruction-failed	certificate-error	Proof unsupported by Alethe: contains operator DUMMY_SKOLEM	471914166	collect=128000,normalize=54208,monomorphize=13708,instantiate=30833,translate=1585292,solve=470084167,replay=17958	
velvet	crush-alethe	1	Velvet/Examples/SubstringSearch.lean|60|17707774690084689736	SubstringSearch_correct	17707774690084689736	reconstruction-failed	certificate-error	Proof unsupported by Alethe: contains operator DUMMY_SKOLEM	463588666	collect=120541,normalize=52041,monomorphize=13792,instantiate=32000,translate=1810959,solve=461541375,replay=17958	
velvet	crush-alethe	1	Velvet/Examples/SubstringSearch.lean|61|6640297411548399355	SubstringSearch_correct	6640297411548399355	reconstruction-failed	certificate-error	Proof unsupported by Alethe: contains operator DUMMY_SKOLEM	488642123	collect=121333,normalize=53208,monomorphize=13208,instantiate=34542,translate=1624708,solve=486776291,replay=18833	
velvet	crush-alethe	1	Velvet/Examples/SubstringSearch.lean|62|4974301628068507188	SubstringSearch_correct	4974301628068507188	reconstruction-failed	certificate-error	Proof unsupported by Alethe: contains operator DUMMY_SKOLEM	472742624	collect=123166,normalize=53667,monomorphize=13375,instantiate=36250,translate=1908875,solve=470580791,replay=26500	
velvet	crush-alethe	1	Velvet/Examples/SubstringSearch.lean|63|6640297411548399355	SubstringSearch_correct	6640297411548399355	reconstruction-failed	certificate-error	Proof unsupported by Alethe: contains operator DUMMY_SKOLEM	473181581	collect=123041,normalize=56458,monomorphize=12958,instantiate=31791,translate=1583833,solve=471356208,replay=17292	
velvet	crush-alethe	1	Velvet/Examples/SubstringSearch.lean|64|6640297411548399355	SubstringSearch_correct	6640297411548399355	reconstruction-failed	certificate-error	Proof unsupported by Alethe: contains operator DUMMY_SKOLEM	472675791	collect=118875,normalize=60125,monomorphize=14208,instantiate=35750,translate=1602834,solve=470827833,replay=16166	
velvet	crush-alethe	1	Velvet/Examples/SubstringSearch.lean|65|577474350103851300	SubstringSearch_correct	2623082850227027838	reconstruction-failed	certificate-error	Proof unsupported by Alethe: contains operator DUMMY_SKOLEM	462587918	collect=146458,normalize=90917,monomorphize=14667,instantiate=33917,translate=3028042,solve=459255625,replay=18292	
velvet	crush-alethe	1	Velvet/Examples/SubstringSearch.lean|66|12819951545662893426	SubstringSearch_correct	13993715444541763638	reconstruction-failed	certificate-error	Proof unsupported by Alethe: contains operator DUMMY_SKOLEM	467782377	collect=454292,normalize=1130125,monomorphize=14500,instantiate=33125,translate=3764959,solve=462367042,replay=18334	
velvet	crush-alethe	1	Velvet/Examples/SubstringSearch.lean|67|16471188947338966842	SubstringSearch_correct	174702952739697047	reconstruction-failed	certificate-error	Proof unsupported by Alethe: contains operator DUMMY_SKOLEM	480863292	collect=138500,normalize=77709,monomorphize=13708,instantiate=34292,translate=2589625,solve=477991958,replay=17500	
velvet	crush-alethe	1	Velvet/Examples/SubstringSearch.lean|68|9975741777879173881	SubstringSearch_correct	11118364135432655742	reconstruction-failed	certificate-error	Proof unsupported by Alethe: contains operator DUMMY_SKOLEM	478700249	collect=147875,normalize=98500,monomorphize=14375,instantiate=33291,translate=3099958,solve=475286042,replay=20208	
velvet	crush-alethe	1	Velvet/Examples/SubstringSearch.lean|69|88332911118243609	SubstringSearch_correct	8191945800170699187	reconstruction-failed	certificate-error	Proof unsupported by Alethe: contains operator DUMMY_SKOLEM	465378416	collect=164250,normalize=147959,monomorphize=14541,instantiate=33041,translate=5186041,solve=459814125,replay=18459	
velvet	crush-alethe	1	Velvet/Examples/SubstringSearch.lean|70|4316548289593557355	SubstringSearch_correct	174702952739697047	reconstruction-failed	certificate-error	Proof unsupported by Alethe: contains operator DUMMY_SKOLEM	490978210	collect=761333,normalize=3711709,monomorphize=47500,instantiate=40209,translate=11776250,solve=474623334,replay=17875	
velvet	crush-alethe	1	Velvet/Examples/SubstringSearch.lean|71|1800578837535211584	SubstringSearch_correct	16427404187394994162	unknown	not-attempted	solver exited without a verdict: cvc5 interrupted by timeout.	5514262791	collect=584583,normalize=4264875,monomorphize=47833,instantiate=42875,translate=13592250,solve=5495730375	
velvet	crush-alethe	1	Velvet/Examples/SubstringSearch.lean|72|10230862668540398183	SubstringSearch_correct	17040693118540766639	reconstruction-failed	certificate-error	Proof unsupported by Alethe: contains operator DUMMY_SKOLEM	493613083	collect=638542,normalize=3726666,monomorphize=45250,instantiate=41250,translate=11958542,solve=477184041,replay=18792	
velvet	crush-alethe	1	Velvet/Examples/SubstringSearch.lean|73|16982021311738439252	SubstringSearch_correct	10055357480764853091	reconstruction-failed	certificate-error	Proof unsupported by Alethe: contains operator DUMMY_SKOLEM	479971374	collect=593250,normalize=3166333,monomorphize=44375,instantiate=41875,translate=11298416,solve=464806666,replay=20459	
velvet	crush-alethe	1	Velvet/Examples/SumOfDigits.lean|1|4887343456502517186	SumOfDigits_correct	4887343456502517186	reconstruction-failed	rule-gap	decoded SMT assumption was not derivable from its Lean source fact	771409999	collect=1385417,normalize=1937708,monomorphize=115750,instantiate=30625583,translate=8517208,solve=478877375,replay=249950958	
velvet	crush-alethe	1	Velvet/Examples/SumOfDigits.lean|2|5431800701729144158	SumOfDigits_correct	5431800701729144158	reconstruction-failed	rule-gap	decoded SMT assumption was not derivable from its Lean source fact	791890373	collect=609916,normalize=1252416,monomorphize=22750,instantiate=17952583,translate=3261125,solve=516890458,replay=251901125	
velvet	crush-alethe	1	Velvet/Examples/SumOfDigits.lean|5|7475080825861972690	SumOfDigits_correct	7475080825861972690	reconstruction-failed	rule-gap	decoded SMT assumption was not derivable from its Lean source fact	755189291	collect=718166,normalize=1207625,monomorphize=23250,instantiate=18286166,translate=3287750,solve=493141625,replay=238524709	
velvet	crush-alethe	1	Velvet/Examples/SumOfDigits.lean|6|15970435702129902192	SumOfDigits_correct	15970435702129902192	reconstruction-failed	rule-gap	decoded SMT assumption was not derivable from its Lean source fact	660193543	collect=727042,normalize=1030875,monomorphize=20042,instantiate=10494167,translate=2262000,solve=464588917,replay=181070500	
velvet	crush-alethe	1	Velvet/Examples/SumOfDigits.lean|7|6640297411548399355	SumOfDigits_correct	6640297411548399355	alethe-reconstructed	success	Alethe certificate replay succeeded	533107958	collect=583542,normalize=860542,monomorphize=20875,instantiate=3951541,translate=1971583,solve=495137667,replay=30582208	certificate_commands=12,certificate_assumes=4,certificate_steps=8,certificate_anchors=0,certificate_sexp_nodes=194,certificate_bytes=778
velvet	crush-alethe	1	Velvet/Examples/SumOfDigits.lean|8|3871074223281074707	SumOfDigits_correct	3871074223281074707	reconstruction-failed	rule-gap	decoded SMT assumption was not derivable from its Lean source fact	737182374	collect=517333,normalize=1072916,monomorphize=21833,instantiate=18262834,translate=3292167,solve=479414875,replay=234600416	
velvet	crush-alethe	1	Velvet/Examples/TestLoopControl.lean|1|4791612905070682933	test1_correct	4791612905070682933	alethe-reconstructed	success	Alethe certificate replay succeeded	874966667	collect=2423292,normalize=2060584,monomorphize=102167,instantiate=237875,translate=5612541,solve=476256333,replay=388273875	certificate_commands=89,certificate_assumes=8,certificate_steps=81,certificate_anchors=0,certificate_sexp_nodes=1516,certificate_bytes=6272
velvet	crush-alethe	1	Velvet/Examples/TestLoopControl.lean|2|4635955882467741603	test1_correct	4635955882467741603	alethe-reconstructed	success	Alethe certificate replay succeeded	648895832	collect=681542,normalize=1663791,monomorphize=16875,instantiate=33416,translate=1775666,solve=470360292,replay=174364250	certificate_commands=24,certificate_assumes=8,certificate_steps=16,certificate_anchors=0,certificate_sexp_nodes=373,certificate_bytes=1486
velvet	crush-alethe	1	Velvet/Examples/TestLoopControl.lean|3|4791612905070682933	test1_correct	4791612905070682933	alethe-reconstructed	success	Alethe certificate replay succeeded	877314791	collect=606750,normalize=1355833,monomorphize=17125,instantiate=30666,translate=1637292,solve=487818625,replay=385848500	certificate_commands=83,certificate_assumes=8,certificate_steps=75,certificate_anchors=0,certificate_sexp_nodes=1400,certificate_bytes=5787
velvet	crush-alethe	1	Velvet/Examples/TestLoopControl.lean|5|4982008840348523404	test1_correct	4982008840348523404	alethe-reconstructed	success	Alethe certificate replay succeeded	710125040	collect=716541,normalize=840292,monomorphize=17291,instantiate=31333,translate=1342500,solve=475154333,replay=232022750	certificate_commands=66,certificate_assumes=10,certificate_steps=55,certificate_anchors=1,certificate_sexp_nodes=995,certificate_bytes=4472
velvet	crush-alethe	1	Velvet/Examples/TestLoopControl.lean|6|14929476196725773389	test1_correct	14929476196725773389	alethe-reconstructed	success	Alethe certificate replay succeeded	499750127	collect=599458,normalize=562584,monomorphize=13709,instantiate=34375,translate=984125,solve=473889209,replay=23666667	certificate_commands=15,certificate_assumes=3,certificate_steps=12,certificate_anchors=0,certificate_sexp_nodes=201,certificate_bytes=830
velvet	crush-alethe	1	Velvet/Examples/TestLoopControl.lean|7|2311107858308393802	test1_correct	2311107858308393802	alethe-reconstructed	success	Alethe certificate replay succeeded	1064126042	collect=434209,normalize=893375,monomorphize=16666,instantiate=39875,translate=1545625,solve=509662042,replay=551534250	certificate_commands=219,certificate_assumes=20,certificate_steps=193,certificate_anchors=6,certificate_sexp_nodes=3211,certificate_bytes=15527
velvet	crush-alethe	1	Velvet/Examples/TestLoopControl.lean|9|4791612905070682933	test2_correct	4791612905070682933	alethe-reconstructed	success	Alethe certificate replay succeeded	899118792	collect=873042,normalize=1394917,monomorphize=18125,instantiate=35083,translate=2141792,solve=473071750,replay=421584083	certificate_commands=84,certificate_assumes=9,certificate_steps=75,certificate_anchors=0,certificate_sexp_nodes=1424,certificate_bytes=5867
velvet	crush-alethe	1	Velvet/Examples/TestLoopControl.lean|11|817407402121334710	test2_correct	817407402121334710	alethe-reconstructed	success	Alethe certificate replay succeeded	705928084	collect=808667,normalize=849792,monomorphize=14958,instantiate=34417,translate=1302208,solve=468793500,replay=234124542	certificate_commands=84,certificate_assumes=13,certificate_steps=69,certificate_anchors=2,certificate_sexp_nodes=1193,certificate_bytes=5491
velvet	crush-alethe	1	Velvet/Examples/TestLoopControl.lean|12|14929476196725773389	test2_correct	14929476196725773389	alethe-reconstructed	success	Alethe certificate replay succeeded	487473208	collect=584667,normalize=585542,monomorphize=14041,instantiate=31041,translate=963584,solve=460988333,replay=24306000	certificate_commands=15,certificate_assumes=3,certificate_steps=12,certificate_anchors=0,certificate_sexp_nodes=201,certificate_bytes=830
velvet	crush-alethe	1	Velvet/Examples/TestLoopControl.lean|13|2311107858308393802	test2_correct	2311107858308393802	alethe-reconstructed	success	Alethe certificate replay succeeded	693779876	collect=443375,normalize=865166,monomorphize=17209,instantiate=36292,translate=1556167,solve=494499375,replay=196362292	certificate_commands=49,certificate_assumes=12,certificate_steps=37,certificate_anchors=0,certificate_sexp_nodes=799,certificate_bytes=3363
velvet	crush-alethe	1	Velvet/Examples/TestLoopControl.lean|14|8140981983620881888	sum_even_correct	8140981983620881888	reconstruction-failed	certificate-error	Proof unsupported by Alethe: contains operator DUMMY_SKOLEM	752065291	collect=242625,normalize=817916,monomorphize=30958,instantiate=269368083,translate=15433375,solve=466117167,replay=55167	
velvet	crush-alethe	1	Velvet/Examples/TestLoopControl.lean|15|13972406881857011341	sum_even_correct	13972406881857011341	reconstruction-failed	certificate-error	Proof unsupported by Alethe: contains operator DUMMY_SKOLEM	1028563665	collect=238666,normalize=892666,monomorphize=27459,instantiate=518124000,translate=19160541,solve=490093708,replay=26625	
velvet	crush-alethe	1	Velvet/Examples/TestLoopControl.lean|16|8140981983620881888	sum_even_correct	8140981983620881888	reconstruction-failed	certificate-error	Proof unsupported by Alethe: contains operator DUMMY_SKOLEM	756931917	collect=231125,normalize=812250,monomorphize=24875,instantiate=266219625,translate=12999500,solve=476622292,replay=22250	
velvet	crush-alethe	1	Velvet/Examples/TestLoopControl.lean|17|2763434902891560151	sum_even_correct	2763434902891560151	reconstruction-failed	certificate-error	Proof unsupported by Alethe: contains operator DUMMY_SKOLEM	1034123459	collect=246625,normalize=1218417,monomorphize=23959,instantiate=521775458,translate=19842375,solve=490997083,replay=19542	
velvet	crush-alethe	1	Velvet/Examples/TestLoopControl.lean|20|12910903814107581038	sum_even_correct	12910903814107581038	reconstruction-failed	certificate-error	Proof unsupported by Alethe: contains operator DUMMY_SKOLEM	795206418	collect=224000,normalize=319250,monomorphize=22708,instantiate=304261125,translate=18333292,solve=472024459,replay=21584	
velvet	crush-alethe	1	Velvet/Examples/TestLoopControl.lean|21|8811351339800985865	sum_even_correct	8811351339800985865	reconstruction-failed	certificate-error	Proof unsupported by Alethe: contains operator DUMMY_SKOLEM	487058083	collect=187750,normalize=218875,monomorphize=22250,instantiate=1610500,translate=7417792,solve=477581958,replay=18958	
velvet	crush-alethe	1	Velvet/Examples/TestMatch.lean|6|12313593517213863317	test3_correct	12313593517213863317	alethe-reconstructed	success	Alethe certificate replay succeeded	525037041	collect=2186416,normalize=1209000,monomorphize=103458,instantiate=225583,translate=4805583,solve=464721792,replay=51785209	certificate_commands=15,certificate_assumes=7,certificate_steps=8,certificate_anchors=0,certificate_sexp_nodes=169,certificate_bytes=695
velvet	crush-alethe	1	Velvet/Examples/TestMatch.lean|7|5915416142655103160	test3_correct	5915416142655103160	alethe-reconstructed	success	Alethe certificate replay succeeded	966979539	collect=605583,normalize=727416,monomorphize=37416,instantiate=35417,translate=2149416,solve=486681458,replay=476742833	certificate_commands=121,certificate_assumes=16,certificate_steps=103,certificate_anchors=2,certificate_sexp_nodes=1874,certificate_bytes=8797
velvet	crush-alethe	1	Velvet/Examples/Total_Partial_example.lean|1|1993702872115081742	insertionSort_part_correct	14354530589729947841	reconstruction-failed	certificate-error	Proof unsupported by Alethe: contains operator DUMMY_SKOLEM	548779916	collect=630833,normalize=309667,monomorphize=6714125,instantiate=50452041,translate=17774500,solve=472774875,replay=123875	
velvet	crush-alethe	1	Velvet/Examples/Total_Partial_example.lean|3|1066791641437412485	insertionSort_part_correct	1066791641437412485	reconstruction-failed	certificate-error	Proof unsupported by Alethe: contains operator DUMMY_SKOLEM	585618998	collect=358833,normalize=2650583,monomorphize=11386625,instantiate=71718333,translate=18416916,solve=481069583,replay=18125	
velvet	crush-alethe	1	Velvet/Examples/Total_Partial_example.lean|4|8472930623785656869	insertionSort_part_correct	18353889382475767599	reconstruction-failed	certificate-error	Proof unsupported by Alethe: contains operator DUMMY_SKOLEM	3971667125	collect=309458,normalize=2854250,monomorphize=30116000,instantiate=232755000,translate=61792333,solve=3643813459,replay=26625	
velvet	crush-alethe	1	Velvet/Examples/Total_Partial_example.lean|5|2816846931760221370	insertionSort_part_correct	2816846931760221370	reconstruction-failed	certificate-error	Proof unsupported by Alethe: contains operator DUMMY_SKOLEM	600442791	collect=317416,normalize=2806000,monomorphize=14814250,instantiate=76488500,translate=22017500,solve=483968042,replay=31083	
velvet	crush-alethe	1	Velvet/Examples/Total_Partial_example.lean|7|1066791641437412485	insertionSort_part_correct	1066791641437412485	reconstruction-failed	certificate-error	Proof unsupported by Alethe: contains operator DUMMY_SKOLEM	580282040	collect=294291,normalize=2462416,monomorphize=11278166,instantiate=72062333,translate=18135542,solve=476027042,replay=22250	
velvet	crush-alethe	1	Velvet/Examples/Total_Partial_example.lean|8|14825588553610653054	insertionSort_part_correct	13858382852922432078	unknown	not-attempted	solver exited without a verdict: cvc5 interrupted by timeout.	11328037793	collect=310333,normalize=2694625,monomorphize=12963625,instantiate=262126417,translate=50317459,solve=5473714500,translate-fallback=55180334,solve-fallback=5470730500	
velvet	crush-alethe	1	Velvet/Examples/Total_Partial_example.lean|12|16465886849738339639	insertionSort_part_correct	13858382852922432078	reconstruction-failed	certificate-error	Proof unsupported by Alethe: contains operator DUMMY_SKOLEM	649585874	collect=331333,normalize=2585041,monomorphize=11466416,instantiate=53299042,translate=17641125,solve=564244125,replay=18792	
velvet	crush-alethe	1	Velvet/Examples/Total_Partial_example.lean|14|5918835836158453730	insertionSort_part_correct	5918835836158453730	reconstruction-failed	certificate-error	Proof unsupported by Alethe: contains operator DUMMY_SKOLEM	493367166	collect=263333,normalize=2575000,monomorphize=9518541,instantiate=1840583,translate=10052416,solve=469099584,replay=17709	
velvet	crush-alethe	1	Velvet/Examples/Total_Partial_example.lean|16|12155028420956038391	insertionSort_part_correct	12155028420956038391	reconstruction-failed	certificate-error	Proof unsupported by Alethe: contains operator DUMMY_SKOLEM	482041164	collect=250666,normalize=1503291,monomorphize=6908708,instantiate=1402000,translate=7367833,solve=464590458,replay=18208	
velvet	crush-alethe	1	Velvet/Examples/Total_Partial_example.lean|17|14852526092468225565	insertionSort_part_correct	139088297960392149	reconstruction-failed	certificate-error	Proof unsupported by Alethe: contains operator DUMMY_SKOLEM	655274041	collect=273375,normalize=1819250,monomorphize=8584333,instantiate=53577375,translate=15987000,solve=575012250,replay=20458	
velvet	crush-alethe	1	Velvet/Examples/Total_Partial_example.lean|20|4477598582358312981	insertionSort_part_correct	4477598582358312981	reconstruction-failed	certificate-error	Proof unsupported by Alethe: contains operator DUMMY_SKOLEM	504758665	collect=330791,normalize=2709833,monomorphize=11776125,instantiate=1929167,translate=12464666,solve=475521666,replay=26417	
velvet	crush-alethe	1	Velvet/Examples/Total_Partial_example.lean|21|7903702650473013145	insertionSort_part_correct	17272444315034915638	reconstruction-failed	certificate-error	Proof unsupported by Alethe: contains operator DUMMY_SKOLEM	649625501	collect=305542,normalize=2532708,monomorphize=12522917,instantiate=48745125,translate=17601542,solve=567894833,replay=22834	
velvet	crush-alethe	1	Velvet/Examples/Total_Partial_example.lean|25|11248877774576345437	insertionSort_part_correct	139088297960392149	reconstruction-failed	certificate-error	Proof unsupported by Alethe: contains operator DUMMY_SKOLEM	649067627	collect=248917,normalize=1493584,monomorphize=8392667,instantiate=47966584,translate=14529708,solve=576338709,replay=97458	
velvet	crush-alethe	1	Velvet/Examples/Total_Partial_example.lean|27|6709257883257101731	insertionSort_part_correct	6709257883257101731	reconstruction-failed	certificate-error	Proof unsupported by Alethe: contains operator DUMMY_SKOLEM	482386126	collect=278375,normalize=2093417,monomorphize=7151000,instantiate=1323250,translate=9087542,solve=462434083,replay=18459	
velvet	crush-alethe	1	Velvet/Examples/Total_Partial_example.lean|28|16576486626369642801	insertionSort_part_correct	16576486626369642801	reconstruction-failed	certificate-error	Proof unsupported by Alethe: contains operator DUMMY_SKOLEM	477360626	collect=182250,normalize=108458,monomorphize=2888292,instantiate=786125,translate=5189542,solve=468187084,replay=18875	
velvet	crush-alethe	1	Velvet/Examples/Total_Partial_example.lean|29|11235314628722112900	insertionSort_part_correct	14354530589729947841	reconstruction-failed	certificate-error	Proof unsupported by Alethe: contains operator DUMMY_SKOLEM	540671793	collect=192459,normalize=145375,monomorphize=5359292,instantiate=48086042,translate=11478500,solve=475390125,replay=20000	
velvet	crush-alethe	1	Velvet/Examples/Total_Partial_example.lean|31|18214290959922115111	insertionSort_part_correct	17272444315034915638	reconstruction-failed	certificate-error	Proof unsupported by Alethe: contains operator DUMMY_SKOLEM	638684335	collect=270042,normalize=1571459,monomorphize=8943000,instantiate=48547709,translate=15099500,solve=564231584,replay=21041	
velvet	crush-alethe	1	Velvet/Examples/Total_Partial_example.lean|33|11568103068982921353	insertionSort_termination_correct	11568103068982921353	reconstruction-failed	certificate-error	Proof unsupported by Alethe: contains operator DUMMY_SKOLEM	556150583	collect=236542,normalize=1368541,monomorphize=6337750,instantiate=69923916,translate=15207792,solve=463055542,replay=20500	
velvet	crush-alethe	1	Velvet/Examples/Total_Partial_example.lean|35|11568103068982921353	insertionSort_termination_correct	11568103068982921353	reconstruction-failed	certificate-error	Proof unsupported by Alethe: contains operator DUMMY_SKOLEM	577151416	collect=234500,normalize=1444375,monomorphize=6515541,instantiate=70847708,translate=15206375,solve=482875292,replay=27625	
velvet	crush-alethe	1	Velvet/Examples/Total_Partial_example.lean|37|5918835836158453730	insertionSort_termination_correct	5918835836158453730	reconstruction-failed	certificate-error	Proof unsupported by Alethe: contains operator DUMMY_SKOLEM	474861959	collect=261292,normalize=1586500,monomorphize=4007000,instantiate=1316375,translate=6921667,solve=460748625,replay=20500	
velvet	crush-alethe	1	Velvet/Examples/Total_Partial_example.lean|40|4477598582358312981	insertionSort_termination_correct	4477598582358312981	reconstruction-failed	certificate-error	Proof unsupported by Alethe: contains operator DUMMY_SKOLEM	489673540	collect=268750,normalize=1414458,monomorphize=5215458,instantiate=1412083,translate=7886250,solve=473456583,replay=19958	
velvet	crush-alethe	1	Velvet/Examples/Total_Partial_example.lean|41|18088860687919872176	insertionSort_termination_correct	18088860687919872176	reconstruction-failed	certificate-error	Proof unsupported by Alethe: contains operator DUMMY_SKOLEM	490111584	collect=266959,normalize=1463291,monomorphize=5706584,instantiate=1482083,translate=7541750,solve=473631667,replay=19250	
velvet	crush-alethe	1	Velvet/Examples/Total_Partial_example.lean|44|6709257883257101731	insertionSort_termination_correct	6709257883257101731	reconstruction-failed	certificate-error	Proof unsupported by Alethe: contains operator DUMMY_SKOLEM	487635124	collect=209750,normalize=1228833,monomorphize=3169208,instantiate=956000,translate=5827625,solve=476222833,replay=20875	
velvet	crush-alethe	1	Velvet/Examples/Total_Partial_example.lean|45|16576486626369642801	insertionSort_termination_correct	16576486626369642801	reconstruction-failed	certificate-error	Proof unsupported by Alethe: contains operator DUMMY_SKOLEM	469750500	collect=175041,normalize=101875,monomorphize=2897667,instantiate=770167,translate=4826542,solve=460960041,replay=19167	
velvet	crush-portfolio	1	Velvet/Examples/EncodeDecodeStr.lean|1|4325354716326072573	decodeStr'_correct	4325354716326072573	core-reconstructed	certificate-error	core-directed reconstruction succeeded	508055457	collect=2718791,pre-reconstruct=3220958,normalize=2268250,monomorphize=111542,instantiate=231416,translate=14507708,solve=468293625,replay=136500,reconstruct=16566667	
velvet	crush-portfolio	1	Velvet/Examples/EncodeDecodeStr.lean|2|3233717574493770211	decodeStr'_correct	16298341802593511044	unknown	not-attempted	solver exited without a verdict: cvc5 interrupted by timeout.	5489739166	collect=492209,pre-reconstruct=7998375,normalize=2294250,monomorphize=21916,instantiate=41416,translate=11977375,solve=5466913625	
velvet	crush-portfolio	1	Velvet/Examples/EncodeDecodeStr.lean|3|14557075163885871591	decodeStr'_correct	14557075163885871591	core-reconstructed	certificate-error	core-directed reconstruction succeeded	495692544	collect=492333,pre-reconstruct=1245084,normalize=1959750,monomorphize=27792,instantiate=45167,translate=7862959,solve=469766292,replay=18667,reconstruct=14274500	
velvet	crush-portfolio	1	Velvet/Examples/EncodeDecodeStr.lean|5|13851523499043008614	decodeStr'_correct	13851523499043008614	core-reconstructed	certificate-error	core-directed reconstruction succeeded	507795292	collect=485083,pre-reconstruct=408584,normalize=1516666,monomorphize=19667,instantiate=30083,translate=7161459,solve=482650042,replay=18791,reconstruct=15504917	
velvet	crush-portfolio	1	Velvet/Examples/EncodeDecodeStr.lean|6|8816666150414203262	decodeStr'_correct	8816666150414203262	core-reconstructed	certificate-error	core-directed reconstruction succeeded	474396040	collect=454791,pre-reconstruct=863375,normalize=1460458,monomorphize=19416,instantiate=31875,translate=3442917,solve=464588708,replay=19333,reconstruct=3515167	
velvet	crush-portfolio	1	Velvet/Examples/EncodeDecodeStr.lean|7|7432640679462075544	decodeStr'_correct	1656677057252754089	unknown	not-attempted	no reason given	582687582	collect=460667,pre-reconstruct=1664292,normalize=2415458,monomorphize=18583,instantiate=34291,translate=5300416,solve=572793875	
velvet	crush-portfolio	1	Velvet/Examples/EncodeDecodeStr.lean|8|9639754685172097330	decodeStr'_correct	9639754685172097330	unknown	not-attempted	solver exited without a verdict: cvc5 interrupted by timeout.	5489984168	collect=645125,pre-reconstruct=1492959,normalize=1942542,monomorphize=22500,instantiate=45333,translate=7696750,solve=5478138959	
velvet	crush-portfolio	1	Velvet/Examples/EncodeDecodeStr.lean|9|10203002127808532242	encodeStr_correct	10203002127808532242	core-reconstructed	certificate-error	core-directed reconstruction succeeded	504595958	collect=1442083,pre-reconstruct=3064000,normalize=4279792,monomorphize=27083,instantiate=39583,translate=9156625,solve=469648375,replay=19334,reconstruct=16919083	
velvet	crush-portfolio	1	Velvet/Examples/EncodeDecodeStr.lean|10|15527439877898811686	encodeStr_correct	9685533339980702200	core-reconstructed	certificate-error	core-directed reconstruction succeeded	694058043	collect=567459,pre-reconstruct=13321833,normalize=4681041,monomorphize=30459,instantiate=44791,translate=10922834,solve=474858584,replay=21292,reconstruct=189609750	
velvet	crush-portfolio	1	Velvet/Examples/EncodeDecodeStr.lean|11|4253526900314070824	encodeStr_correct	4253526900314070824	core-reconstructed	certificate-error	core-directed reconstruction succeeded	511953459	collect=524208,pre-reconstruct=1556667,normalize=4174834,monomorphize=23417,instantiate=43750,translate=8668333,solve=474538375,replay=20750,reconstruct=22403125	
velvet	crush-portfolio	1	Velvet/Examples/EncodeDecodeStr.lean|12|17087698223479619887	encodeStr_correct	9685533339980702200	pre-reconstructed	not-attempted	closed before SMT translation	1619833	collect=567458,pre-reconstruct=1052375	
velvet	crush-portfolio	1	Velvet/Examples/EncodeDecodeStr.lean|13|13168721855841554394	encodeStr_correct	13168721855841554394	selected-fact	not-attempted	closed from a selected Lean fact	596292	collect=596292	
velvet	crush-portfolio	1	Velvet/Examples/EncodeDecodeStr.lean|14|8050235650381385355	encodeStr_correct	8050235650381385355	core-reconstructed	certificate-error	core-directed reconstruction succeeded	502824167	collect=502916,pre-reconstruct=1828958,normalize=2246500,monomorphize=23792,instantiate=40833,translate=5862167,solve=476180459,replay=18667,reconstruct=16119875	
velvet	crush-portfolio	1	Velvet/Examples/EncodeDecodeStr.lean|15|3874562368415809942	encodeStr_correct	9685533339980702200	core-reconstructed	certificate-error	core-directed reconstruction succeeded	493076333	collect=485833,pre-reconstruct=1915000,normalize=2134334,monomorphize=22708,instantiate=33500,translate=6287916,solve=466907959,replay=19750,reconstruct=15269333	
velvet	crush-portfolio	1	Velvet/Examples/EncodeDecodeStr.lean|16|16403843650363689650	encodeStr_correct	16403843650363689650	core-reconstructed	certificate-error	core-directed reconstruction succeeded	493752252	collect=538792,pre-reconstruct=1463584,normalize=4175917,monomorphize=27792,instantiate=37667,translate=9460416,solve=463009792,replay=23042,reconstruct=15015250	
velvet	crush-portfolio	1	Velvet/Examples/EncodeDecodeStr.lean|17|17528322019345720798	encodeStr_correct	17528322019345720798	unknown	not-attempted	solver exited without a verdict: cvc5 interrupted by timeout.	5487618834	collect=579750,pre-reconstruct=5522500,normalize=4338042,monomorphize=25417,instantiate=42792,translate=10041083,solve=5467069250	
velvet	crush-portfolio	1	Velvet/Examples/EncodeDecodeStr.lean|18|14846570717984605519	encodeStr_correct	14846570717984605519	core-reconstructed	certificate-error	core-directed reconstruction succeeded	559036583	collect=604500,pre-reconstruct=804209,normalize=5275125,monomorphize=25125,instantiate=44166,translate=11655708,solve=489363292,replay=18958,reconstruct=51245500	
velvet	crush-portfolio	1	Velvet/Examples/EncodeDecodeStr.lean|19|17345521196864181404	encodeStr_correct	17345521196864181404	core-reconstructed	certificate-error	core-directed reconstruction succeeded	503042875	collect=479292,pre-reconstruct=1197250,normalize=2170875,monomorphize=25000,instantiate=32667,translate=5022708,solve=479129125,replay=18833,reconstruct=14967125	
velvet	crush-portfolio	1	Velvet/Examples/EncodeDecodeStr.lean|21|16873295595722686018	encodeStr_correct	16873295595722686018	selected-fact	not-attempted	closed from a selected Lean fact	575625	collect=575625	
velvet	crush-portfolio	1	Velvet/Examples/EncodeDecodeStr.lean|22|5769627519083430677	encodeStr_correct	5769627519083430677	selected-fact	not-attempted	closed from a selected Lean fact	425792	collect=425792	
velvet	crush-portfolio	1	Velvet/Examples/EncodeDecodeStr.lean|23|15630242782200619292	encodeStr_correct	15630242782200619292	core-reconstructed	certificate-error	core-directed reconstruction succeeded	468939208	collect=104375,pre-reconstruct=945500,normalize=52500,monomorphize=16375,instantiate=33292,translate=1678666,solve=462584667,replay=18625,reconstruct=3505208	
velvet	crush-portfolio	1	Velvet/Examples/EncodeDecodeStr.lean|25|4098508629850130765	encodeStr_correct	4098508629850130765	unknown	not-attempted	no reason given	479369332	collect=621708,pre-reconstruct=113666,normalize=1303708,monomorphize=14791,instantiate=30667,translate=5052459,solve=472232333	
velvet	crush-portfolio	1	Velvet/Examples/EncodeDecodeStr.lean|26|6449688271898666716	encodeStr_correct	6449688271898666716	unknown	not-attempted	solver exited without a verdict: cvc5 interrupted by timeout.	5500526250	collect=563750,pre-reconstruct=483625,normalize=2101625,monomorphize=22125,instantiate=37041,translate=5078917,solve=5492239167	
velvet	crush-portfolio	1	Velvet/Examples/EncodeDecodeStr.lean|27|3108445719328028112	encodeStr_correct	3108445719328028112	core-reconstructed	certificate-error	core-directed reconstruction succeeded	492978459	collect=750583,pre-reconstruct=156792,normalize=3243750,monomorphize=22958,instantiate=56292,translate=6844000,solve=478364459,replay=20458,reconstruct=3519167	
velvet	crush-portfolio	1	Velvet/Examples/Examples.lean|2|1066791641437412485	insertionSort_correct	1066791641437412485	core-reconstructed	certificate-error	core-directed reconstruction succeeded	630955582	collect=872292,pre-reconstruct=5520583,normalize=3074250,monomorphize=12729125,instantiate=74265458,translate=24475416,solve=482221750,replay=137417,reconstruct=27659291	
velvet	crush-portfolio	1	Velvet/Examples/Examples.lean|3|9866248891257573647	insertionSort_correct	12810594954652992486	reconstruction-failed	certificate-error	core-directed reconstruction did not close the goal	8631588291	collect=335958,pre-reconstruct=800040541,normalize=3640250,monomorphize=30565042,instantiate=217931750,translate=61260084,solve=3467318708,replay=24083,reconstruct=4050471875	
velvet	crush-portfolio	1	Velvet/Examples/Examples.lean|4|18360837223612973524	insertionSort_correct	18360837223612973524	core-reconstructed	certificate-error	core-directed reconstruction succeeded	679337250	collect=323041,pre-reconstruct=5704208,normalize=3234875,monomorphize=15120500,instantiate=87949250,translate=21965375,solve=477448167,replay=21417,reconstruct=67570417	
velvet	crush-portfolio	1	Velvet/Examples/Examples.lean|6|1066791641437412485	insertionSort_correct	1066791641437412485	core-reconstructed	certificate-error	core-directed reconstruction succeeded	620252125	collect=291916,pre-reconstruct=3696750,normalize=2561375,monomorphize=11985917,instantiate=75449042,translate=19014958,solve=479687458,replay=22292,reconstruct=27542417	
velvet	crush-portfolio	1	Velvet/Examples/Examples.lean|7|14825588553610653054	insertionSort_correct	13858382852922432078	unknown	not-attempted	solver exited without a verdict: cvc5 interrupted by timeout.	11406115000	collect=359875,pre-reconstruct=77152167,normalize=2757083,monomorphize=12893667,instantiate=270629417,translate=55104250,solve=5467204458,translate-fallback=55087333,solve-fallback=5464926750	
velvet	crush-portfolio	1	Velvet/Examples/Examples.lean|11|16465886849738339639	insertionSort_correct	13858382852922432078	core-reconstructed	certificate-error	core-directed reconstruction succeeded	684686000	collect=334917,pre-reconstruct=14298958,normalize=3027250,monomorphize=11941500,instantiate=55040958,translate=17936417,solve=564209958,replay=19500,reconstruct=17876542	
velvet	crush-portfolio	1	Velvet/Examples/Examples.lean|13|2438232962388206336	insertionSort_correct	2438232962388206336	core-reconstructed	certificate-error	core-directed reconstruction succeeded	512672666	collect=263250,pre-reconstruct=1908125,normalize=2420792,monomorphize=9315958,instantiate=1897417,translate=9764875,solve=474868375,replay=18958,reconstruct=12214916	
velvet	crush-portfolio	1	Velvet/Examples/Examples.lean|15|12155028420956038391	insertionSort_correct	12155028420956038391	core-reconstructed	certificate-error	core-directed reconstruction succeeded	494064166	collect=230708,pre-reconstruct=1464500,normalize=1404917,monomorphize=6830458,instantiate=1356041,translate=7499958,solve=470174959,replay=18000,reconstruct=5084625	
velvet	crush-portfolio	1	Velvet/Examples/Examples.lean|16|14852526092468225565	insertionSort_correct	139088297960392149	core-reconstructed	certificate-error	core-directed reconstruction succeeded	711489707	collect=271916,pre-reconstruct=17653792,normalize=1918417,monomorphize=9329541,instantiate=55862041,translate=16901250,solve=561031458,replay=22250,reconstruct=48499042	
velvet	crush-portfolio	1	Velvet/Examples/Examples.lean|19|12688677688377801211	insertionSort_correct	12688677688377801211	core-reconstructed	certificate-error	core-directed reconstruction succeeded	510407041	collect=292916,pre-reconstruct=3331792,normalize=2376333,monomorphize=11153250,instantiate=2050167,translate=11475042,solve=463248125,replay=18916,reconstruct=16460500	
velvet	crush-portfolio	1	Velvet/Examples/Examples.lean|20|7903702650473013145	insertionSort_correct	17272444315034915638	core-reconstructed	certificate-error	core-directed reconstruction succeeded	712008790	collect=303417,pre-reconstruct=21709083,normalize=2462583,monomorphize=12357666,instantiate=50412208,translate=17773875,solve=571941916,replay=25167,reconstruct=35022875	
velvet	crush-portfolio	1	Velvet/Examples/Examples.lean|23|5379360585891885096	insertionSort_correct	5379360585891885096	core-reconstructed	certificate-error	core-directed reconstruction succeeded	517660791	collect=249541,pre-reconstruct=1835792,normalize=1516667,monomorphize=6901709,instantiate=1384916,translate=7619625,solve=480263250,replay=19541,reconstruct=17869750	
velvet	crush-portfolio	1	Velvet/Examples/Examples.lean|24|11248877774576345437	insertionSort_correct	139088297960392149	core-reconstructed	certificate-error	core-directed reconstruction succeeded	651842082	collect=257875,pre-reconstruct=1449750,normalize=1563292,monomorphize=8373416,instantiate=49382500,translate=14796041,solve=556192542,replay=20708,reconstruct=19805958	
velvet	crush-portfolio	1	Velvet/Examples/Examples.lean|26|11532741708565178815	insertionSort_correct	11532741708565178815	core-reconstructed	certificate-error	core-directed reconstruction succeeded	495805709	collect=241042,pre-reconstruct=1174083,normalize=1459334,monomorphize=6709583,instantiate=1316125,translate=7444375,solve=474656500,replay=20292,reconstruct=2784375	
velvet	crush-portfolio	1	Velvet/Examples/Examples.lean|27|13894794097547967513	insertionSort_correct	13894794097547967513	core-reconstructed	certificate-error	core-directed reconstruction succeeded	482905376	collect=159042,pre-reconstruct=1300125,normalize=111708,monomorphize=2878208,instantiate=823417,translate=4322125,solve=457914250,replay=17792,reconstruct=15378709	
velvet	crush-portfolio	1	Velvet/Examples/Examples.lean|28|11235314628722112900	insertionSort_correct	14354530589729947841	core-reconstructed	certificate-error	core-directed reconstruction succeeded	553091459	collect=226000,pre-reconstruct=623208,normalize=152709,monomorphize=5371959,instantiate=50634375,translate=11693958,solve=466350750,replay=22958,reconstruct=18015542	
velvet	crush-portfolio	1	Velvet/Examples/Examples.lean|30|18214290959922115111	insertionSort_correct	17272444315034915638	core-reconstructed	certificate-error	core-directed reconstruction succeeded	1667114125	collect=229500,pre-reconstruct=11402792,normalize=259541,monomorphize=8673667,instantiate=50126625,translate=15001708,solve=558004667,replay=27333,reconstruct=1023388292	
velvet	crush-portfolio	1	Velvet/Examples/Examples.lean|31|17119794831572106230	sqrt_correct	5307985127850147097	alethe-reconstructed	success	Alethe certificate replay succeeded	604752832	collect=961291,pre-reconstruct=123625,normalize=630042,monomorphize=14583,instantiate=33583,translate=1287166,solve=473509792,replay=128192750	certificate_commands=25,certificate_assumes=6,certificate_steps=19,certificate_anchors=0,certificate_sexp_nodes=385,certificate_bytes=1596
velvet	crush-portfolio	1	Velvet/Examples/Examples.lean|32|16395326812896940336	sqrt_correct	3661544389526892522	alethe-reconstructed	success	Alethe certificate replay succeeded	600656083	collect=572375,pre-reconstruct=117708,normalize=537583,monomorphize=13584,instantiate=32458,translate=1200166,solve=464888084,replay=133294125	certificate_commands=25,certificate_assumes=6,certificate_steps=19,certificate_anchors=0,certificate_sexp_nodes=385,certificate_bytes=1596
velvet	crush-portfolio	1	Velvet/Examples/Examples.lean|33|4559485301326837329	sqrt_correct	4559485301326837329	alethe-reconstructed	success	Alethe certificate replay succeeded	523899124	collect=712792,pre-reconstruct=133541,normalize=620542,monomorphize=17625,instantiate=32292,translate=1188166,solve=471021541,replay=50172625	certificate_commands=13,certificate_assumes=4,certificate_steps=9,certificate_anchors=0,certificate_sexp_nodes=187,certificate_bytes=764
velvet	crush-portfolio	1	Velvet/Examples/Examples.lean|34|15833581759277421577	sqrt_correct	9636917653559417038	core-reconstructed	rule-gap	core-directed reconstruction succeeded	735420834	collect=556208,pre-reconstruct=4972375,normalize=827667,monomorphize=18750,instantiate=33584,translate=2026209,solve=583044708,replay=126784416,reconstruct=17156917	
velvet	crush-portfolio	1	Velvet/Examples/Examples.lean|35|7228731597997214785	sqrt_correct	9636917653559417038	pre-reconstructed	not-attempted	closed before SMT translation	1279042	collect=635250,pre-reconstruct=643792	
velvet	crush-portfolio	1	Velvet/Examples/Examples.lean|36|17256355208408803011	sqrt_correct	17256355208408803011	core-reconstructed	rule-gap	core-directed reconstruction succeeded	609743585	collect=257792,pre-reconstruct=505625,normalize=808375,monomorphize=18459,instantiate=34750,translate=1644959,solve=470613500,replay=115234375,reconstruct=20625750	
velvet	crush-portfolio	1	Velvet/Examples/Examples.lean|37|13635698331308129878	sqrt_correct	9636917653559417038	alethe-reconstructed	success	Alethe certificate replay succeeded	579467999	collect=624333,pre-reconstruct=132042,normalize=737000,monomorphize=14541,instantiate=30250,translate=1316209,solve=466859833,replay=109753791	certificate_commands=10,certificate_assumes=6,certificate_steps=4,certificate_anchors=0,certificate_sexp_nodes=122,certificate_bytes=538
velvet	crush-portfolio	1	Velvet/Examples/Examples.lean|38|10800841518550636949	sqrt_correct	123143008762622395	core-reconstructed	rule-gap	core-directed reconstruction succeeded	776056124	collect=743916,pre-reconstruct=544292,normalize=886583,monomorphize=20333,instantiate=34042,translate=2118291,solve=627237917,replay=143438125,reconstruct=1032625	
velvet	crush-portfolio	1	Velvet/Examples/Examples.lean|39|12457966505053151830	sqrt_correct	3661544389526892522	core-reconstructed	rule-gap	core-directed reconstruction succeeded	1077385916	collect=640000,pre-reconstruct=5716125,normalize=862375,monomorphize=20750,instantiate=42125,translate=2091375,solve=593162958,replay=129367291,reconstruct=345482917	
velvet	crush-portfolio	1	Velvet/Examples/Examples.lean|40|17578352201394481400	sqrt_correct	17578352201394481400	core-reconstructed	rule-gap	core-directed reconstruction succeeded	781615247	collect=578250,pre-reconstruct=5153583,normalize=789333,monomorphize=18416,instantiate=33708,translate=1949333,solve=607384625,replay=129309458,reconstruct=36398541	
velvet	crush-portfolio	1	Velvet/Examples/Examples_Total.lean|2|1066791641437412485	insertionSort_total_correct	1066791641437412485	core-reconstructed	certificate-error	core-directed reconstruction succeeded	632184999	collect=857000,pre-reconstruct=5388375,normalize=3254708,monomorphize=13857416,instantiate=80247292,translate=26298666,solve=470029458,replay=125084,reconstruct=32127000	
velvet	crush-portfolio	1	Velvet/Examples/Examples_Total.lean|3|9866248891257573647	insertionSort_total_correct	12810594954652992486	reconstruction-failed	certificate-error	core-directed reconstruction did not close the goal	8488308999	collect=379291,pre-reconstruct=799436375,normalize=3286417,monomorphize=29291875,instantiate=208072000,translate=63280125,solve=3411806000,replay=19375,reconstruct=3972737541	
velvet	crush-portfolio	1	Velvet/Examples/Examples_Total.lean|4|18360837223612973524	insertionSort_total_correct	18360837223612973524	core-reconstructed	certificate-error	core-directed reconstruction succeeded	662902708	collect=291416,pre-reconstruct=5829959,normalize=3074833,monomorphize=14430625,instantiate=80782042,translate=20600375,solve=473473958,replay=18000,reconstruct=64401500	
velvet	crush-portfolio	1	Velvet/Examples/Examples_Total.lean|5|11568103068982921353	insertionSort_total_correct	11568103068982921353	core-reconstructed	certificate-error	core-directed reconstruction succeeded	609013501	collect=280542,pre-reconstruct=1305834,normalize=2508083,monomorphize=11476208,instantiate=72766500,translate=18093542,solve=475356791,replay=17959,reconstruct=27208042	
velvet	crush-portfolio	1	Velvet/Examples/Examples_Total.lean|7|1066791641437412485	insertionSort_total_correct	1066791641437412485	core-reconstructed	certificate-error	core-directed reconstruction succeeded	607572625	collect=277833,pre-reconstruct=3582333,normalize=2463792,monomorphize=11267792,instantiate=76858709,translate=18497375,solve=467860292,replay=19458,reconstruct=26745041	
velvet	crush-portfolio	1	Velvet/Examples/Examples_Total.lean|8|14825588553610653054	insertionSort_total_correct	13858382852922432078	unknown	not-attempted	solver exited without a verdict: cvc5 interrupted by timeout.	11413384001	collect=303875,pre-reconstruct=79057167,normalize=2889542,monomorphize=13522792,instantiate=265277250,translate=50240750,solve=5480652625,translate-fallback=57703041,solve-fallback=5463736959	
velvet	crush-portfolio	1	Velvet/Examples/Examples_Total.lean|10|11568103068982921353	insertionSort_total_correct	11568103068982921353	core-reconstructed	certificate-error	core-directed reconstruction succeeded	606981460	collect=301834,pre-reconstruct=1389791,normalize=2599167,monomorphize=11562625,instantiate=74982417,translate=18192709,solve=470065000,replay=21334,reconstruct=27866583	
velvet	crush-portfolio	1	Velvet/Examples/Examples_Total.lean|13|16465886849738339639	insertionSort_total_correct	13858382852922432078	core-reconstructed	certificate-error	core-directed reconstruction succeeded	671369539	collect=292416,pre-reconstruct=12239208,normalize=2638125,monomorphize=11580333,instantiate=52970083,translate=17806166,solve=555043708,replay=18125,reconstruct=18781375	
velvet	crush-portfolio	1	Velvet/Examples/Examples_Total.lean|15|5918835836158453730	insertionSort_total_correct	5918835836158453730	selected-fact	not-attempted	closed from a selected Lean fact	283791	collect=283791	
velvet	crush-portfolio	1	Velvet/Examples/Examples_Total.lean|17|12155028420956038391	insertionSort_total_correct	12155028420956038391	core-reconstructed	certificate-error	core-directed reconstruction succeeded	493823749	collect=187250,pre-reconstruct=1437750,normalize=1362583,monomorphize=6647083,instantiate=1466291,translate=7212541,solve=470732375,replay=20084,reconstruct=4757792	
velvet	crush-portfolio	1	Velvet/Examples/Examples_Total.lean|18|14852526092468225565	insertionSort_total_correct	139088297960392149	core-reconstructed	certificate-error	core-directed reconstruction succeeded	686671292	collect=248666,pre-reconstruct=15694875,normalize=1747959,monomorphize=8247792,instantiate=51004333,translate=14642875,solve=544925792,replay=19125,reconstruct=50139875	
velvet	crush-portfolio	1	Velvet/Examples/Examples_Total.lean|21|12688677688377801211	insertionSort_total_correct	12688677688377801211	core-reconstructed	certificate-error	core-directed reconstruction succeeded	529765666	collect=290833,pre-reconstruct=3764833,normalize=2923292,monomorphize=11549375,instantiate=2188708,translate=11391500,solve=480860000,replay=20250,reconstruct=16776875	
velvet	crush-portfolio	1	Velvet/Examples/Examples_Total.lean|22|7903702650473013145	insertionSort_total_correct	17272444315034915638	core-reconstructed	certificate-error	core-directed reconstruction succeeded	723678083	collect=322875,pre-reconstruct=22336250,normalize=2809875,monomorphize=12509458,instantiate=55817000,translate=18053334,solve=575213583,replay=34042,reconstruct=36581666	
velvet	crush-portfolio	1	Velvet/Examples/Examples_Total.lean|24|18088860687919872176	insertionSort_total_correct	18088860687919872176	core-reconstructed	certificate-error	core-directed reconstruction succeeded	565808126	collect=312917,pre-reconstruct=1339333,normalize=2514208,monomorphize=11384250,instantiate=2207667,translate=11913875,solve=486972584,replay=20167,reconstruct=49143125	
velvet	crush-portfolio	1	Velvet/Examples/Examples_Total.lean|26|5379360585891885096	insertionSort_total_correct	5379360585891885096	core-reconstructed	certificate-error	core-directed reconstruction succeeded	503397832	collect=252625,pre-reconstruct=1816500,normalize=1467041,monomorphize=6951750,instantiate=1400208,translate=7652875,solve=465916333,replay=18875,reconstruct=17921625	
velvet	crush-portfolio	1	Velvet/Examples/Examples_Total.lean|27|11248877774576345437	insertionSort_total_correct	139088297960392149	core-reconstructed	certificate-error	core-directed reconstruction succeeded	660305709	collect=248125,pre-reconstruct=1458167,normalize=1604291,monomorphize=8687625,instantiate=49189584,translate=16037000,solve=563775125,replay=18833,reconstruct=19286959	
velvet	crush-portfolio	1	Velvet/Examples/Examples_Total.lean|29|6709257883257101731	insertionSort_total_correct	6709257883257101731	selected-fact	not-attempted	closed from a selected Lean fact	225083	collect=225083	
velvet	crush-portfolio	1	Velvet/Examples/Examples_Total.lean|30|13894794097547967513	insertionSort_total_correct	13894794097547967513	core-reconstructed	certificate-error	core-directed reconstruction succeeded	500889168	collect=109375,pre-reconstruct=1219084,normalize=117250,monomorphize=2901459,instantiate=843208,translate=4402542,solve=476326333,replay=19084,reconstruct=14950833	
velvet	crush-portfolio	1	Velvet/Examples/Examples_Total.lean|31|11235314628722112900	insertionSort_total_correct	14354530589729947841	core-reconstructed	certificate-error	core-directed reconstruction succeeded	563856042	collect=177125,pre-reconstruct=548958,normalize=144250,monomorphize=5173417,instantiate=49861334,translate=11499750,solve=478348125,replay=18958,reconstruct=18084125	
velvet	crush-portfolio	1	Velvet/Examples/Examples_Total.lean|33|18214290959922115111	insertionSort_total_correct	17272444315034915638	core-reconstructed	certificate-error	core-directed reconstruction succeeded	2496441168	collect=272417,pre-reconstruct=11274708,normalize=1610958,monomorphize=8905292,instantiate=50160959,translate=16466125,solve=563972125,replay=21542,reconstruct=1843757042	
velvet	crush-portfolio	1	Velvet/Examples/Examples_Total.lean|34|17119794831572106230	sqrt_total_correct	5307985127850147097	core-reconstructed	certificate-error	core-directed reconstruction succeeded	496836416	collect=180541,pre-reconstruct=486459,normalize=117875,monomorphize=1139333,instantiate=110292,translate=5090000,solve=473119666,replay=18833,reconstruct=16573417	
velvet	crush-portfolio	1	Velvet/Examples/Examples_Total.lean|35|16395326812896940336	sqrt_total_correct	3661544389526892522	core-reconstructed	certificate-error	core-directed reconstruction succeeded	506001748	collect=164417,pre-reconstruct=427958,normalize=115791,monomorphize=960500,instantiate=84916,translate=4525916,solve=474223625,replay=18417,reconstruct=25480208	
velvet	crush-portfolio	1	Velvet/Examples/Examples_Total.lean|36|4559485301326837329	sqrt_total_correct	4559485301326837329	core-reconstructed	certificate-error	core-directed reconstruction succeeded	480703625	collect=183333,pre-reconstruct=496834,normalize=122750,monomorphize=976167,instantiate=99375,translate=5425333,solve=469901917,replay=17750,reconstruct=3480166	
velvet	crush-portfolio	1	Velvet/Examples/Examples_Total.lean|37|15833581759277421577	sqrt_total_correct	9636917653559417038	core-reconstructed	certificate-error	core-directed reconstruction succeeded	537723499	collect=183458,pre-reconstruct=6654042,normalize=162625,monomorphize=1917208,instantiate=92625,translate=5155541,solve=505581500,replay=20000,reconstruct=17956500	
velvet	crush-portfolio	1	Velvet/Examples/Examples_Total.lean|38|17892696244691966181	sqrt_total_correct	17892696244691966181	core-reconstructed	certificate-error	core-directed reconstruction succeeded	1137599583	collect=180792,pre-reconstruct=869417,normalize=162250,monomorphize=2559709,instantiate=93958,translate=5985833,solve=498538541,replay=19166,reconstruct=629189917	
velvet	crush-portfolio	1	Velvet/Examples/Examples_Total.lean|39|7228731597997214785	sqrt_total_correct	9636917653559417038	core-reconstructed	certificate-error	core-directed reconstruction succeeded	529507334	collect=181500,pre-reconstruct=905542,normalize=132750,monomorphize=1506083,instantiate=92250,translate=5322209,solve=520294208,replay=21125,reconstruct=1051667	
velvet	crush-portfolio	1	Velvet/Examples/Examples_Total.lean|40|13073343856082995605	sqrt_total_correct	13073343856082995605	selected-fact	not-attempted	closed from a selected Lean fact	185666	collect=185666	
velvet	crush-portfolio	1	Velvet/Examples/Examples_Total.lean|41|13635698331308129878	sqrt_total_correct	9636917653559417038	core-reconstructed	certificate-error	core-directed reconstruction succeeded	486382000	collect=118375,pre-reconstruct=467292,normalize=125750,monomorphize=1042750,instantiate=93416,translate=4661334,solve=476447208,replay=18917,reconstruct=3406958	
velvet	crush-portfolio	1	Velvet/Examples/Examples_Total.lean|42|10800841518550636949	sqrt_total_correct	123143008762622395	core-reconstructed	certificate-error	core-directed reconstruction succeeded	540066208	collect=183375,pre-reconstruct=844084,normalize=152458,monomorphize=1933709,instantiate=92375,translate=5316041,solve=509067625,replay=19416,reconstruct=22457125	
velvet	crush-portfolio	1	Velvet/Examples/Examples_Total.lean|43|12457966505053151830	sqrt_total_correct	3661544389526892522	core-reconstructed	certificate-error	core-directed reconstruction succeeded	905925541	collect=184166,pre-reconstruct=6499667,normalize=146166,monomorphize=1977000,instantiate=93833,translate=5173459,solve=544073792,replay=19417,reconstruct=347758041	
velvet	crush-portfolio	1	Velvet/Examples/Examples_Total.lean|44|17578352201394481400	sqrt_total_correct	17578352201394481400	core-reconstructed	certificate-error	core-directed reconstruction succeeded	818622003	collect=179125,pre-reconstruct=6211833,normalize=149459,monomorphize=2116459,instantiate=103042,translate=5155459,solve=495722875,replay=21334,reconstruct=308962417	
velvet	crush-portfolio	1	Velvet/Examples/Examples_Total.lean|45|628191952620585962	cbrt_correct	5307985127850147097	core-reconstructed	certificate-error	core-directed reconstruction succeeded	505962835	collect=179167,pre-reconstruct=473500,normalize=131667,monomorphize=1109792,instantiate=102208,translate=4878750,solve=481105833,replay=18834,reconstruct=17963084	
velvet	crush-portfolio	1	Velvet/Examples/Examples_Total.lean|46|5408980950461060684	cbrt_correct	6765116615704103050	core-reconstructed	certificate-error	core-directed reconstruction succeeded	508246167	collect=166334,pre-reconstruct=460083,normalize=120125,monomorphize=1077000,instantiate=90292,translate=4624791,solve=477775833,replay=21250,reconstruct=23910459	
velvet	crush-portfolio	1	Velvet/Examples/Examples_Total.lean|47|17796805544787031687	cbrt_correct	17796805544787031687	core-reconstructed	certificate-error	core-directed reconstruction succeeded	474441625	collect=173667,pre-reconstruct=459208,normalize=128583,monomorphize=1122416,instantiate=90625,translate=4529959,solve=463543334,replay=27875,reconstruct=4365958	
velvet	crush-portfolio	1	Velvet/Examples/Examples_Total.lean|48|12597585967811959528	cbrt_correct	6259749615389096762	core-reconstructed	certificate-error	core-directed reconstruction succeeded	545345292	collect=179292,pre-reconstruct=6313583,normalize=165042,monomorphize=2393167,instantiate=95416,translate=5590333,solve=513035584,replay=25375,reconstruct=17547500	
velvet	crush-portfolio	1	Velvet/Examples/Examples_Total.lean|49|17892696244691966181	cbrt_correct	17892696244691966181	core-reconstructed	certificate-error	core-directed reconstruction succeeded	1139979960	collect=184834,pre-reconstruct=878667,normalize=181000,monomorphize=2828958,instantiate=87792,translate=5661209,solve=494907875,replay=18875,reconstruct=635230750	
velvet	crush-portfolio	1	Velvet/Examples/Examples_Total.lean|50|11504389341422214604	cbrt_correct	6259749615389096762	unknown	not-attempted	solver exited without a verdict: cvc5 interrupted by timeout.	5489992751	collect=184542,pre-reconstruct=973791,normalize=148250,monomorphize=1881084,instantiate=98250,translate=5324667,solve=5481382167	
velvet	crush-portfolio	1	Velvet/Examples/Examples_Total.lean|51|1828175149019549874	cbrt_correct	1828175149019549874	selected-fact	not-attempted	closed from a selected Lean fact	193208	collect=193208	
velvet	crush-portfolio	1	Velvet/Examples/Examples_Total.lean|52|8027176826117333927	cbrt_correct	6259749615389096762	core-reconstructed	certificate-error	core-directed reconstruction succeeded	478098000	collect=136792,pre-reconstruct=614875,normalize=160625,monomorphize=1281125,instantiate=103375,translate=4989125,solve=466508125,replay=19625,reconstruct=4284333	
velvet	crush-portfolio	1	Velvet/Examples/Examples_Total.lean|53|8642365996124661698	cbrt_correct	123143008762622395	core-reconstructed	certificate-error	core-directed reconstruction succeeded	575871292	collect=197292,pre-reconstruct=901292,normalize=167333,monomorphize=2308459,instantiate=85417,translate=5424041,solve=541747875,replay=18958,reconstruct=25020625	
velvet	crush-portfolio	1	Velvet/Examples/Examples_Total.lean|54|1031468476226669362	cbrt_correct	6765116615704103050	core-reconstructed	certificate-error	core-directed reconstruction succeeded	1092363584	collect=182125,pre-reconstruct=7425000,normalize=176292,monomorphize=2570750,instantiate=98958,translate=5952000,solve=719661917,replay=23500,reconstruct=356273042	
velvet	crush-portfolio	1	Velvet/Examples/Examples_Total.lean|55|9859620190106577091	cbrt_correct	9859620190106577091	core-reconstructed	certificate-error	core-directed reconstruction succeeded	586357332	collect=178416,pre-reconstruct=6457917,normalize=177833,monomorphize=2837125,instantiate=98041,translate=5426333,solve=531920458,replay=20500,reconstruct=39240709	
velvet	crush-portfolio	1	Velvet/Examples/Examples_Total.lean|58|17809363630590163151	sqrt_bn_correct	3661544389526892522	core-reconstructed	certificate-error	core-directed reconstruction succeeded	524201749	collect=230417,pre-reconstruct=9160708,normalize=202333,monomorphize=4181500,instantiate=101333,translate=6643667,solve=501701125,replay=20708,reconstruct=1959958	
velvet	crush-portfolio	1	Velvet/Examples/Examples_Total.lean|59|3756677303263535492	sqrt_bn_correct	3756677303263535492	core-reconstructed	certificate-error	core-directed reconstruction succeeded	548088834	collect=206875,pre-reconstruct=1025375,normalize=204917,monomorphize=3945625,instantiate=93459,translate=6362083,solve=484875333,replay=18000,reconstruct=51357167	
velvet	crush-portfolio	1	Velvet/Examples/Examples_Total.lean|61|845228717509319176	sqrt_bn_correct	845228717509319176	core-reconstructed	certificate-error	core-directed reconstruction succeeded	503662582	collect=206333,pre-reconstruct=963750,normalize=208250,monomorphize=4172250,instantiate=93667,translate=6981666,solve=465051166,replay=18250,reconstruct=25967250	
velvet	crush-portfolio	1	Velvet/Examples/Examples_Total.lean|62|14080923781397173690	sqrt_bn_correct	3661544389526892522	core-reconstructed	certificate-error	core-directed reconstruction succeeded	510537626	collect=205875,pre-reconstruct=1049875,normalize=181500,monomorphize=3432542,instantiate=93709,translate=6065208,solve=498614625,replay=19250,reconstruct=875042	
velvet	crush-portfolio	1	Velvet/Examples/Examples_Total.lean|63|2013384436827156188	sqrt_bn_correct	2013384436827156188	core-reconstructed	certificate-error	core-directed reconstruction succeeded	534016665	collect=236208,pre-reconstruct=1255041,normalize=210083,monomorphize=4232291,instantiate=102500,translate=6436542,solve=473112542,replay=21000,reconstruct=48410458	
velvet	crush-portfolio	1	Velvet/Examples/Examples_Total.lean|66|14080923781397173690	sqrt_bn_correct	3661544389526892522	core-reconstructed	certificate-error	core-directed reconstruction succeeded	520415959	collect=210166,pre-reconstruct=1016042,normalize=146417,monomorphize=2090084,instantiate=98041,translate=6706959,solve=509155125,replay=19208,reconstruct=973917	
velvet	crush-portfolio	1	Velvet/Examples/Examples_Total.lean|67|5112937323286018014	sqrt_bn_correct	5112937323286018014	selected-fact	not-attempted	closed from a selected Lean fact	208125	collect=208125	
velvet	crush-portfolio	1	Velvet/Examples/Examples_Total.lean|68|4559485301326837329	sqrt_bn_correct	4559485301326837329	core-reconstructed	certificate-error	core-directed reconstruction succeeded	481125918	collect=142875,pre-reconstruct=472416,normalize=125959,monomorphize=1155542,instantiate=98667,translate=4714042,solve=470633709,replay=18000,reconstruct=3764708	
velvet	crush-portfolio	1	Velvet/Examples/Examples_Total.lean|70|16395326812896940336	sqrt_bn_correct	3661544389526892522	core-reconstructed	certificate-error	core-directed reconstruction succeeded	493623167	collect=161500,pre-reconstruct=483916,normalize=108917,monomorphize=1151083,instantiate=91459,translate=4822167,solve=464697083,replay=17209,reconstruct=22089833	
velvet	crush-portfolio	1	Velvet/Examples/Examples_Total.lean|71|18362062349273978007	sqrt_bn_correct	7232745374090633776	core-reconstructed	certificate-error	core-directed reconstruction succeeded	551895044	collect=214750,pre-reconstruct=934958,normalize=162334,monomorphize=2313792,instantiate=87667,translate=5782334,solve=538871333,replay=19667,reconstruct=3508209	
velvet	crush-portfolio	1	Velvet/Examples/Examples_Total.lean|72|8802921734925604215	sqrt_bn_correct	3661544389526892522	core-reconstructed	certificate-error	core-directed reconstruction succeeded	531481833	collect=208167,pre-reconstruct=8982542,normalize=161667,monomorphize=2353958,instantiate=97333,translate=5845792,solve=512258583,replay=18416,reconstruct=1555375	
velvet	crush-portfolio	1	Velvet/Examples/GCD.lean|2|9601099415740649235	gcd_correct	9601099415740649235	core-reconstructed	rule-gap	core-directed reconstruction succeeded	578716709	collect=2035041,pre-reconstruct=2015250,normalize=1527334,monomorphize=104000,instantiate=2231375,translate=5370625,solve=477708292,replay=75584792,reconstruct=12140000	
velvet	crush-portfolio	1	Velvet/Examples/IsNonPrime.lean|1|3150397294412475763	IsNonPrime_correct	3150397294412475763	sat	not-attempted	solver returned sat	1057202793	collect=545667,pre-reconstruct=2956583,normalize=270542,monomorphize=105709,instantiate=247792,translate=5828125,solve=1047248375	
velvet	crush-portfolio	1	Velvet/Examples/IsNonPrime.lean|2|8498703091421742660	IsNonPrime_correct	8498703091421742660	core-reconstructed	rule-gap	core-directed reconstruction succeeded	1568456333	collect=310000,pre-reconstruct=124667,normalize=1560625,monomorphize=15583,instantiate=35792,translate=3395792,solve=968779916,replay=575242125,reconstruct=18991833	
velvet	crush-portfolio	1	Velvet/Examples/IsNonPrime.lean|3|15405612526479945524	IsNonPrime_correct	15405612526479945524	core-reconstructed	rule-gap	core-directed reconstruction succeeded	1716777957	collect=214458,pre-reconstruct=3105875,normalize=1618166,monomorphize=17083,instantiate=32583,translate=3069625,solve=1055463583,replay=547626667,reconstruct=105629917	
velvet	crush-portfolio	1	Velvet/Examples/IsNonPrime.lean|4|3635621084297233985	IsNonPrime_correct	3635621084297233985	selected-fact	not-attempted	closed from a selected Lean fact	204041	collect=204041	
velvet	crush-portfolio	1	Velvet/Examples/IsNonPrime.lean|5|8498703091421742660	IsNonPrime_correct	8498703091421742660	core-reconstructed	rule-gap	core-directed reconstruction succeeded	1598103418	collect=148500,pre-reconstruct=120584,normalize=1056000,monomorphize=15958,instantiate=29834,translate=2604709,solve=1010036500,replay=567361750,reconstruct=16729583	
velvet	crush-portfolio	1	Velvet/Examples/IsNonPrime.lean|6|15497101072354692966	IsNonPrime_correct	15497101072354692966	unknown	not-attempted	solver exited without a verdict: cvc5 interrupted by timeout.	6069557042	collect=199833,pre-reconstruct=19953583,normalize=1598584,monomorphize=17458,instantiate=36833,translate=2997417,solve=6044753334	
velvet	crush-portfolio	1	Velvet/Examples/IsNonPrime.lean|7|3635621084297233985	IsNonPrime_correct	3635621084297233985	selected-fact	not-attempted	closed from a selected Lean fact	234917	collect=234917	
velvet	crush-portfolio	1	Velvet/Examples/IsNonPrime.lean|11|16017810969246570786	IsNonPrime_correct	16017810969246570786	selected-fact	not-attempted	closed from a selected Lean fact	183208	collect=183208	
velvet	crush-portfolio	1	Velvet/Examples/IsNonPrime.lean|12|12543135627460772462	IsNonPrime_correct	12543135627460772462	alethe-reconstructed	success	Alethe certificate replay succeeded	1055992376	collect=70542,pre-reconstruct=111167,normalize=46167,monomorphize=12958,instantiate=40542,translate=823459,solve=974044708,replay=80842833	certificate_commands=11,certificate_assumes=3,certificate_steps=8,certificate_anchors=0,certificate_sexp_nodes=143,certificate_bytes=592
velvet	crush-portfolio	1	Velvet/Examples/IsNonPrime.lean|13|1572539502098385654	IsNonPrime_correct	1572539502098385654	alethe-reconstructed	success	Alethe certificate replay succeeded	2370670917	collect=164708,pre-reconstruct=1853042,normalize=960125,monomorphize=40833,instantiate=42875,translate=1523167,solve=1033894334,replay=1332191833	certificate_commands=46,certificate_assumes=3,certificate_steps=40,certificate_anchors=3,certificate_sexp_nodes=1255,certificate_bytes=4792
velvet	crush-portfolio	1	Velvet/Examples/IsNonPrime.lean|14|11076373139303988464	IsNonPrime_correct	11076373139303988464	alethe-reconstructed	success	Alethe certificate replay succeeded	1390899500	collect=135125,pre-reconstruct=110542,normalize=64542,monomorphize=12125,instantiate=34375,translate=1309375,solve=1006404750,replay=382828666	certificate_commands=134,certificate_assumes=8,certificate_steps=123,certificate_anchors=3,certificate_sexp_nodes=2022,certificate_bytes=9523
velvet	crush-portfolio	1	Velvet/Examples/IsNonPrime.lean|15|15559572021364972958	IsNonPrime_correct	15559572021364972958	unknown	not-attempted	solver exited without a verdict: cvc5 interrupted by timeout.	6199689084	collect=211667,pre-reconstruct=149793125,normalize=1212417,monomorphize=17667,instantiate=36583,translate=2799125,solve=6045618500	
velvet	crush-portfolio	1	Velvet/Examples/IsSorted.lean|1|11207960766534651515	IsSorted_correct	11207960766534651515	core-reconstructed	certificate-error	core-directed reconstruction succeeded	1188499043	collect=2766417,pre-reconstruct=5269250,normalize=3639667,monomorphize=117000,instantiate=665703250,translate=44647833,solve=444186834,replay=125459,reconstruct=22043333	
velvet	crush-portfolio	1	Velvet/Examples/IsSorted.lean|2|4413675682266163545	IsSorted_correct	7061492355100973697	pre-reconstructed	not-attempted	closed before SMT translation	103849125	collect=452125,pre-reconstruct=103397000	
velvet	crush-portfolio	1	Velvet/Examples/IsSorted.lean|3|9518487208184120090	IsSorted_correct	9518487208184120090	pre-reconstructed	not-attempted	closed before SMT translation	126038332	collect=468666,pre-reconstruct=125569666	
velvet	crush-portfolio	1	Velvet/Examples/IsSorted.lean|4|11207960766534651515	IsSorted_correct	11207960766534651515	core-reconstructed	certificate-error	core-directed reconstruction succeeded	1106179459	collect=463958,pre-reconstruct=3669167,normalize=3495750,monomorphize=28375,instantiate=675582500,translate=38180125,solve=364149375,replay=23375,reconstruct=20586834	
velvet	crush-portfolio	1	Velvet/Examples/IsSorted.lean|5|16465854614385299804	IsSorted_correct	7061492355100973697	core-reconstructed	certificate-error	core-directed reconstruction succeeded	3541655500	collect=515625,pre-reconstruct=289992625,normalize=3377250,monomorphize=29000,instantiate=2242341041,translate=88436209,solve=507056500,replay=19500,reconstruct=409887750	
velvet	crush-portfolio	1	Velvet/Examples/IsSorted.lean|6|1749803822950348457	IsSorted_correct	9518487208184120090	pre-reconstructed	not-attempted	closed before SMT translation	1922916	collect=477875,pre-reconstruct=1445041	
velvet	crush-portfolio	1	Velvet/Examples/IsSorted.lean|7|6461838523585744673	IsSorted_correct	6461838523585744673	core-reconstructed	certificate-error	core-directed reconstruction succeeded	673791708	collect=512292,pre-reconstruct=2361125,normalize=3061167,monomorphize=29958,instantiate=285087958,translate=18548416,solve=345180709,replay=17875,reconstruct=18992208	
velvet	crush-portfolio	1	Velvet/Examples/IsSorted.lean|8|5698263445699273715	IsSorted_correct	7061492355100973697	pre-reconstructed	not-attempted	closed before SMT translation	1635041	collect=450958,pre-reconstruct=1184083	
velvet	crush-portfolio	1	Velvet/Examples/IsSorted.lean|9|1749803822950348457	IsSorted_correct	9518487208184120090	pre-reconstructed	not-attempted	closed before SMT translation	1330541	collect=354833,pre-reconstruct=975708	
velvet	crush-portfolio	1	Velvet/Examples/IsSorted.lean|10|16458001095677251802	IsSorted_correct	16458001095677251802	core-reconstructed	certificate-error	core-directed reconstruction succeeded	814115043	collect=313417,pre-reconstruct=47086417,normalize=2770541,monomorphize=24917,instantiate=289379625,translate=17966042,solve=430317833,replay=18292,reconstruct=26237959	
velvet	crush-portfolio	1	Velvet/Examples/IsSorted.lean|11|11716511832970583731	IsSorted_correct	11716511832970583731	core-reconstructed	certificate-error	core-directed reconstruction succeeded	579092126	collect=364750,pre-reconstruct=1908458,normalize=1425459,monomorphize=21292,instantiate=180463792,translate=14136875,solve=370936375,replay=18958,reconstruct=9816167	
velvet	crush-portfolio	1	Velvet/Examples/IsSorted.lean|12|13412663338101939313	IsSorted_correct	7061492355100973697	pre-reconstructed	not-attempted	closed before SMT translation	9173208	collect=384833,pre-reconstruct=8788375	
velvet	crush-portfolio	1	Velvet/Examples/IsSorted.lean|13|10877051663303345536	IsSorted_correct	9518487208184120090	pre-reconstructed	not-attempted	closed before SMT translation	8617125	collect=323917,pre-reconstruct=8293208	
velvet	crush-portfolio	1	Velvet/Examples/IsSorted.lean|14|2102916384874846137	IsSorted_correct	2102916384874846137	core-reconstructed	certificate-error	core-directed reconstruction succeeded	22249919458	collect=393458,pre-reconstruct=179969250,normalize=2982750,monomorphize=25917,instantiate=123762542,translate=15973208,solve=5395386333,translate-fallback=18416667,solve-fallback=680706166,replay=19125,reconstruct=15832284042	
velvet	crush-portfolio	1	Velvet/Examples/MaxElem.lean|1|6189042491608852705	maxElem_correct	6189042491608852705	core-reconstructed	certificate-error	core-directed reconstruction succeeded	449330667	collect=1931541,pre-reconstruct=3888709,normalize=2579500,monomorphize=133375,instantiate=245125,translate=11302000,solve=410888042,replay=149167,reconstruct=18213208	
velvet	crush-portfolio	1	Velvet/Examples/MaxElem.lean|2|13979591039540523316	maxElem_correct	8435436090805571502	core-reconstructed	certificate-error	core-directed reconstruction succeeded	471694167	collect=498125,pre-reconstruct=2103292,normalize=2307292,monomorphize=21750,instantiate=29792,translate=5142125,solve=426316000,replay=18708,reconstruct=35257083	
velvet	crush-portfolio	1	Velvet/Examples/MaxElem.lean|3|6189042491608852705	maxElem_correct	6189042491608852705	core-reconstructed	certificate-error	core-directed reconstruction succeeded	446230124	collect=471375,pre-reconstruct=1899791,normalize=1933084,monomorphize=21958,instantiate=31000,translate=4471375,solve=423107041,replay=19708,reconstruct=14274792	
velvet	crush-portfolio	1	Velvet/Examples/MaxElem.lean|4|3496913807798796367	maxElem_correct	3368518466434627767	core-reconstructed	certificate-error	core-directed reconstruction succeeded	604042083	collect=478125,pre-reconstruct=7266042,normalize=2245041,monomorphize=25416,instantiate=62250,translate=5481209,solve=448791583,replay=21000,reconstruct=139671417	
velvet	crush-portfolio	1	Velvet/Examples/MaxElem.lean|5|13935834157065255340	maxElem_correct	13935834157065255340	core-reconstructed	certificate-error	core-directed reconstruction succeeded	407869165	collect=457292,pre-reconstruct=1139041,normalize=1570875,monomorphize=20583,instantiate=32000,translate=3565208,solve=387403292,replay=18791,reconstruct=13662083	
velvet	crush-portfolio	1	Velvet/Examples/MaxElem.lean|6|10716558625718226994	maxElem_correct	3368518466434627767	pre-reconstructed	not-attempted	closed before SMT translation	1249417	collect=467584,pre-reconstruct=781833	
velvet	crush-portfolio	1	Velvet/Examples/MaxElem.lean|7|12429897440204793908	maxElem_correct	12429897440204793908	core-reconstructed	certificate-error	core-directed reconstruction succeeded	462573499	collect=368583,pre-reconstruct=573417,normalize=1471666,monomorphize=23958,instantiate=29167,translate=3346834,solve=441932542,replay=19166,reconstruct=14808166	
velvet	crush-portfolio	1	Velvet/Examples/MaxElem.lean|8|6662270672118944889	maxElem_correct	6662270672118944889	core-reconstructed	certificate-error	core-directed reconstruction succeeded	413545542	collect=362875,pre-reconstruct=1408416,normalize=641833,monomorphize=14625,instantiate=31417,translate=2175084,solve=393817292,replay=19041,reconstruct=15074959	
velvet	crush-portfolio	1	Velvet/Examples/MaxElem.lean|9|10294878435885712953	maxElem_correct	4988386822408839803	core-reconstructed	certificate-error	core-directed reconstruction succeeded	440274833	collect=482333,pre-reconstruct=144458,normalize=1166500,monomorphize=16334,instantiate=38500,translate=3124042,solve=418558541,replay=18333,reconstruct=16725792	
velvet	crush-portfolio	1	Velvet/Examples/MaxElem.lean|10|15821608085576758365	maxElem_correct	14098165805487489891	core-reconstructed	certificate-error	core-directed reconstruction succeeded	441638207	collect=547041,pre-reconstruct=856666,normalize=1824916,monomorphize=21500,instantiate=29625,translate=4411792,solve=431662209,replay=20208,reconstruct=2264250	
velvet	crush-portfolio	1	Velvet/Examples/MemAlloc.lean|1|633235845480694220	mem_alloc_correct	13644601314536403191	pre-reconstructed	not-attempted	closed before SMT translation	42954625	collect=20642542,pre-reconstruct=22312083	
velvet	crush-portfolio	1	Velvet/Examples/MemAlloc.lean|2|12262280732602434251	mem_alloc_correct	17594606446654630769	pre-reconstructed	not-attempted	closed before SMT translation	30103917	collect=1898000,pre-reconstruct=28205917	
velvet	crush-portfolio	1	Velvet/Examples/MemAlloc.lean|3|5395433166570123997	mem_alloc_correct	5395433166570123997	core-reconstructed	term-gap	core-directed reconstruction succeeded	1349797125	collect=2033125,pre-reconstruct=949125,normalize=4948417,monomorphize=137833,instantiate=281625,translate=11791750,solve=1252552750,replay=69015000,reconstruct=8087500	
velvet	crush-portfolio	1	Velvet/Examples/MemAlloc.lean|4|7858921023181799469	mem_alloc_correct	7858921023181799469	unknown	not-attempted	no reason given	1561328168	collect=2110667,pre-reconstruct=332292459,normalize=3692667,monomorphize=21583,instantiate=36667,translate=5837542,solve=1217336583	
velvet	crush-portfolio	1	Velvet/Examples/MemAlloc.lean|5|12307778664191690486	mem_alloc_correct	12307778664191690486	core-reconstructed	term-gap	core-directed reconstruction succeeded	1526472207	collect=2150833,pre-reconstruct=198020875,normalize=3662375,monomorphize=23083,instantiate=46833,translate=5416334,solve=1231016791,replay=63826583,reconstruct=22308500	
velvet	crush-portfolio	1	Velvet/Examples/MemAlloc.lean|6|14651957694487509304	mem_alloc_correct	14651957694487509304	selected-fact	not-attempted	closed from a selected Lean fact	2476208	collect=2476208	
velvet	crush-portfolio	1	Velvet/Examples/MemAlloc.lean|7|5395433166570123997	mem_alloc_correct	5395433166570123997	core-reconstructed	term-gap	core-directed reconstruction succeeded	1271800874	collect=1995791,pre-reconstruct=945625,normalize=4078250,monomorphize=27916,instantiate=37375,translate=5272250,solve=1191284209,replay=60581167,reconstruct=7578291	
velvet	crush-portfolio	1	Velvet/Examples/MemAlloc.lean|11|7320909626913503829	mem_alloc_correct	7320909626913503829	selected-fact	not-attempted	closed from a selected Lean fact	2141000	collect=2141000	
velvet	crush-portfolio	1	Velvet/Examples/MemAlloc.lean|12|13680370559755953061	mem_alloc_correct	13680370559755953061	selected-fact	not-attempted	closed from a selected Lean fact	1900209	collect=1900209	
velvet	crush-portfolio	1	Velvet/Examples/MemAlloc.lean|13|5395433166570123997	mem_alloc_correct	5395433166570123997	alethe-reconstructed	success	Alethe certificate replay succeeded	1288633166	collect=1774708,pre-reconstruct=899542,normalize=1762583,monomorphize=16333,instantiate=33458,translate=3296167,solve=1220444500,replay=60405875	certificate_commands=11,certificate_assumes=9,certificate_steps=2,certificate_anchors=0,certificate_sexp_nodes=139,certificate_bytes=704
velvet	crush-portfolio	1	Velvet/Examples/MemAlloc.lean|14|9725332222063365643	mem_alloc_correct	9725332222063365643	pre-reconstructed	not-attempted	closed before SMT translation	177985000	collect=2206125,pre-reconstruct=175778875	
velvet	crush-portfolio	1	Velvet/Examples/MemAlloc.lean|15|400422252958227942	mem_alloc_correct	400422252958227942	pre-reconstructed	not-attempted	closed before SMT translation	27990333	collect=1920792,pre-reconstruct=26069541	
velvet	crush-portfolio	1	Velvet/Examples/MemAlloc.lean|16|880346177993498408	mem_alloc_correct	880346177993498408	selected-fact	not-attempted	closed from a selected Lean fact	1760583	collect=1760583	
velvet	crush-portfolio	1	Velvet/Examples/MemAlloc.lean|17|15369885961681168000	mem_alloc_correct	4370218357807814088	unknown	not-attempted	no reason given	1256957251	collect=2031250,pre-reconstruct=40464042,normalize=4649667,monomorphize=21125,instantiate=52417,translate=8976542,solve=1200762208	
velvet	crush-portfolio	1	Velvet/Examples/MemAlloc.lean|18|633235845480694220	mem_alloc_correct	13644601314536403191	unknown	not-attempted	no reason given	1274835998	collect=2362875,pre-reconstruct=49375166,normalize=4562875,monomorphize=27375,instantiate=47791,translate=7577916,solve=1210882000	
velvet	crush-portfolio	1	Velvet/Examples/Recursion.lean|2|16321134497628070328	simple_recursion_correct	16321134497628070328	alethe-reconstructed	success	Alethe certificate replay succeeded	892247751	collect=636250,pre-reconstruct=4424084,normalize=323625,monomorphize=114792,instantiate=246208,translate=5601708,solve=470247709,replay=410653375	certificate_commands=147,certificate_assumes=11,certificate_steps=134,certificate_anchors=2,certificate_sexp_nodes=2272,certificate_bytes=10265
velvet	crush-portfolio	1	Velvet/Examples/Recursion.lean|3|15399959404188881270	pickGreater_correct	15399959404188881270	pre-reconstructed	not-attempted	closed before SMT translation	77772458	collect=668167,pre-reconstruct=77104291	
velvet	crush-portfolio	1	Velvet/Examples/Recursion.lean|4|6729724634728447689	pickGreater_correct	6729724634728447689	alethe-reconstructed	success	Alethe certificate replay succeeded	899051373	collect=289625,pre-reconstruct=309791,normalize=1290208,monomorphize=13375,instantiate=30083,translate=1117416,solve=388190375,replay=507810500	certificate_commands=129,certificate_assumes=9,certificate_steps=117,certificate_anchors=3,certificate_sexp_nodes=1948,certificate_bytes=9256
velvet	crush-portfolio	1	Velvet/Examples/Recursion.lean|5|6331840417009367668	pickGreaterN_correct	6331840417009367668	core-reconstructed	term-gap	core-directed reconstruction succeeded	557984084	collect=613375,pre-reconstruct=114833,normalize=557375,monomorphize=13875,instantiate=35625,translate=1011667,solve=465700542,replay=72297167,reconstruct=17639625	
velvet	crush-portfolio	1	Velvet/Examples/Recursion.lean|6|928177310960349346	pickGreaterN_correct	928177310960349346	alethe-reconstructed	success	Alethe certificate replay succeeded	1745200334	collect=547167,pre-reconstruct=133291,normalize=1152917,monomorphize=15875,instantiate=36209,translate=1729875,solve=452642291,replay=1288942709	certificate_commands=275,certificate_assumes=20,certificate_steps=250,certificate_anchors=5,certificate_sexp_nodes=4247,certificate_bytes=20110
velvet	crush-portfolio	1	Velvet/Examples/Recursion.lean|7|14502607232842720358	calc_fact_correct	14502607232842720358	core-reconstructed	rule-gap	core-directed reconstruction succeeded	742453294	collect=946209,pre-reconstruct=1062917,normalize=848584,monomorphize=24500,instantiate=19356500,translate=2258416,solve=436003042,replay=273693167,reconstruct=8259959	
velvet	crush-portfolio	1	Velvet/Examples/Recursion.lean|8|5360899794933563671	calc_fact_correct	5360899794933563671	selected-fact	not-attempted	closed from a selected Lean fact	772292	collect=772292	
velvet	crush-portfolio	1	Velvet/Examples/Recursion.lean|9|16083086069592683677	calc_fact_correct	16083086069592683677	core-reconstructed	rule-gap	core-directed reconstruction succeeded	737018500	collect=286833,pre-reconstruct=2941417,normalize=1370959,monomorphize=22833,instantiate=40350583,translate=4211000,solve=460444333,replay=197956750,reconstruct=29433792	
velvet	crush-portfolio	1	Velvet/Examples/Recursion.lean|10|17426933449823366573	calc_fact_correct	17426933449823366573	core-reconstructed	rule-gap	core-directed reconstruction succeeded	711228666	collect=615833,pre-reconstruct=466917,normalize=1275000,monomorphize=20708,instantiate=40087000,translate=3856750,solve=428200375,replay=201515541,reconstruct=35190542	
velvet	crush-portfolio	1	Velvet/Examples/Recursion.lean|13|3040060259141493307	calc_fact_correct	3040060259141493307	selected-fact	not-attempted	closed from a selected Lean fact	603042	collect=603042	
velvet	crush-portfolio	1	Velvet/Examples/Recursion.lean|14|8843960039229350233	calc_fact_correct	8843960039229350233	core-reconstructed	rule-gap	core-directed reconstruction succeeded	702215998	collect=238625,pre-reconstruct=363875,normalize=860041,monomorphize=19333,instantiate=36244041,translate=2861958,solve=466791583,replay=193039167,reconstruct=1797375	
velvet	crush-portfolio	1	Velvet/Examples/Recursion.lean|15|414362943496193222	calc_fact_correct	414362943496193222	core-reconstructed	rule-gap	core-directed reconstruction succeeded	618529250	collect=753542,pre-reconstruct=1438500,normalize=1253041,monomorphize=23250,instantiate=37242958,translate=3078542,solve=374587917,replay=198310375,reconstruct=1841125	
velvet	crush-portfolio	1	Velvet/Examples/Recursion.lean|16|17682712502848666117	calc_fact_correct	17682712502848666117	core-reconstructed	rule-gap	core-directed reconstruction succeeded	761726124	collect=621458,pre-reconstruct=692458,normalize=1143000,monomorphize=21208,instantiate=36658917,translate=3578625,solve=492188208,replay=198423042,reconstruct=28399208	
velvet	crush-portfolio	1	Velvet/Examples/Recursion.lean|17|10153057550358142642	SimpleOption_correct	10153057550358142642	alethe-reconstructed	success	Alethe certificate replay succeeded	502039625	collect=373709,pre-reconstruct=324209,normalize=986250,monomorphize=17792,instantiate=20325666,translate=1614500,solve=416558666,replay=61838833	certificate_commands=13,certificate_assumes=5,certificate_steps=8,certificate_anchors=0,certificate_sexp_nodes=192,certificate_bytes=763
velvet	crush-portfolio	1	Velvet/Examples/Recursion.lean|18|1511426402368662420	SimpleOption_correct	1511426402368662420	core-reconstructed	rule-gap	core-directed reconstruction succeeded	660904417	collect=569375,pre-reconstruct=389750,normalize=1058875,monomorphize=18083,instantiate=50385750,translate=2387709,solve=444531750,replay=159400042,reconstruct=2163083	
velvet	crush-portfolio	1	Velvet/Examples/Recursion.lean|19|12303175613740643342	SimpleList_correct	12303175613740643342	core-reconstructed	certificate-error	core-directed reconstruction succeeded	534907499	collect=530250,pre-reconstruct=432375,normalize=1257542,monomorphize=18375,instantiate=57352750,translate=5673708,solve=445834208,replay=67208,reconstruct=23741083	
velvet	crush-portfolio	1	Velvet/Examples/Recursion.lean|20|10153057550358142642	SimpleList_correct	10153057550358142642	core-reconstructed	certificate-error	core-directed reconstruction succeeded	419228708	collect=341875,pre-reconstruct=507584,normalize=1241875,monomorphize=22292,instantiate=22732791,translate=2512833,solve=388425250,replay=21333,reconstruct=3422875	
velvet	crush-portfolio	1	Velvet/Examples/Recursion.lean|21|419217539048902517	insertTree_correct	6124558152003517874	core-reconstructed	certificate-error	core-directed reconstruction succeeded	503100541	collect=749041,pre-reconstruct=1172000,normalize=1406500,monomorphize=5729250,instantiate=9820084,translate=4976375,solve=473467291,replay=18958,reconstruct=5761042	
velvet	crush-portfolio	1	Velvet/Examples/Recursion.lean|23|14100858011260313832	insertTree_correct	10921538662002129566	core-reconstructed	certificate-error	core-directed reconstruction succeeded	437928294	collect=465125,pre-reconstruct=1198125,normalize=1687583,monomorphize=5286583,instantiate=9928209,translate=4780417,solve=407499584,replay=22709,reconstruct=7059959	
velvet	crush-portfolio	1	Velvet/Examples/Recursion.lean|24|5439148242694091386	insertTree_correct	5439148242694091386	core-reconstructed	certificate-error	core-directed reconstruction succeeded	533708460	collect=453708,pre-reconstruct=1437167,normalize=2128916,monomorphize=5027334,instantiate=9681917,translate=4807584,solve=489221542,replay=18917,reconstruct=20931375	
velvet	crush-portfolio	1	Velvet/Examples/Recursion.lean|25|13358020527010658417	insertTree_correct	13358020527010658417	core-reconstructed	certificate-error	core-directed reconstruction succeeded	441360164	collect=451916,pre-reconstruct=1006541,normalize=1477292,monomorphize=4690083,instantiate=9568583,translate=4369750,solve=415585666,replay=19208,reconstruct=4191125	
velvet	crush-portfolio	1	Velvet/Examples/Recursion.lean|26|8603391761408256204	insertTree_correct	11864513577345326864	core-reconstructed	certificate-error	core-directed reconstruction succeeded	467972793	collect=533917,pre-reconstruct=1281250,normalize=1680208,monomorphize=5391167,instantiate=10840583,translate=4961250,solve=435842709,replay=23084,reconstruct=7418625	
velvet	crush-portfolio	1	Velvet/Examples/Recursion.lean|27|403261720200322615	insertTree_correct	403261720200322615	core-reconstructed	certificate-error	core-directed reconstruction succeeded	506045292	collect=472167,pre-reconstruct=1209250,normalize=2015792,monomorphize=5006667,instantiate=10094875,translate=5287833,solve=453285375,replay=21917,reconstruct=28651416	
velvet	crush-portfolio	1	Velvet/Examples/Recursion.lean|28|13334821868243949956	insertTree_correct	13334821868243949956	core-reconstructed	certificate-error	core-directed reconstruction succeeded	435083292	collect=456917,pre-reconstruct=1010250,normalize=1480292,monomorphize=4795375,instantiate=10123667,translate=4602334,solve=408101166,replay=18500,reconstruct=4494791	
velvet	crush-portfolio	1	Velvet/Examples/Recursion.lean|29|10034441991535992553	insertTree_correct	2266607705858558304	core-reconstructed	certificate-error	core-directed reconstruction succeeded	520494542	collect=471833,pre-reconstruct=914292,normalize=1450542,monomorphize=4634583,instantiate=9530792,translate=4326666,solve=494787459,replay=21125,reconstruct=4357250	
velvet	crush-portfolio	1	Velvet/Examples/Recursion.lean|30|8410732340261024813	insertTree_correct	18206415606574627385	core-reconstructed	certificate-error	core-directed reconstruction succeeded	435617668	collect=863417,pre-reconstruct=2462167,normalize=2623750,monomorphize=11787750,instantiate=10668917,translate=7813542,solve=390458250,replay=19125,reconstruct=8920750	
velvet	crush-portfolio	1	Velvet/Examples/Recursion.lean|31|13887296291903300382	insertTree_correct	13887296291903300382	core-reconstructed	certificate-error	core-directed reconstruction succeeded	526394168	collect=572625,pre-reconstruct=2088583,normalize=2488125,monomorphize=11158959,instantiate=10615417,translate=7017042,solve=472678959,replay=18125,reconstruct=19756333	
velvet	crush-portfolio	1	Velvet/Examples/Recursion.lean|32|6517665507579609563	insertTree_correct	6517665507579609563	core-reconstructed	certificate-error	core-directed reconstruction succeeded	426940542	collect=535833,pre-reconstruct=2213583,normalize=2559459,monomorphize=11397833,instantiate=10367500,translate=7014792,solve=388104750,replay=18875,reconstruct=4727917	
velvet	crush-portfolio	1	Velvet/Examples/Recursion.lean|34|4691160922418792609	insertTree_correct	3724966807215875960	core-reconstructed	certificate-error	core-directed reconstruction succeeded	552532041	collect=571416,pre-reconstruct=2956542,normalize=2924250,monomorphize=13511875,instantiate=11004167,translate=8568167,solve=500162916,replay=21375,reconstruct=12811333	
velvet	crush-portfolio	1	Velvet/Examples/Recursion.lean|35|5459752633259142580	insertTree_correct	5459752633259142580	core-reconstructed	certificate-error	core-directed reconstruction succeeded	472215541	collect=555083,pre-reconstruct=2382958,normalize=2864375,monomorphize=12936625,instantiate=12195250,translate=8325625,solve=401221125,replay=19250,reconstruct=31715250	
velvet	crush-portfolio	1	Velvet/Examples/Recursion.lean|36|14235806948139691359	insertTree_correct	14235806948139691359	core-reconstructed	certificate-error	core-directed reconstruction succeeded	518991543	collect=602375,pre-reconstruct=2399167,normalize=2809459,monomorphize=12460542,instantiate=11135917,translate=8076208,solve=476080709,replay=20750,reconstruct=5406416	
velvet	crush-portfolio	1	Velvet/Examples/Recursion.lean|38|7037529583856086989	insertTree_correct	14769059022653274503	core-reconstructed	certificate-error	core-directed reconstruction succeeded	462051708	collect=596834,pre-reconstruct=3091708,normalize=3289500,monomorphize=13896208,instantiate=10844709,translate=8258625,solve=409620375,replay=19208,reconstruct=12434541	
velvet	crush-portfolio	1	Velvet/Examples/Recursion.lean|39|5348143843544294657	insertTree_correct	5348143843544294657	core-reconstructed	certificate-error	core-directed reconstruction succeeded	549577377	collect=553416,pre-reconstruct=2395209,normalize=2856584,monomorphize=12255000,instantiate=12130042,translate=8863167,solve=471932459,replay=20625,reconstruct=38570875	
velvet	crush-portfolio	1	Velvet/Examples/Recursion.lean|40|11865403806314311412	insertTree_correct	11865403806314311412	core-reconstructed	certificate-error	core-directed reconstruction succeeded	430874542	collect=597667,pre-reconstruct=2557834,normalize=2971500,monomorphize=12545041,instantiate=11468125,translate=8843459,solve=385811583,replay=19250,reconstruct=6060083	
velvet	crush-portfolio	1	Velvet/Examples/Recursion.lean|41|4528940613904177901	complex_measure_binsearch_correct	4528940613904177901	unknown	not-attempted	solver exited without a verdict: cvc5 interrupted by timeout.	10876328460	collect=713708,pre-reconstruct=454084,normalize=1465458,monomorphize=18250,instantiate=9604959,translate=2370542,solve=5462041542,translate-fallback=2534417,solve-fallback=5397125500	
velvet	crush-portfolio	1	Velvet/Examples/Recursion.lean|47|9897963110172432531	complex_measure_binsearch_correct	9897963110172432531	alethe-reconstructed	success	Alethe certificate replay succeeded	1131908584	collect=702500,pre-reconstruct=563917,normalize=1788333,monomorphize=19209,instantiate=10409625,translate=3571417,solve=460352833,replay=654500750	certificate_commands=49,certificate_assumes=11,certificate_steps=38,certificate_anchors=0,certificate_sexp_nodes=912,certificate_bytes=3709
velvet	crush-portfolio	1	Velvet/Examples/Recursion.lean|51|5804668677648722939	pow2_correct	5804668677648722939	core-reconstructed	term-gap	core-directed reconstruction succeeded	476415374	collect=857083,pre-reconstruct=2632500,normalize=1630959,monomorphize=21208,instantiate=16772583,translate=3041208,solve=418622875,replay=19510333,reconstruct=13326625	
velvet	crush-portfolio	1	Velvet/Examples/Recursion.lean|52|5360899794933563671	pow2_correct	5360899794933563671	selected-fact	not-attempted	closed from a selected Lean fact	561167	collect=561167	
velvet	crush-portfolio	1	Velvet/Examples/Recursion.lean|53|2669204144888843361	pow2_correct	2669204144888843361	core-reconstructed	term-gap	core-directed reconstruction succeeded	497425292	collect=427125,pre-reconstruct=3573625,normalize=2278208,monomorphize=24167,instantiate=21785458,translate=4856375,solve=408567792,replay=29684292,reconstruct=26228250	
velvet	crush-portfolio	1	Velvet/Examples/Recursion.lean|54|17426933449823366573	pow2_correct	17426933449823366573	core-reconstructed	term-gap	core-directed reconstruction succeeded	600694584	collect=644667,pre-reconstruct=581458,normalize=1918250,monomorphize=22375,instantiate=18069709,translate=3682875,solve=506534125,replay=34027166,reconstruct=35213959	
velvet	crush-portfolio	1	Velvet/Examples/Recursion.lean|57|3040060259141493307	pow2_correct	3040060259141493307	selected-fact	not-attempted	closed from a selected Lean fact	623708	collect=623708	
velvet	crush-portfolio	1	Velvet/Examples/Recursion.lean|58|8843960039229350233	pow2_correct	8843960039229350233	core-reconstructed	term-gap	core-directed reconstruction succeeded	444044374	collect=303542,pre-reconstruct=536542,normalize=1587416,monomorphize=20417,instantiate=16473291,translate=2355041,solve=398470000,replay=22485625,reconstruct=1812500	
velvet	crush-portfolio	1	Velvet/Examples/Recursion.lean|59|11033618788013063028	pow2_correct	11033618788013063028	selected-fact	not-attempted	closed from a selected Lean fact	537500	collect=537500	
velvet	crush-portfolio	1	Velvet/Examples/Recursion.lean|60|12960500676855313787	pow2_correct	12960500676855313787	core-reconstructed	term-gap	core-directed reconstruction succeeded	514528042	collect=367333,pre-reconstruct=2433917,normalize=1910750,monomorphize=25209,instantiate=18685333,translate=3997375,solve=436380500,replay=30417750,reconstruct=20309875	
velvet	crush-portfolio	1	Velvet/Examples/SmallHeartBeats.lean|1|15016508801900672495	LeftmostMaximalDigit_correct	15236574120941310609	unknown	not-attempted	solver exited without a verdict: cvc5 interrupted by timeout.	5484544793	collect=3571042,pre-reconstruct=8561959,normalize=6348083,monomorphize=147125,instantiate=256792,translate=17066625,solve=5448593167	
velvet	crush-portfolio	1	Velvet/Examples/SmallHeartBeats.lean|2|15016508801900672495	LeftmostMaximalDigit_correct	15236574120941310609	unknown	not-attempted	solver exited without a verdict: cvc5 interrupted by timeout.	5488960542	collect=539667,pre-reconstruct=6898625,normalize=6190625,monomorphize=29958,instantiate=43208,translate=10456584,solve=5464801875	
velvet	crush-portfolio	1	Velvet/Examples/SmallHeartBeats.lean|3|2028202278093280602	LeftmostMaximalDigit_correct	6121938255858659784	reconstruction-failed	certificate-error	core-directed reconstruction did not close the goal	21826494709	collect=432834,pre-reconstruct=832709,normalize=5890291,monomorphize=23583,instantiate=37583,translate=9931167,solve=4820034584,replay=127666,reconstruct=16989184292	
velvet	crush-portfolio	1	Velvet/Examples/SmallHeartBeats.lean|4|15016508801900672495	LeftmostMaximalDigit_correct	15236574120941310609	reconstruction-failed	certificate-error	core-directed reconstruction did not close the goal	21230165040	collect=451250,pre-reconstruct=6612791,normalize=5830792,monomorphize=24458,instantiate=38666,translate=10057750,solve=5208202417,replay=28083,reconstruct=15998918833	
velvet	crush-portfolio	1	Velvet/Examples/SmallHeartBeats.lean|5|15016508801900672495	LeftmostMaximalDigit_correct	15236574120941310609	reconstruction-failed	certificate-error	core-directed reconstruction did not close the goal	21342358793	collect=419959,pre-reconstruct=6209125,normalize=5454917,monomorphize=26292,instantiate=35125,translate=9439417,solve=5170689583,replay=20083,reconstruct=16150064292	
velvet	crush-portfolio	1	Velvet/Examples/SmallHeartBeats.lean|6|3737123472131748703	LeftmostMaximalDigit_correct	15236574120941310609	pre-reconstructed	not-attempted	closed before SMT translation	2188666	collect=389458,pre-reconstruct=1799208	
velvet	crush-portfolio	1	Velvet/Examples/SmallHeartBeats.lean|7|7513237505621560861	LeftmostMaximalDigit_correct	7513237505621560861	selected-fact	not-attempted	closed from a selected Lean fact	267709	collect=267709	
velvet	crush-portfolio	1	Velvet/Examples/SmallHeartBeats.lean|8|8096766621563827002	LeftmostMaximalDigit_correct	17680906660210225647	core-reconstructed	certificate-error	core-directed reconstruction succeeded	456780625	collect=304250,pre-reconstruct=473459,normalize=3086666,monomorphize=20375,instantiate=34083,translate=5501750,solve=430842250,replay=20042,reconstruct=16497750	
velvet	crush-portfolio	1	Velvet/Examples/SmallHeartBeats.lean|9|18343663110535115658	LeftmostMaximalDigit_correct	5956152800418677151	unknown	not-attempted	solver exited without a verdict: cvc5 interrupted by timeout.	5456056376	collect=556833,pre-reconstruct=11711250,normalize=5829667,monomorphize=21375,instantiate=39792,translate=14545792,solve=5423351667	
velvet	crush-portfolio	1	Velvet/Examples/SpMSpV_Example.lean|2|8738685113314976701	VSpV_correct	8738685113314976701	core-reconstructed	certificate-error	core-directed reconstruction succeeded	520164707	collect=803083,pre-reconstruct=1979375,normalize=2426083,monomorphize=15733083,instantiate=10095042,translate=19860375,solve=453612917,replay=134041,reconstruct=15520708	
velvet	crush-portfolio	1	Velvet/Examples/SpMSpV_Example.lean|3|3203096880704497577	VSpV_correct	3203096880704497577	core-reconstructed	certificate-error	core-directed reconstruction succeeded	621493959	collect=273416,pre-reconstruct=23535084,normalize=2287875,monomorphize=20557791,instantiate=36125417,translate=26079834,solve=459028000,replay=20667,reconstruct=53585875	
velvet	crush-portfolio	1	Velvet/Examples/SpMSpV_Example.lean|7|6511268073169614694	VSpV_correct	6511268073169614694	core-reconstructed	certificate-error	core-directed reconstruction succeeded	492230960	collect=262459,pre-reconstruct=5315834,normalize=1948750,monomorphize=13185667,instantiate=8116125,translate=13445833,solve=447411958,replay=21917,reconstruct=2522417	
velvet	crush-portfolio	1	Velvet/Examples/SpMSpV_Example.lean|9|975338514235632457	VSpV_correct	975338514235632457	core-reconstructed	certificate-error	core-directed reconstruction succeeded	488911667	collect=206709,pre-reconstruct=592750,normalize=176125,monomorphize=11052292,instantiate=1567750,translate=9094084,solve=463466083,replay=18583,reconstruct=2737291	
velvet	crush-portfolio	1	Velvet/Examples/SpMSpV_Example.lean|10|12341185047943028706	VSpV_correct	12341185047943028706	core-reconstructed	certificate-error	core-directed reconstruction succeeded	600510251	collect=211708,pre-reconstruct=38550167,normalize=242250,monomorphize=13170709,instantiate=12144209,translate=13114208,solve=492477625,replay=18500,reconstruct=30580875	
velvet	crush-portfolio	1	Velvet/Examples/SpMSpV_Example.lean|15|10035930273513517515	spmv_correct	16911588290658345398	core-reconstructed	certificate-error	core-directed reconstruction succeeded	659433959	collect=316292,pre-reconstruct=11241917,normalize=443959,monomorphize=29023375,instantiate=23660458,translate=27235417,solve=480506958,replay=20916,reconstruct=86984667	
velvet	crush-portfolio	1	Velvet/Examples/SpMSpV_Example.lean|16|4828757563640441921	spmv_correct	17150622328021244237	core-reconstructed	certificate-error	core-directed reconstruction succeeded	914344750	collect=311958,pre-reconstruct=46332583,normalize=610750,monomorphize=51520250,instantiate=68060041,translate=62143917,solve=523404542,replay=20875,reconstruct=161939834	
velvet	crush-portfolio	1	Velvet/Examples/SpMSpV_Example.lean|19|9723121325275610683	spmv_correct	5118812006968681161	core-reconstructed	certificate-error	core-directed reconstruction succeeded	544750209	collect=290000,pre-reconstruct=1764958,normalize=353042,monomorphize=24792791,instantiate=4137542,translate=19595458,solve=492632709,replay=17750,reconstruct=1165959	
velvet	crush-portfolio	1	Velvet/Examples/SpMSpV_Example.lean|20|17138153512408342530	spmv_correct	10058067986739430896	core-reconstructed	certificate-error	core-directed reconstruction succeeded	568060459	collect=315625,pre-reconstruct=28266958,normalize=390459,monomorphize=26891000,instantiate=14131667,translate=26098333,solve=470828750,replay=18750,reconstruct=1118917	
velvet	crush-portfolio	1	Velvet/Examples/SpMSpV_Example.lean|21|1779879977175361606	spmv_correct	9652275006870831740	core-reconstructed	certificate-error	core-directed reconstruction succeeded	570797249	collect=288083,pre-reconstruct=28499708,normalize=400416,monomorphize=24851667,instantiate=4506708,translate=18942333,solve=463386208,replay=17417,reconstruct=29904709	
velvet	crush-portfolio	1	Velvet/Examples/SpMSpV_Example.lean|24|3184815126966959579	spmv_correct	4431820435980120265	core-reconstructed	certificate-error	core-directed reconstruction succeeded	531755086	collect=232834,pre-reconstruct=657334,normalize=216875,monomorphize=18248083,instantiate=2778625,translate=13060042,solve=463012792,replay=18042,reconstruct=33530459	
velvet	crush-portfolio	1	Velvet/Examples/SpMSpV_Example.lean|25|1119395027554635835	spmv_correct	13937701322092251966	core-reconstructed	certificate-error	core-directed reconstruction succeeded	626970331	collect=235667,pre-reconstruct=43973666,normalize=263584,monomorphize=23497500,instantiate=13543583,translate=23108583,solve=477305791,replay=19416,reconstruct=45022541	
velvet	crush-portfolio	1	Velvet/Examples/SpMSpV_Example.lean|26|2867453267844152322	spmv_correct	4156424914757912501	core-reconstructed	certificate-error	core-directed reconstruction succeeded	657486709	collect=277458,pre-reconstruct=30664584,normalize=414708,monomorphize=36436459,instantiate=14798958,translate=31939625,solve=500901667,replay=18875,reconstruct=42034375	
velvet	crush-portfolio	1	Velvet/Examples/SpMSpV_Example.lean|29|12365816836206760017	SpVSpV_correct	12365816836206760017	core-reconstructed	certificate-error	core-directed reconstruction succeeded	627112419	collect=406709,pre-reconstruct=4698084,normalize=6014750,monomorphize=40080709,instantiate=53278125,translate=38716625,solve=465711083,replay=18042,reconstruct=18188292	
velvet	crush-portfolio	1	Velvet/Examples/SpMSpV_Example.lean|30|14837198768818932204	SpVSpV_correct	16126165560622542066	core-reconstructed	certificate-error	core-directed reconstruction succeeded	1076366667	collect=391916,pre-reconstruct=220102209,normalize=7436208,monomorphize=47423417,instantiate=147050500,translate=65793667,solve=488803125,replay=17875,reconstruct=99347750	
velvet	crush-portfolio	1	Velvet/Examples/SpMSpV_Example.lean|32|15323100967004739210	SpVSpV_correct	15323100967004739210	core-reconstructed	certificate-error	core-directed reconstruction succeeded	640698584	collect=375875,pre-reconstruct=3382875,normalize=6349667,monomorphize=42479666,instantiate=54584917,translate=39927417,solve=473152750,replay=18000,reconstruct=20427417	
velvet	crush-portfolio	1	Velvet/Examples/SpMSpV_Example.lean|33|10656169208955874266	SpVSpV_correct	10656169208955874266	core-reconstructed	certificate-error	core-directed reconstruction succeeded	758618083	collect=418208,pre-reconstruct=49226417,normalize=6440792,monomorphize=42513708,instantiate=92285000,translate=51685959,solve=472894708,replay=26583,reconstruct=43126708	
velvet	crush-portfolio	1	Velvet/Examples/SpMSpV_Example.lean|35|9762937465648280212	SpVSpV_correct	9762937465648280212	core-reconstructed	certificate-error	core-directed reconstruction succeeded	630826916	collect=380500,pre-reconstruct=3735209,normalize=6215041,monomorphize=41296459,instantiate=53786458,translate=40212792,solve=465266083,replay=19208,reconstruct=19915166	
velvet	crush-portfolio	1	Velvet/Examples/SpMSpV_Example.lean|36|2195194365498566470	SpVSpV_correct	2195194365498566470	core-reconstructed	certificate-error	core-directed reconstruction succeeded	797666333	collect=389334,pre-reconstruct=55470416,normalize=6497375,monomorphize=44517833,instantiate=87011875,translate=51171375,solve=484669291,replay=20167,reconstruct=67918667	
velvet	crush-portfolio	1	Velvet/Examples/SpMSpV_Example.lean|38|11853401597336712609	SpVSpV_correct	11853401597336712609	core-reconstructed	certificate-error	core-directed reconstruction succeeded	618002167	collect=415500,pre-reconstruct=2117625,normalize=5354917,monomorphize=37567417,instantiate=51804625,translate=36543250,solve=468555250,replay=17333,reconstruct=15626250	
velvet	crush-portfolio	1	Velvet/Examples/SpMSpV_Example.lean|40|2836632441074815746	SpVSpV_correct	2836632441074815746	core-reconstructed	certificate-error	core-directed reconstruction succeeded	602222042	collect=356250,pre-reconstruct=1712583,normalize=5279750,monomorphize=37699000,instantiate=53456209,translate=38684000,solve=460588458,replay=22000,reconstruct=4423792	
velvet	crush-portfolio	1	Velvet/Examples/SpMSpV_Example.lean|42|9157999431728333977	SpVSpV_correct	9157999431728333977	core-reconstructed	certificate-error	core-directed reconstruction succeeded	529741416	collect=369875,pre-reconstruct=2143666,normalize=4497833,monomorphize=31527584,instantiate=6160208,translate=20736792,solve=460716000,replay=19125,reconstruct=3570333	
velvet	crush-portfolio	1	Velvet/Examples/SpMSpV_Example.lean|43|12484676100150332319	SpVSpV_correct	12484676100150332319	core-reconstructed	certificate-error	core-directed reconstruction succeeded	686952376	collect=359333,pre-reconstruct=17566084,normalize=5205250,monomorphize=34079125,instantiate=83184416,translate=32276917,solve=481092167,replay=19667,reconstruct=33169417	
velvet	crush-portfolio	1	Velvet/Examples/SpMSpV_Example.lean|44|6547543738413559297	SpVSpV_correct	6547543738413559297	core-reconstructed	certificate-error	core-directed reconstruction succeeded	682012376	collect=397125,pre-reconstruct=31308667,normalize=5646750,monomorphize=44181708,instantiate=56032709,translate=40857083,solve=479734750,replay=18292,reconstruct=23835292	
velvet	crush-portfolio	1	Velvet/Examples/SpMSpV_Example.lean|49|16599719904663808863	SpMSpV_correct	6207658206744569200	core-reconstructed	certificate-error	core-directed reconstruction succeeded	757337291	collect=469208,pre-reconstruct=22157500,normalize=6282708,monomorphize=65761583,instantiate=25318084,translate=43340250,solve=503538583,replay=19458,reconstruct=90449917	
velvet	crush-portfolio	1	Velvet/Examples/SpMSpV_Example.lean|50|9413868035314052637	SpMSpV_correct	954402073916344576	core-reconstructed	certificate-error	core-directed reconstruction succeeded	728644459	collect=454709,pre-reconstruct=21808958,normalize=6072042,monomorphize=64703750,instantiate=24850833,translate=43239500,solve=499934542,replay=18750,reconstruct=67561375	
velvet	crush-portfolio	1	Velvet/Examples/SpMSpV_Example.lean|51|11331147013392176036	SpMSpV_correct	1456818390559341560	core-reconstructed	certificate-error	core-directed reconstruction succeeded	1423826832	collect=519375,pre-reconstruct=168279458,normalize=8258291,monomorphize=83532459,instantiate=176933292,translate=155727208,solve=589455708,replay=20125,reconstruct=241100916	
velvet	crush-portfolio	1	Velvet/Examples/SpMSpV_Example.lean|55|16599719904663808863	SpMSpV_correct	6207658206744569200	core-reconstructed	certificate-error	core-directed reconstruction succeeded	766121666	collect=501375,pre-reconstruct=22299375,normalize=6446375,monomorphize=69407166,instantiate=27901000,translate=46893250,solve=498165834,replay=20875,reconstruct=94486416	
velvet	crush-portfolio	1	Velvet/Examples/SpMSpV_Example.lean|56|14915918579342464454	SpMSpV_correct	14801354580617985578	core-reconstructed	certificate-error	core-directed reconstruction succeeded	626696625	collect=491250,pre-reconstruct=5181292,normalize=6344166,monomorphize=65534000,instantiate=19820000,translate=41607542,solve=486538375,replay=16541,reconstruct=1163459	
velvet	crush-portfolio	1	Velvet/Examples/SpMSpV_Example.lean|61|4823872097887552574	SpMSpV_correct	14465487365256530385	core-reconstructed	certificate-error	core-directed reconstruction succeeded	619139416	collect=506125,pre-reconstruct=5425625,normalize=6999042,monomorphize=66731417,instantiate=16687416,translate=41888208,solve=479609042,replay=17958,reconstruct=1274583	
velvet	crush-portfolio	1	Velvet/Examples/SpMSpV_Example.lean|62|9413868035314052637	SpMSpV_correct	954402073916344576	core-reconstructed	certificate-error	core-directed reconstruction succeeded	721423249	collect=514500,pre-reconstruct=22279666,normalize=6387417,monomorphize=68924334,instantiate=26217291,translate=45091166,solve=485898250,replay=17833,reconstruct=66092792	
velvet	crush-portfolio	1	Velvet/Examples/SpMSpV_Example.lean|67|4823872097887552574	SpMSpV_correct	14465487365256530385	core-reconstructed	certificate-error	core-directed reconstruction succeeded	542308750	collect=500667,pre-reconstruct=4909500,normalize=5707792,monomorphize=55430625,instantiate=10534333,translate=34121583,solve=429735500,replay=21417,reconstruct=1347333	
velvet	crush-portfolio	1	Velvet/Examples/SpMSpV_Example.lean|68|14915918579342464454	SpMSpV_correct	14801354580617985578	core-reconstructed	certificate-error	core-directed reconstruction succeeded	507847335	collect=495292,pre-reconstruct=5708334,normalize=6708541,monomorphize=54895209,instantiate=10095042,translate=34898708,solve=393848792,replay=17709,reconstruct=1179708	
velvet	crush-portfolio	1	Velvet/Examples/SpMSpV_Example.lean|69|10972595422634862877	SpMSpV_correct	282711820722505660	core-reconstructed	certificate-error	core-directed reconstruction succeeded	686161667	collect=458875,pre-reconstruct=35262709,normalize=6805959,monomorphize=61608666,instantiate=76846500,translate=83455750,solve=419894417,replay=18333,reconstruct=1810458	
velvet	crush-portfolio	1	Velvet/Examples/SpMSpV_Example.lean|70|8550776788309984180	SpMSpV_correct	11199427504012316075	core-reconstructed	certificate-error	core-directed reconstruction succeeded	618884416	collect=459417,pre-reconstruct=6594708,normalize=6467959,monomorphize=59024833,instantiate=35632917,translate=49891250,solve=405128583,replay=21208,reconstruct=55663541	
velvet	crush-portfolio	1	Velvet/Examples/SpMSpV_Example.lean|74|3184815126966959579	SpMSpV_correct	4431820435980120265	core-reconstructed	certificate-error	core-directed reconstruction succeeded	507637167	collect=412541,pre-reconstruct=1205500,normalize=4512500,monomorphize=40603791,instantiate=7295084,translate=25091792,solve=393962625,replay=19125,reconstruct=34534209	
velvet	crush-portfolio	1	Velvet/Examples/SpMSpV_Example.lean|75|5592904318722155373	SpMSpV_correct	14215810846060684506	core-reconstructed	certificate-error	core-directed reconstruction succeeded	498608959	collect=384834,pre-reconstruct=1208917,normalize=4508750,monomorphize=38670667,instantiate=6614167,translate=24942708,solve=390030625,replay=18625,reconstruct=32229666	
velvet	crush-portfolio	1	Velvet/Examples/SpMSpV_Example.lean|76|9139246173028146264	SpMSpV_correct	17952347404366761422	core-reconstructed	certificate-error	core-directed reconstruction succeeded	745811168	collect=427375,pre-reconstruct=46540042,normalize=5557125,monomorphize=47962917,instantiate=76991375,translate=97836417,solve=421408625,replay=18417,reconstruct=49068875	
velvet	crush-portfolio	1	Velvet/Examples/SpMSpV_Example.lean|77|1600226093076966364	SpMSpV_correct	16517394122866365312	core-reconstructed	certificate-error	core-directed reconstruction succeeded	840626708	collect=521667,pre-reconstruct=36412208,normalize=6466208,monomorphize=68752042,instantiate=18001291,translate=42094917,solve=615338375,replay=20292,reconstruct=53019708	
velvet	crush-portfolio	1	Velvet/Examples/SubstringSearch.lean|1|18217664312208415458	SubstringSearch_correct	174702952739697047	core-reconstructed	certificate-error	core-directed reconstruction succeeded	454542834	collect=580791,pre-reconstruct=5986125,normalize=361709,monomorphize=118250,instantiate=246834,translate=8975167,solve=420434833,replay=124542,reconstruct=17714583	
velvet	crush-portfolio	1	Velvet/Examples/SubstringSearch.lean|2|14717207787831772510	SubstringSearch_correct	16168922198445788	core-reconstructed	certificate-error	core-directed reconstruction succeeded	439356875	collect=169042,pre-reconstruct=4510208,normalize=1870833,monomorphize=24916,instantiate=38625,translate=5252292,solve=424258458,replay=22209,reconstruct=3210292	
velvet	crush-portfolio	1	Velvet/Examples/SubstringSearch.lean|3|10323933724704776680	SubstringSearch_correct	12116471866077996373	core-reconstructed	certificate-error	core-directed reconstruction succeeded	429925749	collect=153500,pre-reconstruct=1755208,normalize=116750,monomorphize=16625,instantiate=31208,translate=3102542,solve=421846000,replay=17916,reconstruct=2886000	
velvet	crush-portfolio	1	Velvet/Examples/SubstringSearch.lean|4|8391554914672281118	SubstringSearch_correct	4974301628068507188	selected-fact	not-attempted	closed from a selected Lean fact	134583	collect=134583	
velvet	crush-portfolio	1	Velvet/Examples/SubstringSearch.lean|5|6640297411548399355	SubstringSearch_correct	6640297411548399355	core-reconstructed	certificate-error	core-directed reconstruction succeeded	445476293	collect=65709,pre-reconstruct=101542,normalize=51458,monomorphize=13292,instantiate=28500,translate=1534167,solve=441179000,replay=17834,reconstruct=2484791	
velvet	crush-portfolio	1	Velvet/Examples/SubstringSearch.lean|6|4492008039209323302	SubstringSearch_correct	4492008039209323302	core-reconstructed	certificate-error	core-directed reconstruction succeeded	458375086	collect=828584,pre-reconstruct=1244541,normalize=3366708,monomorphize=39959,instantiate=36834,translate=10943167,solve=438204292,replay=19792,reconstruct=3691209	
velvet	crush-portfolio	1	Velvet/Examples/SubstringSearch.lean|7|16506446102682745284	SubstringSearch_correct	16506446102682745284	core-reconstructed	certificate-error	core-directed reconstruction succeeded	463406542	collect=619250,pre-reconstruct=1047083,normalize=3790833,monomorphize=48250,instantiate=40625,translate=13166375,solve=429436917,replay=19709,reconstruct=15237500	
velvet	crush-portfolio	1	Velvet/Examples/SubstringSearch.lean|8|4056255141881592010	SubstringSearch_correct	4056255141881592010	selected-fact	not-attempted	closed from a selected Lean fact	513083	collect=513083	
velvet	crush-portfolio	1	Velvet/Examples/SubstringSearch.lean|9|10653939026877543916	SubstringSearch_correct	10653939026877543916	core-reconstructed	certificate-error	core-directed reconstruction succeeded	476502999	collect=506125,pre-reconstruct=997500,normalize=3357250,monomorphize=47000,instantiate=40208,translate=11624667,solve=435146833,replay=21583,reconstruct=24761833	
velvet	crush-portfolio	1	Velvet/Examples/SubstringSearch.lean|11|18143633401136980304	SubstringSearch_correct	18143633401136980304	core-reconstructed	certificate-error	core-directed reconstruction succeeded	448485875	collect=524625,pre-reconstruct=955625,normalize=3158416,monomorphize=38625,instantiate=36000,translate=10807125,solve=427665584,replay=23292,reconstruct=5276583	
velvet	crush-portfolio	1	Velvet/Examples/SubstringSearch.lean|12|16856248441874989194	SubstringSearch_correct	16856248441874989194	core-reconstructed	certificate-error	core-directed reconstruction succeeded	448172834	collect=509625,pre-reconstruct=929416,normalize=3155584,monomorphize=40250,instantiate=38416,translate=10914792,solve=427041292,replay=22459,reconstruct=5521000	
velvet	crush-portfolio	1	Velvet/Examples/SubstringSearch.lean|13|1598574868652780333	SubstringSearch_correct	2623082850227027838	core-reconstructed	certificate-error	core-directed reconstruction succeeded	879285957	collect=625250,pre-reconstruct=127996083,normalize=3816083,monomorphize=47458,instantiate=46625,translate=12071875,solve=438537458,replay=23750,reconstruct=296121375	
velvet	crush-portfolio	1	Velvet/Examples/SubstringSearch.lean|14|6083540873046640352	SubstringSearch_correct	14001892521180047693	core-reconstructed	certificate-error	core-directed reconstruction succeeded	553541752	collect=610334,pre-reconstruct=8889709,normalize=4384042,monomorphize=45375,instantiate=38000,translate=13778125,solve=456864875,replay=22417,reconstruct=68908875	
velvet	crush-portfolio	1	Velvet/Examples/SubstringSearch.lean|15|18314524564682266162	SubstringSearch_correct	174702952739697047	pre-reconstructed	not-attempted	closed before SMT translation	19485541	collect=598458,pre-reconstruct=18887083	
velvet	crush-portfolio	1	Velvet/Examples/SubstringSearch.lean|16|14859665284842375974	SubstringSearch_correct	14695100313578779437	core-reconstructed	certificate-error	core-directed reconstruction succeeded	564300710	collect=553459,pre-reconstruct=98216375,normalize=3532459,monomorphize=43291,instantiate=39792,translate=13595542,solve=428238167,replay=22583,reconstruct=20059042	
velvet	crush-portfolio	1	Velvet/Examples/SubstringSearch.lean|17|16859604855349517182	SubstringSearch_correct	5978146869369588613	unknown	not-attempted	solver exited without a verdict: cvc5 interrupted by timeout.	5465537501	collect=574250,pre-reconstruct=6229583,normalize=4491834,monomorphize=48500,instantiate=44209,translate=15117708,solve=5439031417	
velvet	crush-portfolio	1	Velvet/Examples/SubstringSearch.lean|18|12762377925475098934	SubstringSearch_correct	12762377925475098934	core-reconstructed	certificate-error	core-directed reconstruction succeeded	495381125	collect=538208,pre-reconstruct=1121709,normalize=3429625,monomorphize=41166,instantiate=44125,translate=13148667,solve=432223500,replay=29500,reconstruct=44804625	
velvet	crush-portfolio	1	Velvet/Examples/SubstringSearch.lean|19|4492008039209323302	SubstringSearch_correct	4492008039209323302	core-reconstructed	certificate-error	core-directed reconstruction succeeded	450152501	collect=566292,pre-reconstruct=958833,normalize=3567584,monomorphize=43834,instantiate=40334,translate=12677458,solve=428123250,replay=20541,reconstruct=4154375	
velvet	crush-portfolio	1	Velvet/Examples/SubstringSearch.lean|20|16506446102682745284	SubstringSearch_correct	16506446102682745284	core-reconstructed	certificate-error	core-directed reconstruction succeeded	458350208	collect=576083,pre-reconstruct=1113250,normalize=3479458,monomorphize=39875,instantiate=39708,translate=11931667,solve=424939625,replay=39792,reconstruct=16190750	
velvet	crush-portfolio	1	Velvet/Examples/SubstringSearch.lean|21|4056255141881592010	SubstringSearch_correct	4056255141881592010	selected-fact	not-attempted	closed from a selected Lean fact	528125	collect=528125	
velvet	crush-portfolio	1	Velvet/Examples/SubstringSearch.lean|24|18214680451177329292	SubstringSearch_correct	18214680451177329292	core-reconstructed	certificate-error	core-directed reconstruction succeeded	458022625	collect=783292,pre-reconstruct=998125,normalize=3324334,monomorphize=37916,instantiate=37791,translate=11973125,solve=424960834,replay=24500,reconstruct=15882708	
velvet	crush-portfolio	1	Velvet/Examples/SubstringSearch.lean|25|4587180649363296126	SubstringSearch_correct	4587180649363296126	core-reconstructed	certificate-error	core-directed reconstruction succeeded	470135627	collect=571417,pre-reconstruct=1105167,normalize=3458792,monomorphize=39958,instantiate=41209,translate=11644125,solve=433095667,replay=21292,reconstruct=20158000	
velvet	crush-portfolio	1	Velvet/Examples/SubstringSearch.lean|26|1598574868652780333	SubstringSearch_correct	2623082850227027838	core-reconstructed	certificate-error	core-directed reconstruction succeeded	842903000	collect=590000,pre-reconstruct=114368792,normalize=3539000,monomorphize=50334,instantiate=41584,translate=11746916,solve=437813833,replay=22208,reconstruct=274730333	
velvet	crush-portfolio	1	Velvet/Examples/SubstringSearch.lean|27|7138545743425854663	SubstringSearch_correct	5155269417983951744	pre-reconstructed	not-attempted	closed before SMT translation	2364208	collect=667083,pre-reconstruct=1697125	
velvet	crush-portfolio	1	Velvet/Examples/SubstringSearch.lean|28|4681422515724674825	SubstringSearch_correct	174702952739697047	pre-reconstructed	not-attempted	closed before SMT translation	15703625	collect=530042,pre-reconstruct=15173583	
velvet	crush-portfolio	1	Velvet/Examples/SubstringSearch.lean|29|14859665284842375974	SubstringSearch_correct	14695100313578779437	core-reconstructed	certificate-error	core-directed reconstruction succeeded	562955206	collect=513208,pre-reconstruct=95680542,normalize=3800291,monomorphize=42791,instantiate=38625,translate=13331250,solve=428591708,replay=20708,reconstruct=20936083	
velvet	crush-portfolio	1	Velvet/Examples/SubstringSearch.lean|30|15621397202025328223	SubstringSearch_correct	16429357329401941578	unknown	not-attempted	solver exited without a verdict: cvc5 interrupted by timeout.	5570110875	collect=568041,pre-reconstruct=118871959,normalize=4092667,monomorphize=45166,instantiate=41667,translate=14084042,solve=5432407333	
velvet	crush-portfolio	1	Velvet/Examples/SubstringSearch.lean|31|12762377925475098934	SubstringSearch_correct	12762377925475098934	core-reconstructed	certificate-error	core-directed reconstruction succeeded	492864041	collect=585000,pre-reconstruct=1081791,normalize=3745209,monomorphize=46000,instantiate=48250,translate=13730042,solve=431902583,replay=28541,reconstruct=41696625	
velvet	crush-portfolio	1	Velvet/Examples/SubstringSearch.lean|32|6640297411548399355	SubstringSearch_correct	6640297411548399355	core-reconstructed	certificate-error	core-directed reconstruction succeeded	447234375	collect=547375,pre-reconstruct=1009042,normalize=3438292,monomorphize=39750,instantiate=38208,translate=10779583,solve=427987083,replay=29417,reconstruct=3365625	
velvet	crush-portfolio	1	Velvet/Examples/SubstringSearch.lean|33|12035722151280848636	SubstringSearch_correct	12035722151280848636	core-reconstructed	certificate-error	core-directed reconstruction succeeded	456798125	collect=605250,pre-reconstruct=945959,normalize=3441042,monomorphize=44375,instantiate=40083,translate=10840500,solve=436892833,replay=22417,reconstruct=3965666	
velvet	crush-portfolio	1	Velvet/Examples/SubstringSearch.lean|34|4056255141881592010	SubstringSearch_correct	4056255141881592010	selected-fact	not-attempted	closed from a selected Lean fact	590167	collect=590167	
velvet	crush-portfolio	1	Velvet/Examples/SubstringSearch.lean|37|11007454110672083430	SubstringSearch_correct	11007454110672083430	core-reconstructed	certificate-error	core-directed reconstruction succeeded	449745292	collect=613375,pre-reconstruct=1114334,normalize=3195791,monomorphize=44084,instantiate=40083,translate=10744542,solve=430369958,replay=23875,reconstruct=3599250	
velvet	crush-portfolio	1	Velvet/Examples/SubstringSearch.lean|38|4587180649363296126	SubstringSearch_correct	4587180649363296126	core-reconstructed	certificate-error	core-directed reconstruction succeeded	467158248	collect=548458,pre-reconstruct=929000,normalize=3174667,monomorphize=41041,instantiate=37958,translate=11465958,solve=431665875,replay=22958,reconstruct=19272333	
velvet	crush-portfolio	1	Velvet/Examples/SubstringSearch.lean|39|4995387128902807839	SubstringSearch_correct	2623082850227027838	pre-reconstructed	not-attempted	closed before SMT translation	49970792	collect=549625,pre-reconstruct=49421167	
velvet	crush-portfolio	1	Velvet/Examples/SubstringSearch.lean|40|7138545743425854663	SubstringSearch_correct	5155269417983951744	pre-reconstructed	not-attempted	closed before SMT translation	2301959	collect=590875,pre-reconstruct=1711084	
velvet	crush-portfolio	1	Velvet/Examples/SubstringSearch.lean|41|4681422515724674825	SubstringSearch_correct	174702952739697047	core-reconstructed	certificate-error	core-directed reconstruction succeeded	727103292	collect=531875,pre-reconstruct=99433333,normalize=3774041,monomorphize=47292,instantiate=46042,translate=12326000,solve=441034459,replay=23167,reconstruct=169887083	
velvet	crush-portfolio	1	Velvet/Examples/SubstringSearch.lean|42|9257442500105266102	SubstringSearch_correct	11774711000685261052	selected-fact	not-attempted	closed from a selected Lean fact	714709	collect=714709	
velvet	crush-portfolio	1	Velvet/Examples/SubstringSearch.lean|43|15621397202025328223	SubstringSearch_correct	16429357329401941578	core-reconstructed	certificate-error	core-directed reconstruction succeeded	4378601748	collect=528125,pre-reconstruct=120674125,normalize=3818583,monomorphize=43250,instantiate=40166,translate=14565625,solve=4164063958,replay=22666,reconstruct=74845250	
velvet	crush-portfolio	1	Velvet/Examples/SubstringSearch.lean|44|12762377925475098934	SubstringSearch_correct	12762377925475098934	core-reconstructed	certificate-error	core-directed reconstruction succeeded	500571456	collect=574584,pre-reconstruct=1033833,normalize=3372666,monomorphize=41708,instantiate=36708,translate=12611125,solve=444020041,replay=19208,reconstruct=38861583	
velvet	crush-portfolio	1	Velvet/Examples/SubstringSearch.lean|52|7110337632391962636	SubstringSearch_correct	2623082850227027838	pre-reconstructed	not-attempted	closed before SMT translation	2406459	collect=738834,pre-reconstruct=1667625	
velvet	crush-portfolio	1	Velvet/Examples/SubstringSearch.lean|53|7138545743425854663	SubstringSearch_correct	5155269417983951744	pre-reconstructed	not-attempted	closed before SMT translation	2058333	collect=590208,pre-reconstruct=1468125	
velvet	crush-portfolio	1	Velvet/Examples/SubstringSearch.lean|54|12240785285064077065	SubstringSearch_correct	174702952739697047	pre-reconstructed	not-attempted	closed before SMT translation	2228917	collect=527000,pre-reconstruct=1701917	
velvet	crush-portfolio	1	Velvet/Examples/SubstringSearch.lean|55|8901178409804151575	SubstringSearch_correct	6856589615962544519	pre-reconstructed	not-attempted	closed before SMT translation	87396083	collect=644916,pre-reconstruct=86751167	
velvet	crush-portfolio	1	Velvet/Examples/SubstringSearch.lean|56|8890844706151052704	SubstringSearch_correct	16429357329401941578	pre-reconstructed	not-attempted	closed before SMT translation	2629418	collect=580834,pre-reconstruct=2048584	
velvet	crush-portfolio	1	Velvet/Examples/SubstringSearch.lean|57|8801584380004644131	SubstringSearch_correct	8801584380004644131	selected-fact	not-attempted	closed from a selected Lean fact	526125	collect=526125	
velvet	crush-portfolio	1	Velvet/Examples/SubstringSearch.lean|58|6640297411548399355	SubstringSearch_correct	6640297411548399355	core-reconstructed	certificate-error	core-directed reconstruction succeeded	426357332	collect=79375,pre-reconstruct=109000,normalize=53583,monomorphize=12791,instantiate=31000,translate=1562459,solve=421487875,replay=20833,reconstruct=3000416	
velvet	crush-portfolio	1	Velvet/Examples/SubstringSearch.lean|59|6640297411548399355	SubstringSearch_correct	6640297411548399355	core-reconstructed	certificate-error	core-directed reconstruction succeeded	434458416	collect=124000,pre-reconstruct=99958,normalize=57709,monomorphize=15917,instantiate=28916,translate=1579875,solve=429565166,replay=20292,reconstruct=2966583	
velvet	crush-portfolio	1	Velvet/Examples/SubstringSearch.lean|60|17707774690084689736	SubstringSearch_correct	17707774690084689736	core-reconstructed	certificate-error	core-directed reconstruction succeeded	435418877	collect=124000,pre-reconstruct=111292,normalize=49709,monomorphize=14250,instantiate=28791,translate=2506542,solve=428981500,replay=18334,reconstruct=3584459	
velvet	crush-portfolio	1	Velvet/Examples/SubstringSearch.lean|61|6640297411548399355	SubstringSearch_correct	6640297411548399355	core-reconstructed	certificate-error	core-directed reconstruction succeeded	454732210	collect=122250,pre-reconstruct=101208,normalize=54417,monomorphize=14459,instantiate=29792,translate=1539500,solve=449783250,replay=19625,reconstruct=3067709	
velvet	crush-portfolio	1	Velvet/Examples/SubstringSearch.lean|62|4974301628068507188	SubstringSearch_correct	4974301628068507188	core-reconstructed	certificate-error	core-directed reconstruction succeeded	443077792	collect=127750,pre-reconstruct=117416,normalize=50167,monomorphize=13042,instantiate=30458,translate=1859125,solve=425282459,replay=18000,reconstruct=15579375	
velvet	crush-portfolio	1	Velvet/Examples/SubstringSearch.lean|63|6640297411548399355	SubstringSearch_correct	6640297411548399355	core-reconstructed	certificate-error	core-directed reconstruction succeeded	437118459	collect=128000,pre-reconstruct=103875,normalize=52666,monomorphize=14417,instantiate=32958,translate=1906875,solve=431785709,replay=17667,reconstruct=3076292	
velvet	crush-portfolio	1	Velvet/Examples/SubstringSearch.lean|64|6640297411548399355	SubstringSearch_correct	6640297411548399355	core-reconstructed	certificate-error	core-directed reconstruction succeeded	433877834	collect=127333,pre-reconstruct=127208,normalize=63042,monomorphize=20500,instantiate=30375,translate=1554542,solve=428782667,replay=24584,reconstruct=3147583	
velvet	crush-portfolio	1	Velvet/Examples/SubstringSearch.lean|65|577474350103851300	SubstringSearch_correct	2623082850227027838	core-reconstructed	certificate-error	core-directed reconstruction succeeded	433714542	collect=147667,pre-reconstruct=1750417,normalize=98625,monomorphize=22667,instantiate=35667,translate=3354917,solve=424589458,replay=20958,reconstruct=3694166	
velvet	crush-portfolio	1	Velvet/Examples/SubstringSearch.lean|66|12819951545662893426	SubstringSearch_correct	13993715444541763638	core-reconstructed	certificate-error	core-directed reconstruction succeeded	437081292	collect=359625,pre-reconstruct=2414583,normalize=1117500,monomorphize=15834,instantiate=31958,translate=3737042,solve=425801292,replay=23417,reconstruct=3580041	
velvet	crush-portfolio	1	Velvet/Examples/SubstringSearch.lean|67|16471188947338966842	SubstringSearch_correct	174702952739697047	core-reconstructed	certificate-error	core-directed reconstruction succeeded	437205001	collect=132375,pre-reconstruct=1554500,normalize=83375,monomorphize=15458,instantiate=29958,translate=2688417,solve=428588917,replay=19792,reconstruct=4092209	
velvet	crush-portfolio	1	Velvet/Examples/SubstringSearch.lean|68|9975741777879173881	SubstringSearch_correct	11118364135432655742	core-reconstructed	certificate-error	core-directed reconstruction succeeded	445257374	collect=147291,pre-reconstruct=2454458,normalize=131625,monomorphize=18833,instantiate=36959,translate=3855459,solve=434907708,replay=19291,reconstruct=3685750	
velvet	crush-portfolio	1	Velvet/Examples/SubstringSearch.lean|69|88332911118243609	SubstringSearch_correct	8191945800170699187	core-reconstructed	certificate-error	core-directed reconstruction succeeded	441482374	collect=186833,pre-reconstruct=2629125,normalize=184500,monomorphize=18291,instantiate=36000,translate=4528291,solve=430051000,replay=20667,reconstruct=3827667	
velvet	crush-portfolio	1	Velvet/Examples/SubstringSearch.lean|70|4316548289593557355	SubstringSearch_correct	174702952739697047	pre-reconstructed	not-attempted	closed before SMT translation	172307333	collect=848833,pre-reconstruct=171458500	
velvet	crush-portfolio	1	Velvet/Examples/SubstringSearch.lean|71|1800578837535211584	SubstringSearch_correct	16427404187394994162	unknown	not-attempted	solver exited without a verdict: cvc5 interrupted by timeout.	5463139918	collect=665959,pre-reconstruct=6658917,normalize=4894084,monomorphize=47083,instantiate=48334,translate=13926583,solve=5436898958	
velvet	crush-portfolio	1	Velvet/Examples/SubstringSearch.lean|72|10230862668540398183	SubstringSearch_correct	17040693118540766639	core-reconstructed	certificate-error	core-directed reconstruction succeeded	505078625	collect=769334,pre-reconstruct=3221750,normalize=3826166,monomorphize=45416,instantiate=49084,translate=12214083,solve=442251458,replay=23084,reconstruct=42678250	
velvet	crush-portfolio	1	Velvet/Examples/SubstringSearch.lean|73|16982021311738439252	SubstringSearch_correct	10055357480764853091	core-reconstructed	certificate-error	core-directed reconstruction succeeded	461145417	collect=681750,pre-reconstruct=1062917,normalize=3588416,monomorphize=42750,instantiate=41375,translate=11304667,solve=441396084,replay=21000,reconstruct=3006458	
velvet	crush-portfolio	1	Velvet/Examples/SumOfDigits.lean|1|4887343456502517186	SumOfDigits_correct	4887343456502517186	core-reconstructed	rule-gap	core-directed reconstruction succeeded	805980999	collect=1490375,pre-reconstruct=5256667,normalize=2011416,monomorphize=116541,instantiate=31289167,translate=8304958,solve=452577500,replay=272880792,reconstruct=32053583	
velvet	crush-portfolio	1	Velvet/Examples/SumOfDigits.lean|2|5431800701729144158	SumOfDigits_correct	5431800701729144158	core-reconstructed	rule-gap	core-directed reconstruction succeeded	766599709	collect=727000,pre-reconstruct=570667,normalize=1225334,monomorphize=18792,instantiate=17466167,translate=3247291,solve=463806458,replay=269415250,reconstruct=10122750	
velvet	crush-portfolio	1	Velvet/Examples/SumOfDigits.lean|5|7475080825861972690	SumOfDigits_correct	7475080825861972690	core-reconstructed	rule-gap	core-directed reconstruction succeeded	753873584	collect=870083,pre-reconstruct=810791,normalize=1273875,monomorphize=21750,instantiate=17764875,translate=3016959,solve=448322667,replay=266512792,reconstruct=15279792	
velvet	crush-portfolio	1	Velvet/Examples/SumOfDigits.lean|6|15970435702129902192	SumOfDigits_correct	15970435702129902192	core-reconstructed	rule-gap	core-directed reconstruction succeeded	665134375	collect=939458,pre-reconstruct=1230708,normalize=1106125,monomorphize=19750,instantiate=12194042,translate=2326375,solve=445874042,replay=197660667,reconstruct=3783208	
velvet	crush-portfolio	1	Velvet/Examples/SumOfDigits.lean|7|6640297411548399355	SumOfDigits_correct	6640297411548399355	alethe-reconstructed	success	Alethe certificate replay succeeded	471461832	collect=745500,pre-reconstruct=366625,normalize=958208,monomorphize=19666,instantiate=4423792,translate=1771250,solve=431791458,replay=31385333	certificate_commands=12,certificate_assumes=4,certificate_steps=8,certificate_anchors=0,certificate_sexp_nodes=194,certificate_bytes=778
velvet	crush-portfolio	1	Velvet/Examples/SumOfDigits.lean|8|3871074223281074707	SumOfDigits_correct	3871074223281074707	core-reconstructed	rule-gap	core-directed reconstruction succeeded	737963667	collect=573916,pre-reconstruct=813708,normalize=1256292,monomorphize=24209,instantiate=21718958,translate=3440125,solve=441796000,replay=252718917,reconstruct=15621542	
velvet	crush-portfolio	1	Velvet/Examples/TestLoopControl.lean|1|4791612905070682933	test1_correct	4791612905070682933	alethe-reconstructed	success	Alethe certificate replay succeeded	892073332	collect=2688958,pre-reconstruct=4326250,normalize=2127209,monomorphize=115666,instantiate=240500,translate=5799041,solve=451619833,replay=425155875	certificate_commands=89,certificate_assumes=8,certificate_steps=81,certificate_anchors=0,certificate_sexp_nodes=1516,certificate_bytes=6272
velvet	crush-portfolio	1	Velvet/Examples/TestLoopControl.lean|2|4635955882467741603	test1_correct	4635955882467741603	alethe-reconstructed	success	Alethe certificate replay succeeded	638443082	collect=783458,pre-reconstruct=1976833,normalize=1703666,monomorphize=21625,instantiate=33500,translate=1722083,solve=442770708,replay=189431209	certificate_commands=24,certificate_assumes=8,certificate_steps=16,certificate_anchors=0,certificate_sexp_nodes=373,certificate_bytes=1486
velvet	crush-portfolio	1	Velvet/Examples/TestLoopControl.lean|3|4791612905070682933	test1_correct	4791612905070682933	alethe-reconstructed	success	Alethe certificate replay succeeded	865147000	collect=678208,pre-reconstruct=2336833,normalize=1687875,monomorphize=17333,instantiate=37333,translate=1840834,solve=447916750,replay=410631834	certificate_commands=83,certificate_assumes=8,certificate_steps=75,certificate_anchors=0,certificate_sexp_nodes=1400,certificate_bytes=5787
velvet	crush-portfolio	1	Velvet/Examples/TestLoopControl.lean|5|4982008840348523404	test1_correct	4982008840348523404	alethe-reconstructed	success	Alethe certificate replay succeeded	705735168	collect=841667,pre-reconstruct=700042,normalize=929209,monomorphize=20959,instantiate=39667,translate=1544375,solve=443327791,replay=258331458	certificate_commands=66,certificate_assumes=10,certificate_steps=55,certificate_anchors=1,certificate_sexp_nodes=995,certificate_bytes=4472
velvet	crush-portfolio	1	Velvet/Examples/TestLoopControl.lean|6|14929476196725773389	test1_correct	14929476196725773389	alethe-reconstructed	success	Alethe certificate replay succeeded	466790793	collect=692167,pre-reconstruct=1013750,normalize=751958,monomorphize=17917,instantiate=36667,translate=1116667,solve=436335625,replay=26826042	certificate_commands=15,certificate_assumes=3,certificate_steps=12,certificate_anchors=0,certificate_sexp_nodes=201,certificate_bytes=830
velvet	crush-portfolio	1	Velvet/Examples/TestLoopControl.lean|7|2311107858308393802	test1_correct	2311107858308393802	alethe-reconstructed	success	Alethe certificate replay succeeded	1075617750	collect=504792,pre-reconstruct=186250,normalize=917541,monomorphize=16250,instantiate=43584,translate=1581375,solve=469874458,replay=602493500	certificate_commands=219,certificate_assumes=20,certificate_steps=193,certificate_anchors=6,certificate_sexp_nodes=3211,certificate_bytes=15527
velvet	crush-portfolio	1	Velvet/Examples/TestLoopControl.lean|9|4791612905070682933	test2_correct	4791612905070682933	alethe-reconstructed	success	Alethe certificate replay succeeded	922696750	collect=1079375,pre-reconstruct=2281417,normalize=1634667,monomorphize=16083,instantiate=33291,translate=2335792,solve=462455667,replay=452860458	certificate_commands=84,certificate_assumes=9,certificate_steps=75,certificate_anchors=0,certificate_sexp_nodes=1424,certificate_bytes=5867
velvet	crush-portfolio	1	Velvet/Examples/TestLoopControl.lean|11|817407402121334710	test2_correct	817407402121334710	alethe-reconstructed	success	Alethe certificate replay succeeded	713686417	collect=825750,pre-reconstruct=499875,normalize=882709,monomorphize=15834,instantiate=33792,translate=1271333,solve=454543083,replay=255614041	certificate_commands=84,certificate_assumes=13,certificate_steps=69,certificate_anchors=2,certificate_sexp_nodes=1193,certificate_bytes=5491
velvet	crush-portfolio	1	Velvet/Examples/TestLoopControl.lean|12|14929476196725773389	test2_correct	14929476196725773389	alethe-reconstructed	success	Alethe certificate replay succeeded	469883875	collect=680667,pre-reconstruct=843708,normalize=671916,monomorphize=16000,instantiate=33417,translate=1129167,solve=442418875,replay=24090125	certificate_commands=15,certificate_assumes=3,certificate_steps=12,certificate_anchors=0,certificate_sexp_nodes=201,certificate_bytes=830
velvet	crush-portfolio	1	Velvet/Examples/TestLoopControl.lean|13|2311107858308393802	test2_correct	2311107858308393802	alethe-reconstructed	success	Alethe certificate replay succeeded	652691461	collect=502584,pre-reconstruct=135125,normalize=863958,monomorphize=16334,instantiate=42167,translate=1585834,solve=446361167,replay=203184292	certificate_commands=49,certificate_assumes=12,certificate_steps=37,certificate_anchors=0,certificate_sexp_nodes=799,certificate_bytes=3363
velvet	crush-portfolio	1	Velvet/Examples/TestLoopControl.lean|14|8140981983620881888	sum_even_correct	8140981983620881888	selected-fact	not-attempted	closed from a selected Lean fact	262708	collect=262708	
velvet	crush-portfolio	1	Velvet/Examples/TestLoopControl.lean|15|13972406881857011341	sum_even_correct	13972406881857011341	core-reconstructed	certificate-error	core-directed reconstruction succeeded	1221509415	collect=224708,pre-reconstruct=70220250,normalize=927583,monomorphize=32833,instantiate=558460583,translate=22991458,solve=462200750,replay=72500,reconstruct=106378750	
velvet	crush-portfolio	1	Velvet/Examples/TestLoopControl.lean|16|8140981983620881888	sum_even_correct	8140981983620881888	selected-fact	not-attempted	closed from a selected Lean fact	222791	collect=222791	
velvet	crush-portfolio	1	Velvet/Examples/TestLoopControl.lean|17|2763434902891560151	sum_even_correct	2763434902891560151	core-reconstructed	certificate-error	core-directed reconstruction succeeded	1391627918	collect=357375,pre-reconstruct=304659708,normalize=1340167,monomorphize=25125,instantiate=555475625,translate=21741292,solve=468548417,replay=20292,reconstruct=39459917	
velvet	crush-portfolio	1	Velvet/Examples/TestLoopControl.lean|20|12910903814107581038	sum_even_correct	12910903814107581038	core-reconstructed	certificate-error	core-directed reconstruction succeeded	904654043	collect=223542,pre-reconstruct=65795750,normalize=405750,monomorphize=29042,instantiate=325716250,translate=18856375,solve=453450667,replay=20750,reconstruct=40155917	
velvet	crush-portfolio	1	Velvet/Examples/TestLoopControl.lean|21|8811351339800985865	sum_even_correct	8811351339800985865	core-reconstructed	certificate-error	core-directed reconstruction succeeded	463421833	collect=173333,pre-reconstruct=522292,normalize=211167,monomorphize=17791,instantiate=1554083,translate=7185417,solve=450924958,replay=21084,reconstruct=2811708	
velvet	crush-portfolio	1	Velvet/Examples/TestMatch.lean|6|12313593517213863317	test3_correct	12313593517213863317	alethe-reconstructed	success	Alethe certificate replay succeeded	507970668	collect=2261791,pre-reconstruct=677333,normalize=1221875,monomorphize=107584,instantiate=232459,translate=4967584,solve=445568167,replay=52933875	certificate_commands=15,certificate_assumes=7,certificate_steps=8,certificate_anchors=0,certificate_sexp_nodes=169,certificate_bytes=695
velvet	crush-portfolio	1	Velvet/Examples/TestMatch.lean|7|5915416142655103160	test3_correct	5915416142655103160	alethe-reconstructed	success	Alethe certificate replay succeeded	971247957	collect=592750,pre-reconstruct=1095500,normalize=697875,monomorphize=20042,instantiate=34750,translate=1905791,solve=465337458,replay=501563791	certificate_commands=121,certificate_assumes=16,certificate_steps=103,certificate_anchors=2,certificate_sexp_nodes=1874,certificate_bytes=8797
velvet	crush-portfolio	1	Velvet/Examples/Total_Partial_example.lean|1|1993702872115081742	insertionSort_part_correct	14354530589729947841	core-reconstructed	certificate-error	core-directed reconstruction succeeded	568958291	collect=617875,pre-reconstruct=1833208,normalize=307000,monomorphize=6397208,instantiate=48640916,translate=17238917,solve=458479333,replay=128125,reconstruct=35315709	
velvet	crush-portfolio	1	Velvet/Examples/Total_Partial_example.lean|3|1066791641437412485	insertionSort_part_correct	1066791641437412485	core-reconstructed	certificate-error	core-directed reconstruction succeeded	602030375	collect=365334,pre-reconstruct=3504042,normalize=2770417,monomorphize=10998041,instantiate=71003125,translate=18284500,solve=468910291,replay=18000,reconstruct=26176625	
velvet	crush-portfolio	1	Velvet/Examples/Total_Partial_example.lean|4|8472930623785656869	insertionSort_part_correct	18353889382475767599	reconstruction-failed	certificate-error	core-directed reconstruction did not close the goal	9269157831	collect=301833,pre-reconstruct=801264416,normalize=3302375,monomorphize=30903291,instantiate=219728875,translate=60195083,solve=3806838041,replay=18583,reconstruct=4346605334	
velvet	crush-portfolio	1	Velvet/Examples/Total_Partial_example.lean|5|2816846931760221370	insertionSort_part_correct	2816846931760221370	core-reconstructed	certificate-error	core-directed reconstruction succeeded	662730877	collect=292084,pre-reconstruct=5405667,normalize=2802167,monomorphize=13984958,instantiate=83157500,translate=21907083,solve=469243834,replay=22959,reconstruct=65914625	
velvet	crush-portfolio	1	Velvet/Examples/Total_Partial_example.lean|7|1066791641437412485	insertionSort_part_correct	1066791641437412485	core-reconstructed	certificate-error	core-directed reconstruction succeeded	604889708	collect=330791,pre-reconstruct=4136417,normalize=2730125,monomorphize=11329708,instantiate=80347917,translate=20111792,solve=457556417,replay=20333,reconstruct=28326208	
velvet	crush-portfolio	1	Velvet/Examples/Total_Partial_example.lean|8|14825588553610653054	insertionSort_part_correct	13858382852922432078	unknown	not-attempted	solver exited without a verdict: cvc5 interrupted by timeout.	11396158792	collect=309708,pre-reconstruct=73923375,normalize=2808333,monomorphize=13236166,instantiate=275329750,translate=52586709,solve=5456046209,translate-fallback=57036750,solve-fallback=5464881792	
velvet	crush-portfolio	1	Velvet/Examples/Total_Partial_example.lean|12|16465886849738339639	insertionSort_part_correct	13858382852922432078	core-reconstructed	certificate-error	core-directed reconstruction succeeded	672386041	collect=289625,pre-reconstruct=12946500,normalize=3090083,monomorphize=11244750,instantiate=51605875,translate=17253417,solve=557162916,replay=18958,reconstruct=18773917	
velvet	crush-portfolio	1	Velvet/Examples/Total_Partial_example.lean|14|5918835836158453730	insertionSort_part_correct	5918835836158453730	selected-fact	not-attempted	closed from a selected Lean fact	263750	collect=263750	
velvet	crush-portfolio	1	Velvet/Examples/Total_Partial_example.lean|16|12155028420956038391	insertionSort_part_correct	12155028420956038391	core-reconstructed	certificate-error	core-directed reconstruction succeeded	481017417	collect=221666,pre-reconstruct=1485250,normalize=1459833,monomorphize=7441084,instantiate=1568417,translate=7675417,solve=456308708,replay=20375,reconstruct=4836667	
velvet	crush-portfolio	1	Velvet/Examples/Total_Partial_example.lean|17|14852526092468225565	insertionSort_part_correct	139088297960392149	core-reconstructed	certificate-error	core-directed reconstruction succeeded	754364584	collect=277042,pre-reconstruct=20055000,normalize=1895500,monomorphize=8387750,instantiate=51079625,translate=14661209,solve=552791250,replay=22708,reconstruct=105194500	
velvet	crush-portfolio	1	Velvet/Examples/Total_Partial_example.lean|20|4477598582358312981	insertionSort_part_correct	4477598582358312981	core-reconstructed	certificate-error	core-directed reconstruction succeeded	506987332	collect=331833,pre-reconstruct=3312125,normalize=2572375,monomorphize=10814291,instantiate=1984542,translate=10730708,solve=459847416,replay=20542,reconstruct=17373500	
velvet	crush-portfolio	1	Velvet/Examples/Total_Partial_example.lean|21|7903702650473013145	insertionSort_part_correct	17272444315034915638	core-reconstructed	certificate-error	core-directed reconstruction succeeded	727704958	collect=353792,pre-reconstruct=21985958,normalize=2934667,monomorphize=12753458,instantiate=55813583,translate=19710625,solve=572130667,replay=21208,reconstruct=42001000	
velvet	crush-portfolio	1	Velvet/Examples/Total_Partial_example.lean|25|11248877774576345437	insertionSort_part_correct	139088297960392149	core-reconstructed	certificate-error	core-directed reconstruction succeeded	651425291	collect=363375,pre-reconstruct=1742250,normalize=1875958,monomorphize=9180084,instantiate=56281541,translate=16270166,solve=545826042,replay=19167,reconstruct=19866708	
velvet	crush-portfolio	1	Velvet/Examples/Total_Partial_example.lean|27|6709257883257101731	insertionSort_part_correct	6709257883257101731	selected-fact	not-attempted	closed from a selected Lean fact	242167	collect=242167	
velvet	crush-portfolio	1	Velvet/Examples/Total_Partial_example.lean|28|16576486626369642801	insertionSort_part_correct	16576486626369642801	core-reconstructed	certificate-error	core-directed reconstruction succeeded	478771456	collect=125833,pre-reconstruct=482416,normalize=107417,monomorphize=2746667,instantiate=759041,translate=4460458,solve=454066750,replay=25208,reconstruct=15997666	
velvet	crush-portfolio	1	Velvet/Examples/Total_Partial_example.lean|29|11235314628722112900	insertionSort_part_correct	14354530589729947841	core-reconstructed	certificate-error	core-directed reconstruction succeeded	545365750	collect=194416,pre-reconstruct=572167,normalize=145042,monomorphize=6170791,instantiate=56018459,translate=12948917,solve=450540875,replay=19917,reconstruct=18755166	
velvet	crush-portfolio	1	Velvet/Examples/Total_Partial_example.lean|31|18214290959922115111	insertionSort_part_correct	17272444315034915638	core-reconstructed	certificate-error	core-directed reconstruction succeeded	2882161833	collect=343375,pre-reconstruct=12916792,normalize=1820166,monomorphize=9484917,instantiate=54699209,translate=15528750,solve=691776625,replay=25541,reconstruct=2095566458	
velvet	crush-portfolio	1	Velvet/Examples/Total_Partial_example.lean|33|11568103068982921353	insertionSort_termination_correct	11568103068982921353	core-reconstructed	certificate-error	core-directed reconstruction succeeded	599429165	collect=299292,pre-reconstruct=751875,normalize=1811833,monomorphize=6808875,instantiate=80795334,translate=16110208,solve=459646916,replay=21166,reconstruct=33183666	
velvet	crush-portfolio	1	Velvet/Examples/Total_Partial_example.lean|35|11568103068982921353	insertionSort_termination_correct	11568103068982921353	core-reconstructed	certificate-error	core-directed reconstruction succeeded	606950043	collect=285583,pre-reconstruct=724667,normalize=1549375,monomorphize=6725125,instantiate=79690834,translate=17394458,solve=467427083,replay=22959,reconstruct=33129959	
velvet	crush-portfolio	1	Velvet/Examples/Total_Partial_example.lean|37|5918835836158453730	insertionSort_termination_correct	5918835836158453730	selected-fact	not-attempted	closed from a selected Lean fact	277292	collect=277292	
velvet	crush-portfolio	1	Velvet/Examples/Total_Partial_example.lean|40|4477598582358312981	insertionSort_termination_correct	4477598582358312981	core-reconstructed	certificate-error	core-directed reconstruction succeeded	493988625	collect=242958,pre-reconstruct=591875,normalize=1374000,monomorphize=5151750,instantiate=1476709,translate=8026167,solve=460064958,replay=18083,reconstruct=17042125	
velvet	crush-portfolio	1	Velvet/Examples/Total_Partial_example.lean|41|18088860687919872176	insertionSort_termination_correct	18088860687919872176	core-reconstructed	certificate-error	core-directed reconstruction succeeded	531648542	collect=235917,pre-reconstruct=562375,normalize=1376833,monomorphize=5953875,instantiate=1447834,translate=7514542,solve=465566458,replay=20333,reconstruct=48970375	
velvet	crush-portfolio	1	Velvet/Examples/Total_Partial_example.lean|44|6709257883257101731	insertionSort_termination_correct	6709257883257101731	selected-fact	not-attempted	closed from a selected Lean fact	224875	collect=224875	
velvet	crush-portfolio	1	Velvet/Examples/Total_Partial_example.lean|45|16576486626369642801	insertionSort_termination_correct	16576486626369642801	core-reconstructed	certificate-error	core-directed reconstruction succeeded	474219585	collect=152209,pre-reconstruct=464458,normalize=103375,monomorphize=3101542,instantiate=858625,translate=4524750,solve=448628542,replay=21042,reconstruct=16365042	
