suite	backend	ref	commit	toolchain	repeat	file	proof	vc	goal_hash	status	category	milliseconds	message	goal
cashmere	crush-alethe	ec16b95ff8bbd047248de031cabd3160847e4b1b	ec16b95ff8bbd047248de031cabd3160847e4b1b	leanprover/lean4:v4.32.2	1	CaseStudies/Cashmere/Cashmere.lean	withdraw_correct	1	1631738648950044227	fail	translation	829	"crush: cvc5 did not emit an Alethe certificate: Proof unsupported by Alethe: contains operator DUMMY_SKOLEM. Set `crush.reconstruct` to ""auto"" to use core-directed reconstruction instead."	x - ↑amount + ↑amount = balanceOld
cashmere	crush-alethe	ec16b95ff8bbd047248de031cabd3160847e4b1b	ec16b95ff8bbd047248de031cabd3160847e4b1b	leanprover/lean4:v4.32.2	1	CaseStudies/Cashmere/Cashmere.lean	withdrawSession_correct	2	11756138257855701010	fail	translation	774	"crush: cvc5 did not emit an Alethe certificate: Proof unsupported by Alethe: contains operator DUMMY_SKOLEM. Set `crush.reconstruct` to ""auto"" to use core-directed reconstruction instead."	balance - ↑tmp.head! + ↑amounts.sum = x + ↑tmp.tail.sum
cashmere	crush-alethe	ec16b95ff8bbd047248de031cabd3160847e4b1b	ec16b95ff8bbd047248de031cabd3160847e4b1b	leanprover/lean4:v4.32.2	1	CaseStudies/Cashmere/Cashmere.lean	withdrawSession_correct	3	2825169037077011539	pass	-	3	-	balance + ↑amounts.sum = x + ↑tmp.sum
cashmere	crush-alethe	ec16b95ff8bbd047248de031cabd3160847e4b1b	ec16b95ff8bbd047248de031cabd3160847e4b1b	leanprover/lean4:v4.32.2	1	CaseStudies/Cashmere/Cashmere.lean	withdrawSession_correct	4	14833385480787993856	fail	translation	690	"crush: cvc5 did not emit an Alethe certificate: Proof unsupported by Alethe: contains operator DUMMY_SKOLEM. Set `crush.reconstruct` to ""auto"" to use core-directed reconstruction instead."	¬tmp.nonEmpty
cashmere	crush-alethe	ec16b95ff8bbd047248de031cabd3160847e4b1b	ec16b95ff8bbd047248de031cabd3160847e4b1b	leanprover/lean4:v4.32.2	1	CaseStudies/Cashmere/Cashmere.lean	withdrawSession_correct	5	15214630116673553496	fail	translation	700	"crush: cvc5 did not emit an Alethe certificate: Proof unsupported by Alethe: contains operator DUMMY_SKOLEM. Set `crush.reconstruct` to ""auto"" to use core-directed reconstruction instead."	i + ↑amounts.sum = balanceOld
cashmere	crush-alethe	ec16b95ff8bbd047248de031cabd3160847e4b1b	ec16b95ff8bbd047248de031cabd3160847e4b1b	leanprover/lean4:v4.32.2	1	CaseStudies/Cashmere/Cashmere.lean	withdrawSessionTot_correct	6	11756138257855701010	fail	translation	776	"crush: cvc5 did not emit an Alethe certificate: Proof unsupported by Alethe: contains operator DUMMY_SKOLEM. Set `crush.reconstruct` to ""auto"" to use core-directed reconstruction instead."	balance - ↑tmp.head! + ↑amounts.sum = x + ↑tmp.tail.sum
cashmere	crush-alethe	ec16b95ff8bbd047248de031cabd3160847e4b1b	ec16b95ff8bbd047248de031cabd3160847e4b1b	leanprover/lean4:v4.32.2	1	CaseStudies/Cashmere/Cashmere.lean	withdrawSessionTot_correct	7	2592897230707726799	fail	translation	747	"crush: cvc5 did not emit an Alethe certificate: Proof unsupported by Alethe: contains operator DUMMY_SKOLEM. Set `crush.reconstruct` to ""auto"" to use core-directed reconstruction instead."	tmp.tail.length < tmp.length
cashmere	crush-alethe	ec16b95ff8bbd047248de031cabd3160847e4b1b	ec16b95ff8bbd047248de031cabd3160847e4b1b	leanprover/lean4:v4.32.2	1	CaseStudies/Cashmere/Cashmere.lean	withdrawSessionTot_correct	8	2825169037077011539	pass	-	2	-	balance + ↑amounts.sum = x + ↑tmp.sum
cashmere	crush-alethe	ec16b95ff8bbd047248de031cabd3160847e4b1b	ec16b95ff8bbd047248de031cabd3160847e4b1b	leanprover/lean4:v4.32.2	1	CaseStudies/Cashmere/Cashmere.lean	withdrawSessionTot_correct	9	14833385480787993856	fail	translation	702	"crush: cvc5 did not emit an Alethe certificate: Proof unsupported by Alethe: contains operator DUMMY_SKOLEM. Set `crush.reconstruct` to ""auto"" to use core-directed reconstruction instead."	¬tmp.nonEmpty
cashmere	crush-alethe	ec16b95ff8bbd047248de031cabd3160847e4b1b	ec16b95ff8bbd047248de031cabd3160847e4b1b	leanprover/lean4:v4.32.2	1	CaseStudies/Cashmere/Cashmere.lean	withdrawSessionTot_correct	10	15214630116673553496	fail	translation	712	"crush: cvc5 did not emit an Alethe certificate: Proof unsupported by Alethe: contains operator DUMMY_SKOLEM. Set `crush.reconstruct` to ""auto"" to use core-directed reconstruction instead."	i + ↑amounts.sum = balanceOld
cashmere	crush-alethe	ec16b95ff8bbd047248de031cabd3160847e4b1b	ec16b95ff8bbd047248de031cabd3160847e4b1b	leanprover/lean4:v4.32.2	1	CaseStudies/Cashmere/Cashmere.lean	withdrawSessionExcept_correct	11	12346872860079934512	fail	translation	718	"crush: cvc5 did not emit an Alethe certificate: Proof unsupported by Alethe: contains operator DUMMY_SKOLEM. Set `crush.reconstruct` to ""auto"" to use core-directed reconstruction instead."	False
cashmere	crush-alethe	ec16b95ff8bbd047248de031cabd3160847e4b1b	ec16b95ff8bbd047248de031cabd3160847e4b1b	leanprover/lean4:v4.32.2	1	CaseStudies/Cashmere/Cashmere.lean	withdrawSessionExcept_correct	12	11756138257855701010	fail	translation	776	"crush: cvc5 did not emit an Alethe certificate: Proof unsupported by Alethe: contains operator DUMMY_SKOLEM. Set `crush.reconstruct` to ""auto"" to use core-directed reconstruction instead."	balance - ↑tmp.head! + ↑amounts.sum = x + ↑tmp.tail.sum
cashmere	crush-alethe	ec16b95ff8bbd047248de031cabd3160847e4b1b	ec16b95ff8bbd047248de031cabd3160847e4b1b	leanprover/lean4:v4.32.2	1	CaseStudies/Cashmere/Cashmere.lean	withdrawSessionExcept_correct	13	12800241106604992563	fail	translation	784	"crush: cvc5 did not emit an Alethe certificate: Proof unsupported by Alethe: contains operator DUMMY_SKOLEM. Set `crush.reconstruct` to ""auto"" to use core-directed reconstruction instead."	balance - ↑tmp.head! ≥ ↑tmp.tail.sum
cashmere	crush-alethe	ec16b95ff8bbd047248de031cabd3160847e4b1b	ec16b95ff8bbd047248de031cabd3160847e4b1b	leanprover/lean4:v4.32.2	1	CaseStudies/Cashmere/Cashmere.lean	withdrawSessionExcept_correct	14	2592897230707726799	fail	translation	783	"crush: cvc5 did not emit an Alethe certificate: Proof unsupported by Alethe: contains operator DUMMY_SKOLEM. Set `crush.reconstruct` to ""auto"" to use core-directed reconstruction instead."	tmp.tail.length < tmp.length
cashmere	crush-alethe	ec16b95ff8bbd047248de031cabd3160847e4b1b	ec16b95ff8bbd047248de031cabd3160847e4b1b	leanprover/lean4:v4.32.2	1	CaseStudies/Cashmere/Cashmere.lean	withdrawSessionExcept_correct	15	2825169037077011539	pass	-	4	-	balance + ↑amounts.sum = x + ↑tmp.sum
cashmere	crush-alethe	ec16b95ff8bbd047248de031cabd3160847e4b1b	ec16b95ff8bbd047248de031cabd3160847e4b1b	leanprover/lean4:v4.32.2	1	CaseStudies/Cashmere/Cashmere.lean	withdrawSessionExcept_correct	16	14810769858554953377	pass	-	4	-	balance ≥ ↑tmp.sum
cashmere	crush-alethe	ec16b95ff8bbd047248de031cabd3160847e4b1b	ec16b95ff8bbd047248de031cabd3160847e4b1b	leanprover/lean4:v4.32.2	1	CaseStudies/Cashmere/Cashmere.lean	withdrawSessionExcept_correct	17	14833385480787993856	fail	translation	716	"crush: cvc5 did not emit an Alethe certificate: Proof unsupported by Alethe: contains operator DUMMY_SKOLEM. Set `crush.reconstruct` to ""auto"" to use core-directed reconstruction instead."	¬tmp.nonEmpty
cashmere	crush-alethe	ec16b95ff8bbd047248de031cabd3160847e4b1b	ec16b95ff8bbd047248de031cabd3160847e4b1b	leanprover/lean4:v4.32.2	1	CaseStudies/Cashmere/Cashmere.lean	withdrawSessionExcept_correct	18	8275436438937433806	pass	-	2	-	x ≥ ↑amounts.sum
cashmere	crush-alethe	ec16b95ff8bbd047248de031cabd3160847e4b1b	ec16b95ff8bbd047248de031cabd3160847e4b1b	leanprover/lean4:v4.32.2	1	CaseStudies/Cashmere/Cashmere.lean	withdrawSessionExcept_correct	19	15214630116673553496	fail	translation	729	"crush: cvc5 did not emit an Alethe certificate: Proof unsupported by Alethe: contains operator DUMMY_SKOLEM. Set `crush.reconstruct` to ""auto"" to use core-directed reconstruction instead."	i + ↑amounts.sum = balanceOld
cashmere	crush-alethe	ec16b95ff8bbd047248de031cabd3160847e4b1b	ec16b95ff8bbd047248de031cabd3160847e4b1b	leanprover/lean4:v4.32.2	1	CaseStudies/Cashmere/Cashmere.lean	withdrawSessionExcept_correct	20	684110104125275636	fail	translation	741	"crush: cvc5 did not emit an Alethe certificate: Proof unsupported by Alethe: contains operator DUMMY_SKOLEM. Set `crush.reconstruct` to ""auto"" to use core-directed reconstruction instead."	i ≥ 0
cashmere	crush-alethe	ec16b95ff8bbd047248de031cabd3160847e4b1b	ec16b95ff8bbd047248de031cabd3160847e4b1b	leanprover/lean4:v4.32.2	1	CaseStudies/Cashmere/Cashmere.lean	withdrawSessionNonDet_correct	21	10455387604875970312	fail	translation	566	"crush: cvc5 did not emit an Alethe certificate: Proof unsupported by Alethe: contains operator DUMMY_SKOLEM. Set `crush.reconstruct` to ""auto"" to use core-directed reconstruction instead."	∃ h, ↑h.sum ≤ x
cashmere	crush-alethe	ec16b95ff8bbd047248de031cabd3160847e4b1b	ec16b95ff8bbd047248de031cabd3160847e4b1b	leanprover/lean4:v4.32.2	1	CaseStudies/Cashmere/Cashmere.lean	withdrawSessionNonDet_correct	22	12346872860079934512	fail	translation	778	"crush: cvc5 did not emit an Alethe certificate: Proof unsupported by Alethe: contains operator DUMMY_SKOLEM. Set `crush.reconstruct` to ""auto"" to use core-directed reconstruction instead."	False
cashmere	crush-alethe	ec16b95ff8bbd047248de031cabd3160847e4b1b	ec16b95ff8bbd047248de031cabd3160847e4b1b	leanprover/lean4:v4.32.2	1	CaseStudies/Cashmere/Cashmere.lean	withdrawSessionNonDet_correct	23	9920644537135092340	fail	translation	834	"crush: cvc5 did not emit an Alethe certificate: Proof unsupported by Alethe: contains operator DUMMY_SKOLEM. Set `crush.reconstruct` to ""auto"" to use core-directed reconstruction instead."	balance - ↑tmp.head! + ↑i_1.sum = x + ↑tmp.tail.sum
cashmere	crush-alethe	ec16b95ff8bbd047248de031cabd3160847e4b1b	ec16b95ff8bbd047248de031cabd3160847e4b1b	leanprover/lean4:v4.32.2	1	CaseStudies/Cashmere/Cashmere.lean	withdrawSessionNonDet_correct	24	2592897230707726799	fail	translation	833	"crush: cvc5 did not emit an Alethe certificate: Proof unsupported by Alethe: contains operator DUMMY_SKOLEM. Set `crush.reconstruct` to ""auto"" to use core-directed reconstruction instead."	tmp.tail.length < tmp.length
cashmere	crush-alethe	ec16b95ff8bbd047248de031cabd3160847e4b1b	ec16b95ff8bbd047248de031cabd3160847e4b1b	leanprover/lean4:v4.32.2	1	CaseStudies/Cashmere/Cashmere.lean	withdrawSessionNonDet_correct	25	8954427794409453576	pass	-	4	-	balance + ↑i_1.sum = x + ↑tmp.sum
cashmere	crush-alethe	ec16b95ff8bbd047248de031cabd3160847e4b1b	ec16b95ff8bbd047248de031cabd3160847e4b1b	leanprover/lean4:v4.32.2	1	CaseStudies/Cashmere/Cashmere.lean	withdrawSessionNonDet_correct	26	14833385480787993856	fail	translation	756	"crush: cvc5 did not emit an Alethe certificate: Proof unsupported by Alethe: contains operator DUMMY_SKOLEM. Set `crush.reconstruct` to ""auto"" to use core-directed reconstruction instead."	¬tmp.nonEmpty
cashmere	crush-alethe	ec16b95ff8bbd047248de031cabd3160847e4b1b	ec16b95ff8bbd047248de031cabd3160847e4b1b	leanprover/lean4:v4.32.2	1	CaseStudies/Cashmere/Cashmere.lean	withdrawSessionNonDet_correct	27	5928940248694370277	fail	translation	777	"crush: cvc5 did not emit an Alethe certificate: Proof unsupported by Alethe: contains operator DUMMY_SKOLEM. Set `crush.reconstruct` to ""auto"" to use core-directed reconstruction instead."	i_3 + ↑i_1.sum = balanceOld
cashmere	crush-alethe	ec16b95ff8bbd047248de031cabd3160847e4b1b	ec16b95ff8bbd047248de031cabd3160847e4b1b	leanprover/lean4:v4.32.2	1	CaseStudies/Cashmere/Cashmere.lean	withdrawSessionNonDet_correct	28	12566989642252477834	fail	translation	784	"crush: cvc5 did not emit an Alethe certificate: Proof unsupported by Alethe: contains operator DUMMY_SKOLEM. Set `crush.reconstruct` to ""auto"" to use core-directed reconstruction instead."	i_3 ≥ 0
cashmere	crush-alethe	ec16b95ff8bbd047248de031cabd3160847e4b1b	ec16b95ff8bbd047248de031cabd3160847e4b1b	leanprover/lean4:v4.32.2	1	CaseStudies/Cashmere/CashmereIncorrectnessLogic.lean	withdrawSessionAngelic_correct	1	9427426964918022923	pass	-	3	-	True
cashmere	crush-alethe	ec16b95ff8bbd047248de031cabd3160847e4b1b	ec16b95ff8bbd047248de031cabd3160847e4b1b	leanprover/lean4:v4.32.2	1	CaseStudies/Cashmere/CashmereIncorrectnessLogic.lean	withdrawSessionAngelic_correct	2	1587904245978985587	fail	translation	1116	"crush: cvc5 did not emit an Alethe certificate: Proof unsupported by Alethe: contains operator DUMMY_SKOLEM. Set `crush.reconstruct` to ""auto"" to use core-directed reconstruction instead."	balance - ↑amounts.head! ≥ 0
cashmere	crush-alethe	ec16b95ff8bbd047248de031cabd3160847e4b1b	ec16b95ff8bbd047248de031cabd3160847e4b1b	leanprover/lean4:v4.32.2	1	CaseStudies/Cashmere/CashmereIncorrectnessLogic.lean	withdrawSessionAngelic_correct	3	12290697138917920290	fail	translation	1221	"crush: cvc5 did not emit an Alethe certificate: Proof unsupported by Alethe: contains operator DUMMY_SKOLEM. Set `crush.reconstruct` to ""auto"" to use core-directed reconstruction instead."	balance - ↑amounts.head! < ↑amounts.tail.sum
cashmere	crush-alethe	ec16b95ff8bbd047248de031cabd3160847e4b1b	ec16b95ff8bbd047248de031cabd3160847e4b1b	leanprover/lean4:v4.32.2	1	CaseStudies/Cashmere/CashmereIncorrectnessLogic.lean	withdrawSessionAngelic_correct	4	6449264834289021715	fail	translation	1083	"crush: cvc5 did not emit an Alethe certificate: Proof unsupported by Alethe: contains operator DUMMY_SKOLEM. Set `crush.reconstruct` to ""auto"" to use core-directed reconstruction instead."	amounts.tail.length < amounts.length
cashmere	crush-alethe	ec16b95ff8bbd047248de031cabd3160847e4b1b	ec16b95ff8bbd047248de031cabd3160847e4b1b	leanprover/lean4:v4.32.2	1	CaseStudies/Cashmere/CashmereIncorrectnessLogic.lean	withdrawSessionAngelic_correct	5	11664442347342473650	pass	-	3	-	balance ≥ 0
cashmere	crush-alethe	ec16b95ff8bbd047248de031cabd3160847e4b1b	ec16b95ff8bbd047248de031cabd3160847e4b1b	leanprover/lean4:v4.32.2	1	CaseStudies/Cashmere/CashmereIncorrectnessLogic.lean	withdrawSessionAngelic_correct	6	6579164554781296205	pass	-	2	-	balance < ↑amounts.sum
cashmere	crush-alethe	ec16b95ff8bbd047248de031cabd3160847e4b1b	ec16b95ff8bbd047248de031cabd3160847e4b1b	leanprover/lean4:v4.32.2	1	CaseStudies/Cashmere/CashmereIncorrectnessLogic.lean	withdrawSessionAngelic_correct	7	7126761714196821540	fail	translation	974	"crush: cvc5 did not emit an Alethe certificate: Proof unsupported by Alethe: contains operator DUMMY_SKOLEM. Set `crush.reconstruct` to ""auto"" to use core-directed reconstruction instead."	¬amounts.nonEmpty
cashmere	crush-alethe	ec16b95ff8bbd047248de031cabd3160847e4b1b	ec16b95ff8bbd047248de031cabd3160847e4b1b	leanprover/lean4:v4.32.2	1	CaseStudies/Cashmere/CashmereIncorrectnessLogic.lean	withdrawSessionAngelic_correct	8	2232656262363782188	fail	translation	778	"crush: cvc5 did not emit an Alethe certificate: Proof unsupported by Alethe: contains operator DUMMY_SKOLEM. Set `crush.reconstruct` to ""auto"" to use core-directed reconstruction instead."	x ≥ 0
cashmere	crush-alethe	ec16b95ff8bbd047248de031cabd3160847e4b1b	ec16b95ff8bbd047248de031cabd3160847e4b1b	leanprover/lean4:v4.32.2	1	CaseStudies/Cashmere/CashmereIncorrectnessLogic.lean	withdrawSessionAngelic_correct	9	15183118018364320695	fail	translation	812	"crush: cvc5 did not emit an Alethe certificate: Proof unsupported by Alethe: contains operator DUMMY_SKOLEM. Set `crush.reconstruct` to ""auto"" to use core-directed reconstruction instead."	∃ x_1, x < ↑x_1.sum
cashmere	crush-alethe	ec16b95ff8bbd047248de031cabd3160847e4b1b	ec16b95ff8bbd047248de031cabd3160847e4b1b	leanprover/lean4:v4.32.2	1	CaseStudies/Cashmere/CashmereIncorrectnessLogic.lean	withdrawSessionAngelic_correct	10	12346872860079934512	fail	translation	1070	"crush: cvc5 did not emit an Alethe certificate: Proof unsupported by Alethe: contains operator DUMMY_SKOLEM. Set `crush.reconstruct` to ""auto"" to use core-directed reconstruction instead."	False
cashmere	crush-portfolio	ec16b95ff8bbd047248de031cabd3160847e4b1b	ec16b95ff8bbd047248de031cabd3160847e4b1b	leanprover/lean4:v4.32.2	1	CaseStudies/Cashmere/Cashmere.lean	withdraw_correct	1	1631738648950044227	pass	-	602	-	x - ↑amount + ↑amount = balanceOld
cashmere	crush-portfolio	ec16b95ff8bbd047248de031cabd3160847e4b1b	ec16b95ff8bbd047248de031cabd3160847e4b1b	leanprover/lean4:v4.32.2	1	CaseStudies/Cashmere/Cashmere.lean	withdrawSession_correct	2	11756138257855701010	pass	-	855	-	balance - ↑tmp.head! + ↑amounts.sum = x + ↑tmp.tail.sum
cashmere	crush-portfolio	ec16b95ff8bbd047248de031cabd3160847e4b1b	ec16b95ff8bbd047248de031cabd3160847e4b1b	leanprover/lean4:v4.32.2	1	CaseStudies/Cashmere/Cashmere.lean	withdrawSession_correct	3	2825169037077011539	pass	-	3	-	balance + ↑amounts.sum = x + ↑tmp.sum
cashmere	crush-portfolio	ec16b95ff8bbd047248de031cabd3160847e4b1b	ec16b95ff8bbd047248de031cabd3160847e4b1b	leanprover/lean4:v4.32.2	1	CaseStudies/Cashmere/Cashmere.lean	withdrawSession_correct	4	14833385480787993856	pass	-	4	-	¬tmp.nonEmpty
cashmere	crush-portfolio	ec16b95ff8bbd047248de031cabd3160847e4b1b	ec16b95ff8bbd047248de031cabd3160847e4b1b	leanprover/lean4:v4.32.2	1	CaseStudies/Cashmere/Cashmere.lean	withdrawSession_correct	5	15214630116673553496	pass	-	752	-	i + ↑amounts.sum = balanceOld
cashmere	crush-portfolio	ec16b95ff8bbd047248de031cabd3160847e4b1b	ec16b95ff8bbd047248de031cabd3160847e4b1b	leanprover/lean4:v4.32.2	1	CaseStudies/Cashmere/Cashmere.lean	withdrawSessionTot_correct	6	11756138257855701010	pass	-	848	-	balance - ↑tmp.head! + ↑amounts.sum = x + ↑tmp.tail.sum
cashmere	crush-portfolio	ec16b95ff8bbd047248de031cabd3160847e4b1b	ec16b95ff8bbd047248de031cabd3160847e4b1b	leanprover/lean4:v4.32.2	1	CaseStudies/Cashmere/Cashmere.lean	withdrawSessionTot_correct	7	2592897230707726799	pass	-	777	-	tmp.tail.length < tmp.length
cashmere	crush-portfolio	ec16b95ff8bbd047248de031cabd3160847e4b1b	ec16b95ff8bbd047248de031cabd3160847e4b1b	leanprover/lean4:v4.32.2	1	CaseStudies/Cashmere/Cashmere.lean	withdrawSessionTot_correct	8	2825169037077011539	pass	-	3	-	balance + ↑amounts.sum = x + ↑tmp.sum
cashmere	crush-portfolio	ec16b95ff8bbd047248de031cabd3160847e4b1b	ec16b95ff8bbd047248de031cabd3160847e4b1b	leanprover/lean4:v4.32.2	1	CaseStudies/Cashmere/Cashmere.lean	withdrawSessionTot_correct	9	14833385480787993856	pass	-	4	-	¬tmp.nonEmpty
cashmere	crush-portfolio	ec16b95ff8bbd047248de031cabd3160847e4b1b	ec16b95ff8bbd047248de031cabd3160847e4b1b	leanprover/lean4:v4.32.2	1	CaseStudies/Cashmere/Cashmere.lean	withdrawSessionTot_correct	10	15214630116673553496	pass	-	745	-	i + ↑amounts.sum = balanceOld
cashmere	crush-portfolio	ec16b95ff8bbd047248de031cabd3160847e4b1b	ec16b95ff8bbd047248de031cabd3160847e4b1b	leanprover/lean4:v4.32.2	1	CaseStudies/Cashmere/Cashmere.lean	withdrawSessionExcept_correct	11	12346872860079934512	pass	-	752	-	False
cashmere	crush-portfolio	ec16b95ff8bbd047248de031cabd3160847e4b1b	ec16b95ff8bbd047248de031cabd3160847e4b1b	leanprover/lean4:v4.32.2	1	CaseStudies/Cashmere/Cashmere.lean	withdrawSessionExcept_correct	12	11756138257855701010	pass	-	862	-	balance - ↑tmp.head! + ↑amounts.sum = x + ↑tmp.tail.sum
cashmere	crush-portfolio	ec16b95ff8bbd047248de031cabd3160847e4b1b	ec16b95ff8bbd047248de031cabd3160847e4b1b	leanprover/lean4:v4.32.2	1	CaseStudies/Cashmere/Cashmere.lean	withdrawSessionExcept_correct	13	12800241106604992563	pass	-	802	-	balance - ↑tmp.head! ≥ ↑tmp.tail.sum
cashmere	crush-portfolio	ec16b95ff8bbd047248de031cabd3160847e4b1b	ec16b95ff8bbd047248de031cabd3160847e4b1b	leanprover/lean4:v4.32.2	1	CaseStudies/Cashmere/Cashmere.lean	withdrawSessionExcept_correct	14	2592897230707726799	pass	-	786	-	tmp.tail.length < tmp.length
cashmere	crush-portfolio	ec16b95ff8bbd047248de031cabd3160847e4b1b	ec16b95ff8bbd047248de031cabd3160847e4b1b	leanprover/lean4:v4.32.2	1	CaseStudies/Cashmere/Cashmere.lean	withdrawSessionExcept_correct	15	2825169037077011539	pass	-	5	-	balance + ↑amounts.sum = x + ↑tmp.sum
cashmere	crush-portfolio	ec16b95ff8bbd047248de031cabd3160847e4b1b	ec16b95ff8bbd047248de031cabd3160847e4b1b	leanprover/lean4:v4.32.2	1	CaseStudies/Cashmere/Cashmere.lean	withdrawSessionExcept_correct	16	14810769858554953377	pass	-	3	-	balance ≥ ↑tmp.sum
cashmere	crush-portfolio	ec16b95ff8bbd047248de031cabd3160847e4b1b	ec16b95ff8bbd047248de031cabd3160847e4b1b	leanprover/lean4:v4.32.2	1	CaseStudies/Cashmere/Cashmere.lean	withdrawSessionExcept_correct	17	14833385480787993856	pass	-	6	-	¬tmp.nonEmpty
cashmere	crush-portfolio	ec16b95ff8bbd047248de031cabd3160847e4b1b	ec16b95ff8bbd047248de031cabd3160847e4b1b	leanprover/lean4:v4.32.2	1	CaseStudies/Cashmere/Cashmere.lean	withdrawSessionExcept_correct	18	8275436438937433806	pass	-	2	-	x ≥ ↑amounts.sum
cashmere	crush-portfolio	ec16b95ff8bbd047248de031cabd3160847e4b1b	ec16b95ff8bbd047248de031cabd3160847e4b1b	leanprover/lean4:v4.32.2	1	CaseStudies/Cashmere/Cashmere.lean	withdrawSessionExcept_correct	19	15214630116673553496	pass	-	760	-	i + ↑amounts.sum = balanceOld
cashmere	crush-portfolio	ec16b95ff8bbd047248de031cabd3160847e4b1b	ec16b95ff8bbd047248de031cabd3160847e4b1b	leanprover/lean4:v4.32.2	1	CaseStudies/Cashmere/Cashmere.lean	withdrawSessionExcept_correct	20	684110104125275636	pass	-	739	-	i ≥ 0
cashmere	crush-portfolio	ec16b95ff8bbd047248de031cabd3160847e4b1b	ec16b95ff8bbd047248de031cabd3160847e4b1b	leanprover/lean4:v4.32.2	1	CaseStudies/Cashmere/Cashmere.lean	withdrawSessionNonDet_correct	21	10455387604875970312	pass	-	8	-	∃ h, ↑h.sum ≤ x
cashmere	crush-portfolio	ec16b95ff8bbd047248de031cabd3160847e4b1b	ec16b95ff8bbd047248de031cabd3160847e4b1b	leanprover/lean4:v4.32.2	1	CaseStudies/Cashmere/Cashmere.lean	withdrawSessionNonDet_correct	22	12346872860079934512	pass	-	807	-	False
cashmere	crush-portfolio	ec16b95ff8bbd047248de031cabd3160847e4b1b	ec16b95ff8bbd047248de031cabd3160847e4b1b	leanprover/lean4:v4.32.2	1	CaseStudies/Cashmere/Cashmere.lean	withdrawSessionNonDet_correct	23	9920644537135092340	pass	-	895	-	balance - ↑tmp.head! + ↑i_1.sum = x + ↑tmp.tail.sum
cashmere	crush-portfolio	ec16b95ff8bbd047248de031cabd3160847e4b1b	ec16b95ff8bbd047248de031cabd3160847e4b1b	leanprover/lean4:v4.32.2	1	CaseStudies/Cashmere/Cashmere.lean	withdrawSessionNonDet_correct	24	2592897230707726799	pass	-	830	-	tmp.tail.length < tmp.length
cashmere	crush-portfolio	ec16b95ff8bbd047248de031cabd3160847e4b1b	ec16b95ff8bbd047248de031cabd3160847e4b1b	leanprover/lean4:v4.32.2	1	CaseStudies/Cashmere/Cashmere.lean	withdrawSessionNonDet_correct	25	8954427794409453576	pass	-	4	-	balance + ↑i_1.sum = x + ↑tmp.sum
cashmere	crush-portfolio	ec16b95ff8bbd047248de031cabd3160847e4b1b	ec16b95ff8bbd047248de031cabd3160847e4b1b	leanprover/lean4:v4.32.2	1	CaseStudies/Cashmere/Cashmere.lean	withdrawSessionNonDet_correct	26	14833385480787993856	pass	-	5	-	¬tmp.nonEmpty
cashmere	crush-portfolio	ec16b95ff8bbd047248de031cabd3160847e4b1b	ec16b95ff8bbd047248de031cabd3160847e4b1b	leanprover/lean4:v4.32.2	1	CaseStudies/Cashmere/Cashmere.lean	withdrawSessionNonDet_correct	27	5928940248694370277	pass	-	790	-	i_3 + ↑i_1.sum = balanceOld
cashmere	crush-portfolio	ec16b95ff8bbd047248de031cabd3160847e4b1b	ec16b95ff8bbd047248de031cabd3160847e4b1b	leanprover/lean4:v4.32.2	1	CaseStudies/Cashmere/Cashmere.lean	withdrawSessionNonDet_correct	28	12566989642252477834	pass	-	801	-	i_3 ≥ 0
cashmere	crush-portfolio	ec16b95ff8bbd047248de031cabd3160847e4b1b	ec16b95ff8bbd047248de031cabd3160847e4b1b	leanprover/lean4:v4.32.2	1	CaseStudies/Cashmere/CashmereIncorrectnessLogic.lean	withdrawSessionAngelic_correct	1	9427426964918022923	pass	-	2	-	True
cashmere	crush-portfolio	ec16b95ff8bbd047248de031cabd3160847e4b1b	ec16b95ff8bbd047248de031cabd3160847e4b1b	leanprover/lean4:v4.32.2	1	CaseStudies/Cashmere/CashmereIncorrectnessLogic.lean	withdrawSessionAngelic_correct	2	1587904245978985587	pass	-	1153	-	balance - ↑amounts.head! ≥ 0
cashmere	crush-portfolio	ec16b95ff8bbd047248de031cabd3160847e4b1b	ec16b95ff8bbd047248de031cabd3160847e4b1b	leanprover/lean4:v4.32.2	1	CaseStudies/Cashmere/CashmereIncorrectnessLogic.lean	withdrawSessionAngelic_correct	3	12290697138917920290	pass	-	1301	-	balance - ↑amounts.head! < ↑amounts.tail.sum
cashmere	crush-portfolio	ec16b95ff8bbd047248de031cabd3160847e4b1b	ec16b95ff8bbd047248de031cabd3160847e4b1b	leanprover/lean4:v4.32.2	1	CaseStudies/Cashmere/CashmereIncorrectnessLogic.lean	withdrawSessionAngelic_correct	4	6449264834289021715	pass	-	1080	-	amounts.tail.length < amounts.length
cashmere	crush-portfolio	ec16b95ff8bbd047248de031cabd3160847e4b1b	ec16b95ff8bbd047248de031cabd3160847e4b1b	leanprover/lean4:v4.32.2	1	CaseStudies/Cashmere/CashmereIncorrectnessLogic.lean	withdrawSessionAngelic_correct	5	11664442347342473650	pass	-	3	-	balance ≥ 0
cashmere	crush-portfolio	ec16b95ff8bbd047248de031cabd3160847e4b1b	ec16b95ff8bbd047248de031cabd3160847e4b1b	leanprover/lean4:v4.32.2	1	CaseStudies/Cashmere/CashmereIncorrectnessLogic.lean	withdrawSessionAngelic_correct	6	6579164554781296205	pass	-	2	-	balance < ↑amounts.sum
cashmere	crush-portfolio	ec16b95ff8bbd047248de031cabd3160847e4b1b	ec16b95ff8bbd047248de031cabd3160847e4b1b	leanprover/lean4:v4.32.2	1	CaseStudies/Cashmere/CashmereIncorrectnessLogic.lean	withdrawSessionAngelic_correct	7	7126761714196821540	pass	-	4	-	¬amounts.nonEmpty
cashmere	crush-portfolio	ec16b95ff8bbd047248de031cabd3160847e4b1b	ec16b95ff8bbd047248de031cabd3160847e4b1b	leanprover/lean4:v4.32.2	1	CaseStudies/Cashmere/CashmereIncorrectnessLogic.lean	withdrawSessionAngelic_correct	8	2232656262363782188	pass	-	809	-	x ≥ 0
cashmere	crush-portfolio	ec16b95ff8bbd047248de031cabd3160847e4b1b	ec16b95ff8bbd047248de031cabd3160847e4b1b	leanprover/lean4:v4.32.2	1	CaseStudies/Cashmere/CashmereIncorrectnessLogic.lean	withdrawSessionAngelic_correct	9	15183118018364320695	pass	-	893	-	∃ x_1, x < ↑x_1.sum
cashmere	crush-portfolio	ec16b95ff8bbd047248de031cabd3160847e4b1b	ec16b95ff8bbd047248de031cabd3160847e4b1b	leanprover/lean4:v4.32.2	1	CaseStudies/Cashmere/CashmereIncorrectnessLogic.lean	withdrawSessionAngelic_correct	10	12346872860079934512	pass	-	1073	-	False
cashmere	crush-verify	ec16b95ff8bbd047248de031cabd3160847e4b1b	ec16b95ff8bbd047248de031cabd3160847e4b1b	leanprover/lean4:v4.32.2	1	CaseStudies/Cashmere/Cashmere.lean	withdraw_correct	1	1631738648950044227	pass	-	586	-	x - ↑amount + ↑amount = balanceOld
cashmere	crush-verify	ec16b95ff8bbd047248de031cabd3160847e4b1b	ec16b95ff8bbd047248de031cabd3160847e4b1b	leanprover/lean4:v4.32.2	1	CaseStudies/Cashmere/Cashmere.lean	withdrawSession_correct	2	11756138257855701010	pass	-	807	-	balance - ↑tmp.head! + ↑amounts.sum = x + ↑tmp.tail.sum
cashmere	crush-verify	ec16b95ff8bbd047248de031cabd3160847e4b1b	ec16b95ff8bbd047248de031cabd3160847e4b1b	leanprover/lean4:v4.32.2	1	CaseStudies/Cashmere/Cashmere.lean	withdrawSession_correct	3	2825169037077011539	pass	-	3	-	balance + ↑amounts.sum = x + ↑tmp.sum
cashmere	crush-verify	ec16b95ff8bbd047248de031cabd3160847e4b1b	ec16b95ff8bbd047248de031cabd3160847e4b1b	leanprover/lean4:v4.32.2	1	CaseStudies/Cashmere/Cashmere.lean	withdrawSession_correct	4	14833385480787993856	pass	-	4	-	¬tmp.nonEmpty
cashmere	crush-verify	ec16b95ff8bbd047248de031cabd3160847e4b1b	ec16b95ff8bbd047248de031cabd3160847e4b1b	leanprover/lean4:v4.32.2	1	CaseStudies/Cashmere/Cashmere.lean	withdrawSession_correct	5	15214630116673553496	pass	-	695	-	i + ↑amounts.sum = balanceOld
cashmere	crush-verify	ec16b95ff8bbd047248de031cabd3160847e4b1b	ec16b95ff8bbd047248de031cabd3160847e4b1b	leanprover/lean4:v4.32.2	1	CaseStudies/Cashmere/Cashmere.lean	withdrawSessionTot_correct	6	11756138257855701010	pass	-	802	-	balance - ↑tmp.head! + ↑amounts.sum = x + ↑tmp.tail.sum
cashmere	crush-verify	ec16b95ff8bbd047248de031cabd3160847e4b1b	ec16b95ff8bbd047248de031cabd3160847e4b1b	leanprover/lean4:v4.32.2	1	CaseStudies/Cashmere/Cashmere.lean	withdrawSessionTot_correct	7	2592897230707726799	pass	-	756	-	tmp.tail.length < tmp.length
cashmere	crush-verify	ec16b95ff8bbd047248de031cabd3160847e4b1b	ec16b95ff8bbd047248de031cabd3160847e4b1b	leanprover/lean4:v4.32.2	1	CaseStudies/Cashmere/Cashmere.lean	withdrawSessionTot_correct	8	2825169037077011539	pass	-	2	-	balance + ↑amounts.sum = x + ↑tmp.sum
cashmere	crush-verify	ec16b95ff8bbd047248de031cabd3160847e4b1b	ec16b95ff8bbd047248de031cabd3160847e4b1b	leanprover/lean4:v4.32.2	1	CaseStudies/Cashmere/Cashmere.lean	withdrawSessionTot_correct	9	14833385480787993856	pass	-	4	-	¬tmp.nonEmpty
cashmere	crush-verify	ec16b95ff8bbd047248de031cabd3160847e4b1b	ec16b95ff8bbd047248de031cabd3160847e4b1b	leanprover/lean4:v4.32.2	1	CaseStudies/Cashmere/Cashmere.lean	withdrawSessionTot_correct	10	15214630116673553496	pass	-	713	-	i + ↑amounts.sum = balanceOld
cashmere	crush-verify	ec16b95ff8bbd047248de031cabd3160847e4b1b	ec16b95ff8bbd047248de031cabd3160847e4b1b	leanprover/lean4:v4.32.2	1	CaseStudies/Cashmere/Cashmere.lean	withdrawSessionExcept_correct	11	12346872860079934512	pass	-	706	-	False
cashmere	crush-verify	ec16b95ff8bbd047248de031cabd3160847e4b1b	ec16b95ff8bbd047248de031cabd3160847e4b1b	leanprover/lean4:v4.32.2	1	CaseStudies/Cashmere/Cashmere.lean	withdrawSessionExcept_correct	12	11756138257855701010	pass	-	822	-	balance - ↑tmp.head! + ↑amounts.sum = x + ↑tmp.tail.sum
cashmere	crush-verify	ec16b95ff8bbd047248de031cabd3160847e4b1b	ec16b95ff8bbd047248de031cabd3160847e4b1b	leanprover/lean4:v4.32.2	1	CaseStudies/Cashmere/Cashmere.lean	withdrawSessionExcept_correct	13	12800241106604992563	pass	-	781	-	balance - ↑tmp.head! ≥ ↑tmp.tail.sum
cashmere	crush-verify	ec16b95ff8bbd047248de031cabd3160847e4b1b	ec16b95ff8bbd047248de031cabd3160847e4b1b	leanprover/lean4:v4.32.2	1	CaseStudies/Cashmere/Cashmere.lean	withdrawSessionExcept_correct	14	2592897230707726799	pass	-	774	-	tmp.tail.length < tmp.length
cashmere	crush-verify	ec16b95ff8bbd047248de031cabd3160847e4b1b	ec16b95ff8bbd047248de031cabd3160847e4b1b	leanprover/lean4:v4.32.2	1	CaseStudies/Cashmere/Cashmere.lean	withdrawSessionExcept_correct	15	2825169037077011539	pass	-	5	-	balance + ↑amounts.sum = x + ↑tmp.sum
cashmere	crush-verify	ec16b95ff8bbd047248de031cabd3160847e4b1b	ec16b95ff8bbd047248de031cabd3160847e4b1b	leanprover/lean4:v4.32.2	1	CaseStudies/Cashmere/Cashmere.lean	withdrawSessionExcept_correct	16	14810769858554953377	pass	-	3	-	balance ≥ ↑tmp.sum
cashmere	crush-verify	ec16b95ff8bbd047248de031cabd3160847e4b1b	ec16b95ff8bbd047248de031cabd3160847e4b1b	leanprover/lean4:v4.32.2	1	CaseStudies/Cashmere/Cashmere.lean	withdrawSessionExcept_correct	17	14833385480787993856	pass	-	5	-	¬tmp.nonEmpty
cashmere	crush-verify	ec16b95ff8bbd047248de031cabd3160847e4b1b	ec16b95ff8bbd047248de031cabd3160847e4b1b	leanprover/lean4:v4.32.2	1	CaseStudies/Cashmere/Cashmere.lean	withdrawSessionExcept_correct	18	8275436438937433806	pass	-	1	-	x ≥ ↑amounts.sum
cashmere	crush-verify	ec16b95ff8bbd047248de031cabd3160847e4b1b	ec16b95ff8bbd047248de031cabd3160847e4b1b	leanprover/lean4:v4.32.2	1	CaseStudies/Cashmere/Cashmere.lean	withdrawSessionExcept_correct	19	15214630116673553496	pass	-	714	-	i + ↑amounts.sum = balanceOld
cashmere	crush-verify	ec16b95ff8bbd047248de031cabd3160847e4b1b	ec16b95ff8bbd047248de031cabd3160847e4b1b	leanprover/lean4:v4.32.2	1	CaseStudies/Cashmere/Cashmere.lean	withdrawSessionExcept_correct	20	684110104125275636	pass	-	720	-	i ≥ 0
cashmere	crush-verify	ec16b95ff8bbd047248de031cabd3160847e4b1b	ec16b95ff8bbd047248de031cabd3160847e4b1b	leanprover/lean4:v4.32.2	1	CaseStudies/Cashmere/Cashmere.lean	withdrawSessionNonDet_correct	21	10455387604875970312	pass	-	7	-	∃ h, ↑h.sum ≤ x
cashmere	crush-verify	ec16b95ff8bbd047248de031cabd3160847e4b1b	ec16b95ff8bbd047248de031cabd3160847e4b1b	leanprover/lean4:v4.32.2	1	CaseStudies/Cashmere/Cashmere.lean	withdrawSessionNonDet_correct	22	12346872860079934512	pass	-	766	-	False
cashmere	crush-verify	ec16b95ff8bbd047248de031cabd3160847e4b1b	ec16b95ff8bbd047248de031cabd3160847e4b1b	leanprover/lean4:v4.32.2	1	CaseStudies/Cashmere/Cashmere.lean	withdrawSessionNonDet_correct	23	9920644537135092340	pass	-	864	-	balance - ↑tmp.head! + ↑i_1.sum = x + ↑tmp.tail.sum
cashmere	crush-verify	ec16b95ff8bbd047248de031cabd3160847e4b1b	ec16b95ff8bbd047248de031cabd3160847e4b1b	leanprover/lean4:v4.32.2	1	CaseStudies/Cashmere/Cashmere.lean	withdrawSessionNonDet_correct	24	2592897230707726799	pass	-	808	-	tmp.tail.length < tmp.length
cashmere	crush-verify	ec16b95ff8bbd047248de031cabd3160847e4b1b	ec16b95ff8bbd047248de031cabd3160847e4b1b	leanprover/lean4:v4.32.2	1	CaseStudies/Cashmere/Cashmere.lean	withdrawSessionNonDet_correct	25	8954427794409453576	pass	-	4	-	balance + ↑i_1.sum = x + ↑tmp.sum
cashmere	crush-verify	ec16b95ff8bbd047248de031cabd3160847e4b1b	ec16b95ff8bbd047248de031cabd3160847e4b1b	leanprover/lean4:v4.32.2	1	CaseStudies/Cashmere/Cashmere.lean	withdrawSessionNonDet_correct	26	14833385480787993856	pass	-	6	-	¬tmp.nonEmpty
cashmere	crush-verify	ec16b95ff8bbd047248de031cabd3160847e4b1b	ec16b95ff8bbd047248de031cabd3160847e4b1b	leanprover/lean4:v4.32.2	1	CaseStudies/Cashmere/Cashmere.lean	withdrawSessionNonDet_correct	27	5928940248694370277	pass	-	771	-	i_3 + ↑i_1.sum = balanceOld
cashmere	crush-verify	ec16b95ff8bbd047248de031cabd3160847e4b1b	ec16b95ff8bbd047248de031cabd3160847e4b1b	leanprover/lean4:v4.32.2	1	CaseStudies/Cashmere/Cashmere.lean	withdrawSessionNonDet_correct	28	12566989642252477834	pass	-	758	-	i_3 ≥ 0
cashmere	crush-verify	ec16b95ff8bbd047248de031cabd3160847e4b1b	ec16b95ff8bbd047248de031cabd3160847e4b1b	leanprover/lean4:v4.32.2	1	CaseStudies/Cashmere/CashmereIncorrectnessLogic.lean	withdrawSessionAngelic_correct	1	9427426964918022923	pass	-	2	-	True
cashmere	crush-verify	ec16b95ff8bbd047248de031cabd3160847e4b1b	ec16b95ff8bbd047248de031cabd3160847e4b1b	leanprover/lean4:v4.32.2	1	CaseStudies/Cashmere/CashmereIncorrectnessLogic.lean	withdrawSessionAngelic_correct	2	1587904245978985587	pass	-	1097	-	balance - ↑amounts.head! ≥ 0
cashmere	crush-verify	ec16b95ff8bbd047248de031cabd3160847e4b1b	ec16b95ff8bbd047248de031cabd3160847e4b1b	leanprover/lean4:v4.32.2	1	CaseStudies/Cashmere/CashmereIncorrectnessLogic.lean	withdrawSessionAngelic_correct	3	12290697138917920290	pass	-	1207	-	balance - ↑amounts.head! < ↑amounts.tail.sum
cashmere	crush-verify	ec16b95ff8bbd047248de031cabd3160847e4b1b	ec16b95ff8bbd047248de031cabd3160847e4b1b	leanprover/lean4:v4.32.2	1	CaseStudies/Cashmere/CashmereIncorrectnessLogic.lean	withdrawSessionAngelic_correct	4	6449264834289021715	pass	-	1076	-	amounts.tail.length < amounts.length
cashmere	crush-verify	ec16b95ff8bbd047248de031cabd3160847e4b1b	ec16b95ff8bbd047248de031cabd3160847e4b1b	leanprover/lean4:v4.32.2	1	CaseStudies/Cashmere/CashmereIncorrectnessLogic.lean	withdrawSessionAngelic_correct	5	11664442347342473650	pass	-	2	-	balance ≥ 0
cashmere	crush-verify	ec16b95ff8bbd047248de031cabd3160847e4b1b	ec16b95ff8bbd047248de031cabd3160847e4b1b	leanprover/lean4:v4.32.2	1	CaseStudies/Cashmere/CashmereIncorrectnessLogic.lean	withdrawSessionAngelic_correct	6	6579164554781296205	pass	-	2	-	balance < ↑amounts.sum
cashmere	crush-verify	ec16b95ff8bbd047248de031cabd3160847e4b1b	ec16b95ff8bbd047248de031cabd3160847e4b1b	leanprover/lean4:v4.32.2	1	CaseStudies/Cashmere/CashmereIncorrectnessLogic.lean	withdrawSessionAngelic_correct	7	7126761714196821540	pass	-	4	-	¬amounts.nonEmpty
cashmere	crush-verify	ec16b95ff8bbd047248de031cabd3160847e4b1b	ec16b95ff8bbd047248de031cabd3160847e4b1b	leanprover/lean4:v4.32.2	1	CaseStudies/Cashmere/CashmereIncorrectnessLogic.lean	withdrawSessionAngelic_correct	8	2232656262363782188	pass	-	792	-	x ≥ 0
cashmere	crush-verify	ec16b95ff8bbd047248de031cabd3160847e4b1b	ec16b95ff8bbd047248de031cabd3160847e4b1b	leanprover/lean4:v4.32.2	1	CaseStudies/Cashmere/CashmereIncorrectnessLogic.lean	withdrawSessionAngelic_correct	9	15183118018364320695	pass	-	824	-	∃ x_1, x < ↑x_1.sum
cashmere	crush-verify	ec16b95ff8bbd047248de031cabd3160847e4b1b	ec16b95ff8bbd047248de031cabd3160847e4b1b	leanprover/lean4:v4.32.2	1	CaseStudies/Cashmere/CashmereIncorrectnessLogic.lean	withdrawSessionAngelic_correct	10	12346872860079934512	pass	-	1027	-	False
velvet	crush-verify	e90d79341bb8ef510ec868623e74cfe98feaa4e8	e90d79341bb8ef510ec868623e74cfe98feaa4e8	leanprover/lean4:v4.32.2	1	Velvet/Examples/EncodeDecodeStr.lean	decodeStr'_correct	1	4325354716326072573	pass	-	768	-	0 ≤ i + 1 ∧ i + 1 ≤ encoded_str.size
velvet	crush-verify	e90d79341bb8ef510ec868623e74cfe98feaa4e8	e90d79341bb8ef510ec868623e74cfe98feaa4e8	leanprover/lean4:v4.32.2	1	Velvet/Examples/EncodeDecodeStr.lean	decodeStr'_correct	2	3233717574493770211	fail	timeout	5538	crush: solver returned `unknown` (solver exited without a verdict: cvc5 interrupted by timeout.). Try increasing `crush.timeout` or adding hypotheses.	(decoded ++ Array.replicate encoded_str[i]!.cnt encoded_str[i]!.c).size =   get_cnt_sum (encoded_str.extract 0 (i + 1)).toList
velvet	crush-verify	e90d79341bb8ef510ec868623e74cfe98feaa4e8	e90d79341bb8ef510ec868623e74cfe98feaa4e8	leanprover/lean4:v4.32.2	1	Velvet/Examples/EncodeDecodeStr.lean	decodeStr'_correct	3	14557075163885871591	pass	-	515	-	0 ≤ i ∧ i ≤ encoded_str.size
velvet	crush-verify	e90d79341bb8ef510ec868623e74cfe98feaa4e8	e90d79341bb8ef510ec868623e74cfe98feaa4e8	leanprover/lean4:v4.32.2	1	Velvet/Examples/EncodeDecodeStr.lean	decodeStr'_correct	4	6384732382134649439	pass	-	3	-	decoded.size = get_cnt_sum (encoded_str.extract 0 i).toList
velvet	crush-verify	e90d79341bb8ef510ec868623e74cfe98feaa4e8	e90d79341bb8ef510ec868623e74cfe98feaa4e8	leanprover/lean4:v4.32.2	1	Velvet/Examples/EncodeDecodeStr.lean	decodeStr'_correct	5	13851523499043008614	pass	-	528	-	i = encoded_str.size
velvet	crush-verify	e90d79341bb8ef510ec868623e74cfe98feaa4e8	e90d79341bb8ef510ec868623e74cfe98feaa4e8	leanprover/lean4:v4.32.2	1	Velvet/Examples/EncodeDecodeStr.lean	decodeStr'_correct	6	8816666150414203262	pass	-	483	-	0 ≤ 0 ∧ 0 ≤ encoded_str.size
velvet	crush-verify	e90d79341bb8ef510ec868623e74cfe98feaa4e8	e90d79341bb8ef510ec868623e74cfe98feaa4e8	leanprover/lean4:v4.32.2	1	Velvet/Examples/EncodeDecodeStr.lean	decodeStr'_correct	7	7432640679462075544	fail	unknown	630	crush: solver returned `unknown` (no reason given). Try increasing `crush.timeout` or adding hypotheses.	(Array.replicate 0 'x').size = get_cnt_sum (encoded_str.extract 0 0).toList
velvet	crush-verify	e90d79341bb8ef510ec868623e74cfe98feaa4e8	e90d79341bb8ef510ec868623e74cfe98feaa4e8	leanprover/lean4:v4.32.2	1	Velvet/Examples/EncodeDecodeStr.lean	decodeStr'_correct	8	9639754685172097330	fail	timeout	5529	crush: solver returned `unknown` (solver exited without a verdict: cvc5 interrupted by timeout.). Try increasing `crush.timeout` or adding hypotheses.	i_1.size = get_cnt_sum encoded_str.toList
velvet	crush-verify	e90d79341bb8ef510ec868623e74cfe98feaa4e8	e90d79341bb8ef510ec868623e74cfe98feaa4e8	leanprover/lean4:v4.32.2	1	Velvet/Examples/EncodeDecodeStr.lean	encodeStr_correct	9	10203002127808532242	pass	-	527	-	i < j + 1 ∧ j + 1 ≤ str.size
velvet	crush-verify	e90d79341bb8ef510ec868623e74cfe98feaa4e8	e90d79341bb8ef510ec868623e74cfe98feaa4e8	leanprover/lean4:v4.32.2	1	Velvet/Examples/EncodeDecodeStr.lean	encodeStr_correct	10	15527439877898811686	pass	-	518	-	∀ (k : ℕ), i ≤ k → k < j + 1 → str[k]! = str[i]!
velvet	crush-verify	e90d79341bb8ef510ec868623e74cfe98feaa4e8	e90d79341bb8ef510ec868623e74cfe98feaa4e8	leanprover/lean4:v4.32.2	1	Velvet/Examples/EncodeDecodeStr.lean	encodeStr_correct	11	4253526900314070824	pass	-	523	-	i < j ∧ j ≤ str.size
velvet	crush-verify	e90d79341bb8ef510ec868623e74cfe98feaa4e8	e90d79341bb8ef510ec868623e74cfe98feaa4e8	leanprover/lean4:v4.32.2	1	Velvet/Examples/EncodeDecodeStr.lean	encodeStr_correct	12	17087698223479619887	pass	-	534	-	∀ (k : ℕ), i ≤ k → k < j → str[k]! = str[i]!
velvet	crush-verify	e90d79341bb8ef510ec868623e74cfe98feaa4e8	e90d79341bb8ef510ec868623e74cfe98feaa4e8	leanprover/lean4:v4.32.2	1	Velvet/Examples/EncodeDecodeStr.lean	encodeStr_correct	13	13168721855841554394	pass	-	13	-	¬(j < str.size ∧ (str[j]! == str[i]!) = true)
velvet	crush-verify	e90d79341bb8ef510ec868623e74cfe98feaa4e8	e90d79341bb8ef510ec868623e74cfe98feaa4e8	leanprover/lean4:v4.32.2	1	Velvet/Examples/EncodeDecodeStr.lean	encodeStr_correct	14	8050235650381385355	pass	-	502	-	i < i + 1 ∧ i + 1 ≤ str.size
velvet	crush-verify	e90d79341bb8ef510ec868623e74cfe98feaa4e8	e90d79341bb8ef510ec868623e74cfe98feaa4e8	leanprover/lean4:v4.32.2	1	Velvet/Examples/EncodeDecodeStr.lean	encodeStr_correct	15	3874562368415809942	pass	-	492	-	∀ (k : ℕ), i ≤ k → k < i + 1 → str[k]! = str[i]!
velvet	crush-verify	e90d79341bb8ef510ec868623e74cfe98feaa4e8	e90d79341bb8ef510ec868623e74cfe98feaa4e8	leanprover/lean4:v4.32.2	1	Velvet/Examples/EncodeDecodeStr.lean	encodeStr_correct	16	16403843650363689650	pass	-	528	-	0 ≤ j ∧ j ≤ str.size
velvet	crush-verify	e90d79341bb8ef510ec868623e74cfe98feaa4e8	e90d79341bb8ef510ec868623e74cfe98feaa4e8	leanprover/lean4:v4.32.2	1	Velvet/Examples/EncodeDecodeStr.lean	encodeStr_correct	17	17528322019345720798	fail	timeout	5560	crush: solver returned `unknown` (solver exited without a verdict: cvc5 interrupted by timeout.). Try increasing `crush.timeout` or adding hypotheses.	decodeStrLean (encoding.push { cnt := j - i, c := str[i]! }) = str.extract 0 j
velvet	crush-verify	e90d79341bb8ef510ec868623e74cfe98feaa4e8	e90d79341bb8ef510ec868623e74cfe98feaa4e8	leanprover/lean4:v4.32.2	1	Velvet/Examples/EncodeDecodeStr.lean	encodeStr_correct	18	14846570717984605519	pass	-	539	-	is_valid_run_sequence (encoding.push { cnt := j - i, c := str[i]! })
velvet	crush-verify	e90d79341bb8ef510ec868623e74cfe98feaa4e8	e90d79341bb8ef510ec868623e74cfe98feaa4e8	leanprover/lean4:v4.32.2	1	Velvet/Examples/EncodeDecodeStr.lean	encodeStr_correct	19	17345521196864181404	pass	-	511	-	0 ≤ i ∧ i ≤ str.size
velvet	crush-verify	e90d79341bb8ef510ec868623e74cfe98feaa4e8	e90d79341bb8ef510ec868623e74cfe98feaa4e8	leanprover/lean4:v4.32.2	1	Velvet/Examples/EncodeDecodeStr.lean	encodeStr_correct	20	4720720642953332999	pass	-	3	-	decodeStrLean encoding = str.extract 0 i
velvet	crush-verify	e90d79341bb8ef510ec868623e74cfe98feaa4e8	e90d79341bb8ef510ec868623e74cfe98feaa4e8	leanprover/lean4:v4.32.2	1	Velvet/Examples/EncodeDecodeStr.lean	encodeStr_correct	21	16873295595722686018	pass	-	3	-	is_valid_run_sequence encoding
velvet	crush-verify	e90d79341bb8ef510ec868623e74cfe98feaa4e8	e90d79341bb8ef510ec868623e74cfe98feaa4e8	leanprover/lean4:v4.32.2	1	Velvet/Examples/EncodeDecodeStr.lean	encodeStr_correct	22	5769627519083430677	pass	-	5	-	¬i < str.size
velvet	crush-verify	e90d79341bb8ef510ec868623e74cfe98feaa4e8	e90d79341bb8ef510ec868623e74cfe98feaa4e8	leanprover/lean4:v4.32.2	1	Velvet/Examples/EncodeDecodeStr.lean	encodeStr_correct	23	15630242782200619292	pass	-	517	-	0 ≤ 0 ∧ 0 ≤ str.size
velvet	crush-verify	e90d79341bb8ef510ec868623e74cfe98feaa4e8	e90d79341bb8ef510ec868623e74cfe98feaa4e8	leanprover/lean4:v4.32.2	1	Velvet/Examples/EncodeDecodeStr.lean	encodeStr_correct	24	4390242841053229048	pass	-	2	-	decodeStrLean #[] = str.extract 0 0
velvet	crush-verify	e90d79341bb8ef510ec868623e74cfe98feaa4e8	e90d79341bb8ef510ec868623e74cfe98feaa4e8	leanprover/lean4:v4.32.2	1	Velvet/Examples/EncodeDecodeStr.lean	encodeStr_correct	25	4098508629850130765	fail	unknown	495	crush: solver returned `unknown` (no reason given). Try increasing `crush.timeout` or adding hypotheses.	is_valid_run_sequence #[]
velvet	crush-verify	e90d79341bb8ef510ec868623e74cfe98feaa4e8	e90d79341bb8ef510ec868623e74cfe98feaa4e8	leanprover/lean4:v4.32.2	1	Velvet/Examples/EncodeDecodeStr.lean	encodeStr_correct	26	6449688271898666716	fail	timeout	5518	crush: solver returned `unknown` (solver exited without a verdict: cvc5 interrupted by timeout.). Try increasing `crush.timeout` or adding hypotheses.	decodeStrLean i_1 = str
velvet	crush-verify	e90d79341bb8ef510ec868623e74cfe98feaa4e8	e90d79341bb8ef510ec868623e74cfe98feaa4e8	leanprover/lean4:v4.32.2	1	Velvet/Examples/EncodeDecodeStr.lean	encodeStr_correct	27	3108445719328028112	pass	-	520	-	is_valid_run_sequence i_1
velvet	crush-verify	e90d79341bb8ef510ec868623e74cfe98feaa4e8	e90d79341bb8ef510ec868623e74cfe98feaa4e8	leanprover/lean4:v4.32.2	1	Velvet/Examples/Examples.lean	insertionSort_correct	1	6162910358734672275	pass	-	9	-	((arr_1.set! (mind - 1) arr_1[mind]!).set! mind arr_1[mind - 1]!).size = arrOld.size
velvet	crush-verify	e90d79341bb8ef510ec868623e74cfe98feaa4e8	e90d79341bb8ef510ec868623e74cfe98feaa4e8	leanprover/lean4:v4.32.2	1	Velvet/Examples/Examples.lean	insertionSort_correct	2	1066791641437412485	pass	-	632	-	mind - 1 ≤ n
velvet	crush-verify	e90d79341bb8ef510ec868623e74cfe98feaa4e8	e90d79341bb8ef510ec868623e74cfe98feaa4e8	leanprover/lean4:v4.32.2	1	Velvet/Examples/Examples.lean	insertionSort_correct	3	9866248891257573647	pass	-	4850	-	∀ (i j : ℕ),   0 ≤ i →     i < j →       j ≤ n →         j ≠ mind - 1 →           ((arr_1.set! (mind - 1) arr_1[mind]!).set! mind arr_1[mind - 1]!)[i]! ≤             ((arr_1.set! (mind - 1) arr_1[mind]!).set! mind arr_1[mind - 1]!)[j]!
velvet	crush-verify	e90d79341bb8ef510ec868623e74cfe98feaa4e8	e90d79341bb8ef510ec868623e74cfe98feaa4e8	leanprover/lean4:v4.32.2	1	Velvet/Examples/Examples.lean	insertionSort_correct	4	18360837223612973524	pass	-	662	-	((arr_1.set! (mind - 1) arr_1[mind]!).set! mind arr_1[mind - 1]!).toMultiset = arrOld.toMultiset
velvet	crush-verify	e90d79341bb8ef510ec868623e74cfe98feaa4e8	e90d79341bb8ef510ec868623e74cfe98feaa4e8	leanprover/lean4:v4.32.2	1	Velvet/Examples/Examples.lean	insertionSort_correct	5	5794584936190196715	pass	-	8	-	arr_1.size = arrOld.size
velvet	crush-verify	e90d79341bb8ef510ec868623e74cfe98feaa4e8	e90d79341bb8ef510ec868623e74cfe98feaa4e8	leanprover/lean4:v4.32.2	1	Velvet/Examples/Examples.lean	insertionSort_correct	6	1066791641437412485	pass	-	643	-	mind - 1 ≤ n
velvet	crush-verify	e90d79341bb8ef510ec868623e74cfe98feaa4e8	e90d79341bb8ef510ec868623e74cfe98feaa4e8	leanprover/lean4:v4.32.2	1	Velvet/Examples/Examples.lean	insertionSort_correct	7	14825588553610653054	fail	timeout	11485	crush: solver returned `unknown` (solver exited without a verdict: cvc5 interrupted by timeout.). Try increasing `crush.timeout` or adding hypotheses.	∀ (i j : ℕ), 0 ≤ i → i < j → j ≤ n → j ≠ mind - 1 → arr_1[i]! ≤ arr_1[j]!
velvet	crush-verify	e90d79341bb8ef510ec868623e74cfe98feaa4e8	e90d79341bb8ef510ec868623e74cfe98feaa4e8	leanprover/lean4:v4.32.2	1	Velvet/Examples/Examples.lean	insertionSort_correct	8	15257391885382474665	pass	-	9	-	arr_1.toMultiset = arrOld.toMultiset
velvet	crush-verify	e90d79341bb8ef510ec868623e74cfe98feaa4e8	e90d79341bb8ef510ec868623e74cfe98feaa4e8	leanprover/lean4:v4.32.2	1	Velvet/Examples/Examples.lean	insertionSort_correct	9	5794584936190196715	pass	-	8	-	arr_1.size = arrOld.size
velvet	crush-verify	e90d79341bb8ef510ec868623e74cfe98feaa4e8	e90d79341bb8ef510ec868623e74cfe98feaa4e8	leanprover/lean4:v4.32.2	1	Velvet/Examples/Examples.lean	insertionSort_correct	10	12031026870814429192	pass	-	7	-	mind ≤ n
velvet	crush-verify	e90d79341bb8ef510ec868623e74cfe98feaa4e8	e90d79341bb8ef510ec868623e74cfe98feaa4e8	leanprover/lean4:v4.32.2	1	Velvet/Examples/Examples.lean	insertionSort_correct	11	16465886849738339639	pass	-	706	-	∀ (i j : ℕ), 0 ≤ i → i < j → j ≤ n → j ≠ mind → arr_1[i]! ≤ arr_1[j]!
velvet	crush-verify	e90d79341bb8ef510ec868623e74cfe98feaa4e8	e90d79341bb8ef510ec868623e74cfe98feaa4e8	leanprover/lean4:v4.32.2	1	Velvet/Examples/Examples.lean	insertionSort_correct	12	15257391885382474665	pass	-	8	-	arr_1.toMultiset = arrOld.toMultiset
velvet	crush-verify	e90d79341bb8ef510ec868623e74cfe98feaa4e8	e90d79341bb8ef510ec868623e74cfe98feaa4e8	leanprover/lean4:v4.32.2	1	Velvet/Examples/Examples.lean	insertionSort_correct	13	2438232962388206336	pass	-	544	-	mind = 0
velvet	crush-verify	e90d79341bb8ef510ec868623e74cfe98feaa4e8	e90d79341bb8ef510ec868623e74cfe98feaa4e8	leanprover/lean4:v4.32.2	1	Velvet/Examples/Examples.lean	insertionSort_correct	14	5964899400721509044	pass	-	5	-	arr.size = arrOld.size
velvet	crush-verify	e90d79341bb8ef510ec868623e74cfe98feaa4e8	e90d79341bb8ef510ec868623e74cfe98feaa4e8	leanprover/lean4:v4.32.2	1	Velvet/Examples/Examples.lean	insertionSort_correct	15	12155028420956038391	pass	-	517	-	n ≤ n
velvet	crush-verify	e90d79341bb8ef510ec868623e74cfe98feaa4e8	e90d79341bb8ef510ec868623e74cfe98feaa4e8	leanprover/lean4:v4.32.2	1	Velvet/Examples/Examples.lean	insertionSort_correct	16	14852526092468225565	pass	-	663	-	∀ (i j : ℕ), 0 ≤ i → i < j → j ≤ n → j ≠ n → arr[i]! ≤ arr[j]!
velvet	crush-verify	e90d79341bb8ef510ec868623e74cfe98feaa4e8	e90d79341bb8ef510ec868623e74cfe98feaa4e8	leanprover/lean4:v4.32.2	1	Velvet/Examples/Examples.lean	insertionSort_correct	17	17117294935281830098	pass	-	5	-	arr.toMultiset = arrOld.toMultiset
velvet	crush-verify	e90d79341bb8ef510ec868623e74cfe98feaa4e8	e90d79341bb8ef510ec868623e74cfe98feaa4e8	leanprover/lean4:v4.32.2	1	Velvet/Examples/Examples.lean	insertionSort_correct	18	5288706169439222084	pass	-	12	-	i.size = arrOld.size
velvet	crush-verify	e90d79341bb8ef510ec868623e74cfe98feaa4e8	e90d79341bb8ef510ec868623e74cfe98feaa4e8	leanprover/lean4:v4.32.2	1	Velvet/Examples/Examples.lean	insertionSort_correct	19	12688677688377801211	pass	-	551	-	1 ≤ n + 1 ∧ n + 1 ≤ i.size
velvet	crush-verify	e90d79341bb8ef510ec868623e74cfe98feaa4e8	e90d79341bb8ef510ec868623e74cfe98feaa4e8	leanprover/lean4:v4.32.2	1	Velvet/Examples/Examples.lean	insertionSort_correct	20	7903702650473013145	pass	-	745	-	∀ (i_2 j : ℕ), 0 ≤ i_2 → i_2 < j → j ≤ n + 1 - 1 → i[i_2]! ≤ i[j]!
velvet	crush-verify	e90d79341bb8ef510ec868623e74cfe98feaa4e8	e90d79341bb8ef510ec868623e74cfe98feaa4e8	leanprover/lean4:v4.32.2	1	Velvet/Examples/Examples.lean	insertionSort_correct	21	8905801618567038615	pass	-	14	-	i.toMultiset = arrOld.toMultiset
velvet	crush-verify	e90d79341bb8ef510ec868623e74cfe98feaa4e8	e90d79341bb8ef510ec868623e74cfe98feaa4e8	leanprover/lean4:v4.32.2	1	Velvet/Examples/Examples.lean	insertionSort_correct	22	5964899400721509044	pass	-	5	-	arr.size = arrOld.size
velvet	crush-verify	e90d79341bb8ef510ec868623e74cfe98feaa4e8	e90d79341bb8ef510ec868623e74cfe98feaa4e8	leanprover/lean4:v4.32.2	1	Velvet/Examples/Examples.lean	insertionSort_correct	23	5379360585891885096	pass	-	517	-	1 ≤ n ∧ n ≤ arr.size
velvet	crush-verify	e90d79341bb8ef510ec868623e74cfe98feaa4e8	e90d79341bb8ef510ec868623e74cfe98feaa4e8	leanprover/lean4:v4.32.2	1	Velvet/Examples/Examples.lean	insertionSort_correct	24	11248877774576345437	pass	-	701	-	∀ (i j : ℕ), 0 ≤ i → i < j → j ≤ n - 1 → arr[i]! ≤ arr[j]!
velvet	crush-verify	e90d79341bb8ef510ec868623e74cfe98feaa4e8	e90d79341bb8ef510ec868623e74cfe98feaa4e8	leanprover/lean4:v4.32.2	1	Velvet/Examples/Examples.lean	insertionSort_correct	25	17117294935281830098	pass	-	5	-	arr.toMultiset = arrOld.toMultiset
velvet	crush-verify	e90d79341bb8ef510ec868623e74cfe98feaa4e8	e90d79341bb8ef510ec868623e74cfe98feaa4e8	leanprover/lean4:v4.32.2	1	Velvet/Examples/Examples.lean	insertionSort_correct	26	11532741708565178815	pass	-	524	-	n = arr.size
velvet	crush-verify	e90d79341bb8ef510ec868623e74cfe98feaa4e8	e90d79341bb8ef510ec868623e74cfe98feaa4e8	leanprover/lean4:v4.32.2	1	Velvet/Examples/Examples.lean	insertionSort_correct	27	13894794097547967513	pass	-	514	-	1 ≤ 1 ∧ 1 ≤ arrOld.size
velvet	crush-verify	e90d79341bb8ef510ec868623e74cfe98feaa4e8	e90d79341bb8ef510ec868623e74cfe98feaa4e8	leanprover/lean4:v4.32.2	1	Velvet/Examples/Examples.lean	insertionSort_correct	28	11235314628722112900	pass	-	561	-	∀ (i j : ℕ), 0 ≤ i → i < j → j ≤ 1 - 1 → arrOld[i]! ≤ arrOld[j]!
velvet	crush-verify	e90d79341bb8ef510ec868623e74cfe98feaa4e8	e90d79341bb8ef510ec868623e74cfe98feaa4e8	leanprover/lean4:v4.32.2	1	Velvet/Examples/Examples.lean	insertionSort_correct	29	8905801618567038615	pass	-	10	-	i.toMultiset = arrOld.toMultiset
velvet	crush-verify	e90d79341bb8ef510ec868623e74cfe98feaa4e8	e90d79341bb8ef510ec868623e74cfe98feaa4e8	leanprover/lean4:v4.32.2	1	Velvet/Examples/Examples.lean	insertionSort_correct	30	18214290959922115111	pass	-	697	-	∀ (i_2 j : ℕ), 0 ≤ i_2 → i_2 ≤ j → j < i.size → i[i_2]! ≤ i[j]!
velvet	crush-verify	e90d79341bb8ef510ec868623e74cfe98feaa4e8	e90d79341bb8ef510ec868623e74cfe98feaa4e8	leanprover/lean4:v4.32.2	1	Velvet/Examples/Examples.lean	sqrt_correct	31	17119794831572106230	pass	-	505	-	∀ (i : ℕ), i * i ≤ x → i ≤ 0
velvet	crush-verify	e90d79341bb8ef510ec868623e74cfe98feaa4e8	e90d79341bb8ef510ec868623e74cfe98feaa4e8	leanprover/lean4:v4.32.2	1	Velvet/Examples/Examples.lean	sqrt_correct	32	16395326812896940336	pass	-	510	-	∀ i ≤ 0, i * i ≤ x
velvet	crush-verify	e90d79341bb8ef510ec868623e74cfe98feaa4e8	e90d79341bb8ef510ec868623e74cfe98feaa4e8	leanprover/lean4:v4.32.2	1	Velvet/Examples/Examples.lean	sqrt_correct	33	4559485301326837329	pass	-	485	-	0 * 0 ≤ x
velvet	crush-verify	e90d79341bb8ef510ec868623e74cfe98feaa4e8	e90d79341bb8ef510ec868623e74cfe98feaa4e8	leanprover/lean4:v4.32.2	1	Velvet/Examples/Examples.lean	sqrt_correct	34	15833581759277421577	pass	-	639	-	∀ j < i + 1, j * j ≤ x
velvet	crush-verify	e90d79341bb8ef510ec868623e74cfe98feaa4e8	e90d79341bb8ef510ec868623e74cfe98feaa4e8	leanprover/lean4:v4.32.2	1	Velvet/Examples/Examples.lean	sqrt_correct	35	7228731597997214785	pass	-	555	-	∀ j < i, j * j ≤ x
velvet	crush-verify	e90d79341bb8ef510ec868623e74cfe98feaa4e8	e90d79341bb8ef510ec868623e74cfe98feaa4e8	leanprover/lean4:v4.32.2	1	Velvet/Examples/Examples.lean	sqrt_correct	36	17256355208408803011	pass	-	501	-	x < i * i
velvet	crush-verify	e90d79341bb8ef510ec868623e74cfe98feaa4e8	e90d79341bb8ef510ec868623e74cfe98feaa4e8	leanprover/lean4:v4.32.2	1	Velvet/Examples/Examples.lean	sqrt_correct	37	13635698331308129878	pass	-	506	-	∀ j < 0, j * j ≤ x
velvet	crush-verify	e90d79341bb8ef510ec868623e74cfe98feaa4e8	e90d79341bb8ef510ec868623e74cfe98feaa4e8	leanprover/lean4:v4.32.2	1	Velvet/Examples/Examples.lean	sqrt_correct	38	10800841518550636949	pass	-	665	-	∀ (i_1 : ℕ), i_1 * i_1 ≤ x → i_1 ≤ i - 1
velvet	crush-verify	e90d79341bb8ef510ec868623e74cfe98feaa4e8	e90d79341bb8ef510ec868623e74cfe98feaa4e8	leanprover/lean4:v4.32.2	1	Velvet/Examples/Examples.lean	sqrt_correct	39	12457966505053151830	pass	-	607	-	∀ i_1 ≤ i - 1, i_1 * i_1 ≤ x
velvet	crush-verify	e90d79341bb8ef510ec868623e74cfe98feaa4e8	e90d79341bb8ef510ec868623e74cfe98feaa4e8	leanprover/lean4:v4.32.2	1	Velvet/Examples/Examples.lean	sqrt_correct	40	17578352201394481400	pass	-	637	-	(i - 1) * (i - 1) ≤ x
velvet	crush-verify	e90d79341bb8ef510ec868623e74cfe98feaa4e8	e90d79341bb8ef510ec868623e74cfe98feaa4e8	leanprover/lean4:v4.32.2	1	Velvet/Examples/Examples_Total.lean	insertionSort_total_correct	1	6162910358734672275	pass	-	8	-	((arr_1.set! (mind - 1) arr_1[mind]!).set! mind arr_1[mind - 1]!).size = arrOld.size
velvet	crush-verify	e90d79341bb8ef510ec868623e74cfe98feaa4e8	e90d79341bb8ef510ec868623e74cfe98feaa4e8	leanprover/lean4:v4.32.2	1	Velvet/Examples/Examples_Total.lean	insertionSort_total_correct	2	1066791641437412485	pass	-	640	-	mind - 1 ≤ n
velvet	crush-verify	e90d79341bb8ef510ec868623e74cfe98feaa4e8	e90d79341bb8ef510ec868623e74cfe98feaa4e8	leanprover/lean4:v4.32.2	1	Velvet/Examples/Examples_Total.lean	insertionSort_total_correct	3	9866248891257573647	pass	-	4902	-	∀ (i j : ℕ),   0 ≤ i →     i < j →       j ≤ n →         j ≠ mind - 1 →           ((arr_1.set! (mind - 1) arr_1[mind]!).set! mind arr_1[mind - 1]!)[i]! ≤             ((arr_1.set! (mind - 1) arr_1[mind]!).set! mind arr_1[mind - 1]!)[j]!
velvet	crush-verify	e90d79341bb8ef510ec868623e74cfe98feaa4e8	e90d79341bb8ef510ec868623e74cfe98feaa4e8	leanprover/lean4:v4.32.2	1	Velvet/Examples/Examples_Total.lean	insertionSort_total_correct	4	18360837223612973524	pass	-	664	-	((arr_1.set! (mind - 1) arr_1[mind]!).set! mind arr_1[mind - 1]!).toMultiset = arrOld.toMultiset
velvet	crush-verify	e90d79341bb8ef510ec868623e74cfe98feaa4e8	e90d79341bb8ef510ec868623e74cfe98feaa4e8	leanprover/lean4:v4.32.2	1	Velvet/Examples/Examples_Total.lean	insertionSort_total_correct	5	11568103068982921353	pass	-	618	-	mind - 1 < mind
velvet	crush-verify	e90d79341bb8ef510ec868623e74cfe98feaa4e8	e90d79341bb8ef510ec868623e74cfe98feaa4e8	leanprover/lean4:v4.32.2	1	Velvet/Examples/Examples_Total.lean	insertionSort_total_correct	6	5794584936190196715	pass	-	8	-	arr_1.size = arrOld.size
velvet	crush-verify	e90d79341bb8ef510ec868623e74cfe98feaa4e8	e90d79341bb8ef510ec868623e74cfe98feaa4e8	leanprover/lean4:v4.32.2	1	Velvet/Examples/Examples_Total.lean	insertionSort_total_correct	7	1066791641437412485	pass	-	621	-	mind - 1 ≤ n
velvet	crush-verify	e90d79341bb8ef510ec868623e74cfe98feaa4e8	e90d79341bb8ef510ec868623e74cfe98feaa4e8	leanprover/lean4:v4.32.2	1	Velvet/Examples/Examples_Total.lean	insertionSort_total_correct	8	14825588553610653054	fail	timeout	11442	crush: solver returned `unknown` (solver exited without a verdict: cvc5 interrupted by timeout.). Try increasing `crush.timeout` or adding hypotheses.	∀ (i j : ℕ), 0 ≤ i → i < j → j ≤ n → j ≠ mind - 1 → arr_1[i]! ≤ arr_1[j]!
velvet	crush-verify	e90d79341bb8ef510ec868623e74cfe98feaa4e8	e90d79341bb8ef510ec868623e74cfe98feaa4e8	leanprover/lean4:v4.32.2	1	Velvet/Examples/Examples_Total.lean	insertionSort_total_correct	9	15257391885382474665	pass	-	8	-	arr_1.toMultiset = arrOld.toMultiset
velvet	crush-verify	e90d79341bb8ef510ec868623e74cfe98feaa4e8	e90d79341bb8ef510ec868623e74cfe98feaa4e8	leanprover/lean4:v4.32.2	1	Velvet/Examples/Examples_Total.lean	insertionSort_total_correct	10	11568103068982921353	pass	-	630	-	mind - 1 < mind
velvet	crush-verify	e90d79341bb8ef510ec868623e74cfe98feaa4e8	e90d79341bb8ef510ec868623e74cfe98feaa4e8	leanprover/lean4:v4.32.2	1	Velvet/Examples/Examples_Total.lean	insertionSort_total_correct	11	5794584936190196715	pass	-	7	-	arr_1.size = arrOld.size
velvet	crush-verify	e90d79341bb8ef510ec868623e74cfe98feaa4e8	e90d79341bb8ef510ec868623e74cfe98feaa4e8	leanprover/lean4:v4.32.2	1	Velvet/Examples/Examples_Total.lean	insertionSort_total_correct	12	12031026870814429192	pass	-	7	-	mind ≤ n
velvet	crush-verify	e90d79341bb8ef510ec868623e74cfe98feaa4e8	e90d79341bb8ef510ec868623e74cfe98feaa4e8	leanprover/lean4:v4.32.2	1	Velvet/Examples/Examples_Total.lean	insertionSort_total_correct	13	16465886849738339639	pass	-	696	-	∀ (i j : ℕ), 0 ≤ i → i < j → j ≤ n → j ≠ mind → arr_1[i]! ≤ arr_1[j]!
velvet	crush-verify	e90d79341bb8ef510ec868623e74cfe98feaa4e8	e90d79341bb8ef510ec868623e74cfe98feaa4e8	leanprover/lean4:v4.32.2	1	Velvet/Examples/Examples_Total.lean	insertionSort_total_correct	14	15257391885382474665	pass	-	8	-	arr_1.toMultiset = arrOld.toMultiset
velvet	crush-verify	e90d79341bb8ef510ec868623e74cfe98feaa4e8	e90d79341bb8ef510ec868623e74cfe98feaa4e8	leanprover/lean4:v4.32.2	1	Velvet/Examples/Examples_Total.lean	insertionSort_total_correct	15	5918835836158453730	pass	-	13	-	¬mind ≠ 0
velvet	crush-verify	e90d79341bb8ef510ec868623e74cfe98feaa4e8	e90d79341bb8ef510ec868623e74cfe98feaa4e8	leanprover/lean4:v4.32.2	1	Velvet/Examples/Examples_Total.lean	insertionSort_total_correct	16	5964899400721509044	pass	-	4	-	arr.size = arrOld.size
velvet	crush-verify	e90d79341bb8ef510ec868623e74cfe98feaa4e8	e90d79341bb8ef510ec868623e74cfe98feaa4e8	leanprover/lean4:v4.32.2	1	Velvet/Examples/Examples_Total.lean	insertionSort_total_correct	17	12155028420956038391	pass	-	549	-	n ≤ n
velvet	crush-verify	e90d79341bb8ef510ec868623e74cfe98feaa4e8	e90d79341bb8ef510ec868623e74cfe98feaa4e8	leanprover/lean4:v4.32.2	1	Velvet/Examples/Examples_Total.lean	insertionSort_total_correct	18	14852526092468225565	pass	-	684	-	∀ (i j : ℕ), 0 ≤ i → i < j → j ≤ n → j ≠ n → arr[i]! ≤ arr[j]!
velvet	crush-verify	e90d79341bb8ef510ec868623e74cfe98feaa4e8	e90d79341bb8ef510ec868623e74cfe98feaa4e8	leanprover/lean4:v4.32.2	1	Velvet/Examples/Examples_Total.lean	insertionSort_total_correct	19	17117294935281830098	pass	-	5	-	arr.toMultiset = arrOld.toMultiset
velvet	crush-verify	e90d79341bb8ef510ec868623e74cfe98feaa4e8	e90d79341bb8ef510ec868623e74cfe98feaa4e8	leanprover/lean4:v4.32.2	1	Velvet/Examples/Examples_Total.lean	insertionSort_total_correct	20	5288706169439222084	pass	-	15	-	i.size = arrOld.size
velvet	crush-verify	e90d79341bb8ef510ec868623e74cfe98feaa4e8	e90d79341bb8ef510ec868623e74cfe98feaa4e8	leanprover/lean4:v4.32.2	1	Velvet/Examples/Examples_Total.lean	insertionSort_total_correct	21	12688677688377801211	pass	-	564	-	1 ≤ n + 1 ∧ n + 1 ≤ i.size
velvet	crush-verify	e90d79341bb8ef510ec868623e74cfe98feaa4e8	e90d79341bb8ef510ec868623e74cfe98feaa4e8	leanprover/lean4:v4.32.2	1	Velvet/Examples/Examples_Total.lean	insertionSort_total_correct	22	7903702650473013145	pass	-	746	-	∀ (i_2 j : ℕ), 0 ≤ i_2 → i_2 < j → j ≤ n + 1 - 1 → i[i_2]! ≤ i[j]!
velvet	crush-verify	e90d79341bb8ef510ec868623e74cfe98feaa4e8	e90d79341bb8ef510ec868623e74cfe98feaa4e8	leanprover/lean4:v4.32.2	1	Velvet/Examples/Examples_Total.lean	insertionSort_total_correct	23	8905801618567038615	pass	-	15	-	i.toMultiset = arrOld.toMultiset
velvet	crush-verify	e90d79341bb8ef510ec868623e74cfe98feaa4e8	e90d79341bb8ef510ec868623e74cfe98feaa4e8	leanprover/lean4:v4.32.2	1	Velvet/Examples/Examples_Total.lean	insertionSort_total_correct	24	18088860687919872176	pass	-	553	-	i.size - (n + 1) < arr.size - n
velvet	crush-verify	e90d79341bb8ef510ec868623e74cfe98feaa4e8	e90d79341bb8ef510ec868623e74cfe98feaa4e8	leanprover/lean4:v4.32.2	1	Velvet/Examples/Examples_Total.lean	insertionSort_total_correct	25	5964899400721509044	pass	-	5	-	arr.size = arrOld.size
velvet	crush-verify	e90d79341bb8ef510ec868623e74cfe98feaa4e8	e90d79341bb8ef510ec868623e74cfe98feaa4e8	leanprover/lean4:v4.32.2	1	Velvet/Examples/Examples_Total.lean	insertionSort_total_correct	26	5379360585891885096	pass	-	534	-	1 ≤ n ∧ n ≤ arr.size
velvet	crush-verify	e90d79341bb8ef510ec868623e74cfe98feaa4e8	e90d79341bb8ef510ec868623e74cfe98feaa4e8	leanprover/lean4:v4.32.2	1	Velvet/Examples/Examples_Total.lean	insertionSort_total_correct	27	11248877774576345437	pass	-	713	-	∀ (i j : ℕ), 0 ≤ i → i < j → j ≤ n - 1 → arr[i]! ≤ arr[j]!
velvet	crush-verify	e90d79341bb8ef510ec868623e74cfe98feaa4e8	e90d79341bb8ef510ec868623e74cfe98feaa4e8	leanprover/lean4:v4.32.2	1	Velvet/Examples/Examples_Total.lean	insertionSort_total_correct	28	17117294935281830098	pass	-	5	-	arr.toMultiset = arrOld.toMultiset
velvet	crush-verify	e90d79341bb8ef510ec868623e74cfe98feaa4e8	e90d79341bb8ef510ec868623e74cfe98feaa4e8	leanprover/lean4:v4.32.2	1	Velvet/Examples/Examples_Total.lean	insertionSort_total_correct	29	6709257883257101731	pass	-	8	-	¬n ≠ arr.size
velvet	crush-verify	e90d79341bb8ef510ec868623e74cfe98feaa4e8	e90d79341bb8ef510ec868623e74cfe98feaa4e8	leanprover/lean4:v4.32.2	1	Velvet/Examples/Examples_Total.lean	insertionSort_total_correct	30	13894794097547967513	pass	-	502	-	1 ≤ 1 ∧ 1 ≤ arrOld.size
velvet	crush-verify	e90d79341bb8ef510ec868623e74cfe98feaa4e8	e90d79341bb8ef510ec868623e74cfe98feaa4e8	leanprover/lean4:v4.32.2	1	Velvet/Examples/Examples_Total.lean	insertionSort_total_correct	31	11235314628722112900	pass	-	583	-	∀ (i j : ℕ), 0 ≤ i → i < j → j ≤ 1 - 1 → arrOld[i]! ≤ arrOld[j]!
velvet	crush-verify	e90d79341bb8ef510ec868623e74cfe98feaa4e8	e90d79341bb8ef510ec868623e74cfe98feaa4e8	leanprover/lean4:v4.32.2	1	Velvet/Examples/Examples_Total.lean	insertionSort_total_correct	32	891049678225498279	pass	-	9	-	arrOld.toMultiset = i.toMultiset
velvet	crush-verify	e90d79341bb8ef510ec868623e74cfe98feaa4e8	e90d79341bb8ef510ec868623e74cfe98feaa4e8	leanprover/lean4:v4.32.2	1	Velvet/Examples/Examples_Total.lean	insertionSort_total_correct	33	18214290959922115111	pass	-	704	-	∀ (i_2 j : ℕ), 0 ≤ i_2 → i_2 ≤ j → j < i.size → i[i_2]! ≤ i[j]!
velvet	crush-verify	e90d79341bb8ef510ec868623e74cfe98feaa4e8	e90d79341bb8ef510ec868623e74cfe98feaa4e8	leanprover/lean4:v4.32.2	1	Velvet/Examples/Examples_Total.lean	sqrt_total_correct	34	17119794831572106230	pass	-	519	-	∀ (i : ℕ), i * i ≤ x → i ≤ 0
velvet	crush-verify	e90d79341bb8ef510ec868623e74cfe98feaa4e8	e90d79341bb8ef510ec868623e74cfe98feaa4e8	leanprover/lean4:v4.32.2	1	Velvet/Examples/Examples_Total.lean	sqrt_total_correct	35	16395326812896940336	pass	-	507	-	∀ i ≤ 0, i * i ≤ x
velvet	crush-verify	e90d79341bb8ef510ec868623e74cfe98feaa4e8	e90d79341bb8ef510ec868623e74cfe98feaa4e8	leanprover/lean4:v4.32.2	1	Velvet/Examples/Examples_Total.lean	sqrt_total_correct	36	4559485301326837329	pass	-	510	-	0 * 0 ≤ x
velvet	crush-verify	e90d79341bb8ef510ec868623e74cfe98feaa4e8	e90d79341bb8ef510ec868623e74cfe98feaa4e8	leanprover/lean4:v4.32.2	1	Velvet/Examples/Examples_Total.lean	sqrt_total_correct	37	15833581759277421577	pass	-	551	-	∀ j < i + 1, j * j ≤ x
velvet	crush-verify	e90d79341bb8ef510ec868623e74cfe98feaa4e8	e90d79341bb8ef510ec868623e74cfe98feaa4e8	leanprover/lean4:v4.32.2	1	Velvet/Examples/Examples_Total.lean	sqrt_total_correct	38	17892696244691966181	pass	-	543	-	x + 8 - (i + 1) < x + 8 - i
velvet	crush-verify	e90d79341bb8ef510ec868623e74cfe98feaa4e8	e90d79341bb8ef510ec868623e74cfe98feaa4e8	leanprover/lean4:v4.32.2	1	Velvet/Examples/Examples_Total.lean	sqrt_total_correct	39	7228731597997214785	pass	-	578	-	∀ j < i, j * j ≤ x
velvet	crush-verify	e90d79341bb8ef510ec868623e74cfe98feaa4e8	e90d79341bb8ef510ec868623e74cfe98feaa4e8	leanprover/lean4:v4.32.2	1	Velvet/Examples/Examples_Total.lean	sqrt_total_correct	40	13073343856082995605	pass	-	4	-	¬i * i ≤ x
velvet	crush-verify	e90d79341bb8ef510ec868623e74cfe98feaa4e8	e90d79341bb8ef510ec868623e74cfe98feaa4e8	leanprover/lean4:v4.32.2	1	Velvet/Examples/Examples_Total.lean	sqrt_total_correct	41	13635698331308129878	pass	-	498	-	∀ j < 0, j * j ≤ x
velvet	crush-verify	e90d79341bb8ef510ec868623e74cfe98feaa4e8	e90d79341bb8ef510ec868623e74cfe98feaa4e8	leanprover/lean4:v4.32.2	1	Velvet/Examples/Examples_Total.lean	sqrt_total_correct	42	10800841518550636949	pass	-	568	-	∀ (i_1 : ℕ), i_1 * i_1 ≤ x → i_1 ≤ i - 1
velvet	crush-verify	e90d79341bb8ef510ec868623e74cfe98feaa4e8	e90d79341bb8ef510ec868623e74cfe98feaa4e8	leanprover/lean4:v4.32.2	1	Velvet/Examples/Examples_Total.lean	sqrt_total_correct	43	12457966505053151830	pass	-	589	-	∀ i_1 ≤ i - 1, i_1 * i_1 ≤ x
velvet	crush-verify	e90d79341bb8ef510ec868623e74cfe98feaa4e8	e90d79341bb8ef510ec868623e74cfe98feaa4e8	leanprover/lean4:v4.32.2	1	Velvet/Examples/Examples_Total.lean	sqrt_total_correct	44	17578352201394481400	pass	-	529	-	(i - 1) * (i - 1) ≤ x
velvet	crush-verify	e90d79341bb8ef510ec868623e74cfe98feaa4e8	e90d79341bb8ef510ec868623e74cfe98feaa4e8	leanprover/lean4:v4.32.2	1	Velvet/Examples/Examples_Total.lean	cbrt_correct	45	628191952620585962	pass	-	506	-	∀ (i : ℕ), i * i * i ≤ x → i ≤ 0
velvet	crush-verify	e90d79341bb8ef510ec868623e74cfe98feaa4e8	e90d79341bb8ef510ec868623e74cfe98feaa4e8	leanprover/lean4:v4.32.2	1	Velvet/Examples/Examples_Total.lean	cbrt_correct	46	5408980950461060684	pass	-	513	-	∀ i ≤ 0, i * i * i ≤ x
velvet	crush-verify	e90d79341bb8ef510ec868623e74cfe98feaa4e8	e90d79341bb8ef510ec868623e74cfe98feaa4e8	leanprover/lean4:v4.32.2	1	Velvet/Examples/Examples_Total.lean	cbrt_correct	47	17796805544787031687	pass	-	509	-	0 * 0 * 0 ≤ x
velvet	crush-verify	e90d79341bb8ef510ec868623e74cfe98feaa4e8	e90d79341bb8ef510ec868623e74cfe98feaa4e8	leanprover/lean4:v4.32.2	1	Velvet/Examples/Examples_Total.lean	cbrt_correct	48	12597585967811959528	pass	-	563	-	∀ j < i + 1, j * j * j ≤ x
velvet	crush-verify	e90d79341bb8ef510ec868623e74cfe98feaa4e8	e90d79341bb8ef510ec868623e74cfe98feaa4e8	leanprover/lean4:v4.32.2	1	Velvet/Examples/Examples_Total.lean	cbrt_correct	49	17892696244691966181	pass	-	543	-	x + 8 - (i + 1) < x + 8 - i
velvet	crush-verify	e90d79341bb8ef510ec868623e74cfe98feaa4e8	e90d79341bb8ef510ec868623e74cfe98feaa4e8	leanprover/lean4:v4.32.2	1	Velvet/Examples/Examples_Total.lean	cbrt_correct	50	11504389341422214604	fail	timeout	5503	crush: solver returned `unknown` (solver exited without a verdict: cvc5 interrupted by timeout.). Try increasing `crush.timeout` or adding hypotheses.	∀ j < i, j * j * j ≤ x
velvet	crush-verify	e90d79341bb8ef510ec868623e74cfe98feaa4e8	e90d79341bb8ef510ec868623e74cfe98feaa4e8	leanprover/lean4:v4.32.2	1	Velvet/Examples/Examples_Total.lean	cbrt_correct	51	1828175149019549874	pass	-	4	-	¬i * i * i ≤ x
velvet	crush-verify	e90d79341bb8ef510ec868623e74cfe98feaa4e8	e90d79341bb8ef510ec868623e74cfe98feaa4e8	leanprover/lean4:v4.32.2	1	Velvet/Examples/Examples_Total.lean	cbrt_correct	52	8027176826117333927	pass	-	518	-	∀ j < 0, j * j * j ≤ x
velvet	crush-verify	e90d79341bb8ef510ec868623e74cfe98feaa4e8	e90d79341bb8ef510ec868623e74cfe98feaa4e8	leanprover/lean4:v4.32.2	1	Velvet/Examples/Examples_Total.lean	cbrt_correct	53	8642365996124661698	pass	-	551	-	∀ (i_1 : ℕ), i_1 * i_1 * i_1 ≤ x → i_1 ≤ i - 1
velvet	crush-verify	e90d79341bb8ef510ec868623e74cfe98feaa4e8	e90d79341bb8ef510ec868623e74cfe98feaa4e8	leanprover/lean4:v4.32.2	1	Velvet/Examples/Examples_Total.lean	cbrt_correct	54	1031468476226669362	pass	-	776	-	∀ i_1 ≤ i - 1, i_1 * i_1 * i_1 ≤ x
velvet	crush-verify	e90d79341bb8ef510ec868623e74cfe98feaa4e8	e90d79341bb8ef510ec868623e74cfe98feaa4e8	leanprover/lean4:v4.32.2	1	Velvet/Examples/Examples_Total.lean	cbrt_correct	55	9859620190106577091	pass	-	574	-	(i - 1) * (i - 1) * (i - 1) ≤ x
velvet	crush-verify	e90d79341bb8ef510ec868623e74cfe98feaa4e8	e90d79341bb8ef510ec868623e74cfe98feaa4e8	leanprover/lean4:v4.32.2	1	Velvet/Examples/Examples_Total.lean	sqrt_bn_correct	56	7745518040588453633	pass	-	3	-	(r + l) / 2 * ((r + l) / 2) ≤ x
velvet	crush-verify	e90d79341bb8ef510ec868623e74cfe98feaa4e8	e90d79341bb8ef510ec868623e74cfe98feaa4e8	leanprover/lean4:v4.32.2	1	Velvet/Examples/Examples_Total.lean	sqrt_bn_correct	57	7275559839122250210	pass	-	2	-	x < r * r
velvet	crush-verify	e90d79341bb8ef510ec868623e74cfe98feaa4e8	e90d79341bb8ef510ec868623e74cfe98feaa4e8	leanprover/lean4:v4.32.2	1	Velvet/Examples/Examples_Total.lean	sqrt_bn_correct	58	17809363630590163151	pass	-	569	-	∀ i ≤ (r + l) / 2, i * i ≤ x
velvet	crush-verify	e90d79341bb8ef510ec868623e74cfe98feaa4e8	e90d79341bb8ef510ec868623e74cfe98feaa4e8	leanprover/lean4:v4.32.2	1	Velvet/Examples/Examples_Total.lean	sqrt_bn_correct	59	3756677303263535492	pass	-	536	-	r - (r + l) / 2 < r - l
velvet	crush-verify	e90d79341bb8ef510ec868623e74cfe98feaa4e8	e90d79341bb8ef510ec868623e74cfe98feaa4e8	leanprover/lean4:v4.32.2	1	Velvet/Examples/Examples_Total.lean	sqrt_bn_correct	60	4049183095434299843	pass	-	3	-	l * l ≤ x
velvet	crush-verify	e90d79341bb8ef510ec868623e74cfe98feaa4e8	e90d79341bb8ef510ec868623e74cfe98feaa4e8	leanprover/lean4:v4.32.2	1	Velvet/Examples/Examples_Total.lean	sqrt_bn_correct	61	845228717509319176	pass	-	510	-	x < (r + l) / 2 * ((r + l) / 2)
velvet	crush-verify	e90d79341bb8ef510ec868623e74cfe98feaa4e8	e90d79341bb8ef510ec868623e74cfe98feaa4e8	leanprover/lean4:v4.32.2	1	Velvet/Examples/Examples_Total.lean	sqrt_bn_correct	62	14080923781397173690	pass	-	560	-	∀ i ≤ l, i * i ≤ x
velvet	crush-verify	e90d79341bb8ef510ec868623e74cfe98feaa4e8	e90d79341bb8ef510ec868623e74cfe98feaa4e8	leanprover/lean4:v4.32.2	1	Velvet/Examples/Examples_Total.lean	sqrt_bn_correct	63	2013384436827156188	pass	-	542	-	(r + l) / 2 - l < r - l
velvet	crush-verify	e90d79341bb8ef510ec868623e74cfe98feaa4e8	e90d79341bb8ef510ec868623e74cfe98feaa4e8	leanprover/lean4:v4.32.2	1	Velvet/Examples/Examples_Total.lean	sqrt_bn_correct	64	4049183095434299843	pass	-	2	-	l * l ≤ x
velvet	crush-verify	e90d79341bb8ef510ec868623e74cfe98feaa4e8	e90d79341bb8ef510ec868623e74cfe98feaa4e8	leanprover/lean4:v4.32.2	1	Velvet/Examples/Examples_Total.lean	sqrt_bn_correct	65	7275559839122250210	pass	-	2	-	x < r * r
velvet	crush-verify	e90d79341bb8ef510ec868623e74cfe98feaa4e8	e90d79341bb8ef510ec868623e74cfe98feaa4e8	leanprover/lean4:v4.32.2	1	Velvet/Examples/Examples_Total.lean	sqrt_bn_correct	66	14080923781397173690	pass	-	555	-	∀ i ≤ l, i * i ≤ x
velvet	crush-verify	e90d79341bb8ef510ec868623e74cfe98feaa4e8	e90d79341bb8ef510ec868623e74cfe98feaa4e8	leanprover/lean4:v4.32.2	1	Velvet/Examples/Examples_Total.lean	sqrt_bn_correct	67	5112937323286018014	pass	-	4	-	¬1 < r - l
velvet	crush-verify	e90d79341bb8ef510ec868623e74cfe98feaa4e8	e90d79341bb8ef510ec868623e74cfe98feaa4e8	leanprover/lean4:v4.32.2	1	Velvet/Examples/Examples_Total.lean	sqrt_bn_correct	68	4559485301326837329	pass	-	510	-	0 * 0 ≤ x
velvet	crush-verify	e90d79341bb8ef510ec868623e74cfe98feaa4e8	e90d79341bb8ef510ec868623e74cfe98feaa4e8	leanprover/lean4:v4.32.2	1	Velvet/Examples/Examples_Total.lean	sqrt_bn_correct	69	6911359079999020658	pass	-	1	-	x < bnd * bnd
velvet	crush-verify	e90d79341bb8ef510ec868623e74cfe98feaa4e8	e90d79341bb8ef510ec868623e74cfe98feaa4e8	leanprover/lean4:v4.32.2	1	Velvet/Examples/Examples_Total.lean	sqrt_bn_correct	70	16395326812896940336	pass	-	505	-	∀ i ≤ 0, i * i ≤ x
velvet	crush-verify	e90d79341bb8ef510ec868623e74cfe98feaa4e8	e90d79341bb8ef510ec868623e74cfe98feaa4e8	leanprover/lean4:v4.32.2	1	Velvet/Examples/Examples_Total.lean	sqrt_bn_correct	71	18362062349273978007	pass	-	595	-	∀ (i_2 : ℕ), i_2 * i_2 ≤ x → i_2 ≤ i
velvet	crush-verify	e90d79341bb8ef510ec868623e74cfe98feaa4e8	e90d79341bb8ef510ec868623e74cfe98feaa4e8	leanprover/lean4:v4.32.2	1	Velvet/Examples/Examples_Total.lean	sqrt_bn_correct	72	8802921734925604215	pass	-	554	-	∀ i_2 ≤ i, i_2 * i_2 ≤ x
velvet	crush-verify	e90d79341bb8ef510ec868623e74cfe98feaa4e8	e90d79341bb8ef510ec868623e74cfe98feaa4e8	leanprover/lean4:v4.32.2	1	Velvet/Examples/Examples_Total.lean	sqrt_bn_correct	73	8723303018838369810	pass	-	5	-	i * i ≤ x
velvet	crush-verify	e90d79341bb8ef510ec868623e74cfe98feaa4e8	e90d79341bb8ef510ec868623e74cfe98feaa4e8	leanprover/lean4:v4.32.2	1	Velvet/Examples/GCD.lean	gcd_correct	1	4384199359441751320	pass	-	2	-	a > 0
velvet	crush-verify	e90d79341bb8ef510ec868623e74cfe98feaa4e8	e90d79341bb8ef510ec868623e74cfe98feaa4e8	leanprover/lean4:v4.32.2	1	Velvet/Examples/GCD.lean	gcd_correct	2	9601099415740649235	pass	-	528	-	b > 0
velvet	crush-verify	e90d79341bb8ef510ec868623e74cfe98feaa4e8	e90d79341bb8ef510ec868623e74cfe98feaa4e8	leanprover/lean4:v4.32.2	1	Velvet/Examples/GCD.lean	gcd_correct	3	1185000637665826843	pass	-	1	-	x > 0
velvet	crush-verify	e90d79341bb8ef510ec868623e74cfe98feaa4e8	e90d79341bb8ef510ec868623e74cfe98feaa4e8	leanprover/lean4:v4.32.2	1	Velvet/Examples/IsNonPrime.lean	IsNonPrime_correct	1	3150397294412475763	fail	tactic	1181	crush: could not prove the goal — the solver found a model:     n := 0     isPrime := true The encoding is incomplete, so a model does not necessarily describe a Lean counterexample.	True ↔ ¬isPrime n
velvet	crush-verify	e90d79341bb8ef510ec868623e74cfe98feaa4e8	e90d79341bb8ef510ec868623e74cfe98feaa4e8	leanprover/lean4:v4.32.2	1	Velvet/Examples/IsNonPrime.lean	IsNonPrime_correct	2	8498703091421742660	pass	-	1091	-	2 ≤ i + 1
velvet	crush-verify	e90d79341bb8ef510ec868623e74cfe98feaa4e8	e90d79341bb8ef510ec868623e74cfe98feaa4e8	leanprover/lean4:v4.32.2	1	Velvet/Examples/IsNonPrime.lean	IsNonPrime_correct	3	15405612526479945524	pass	-	1189	-	true = false ↔ ∀ (d : ℕ), 2 ≤ d → d < i + 1 → n % d ≠ 0
velvet	crush-verify	e90d79341bb8ef510ec868623e74cfe98feaa4e8	e90d79341bb8ef510ec868623e74cfe98feaa4e8	leanprover/lean4:v4.32.2	1	Velvet/Examples/IsNonPrime.lean	IsNonPrime_correct	4	3635621084297233985	pass	-	8	-	(i + 1 - 1) * (i + 1 - 1) ≤ n
velvet	crush-verify	e90d79341bb8ef510ec868623e74cfe98feaa4e8	e90d79341bb8ef510ec868623e74cfe98feaa4e8	leanprover/lean4:v4.32.2	1	Velvet/Examples/IsNonPrime.lean	IsNonPrime_correct	5	8498703091421742660	pass	-	1108	-	2 ≤ i + 1
velvet	crush-verify	e90d79341bb8ef510ec868623e74cfe98feaa4e8	e90d79341bb8ef510ec868623e74cfe98feaa4e8	leanprover/lean4:v4.32.2	1	Velvet/Examples/IsNonPrime.lean	IsNonPrime_correct	6	15497101072354692966	fail	timeout	6180	crush: solver returned `unknown` (solver exited without a verdict: cvc5 interrupted by timeout.). Try increasing `crush.timeout` or adding hypotheses.	ret = false ↔ ∀ (d : ℕ), 2 ≤ d → d < i + 1 → n % d ≠ 0
velvet	crush-verify	e90d79341bb8ef510ec868623e74cfe98feaa4e8	e90d79341bb8ef510ec868623e74cfe98feaa4e8	leanprover/lean4:v4.32.2	1	Velvet/Examples/IsNonPrime.lean	IsNonPrime_correct	7	3635621084297233985	pass	-	7	-	(i + 1 - 1) * (i + 1 - 1) ≤ n
velvet	crush-verify	e90d79341bb8ef510ec868623e74cfe98feaa4e8	e90d79341bb8ef510ec868623e74cfe98feaa4e8	leanprover/lean4:v4.32.2	1	Velvet/Examples/IsNonPrime.lean	IsNonPrime_correct	8	8419734978408419013	pass	-	3	-	2 ≤ i
velvet	crush-verify	e90d79341bb8ef510ec868623e74cfe98feaa4e8	e90d79341bb8ef510ec868623e74cfe98feaa4e8	leanprover/lean4:v4.32.2	1	Velvet/Examples/IsNonPrime.lean	IsNonPrime_correct	9	18150307703072330979	pass	-	4	-	ret = false ↔ ∀ (d : ℕ), 2 ≤ d → d < i → n % d ≠ 0
velvet	crush-verify	e90d79341bb8ef510ec868623e74cfe98feaa4e8	e90d79341bb8ef510ec868623e74cfe98feaa4e8	leanprover/lean4:v4.32.2	1	Velvet/Examples/IsNonPrime.lean	IsNonPrime_correct	10	1456886557593529150	pass	-	3	-	(i - 1) * (i - 1) ≤ n
velvet	crush-verify	e90d79341bb8ef510ec868623e74cfe98feaa4e8	e90d79341bb8ef510ec868623e74cfe98feaa4e8	leanprover/lean4:v4.32.2	1	Velvet/Examples/IsNonPrime.lean	IsNonPrime_correct	11	16017810969246570786	pass	-	5	-	¬i * i ≤ n
velvet	crush-verify	e90d79341bb8ef510ec868623e74cfe98feaa4e8	e90d79341bb8ef510ec868623e74cfe98feaa4e8	leanprover/lean4:v4.32.2	1	Velvet/Examples/IsNonPrime.lean	IsNonPrime_correct	12	12543135627460772462	pass	-	1118	-	2 ≤ 2
velvet	crush-verify	e90d79341bb8ef510ec868623e74cfe98feaa4e8	e90d79341bb8ef510ec868623e74cfe98feaa4e8	leanprover/lean4:v4.32.2	1	Velvet/Examples/IsNonPrime.lean	IsNonPrime_correct	13	1572539502098385654	pass	-	1184	-	True ↔ ∀ (d : ℕ), 2 ≤ d → d < 2 → n % d ≠ 0
velvet	crush-verify	e90d79341bb8ef510ec868623e74cfe98feaa4e8	e90d79341bb8ef510ec868623e74cfe98feaa4e8	leanprover/lean4:v4.32.2	1	Velvet/Examples/IsNonPrime.lean	IsNonPrime_correct	14	11076373139303988464	pass	-	1136	-	(2 - 1) * (2 - 1) ≤ n
velvet	crush-verify	e90d79341bb8ef510ec868623e74cfe98feaa4e8	e90d79341bb8ef510ec868623e74cfe98feaa4e8	leanprover/lean4:v4.32.2	1	Velvet/Examples/IsNonPrime.lean	IsNonPrime_correct	15	15559572021364972958	fail	timeout	6362	crush: solver returned `unknown` (solver exited without a verdict: cvc5 interrupted by timeout.). Try increasing `crush.timeout` or adding hypotheses.	ret_1 = true ↔ ¬isPrime n
velvet	crush-verify	e90d79341bb8ef510ec868623e74cfe98feaa4e8	e90d79341bb8ef510ec868623e74cfe98feaa4e8	leanprover/lean4:v4.32.2	1	Velvet/Examples/IsSorted.lean	IsSorted_correct	1	11207960766534651515	pass	-	1217	-	0 ≤ i + 1 ∧ i + 1 ≤ a.size - 1
velvet	crush-verify	e90d79341bb8ef510ec868623e74cfe98feaa4e8	e90d79341bb8ef510ec868623e74cfe98feaa4e8	leanprover/lean4:v4.32.2	1	Velvet/Examples/IsSorted.lean	IsSorted_correct	2	4413675682266163545	pass	-	2683	-	false = true → ∀ (k : ℕ), 0 ≤ k → k < i + 1 → a[k]! ≤ a[k + 1]!
velvet	crush-verify	e90d79341bb8ef510ec868623e74cfe98feaa4e8	e90d79341bb8ef510ec868623e74cfe98feaa4e8	leanprover/lean4:v4.32.2	1	Velvet/Examples/IsSorted.lean	IsSorted_correct	3	9518487208184120090	pass	-	37	-	∃ k, 0 ≤ k ∧ k < a.size - 1 ∧ a[k]! > a[k + 1]!
velvet	crush-verify	e90d79341bb8ef510ec868623e74cfe98feaa4e8	e90d79341bb8ef510ec868623e74cfe98feaa4e8	leanprover/lean4:v4.32.2	1	Velvet/Examples/IsSorted.lean	IsSorted_correct	4	11207960766534651515	pass	-	1214	-	0 ≤ i + 1 ∧ i + 1 ≤ a.size - 1
velvet	crush-verify	e90d79341bb8ef510ec868623e74cfe98feaa4e8	e90d79341bb8ef510ec868623e74cfe98feaa4e8	leanprover/lean4:v4.32.2	1	Velvet/Examples/IsSorted.lean	IsSorted_correct	5	16465854614385299804	pass	-	2728	-	sorted = true → ∀ (k : ℕ), 0 ≤ k → k < i + 1 → a[k]! ≤ a[k + 1]!
velvet	crush-verify	e90d79341bb8ef510ec868623e74cfe98feaa4e8	e90d79341bb8ef510ec868623e74cfe98feaa4e8	leanprover/lean4:v4.32.2	1	Velvet/Examples/IsSorted.lean	IsSorted_correct	6	1749803822950348457	pass	-	2429	-	sorted = false → ∃ k, 0 ≤ k ∧ k < a.size - 1 ∧ a[k]! > a[k + 1]!
velvet	crush-verify	e90d79341bb8ef510ec868623e74cfe98feaa4e8	e90d79341bb8ef510ec868623e74cfe98feaa4e8	leanprover/lean4:v4.32.2	1	Velvet/Examples/IsSorted.lean	IsSorted_correct	7	6461838523585744673	pass	-	736	-	0 ≤ i ∧ i ≤ a.size - 1
velvet	crush-verify	e90d79341bb8ef510ec868623e74cfe98feaa4e8	e90d79341bb8ef510ec868623e74cfe98feaa4e8	leanprover/lean4:v4.32.2	1	Velvet/Examples/IsSorted.lean	IsSorted_correct	8	5698263445699273715	pass	-	1623	-	sorted = true → ∀ (k : ℕ), 0 ≤ k → k < i → a[k]! ≤ a[k + 1]!
velvet	crush-verify	e90d79341bb8ef510ec868623e74cfe98feaa4e8	e90d79341bb8ef510ec868623e74cfe98feaa4e8	leanprover/lean4:v4.32.2	1	Velvet/Examples/IsSorted.lean	IsSorted_correct	9	1749803822950348457	pass	-	1674	-	sorted = false → ∃ k, 0 ≤ k ∧ k < a.size - 1 ∧ a[k]! > a[k + 1]!
velvet	crush-verify	e90d79341bb8ef510ec868623e74cfe98feaa4e8	e90d79341bb8ef510ec868623e74cfe98feaa4e8	leanprover/lean4:v4.32.2	1	Velvet/Examples/IsSorted.lean	IsSorted_correct	10	16458001095677251802	pass	-	794	-	i = a.size - 1 ∨ sorted = false
velvet	crush-verify	e90d79341bb8ef510ec868623e74cfe98feaa4e8	e90d79341bb8ef510ec868623e74cfe98feaa4e8	leanprover/lean4:v4.32.2	1	Velvet/Examples/IsSorted.lean	IsSorted_correct	11	11716511832970583731	pass	-	634	-	0 ≤ 0 ∧ 0 ≤ a.size - 1
velvet	crush-verify	e90d79341bb8ef510ec868623e74cfe98feaa4e8	e90d79341bb8ef510ec868623e74cfe98feaa4e8	leanprover/lean4:v4.32.2	1	Velvet/Examples/IsSorted.lean	IsSorted_correct	12	13412663338101939313	pass	-	955	-	∀ (k : ℕ), 0 ≤ k → k < 0 → a[k]! ≤ a[k + 1]!
velvet	crush-verify	e90d79341bb8ef510ec868623e74cfe98feaa4e8	e90d79341bb8ef510ec868623e74cfe98feaa4e8	leanprover/lean4:v4.32.2	1	Velvet/Examples/IsSorted.lean	IsSorted_correct	13	10877051663303345536	pass	-	13	-	true = false → ∃ k, 0 ≤ k ∧ k < a.size - 1 ∧ a[k]! > a[k + 1]!
velvet	crush-verify	e90d79341bb8ef510ec868623e74cfe98feaa4e8	e90d79341bb8ef510ec868623e74cfe98feaa4e8	leanprover/lean4:v4.32.2	1	Velvet/Examples/IsSorted.lean	IsSorted_correct	14	2102916384874846137	pass	-	6623	-	sorted_1 = true ↔ ∀ (i j : ℕ), 0 ≤ i → i < j → j < a.size → a[i]! ≤ a[j]!
velvet	crush-verify	e90d79341bb8ef510ec868623e74cfe98feaa4e8	e90d79341bb8ef510ec868623e74cfe98feaa4e8	leanprover/lean4:v4.32.2	1	Velvet/Examples/MaxElem.lean	maxElem_correct	1	6189042491608852705	pass	-	511	-	0 ≤ i + 1 ∧ i + 1 ≤ arr.size
velvet	crush-verify	e90d79341bb8ef510ec868623e74cfe98feaa4e8	e90d79341bb8ef510ec868623e74cfe98feaa4e8	leanprover/lean4:v4.32.2	1	Velvet/Examples/MaxElem.lean	maxElem_correct	2	13979591039540523316	pass	-	515	-	∀ j < i + 1, arr[i]! ≥ arr[j]!
velvet	crush-verify	e90d79341bb8ef510ec868623e74cfe98feaa4e8	e90d79341bb8ef510ec868623e74cfe98feaa4e8	leanprover/lean4:v4.32.2	1	Velvet/Examples/MaxElem.lean	maxElem_correct	3	6189042491608852705	pass	-	516	-	0 ≤ i + 1 ∧ i + 1 ≤ arr.size
velvet	crush-verify	e90d79341bb8ef510ec868623e74cfe98feaa4e8	e90d79341bb8ef510ec868623e74cfe98feaa4e8	leanprover/lean4:v4.32.2	1	Velvet/Examples/MaxElem.lean	maxElem_correct	4	3496913807798796367	pass	-	484	-	∀ j < i + 1, mx ≥ arr[j]!
velvet	crush-verify	e90d79341bb8ef510ec868623e74cfe98feaa4e8	e90d79341bb8ef510ec868623e74cfe98feaa4e8	leanprover/lean4:v4.32.2	1	Velvet/Examples/MaxElem.lean	maxElem_correct	5	13935834157065255340	pass	-	513	-	0 ≤ i ∧ i ≤ arr.size
velvet	crush-verify	e90d79341bb8ef510ec868623e74cfe98feaa4e8	e90d79341bb8ef510ec868623e74cfe98feaa4e8	leanprover/lean4:v4.32.2	1	Velvet/Examples/MaxElem.lean	maxElem_correct	6	10716558625718226994	pass	-	467	-	∀ j < i, mx ≥ arr[j]!
velvet	crush-verify	e90d79341bb8ef510ec868623e74cfe98feaa4e8	e90d79341bb8ef510ec868623e74cfe98feaa4e8	leanprover/lean4:v4.32.2	1	Velvet/Examples/MaxElem.lean	maxElem_correct	7	12429897440204793908	pass	-	513	-	i = arr.size
velvet	crush-verify	e90d79341bb8ef510ec868623e74cfe98feaa4e8	e90d79341bb8ef510ec868623e74cfe98feaa4e8	leanprover/lean4:v4.32.2	1	Velvet/Examples/MaxElem.lean	maxElem_correct	8	6662270672118944889	pass	-	478	-	0 ≤ 0 + 1 ∧ 0 + 1 ≤ arr.size
velvet	crush-verify	e90d79341bb8ef510ec868623e74cfe98feaa4e8	e90d79341bb8ef510ec868623e74cfe98feaa4e8	leanprover/lean4:v4.32.2	1	Velvet/Examples/MaxElem.lean	maxElem_correct	9	10294878435885712953	pass	-	498	-	∀ j < 0 + 1, arr[0]! ≥ arr[j]!
velvet	crush-verify	e90d79341bb8ef510ec868623e74cfe98feaa4e8	e90d79341bb8ef510ec868623e74cfe98feaa4e8	leanprover/lean4:v4.32.2	1	Velvet/Examples/MaxElem.lean	maxElem_correct	10	15821608085576758365	pass	-	535	-	isMax mx_1 arr
velvet	crush-verify	e90d79341bb8ef510ec868623e74cfe98feaa4e8	e90d79341bb8ef510ec868623e74cfe98feaa4e8	leanprover/lean4:v4.32.2	1	Velvet/Examples/MemAlloc.lean	mem_alloc_correct	1	633235845480694220	pass	-	101	-	∀ (b : addr),   List.find? (fun x => decide (block_size x ≥ size)) Ps = some b → 0 = b ∧ distPath nextOld free_listOld (Ps.erase b) 0
velvet	crush-verify	e90d79341bb8ef510ec868623e74cfe98feaa4e8	e90d79341bb8ef510ec868623e74cfe98feaa4e8	leanprover/lean4:v4.32.2	1	Velvet/Examples/MemAlloc.lean	mem_alloc_correct	2	12262280732602434251	pass	-	50	-	∀ (b : addr),   List.find? (fun x => decide (block_size x ≥ size)) Ps = some b →     free_listOld = b ∧ distPath nextOld (nextOld free_listOld) (Ps.erase b) 0
velvet	crush-verify	e90d79341bb8ef510ec868623e74cfe98feaa4e8	e90d79341bb8ef510ec868623e74cfe98feaa4e8	leanprover/lean4:v4.32.2	1	Velvet/Examples/MemAlloc.lean	mem_alloc_correct	3	5395433166570123997	pass	-	1284	-	distPath nextOld free_listOld Ps 0
velvet	crush-verify	e90d79341bb8ef510ec868623e74cfe98feaa4e8	e90d79341bb8ef510ec868623e74cfe98feaa4e8	leanprover/lean4:v4.32.2	1	Velvet/Examples/MemAlloc.lean	mem_alloc_correct	4	7858921023181799469	fail	unknown	1564	crush: solver returned `unknown` (no reason given). Try increasing `crush.timeout` or adding hypotheses.	∃ Qs, distPath nextOld free_listOld Qs (nextOld p) ∧ ∀ a ∈ Qs, block_size a < size
velvet	crush-verify	e90d79341bb8ef510ec868623e74cfe98feaa4e8	e90d79341bb8ef510ec868623e74cfe98feaa4e8	leanprover/lean4:v4.32.2	1	Velvet/Examples/MemAlloc.lean	mem_alloc_correct	5	12307778664191690486	pass	-	1430	-	∃ Qs, distPath nextOld free_listOld Qs p
velvet	crush-verify	e90d79341bb8ef510ec868623e74cfe98feaa4e8	e90d79341bb8ef510ec868623e74cfe98feaa4e8	leanprover/lean4:v4.32.2	1	Velvet/Examples/MemAlloc.lean	mem_alloc_correct	6	14651957694487509304	pass	-	16	-	p ≠ 0
velvet	crush-verify	e90d79341bb8ef510ec868623e74cfe98feaa4e8	e90d79341bb8ef510ec868623e74cfe98feaa4e8	leanprover/lean4:v4.32.2	1	Velvet/Examples/MemAlloc.lean	mem_alloc_correct	7	5395433166570123997	pass	-	1197	-	distPath nextOld free_listOld Ps 0
velvet	crush-verify	e90d79341bb8ef510ec868623e74cfe98feaa4e8	e90d79341bb8ef510ec868623e74cfe98feaa4e8	leanprover/lean4:v4.32.2	1	Velvet/Examples/MemAlloc.lean	mem_alloc_correct	8	12933711973000179377	pass	-	10	-	∃ Qs, distPath nextOld free_listOld Qs p ∧ ∀ a ∈ Qs, block_size a < size
velvet	crush-verify	e90d79341bb8ef510ec868623e74cfe98feaa4e8	e90d79341bb8ef510ec868623e74cfe98feaa4e8	leanprover/lean4:v4.32.2	1	Velvet/Examples/MemAlloc.lean	mem_alloc_correct	9	1502598827083788742	pass	-	8	-	p = nextOld q
velvet	crush-verify	e90d79341bb8ef510ec868623e74cfe98feaa4e8	e90d79341bb8ef510ec868623e74cfe98feaa4e8	leanprover/lean4:v4.32.2	1	Velvet/Examples/MemAlloc.lean	mem_alloc_correct	10	5948121399058639032	pass	-	8	-	∃ Qs, distPath nextOld free_listOld Qs q
velvet	crush-verify	e90d79341bb8ef510ec868623e74cfe98feaa4e8	e90d79341bb8ef510ec868623e74cfe98feaa4e8	leanprover/lean4:v4.32.2	1	Velvet/Examples/MemAlloc.lean	mem_alloc_correct	11	7320909626913503829	pass	-	16	-	q ≠ 0
velvet	crush-verify	e90d79341bb8ef510ec868623e74cfe98feaa4e8	e90d79341bb8ef510ec868623e74cfe98feaa4e8	leanprover/lean4:v4.32.2	1	Velvet/Examples/MemAlloc.lean	mem_alloc_correct	12	13680370559755953061	pass	-	17	-	¬(p ≠ 0 ∧ block_size p < size)
velvet	crush-verify	e90d79341bb8ef510ec868623e74cfe98feaa4e8	e90d79341bb8ef510ec868623e74cfe98feaa4e8	leanprover/lean4:v4.32.2	1	Velvet/Examples/MemAlloc.lean	mem_alloc_correct	13	5395433166570123997	pass	-	1194	-	distPath nextOld free_listOld Ps 0
velvet	crush-verify	e90d79341bb8ef510ec868623e74cfe98feaa4e8	e90d79341bb8ef510ec868623e74cfe98feaa4e8	leanprover/lean4:v4.32.2	1	Velvet/Examples/MemAlloc.lean	mem_alloc_correct	14	9725332222063365643	pass	-	215	-	∃ Qs, distPath nextOld free_listOld Qs (nextOld free_listOld) ∧ ∀ a ∈ Qs, block_size a < size
velvet	crush-verify	e90d79341bb8ef510ec868623e74cfe98feaa4e8	e90d79341bb8ef510ec868623e74cfe98feaa4e8	leanprover/lean4:v4.32.2	1	Velvet/Examples/MemAlloc.lean	mem_alloc_correct	15	400422252958227942	pass	-	33	-	∃ Qs, distPath nextOld free_listOld Qs free_listOld
velvet	crush-verify	e90d79341bb8ef510ec868623e74cfe98feaa4e8	e90d79341bb8ef510ec868623e74cfe98feaa4e8	leanprover/lean4:v4.32.2	1	Velvet/Examples/MemAlloc.lean	mem_alloc_correct	16	880346177993498408	pass	-	8	-	free_listOld ≠ 0
velvet	crush-verify	e90d79341bb8ef510ec868623e74cfe98feaa4e8	e90d79341bb8ef510ec868623e74cfe98feaa4e8	leanprover/lean4:v4.32.2	1	Velvet/Examples/MemAlloc.lean	mem_alloc_correct	17	15369885961681168000	fail	unknown	1329	crush: solver returned `unknown` (no reason given). Try increasing `crush.timeout` or adding hypotheses.	∀ (b : addr),   List.find? (fun x => decide (block_size x ≥ size)) Ps = some b →     i = b ∧ distPath (Function.update nextOld q_1 (nextOld i)) free_listOld (Ps.erase b) 0
velvet	crush-verify	e90d79341bb8ef510ec868623e74cfe98feaa4e8	e90d79341bb8ef510ec868623e74cfe98feaa4e8	leanprover/lean4:v4.32.2	1	Velvet/Examples/MemAlloc.lean	mem_alloc_correct	18	633235845480694220	fail	unknown	1298	crush: solver returned `unknown` (no reason given). Try increasing `crush.timeout` or adding hypotheses.	∀ (b : addr),   List.find? (fun x => decide (block_size x ≥ size)) Ps = some b → 0 = b ∧ distPath nextOld free_listOld (Ps.erase b) 0
velvet	crush-verify	e90d79341bb8ef510ec868623e74cfe98feaa4e8	e90d79341bb8ef510ec868623e74cfe98feaa4e8	leanprover/lean4:v4.32.2	1	Velvet/Examples/Recursion.lean	simple_recursion_correct	1	9632926918213658529	pass	-	3	-	0 = x
velvet	crush-verify	e90d79341bb8ef510ec868623e74cfe98feaa4e8	e90d79341bb8ef510ec868623e74cfe98feaa4e8	leanprover/lean4:v4.32.2	1	Velvet/Examples/Recursion.lean	simple_recursion_correct	2	16321134497628070328	pass	-	509	-	x_1 + 1 = x
velvet	crush-verify	e90d79341bb8ef510ec868623e74cfe98feaa4e8	e90d79341bb8ef510ec868623e74cfe98feaa4e8	leanprover/lean4:v4.32.2	1	Velvet/Examples/Recursion.lean	pickGreater_correct	3	15399959404188881270	pass	-	87	-	∃ h, h > inp + 200
velvet	crush-verify	e90d79341bb8ef510ec868623e74cfe98feaa4e8	e90d79341bb8ef510ec868623e74cfe98feaa4e8	leanprover/lean4:v4.32.2	1	Velvet/Examples/Recursion.lean	pickGreater_correct	4	6729724634728447689	pass	-	359	-	i > inp + 10
velvet	crush-verify	e90d79341bb8ef510ec868623e74cfe98feaa4e8	e90d79341bb8ef510ec868623e74cfe98feaa4e8	leanprover/lean4:v4.32.2	1	Velvet/Examples/Recursion.lean	pickGreaterN_correct	5	6331840417009367668	pass	-	498	-	0 ≥ n * 10
velvet	crush-verify	e90d79341bb8ef510ec868623e74cfe98feaa4e8	e90d79341bb8ef510ec868623e74cfe98feaa4e8	leanprover/lean4:v4.32.2	1	Velvet/Examples/Recursion.lean	pickGreaterN_correct	6	928177310960349346	pass	-	430	-	x_1 ≥ n * 10
velvet	crush-verify	e90d79341bb8ef510ec868623e74cfe98feaa4e8	e90d79341bb8ef510ec868623e74cfe98feaa4e8	leanprover/lean4:v4.32.2	1	Velvet/Examples/Recursion.lean	calc_fact_correct	7	14502607232842720358	pass	-	517	-	fact n = 0
velvet	crush-verify	e90d79341bb8ef510ec868623e74cfe98feaa4e8	e90d79341bb8ef510ec868623e74cfe98feaa4e8	leanprover/lean4:v4.32.2	1	Velvet/Examples/Recursion.lean	calc_fact_correct	8	5360899794933563671	pass	-	7	-	i + 1 ≤ n
velvet	crush-verify	e90d79341bb8ef510ec868623e74cfe98feaa4e8	e90d79341bb8ef510ec868623e74cfe98feaa4e8	leanprover/lean4:v4.32.2	1	Velvet/Examples/Recursion.lean	calc_fact_correct	9	16083086069592683677	pass	-	513	-	(i + 1) * x = ans + x_1
velvet	crush-verify	e90d79341bb8ef510ec868623e74cfe98feaa4e8	e90d79341bb8ef510ec868623e74cfe98feaa4e8	leanprover/lean4:v4.32.2	1	Velvet/Examples/Recursion.lean	calc_fact_correct	10	17426933449823366573	pass	-	470	-	n - (i + 1) < n - i
velvet	crush-verify	e90d79341bb8ef510ec868623e74cfe98feaa4e8	e90d79341bb8ef510ec868623e74cfe98feaa4e8	leanprover/lean4:v4.32.2	1	Velvet/Examples/Recursion.lean	calc_fact_correct	11	8436330743851721663	pass	-	2	-	i ≤ n
velvet	crush-verify	e90d79341bb8ef510ec868623e74cfe98feaa4e8	e90d79341bb8ef510ec868623e74cfe98feaa4e8	leanprover/lean4:v4.32.2	1	Velvet/Examples/Recursion.lean	calc_fact_correct	12	5516634396000359850	pass	-	2	-	i * x = ans
velvet	crush-verify	e90d79341bb8ef510ec868623e74cfe98feaa4e8	e90d79341bb8ef510ec868623e74cfe98feaa4e8	leanprover/lean4:v4.32.2	1	Velvet/Examples/Recursion.lean	calc_fact_correct	13	3040060259141493307	pass	-	4	-	¬i < n
velvet	crush-verify	e90d79341bb8ef510ec868623e74cfe98feaa4e8	e90d79341bb8ef510ec868623e74cfe98feaa4e8	leanprover/lean4:v4.32.2	1	Velvet/Examples/Recursion.lean	calc_fact_correct	14	8843960039229350233	pass	-	530	-	0 ≤ n
velvet	crush-verify	e90d79341bb8ef510ec868623e74cfe98feaa4e8	e90d79341bb8ef510ec868623e74cfe98feaa4e8	leanprover/lean4:v4.32.2	1	Velvet/Examples/Recursion.lean	calc_fact_correct	15	414362943496193222	pass	-	382	-	0 * x = 0
velvet	crush-verify	e90d79341bb8ef510ec868623e74cfe98feaa4e8	e90d79341bb8ef510ec868623e74cfe98feaa4e8	leanprover/lean4:v4.32.2	1	Velvet/Examples/Recursion.lean	calc_fact_correct	16	17682712502848666117	pass	-	597	-	fact n = i_1
velvet	crush-verify	e90d79341bb8ef510ec868623e74cfe98feaa4e8	e90d79341bb8ef510ec868623e74cfe98feaa4e8	leanprover/lean4:v4.32.2	1	Velvet/Examples/Recursion.lean	SimpleOption_correct	17	10153057550358142642	pass	-	426	-	1 > 0
velvet	crush-verify	e90d79341bb8ef510ec868623e74cfe98feaa4e8	e90d79341bb8ef510ec868623e74cfe98feaa4e8	leanprover/lean4:v4.32.2	1	Velvet/Examples/Recursion.lean	SimpleOption_correct	18	1511426402368662420	pass	-	587	-	val✝ + 2 > 0
velvet	crush-verify	e90d79341bb8ef510ec868623e74cfe98feaa4e8	e90d79341bb8ef510ec868623e74cfe98feaa4e8	leanprover/lean4:v4.32.2	1	Velvet/Examples/Recursion.lean	SimpleList_correct	19	12303175613740643342	pass	-	521	-	x + i > 0
velvet	crush-verify	e90d79341bb8ef510ec868623e74cfe98feaa4e8	e90d79341bb8ef510ec868623e74cfe98feaa4e8	leanprover/lean4:v4.32.2	1	Velvet/Examples/Recursion.lean	SimpleList_correct	20	10153057550358142642	pass	-	406	-	1 > 0
velvet	crush-verify	e90d79341bb8ef510ec868623e74cfe98feaa4e8	e90d79341bb8ef510ec868623e74cfe98feaa4e8	leanprover/lean4:v4.32.2	1	Velvet/Examples/Recursion.lean	insertTree_correct	21	419217539048902517	pass	-	507	-	∀ (x : ℕ), x = elem ∨ contains (mt1.Leaf a✝) x ↔ contains (mt1.Leaf a✝) x
velvet	crush-verify	e90d79341bb8ef510ec868623e74cfe98feaa4e8	e90d79341bb8ef510ec868623e74cfe98feaa4e8	leanprover/lean4:v4.32.2	1	Velvet/Examples/Recursion.lean	insertTree_correct	22	785945476856620183	pass	-	2	-	contains (mt1.Leaf a✝) elem
velvet	crush-verify	e90d79341bb8ef510ec868623e74cfe98feaa4e8	e90d79341bb8ef510ec868623e74cfe98feaa4e8	leanprover/lean4:v4.32.2	1	Velvet/Examples/Recursion.lean	insertTree_correct	23	14100858011260313832	pass	-	381	-	∀ (x : ℕ), x = elem ∨ contains (mt1.Leaf a✝) x ↔ contains ((mt1.Leaf a✝).Node mt1.Empty elem) x
velvet	crush-verify	e90d79341bb8ef510ec868623e74cfe98feaa4e8	e90d79341bb8ef510ec868623e74cfe98feaa4e8	leanprover/lean4:v4.32.2	1	Velvet/Examples/Recursion.lean	insertTree_correct	24	5439148242694091386	pass	-	530	-	(∀ (x : ℕ), contains (mt1.Leaf a✝) x → x < elem) ∧ ∀ (x : ℕ), contains mt1.Empty x → x > elem
velvet	crush-verify	e90d79341bb8ef510ec868623e74cfe98feaa4e8	e90d79341bb8ef510ec868623e74cfe98feaa4e8	leanprover/lean4:v4.32.2	1	Velvet/Examples/Recursion.lean	insertTree_correct	25	13358020527010658417	pass	-	411	-	contains ((mt1.Leaf a✝).Node mt1.Empty elem) elem
velvet	crush-verify	e90d79341bb8ef510ec868623e74cfe98feaa4e8	e90d79341bb8ef510ec868623e74cfe98feaa4e8	leanprover/lean4:v4.32.2	1	Velvet/Examples/Recursion.lean	insertTree_correct	26	8603391761408256204	pass	-	532	-	∀ (x : ℕ), x = elem ∨ contains (mt1.Leaf a✝) x ↔ contains (mt1.Empty.Node (mt1.Leaf a✝) elem) x
velvet	crush-verify	e90d79341bb8ef510ec868623e74cfe98feaa4e8	e90d79341bb8ef510ec868623e74cfe98feaa4e8	leanprover/lean4:v4.32.2	1	Velvet/Examples/Recursion.lean	insertTree_correct	27	403261720200322615	pass	-	463	-	(∀ (x : ℕ), contains mt1.Empty x → x < elem) ∧ ∀ (x : ℕ), contains (mt1.Leaf a✝) x → x > elem
velvet	crush-verify	e90d79341bb8ef510ec868623e74cfe98feaa4e8	e90d79341bb8ef510ec868623e74cfe98feaa4e8	leanprover/lean4:v4.32.2	1	Velvet/Examples/Recursion.lean	insertTree_correct	28	13334821868243949956	pass	-	429	-	contains (mt1.Empty.Node (mt1.Leaf a✝) elem) elem
velvet	crush-verify	e90d79341bb8ef510ec868623e74cfe98feaa4e8	e90d79341bb8ef510ec868623e74cfe98feaa4e8	leanprover/lean4:v4.32.2	1	Velvet/Examples/Recursion.lean	insertTree_correct	29	10034441991535992553	pass	-	519	-	∀ (x : ℕ), x = elem ∨ contains mt1.Empty x ↔ contains (mt1.Leaf elem) x
velvet	crush-verify	e90d79341bb8ef510ec868623e74cfe98feaa4e8	e90d79341bb8ef510ec868623e74cfe98feaa4e8	leanprover/lean4:v4.32.2	1	Velvet/Examples/Recursion.lean	insertTree_correct	30	8410732340261024813	pass	-	386	-	∀ (x : ℕ), x = elem ∨ contains (a✝².Node a✝¹ a✝) x ↔ contains (a✝².Node a✝¹ a✝) x
velvet	crush-verify	e90d79341bb8ef510ec868623e74cfe98feaa4e8	e90d79341bb8ef510ec868623e74cfe98feaa4e8	leanprover/lean4:v4.32.2	1	Velvet/Examples/Recursion.lean	insertTree_correct	31	13887296291903300382	pass	-	553	-	ordered_tree (a✝².Node a✝¹ a✝)
velvet	crush-verify	e90d79341bb8ef510ec868623e74cfe98feaa4e8	e90d79341bb8ef510ec868623e74cfe98feaa4e8	leanprover/lean4:v4.32.2	1	Velvet/Examples/Recursion.lean	insertTree_correct	32	6517665507579609563	pass	-	436	-	contains (a✝².Node a✝¹ a✝) elem
velvet	crush-verify	e90d79341bb8ef510ec868623e74cfe98feaa4e8	e90d79341bb8ef510ec868623e74cfe98feaa4e8	leanprover/lean4:v4.32.2	1	Velvet/Examples/Recursion.lean	insertTree_correct	33	1926823926199498616	pass	-	5	-	ordered_tree a✝¹
velvet	crush-verify	e90d79341bb8ef510ec868623e74cfe98feaa4e8	e90d79341bb8ef510ec868623e74cfe98feaa4e8	leanprover/lean4:v4.32.2	1	Velvet/Examples/Recursion.lean	insertTree_correct	34	4691160922418792609	pass	-	558	-	∀ (x_1 : ℕ), x_1 = elem ∨ contains (a✝².Node a✝¹ a✝) x_1 ↔ contains (a✝².Node x a✝) x_1
velvet	crush-verify	e90d79341bb8ef510ec868623e74cfe98feaa4e8	e90d79341bb8ef510ec868623e74cfe98feaa4e8	leanprover/lean4:v4.32.2	1	Velvet/Examples/Recursion.lean	insertTree_correct	35	5459752633259142580	pass	-	494	-	ordered_tree (a✝².Node x a✝)
velvet	crush-verify	e90d79341bb8ef510ec868623e74cfe98feaa4e8	e90d79341bb8ef510ec868623e74cfe98feaa4e8	leanprover/lean4:v4.32.2	1	Velvet/Examples/Recursion.lean	insertTree_correct	36	14235806948139691359	pass	-	473	-	contains (a✝².Node x a✝) elem
velvet	crush-verify	e90d79341bb8ef510ec868623e74cfe98feaa4e8	e90d79341bb8ef510ec868623e74cfe98feaa4e8	leanprover/lean4:v4.32.2	1	Velvet/Examples/Recursion.lean	insertTree_correct	37	275146994291977655	pass	-	6	-	ordered_tree a✝²
velvet	crush-verify	e90d79341bb8ef510ec868623e74cfe98feaa4e8	e90d79341bb8ef510ec868623e74cfe98feaa4e8	leanprover/lean4:v4.32.2	1	Velvet/Examples/Recursion.lean	insertTree_correct	38	7037529583856086989	pass	-	494	-	∀ (x_1 : ℕ), x_1 = elem ∨ contains (a✝².Node a✝¹ a✝) x_1 ↔ contains (x.Node a✝¹ a✝) x_1
velvet	crush-verify	e90d79341bb8ef510ec868623e74cfe98feaa4e8	e90d79341bb8ef510ec868623e74cfe98feaa4e8	leanprover/lean4:v4.32.2	1	Velvet/Examples/Recursion.lean	insertTree_correct	39	5348143843544294657	pass	-	494	-	ordered_tree (x.Node a✝¹ a✝)
velvet	crush-verify	e90d79341bb8ef510ec868623e74cfe98feaa4e8	e90d79341bb8ef510ec868623e74cfe98feaa4e8	leanprover/lean4:v4.32.2	1	Velvet/Examples/Recursion.lean	insertTree_correct	40	11865403806314311412	pass	-	483	-	contains (x.Node a✝¹ a✝) elem
velvet	crush-verify	e90d79341bb8ef510ec868623e74cfe98feaa4e8	e90d79341bb8ef510ec868623e74cfe98feaa4e8	leanprover/lean4:v4.32.2	1	Velvet/Examples/Recursion.lean	complex_measure_binsearch_correct	41	4528940613904177901	fail	timeout	10874	crush: solver returned `unknown` (solver exited without a verdict: cvc5 interrupted by timeout.). Try increasing `crush.timeout` or adding hypotheses.	x ≤ (l + 1) * (l + 1)
velvet	crush-verify	e90d79341bb8ef510ec868623e74cfe98feaa4e8	e90d79341bb8ef510ec868623e74cfe98feaa4e8	leanprover/lean4:v4.32.2	1	Velvet/Examples/Recursion.lean	complex_measure_binsearch_correct	42	4049183095434299843	pass	-	2	-	l * l ≤ x
velvet	crush-verify	e90d79341bb8ef510ec868623e74cfe98feaa4e8	e90d79341bb8ef510ec868623e74cfe98feaa4e8	leanprover/lean4:v4.32.2	1	Velvet/Examples/Recursion.lean	complex_measure_binsearch_correct	43	7275559839122250210	pass	-	2	-	x < r * r
velvet	crush-verify	e90d79341bb8ef510ec868623e74cfe98feaa4e8	e90d79341bb8ef510ec868623e74cfe98feaa4e8	leanprover/lean4:v4.32.2	1	Velvet/Examples/Recursion.lean	complex_measure_binsearch_correct	44	7360868690920052366	pass	-	2	-	(l + (r - l) / 2) * (l + (r - l) / 2) ≤ x
velvet	crush-verify	e90d79341bb8ef510ec868623e74cfe98feaa4e8	e90d79341bb8ef510ec868623e74cfe98feaa4e8	leanprover/lean4:v4.32.2	1	Velvet/Examples/Recursion.lean	complex_measure_binsearch_correct	45	4851910658932930142	pass	-	3	-	x ≤ (x_1 + 1) * (x_1 + 1)
velvet	crush-verify	e90d79341bb8ef510ec868623e74cfe98feaa4e8	e90d79341bb8ef510ec868623e74cfe98feaa4e8	leanprover/lean4:v4.32.2	1	Velvet/Examples/Recursion.lean	complex_measure_binsearch_correct	46	7656706852135243209	pass	-	3	-	x_1 * x_1 ≤ x
velvet	crush-verify	e90d79341bb8ef510ec868623e74cfe98feaa4e8	e90d79341bb8ef510ec868623e74cfe98feaa4e8	leanprover/lean4:v4.32.2	1	Velvet/Examples/Recursion.lean	complex_measure_binsearch_correct	47	9897963110172432531	pass	-	455	-	x < (l + (r - l) / 2) * (l + (r - l) / 2)
velvet	crush-verify	e90d79341bb8ef510ec868623e74cfe98feaa4e8	e90d79341bb8ef510ec868623e74cfe98feaa4e8	leanprover/lean4:v4.32.2	1	Velvet/Examples/Recursion.lean	complex_measure_binsearch_correct	48	4049183095434299843	pass	-	3	-	l * l ≤ x
velvet	crush-verify	e90d79341bb8ef510ec868623e74cfe98feaa4e8	e90d79341bb8ef510ec868623e74cfe98feaa4e8	leanprover/lean4:v4.32.2	1	Velvet/Examples/Recursion.lean	complex_measure_binsearch_correct	49	4851910658932930142	pass	-	3	-	x ≤ (x_1 + 1) * (x_1 + 1)
velvet	crush-verify	e90d79341bb8ef510ec868623e74cfe98feaa4e8	e90d79341bb8ef510ec868623e74cfe98feaa4e8	leanprover/lean4:v4.32.2	1	Velvet/Examples/Recursion.lean	complex_measure_binsearch_correct	50	7656706852135243209	pass	-	2	-	x_1 * x_1 ≤ x
velvet	crush-verify	e90d79341bb8ef510ec868623e74cfe98feaa4e8	e90d79341bb8ef510ec868623e74cfe98feaa4e8	leanprover/lean4:v4.32.2	1	Velvet/Examples/Recursion.lean	pow2_correct	51	5804668677648722939	pass	-	419	-	2 ^ n = 1
velvet	crush-verify	e90d79341bb8ef510ec868623e74cfe98feaa4e8	e90d79341bb8ef510ec868623e74cfe98feaa4e8	leanprover/lean4:v4.32.2	1	Velvet/Examples/Recursion.lean	pow2_correct	52	5360899794933563671	pass	-	6	-	i + 1 ≤ n
velvet	crush-verify	e90d79341bb8ef510ec868623e74cfe98feaa4e8	e90d79341bb8ef510ec868623e74cfe98feaa4e8	leanprover/lean4:v4.32.2	1	Velvet/Examples/Recursion.lean	pow2_correct	53	2669204144888843361	pass	-	541	-	2 ^ (i + 1) = ans + x
velvet	crush-verify	e90d79341bb8ef510ec868623e74cfe98feaa4e8	e90d79341bb8ef510ec868623e74cfe98feaa4e8	leanprover/lean4:v4.32.2	1	Velvet/Examples/Recursion.lean	pow2_correct	54	17426933449823366573	pass	-	424	-	n - (i + 1) < n - i
velvet	crush-verify	e90d79341bb8ef510ec868623e74cfe98feaa4e8	e90d79341bb8ef510ec868623e74cfe98feaa4e8	leanprover/lean4:v4.32.2	1	Velvet/Examples/Recursion.lean	pow2_correct	55	8436330743851721663	pass	-	2	-	i ≤ n
velvet	crush-verify	e90d79341bb8ef510ec868623e74cfe98feaa4e8	e90d79341bb8ef510ec868623e74cfe98feaa4e8	leanprover/lean4:v4.32.2	1	Velvet/Examples/Recursion.lean	pow2_correct	56	50664709297785488	pass	-	2	-	2 ^ i = ans
velvet	crush-verify	e90d79341bb8ef510ec868623e74cfe98feaa4e8	e90d79341bb8ef510ec868623e74cfe98feaa4e8	leanprover/lean4:v4.32.2	1	Velvet/Examples/Recursion.lean	pow2_correct	57	3040060259141493307	pass	-	3	-	¬i < n
velvet	crush-verify	e90d79341bb8ef510ec868623e74cfe98feaa4e8	e90d79341bb8ef510ec868623e74cfe98feaa4e8	leanprover/lean4:v4.32.2	1	Velvet/Examples/Recursion.lean	pow2_correct	58	8843960039229350233	pass	-	502	-	0 ≤ n
velvet	crush-verify	e90d79341bb8ef510ec868623e74cfe98feaa4e8	e90d79341bb8ef510ec868623e74cfe98feaa4e8	leanprover/lean4:v4.32.2	1	Velvet/Examples/Recursion.lean	pow2_correct	59	11033618788013063028	pass	-	3	-	2 ^ 0 = 1
velvet	crush-verify	e90d79341bb8ef510ec868623e74cfe98feaa4e8	e90d79341bb8ef510ec868623e74cfe98feaa4e8	leanprover/lean4:v4.32.2	1	Velvet/Examples/Recursion.lean	pow2_correct	60	12960500676855313787	pass	-	484	-	2 ^ n = i_1
velvet	crush-verify	e90d79341bb8ef510ec868623e74cfe98feaa4e8	e90d79341bb8ef510ec868623e74cfe98feaa4e8	leanprover/lean4:v4.32.2	1	Velvet/Examples/SmallHeartBeats.lean	LeftmostMaximalDigit_correct	1	15016508801900672495	fail	timeout	5452	crush: solver returned `unknown` (solver exited without a verdict: cvc5 interrupted by timeout.). Try increasing `crush.timeout` or adding hypotheses.	∀ (pos len : ℕ),   len > 0 →     pos + len ≤ i + 1 →       (∀ j < len, isDigit input[pos + j]! = true) →         pos = 0 ∨ ¬isDigit input[pos - 1]! = true →           pos + len = i + 1 ∨ pos + len < i + 1 ∧ ¬isDigit input[pos + len]! = true → len ≤ bestLen
velvet	crush-verify	e90d79341bb8ef510ec868623e74cfe98feaa4e8	e90d79341bb8ef510ec868623e74cfe98feaa4e8	leanprover/lean4:v4.32.2	1	Velvet/Examples/SmallHeartBeats.lean	LeftmostMaximalDigit_correct	2	15016508801900672495	fail	timeout	5513	crush: solver returned `unknown` (solver exited without a verdict: cvc5 interrupted by timeout.). Try increasing `crush.timeout` or adding hypotheses.	∀ (pos len : ℕ),   len > 0 →     pos + len ≤ i + 1 →       (∀ j < len, isDigit input[pos + j]! = true) →         pos = 0 ∨ ¬isDigit input[pos - 1]! = true →           pos + len = i + 1 ∨ pos + len < i + 1 ∧ ¬isDigit input[pos + len]! = true → len ≤ bestLen
velvet	crush-verify	e90d79341bb8ef510ec868623e74cfe98feaa4e8	e90d79341bb8ef510ec868623e74cfe98feaa4e8	leanprover/lean4:v4.32.2	1	Velvet/Examples/SmallHeartBeats.lean	LeftmostMaximalDigit_correct	3	2028202278093280602	pass	-	5351	-	∀ (pos len : ℕ),   len > 0 →     pos + len ≤ i + 1 →       (∀ j < len, isDigit input[pos + j]! = true) →         pos = 0 ∨ ¬isDigit input[pos - 1]! = true →           pos + len = i + 1 ∨ pos + len < i + 1 ∧ ¬isDigit input[pos + len]! = true → len ≤ currentLen
velvet	crush-verify	e90d79341bb8ef510ec868623e74cfe98feaa4e8	e90d79341bb8ef510ec868623e74cfe98feaa4e8	leanprover/lean4:v4.32.2	1	Velvet/Examples/SmallHeartBeats.lean	LeftmostMaximalDigit_correct	4	15016508801900672495	fail	timeout	5447	crush: solver returned `unknown` (solver exited without a verdict: cvc5 interrupted by timeout.). Try increasing `crush.timeout` or adding hypotheses.	∀ (pos len : ℕ),   len > 0 →     pos + len ≤ i + 1 →       (∀ j < len, isDigit input[pos + j]! = true) →         pos = 0 ∨ ¬isDigit input[pos - 1]! = true →           pos + len = i + 1 ∨ pos + len < i + 1 ∧ ¬isDigit input[pos + len]! = true → len ≤ bestLen
velvet	crush-verify	e90d79341bb8ef510ec868623e74cfe98feaa4e8	e90d79341bb8ef510ec868623e74cfe98feaa4e8	leanprover/lean4:v4.32.2	1	Velvet/Examples/SmallHeartBeats.lean	LeftmostMaximalDigit_correct	5	15016508801900672495	fail	timeout	5470	crush: solver returned `unknown` (solver exited without a verdict: cvc5 interrupted by timeout.). Try increasing `crush.timeout` or adding hypotheses.	∀ (pos len : ℕ),   len > 0 →     pos + len ≤ i + 1 →       (∀ j < len, isDigit input[pos + j]! = true) →         pos = 0 ∨ ¬isDigit input[pos - 1]! = true →           pos + len = i + 1 ∨ pos + len < i + 1 ∧ ¬isDigit input[pos + len]! = true → len ≤ bestLen
velvet	crush-verify	e90d79341bb8ef510ec868623e74cfe98feaa4e8	e90d79341bb8ef510ec868623e74cfe98feaa4e8	leanprover/lean4:v4.32.2	1	Velvet/Examples/SmallHeartBeats.lean	LeftmostMaximalDigit_correct	6	3737123472131748703	fail	timeout	5511	crush: solver returned `unknown` (solver exited without a verdict: cvc5 interrupted by timeout.). Try increasing `crush.timeout` or adding hypotheses.	∀ (pos len : ℕ),   len > 0 →     pos + len ≤ i →       (∀ j < len, isDigit input[pos + j]! = true) →         pos = 0 ∨ ¬isDigit input[pos - 1]! = true →           pos + len = i ∨ pos + len < i ∧ ¬isDigit input[pos + len]! = true → len ≤ bestLen
velvet	crush-verify	e90d79341bb8ef510ec868623e74cfe98feaa4e8	e90d79341bb8ef510ec868623e74cfe98feaa4e8	leanprover/lean4:v4.32.2	1	Velvet/Examples/SmallHeartBeats.lean	LeftmostMaximalDigit_correct	7	7513237505621560861	pass	-	8	-	¬i < input.size
velvet	crush-verify	e90d79341bb8ef510ec868623e74cfe98feaa4e8	e90d79341bb8ef510ec868623e74cfe98feaa4e8	leanprover/lean4:v4.32.2	1	Velvet/Examples/SmallHeartBeats.lean	LeftmostMaximalDigit_correct	8	8096766621563827002	pass	-	517	-	∀ (pos len : ℕ),   len > 0 →     pos + len ≤ 0 →       (∀ j < len, isDigit input[pos + j]! = true) →         pos = 0 ∨ ¬isDigit input[pos - 1]! = true →           pos + len = 0 ∨ pos + len < 0 ∧ ¬isDigit input[pos + len]! = true → len ≤ 0
velvet	crush-verify	e90d79341bb8ef510ec868623e74cfe98feaa4e8	e90d79341bb8ef510ec868623e74cfe98feaa4e8	leanprover/lean4:v4.32.2	1	Velvet/Examples/SmallHeartBeats.lean	LeftmostMaximalDigit_correct	9	18343663110535115658	fail	timeout	5485	crush: solver returned `unknown` (solver exited without a verdict: cvc5 interrupted by timeout.). Try increasing `crush.timeout` or adding hypotheses.	(input.extract i_2 (i_2 + i_1)).size > 0 →   ∀ (pos : ℕ),     appearsAt input (input.extract i_2 (i_2 + i_1)) pos →       ∀ pos' < pos,         ¬(pos' + (input.extract i_2 (i_2 + i_1)).size ≤ input.size ∧             (∀ i < (input.extract i_2 (i_2 + i_1)).size, isDigit input[pos' + i]! = true) ∧               (pos' = 0 ∨ ¬isDigit input[pos' - 1]! = true) ∧                 (pos' + (input.extract i_2 (i_2 + i_1)).size = input.size ∨                   ¬isDigit input[pos' + (input.extract i_2 (i_2 + i_1)).size]! = true))
velvet	crush-verify	e90d79341bb8ef510ec868623e74cfe98feaa4e8	e90d79341bb8ef510ec868623e74cfe98feaa4e8	leanprover/lean4:v4.32.2	1	Velvet/Examples/SpMSpV_Example.lean	VSpV_correct	1	1967192165379400567	pass	-	4	-	(out.set! 0 (out[0]! + spv.val[ind]! * arr[spv.ind[ind]!]!)).size = 1
velvet	crush-verify	e90d79341bb8ef510ec868623e74cfe98feaa4e8	e90d79341bb8ef510ec868623e74cfe98feaa4e8	leanprover/lean4:v4.32.2	1	Velvet/Examples/SpMSpV_Example.lean	VSpV_correct	2	8738685113314976701	pass	-	552	-	ind + 1 ≤ spv.size
velvet	crush-verify	e90d79341bb8ef510ec868623e74cfe98feaa4e8	e90d79341bb8ef510ec868623e74cfe98feaa4e8	leanprover/lean4:v4.32.2	1	Velvet/Examples/SpMSpV_Example.lean	VSpV_correct	3	3203096880704497577	pass	-	599	-	(out.set! 0 (out[0]! + spv.val[ind]! * arr[spv.ind[ind]!]!))[0]! = sumUpTo spv arr (ind + 1)
velvet	crush-verify	e90d79341bb8ef510ec868623e74cfe98feaa4e8	e90d79341bb8ef510ec868623e74cfe98feaa4e8	leanprover/lean4:v4.32.2	1	Velvet/Examples/SpMSpV_Example.lean	VSpV_correct	4	13561229236986007424	pass	-	2	-	out.size = 1
velvet	crush-verify	e90d79341bb8ef510ec868623e74cfe98feaa4e8	e90d79341bb8ef510ec868623e74cfe98feaa4e8	leanprover/lean4:v4.32.2	1	Velvet/Examples/SpMSpV_Example.lean	VSpV_correct	5	4023749508134620518	pass	-	2	-	ind ≤ spv.size
velvet	crush-verify	e90d79341bb8ef510ec868623e74cfe98feaa4e8	e90d79341bb8ef510ec868623e74cfe98feaa4e8	leanprover/lean4:v4.32.2	1	Velvet/Examples/SpMSpV_Example.lean	VSpV_correct	6	6516497319029947851	pass	-	3	-	out[0]! = sumUpTo spv arr ind
velvet	crush-verify	e90d79341bb8ef510ec868623e74cfe98feaa4e8	e90d79341bb8ef510ec868623e74cfe98feaa4e8	leanprover/lean4:v4.32.2	1	Velvet/Examples/SpMSpV_Example.lean	VSpV_correct	7	6511268073169614694	pass	-	519	-	ind = spv.size
velvet	crush-verify	e90d79341bb8ef510ec868623e74cfe98feaa4e8	e90d79341bb8ef510ec868623e74cfe98feaa4e8	leanprover/lean4:v4.32.2	1	Velvet/Examples/SpMSpV_Example.lean	VSpV_correct	8	3467184461832131134	pass	-	1	-	(Array.replicate 1 0).size = 1
velvet	crush-verify	e90d79341bb8ef510ec868623e74cfe98feaa4e8	e90d79341bb8ef510ec868623e74cfe98feaa4e8	leanprover/lean4:v4.32.2	1	Velvet/Examples/SpMSpV_Example.lean	VSpV_correct	9	975338514235632457	pass	-	519	-	0 ≤ spv.size
velvet	crush-verify	e90d79341bb8ef510ec868623e74cfe98feaa4e8	e90d79341bb8ef510ec868623e74cfe98feaa4e8	leanprover/lean4:v4.32.2	1	Velvet/Examples/SpMSpV_Example.lean	VSpV_correct	10	12341185047943028706	pass	-	543	-	(Array.replicate 1 0)[0]! = sumUpTo spv arr 0
velvet	crush-verify	e90d79341bb8ef510ec868623e74cfe98feaa4e8	e90d79341bb8ef510ec868623e74cfe98feaa4e8	leanprover/lean4:v4.32.2	1	Velvet/Examples/SpMSpV_Example.lean	VSpV_correct	11	17907350532264535304	pass	-	5	-	out_1[0]! = sumUpTo spv arr spv.size
velvet	crush-verify	e90d79341bb8ef510ec868623e74cfe98feaa4e8	e90d79341bb8ef510ec868623e74cfe98feaa4e8	leanprover/lean4:v4.32.2	1	Velvet/Examples/SpMSpV_Example.lean	VSpV_correct	12	6948348975417913427	pass	-	3	-	out_1.size = 1
velvet	crush-verify	e90d79341bb8ef510ec868623e74cfe98feaa4e8	e90d79341bb8ef510ec868623e74cfe98feaa4e8	leanprover/lean4:v4.32.2	1	Velvet/Examples/SpMSpV_Example.lean	spmv_correct	13	2560064229450187973	pass	-	8	-	(arrInd.set! i (arrInd[i]! + 1)).size = spm.size
velvet	crush-verify	e90d79341bb8ef510ec868623e74cfe98feaa4e8	e90d79341bb8ef510ec868623e74cfe98feaa4e8	leanprover/lean4:v4.32.2	1	Velvet/Examples/SpMSpV_Example.lean	spmv_correct	14	11268031057524734514	pass	-	8	-	(out.set! i (out[i]! + spm[i]!.val[arrInd[i]!]! * arr[spm[i]!.ind[arrInd[i]!]!]!)).size = spm.size
velvet	crush-verify	e90d79341bb8ef510ec868623e74cfe98feaa4e8	e90d79341bb8ef510ec868623e74cfe98feaa4e8	leanprover/lean4:v4.32.2	1	Velvet/Examples/SpMSpV_Example.lean	spmv_correct	15	10035930273513517515	pass	-	641	-	∀ i_1 < (arrInd.set! i (arrInd[i]! + 1)).size, (arrInd.set! i (arrInd[i]! + 1))[i_1]! ≤ spm[i_1]!.size
velvet	crush-verify	e90d79341bb8ef510ec868623e74cfe98feaa4e8	e90d79341bb8ef510ec868623e74cfe98feaa4e8	leanprover/lean4:v4.32.2	1	Velvet/Examples/SpMSpV_Example.lean	spmv_correct	16	4828757563640441921	pass	-	807	-	∀ i_1 < (arrInd.set! i (arrInd[i]! + 1)).size,   (out.set! i (out[i]! + spm[i]!.val[arrInd[i]!]! * arr[spm[i]!.ind[arrInd[i]!]!]!))[i_1]! =     sumUpTo spm[i_1]! arr (arrInd.set! i (arrInd[i]! + 1))[i_1]!
velvet	crush-verify	e90d79341bb8ef510ec868623e74cfe98feaa4e8	e90d79341bb8ef510ec868623e74cfe98feaa4e8	leanprover/lean4:v4.32.2	1	Velvet/Examples/SpMSpV_Example.lean	spmv_correct	17	11230331504797547582	pass	-	7	-	arrInd.size = spm.size
velvet	crush-verify	e90d79341bb8ef510ec868623e74cfe98feaa4e8	e90d79341bb8ef510ec868623e74cfe98feaa4e8	leanprover/lean4:v4.32.2	1	Velvet/Examples/SpMSpV_Example.lean	spmv_correct	18	17578923063843270768	pass	-	6	-	out.size = spm.size
velvet	crush-verify	e90d79341bb8ef510ec868623e74cfe98feaa4e8	e90d79341bb8ef510ec868623e74cfe98feaa4e8	leanprover/lean4:v4.32.2	1	Velvet/Examples/SpMSpV_Example.lean	spmv_correct	19	9723121325275610683	pass	-	549	-	∀ i < arrInd.size, arrInd[i]! ≤ spm[i]!.size
velvet	crush-verify	e90d79341bb8ef510ec868623e74cfe98feaa4e8	e90d79341bb8ef510ec868623e74cfe98feaa4e8	leanprover/lean4:v4.32.2	1	Velvet/Examples/SpMSpV_Example.lean	spmv_correct	20	17138153512408342530	pass	-	580	-	∀ i < arrInd.size, out[i]! = sumUpTo spm[i]! arr arrInd[i]!
velvet	crush-verify	e90d79341bb8ef510ec868623e74cfe98feaa4e8	e90d79341bb8ef510ec868623e74cfe98feaa4e8	leanprover/lean4:v4.32.2	1	Velvet/Examples/SpMSpV_Example.lean	spmv_correct	21	1779879977175361606	pass	-	562	-	∀ i < arrInd.size, arrInd[i]! = spm[i]!.size
velvet	crush-verify	e90d79341bb8ef510ec868623e74cfe98feaa4e8	e90d79341bb8ef510ec868623e74cfe98feaa4e8	leanprover/lean4:v4.32.2	1	Velvet/Examples/SpMSpV_Example.lean	spmv_correct	22	1927473323286999035	pass	-	1	-	(Array.replicate spm.size 0).size = spm.size
velvet	crush-verify	e90d79341bb8ef510ec868623e74cfe98feaa4e8	e90d79341bb8ef510ec868623e74cfe98feaa4e8	leanprover/lean4:v4.32.2	1	Velvet/Examples/SpMSpV_Example.lean	spmv_correct	23	1927473323286999035	pass	-	1	-	(Array.replicate spm.size 0).size = spm.size
velvet	crush-verify	e90d79341bb8ef510ec868623e74cfe98feaa4e8	e90d79341bb8ef510ec868623e74cfe98feaa4e8	leanprover/lean4:v4.32.2	1	Velvet/Examples/SpMSpV_Example.lean	spmv_correct	24	3184815126966959579	pass	-	531	-	∀ i < (Array.replicate spm.size 0).size, (Array.replicate spm.size 0)[i]! ≤ spm[i]!.size
velvet	crush-verify	e90d79341bb8ef510ec868623e74cfe98feaa4e8	e90d79341bb8ef510ec868623e74cfe98feaa4e8	leanprover/lean4:v4.32.2	1	Velvet/Examples/SpMSpV_Example.lean	spmv_correct	25	1119395027554635835	pass	-	581	-	∀ i < (Array.replicate spm.size 0).size,   (Array.replicate spm.size 0)[i]! = sumUpTo spm[i]! arr (Array.replicate spm.size 0)[i]!
velvet	crush-verify	e90d79341bb8ef510ec868623e74cfe98feaa4e8	e90d79341bb8ef510ec868623e74cfe98feaa4e8	leanprover/lean4:v4.32.2	1	Velvet/Examples/SpMSpV_Example.lean	spmv_correct	26	2867453267844152322	pass	-	645	-	∀ i < spm.size, out_1[i]! = sumUpTo spm[i]! arr spm[i]!.size
velvet	crush-verify	e90d79341bb8ef510ec868623e74cfe98feaa4e8	e90d79341bb8ef510ec868623e74cfe98feaa4e8	leanprover/lean4:v4.32.2	1	Velvet/Examples/SpMSpV_Example.lean	spmv_correct	27	16615537408723427288	pass	-	9	-	spm.size = out_1.size
velvet	crush-verify	e90d79341bb8ef510ec868623e74cfe98feaa4e8	e90d79341bb8ef510ec868623e74cfe98feaa4e8	leanprover/lean4:v4.32.2	1	Velvet/Examples/SpMSpV_Example.lean	SpVSpV_correct	28	7752079179715214779	pass	-	4	-	(out.set! 0 (out[0]! + spv1.val[pnt1]! * spv2.val[pnt2]!)).size = 1
velvet	crush-verify	e90d79341bb8ef510ec868623e74cfe98feaa4e8	e90d79341bb8ef510ec868623e74cfe98feaa4e8	leanprover/lean4:v4.32.2	1	Velvet/Examples/SpMSpV_Example.lean	SpVSpV_correct	29	12365816836206760017	pass	-	659	-	pnt1 + 1 ≤ spv1.size ∧ pnt2 + 1 ≤ spv2.size
velvet	crush-verify	e90d79341bb8ef510ec868623e74cfe98feaa4e8	e90d79341bb8ef510ec868623e74cfe98feaa4e8	leanprover/lean4:v4.32.2	1	Velvet/Examples/SpMSpV_Example.lean	SpVSpV_correct	30	14837198768818932204	pass	-	808	-	(out.set! 0 (out[0]! + spv1.val[pnt1]! * spv2.val[pnt2]!))[0]! + spv_dot spv1 spv2 (pnt1 + 1) (pnt2 + 1) =   spv_dot spv1 spv2 0 0
velvet	crush-verify	e90d79341bb8ef510ec868623e74cfe98feaa4e8	e90d79341bb8ef510ec868623e74cfe98feaa4e8	leanprover/lean4:v4.32.2	1	Velvet/Examples/SpMSpV_Example.lean	SpVSpV_correct	31	13561229236986007424	pass	-	5	-	out.size = 1
velvet	crush-verify	e90d79341bb8ef510ec868623e74cfe98feaa4e8	e90d79341bb8ef510ec868623e74cfe98feaa4e8	leanprover/lean4:v4.32.2	1	Velvet/Examples/SpMSpV_Example.lean	SpVSpV_correct	32	15323100967004739210	pass	-	633	-	pnt1 + 1 ≤ spv1.size ∧ pnt2 ≤ spv2.size
velvet	crush-verify	e90d79341bb8ef510ec868623e74cfe98feaa4e8	e90d79341bb8ef510ec868623e74cfe98feaa4e8	leanprover/lean4:v4.32.2	1	Velvet/Examples/SpMSpV_Example.lean	SpVSpV_correct	33	10656169208955874266	pass	-	695	-	out[0]! + spv_dot spv1 spv2 (pnt1 + 1) pnt2 = spv_dot spv1 spv2 0 0
velvet	crush-verify	e90d79341bb8ef510ec868623e74cfe98feaa4e8	e90d79341bb8ef510ec868623e74cfe98feaa4e8	leanprover/lean4:v4.32.2	1	Velvet/Examples/SpMSpV_Example.lean	SpVSpV_correct	34	13561229236986007424	pass	-	6	-	out.size = 1
velvet	crush-verify	e90d79341bb8ef510ec868623e74cfe98feaa4e8	e90d79341bb8ef510ec868623e74cfe98feaa4e8	leanprover/lean4:v4.32.2	1	Velvet/Examples/SpMSpV_Example.lean	SpVSpV_correct	35	9762937465648280212	pass	-	647	-	pnt1 ≤ spv1.size ∧ pnt2 + 1 ≤ spv2.size
velvet	crush-verify	e90d79341bb8ef510ec868623e74cfe98feaa4e8	e90d79341bb8ef510ec868623e74cfe98feaa4e8	leanprover/lean4:v4.32.2	1	Velvet/Examples/SpMSpV_Example.lean	SpVSpV_correct	36	2195194365498566470	pass	-	713	-	out[0]! + spv_dot spv1 spv2 pnt1 (pnt2 + 1) = spv_dot spv1 spv2 0 0
velvet	crush-verify	e90d79341bb8ef510ec868623e74cfe98feaa4e8	e90d79341bb8ef510ec868623e74cfe98feaa4e8	leanprover/lean4:v4.32.2	1	Velvet/Examples/SpMSpV_Example.lean	SpVSpV_correct	37	13561229236986007424	pass	-	3	-	out.size = 1
velvet	crush-verify	e90d79341bb8ef510ec868623e74cfe98feaa4e8	e90d79341bb8ef510ec868623e74cfe98feaa4e8	leanprover/lean4:v4.32.2	1	Velvet/Examples/SpMSpV_Example.lean	SpVSpV_correct	38	11853401597336712609	pass	-	638	-	pnt1 ≤ spv1.size ∧ pnt2 ≤ spv2.size
velvet	crush-verify	e90d79341bb8ef510ec868623e74cfe98feaa4e8	e90d79341bb8ef510ec868623e74cfe98feaa4e8	leanprover/lean4:v4.32.2	1	Velvet/Examples/SpMSpV_Example.lean	SpVSpV_correct	39	8906564304959696025	pass	-	4	-	out[0]! + spv_dot spv1 spv2 pnt1 pnt2 = spv_dot spv1 spv2 0 0
velvet	crush-verify	e90d79341bb8ef510ec868623e74cfe98feaa4e8	e90d79341bb8ef510ec868623e74cfe98feaa4e8	leanprover/lean4:v4.32.2	1	Velvet/Examples/SpMSpV_Example.lean	SpVSpV_correct	40	2836632441074815746	pass	-	645	-	pnt1 = spv1.size ∨ pnt2 = spv2.size
velvet	crush-verify	e90d79341bb8ef510ec868623e74cfe98feaa4e8	e90d79341bb8ef510ec868623e74cfe98feaa4e8	leanprover/lean4:v4.32.2	1	Velvet/Examples/SpMSpV_Example.lean	SpVSpV_correct	41	3467184461832131134	pass	-	1	-	(Array.replicate 1 0).size = 1
velvet	crush-verify	e90d79341bb8ef510ec868623e74cfe98feaa4e8	e90d79341bb8ef510ec868623e74cfe98feaa4e8	leanprover/lean4:v4.32.2	1	Velvet/Examples/SpMSpV_Example.lean	SpVSpV_correct	42	9157999431728333977	pass	-	549	-	0 ≤ spv1.size ∧ 0 ≤ spv2.size
velvet	crush-verify	e90d79341bb8ef510ec868623e74cfe98feaa4e8	e90d79341bb8ef510ec868623e74cfe98feaa4e8	leanprover/lean4:v4.32.2	1	Velvet/Examples/SpMSpV_Example.lean	SpVSpV_correct	43	12484676100150332319	pass	-	649	-	(Array.replicate 1 0)[0]! + spv_dot spv1 spv2 0 0 = spv_dot spv1 spv2 0 0
velvet	crush-verify	e90d79341bb8ef510ec868623e74cfe98feaa4e8	e90d79341bb8ef510ec868623e74cfe98feaa4e8	leanprover/lean4:v4.32.2	1	Velvet/Examples/SpMSpV_Example.lean	SpVSpV_correct	44	6547543738413559297	pass	-	653	-	i[0]! = spv_dot spv1 spv2 0 0
velvet	crush-verify	e90d79341bb8ef510ec868623e74cfe98feaa4e8	e90d79341bb8ef510ec868623e74cfe98feaa4e8	leanprover/lean4:v4.32.2	1	Velvet/Examples/SpMSpV_Example.lean	SpVSpV_correct	45	4428589781148415831	pass	-	5	-	i.size = 1
velvet	crush-verify	e90d79341bb8ef510ec868623e74cfe98feaa4e8	e90d79341bb8ef510ec868623e74cfe98feaa4e8	leanprover/lean4:v4.32.2	1	Velvet/Examples/SpMSpV_Example.lean	SpMSpV_correct	46	10600388612998636634	pass	-	11	-	(spvInd.set! i (spvInd[i]! + 1)).size = spm.size
velvet	crush-verify	e90d79341bb8ef510ec868623e74cfe98feaa4e8	e90d79341bb8ef510ec868623e74cfe98feaa4e8	leanprover/lean4:v4.32.2	1	Velvet/Examples/SpMSpV_Example.lean	SpMSpV_correct	47	12568830336983413194	pass	-	10	-	(spmInd.set! i (spmInd[i]! + 1)).size = spm.size
velvet	crush-verify	e90d79341bb8ef510ec868623e74cfe98feaa4e8	e90d79341bb8ef510ec868623e74cfe98feaa4e8	leanprover/lean4:v4.32.2	1	Velvet/Examples/SpMSpV_Example.lean	SpMSpV_correct	48	326977185203169709	pass	-	11	-	(out.set! i (out[i]! + spm[i]!.val[spmInd[i]!]! * spv.val[spvInd[i]!]!)).size = spm.size
velvet	crush-verify	e90d79341bb8ef510ec868623e74cfe98feaa4e8	e90d79341bb8ef510ec868623e74cfe98feaa4e8	leanprover/lean4:v4.32.2	1	Velvet/Examples/SpMSpV_Example.lean	SpMSpV_correct	49	16599719904663808863	pass	-	743	-	∀ i_1 < (spmInd.set! i (spmInd[i]! + 1)).size, (spmInd.set! i (spmInd[i]! + 1))[i_1]! ≤ spm[i_1]!.size
velvet	crush-verify	e90d79341bb8ef510ec868623e74cfe98feaa4e8	e90d79341bb8ef510ec868623e74cfe98feaa4e8	leanprover/lean4:v4.32.2	1	Velvet/Examples/SpMSpV_Example.lean	SpMSpV_correct	50	9413868035314052637	pass	-	734	-	∀ i_1 < (spvInd.set! i (spvInd[i]! + 1)).size, (spvInd.set! i (spvInd[i]! + 1))[i_1]! ≤ spv.size
velvet	crush-verify	e90d79341bb8ef510ec868623e74cfe98feaa4e8	e90d79341bb8ef510ec868623e74cfe98feaa4e8	leanprover/lean4:v4.32.2	1	Velvet/Examples/SpMSpV_Example.lean	SpMSpV_correct	51	11331147013392176036	pass	-	1156	-	∀ i_1 < spm.size,   (out.set! i (out[i]! + spm[i]!.val[spmInd[i]!]! * spv.val[spvInd[i]!]!))[i_1]! +       spv_dot spm[i_1]! spv (spmInd.set! i (spmInd[i]! + 1))[i_1]! (spvInd.set! i (spvInd[i]! + 1))[i_1]! =     spv_dot spm[i_1]! spv 0 0
velvet	crush-verify	e90d79341bb8ef510ec868623e74cfe98feaa4e8	e90d79341bb8ef510ec868623e74cfe98feaa4e8	leanprover/lean4:v4.32.2	1	Velvet/Examples/SpMSpV_Example.lean	SpMSpV_correct	52	3439126561156933339	pass	-	12	-	spvInd.size = spm.size
velvet	crush-verify	e90d79341bb8ef510ec868623e74cfe98feaa4e8	e90d79341bb8ef510ec868623e74cfe98feaa4e8	leanprover/lean4:v4.32.2	1	Velvet/Examples/SpMSpV_Example.lean	SpMSpV_correct	53	12568830336983413194	pass	-	12	-	(spmInd.set! i (spmInd[i]! + 1)).size = spm.size
velvet	crush-verify	e90d79341bb8ef510ec868623e74cfe98feaa4e8	e90d79341bb8ef510ec868623e74cfe98feaa4e8	leanprover/lean4:v4.32.2	1	Velvet/Examples/SpMSpV_Example.lean	SpMSpV_correct	54	17578923063843270768	pass	-	12	-	out.size = spm.size
velvet	crush-verify	e90d79341bb8ef510ec868623e74cfe98feaa4e8	e90d79341bb8ef510ec868623e74cfe98feaa4e8	leanprover/lean4:v4.32.2	1	Velvet/Examples/SpMSpV_Example.lean	SpMSpV_correct	55	16599719904663808863	pass	-	746	-	∀ i_1 < (spmInd.set! i (spmInd[i]! + 1)).size, (spmInd.set! i (spmInd[i]! + 1))[i_1]! ≤ spm[i_1]!.size
velvet	crush-verify	e90d79341bb8ef510ec868623e74cfe98feaa4e8	e90d79341bb8ef510ec868623e74cfe98feaa4e8	leanprover/lean4:v4.32.2	1	Velvet/Examples/SpMSpV_Example.lean	SpMSpV_correct	56	14915918579342464454	pass	-	666	-	∀ i < spvInd.size, spvInd[i]! ≤ spv.size
velvet	crush-verify	e90d79341bb8ef510ec868623e74cfe98feaa4e8	e90d79341bb8ef510ec868623e74cfe98feaa4e8	leanprover/lean4:v4.32.2	1	Velvet/Examples/SpMSpV_Example.lean	SpMSpV_correct	57	9290686424640906065	pass	-	1252	-	∀ i_1 < spm.size,   out[i_1]! + spv_dot spm[i_1]! spv (spmInd.set! i (spmInd[i]! + 1))[i_1]! spvInd[i_1]! = spv_dot spm[i_1]! spv 0 0
velvet	crush-verify	e90d79341bb8ef510ec868623e74cfe98feaa4e8	e90d79341bb8ef510ec868623e74cfe98feaa4e8	leanprover/lean4:v4.32.2	1	Velvet/Examples/SpMSpV_Example.lean	SpMSpV_correct	58	10600388612998636634	pass	-	12	-	(spvInd.set! i (spvInd[i]! + 1)).size = spm.size
velvet	crush-verify	e90d79341bb8ef510ec868623e74cfe98feaa4e8	e90d79341bb8ef510ec868623e74cfe98feaa4e8	leanprover/lean4:v4.32.2	1	Velvet/Examples/SpMSpV_Example.lean	SpMSpV_correct	59	4457183463164791376	pass	-	12	-	spmInd.size = spm.size
velvet	crush-verify	e90d79341bb8ef510ec868623e74cfe98feaa4e8	e90d79341bb8ef510ec868623e74cfe98feaa4e8	leanprover/lean4:v4.32.2	1	Velvet/Examples/SpMSpV_Example.lean	SpMSpV_correct	60	17578923063843270768	pass	-	12	-	out.size = spm.size
velvet	crush-verify	e90d79341bb8ef510ec868623e74cfe98feaa4e8	e90d79341bb8ef510ec868623e74cfe98feaa4e8	leanprover/lean4:v4.32.2	1	Velvet/Examples/SpMSpV_Example.lean	SpMSpV_correct	61	4823872097887552574	pass	-	657	-	∀ i < spmInd.size, spmInd[i]! ≤ spm[i]!.size
velvet	crush-verify	e90d79341bb8ef510ec868623e74cfe98feaa4e8	e90d79341bb8ef510ec868623e74cfe98feaa4e8	leanprover/lean4:v4.32.2	1	Velvet/Examples/SpMSpV_Example.lean	SpMSpV_correct	62	9413868035314052637	pass	-	744	-	∀ i_1 < (spvInd.set! i (spvInd[i]! + 1)).size, (spvInd.set! i (spvInd[i]! + 1))[i_1]! ≤ spv.size
velvet	crush-verify	e90d79341bb8ef510ec868623e74cfe98feaa4e8	e90d79341bb8ef510ec868623e74cfe98feaa4e8	leanprover/lean4:v4.32.2	1	Velvet/Examples/SpMSpV_Example.lean	SpMSpV_correct	63	4033875047981720732	pass	-	1435	-	∀ i_1 < spm.size,   out[i_1]! + spv_dot spm[i_1]! spv spmInd[i_1]! (spvInd.set! i (spvInd[i]! + 1))[i_1]! = spv_dot spm[i_1]! spv 0 0
velvet	crush-verify	e90d79341bb8ef510ec868623e74cfe98feaa4e8	e90d79341bb8ef510ec868623e74cfe98feaa4e8	leanprover/lean4:v4.32.2	1	Velvet/Examples/SpMSpV_Example.lean	SpMSpV_correct	64	3439126561156933339	pass	-	8	-	spvInd.size = spm.size
velvet	crush-verify	e90d79341bb8ef510ec868623e74cfe98feaa4e8	e90d79341bb8ef510ec868623e74cfe98feaa4e8	leanprover/lean4:v4.32.2	1	Velvet/Examples/SpMSpV_Example.lean	SpMSpV_correct	65	4457183463164791376	pass	-	7	-	spmInd.size = spm.size
velvet	crush-verify	e90d79341bb8ef510ec868623e74cfe98feaa4e8	e90d79341bb8ef510ec868623e74cfe98feaa4e8	leanprover/lean4:v4.32.2	1	Velvet/Examples/SpMSpV_Example.lean	SpMSpV_correct	66	17578923063843270768	pass	-	8	-	out.size = spm.size
velvet	crush-verify	e90d79341bb8ef510ec868623e74cfe98feaa4e8	e90d79341bb8ef510ec868623e74cfe98feaa4e8	leanprover/lean4:v4.32.2	1	Velvet/Examples/SpMSpV_Example.lean	SpMSpV_correct	67	4823872097887552574	pass	-	637	-	∀ i < spmInd.size, spmInd[i]! ≤ spm[i]!.size
velvet	crush-verify	e90d79341bb8ef510ec868623e74cfe98feaa4e8	e90d79341bb8ef510ec868623e74cfe98feaa4e8	leanprover/lean4:v4.32.2	1	Velvet/Examples/SpMSpV_Example.lean	SpMSpV_correct	68	14915918579342464454	pass	-	630	-	∀ i < spvInd.size, spvInd[i]! ≤ spv.size
velvet	crush-verify	e90d79341bb8ef510ec868623e74cfe98feaa4e8	e90d79341bb8ef510ec868623e74cfe98feaa4e8	leanprover/lean4:v4.32.2	1	Velvet/Examples/SpMSpV_Example.lean	SpMSpV_correct	69	10972595422634862877	pass	-	784	-	∀ i < spm.size, out[i]! + spv_dot spm[i]! spv spmInd[i]! spvInd[i]! = spv_dot spm[i]! spv 0 0
velvet	crush-verify	e90d79341bb8ef510ec868623e74cfe98feaa4e8	e90d79341bb8ef510ec868623e74cfe98feaa4e8	leanprover/lean4:v4.32.2	1	Velvet/Examples/SpMSpV_Example.lean	SpMSpV_correct	70	8550776788309984180	pass	-	692	-	∀ i < spm.size, spmInd[i]! = spm[i]!.size ∨ spvInd[i]! = spv.size
velvet	crush-verify	e90d79341bb8ef510ec868623e74cfe98feaa4e8	e90d79341bb8ef510ec868623e74cfe98feaa4e8	leanprover/lean4:v4.32.2	1	Velvet/Examples/SpMSpV_Example.lean	SpMSpV_correct	71	1927473323286999035	pass	-	1	-	(Array.replicate spm.size 0).size = spm.size
velvet	crush-verify	e90d79341bb8ef510ec868623e74cfe98feaa4e8	e90d79341bb8ef510ec868623e74cfe98feaa4e8	leanprover/lean4:v4.32.2	1	Velvet/Examples/SpMSpV_Example.lean	SpMSpV_correct	72	1927473323286999035	pass	-	1	-	(Array.replicate spm.size 0).size = spm.size
velvet	crush-verify	e90d79341bb8ef510ec868623e74cfe98feaa4e8	e90d79341bb8ef510ec868623e74cfe98feaa4e8	leanprover/lean4:v4.32.2	1	Velvet/Examples/SpMSpV_Example.lean	SpMSpV_correct	73	1927473323286999035	pass	-	0	-	(Array.replicate spm.size 0).size = spm.size
velvet	crush-verify	e90d79341bb8ef510ec868623e74cfe98feaa4e8	e90d79341bb8ef510ec868623e74cfe98feaa4e8	leanprover/lean4:v4.32.2	1	Velvet/Examples/SpMSpV_Example.lean	SpMSpV_correct	74	3184815126966959579	pass	-	576	-	∀ i < (Array.replicate spm.size 0).size, (Array.replicate spm.size 0)[i]! ≤ spm[i]!.size
velvet	crush-verify	e90d79341bb8ef510ec868623e74cfe98feaa4e8	e90d79341bb8ef510ec868623e74cfe98feaa4e8	leanprover/lean4:v4.32.2	1	Velvet/Examples/SpMSpV_Example.lean	SpMSpV_correct	75	5592904318722155373	pass	-	569	-	∀ i < (Array.replicate spm.size 0).size, (Array.replicate spm.size 0)[i]! ≤ spv.size
velvet	crush-verify	e90d79341bb8ef510ec868623e74cfe98feaa4e8	e90d79341bb8ef510ec868623e74cfe98feaa4e8	leanprover/lean4:v4.32.2	1	Velvet/Examples/SpMSpV_Example.lean	SpMSpV_correct	76	9139246173028146264	pass	-	773	-	∀ i < spm.size,   (Array.replicate spm.size 0)[i]! +       spv_dot spm[i]! spv (Array.replicate spm.size 0)[i]! (Array.replicate spm.size 0)[i]! =     spv_dot spm[i]! spv 0 0
velvet	crush-verify	e90d79341bb8ef510ec868623e74cfe98feaa4e8	e90d79341bb8ef510ec868623e74cfe98feaa4e8	leanprover/lean4:v4.32.2	1	Velvet/Examples/SpMSpV_Example.lean	SpMSpV_correct	77	1600226093076966364	pass	-	889	-	∀ i_3 < spm.size, i[i_3]! = spv_dot spm[i_3]! spv 0 0
velvet	crush-verify	e90d79341bb8ef510ec868623e74cfe98feaa4e8	e90d79341bb8ef510ec868623e74cfe98feaa4e8	leanprover/lean4:v4.32.2	1	Velvet/Examples/SpMSpV_Example.lean	SpMSpV_correct	78	16615823506960250981	pass	-	12	-	i.size = spm.size
velvet	crush-verify	e90d79341bb8ef510ec868623e74cfe98feaa4e8	e90d79341bb8ef510ec868623e74cfe98feaa4e8	leanprover/lean4:v4.32.2	1	Velvet/Examples/SubstringSearch.lean	SubstringSearch_correct	1	18217664312208415458	pass	-	539	-	¬false = true → ∀ i < s.size, ¬p s[i]! = true
velvet	crush-verify	e90d79341bb8ef510ec868623e74cfe98feaa4e8	e90d79341bb8ef510ec868623e74cfe98feaa4e8	leanprover/lean4:v4.32.2	1	Velvet/Examples/SubstringSearch.lean	SubstringSearch_correct	2	14717207787831772510	pass	-	493	-	false = true → ∀ (l₁ r₁ : ℕ), CorrectSubstring s p l₁ r₁ → r₁ - l₁ + 1 = 0 - 0 + 1 ∧ 0 ≤ r₁ ∨ r₁ - l₁ + 1 < 0 - 0 + 1
velvet	crush-verify	e90d79341bb8ef510ec868623e74cfe98feaa4e8	e90d79341bb8ef510ec868623e74cfe98feaa4e8	leanprover/lean4:v4.32.2	1	Velvet/Examples/SubstringSearch.lean	SubstringSearch_correct	3	10323933724704776680	pass	-	522	-	false = true → CorrectSubstring s p 0 0
velvet	crush-verify	e90d79341bb8ef510ec868623e74cfe98feaa4e8	e90d79341bb8ef510ec868623e74cfe98feaa4e8	leanprover/lean4:v4.32.2	1	Velvet/Examples/SubstringSearch.lean	SubstringSearch_correct	4	8391554914672281118	pass	-	4	-	0 < s.size → 0 < s.size
velvet	crush-verify	e90d79341bb8ef510ec868623e74cfe98feaa4e8	e90d79341bb8ef510ec868623e74cfe98feaa4e8	leanprover/lean4:v4.32.2	1	Velvet/Examples/SubstringSearch.lean	SubstringSearch_correct	5	6640297411548399355	pass	-	505	-	0 ≤ 0
velvet	crush-verify	e90d79341bb8ef510ec868623e74cfe98feaa4e8	e90d79341bb8ef510ec868623e74cfe98feaa4e8	leanprover/lean4:v4.32.2	1	Velvet/Examples/SubstringSearch.lean	SubstringSearch_correct	6	4492008039209323302	pass	-	544	-	0 ≤ cnt + 1
velvet	crush-verify	e90d79341bb8ef510ec868623e74cfe98feaa4e8	e90d79341bb8ef510ec868623e74cfe98feaa4e8	leanprover/lean4:v4.32.2	1	Velvet/Examples/SubstringSearch.lean	SubstringSearch_correct	7	16506446102682745284	pass	-	533	-	cnt + 1 ≤ pnt + 1
velvet	crush-verify	e90d79341bb8ef510ec868623e74cfe98feaa4e8	e90d79341bb8ef510ec868623e74cfe98feaa4e8	leanprover/lean4:v4.32.2	1	Velvet/Examples/SubstringSearch.lean	SubstringSearch_correct	8	4056255141881592010	pass	-	34	-	pnt + 1 ≤ s.size
velvet	crush-verify	e90d79341bb8ef510ec868623e74cfe98feaa4e8	e90d79341bb8ef510ec868623e74cfe98feaa4e8	leanprover/lean4:v4.32.2	1	Velvet/Examples/SubstringSearch.lean	SubstringSearch_correct	9	10653939026877543916	pass	-	537	-	pnt + 1 - (cnt + 1) ≤ pnt
velvet	crush-verify	e90d79341bb8ef510ec868623e74cfe98feaa4e8	e90d79341bb8ef510ec868623e74cfe98feaa4e8	leanprover/lean4:v4.32.2	1	Velvet/Examples/SubstringSearch.lean	SubstringSearch_correct	10	11759649870705798849	pass	-	20	-	pnt < s.size
velvet	crush-verify	e90d79341bb8ef510ec868623e74cfe98feaa4e8	e90d79341bb8ef510ec868623e74cfe98feaa4e8	leanprover/lean4:v4.32.2	1	Velvet/Examples/SubstringSearch.lean	SubstringSearch_correct	11	18143633401136980304	pass	-	532	-	cnt + 1 ≤ cnt + 1
velvet	crush-verify	e90d79341bb8ef510ec868623e74cfe98feaa4e8	e90d79341bb8ef510ec868623e74cfe98feaa4e8	leanprover/lean4:v4.32.2	1	Velvet/Examples/SubstringSearch.lean	SubstringSearch_correct	12	16856248441874989194	pass	-	533	-	pnt ≤ pnt + 1
velvet	crush-verify	e90d79341bb8ef510ec868623e74cfe98feaa4e8	e90d79341bb8ef510ec868623e74cfe98feaa4e8	leanprover/lean4:v4.32.2	1	Velvet/Examples/SubstringSearch.lean	SubstringSearch_correct	13	1598574868652780333	pass	-	587	-	∀ (j : ℕ), pnt + 1 - (cnt + 1) ≤ j → j < pnt + 1 → p s[j]! = true
velvet	crush-verify	e90d79341bb8ef510ec868623e74cfe98feaa4e8	e90d79341bb8ef510ec868623e74cfe98feaa4e8	leanprover/lean4:v4.32.2	1	Velvet/Examples/SubstringSearch.lean	SubstringSearch_correct	14	6083540873046640352	pass	-	576	-	cnt + 1 > 0 → cnt + 1 = pnt - (pnt + 1 - (cnt + 1)) + 1 ∧ CorrectSubstring s p (pnt + 1 - (cnt + 1)) pnt
velvet	crush-verify	e90d79341bb8ef510ec868623e74cfe98feaa4e8	e90d79341bb8ef510ec868623e74cfe98feaa4e8	leanprover/lean4:v4.32.2	1	Velvet/Examples/SubstringSearch.lean	SubstringSearch_correct	15	18314524564682266162	pass	-	550	-	cnt + 1 = 0 → ∀ i < pnt + 1, ¬p s[i]! = true
velvet	crush-verify	e90d79341bb8ef510ec868623e74cfe98feaa4e8	e90d79341bb8ef510ec868623e74cfe98feaa4e8	leanprover/lean4:v4.32.2	1	Velvet/Examples/SubstringSearch.lean	SubstringSearch_correct	16	14859665284842375974	pass	-	546	-	cnt + 1 < pnt + 1 → ¬p s[pnt + 1 - (cnt + 1) - 1]! = true
velvet	crush-verify	e90d79341bb8ef510ec868623e74cfe98feaa4e8	e90d79341bb8ef510ec868623e74cfe98feaa4e8	leanprover/lean4:v4.32.2	1	Velvet/Examples/SubstringSearch.lean	SubstringSearch_correct	17	16859604855349517182	fail	timeout	5577	crush: solver returned `unknown` (solver exited without a verdict: cvc5 interrupted by timeout.). Try increasing `crush.timeout` or adding hypotheses.	∀ (l₁ r₁ : ℕ), CorrectSubstring s p l₁ r₁ → r₁ < pnt + 1 → r₁ - l₁ + 1 = cnt + 1 ∧ pnt ≤ r₁ ∨ r₁ - l₁ + 1 < cnt + 1
velvet	crush-verify	e90d79341bb8ef510ec868623e74cfe98feaa4e8	e90d79341bb8ef510ec868623e74cfe98feaa4e8	leanprover/lean4:v4.32.2	1	Velvet/Examples/SubstringSearch.lean	SubstringSearch_correct	18	12762377925475098934	pass	-	547	-	s.size - (pnt + 1) < s.size - pnt
velvet	crush-verify	e90d79341bb8ef510ec868623e74cfe98feaa4e8	e90d79341bb8ef510ec868623e74cfe98feaa4e8	leanprover/lean4:v4.32.2	1	Velvet/Examples/SubstringSearch.lean	SubstringSearch_correct	19	4492008039209323302	pass	-	542	-	0 ≤ cnt + 1
velvet	crush-verify	e90d79341bb8ef510ec868623e74cfe98feaa4e8	e90d79341bb8ef510ec868623e74cfe98feaa4e8	leanprover/lean4:v4.32.2	1	Velvet/Examples/SubstringSearch.lean	SubstringSearch_correct	20	16506446102682745284	pass	-	527	-	cnt + 1 ≤ pnt + 1
velvet	crush-verify	e90d79341bb8ef510ec868623e74cfe98feaa4e8	e90d79341bb8ef510ec868623e74cfe98feaa4e8	leanprover/lean4:v4.32.2	1	Velvet/Examples/SubstringSearch.lean	SubstringSearch_correct	21	4056255141881592010	pass	-	33	-	pnt + 1 ≤ s.size
velvet	crush-verify	e90d79341bb8ef510ec868623e74cfe98feaa4e8	e90d79341bb8ef510ec868623e74cfe98feaa4e8	leanprover/lean4:v4.32.2	1	Velvet/Examples/SubstringSearch.lean	SubstringSearch_correct	22	18313498382677451279	pass	-	19	-	l_ans ≤ r_ans
velvet	crush-verify	e90d79341bb8ef510ec868623e74cfe98feaa4e8	e90d79341bb8ef510ec868623e74cfe98feaa4e8	leanprover/lean4:v4.32.2	1	Velvet/Examples/SubstringSearch.lean	SubstringSearch_correct	23	5902668824617064985	pass	-	21	-	r_ans < s.size
velvet	crush-verify	e90d79341bb8ef510ec868623e74cfe98feaa4e8	e90d79341bb8ef510ec868623e74cfe98feaa4e8	leanprover/lean4:v4.32.2	1	Velvet/Examples/SubstringSearch.lean	SubstringSearch_correct	24	18214680451177329292	pass	-	540	-	cnt + 1 ≤ ans
velvet	crush-verify	e90d79341bb8ef510ec868623e74cfe98feaa4e8	e90d79341bb8ef510ec868623e74cfe98feaa4e8	leanprover/lean4:v4.32.2	1	Velvet/Examples/SubstringSearch.lean	SubstringSearch_correct	25	4587180649363296126	pass	-	532	-	r_ans ≤ pnt + 1
velvet	crush-verify	e90d79341bb8ef510ec868623e74cfe98feaa4e8	e90d79341bb8ef510ec868623e74cfe98feaa4e8	leanprover/lean4:v4.32.2	1	Velvet/Examples/SubstringSearch.lean	SubstringSearch_correct	26	1598574868652780333	pass	-	544	-	∀ (j : ℕ), pnt + 1 - (cnt + 1) ≤ j → j < pnt + 1 → p s[j]! = true
velvet	crush-verify	e90d79341bb8ef510ec868623e74cfe98feaa4e8	e90d79341bb8ef510ec868623e74cfe98feaa4e8	leanprover/lean4:v4.32.2	1	Velvet/Examples/SubstringSearch.lean	SubstringSearch_correct	27	7138545743425854663	pass	-	581	-	ans > 0 → ans = r_ans - l_ans + 1 ∧ CorrectSubstring s p l_ans r_ans
velvet	crush-verify	e90d79341bb8ef510ec868623e74cfe98feaa4e8	e90d79341bb8ef510ec868623e74cfe98feaa4e8	leanprover/lean4:v4.32.2	1	Velvet/Examples/SubstringSearch.lean	SubstringSearch_correct	28	4681422515724674825	pass	-	546	-	ans = 0 → ∀ i < pnt + 1, ¬p s[i]! = true
velvet	crush-verify	e90d79341bb8ef510ec868623e74cfe98feaa4e8	e90d79341bb8ef510ec868623e74cfe98feaa4e8	leanprover/lean4:v4.32.2	1	Velvet/Examples/SubstringSearch.lean	SubstringSearch_correct	29	14859665284842375974	pass	-	548	-	cnt + 1 < pnt + 1 → ¬p s[pnt + 1 - (cnt + 1) - 1]! = true
velvet	crush-verify	e90d79341bb8ef510ec868623e74cfe98feaa4e8	e90d79341bb8ef510ec868623e74cfe98feaa4e8	leanprover/lean4:v4.32.2	1	Velvet/Examples/SubstringSearch.lean	SubstringSearch_correct	30	15621397202025328223	fail	timeout	5565	crush: solver returned `unknown` (solver exited without a verdict: cvc5 interrupted by timeout.). Try increasing `crush.timeout` or adding hypotheses.	∀ (l₁ r₁ : ℕ), CorrectSubstring s p l₁ r₁ → r₁ < pnt + 1 → r₁ - l₁ + 1 = ans ∧ r_ans ≤ r₁ ∨ r₁ - l₁ + 1 < ans
velvet	crush-verify	e90d79341bb8ef510ec868623e74cfe98feaa4e8	e90d79341bb8ef510ec868623e74cfe98feaa4e8	leanprover/lean4:v4.32.2	1	Velvet/Examples/SubstringSearch.lean	SubstringSearch_correct	31	12762377925475098934	pass	-	554	-	s.size - (pnt + 1) < s.size - pnt
velvet	crush-verify	e90d79341bb8ef510ec868623e74cfe98feaa4e8	e90d79341bb8ef510ec868623e74cfe98feaa4e8	leanprover/lean4:v4.32.2	1	Velvet/Examples/SubstringSearch.lean	SubstringSearch_correct	32	6640297411548399355	pass	-	525	-	0 ≤ 0
velvet	crush-verify	e90d79341bb8ef510ec868623e74cfe98feaa4e8	e90d79341bb8ef510ec868623e74cfe98feaa4e8	leanprover/lean4:v4.32.2	1	Velvet/Examples/SubstringSearch.lean	SubstringSearch_correct	33	12035722151280848636	pass	-	538	-	0 ≤ pnt + 1
velvet	crush-verify	e90d79341bb8ef510ec868623e74cfe98feaa4e8	e90d79341bb8ef510ec868623e74cfe98feaa4e8	leanprover/lean4:v4.32.2	1	Velvet/Examples/SubstringSearch.lean	SubstringSearch_correct	34	4056255141881592010	pass	-	32	-	pnt + 1 ≤ s.size
velvet	crush-verify	e90d79341bb8ef510ec868623e74cfe98feaa4e8	e90d79341bb8ef510ec868623e74cfe98feaa4e8	leanprover/lean4:v4.32.2	1	Velvet/Examples/SubstringSearch.lean	SubstringSearch_correct	35	18313498382677451279	pass	-	18	-	l_ans ≤ r_ans
velvet	crush-verify	e90d79341bb8ef510ec868623e74cfe98feaa4e8	e90d79341bb8ef510ec868623e74cfe98feaa4e8	leanprover/lean4:v4.32.2	1	Velvet/Examples/SubstringSearch.lean	SubstringSearch_correct	36	5902668824617064985	pass	-	18	-	r_ans < s.size
velvet	crush-verify	e90d79341bb8ef510ec868623e74cfe98feaa4e8	e90d79341bb8ef510ec868623e74cfe98feaa4e8	leanprover/lean4:v4.32.2	1	Velvet/Examples/SubstringSearch.lean	SubstringSearch_correct	37	11007454110672083430	pass	-	533	-	0 ≤ ans
velvet	crush-verify	e90d79341bb8ef510ec868623e74cfe98feaa4e8	e90d79341bb8ef510ec868623e74cfe98feaa4e8	leanprover/lean4:v4.32.2	1	Velvet/Examples/SubstringSearch.lean	SubstringSearch_correct	38	4587180649363296126	pass	-	547	-	r_ans ≤ pnt + 1
velvet	crush-verify	e90d79341bb8ef510ec868623e74cfe98feaa4e8	e90d79341bb8ef510ec868623e74cfe98feaa4e8	leanprover/lean4:v4.32.2	1	Velvet/Examples/SubstringSearch.lean	SubstringSearch_correct	39	4995387128902807839	pass	-	549	-	∀ (j : ℕ), pnt + 1 - 0 ≤ j → j < pnt + 1 → p s[j]! = true
velvet	crush-verify	e90d79341bb8ef510ec868623e74cfe98feaa4e8	e90d79341bb8ef510ec868623e74cfe98feaa4e8	leanprover/lean4:v4.32.2	1	Velvet/Examples/SubstringSearch.lean	SubstringSearch_correct	40	7138545743425854663	pass	-	562	-	ans > 0 → ans = r_ans - l_ans + 1 ∧ CorrectSubstring s p l_ans r_ans
velvet	crush-verify	e90d79341bb8ef510ec868623e74cfe98feaa4e8	e90d79341bb8ef510ec868623e74cfe98feaa4e8	leanprover/lean4:v4.32.2	1	Velvet/Examples/SubstringSearch.lean	SubstringSearch_correct	41	4681422515724674825	pass	-	548	-	ans = 0 → ∀ i < pnt + 1, ¬p s[i]! = true
velvet	crush-verify	e90d79341bb8ef510ec868623e74cfe98feaa4e8	e90d79341bb8ef510ec868623e74cfe98feaa4e8	leanprover/lean4:v4.32.2	1	Velvet/Examples/SubstringSearch.lean	SubstringSearch_correct	42	9257442500105266102	pass	-	34	-	0 < pnt + 1 → ¬p s[pnt + 1 - 0 - 1]! = true
velvet	crush-verify	e90d79341bb8ef510ec868623e74cfe98feaa4e8	e90d79341bb8ef510ec868623e74cfe98feaa4e8	leanprover/lean4:v4.32.2	1	Velvet/Examples/SubstringSearch.lean	SubstringSearch_correct	43	15621397202025328223	pass	-	4019	-	∀ (l₁ r₁ : ℕ), CorrectSubstring s p l₁ r₁ → r₁ < pnt + 1 → r₁ - l₁ + 1 = ans ∧ r_ans ≤ r₁ ∨ r₁ - l₁ + 1 < ans
velvet	crush-verify	e90d79341bb8ef510ec868623e74cfe98feaa4e8	e90d79341bb8ef510ec868623e74cfe98feaa4e8	leanprover/lean4:v4.32.2	1	Velvet/Examples/SubstringSearch.lean	SubstringSearch_correct	44	12762377925475098934	pass	-	534	-	s.size - (pnt + 1) < s.size - pnt
velvet	crush-verify	e90d79341bb8ef510ec868623e74cfe98feaa4e8	e90d79341bb8ef510ec868623e74cfe98feaa4e8	leanprover/lean4:v4.32.2	1	Velvet/Examples/SubstringSearch.lean	SubstringSearch_correct	45	14757371069243260877	pass	-	18	-	0 ≤ cnt
velvet	crush-verify	e90d79341bb8ef510ec868623e74cfe98feaa4e8	e90d79341bb8ef510ec868623e74cfe98feaa4e8	leanprover/lean4:v4.32.2	1	Velvet/Examples/SubstringSearch.lean	SubstringSearch_correct	46	10355523733004803458	pass	-	18	-	cnt ≤ pnt
velvet	crush-verify	e90d79341bb8ef510ec868623e74cfe98feaa4e8	e90d79341bb8ef510ec868623e74cfe98feaa4e8	leanprover/lean4:v4.32.2	1	Velvet/Examples/SubstringSearch.lean	SubstringSearch_correct	47	802985032057732284	pass	-	17	-	pnt ≤ s.size
velvet	crush-verify	e90d79341bb8ef510ec868623e74cfe98feaa4e8	e90d79341bb8ef510ec868623e74cfe98feaa4e8	leanprover/lean4:v4.32.2	1	Velvet/Examples/SubstringSearch.lean	SubstringSearch_correct	48	18313498382677451279	pass	-	17	-	l_ans ≤ r_ans
velvet	crush-verify	e90d79341bb8ef510ec868623e74cfe98feaa4e8	e90d79341bb8ef510ec868623e74cfe98feaa4e8	leanprover/lean4:v4.32.2	1	Velvet/Examples/SubstringSearch.lean	SubstringSearch_correct	49	5902668824617064985	pass	-	17	-	r_ans < s.size
velvet	crush-verify	e90d79341bb8ef510ec868623e74cfe98feaa4e8	e90d79341bb8ef510ec868623e74cfe98feaa4e8	leanprover/lean4:v4.32.2	1	Velvet/Examples/SubstringSearch.lean	SubstringSearch_correct	50	6469834297383728061	pass	-	18	-	cnt ≤ ans
velvet	crush-verify	e90d79341bb8ef510ec868623e74cfe98feaa4e8	e90d79341bb8ef510ec868623e74cfe98feaa4e8	leanprover/lean4:v4.32.2	1	Velvet/Examples/SubstringSearch.lean	SubstringSearch_correct	51	529893491977289627	pass	-	17	-	r_ans ≤ pnt
velvet	crush-verify	e90d79341bb8ef510ec868623e74cfe98feaa4e8	e90d79341bb8ef510ec868623e74cfe98feaa4e8	leanprover/lean4:v4.32.2	1	Velvet/Examples/SubstringSearch.lean	SubstringSearch_correct	52	7110337632391962636	pass	-	543	-	∀ (j : ℕ), pnt - cnt ≤ j → j < pnt → p s[j]! = true
velvet	crush-verify	e90d79341bb8ef510ec868623e74cfe98feaa4e8	e90d79341bb8ef510ec868623e74cfe98feaa4e8	leanprover/lean4:v4.32.2	1	Velvet/Examples/SubstringSearch.lean	SubstringSearch_correct	53	7138545743425854663	pass	-	566	-	ans > 0 → ans = r_ans - l_ans + 1 ∧ CorrectSubstring s p l_ans r_ans
velvet	crush-verify	e90d79341bb8ef510ec868623e74cfe98feaa4e8	e90d79341bb8ef510ec868623e74cfe98feaa4e8	leanprover/lean4:v4.32.2	1	Velvet/Examples/SubstringSearch.lean	SubstringSearch_correct	54	12240785285064077065	pass	-	547	-	ans = 0 → ∀ i < pnt, ¬p s[i]! = true
velvet	crush-verify	e90d79341bb8ef510ec868623e74cfe98feaa4e8	e90d79341bb8ef510ec868623e74cfe98feaa4e8	leanprover/lean4:v4.32.2	1	Velvet/Examples/SubstringSearch.lean	SubstringSearch_correct	55	8901178409804151575	pass	-	560	-	cnt < pnt → ¬p s[pnt - cnt - 1]! = true
velvet	crush-verify	e90d79341bb8ef510ec868623e74cfe98feaa4e8	e90d79341bb8ef510ec868623e74cfe98feaa4e8	leanprover/lean4:v4.32.2	1	Velvet/Examples/SubstringSearch.lean	SubstringSearch_correct	56	8890844706151052704	pass	-	2256	-	∀ (l₁ r₁ : ℕ), CorrectSubstring s p l₁ r₁ → r₁ < pnt → r₁ - l₁ + 1 = ans ∧ r_ans ≤ r₁ ∨ r₁ - l₁ + 1 < ans
velvet	crush-verify	e90d79341bb8ef510ec868623e74cfe98feaa4e8	e90d79341bb8ef510ec868623e74cfe98feaa4e8	leanprover/lean4:v4.32.2	1	Velvet/Examples/SubstringSearch.lean	SubstringSearch_correct	57	8801584380004644131	pass	-	31	-	¬pnt < s.size
velvet	crush-verify	e90d79341bb8ef510ec868623e74cfe98feaa4e8	e90d79341bb8ef510ec868623e74cfe98feaa4e8	leanprover/lean4:v4.32.2	1	Velvet/Examples/SubstringSearch.lean	SubstringSearch_correct	58	6640297411548399355	pass	-	487	-	0 ≤ 0
velvet	crush-verify	e90d79341bb8ef510ec868623e74cfe98feaa4e8	e90d79341bb8ef510ec868623e74cfe98feaa4e8	leanprover/lean4:v4.32.2	1	Velvet/Examples/SubstringSearch.lean	SubstringSearch_correct	59	6640297411548399355	pass	-	485	-	0 ≤ 0
velvet	crush-verify	e90d79341bb8ef510ec868623e74cfe98feaa4e8	e90d79341bb8ef510ec868623e74cfe98feaa4e8	leanprover/lean4:v4.32.2	1	Velvet/Examples/SubstringSearch.lean	SubstringSearch_correct	60	17707774690084689736	pass	-	507	-	0 ≤ s.size
velvet	crush-verify	e90d79341bb8ef510ec868623e74cfe98feaa4e8	e90d79341bb8ef510ec868623e74cfe98feaa4e8	leanprover/lean4:v4.32.2	1	Velvet/Examples/SubstringSearch.lean	SubstringSearch_correct	61	6640297411548399355	pass	-	480	-	0 ≤ 0
velvet	crush-verify	e90d79341bb8ef510ec868623e74cfe98feaa4e8	e90d79341bb8ef510ec868623e74cfe98feaa4e8	leanprover/lean4:v4.32.2	1	Velvet/Examples/SubstringSearch.lean	SubstringSearch_correct	62	4974301628068507188	pass	-	495	-	0 < s.size
velvet	crush-verify	e90d79341bb8ef510ec868623e74cfe98feaa4e8	e90d79341bb8ef510ec868623e74cfe98feaa4e8	leanprover/lean4:v4.32.2	1	Velvet/Examples/SubstringSearch.lean	SubstringSearch_correct	63	6640297411548399355	pass	-	490	-	0 ≤ 0
velvet	crush-verify	e90d79341bb8ef510ec868623e74cfe98feaa4e8	e90d79341bb8ef510ec868623e74cfe98feaa4e8	leanprover/lean4:v4.32.2	1	Velvet/Examples/SubstringSearch.lean	SubstringSearch_correct	64	6640297411548399355	pass	-	475	-	0 ≤ 0
velvet	crush-verify	e90d79341bb8ef510ec868623e74cfe98feaa4e8	e90d79341bb8ef510ec868623e74cfe98feaa4e8	leanprover/lean4:v4.32.2	1	Velvet/Examples/SubstringSearch.lean	SubstringSearch_correct	65	577474350103851300	pass	-	512	-	∀ (j : ℕ), 0 - 0 ≤ j → j < 0 → p s[j]! = true
velvet	crush-verify	e90d79341bb8ef510ec868623e74cfe98feaa4e8	e90d79341bb8ef510ec868623e74cfe98feaa4e8	leanprover/lean4:v4.32.2	1	Velvet/Examples/SubstringSearch.lean	SubstringSearch_correct	66	12819951545662893426	pass	-	490	-	0 > 0 → 0 = 0 - 0 + 1 ∧ CorrectSubstring s p 0 0
velvet	crush-verify	e90d79341bb8ef510ec868623e74cfe98feaa4e8	e90d79341bb8ef510ec868623e74cfe98feaa4e8	leanprover/lean4:v4.32.2	1	Velvet/Examples/SubstringSearch.lean	SubstringSearch_correct	67	16471188947338966842	pass	-	494	-	∀ i < 0, ¬p s[i]! = true
velvet	crush-verify	e90d79341bb8ef510ec868623e74cfe98feaa4e8	e90d79341bb8ef510ec868623e74cfe98feaa4e8	leanprover/lean4:v4.32.2	1	Velvet/Examples/SubstringSearch.lean	SubstringSearch_correct	68	9975741777879173881	pass	-	510	-	0 < 0 → ¬p s[0 - 0 - 1]! = true
velvet	crush-verify	e90d79341bb8ef510ec868623e74cfe98feaa4e8	e90d79341bb8ef510ec868623e74cfe98feaa4e8	leanprover/lean4:v4.32.2	1	Velvet/Examples/SubstringSearch.lean	SubstringSearch_correct	69	88332911118243609	pass	-	492	-	∀ (l₁ r₁ : ℕ), CorrectSubstring s p l₁ r₁ → r₁ < 0 → r₁ - l₁ + 1 = 0 ∧ 0 ≤ r₁ ∨ r₁ - l₁ + 1 < 0
velvet	crush-verify	e90d79341bb8ef510ec868623e74cfe98feaa4e8	e90d79341bb8ef510ec868623e74cfe98feaa4e8	leanprover/lean4:v4.32.2	1	Velvet/Examples/SubstringSearch.lean	SubstringSearch_correct	70	4316548289593557355	pass	-	576	-	¬decide (i > 0) = true → ∀ i < s.size, ¬p s[i]! = true
velvet	crush-verify	e90d79341bb8ef510ec868623e74cfe98feaa4e8	e90d79341bb8ef510ec868623e74cfe98feaa4e8	leanprover/lean4:v4.32.2	1	Velvet/Examples/SubstringSearch.lean	SubstringSearch_correct	71	1800578837535211584	fail	timeout	5575	crush: solver returned `unknown` (solver exited without a verdict: cvc5 interrupted by timeout.). Try increasing `crush.timeout` or adding hypotheses.	decide (i > 0) = true →   ∀ (l₁ r₁ : ℕ),     CorrectSubstring s p l₁ r₁ → r₁ - l₁ + 1 = r_ans_1 - i_2 + 1 ∧ r_ans_1 ≤ r₁ ∨ r₁ - l₁ + 1 < r_ans_1 - i_2 + 1
velvet	crush-verify	e90d79341bb8ef510ec868623e74cfe98feaa4e8	e90d79341bb8ef510ec868623e74cfe98feaa4e8	leanprover/lean4:v4.32.2	1	Velvet/Examples/SubstringSearch.lean	SubstringSearch_correct	72	10230862668540398183	pass	-	607	-	decide (i > 0) = true → CorrectSubstring s p i_2 r_ans_1
velvet	crush-verify	e90d79341bb8ef510ec868623e74cfe98feaa4e8	e90d79341bb8ef510ec868623e74cfe98feaa4e8	leanprover/lean4:v4.32.2	1	Velvet/Examples/SubstringSearch.lean	SubstringSearch_correct	73	16982021311738439252	pass	-	570	-	0 < s.size → r_ans_1 < s.size
velvet	crush-verify	e90d79341bb8ef510ec868623e74cfe98feaa4e8	e90d79341bb8ef510ec868623e74cfe98feaa4e8	leanprover/lean4:v4.32.2	1	Velvet/Examples/SubstringSearch.lean	SubstringSearch_correct	74	2906785913913327379	pass	-	48	-	i_2 ≤ r_ans_1
velvet	crush-verify	e90d79341bb8ef510ec868623e74cfe98feaa4e8	e90d79341bb8ef510ec868623e74cfe98feaa4e8	leanprover/lean4:v4.32.2	1	Velvet/Examples/SumOfDigits.lean	SumOfDigits_correct	1	4887343456502517186	pass	-	572	-	sum + n % 10 + SumDigits (n / 10) = SumDigits number
velvet	crush-verify	e90d79341bb8ef510ec868623e74cfe98feaa4e8	e90d79341bb8ef510ec868623e74cfe98feaa4e8	leanprover/lean4:v4.32.2	1	Velvet/Examples/SumOfDigits.lean	SumOfDigits_correct	2	5431800701729144158	pass	-	601	-	0 ≤ sum + n % 10
velvet	crush-verify	e90d79341bb8ef510ec868623e74cfe98feaa4e8	e90d79341bb8ef510ec868623e74cfe98feaa4e8	leanprover/lean4:v4.32.2	1	Velvet/Examples/SumOfDigits.lean	SumOfDigits_correct	3	3012699503639543524	pass	-	2	-	sum + SumDigits n = SumDigits number
velvet	crush-verify	e90d79341bb8ef510ec868623e74cfe98feaa4e8	e90d79341bb8ef510ec868623e74cfe98feaa4e8	leanprover/lean4:v4.32.2	1	Velvet/Examples/SumOfDigits.lean	SumOfDigits_correct	4	12835711844832851839	pass	-	2	-	0 ≤ sum
velvet	crush-verify	e90d79341bb8ef510ec868623e74cfe98feaa4e8	e90d79341bb8ef510ec868623e74cfe98feaa4e8	leanprover/lean4:v4.32.2	1	Velvet/Examples/SumOfDigits.lean	SumOfDigits_correct	5	7475080825861972690	pass	-	525	-	n = 0
velvet	crush-verify	e90d79341bb8ef510ec868623e74cfe98feaa4e8	e90d79341bb8ef510ec868623e74cfe98feaa4e8	leanprover/lean4:v4.32.2	1	Velvet/Examples/SumOfDigits.lean	SumOfDigits_correct	6	15970435702129902192	pass	-	511	-	0 + SumDigits number = SumDigits number
velvet	crush-verify	e90d79341bb8ef510ec868623e74cfe98feaa4e8	e90d79341bb8ef510ec868623e74cfe98feaa4e8	leanprover/lean4:v4.32.2	1	Velvet/Examples/SumOfDigits.lean	SumOfDigits_correct	7	6640297411548399355	pass	-	518	-	0 ≤ 0
velvet	crush-verify	e90d79341bb8ef510ec868623e74cfe98feaa4e8	e90d79341bb8ef510ec868623e74cfe98feaa4e8	leanprover/lean4:v4.32.2	1	Velvet/Examples/SumOfDigits.lean	SumOfDigits_correct	8	3871074223281074707	pass	-	520	-	sum_1 = SumDigits number
velvet	crush-verify	e90d79341bb8ef510ec868623e74cfe98feaa4e8	e90d79341bb8ef510ec868623e74cfe98feaa4e8	leanprover/lean4:v4.32.2	1	Velvet/Examples/TestLoopControl.lean	test1_correct	1	4791612905070682933	pass	-	528	-	x + 1 + (t - 1) = a
velvet	crush-verify	e90d79341bb8ef510ec868623e74cfe98feaa4e8	e90d79341bb8ef510ec868623e74cfe98feaa4e8	leanprover/lean4:v4.32.2	1	Velvet/Examples/TestLoopControl.lean	test1_correct	2	4635955882467741603	pass	-	503	-	x + 1 = 10 ∨ t - 1 = 0
velvet	crush-verify	e90d79341bb8ef510ec868623e74cfe98feaa4e8	e90d79341bb8ef510ec868623e74cfe98feaa4e8	leanprover/lean4:v4.32.2	1	Velvet/Examples/TestLoopControl.lean	test1_correct	3	4791612905070682933	pass	-	523	-	x + 1 + (t - 1) = a
velvet	crush-verify	e90d79341bb8ef510ec868623e74cfe98feaa4e8	e90d79341bb8ef510ec868623e74cfe98feaa4e8	leanprover/lean4:v4.32.2	1	Velvet/Examples/TestLoopControl.lean	test1_correct	4	8037191589732674397	pass	-	2	-	x + t = a
velvet	crush-verify	e90d79341bb8ef510ec868623e74cfe98feaa4e8	e90d79341bb8ef510ec868623e74cfe98feaa4e8	leanprover/lean4:v4.32.2	1	Velvet/Examples/TestLoopControl.lean	test1_correct	5	4982008840348523404	pass	-	499	-	x = 10 ∨ t = 0
velvet	crush-verify	e90d79341bb8ef510ec868623e74cfe98feaa4e8	e90d79341bb8ef510ec868623e74cfe98feaa4e8	leanprover/lean4:v4.32.2	1	Velvet/Examples/TestLoopControl.lean	test1_correct	6	14929476196725773389	pass	-	520	-	0 + a = a
velvet	crush-verify	e90d79341bb8ef510ec868623e74cfe98feaa4e8	e90d79341bb8ef510ec868623e74cfe98feaa4e8	leanprover/lean4:v4.32.2	1	Velvet/Examples/TestLoopControl.lean	test1_correct	7	2311107858308393802	pass	-	522	-	x_1 > 0
velvet	crush-verify	e90d79341bb8ef510ec868623e74cfe98feaa4e8	e90d79341bb8ef510ec868623e74cfe98feaa4e8	leanprover/lean4:v4.32.2	1	Velvet/Examples/TestLoopControl.lean	test2_correct	8	8037191589732674397	pass	-	2	-	x + t = a
velvet	crush-verify	e90d79341bb8ef510ec868623e74cfe98feaa4e8	e90d79341bb8ef510ec868623e74cfe98feaa4e8	leanprover/lean4:v4.32.2	1	Velvet/Examples/TestLoopControl.lean	test2_correct	9	4791612905070682933	pass	-	505	-	x + 1 + (t - 1) = a
velvet	crush-verify	e90d79341bb8ef510ec868623e74cfe98feaa4e8	e90d79341bb8ef510ec868623e74cfe98feaa4e8	leanprover/lean4:v4.32.2	1	Velvet/Examples/TestLoopControl.lean	test2_correct	10	8037191589732674397	pass	-	2	-	x + t = a
velvet	crush-verify	e90d79341bb8ef510ec868623e74cfe98feaa4e8	e90d79341bb8ef510ec868623e74cfe98feaa4e8	leanprover/lean4:v4.32.2	1	Velvet/Examples/TestLoopControl.lean	test2_correct	11	817407402121334710	pass	-	524	-	t = 0
velvet	crush-verify	e90d79341bb8ef510ec868623e74cfe98feaa4e8	e90d79341bb8ef510ec868623e74cfe98feaa4e8	leanprover/lean4:v4.32.2	1	Velvet/Examples/TestLoopControl.lean	test2_correct	12	14929476196725773389	pass	-	499	-	0 + a = a
velvet	crush-verify	e90d79341bb8ef510ec868623e74cfe98feaa4e8	e90d79341bb8ef510ec868623e74cfe98feaa4e8	leanprover/lean4:v4.32.2	1	Velvet/Examples/TestLoopControl.lean	test2_correct	13	2311107858308393802	pass	-	502	-	x_1 > 0
velvet	crush-verify	e90d79341bb8ef510ec868623e74cfe98feaa4e8	e90d79341bb8ef510ec868623e74cfe98feaa4e8	leanprover/lean4:v4.32.2	1	Velvet/Examples/TestLoopControl.lean	sum_even_correct	14	8140981983620881888	pass	-	6	-	i + 1 ≤ arr.size
velvet	crush-verify	e90d79341bb8ef510ec868623e74cfe98feaa4e8	e90d79341bb8ef510ec868623e74cfe98feaa4e8	leanprover/lean4:v4.32.2	1	Velvet/Examples/TestLoopControl.lean	sum_even_correct	15	13972406881857011341	pass	-	1378	-	s = (Array.filter (fun x => decide (x % 2 = 0)) (arr.extract 0 (i + 1))).sum
velvet	crush-verify	e90d79341bb8ef510ec868623e74cfe98feaa4e8	e90d79341bb8ef510ec868623e74cfe98feaa4e8	leanprover/lean4:v4.32.2	1	Velvet/Examples/TestLoopControl.lean	sum_even_correct	16	8140981983620881888	pass	-	6	-	i + 1 ≤ arr.size
velvet	crush-verify	e90d79341bb8ef510ec868623e74cfe98feaa4e8	e90d79341bb8ef510ec868623e74cfe98feaa4e8	leanprover/lean4:v4.32.2	1	Velvet/Examples/TestLoopControl.lean	sum_even_correct	17	2763434902891560151	pass	-	1109	-	s + arr[i]! = (Array.filter (fun x => decide (x % 2 = 0)) (arr.extract 0 (i + 1))).sum
velvet	crush-verify	e90d79341bb8ef510ec868623e74cfe98feaa4e8	e90d79341bb8ef510ec868623e74cfe98feaa4e8	leanprover/lean4:v4.32.2	1	Velvet/Examples/TestLoopControl.lean	sum_even_correct	18	9560710549938607088	pass	-	4	-	i ≤ arr.size
velvet	crush-verify	e90d79341bb8ef510ec868623e74cfe98feaa4e8	e90d79341bb8ef510ec868623e74cfe98feaa4e8	leanprover/lean4:v4.32.2	1	Velvet/Examples/TestLoopControl.lean	sum_even_correct	19	4016036276427276962	pass	-	5	-	s = (Array.filter (fun x => decide (x % 2 = 0)) (arr.extract 0 i)).sum
velvet	crush-verify	e90d79341bb8ef510ec868623e74cfe98feaa4e8	e90d79341bb8ef510ec868623e74cfe98feaa4e8	leanprover/lean4:v4.32.2	1	Velvet/Examples/TestLoopControl.lean	sum_even_correct	20	12910903814107581038	pass	-	900	-	s = (Array.filter (fun x => decide (x % 2 = 0)) arr).sum
velvet	crush-verify	e90d79341bb8ef510ec868623e74cfe98feaa4e8	e90d79341bb8ef510ec868623e74cfe98feaa4e8	leanprover/lean4:v4.32.2	1	Velvet/Examples/TestLoopControl.lean	sum_even_correct	21	8811351339800985865	pass	-	500	-	0 ≤ arr.size
velvet	crush-verify	e90d79341bb8ef510ec868623e74cfe98feaa4e8	e90d79341bb8ef510ec868623e74cfe98feaa4e8	leanprover/lean4:v4.32.2	1	Velvet/Examples/TestLoopControl.lean	sum_even_correct	22	8466542615974342579	pass	-	1	-	0 = (Array.filter (fun x => decide (x % 2 = 0)) (arr.extract 0 0)).sum
velvet	crush-verify	e90d79341bb8ef510ec868623e74cfe98feaa4e8	e90d79341bb8ef510ec868623e74cfe98feaa4e8	leanprover/lean4:v4.32.2	1	Velvet/Examples/TestLoopControl.lean	sum_even_correct	23	10603200310498800727	pass	-	10	-	s_1 = (Array.filter (fun x => decide (x % 2 = 0)) arr).sum
velvet	crush-verify	e90d79341bb8ef510ec868623e74cfe98feaa4e8	e90d79341bb8ef510ec868623e74cfe98feaa4e8	leanprover/lean4:v4.32.2	1	Velvet/Examples/TestMatch.lean	test1_correct	1	7475080825861972690	pass	-	2	-	n = 0
velvet	crush-verify	e90d79341bb8ef510ec868623e74cfe98feaa4e8	e90d79341bb8ef510ec868623e74cfe98feaa4e8	leanprover/lean4:v4.32.2	1	Velvet/Examples/TestMatch.lean	test1_correct	2	12712313322610564863	pass	-	1	-	n = x.succ
velvet	crush-verify	e90d79341bb8ef510ec868623e74cfe98feaa4e8	e90d79341bb8ef510ec868623e74cfe98feaa4e8	leanprover/lean4:v4.32.2	1	Velvet/Examples/TestMatch.lean	test2_correct	3	10112861571242978892	pass	-	1	-	0 = l.length
velvet	crush-verify	e90d79341bb8ef510ec868623e74cfe98feaa4e8	e90d79341bb8ef510ec868623e74cfe98feaa4e8	leanprover/lean4:v4.32.2	1	Velvet/Examples/TestMatch.lean	test2_correct	4	9817662802794804509	pass	-	2	-	Nat.succ 0 = l.length
velvet	crush-verify	e90d79341bb8ef510ec868623e74cfe98feaa4e8	e90d79341bb8ef510ec868623e74cfe98feaa4e8	leanprover/lean4:v4.32.2	1	Velvet/Examples/TestMatch.lean	test2_correct	5	18226621409008708882	pass	-	3	-	x.succ.succ = l.length
velvet	crush-verify	e90d79341bb8ef510ec868623e74cfe98feaa4e8	e90d79341bb8ef510ec868623e74cfe98feaa4e8	leanprover/lean4:v4.32.2	1	Velvet/Examples/TestMatch.lean	test3_correct	6	12313593517213863317	pass	-	495	-	10 > 9
velvet	crush-verify	e90d79341bb8ef510ec868623e74cfe98feaa4e8	e90d79341bb8ef510ec868623e74cfe98feaa4e8	leanprover/lean4:v4.32.2	1	Velvet/Examples/TestMatch.lean	test3_correct	7	5915416142655103160	pass	-	513	-	a + b + c + 10 > 9
velvet	crush-verify	e90d79341bb8ef510ec868623e74cfe98feaa4e8	e90d79341bb8ef510ec868623e74cfe98feaa4e8	leanprover/lean4:v4.32.2	1	Velvet/Examples/Total_Partial_example.lean	insertionSort_part_correct	1	1993702872115081742	pass	-	586	-	∀ (i j : ℕ), 0 ≤ i → i ≤ j → j < arrOld.size → arrOld[i]! ≤ arrOld[j]!
velvet	crush-verify	e90d79341bb8ef510ec868623e74cfe98feaa4e8	e90d79341bb8ef510ec868623e74cfe98feaa4e8	leanprover/lean4:v4.32.2	1	Velvet/Examples/Total_Partial_example.lean	insertionSort_part_correct	2	8793228589483947084	pass	-	9	-	((arr_1.set! mind arr_1[mind - 1]!).set! (mind - 1) arr_1[mind]!).size = arrOld.size
velvet	crush-verify	e90d79341bb8ef510ec868623e74cfe98feaa4e8	e90d79341bb8ef510ec868623e74cfe98feaa4e8	leanprover/lean4:v4.32.2	1	Velvet/Examples/Total_Partial_example.lean	insertionSort_part_correct	3	1066791641437412485	pass	-	609	-	mind - 1 ≤ n
velvet	crush-verify	e90d79341bb8ef510ec868623e74cfe98feaa4e8	e90d79341bb8ef510ec868623e74cfe98feaa4e8	leanprover/lean4:v4.32.2	1	Velvet/Examples/Total_Partial_example.lean	insertionSort_part_correct	4	8472930623785656869	pass	-	5017	-	∀ (i j : ℕ),   0 ≤ i →     i < j →       j ≤ n →         j ≠ mind - 1 →           ((arr_1.set! mind arr_1[mind - 1]!).set! (mind - 1) arr_1[mind]!)[i]! ≤             ((arr_1.set! mind arr_1[mind - 1]!).set! (mind - 1) arr_1[mind]!)[j]!
velvet	crush-verify	e90d79341bb8ef510ec868623e74cfe98feaa4e8	e90d79341bb8ef510ec868623e74cfe98feaa4e8	leanprover/lean4:v4.32.2	1	Velvet/Examples/Total_Partial_example.lean	insertionSort_part_correct	5	2816846931760221370	pass	-	656	-	((arr_1.set! mind arr_1[mind - 1]!).set! (mind - 1) arr_1[mind]!).toMultiset = arrOld.toMultiset
velvet	crush-verify	e90d79341bb8ef510ec868623e74cfe98feaa4e8	e90d79341bb8ef510ec868623e74cfe98feaa4e8	leanprover/lean4:v4.32.2	1	Velvet/Examples/Total_Partial_example.lean	insertionSort_part_correct	6	5794584936190196715	pass	-	7	-	arr_1.size = arrOld.size
velvet	crush-verify	e90d79341bb8ef510ec868623e74cfe98feaa4e8	e90d79341bb8ef510ec868623e74cfe98feaa4e8	leanprover/lean4:v4.32.2	1	Velvet/Examples/Total_Partial_example.lean	insertionSort_part_correct	7	1066791641437412485	pass	-	629	-	mind - 1 ≤ n
velvet	crush-verify	e90d79341bb8ef510ec868623e74cfe98feaa4e8	e90d79341bb8ef510ec868623e74cfe98feaa4e8	leanprover/lean4:v4.32.2	1	Velvet/Examples/Total_Partial_example.lean	insertionSort_part_correct	8	14825588553610653054	fail	timeout	11413	crush: solver returned `unknown` (solver exited without a verdict: cvc5 interrupted by timeout.). Try increasing `crush.timeout` or adding hypotheses.	∀ (i j : ℕ), 0 ≤ i → i < j → j ≤ n → j ≠ mind - 1 → arr_1[i]! ≤ arr_1[j]!
velvet	crush-verify	e90d79341bb8ef510ec868623e74cfe98feaa4e8	e90d79341bb8ef510ec868623e74cfe98feaa4e8	leanprover/lean4:v4.32.2	1	Velvet/Examples/Total_Partial_example.lean	insertionSort_part_correct	9	15257391885382474665	pass	-	8	-	arr_1.toMultiset = arrOld.toMultiset
velvet	crush-verify	e90d79341bb8ef510ec868623e74cfe98feaa4e8	e90d79341bb8ef510ec868623e74cfe98feaa4e8	leanprover/lean4:v4.32.2	1	Velvet/Examples/Total_Partial_example.lean	insertionSort_part_correct	10	5794584936190196715	pass	-	7	-	arr_1.size = arrOld.size
velvet	crush-verify	e90d79341bb8ef510ec868623e74cfe98feaa4e8	e90d79341bb8ef510ec868623e74cfe98feaa4e8	leanprover/lean4:v4.32.2	1	Velvet/Examples/Total_Partial_example.lean	insertionSort_part_correct	11	12031026870814429192	pass	-	6	-	mind ≤ n
velvet	crush-verify	e90d79341bb8ef510ec868623e74cfe98feaa4e8	e90d79341bb8ef510ec868623e74cfe98feaa4e8	leanprover/lean4:v4.32.2	1	Velvet/Examples/Total_Partial_example.lean	insertionSort_part_correct	12	16465886849738339639	pass	-	704	-	∀ (i j : ℕ), 0 ≤ i → i < j → j ≤ n → j ≠ mind → arr_1[i]! ≤ arr_1[j]!
velvet	crush-verify	e90d79341bb8ef510ec868623e74cfe98feaa4e8	e90d79341bb8ef510ec868623e74cfe98feaa4e8	leanprover/lean4:v4.32.2	1	Velvet/Examples/Total_Partial_example.lean	insertionSort_part_correct	13	15257391885382474665	pass	-	7	-	arr_1.toMultiset = arrOld.toMultiset
velvet	crush-verify	e90d79341bb8ef510ec868623e74cfe98feaa4e8	e90d79341bb8ef510ec868623e74cfe98feaa4e8	leanprover/lean4:v4.32.2	1	Velvet/Examples/Total_Partial_example.lean	insertionSort_part_correct	14	5918835836158453730	pass	-	12	-	¬mind ≠ 0
velvet	crush-verify	e90d79341bb8ef510ec868623e74cfe98feaa4e8	e90d79341bb8ef510ec868623e74cfe98feaa4e8	leanprover/lean4:v4.32.2	1	Velvet/Examples/Total_Partial_example.lean	insertionSort_part_correct	15	5964899400721509044	pass	-	4	-	arr.size = arrOld.size
velvet	crush-verify	e90d79341bb8ef510ec868623e74cfe98feaa4e8	e90d79341bb8ef510ec868623e74cfe98feaa4e8	leanprover/lean4:v4.32.2	1	Velvet/Examples/Total_Partial_example.lean	insertionSort_part_correct	16	12155028420956038391	pass	-	531	-	n ≤ n
velvet	crush-verify	e90d79341bb8ef510ec868623e74cfe98feaa4e8	e90d79341bb8ef510ec868623e74cfe98feaa4e8	leanprover/lean4:v4.32.2	1	Velvet/Examples/Total_Partial_example.lean	insertionSort_part_correct	17	14852526092468225565	pass	-	692	-	∀ (i j : ℕ), 0 ≤ i → i < j → j ≤ n → j ≠ n → arr[i]! ≤ arr[j]!
velvet	crush-verify	e90d79341bb8ef510ec868623e74cfe98feaa4e8	e90d79341bb8ef510ec868623e74cfe98feaa4e8	leanprover/lean4:v4.32.2	1	Velvet/Examples/Total_Partial_example.lean	insertionSort_part_correct	18	17117294935281830098	pass	-	4	-	arr.toMultiset = arrOld.toMultiset
velvet	crush-verify	e90d79341bb8ef510ec868623e74cfe98feaa4e8	e90d79341bb8ef510ec868623e74cfe98feaa4e8	leanprover/lean4:v4.32.2	1	Velvet/Examples/Total_Partial_example.lean	insertionSort_part_correct	19	5288706169439222084	pass	-	14	-	i.size = arrOld.size
velvet	crush-verify	e90d79341bb8ef510ec868623e74cfe98feaa4e8	e90d79341bb8ef510ec868623e74cfe98feaa4e8	leanprover/lean4:v4.32.2	1	Velvet/Examples/Total_Partial_example.lean	insertionSort_part_correct	20	4477598582358312981	pass	-	553	-	n + 1 ≤ i.size
velvet	crush-verify	e90d79341bb8ef510ec868623e74cfe98feaa4e8	e90d79341bb8ef510ec868623e74cfe98feaa4e8	leanprover/lean4:v4.32.2	1	Velvet/Examples/Total_Partial_example.lean	insertionSort_part_correct	21	7903702650473013145	pass	-	740	-	∀ (i_2 j : ℕ), 0 ≤ i_2 → i_2 < j → j ≤ n + 1 - 1 → i[i_2]! ≤ i[j]!
velvet	crush-verify	e90d79341bb8ef510ec868623e74cfe98feaa4e8	e90d79341bb8ef510ec868623e74cfe98feaa4e8	leanprover/lean4:v4.32.2	1	Velvet/Examples/Total_Partial_example.lean	insertionSort_part_correct	22	8905801618567038615	pass	-	13	-	i.toMultiset = arrOld.toMultiset
velvet	crush-verify	e90d79341bb8ef510ec868623e74cfe98feaa4e8	e90d79341bb8ef510ec868623e74cfe98feaa4e8	leanprover/lean4:v4.32.2	1	Velvet/Examples/Total_Partial_example.lean	insertionSort_part_correct	23	5964899400721509044	pass	-	4	-	arr.size = arrOld.size
velvet	crush-verify	e90d79341bb8ef510ec868623e74cfe98feaa4e8	e90d79341bb8ef510ec868623e74cfe98feaa4e8	leanprover/lean4:v4.32.2	1	Velvet/Examples/Total_Partial_example.lean	insertionSort_part_correct	24	16800718018059787263	pass	-	3	-	n ≤ arr.size
velvet	crush-verify	e90d79341bb8ef510ec868623e74cfe98feaa4e8	e90d79341bb8ef510ec868623e74cfe98feaa4e8	leanprover/lean4:v4.32.2	1	Velvet/Examples/Total_Partial_example.lean	insertionSort_part_correct	25	11248877774576345437	pass	-	682	-	∀ (i j : ℕ), 0 ≤ i → i < j → j ≤ n - 1 → arr[i]! ≤ arr[j]!
velvet	crush-verify	e90d79341bb8ef510ec868623e74cfe98feaa4e8	e90d79341bb8ef510ec868623e74cfe98feaa4e8	leanprover/lean4:v4.32.2	1	Velvet/Examples/Total_Partial_example.lean	insertionSort_part_correct	26	17117294935281830098	pass	-	5	-	arr.toMultiset = arrOld.toMultiset
velvet	crush-verify	e90d79341bb8ef510ec868623e74cfe98feaa4e8	e90d79341bb8ef510ec868623e74cfe98feaa4e8	leanprover/lean4:v4.32.2	1	Velvet/Examples/Total_Partial_example.lean	insertionSort_part_correct	27	6709257883257101731	pass	-	8	-	¬n ≠ arr.size
velvet	crush-verify	e90d79341bb8ef510ec868623e74cfe98feaa4e8	e90d79341bb8ef510ec868623e74cfe98feaa4e8	leanprover/lean4:v4.32.2	1	Velvet/Examples/Total_Partial_example.lean	insertionSort_part_correct	28	16576486626369642801	pass	-	505	-	1 ≤ arrOld.size
velvet	crush-verify	e90d79341bb8ef510ec868623e74cfe98feaa4e8	e90d79341bb8ef510ec868623e74cfe98feaa4e8	leanprover/lean4:v4.32.2	1	Velvet/Examples/Total_Partial_example.lean	insertionSort_part_correct	29	11235314628722112900	pass	-	572	-	∀ (i j : ℕ), 0 ≤ i → i < j → j ≤ 1 - 1 → arrOld[i]! ≤ arrOld[j]!
velvet	crush-verify	e90d79341bb8ef510ec868623e74cfe98feaa4e8	e90d79341bb8ef510ec868623e74cfe98feaa4e8	leanprover/lean4:v4.32.2	1	Velvet/Examples/Total_Partial_example.lean	insertionSort_part_correct	30	8905801618567038615	pass	-	8	-	i.toMultiset = arrOld.toMultiset
velvet	crush-verify	e90d79341bb8ef510ec868623e74cfe98feaa4e8	e90d79341bb8ef510ec868623e74cfe98feaa4e8	leanprover/lean4:v4.32.2	1	Velvet/Examples/Total_Partial_example.lean	insertionSort_part_correct	31	18214290959922115111	pass	-	711	-	∀ (i_2 j : ℕ), 0 ≤ i_2 → i_2 ≤ j → j < i.size → i[i_2]! ≤ i[j]!
velvet	crush-verify	e90d79341bb8ef510ec868623e74cfe98feaa4e8	e90d79341bb8ef510ec868623e74cfe98feaa4e8	leanprover/lean4:v4.32.2	1	Velvet/Examples/Total_Partial_example.lean	insertionSort_termination_correct	32	8793228589483947084	pass	-	4	-	((arr_1.set! mind arr_1[mind - 1]!).set! (mind - 1) arr_1[mind]!).size = arrOld.size
velvet	crush-verify	e90d79341bb8ef510ec868623e74cfe98feaa4e8	e90d79341bb8ef510ec868623e74cfe98feaa4e8	leanprover/lean4:v4.32.2	1	Velvet/Examples/Total_Partial_example.lean	insertionSort_termination_correct	33	11568103068982921353	pass	-	588	-	mind - 1 < mind
velvet	crush-verify	e90d79341bb8ef510ec868623e74cfe98feaa4e8	e90d79341bb8ef510ec868623e74cfe98feaa4e8	leanprover/lean4:v4.32.2	1	Velvet/Examples/Total_Partial_example.lean	insertionSort_termination_correct	34	5794584936190196715	pass	-	4	-	arr_1.size = arrOld.size
velvet	crush-verify	e90d79341bb8ef510ec868623e74cfe98feaa4e8	e90d79341bb8ef510ec868623e74cfe98feaa4e8	leanprover/lean4:v4.32.2	1	Velvet/Examples/Total_Partial_example.lean	insertionSort_termination_correct	35	11568103068982921353	pass	-	603	-	mind - 1 < mind
velvet	crush-verify	e90d79341bb8ef510ec868623e74cfe98feaa4e8	e90d79341bb8ef510ec868623e74cfe98feaa4e8	leanprover/lean4:v4.32.2	1	Velvet/Examples/Total_Partial_example.lean	insertionSort_termination_correct	36	5794584936190196715	pass	-	3	-	arr_1.size = arrOld.size
velvet	crush-verify	e90d79341bb8ef510ec868623e74cfe98feaa4e8	e90d79341bb8ef510ec868623e74cfe98feaa4e8	leanprover/lean4:v4.32.2	1	Velvet/Examples/Total_Partial_example.lean	insertionSort_termination_correct	37	5918835836158453730	pass	-	5	-	¬mind ≠ 0
velvet	crush-verify	e90d79341bb8ef510ec868623e74cfe98feaa4e8	e90d79341bb8ef510ec868623e74cfe98feaa4e8	leanprover/lean4:v4.32.2	1	Velvet/Examples/Total_Partial_example.lean	insertionSort_termination_correct	38	5964899400721509044	pass	-	2	-	arr.size = arrOld.size
velvet	crush-verify	e90d79341bb8ef510ec868623e74cfe98feaa4e8	e90d79341bb8ef510ec868623e74cfe98feaa4e8	leanprover/lean4:v4.32.2	1	Velvet/Examples/Total_Partial_example.lean	insertionSort_termination_correct	39	5288706169439222084	pass	-	4	-	i.size = arrOld.size
velvet	crush-verify	e90d79341bb8ef510ec868623e74cfe98feaa4e8	e90d79341bb8ef510ec868623e74cfe98feaa4e8	leanprover/lean4:v4.32.2	1	Velvet/Examples/Total_Partial_example.lean	insertionSort_termination_correct	40	4477598582358312981	pass	-	530	-	n + 1 ≤ i.size
velvet	crush-verify	e90d79341bb8ef510ec868623e74cfe98feaa4e8	e90d79341bb8ef510ec868623e74cfe98feaa4e8	leanprover/lean4:v4.32.2	1	Velvet/Examples/Total_Partial_example.lean	insertionSort_termination_correct	41	18088860687919872176	pass	-	528	-	i.size - (n + 1) < arr.size - n
velvet	crush-verify	e90d79341bb8ef510ec868623e74cfe98feaa4e8	e90d79341bb8ef510ec868623e74cfe98feaa4e8	leanprover/lean4:v4.32.2	1	Velvet/Examples/Total_Partial_example.lean	insertionSort_termination_correct	42	5964899400721509044	pass	-	3	-	arr.size = arrOld.size
velvet	crush-verify	e90d79341bb8ef510ec868623e74cfe98feaa4e8	e90d79341bb8ef510ec868623e74cfe98feaa4e8	leanprover/lean4:v4.32.2	1	Velvet/Examples/Total_Partial_example.lean	insertionSort_termination_correct	43	16800718018059787263	pass	-	2	-	n ≤ arr.size
velvet	crush-verify	e90d79341bb8ef510ec868623e74cfe98feaa4e8	e90d79341bb8ef510ec868623e74cfe98feaa4e8	leanprover/lean4:v4.32.2	1	Velvet/Examples/Total_Partial_example.lean	insertionSort_termination_correct	44	6709257883257101731	pass	-	4	-	¬n ≠ arr.size
velvet	crush-verify	e90d79341bb8ef510ec868623e74cfe98feaa4e8	e90d79341bb8ef510ec868623e74cfe98feaa4e8	leanprover/lean4:v4.32.2	1	Velvet/Examples/Total_Partial_example.lean	insertionSort_termination_correct	45	16576486626369642801	pass	-	506	-	1 ≤ arrOld.size
velvet	crush-alethe	e90d79341bb8ef510ec868623e74cfe98feaa4e8	e90d79341bb8ef510ec868623e74cfe98feaa4e8	leanprover/lean4:v4.32.2	1	Velvet/Examples/EncodeDecodeStr.lean	decodeStr'_correct	1	4325354716326072573	fail	translation	522	"crush: cvc5 did not emit an Alethe certificate: Proof unsupported by Alethe: contains operator DUMMY_SKOLEM. Set `crush.reconstruct` to ""auto"" to use core-directed reconstruction instead."	0 ≤ i + 1 ∧ i + 1 ≤ encoded_str.size
velvet	crush-alethe	e90d79341bb8ef510ec868623e74cfe98feaa4e8	e90d79341bb8ef510ec868623e74cfe98feaa4e8	leanprover/lean4:v4.32.2	1	Velvet/Examples/EncodeDecodeStr.lean	decodeStr'_correct	2	3233717574493770211	fail	timeout	5536	crush: solver returned `unknown` (solver exited without a verdict: cvc5 interrupted by timeout.). Try increasing `crush.timeout` or adding hypotheses.	(decoded ++ Array.replicate encoded_str[i]!.cnt encoded_str[i]!.c).size =   get_cnt_sum (encoded_str.extract 0 (i + 1)).toList
velvet	crush-alethe	e90d79341bb8ef510ec868623e74cfe98feaa4e8	e90d79341bb8ef510ec868623e74cfe98feaa4e8	leanprover/lean4:v4.32.2	1	Velvet/Examples/EncodeDecodeStr.lean	decodeStr'_correct	3	14557075163885871591	fail	translation	518	"crush: cvc5 did not emit an Alethe certificate: Proof unsupported by Alethe: contains operator DUMMY_SKOLEM. Set `crush.reconstruct` to ""auto"" to use core-directed reconstruction instead."	0 ≤ i ∧ i ≤ encoded_str.size
velvet	crush-alethe	e90d79341bb8ef510ec868623e74cfe98feaa4e8	e90d79341bb8ef510ec868623e74cfe98feaa4e8	leanprover/lean4:v4.32.2	1	Velvet/Examples/EncodeDecodeStr.lean	decodeStr'_correct	4	6384732382134649439	pass	-	4	-	decoded.size = get_cnt_sum (encoded_str.extract 0 i).toList
velvet	crush-alethe	e90d79341bb8ef510ec868623e74cfe98feaa4e8	e90d79341bb8ef510ec868623e74cfe98feaa4e8	leanprover/lean4:v4.32.2	1	Velvet/Examples/EncodeDecodeStr.lean	decodeStr'_correct	5	13851523499043008614	fail	translation	516	"crush: cvc5 did not emit an Alethe certificate: Proof unsupported by Alethe: contains operator DUMMY_SKOLEM. Set `crush.reconstruct` to ""auto"" to use core-directed reconstruction instead."	i = encoded_str.size
velvet	crush-alethe	e90d79341bb8ef510ec868623e74cfe98feaa4e8	e90d79341bb8ef510ec868623e74cfe98feaa4e8	leanprover/lean4:v4.32.2	1	Velvet/Examples/EncodeDecodeStr.lean	decodeStr'_correct	6	8816666150414203262	fail	translation	526	"crush: cvc5 did not emit an Alethe certificate: Proof unsupported by Alethe: contains operator DUMMY_SKOLEM. Set `crush.reconstruct` to ""auto"" to use core-directed reconstruction instead."	0 ≤ 0 ∧ 0 ≤ encoded_str.size
velvet	crush-alethe	e90d79341bb8ef510ec868623e74cfe98feaa4e8	e90d79341bb8ef510ec868623e74cfe98feaa4e8	leanprover/lean4:v4.32.2	1	Velvet/Examples/EncodeDecodeStr.lean	decodeStr'_correct	7	7432640679462075544	fail	unknown	617	crush: solver returned `unknown` (no reason given). Try increasing `crush.timeout` or adding hypotheses.	(Array.replicate 0 'x').size = get_cnt_sum (encoded_str.extract 0 0).toList
velvet	crush-alethe	e90d79341bb8ef510ec868623e74cfe98feaa4e8	e90d79341bb8ef510ec868623e74cfe98feaa4e8	leanprover/lean4:v4.32.2	1	Velvet/Examples/EncodeDecodeStr.lean	decodeStr'_correct	8	9639754685172097330	fail	timeout	5520	crush: solver returned `unknown` (solver exited without a verdict: cvc5 interrupted by timeout.). Try increasing `crush.timeout` or adding hypotheses.	i_1.size = get_cnt_sum encoded_str.toList
velvet	crush-alethe	e90d79341bb8ef510ec868623e74cfe98feaa4e8	e90d79341bb8ef510ec868623e74cfe98feaa4e8	leanprover/lean4:v4.32.2	1	Velvet/Examples/EncodeDecodeStr.lean	encodeStr_correct	9	10203002127808532242	fail	translation	520	"crush: cvc5 did not emit an Alethe certificate: Proof unsupported by Alethe: contains operator DUMMY_SKOLEM. Set `crush.reconstruct` to ""auto"" to use core-directed reconstruction instead."	i < j + 1 ∧ j + 1 ≤ str.size
velvet	crush-alethe	e90d79341bb8ef510ec868623e74cfe98feaa4e8	e90d79341bb8ef510ec868623e74cfe98feaa4e8	leanprover/lean4:v4.32.2	1	Velvet/Examples/EncodeDecodeStr.lean	encodeStr_correct	10	15527439877898811686	fail	translation	543	"crush: cvc5 did not emit an Alethe certificate: Proof unsupported by Alethe: contains operator DUMMY_SKOLEM. Set `crush.reconstruct` to ""auto"" to use core-directed reconstruction instead."	∀ (k : ℕ), i ≤ k → k < j + 1 → str[k]! = str[i]!
velvet	crush-alethe	e90d79341bb8ef510ec868623e74cfe98feaa4e8	e90d79341bb8ef510ec868623e74cfe98feaa4e8	leanprover/lean4:v4.32.2	1	Velvet/Examples/EncodeDecodeStr.lean	encodeStr_correct	11	4253526900314070824	fail	translation	533	"crush: cvc5 did not emit an Alethe certificate: Proof unsupported by Alethe: contains operator DUMMY_SKOLEM. Set `crush.reconstruct` to ""auto"" to use core-directed reconstruction instead."	i < j ∧ j ≤ str.size
velvet	crush-alethe	e90d79341bb8ef510ec868623e74cfe98feaa4e8	e90d79341bb8ef510ec868623e74cfe98feaa4e8	leanprover/lean4:v4.32.2	1	Velvet/Examples/EncodeDecodeStr.lean	encodeStr_correct	12	17087698223479619887	fail	translation	557	"crush: cvc5 did not emit an Alethe certificate: Proof unsupported by Alethe: contains operator DUMMY_SKOLEM. Set `crush.reconstruct` to ""auto"" to use core-directed reconstruction instead."	∀ (k : ℕ), i ≤ k → k < j → str[k]! = str[i]!
velvet	crush-alethe	e90d79341bb8ef510ec868623e74cfe98feaa4e8	e90d79341bb8ef510ec868623e74cfe98feaa4e8	leanprover/lean4:v4.32.2	1	Velvet/Examples/EncodeDecodeStr.lean	encodeStr_correct	13	13168721855841554394	fail	translation	532	"crush: cvc5 did not emit an Alethe certificate: Proof unsupported by Alethe: contains operator DUMMY_SKOLEM. Set `crush.reconstruct` to ""auto"" to use core-directed reconstruction instead."	¬(j < str.size ∧ (str[j]! == str[i]!) = true)
velvet	crush-alethe	e90d79341bb8ef510ec868623e74cfe98feaa4e8	e90d79341bb8ef510ec868623e74cfe98feaa4e8	leanprover/lean4:v4.32.2	1	Velvet/Examples/EncodeDecodeStr.lean	encodeStr_correct	14	8050235650381385355	fail	translation	520	"crush: cvc5 did not emit an Alethe certificate: Proof unsupported by Alethe: contains operator DUMMY_SKOLEM. Set `crush.reconstruct` to ""auto"" to use core-directed reconstruction instead."	i < i + 1 ∧ i + 1 ≤ str.size
velvet	crush-alethe	e90d79341bb8ef510ec868623e74cfe98feaa4e8	e90d79341bb8ef510ec868623e74cfe98feaa4e8	leanprover/lean4:v4.32.2	1	Velvet/Examples/EncodeDecodeStr.lean	encodeStr_correct	15	3874562368415809942	fail	translation	510	"crush: cvc5 did not emit an Alethe certificate: Proof unsupported by Alethe: contains operator DUMMY_SKOLEM. Set `crush.reconstruct` to ""auto"" to use core-directed reconstruction instead."	∀ (k : ℕ), i ≤ k → k < i + 1 → str[k]! = str[i]!
velvet	crush-alethe	e90d79341bb8ef510ec868623e74cfe98feaa4e8	e90d79341bb8ef510ec868623e74cfe98feaa4e8	leanprover/lean4:v4.32.2	1	Velvet/Examples/EncodeDecodeStr.lean	encodeStr_correct	16	16403843650363689650	fail	translation	513	"crush: cvc5 did not emit an Alethe certificate: Proof unsupported by Alethe: contains operator DUMMY_SKOLEM. Set `crush.reconstruct` to ""auto"" to use core-directed reconstruction instead."	0 ≤ j ∧ j ≤ str.size
velvet	crush-alethe	e90d79341bb8ef510ec868623e74cfe98feaa4e8	e90d79341bb8ef510ec868623e74cfe98feaa4e8	leanprover/lean4:v4.32.2	1	Velvet/Examples/EncodeDecodeStr.lean	encodeStr_correct	17	17528322019345720798	fail	timeout	5532	crush: solver returned `unknown` (solver exited without a verdict: cvc5 interrupted by timeout.). Try increasing `crush.timeout` or adding hypotheses.	decodeStrLean (encoding.push { cnt := j - i, c := str[i]! }) = str.extract 0 j
velvet	crush-alethe	e90d79341bb8ef510ec868623e74cfe98feaa4e8	e90d79341bb8ef510ec868623e74cfe98feaa4e8	leanprover/lean4:v4.32.2	1	Velvet/Examples/EncodeDecodeStr.lean	encodeStr_correct	18	14846570717984605519	fail	translation	539	"crush: cvc5 did not emit an Alethe certificate: Proof unsupported by Alethe: contains operator DUMMY_SKOLEM. Set `crush.reconstruct` to ""auto"" to use core-directed reconstruction instead."	is_valid_run_sequence (encoding.push { cnt := j - i, c := str[i]! })
velvet	crush-alethe	e90d79341bb8ef510ec868623e74cfe98feaa4e8	e90d79341bb8ef510ec868623e74cfe98feaa4e8	leanprover/lean4:v4.32.2	1	Velvet/Examples/EncodeDecodeStr.lean	encodeStr_correct	19	17345521196864181404	fail	translation	520	"crush: cvc5 did not emit an Alethe certificate: Proof unsupported by Alethe: contains operator DUMMY_SKOLEM. Set `crush.reconstruct` to ""auto"" to use core-directed reconstruction instead."	0 ≤ i ∧ i ≤ str.size
velvet	crush-alethe	e90d79341bb8ef510ec868623e74cfe98feaa4e8	e90d79341bb8ef510ec868623e74cfe98feaa4e8	leanprover/lean4:v4.32.2	1	Velvet/Examples/EncodeDecodeStr.lean	encodeStr_correct	20	4720720642953332999	pass	-	4	-	decodeStrLean encoding = str.extract 0 i
velvet	crush-alethe	e90d79341bb8ef510ec868623e74cfe98feaa4e8	e90d79341bb8ef510ec868623e74cfe98feaa4e8	leanprover/lean4:v4.32.2	1	Velvet/Examples/EncodeDecodeStr.lean	encodeStr_correct	21	16873295595722686018	fail	translation	508	"crush: cvc5 did not emit an Alethe certificate: Proof unsupported by Alethe: contains operator DUMMY_SKOLEM. Set `crush.reconstruct` to ""auto"" to use core-directed reconstruction instead."	is_valid_run_sequence encoding
velvet	crush-alethe	e90d79341bb8ef510ec868623e74cfe98feaa4e8	e90d79341bb8ef510ec868623e74cfe98feaa4e8	leanprover/lean4:v4.32.2	1	Velvet/Examples/EncodeDecodeStr.lean	encodeStr_correct	22	5769627519083430677	fail	translation	518	"crush: cvc5 did not emit an Alethe certificate: Proof unsupported by Alethe: contains operator DUMMY_SKOLEM. Set `crush.reconstruct` to ""auto"" to use core-directed reconstruction instead."	¬i < str.size
velvet	crush-alethe	e90d79341bb8ef510ec868623e74cfe98feaa4e8	e90d79341bb8ef510ec868623e74cfe98feaa4e8	leanprover/lean4:v4.32.2	1	Velvet/Examples/EncodeDecodeStr.lean	encodeStr_correct	23	15630242782200619292	fail	translation	494	"crush: cvc5 did not emit an Alethe certificate: Proof unsupported by Alethe: contains operator DUMMY_SKOLEM. Set `crush.reconstruct` to ""auto"" to use core-directed reconstruction instead."	0 ≤ 0 ∧ 0 ≤ str.size
velvet	crush-alethe	e90d79341bb8ef510ec868623e74cfe98feaa4e8	e90d79341bb8ef510ec868623e74cfe98feaa4e8	leanprover/lean4:v4.32.2	1	Velvet/Examples/EncodeDecodeStr.lean	encodeStr_correct	24	4390242841053229048	pass	-	1	-	decodeStrLean #[] = str.extract 0 0
velvet	crush-alethe	e90d79341bb8ef510ec868623e74cfe98feaa4e8	e90d79341bb8ef510ec868623e74cfe98feaa4e8	leanprover/lean4:v4.32.2	1	Velvet/Examples/EncodeDecodeStr.lean	encodeStr_correct	25	4098508629850130765	fail	unknown	517	crush: solver returned `unknown` (no reason given). Try increasing `crush.timeout` or adding hypotheses.	is_valid_run_sequence #[]
velvet	crush-alethe	e90d79341bb8ef510ec868623e74cfe98feaa4e8	e90d79341bb8ef510ec868623e74cfe98feaa4e8	leanprover/lean4:v4.32.2	1	Velvet/Examples/EncodeDecodeStr.lean	encodeStr_correct	26	6449688271898666716	fail	timeout	5511	crush: solver returned `unknown` (solver exited without a verdict: cvc5 interrupted by timeout.). Try increasing `crush.timeout` or adding hypotheses.	decodeStrLean i_1 = str
velvet	crush-alethe	e90d79341bb8ef510ec868623e74cfe98feaa4e8	e90d79341bb8ef510ec868623e74cfe98feaa4e8	leanprover/lean4:v4.32.2	1	Velvet/Examples/EncodeDecodeStr.lean	encodeStr_correct	27	3108445719328028112	fail	translation	513	"crush: cvc5 did not emit an Alethe certificate: Proof unsupported by Alethe: contains operator DUMMY_SKOLEM. Set `crush.reconstruct` to ""auto"" to use core-directed reconstruction instead."	is_valid_run_sequence i_1
velvet	crush-alethe	e90d79341bb8ef510ec868623e74cfe98feaa4e8	e90d79341bb8ef510ec868623e74cfe98feaa4e8	leanprover/lean4:v4.32.2	1	Velvet/Examples/Examples.lean	insertionSort_correct	1	6162910358734672275	pass	-	9	-	((arr_1.set! (mind - 1) arr_1[mind]!).set! mind arr_1[mind - 1]!).size = arrOld.size
velvet	crush-alethe	e90d79341bb8ef510ec868623e74cfe98feaa4e8	e90d79341bb8ef510ec868623e74cfe98feaa4e8	leanprover/lean4:v4.32.2	1	Velvet/Examples/Examples.lean	insertionSort_correct	2	1066791641437412485	fail	translation	632	"crush: cvc5 did not emit an Alethe certificate: Proof unsupported by Alethe: contains operator DUMMY_SKOLEM. Set `crush.reconstruct` to ""auto"" to use core-directed reconstruction instead."	mind - 1 ≤ n
velvet	crush-alethe	e90d79341bb8ef510ec868623e74cfe98feaa4e8	e90d79341bb8ef510ec868623e74cfe98feaa4e8	leanprover/lean4:v4.32.2	1	Velvet/Examples/Examples.lean	insertionSort_correct	3	9866248891257573647	fail	translation	3840	"crush: cvc5 did not emit an Alethe certificate: Proof unsupported by Alethe: contains operator DUMMY_SKOLEM. Set `crush.reconstruct` to ""auto"" to use core-directed reconstruction instead."	∀ (i j : ℕ),   0 ≤ i →     i < j →       j ≤ n →         j ≠ mind - 1 →           ((arr_1.set! (mind - 1) arr_1[mind]!).set! mind arr_1[mind - 1]!)[i]! ≤             ((arr_1.set! (mind - 1) arr_1[mind]!).set! mind arr_1[mind - 1]!)[j]!
velvet	crush-alethe	e90d79341bb8ef510ec868623e74cfe98feaa4e8	e90d79341bb8ef510ec868623e74cfe98feaa4e8	leanprover/lean4:v4.32.2	1	Velvet/Examples/Examples.lean	insertionSort_correct	4	18360837223612973524	fail	translation	618	"crush: cvc5 did not emit an Alethe certificate: Proof unsupported by Alethe: contains operator DUMMY_SKOLEM. Set `crush.reconstruct` to ""auto"" to use core-directed reconstruction instead."	((arr_1.set! (mind - 1) arr_1[mind]!).set! mind arr_1[mind - 1]!).toMultiset = arrOld.toMultiset
velvet	crush-alethe	e90d79341bb8ef510ec868623e74cfe98feaa4e8	e90d79341bb8ef510ec868623e74cfe98feaa4e8	leanprover/lean4:v4.32.2	1	Velvet/Examples/Examples.lean	insertionSort_correct	5	5794584936190196715	pass	-	9	-	arr_1.size = arrOld.size
velvet	crush-alethe	e90d79341bb8ef510ec868623e74cfe98feaa4e8	e90d79341bb8ef510ec868623e74cfe98feaa4e8	leanprover/lean4:v4.32.2	1	Velvet/Examples/Examples.lean	insertionSort_correct	6	1066791641437412485	fail	translation	617	"crush: cvc5 did not emit an Alethe certificate: Proof unsupported by Alethe: contains operator DUMMY_SKOLEM. Set `crush.reconstruct` to ""auto"" to use core-directed reconstruction instead."	mind - 1 ≤ n
velvet	crush-alethe	e90d79341bb8ef510ec868623e74cfe98feaa4e8	e90d79341bb8ef510ec868623e74cfe98feaa4e8	leanprover/lean4:v4.32.2	1	Velvet/Examples/Examples.lean	insertionSort_correct	7	14825588553610653054	fail	timeout	11392	crush: solver returned `unknown` (solver exited without a verdict: cvc5 interrupted by timeout.). Try increasing `crush.timeout` or adding hypotheses.	∀ (i j : ℕ), 0 ≤ i → i < j → j ≤ n → j ≠ mind - 1 → arr_1[i]! ≤ arr_1[j]!
velvet	crush-alethe	e90d79341bb8ef510ec868623e74cfe98feaa4e8	e90d79341bb8ef510ec868623e74cfe98feaa4e8	leanprover/lean4:v4.32.2	1	Velvet/Examples/Examples.lean	insertionSort_correct	8	15257391885382474665	pass	-	8	-	arr_1.toMultiset = arrOld.toMultiset
velvet	crush-alethe	e90d79341bb8ef510ec868623e74cfe98feaa4e8	e90d79341bb8ef510ec868623e74cfe98feaa4e8	leanprover/lean4:v4.32.2	1	Velvet/Examples/Examples.lean	insertionSort_correct	9	5794584936190196715	pass	-	8	-	arr_1.size = arrOld.size
velvet	crush-alethe	e90d79341bb8ef510ec868623e74cfe98feaa4e8	e90d79341bb8ef510ec868623e74cfe98feaa4e8	leanprover/lean4:v4.32.2	1	Velvet/Examples/Examples.lean	insertionSort_correct	10	12031026870814429192	pass	-	7	-	mind ≤ n
velvet	crush-alethe	e90d79341bb8ef510ec868623e74cfe98feaa4e8	e90d79341bb8ef510ec868623e74cfe98feaa4e8	leanprover/lean4:v4.32.2	1	Velvet/Examples/Examples.lean	insertionSort_correct	11	16465886849738339639	fail	translation	699	"crush: cvc5 did not emit an Alethe certificate: Proof unsupported by Alethe: contains operator DUMMY_SKOLEM. Set `crush.reconstruct` to ""auto"" to use core-directed reconstruction instead."	∀ (i j : ℕ), 0 ≤ i → i < j → j ≤ n → j ≠ mind → arr_1[i]! ≤ arr_1[j]!
velvet	crush-alethe	e90d79341bb8ef510ec868623e74cfe98feaa4e8	e90d79341bb8ef510ec868623e74cfe98feaa4e8	leanprover/lean4:v4.32.2	1	Velvet/Examples/Examples.lean	insertionSort_correct	12	15257391885382474665	pass	-	8	-	arr_1.toMultiset = arrOld.toMultiset
velvet	crush-alethe	e90d79341bb8ef510ec868623e74cfe98feaa4e8	e90d79341bb8ef510ec868623e74cfe98feaa4e8	leanprover/lean4:v4.32.2	1	Velvet/Examples/Examples.lean	insertionSort_correct	13	2438232962388206336	fail	translation	536	"crush: cvc5 did not emit an Alethe certificate: Proof unsupported by Alethe: contains operator DUMMY_SKOLEM. Set `crush.reconstruct` to ""auto"" to use core-directed reconstruction instead."	mind = 0
velvet	crush-alethe	e90d79341bb8ef510ec868623e74cfe98feaa4e8	e90d79341bb8ef510ec868623e74cfe98feaa4e8	leanprover/lean4:v4.32.2	1	Velvet/Examples/Examples.lean	insertionSort_correct	14	5964899400721509044	pass	-	4	-	arr.size = arrOld.size
velvet	crush-alethe	e90d79341bb8ef510ec868623e74cfe98feaa4e8	e90d79341bb8ef510ec868623e74cfe98feaa4e8	leanprover/lean4:v4.32.2	1	Velvet/Examples/Examples.lean	insertionSort_correct	15	12155028420956038391	fail	translation	509	"crush: cvc5 did not emit an Alethe certificate: Proof unsupported by Alethe: contains operator DUMMY_SKOLEM. Set `crush.reconstruct` to ""auto"" to use core-directed reconstruction instead."	n ≤ n
velvet	crush-alethe	e90d79341bb8ef510ec868623e74cfe98feaa4e8	e90d79341bb8ef510ec868623e74cfe98feaa4e8	leanprover/lean4:v4.32.2	1	Velvet/Examples/Examples.lean	insertionSort_correct	16	14852526092468225565	fail	translation	664	"crush: cvc5 did not emit an Alethe certificate: Proof unsupported by Alethe: contains operator DUMMY_SKOLEM. Set `crush.reconstruct` to ""auto"" to use core-directed reconstruction instead."	∀ (i j : ℕ), 0 ≤ i → i < j → j ≤ n → j ≠ n → arr[i]! ≤ arr[j]!
velvet	crush-alethe	e90d79341bb8ef510ec868623e74cfe98feaa4e8	e90d79341bb8ef510ec868623e74cfe98feaa4e8	leanprover/lean4:v4.32.2	1	Velvet/Examples/Examples.lean	insertionSort_correct	17	17117294935281830098	pass	-	5	-	arr.toMultiset = arrOld.toMultiset
velvet	crush-alethe	e90d79341bb8ef510ec868623e74cfe98feaa4e8	e90d79341bb8ef510ec868623e74cfe98feaa4e8	leanprover/lean4:v4.32.2	1	Velvet/Examples/Examples.lean	insertionSort_correct	18	5288706169439222084	pass	-	13	-	i.size = arrOld.size
velvet	crush-alethe	e90d79341bb8ef510ec868623e74cfe98feaa4e8	e90d79341bb8ef510ec868623e74cfe98feaa4e8	leanprover/lean4:v4.32.2	1	Velvet/Examples/Examples.lean	insertionSort_correct	19	12688677688377801211	fail	translation	545	"crush: cvc5 did not emit an Alethe certificate: Proof unsupported by Alethe: contains operator DUMMY_SKOLEM. Set `crush.reconstruct` to ""auto"" to use core-directed reconstruction instead."	1 ≤ n + 1 ∧ n + 1 ≤ i.size
velvet	crush-alethe	e90d79341bb8ef510ec868623e74cfe98feaa4e8	e90d79341bb8ef510ec868623e74cfe98feaa4e8	leanprover/lean4:v4.32.2	1	Velvet/Examples/Examples.lean	insertionSort_correct	20	7903702650473013145	fail	translation	713	"crush: cvc5 did not emit an Alethe certificate: Proof unsupported by Alethe: contains operator DUMMY_SKOLEM. Set `crush.reconstruct` to ""auto"" to use core-directed reconstruction instead."	∀ (i_2 j : ℕ), 0 ≤ i_2 → i_2 < j → j ≤ n + 1 - 1 → i[i_2]! ≤ i[j]!
velvet	crush-alethe	e90d79341bb8ef510ec868623e74cfe98feaa4e8	e90d79341bb8ef510ec868623e74cfe98feaa4e8	leanprover/lean4:v4.32.2	1	Velvet/Examples/Examples.lean	insertionSort_correct	21	8905801618567038615	pass	-	13	-	i.toMultiset = arrOld.toMultiset
velvet	crush-alethe	e90d79341bb8ef510ec868623e74cfe98feaa4e8	e90d79341bb8ef510ec868623e74cfe98feaa4e8	leanprover/lean4:v4.32.2	1	Velvet/Examples/Examples.lean	insertionSort_correct	22	5964899400721509044	pass	-	4	-	arr.size = arrOld.size
velvet	crush-alethe	e90d79341bb8ef510ec868623e74cfe98feaa4e8	e90d79341bb8ef510ec868623e74cfe98feaa4e8	leanprover/lean4:v4.32.2	1	Velvet/Examples/Examples.lean	insertionSort_correct	23	5379360585891885096	fail	translation	516	"crush: cvc5 did not emit an Alethe certificate: Proof unsupported by Alethe: contains operator DUMMY_SKOLEM. Set `crush.reconstruct` to ""auto"" to use core-directed reconstruction instead."	1 ≤ n ∧ n ≤ arr.size
velvet	crush-alethe	e90d79341bb8ef510ec868623e74cfe98feaa4e8	e90d79341bb8ef510ec868623e74cfe98feaa4e8	leanprover/lean4:v4.32.2	1	Velvet/Examples/Examples.lean	insertionSort_correct	24	11248877774576345437	fail	translation	685	"crush: cvc5 did not emit an Alethe certificate: Proof unsupported by Alethe: contains operator DUMMY_SKOLEM. Set `crush.reconstruct` to ""auto"" to use core-directed reconstruction instead."	∀ (i j : ℕ), 0 ≤ i → i < j → j ≤ n - 1 → arr[i]! ≤ arr[j]!
velvet	crush-alethe	e90d79341bb8ef510ec868623e74cfe98feaa4e8	e90d79341bb8ef510ec868623e74cfe98feaa4e8	leanprover/lean4:v4.32.2	1	Velvet/Examples/Examples.lean	insertionSort_correct	25	17117294935281830098	pass	-	5	-	arr.toMultiset = arrOld.toMultiset
velvet	crush-alethe	e90d79341bb8ef510ec868623e74cfe98feaa4e8	e90d79341bb8ef510ec868623e74cfe98feaa4e8	leanprover/lean4:v4.32.2	1	Velvet/Examples/Examples.lean	insertionSort_correct	26	11532741708565178815	fail	translation	515	"crush: cvc5 did not emit an Alethe certificate: Proof unsupported by Alethe: contains operator DUMMY_SKOLEM. Set `crush.reconstruct` to ""auto"" to use core-directed reconstruction instead."	n = arr.size
velvet	crush-alethe	e90d79341bb8ef510ec868623e74cfe98feaa4e8	e90d79341bb8ef510ec868623e74cfe98feaa4e8	leanprover/lean4:v4.32.2	1	Velvet/Examples/Examples.lean	insertionSort_correct	27	13894794097547967513	fail	translation	504	"crush: cvc5 did not emit an Alethe certificate: Proof unsupported by Alethe: contains operator DUMMY_SKOLEM. Set `crush.reconstruct` to ""auto"" to use core-directed reconstruction instead."	1 ≤ 1 ∧ 1 ≤ arrOld.size
velvet	crush-alethe	e90d79341bb8ef510ec868623e74cfe98feaa4e8	e90d79341bb8ef510ec868623e74cfe98feaa4e8	leanprover/lean4:v4.32.2	1	Velvet/Examples/Examples.lean	insertionSort_correct	28	11235314628722112900	fail	translation	562	"crush: cvc5 did not emit an Alethe certificate: Proof unsupported by Alethe: contains operator DUMMY_SKOLEM. Set `crush.reconstruct` to ""auto"" to use core-directed reconstruction instead."	∀ (i j : ℕ), 0 ≤ i → i < j → j ≤ 1 - 1 → arrOld[i]! ≤ arrOld[j]!
velvet	crush-alethe	e90d79341bb8ef510ec868623e74cfe98feaa4e8	e90d79341bb8ef510ec868623e74cfe98feaa4e8	leanprover/lean4:v4.32.2	1	Velvet/Examples/Examples.lean	insertionSort_correct	29	8905801618567038615	pass	-	9	-	i.toMultiset = arrOld.toMultiset
velvet	crush-alethe	e90d79341bb8ef510ec868623e74cfe98feaa4e8	e90d79341bb8ef510ec868623e74cfe98feaa4e8	leanprover/lean4:v4.32.2	1	Velvet/Examples/Examples.lean	insertionSort_correct	30	18214290959922115111	fail	translation	679	"crush: cvc5 did not emit an Alethe certificate: Proof unsupported by Alethe: contains operator DUMMY_SKOLEM. Set `crush.reconstruct` to ""auto"" to use core-directed reconstruction instead."	∀ (i_2 j : ℕ), 0 ≤ i_2 → i_2 ≤ j → j < i.size → i[i_2]! ≤ i[j]!
velvet	crush-alethe	e90d79341bb8ef510ec868623e74cfe98feaa4e8	e90d79341bb8ef510ec868623e74cfe98feaa4e8	leanprover/lean4:v4.32.2	1	Velvet/Examples/Examples.lean	sqrt_correct	31	17119794831572106230	pass	-	644	-	∀ (i : ℕ), i * i ≤ x → i ≤ 0
velvet	crush-alethe	e90d79341bb8ef510ec868623e74cfe98feaa4e8	e90d79341bb8ef510ec868623e74cfe98feaa4e8	leanprover/lean4:v4.32.2	1	Velvet/Examples/Examples.lean	sqrt_correct	32	16395326812896940336	pass	-	655	-	∀ i ≤ 0, i * i ≤ x
velvet	crush-alethe	e90d79341bb8ef510ec868623e74cfe98feaa4e8	e90d79341bb8ef510ec868623e74cfe98feaa4e8	leanprover/lean4:v4.32.2	1	Velvet/Examples/Examples.lean	sqrt_correct	33	4559485301326837329	pass	-	550	-	0 * 0 ≤ x
velvet	crush-alethe	e90d79341bb8ef510ec868623e74cfe98feaa4e8	e90d79341bb8ef510ec868623e74cfe98feaa4e8	leanprover/lean4:v4.32.2	1	Velvet/Examples/Examples.lean	sqrt_correct	34	15833581759277421577	fail	reconstruction	747	"crush: Alethe replay failed with rule-gap at step `crush_fact_2`: decoded SMT assumption was not derivable from its Lean source fact; certificate term: (forall ((q_1 Int)) (=> (>= q_1 0) (=> (< q_1 i_2) (<= (* q_1 q_1) x_0)))). Set `crush.reconstruct` to ""auto"" to fall back to the core-directed finishers."	∀ j < i + 1, j * j ≤ x
velvet	crush-alethe	e90d79341bb8ef510ec868623e74cfe98feaa4e8	e90d79341bb8ef510ec868623e74cfe98feaa4e8	leanprover/lean4:v4.32.2	1	Velvet/Examples/Examples.lean	sqrt_correct	35	7228731597997214785	fail	reconstruction	672	"crush: Alethe replay failed with rule-gap at step `crush_fact_2`: decoded SMT assumption was not derivable from its Lean source fact; certificate term: (forall ((q_1 Int)) (=> (>= q_1 0) (=> (< q_1 i_2) (<= (* q_1 q_1) x_0)))). Set `crush.reconstruct` to ""auto"" to fall back to the core-directed finishers."	∀ j < i, j * j ≤ x
velvet	crush-alethe	e90d79341bb8ef510ec868623e74cfe98feaa4e8	e90d79341bb8ef510ec868623e74cfe98feaa4e8	leanprover/lean4:v4.32.2	1	Velvet/Examples/Examples.lean	sqrt_correct	36	17256355208408803011	fail	reconstruction	606	"crush: Alethe replay failed with rule-gap at step `crush_fact_2`: decoded SMT assumption was not derivable from its Lean source fact; certificate term: (forall ((q_1 Int)) (=> (>= q_1 0) (=> (< q_1 i_2) (<= (* q_1 q_1) x_0)))). Set `crush.reconstruct` to ""auto"" to fall back to the core-directed finishers."	x < i * i
velvet	crush-alethe	e90d79341bb8ef510ec868623e74cfe98feaa4e8	e90d79341bb8ef510ec868623e74cfe98feaa4e8	leanprover/lean4:v4.32.2	1	Velvet/Examples/Examples.lean	sqrt_correct	37	13635698331308129878	pass	-	595	-	∀ j < 0, j * j ≤ x
velvet	crush-alethe	e90d79341bb8ef510ec868623e74cfe98feaa4e8	e90d79341bb8ef510ec868623e74cfe98feaa4e8	leanprover/lean4:v4.32.2	1	Velvet/Examples/Examples.lean	sqrt_correct	38	10800841518550636949	fail	reconstruction	790	"crush: Alethe replay failed with rule-gap at step `crush_fact_2`: decoded SMT assumption was not derivable from its Lean source fact; certificate term: (forall ((q_1 Int)) (=> (>= q_1 0) (=> (< q_1 i_2) (<= (* q_1 q_1) x_0)))). Set `crush.reconstruct` to ""auto"" to fall back to the core-directed finishers."	∀ (i_1 : ℕ), i_1 * i_1 ≤ x → i_1 ≤ i - 1
velvet	crush-alethe	e90d79341bb8ef510ec868623e74cfe98feaa4e8	e90d79341bb8ef510ec868623e74cfe98feaa4e8	leanprover/lean4:v4.32.2	1	Velvet/Examples/Examples.lean	sqrt_correct	39	12457966505053151830	fail	reconstruction	747	"crush: Alethe replay failed with rule-gap at step `crush_fact_2`: decoded SMT assumption was not derivable from its Lean source fact; certificate term: (forall ((q_1 Int)) (=> (>= q_1 0) (=> (< q_1 i_2) (<= (* q_1 q_1) x_0)))). Set `crush.reconstruct` to ""auto"" to fall back to the core-directed finishers."	∀ i_1 ≤ i - 1, i_1 * i_1 ≤ x
velvet	crush-alethe	e90d79341bb8ef510ec868623e74cfe98feaa4e8	e90d79341bb8ef510ec868623e74cfe98feaa4e8	leanprover/lean4:v4.32.2	1	Velvet/Examples/Examples.lean	sqrt_correct	40	17578352201394481400	fail	reconstruction	785	"crush: Alethe replay failed with rule-gap at step `crush_fact_2`: decoded SMT assumption was not derivable from its Lean source fact; certificate term: (forall ((q_1 Int)) (=> (>= q_1 0) (=> (< q_1 i_2) (<= (* q_1 q_1) x_0)))). Set `crush.reconstruct` to ""auto"" to fall back to the core-directed finishers."	(i - 1) * (i - 1) ≤ x
velvet	crush-alethe	e90d79341bb8ef510ec868623e74cfe98feaa4e8	e90d79341bb8ef510ec868623e74cfe98feaa4e8	leanprover/lean4:v4.32.2	1	Velvet/Examples/Examples_Total.lean	insertionSort_total_correct	1	6162910358734672275	pass	-	8	-	((arr_1.set! (mind - 1) arr_1[mind]!).set! mind arr_1[mind - 1]!).size = arrOld.size
velvet	crush-alethe	e90d79341bb8ef510ec868623e74cfe98feaa4e8	e90d79341bb8ef510ec868623e74cfe98feaa4e8	leanprover/lean4:v4.32.2	1	Velvet/Examples/Examples_Total.lean	insertionSort_total_correct	2	1066791641437412485	fail	translation	634	"crush: cvc5 did not emit an Alethe certificate: Proof unsupported by Alethe: contains operator DUMMY_SKOLEM. Set `crush.reconstruct` to ""auto"" to use core-directed reconstruction instead."	mind - 1 ≤ n
velvet	crush-alethe	e90d79341bb8ef510ec868623e74cfe98feaa4e8	e90d79341bb8ef510ec868623e74cfe98feaa4e8	leanprover/lean4:v4.32.2	1	Velvet/Examples/Examples_Total.lean	insertionSort_total_correct	3	9866248891257573647	fail	translation	3758	"crush: cvc5 did not emit an Alethe certificate: Proof unsupported by Alethe: contains operator DUMMY_SKOLEM. Set `crush.reconstruct` to ""auto"" to use core-directed reconstruction instead."	∀ (i j : ℕ),   0 ≤ i →     i < j →       j ≤ n →         j ≠ mind - 1 →           ((arr_1.set! (mind - 1) arr_1[mind]!).set! mind arr_1[mind - 1]!)[i]! ≤             ((arr_1.set! (mind - 1) arr_1[mind]!).set! mind arr_1[mind - 1]!)[j]!
velvet	crush-alethe	e90d79341bb8ef510ec868623e74cfe98feaa4e8	e90d79341bb8ef510ec868623e74cfe98feaa4e8	leanprover/lean4:v4.32.2	1	Velvet/Examples/Examples_Total.lean	insertionSort_total_correct	4	18360837223612973524	fail	translation	633	"crush: cvc5 did not emit an Alethe certificate: Proof unsupported by Alethe: contains operator DUMMY_SKOLEM. Set `crush.reconstruct` to ""auto"" to use core-directed reconstruction instead."	((arr_1.set! (mind - 1) arr_1[mind]!).set! mind arr_1[mind - 1]!).toMultiset = arrOld.toMultiset
velvet	crush-alethe	e90d79341bb8ef510ec868623e74cfe98feaa4e8	e90d79341bb8ef510ec868623e74cfe98feaa4e8	leanprover/lean4:v4.32.2	1	Velvet/Examples/Examples_Total.lean	insertionSort_total_correct	5	11568103068982921353	fail	translation	619	"crush: cvc5 did not emit an Alethe certificate: Proof unsupported by Alethe: contains operator DUMMY_SKOLEM. Set `crush.reconstruct` to ""auto"" to use core-directed reconstruction instead."	mind - 1 < mind
velvet	crush-alethe	e90d79341bb8ef510ec868623e74cfe98feaa4e8	e90d79341bb8ef510ec868623e74cfe98feaa4e8	leanprover/lean4:v4.32.2	1	Velvet/Examples/Examples_Total.lean	insertionSort_total_correct	6	5794584936190196715	pass	-	8	-	arr_1.size = arrOld.size
velvet	crush-alethe	e90d79341bb8ef510ec868623e74cfe98feaa4e8	e90d79341bb8ef510ec868623e74cfe98feaa4e8	leanprover/lean4:v4.32.2	1	Velvet/Examples/Examples_Total.lean	insertionSort_total_correct	7	1066791641437412485	fail	translation	612	"crush: cvc5 did not emit an Alethe certificate: Proof unsupported by Alethe: contains operator DUMMY_SKOLEM. Set `crush.reconstruct` to ""auto"" to use core-directed reconstruction instead."	mind - 1 ≤ n
velvet	crush-alethe	e90d79341bb8ef510ec868623e74cfe98feaa4e8	e90d79341bb8ef510ec868623e74cfe98feaa4e8	leanprover/lean4:v4.32.2	1	Velvet/Examples/Examples_Total.lean	insertionSort_total_correct	8	14825588553610653054	fail	timeout	11375	crush: solver returned `unknown` (solver exited without a verdict: cvc5 interrupted by timeout.). Try increasing `crush.timeout` or adding hypotheses.	∀ (i j : ℕ), 0 ≤ i → i < j → j ≤ n → j ≠ mind - 1 → arr_1[i]! ≤ arr_1[j]!
velvet	crush-alethe	e90d79341bb8ef510ec868623e74cfe98feaa4e8	e90d79341bb8ef510ec868623e74cfe98feaa4e8	leanprover/lean4:v4.32.2	1	Velvet/Examples/Examples_Total.lean	insertionSort_total_correct	9	15257391885382474665	pass	-	9	-	arr_1.toMultiset = arrOld.toMultiset
velvet	crush-alethe	e90d79341bb8ef510ec868623e74cfe98feaa4e8	e90d79341bb8ef510ec868623e74cfe98feaa4e8	leanprover/lean4:v4.32.2	1	Velvet/Examples/Examples_Total.lean	insertionSort_total_correct	10	11568103068982921353	fail	translation	655	"crush: cvc5 did not emit an Alethe certificate: Proof unsupported by Alethe: contains operator DUMMY_SKOLEM. Set `crush.reconstruct` to ""auto"" to use core-directed reconstruction instead."	mind - 1 < mind
velvet	crush-alethe	e90d79341bb8ef510ec868623e74cfe98feaa4e8	e90d79341bb8ef510ec868623e74cfe98feaa4e8	leanprover/lean4:v4.32.2	1	Velvet/Examples/Examples_Total.lean	insertionSort_total_correct	11	5794584936190196715	pass	-	11	-	arr_1.size = arrOld.size
velvet	crush-alethe	e90d79341bb8ef510ec868623e74cfe98feaa4e8	e90d79341bb8ef510ec868623e74cfe98feaa4e8	leanprover/lean4:v4.32.2	1	Velvet/Examples/Examples_Total.lean	insertionSort_total_correct	12	12031026870814429192	pass	-	9	-	mind ≤ n
velvet	crush-alethe	e90d79341bb8ef510ec868623e74cfe98feaa4e8	e90d79341bb8ef510ec868623e74cfe98feaa4e8	leanprover/lean4:v4.32.2	1	Velvet/Examples/Examples_Total.lean	insertionSort_total_correct	13	16465886849738339639	fail	translation	713	"crush: cvc5 did not emit an Alethe certificate: Proof unsupported by Alethe: contains operator DUMMY_SKOLEM. Set `crush.reconstruct` to ""auto"" to use core-directed reconstruction instead."	∀ (i j : ℕ), 0 ≤ i → i < j → j ≤ n → j ≠ mind → arr_1[i]! ≤ arr_1[j]!
velvet	crush-alethe	e90d79341bb8ef510ec868623e74cfe98feaa4e8	e90d79341bb8ef510ec868623e74cfe98feaa4e8	leanprover/lean4:v4.32.2	1	Velvet/Examples/Examples_Total.lean	insertionSort_total_correct	14	15257391885382474665	pass	-	8	-	arr_1.toMultiset = arrOld.toMultiset
velvet	crush-alethe	e90d79341bb8ef510ec868623e74cfe98feaa4e8	e90d79341bb8ef510ec868623e74cfe98feaa4e8	leanprover/lean4:v4.32.2	1	Velvet/Examples/Examples_Total.lean	insertionSort_total_correct	15	5918835836158453730	fail	translation	559	"crush: cvc5 did not emit an Alethe certificate: Proof unsupported by Alethe: contains operator DUMMY_SKOLEM. Set `crush.reconstruct` to ""auto"" to use core-directed reconstruction instead."	¬mind ≠ 0
velvet	crush-alethe	e90d79341bb8ef510ec868623e74cfe98feaa4e8	e90d79341bb8ef510ec868623e74cfe98feaa4e8	leanprover/lean4:v4.32.2	1	Velvet/Examples/Examples_Total.lean	insertionSort_total_correct	16	5964899400721509044	pass	-	6	-	arr.size = arrOld.size
velvet	crush-alethe	e90d79341bb8ef510ec868623e74cfe98feaa4e8	e90d79341bb8ef510ec868623e74cfe98feaa4e8	leanprover/lean4:v4.32.2	1	Velvet/Examples/Examples_Total.lean	insertionSort_total_correct	17	12155028420956038391	fail	translation	605	"crush: cvc5 did not emit an Alethe certificate: Proof unsupported by Alethe: contains operator DUMMY_SKOLEM. Set `crush.reconstruct` to ""auto"" to use core-directed reconstruction instead."	n ≤ n
velvet	crush-alethe	e90d79341bb8ef510ec868623e74cfe98feaa4e8	e90d79341bb8ef510ec868623e74cfe98feaa4e8	leanprover/lean4:v4.32.2	1	Velvet/Examples/Examples_Total.lean	insertionSort_total_correct	18	14852526092468225565	fail	translation	693	"crush: cvc5 did not emit an Alethe certificate: Proof unsupported by Alethe: contains operator DUMMY_SKOLEM. Set `crush.reconstruct` to ""auto"" to use core-directed reconstruction instead."	∀ (i j : ℕ), 0 ≤ i → i < j → j ≤ n → j ≠ n → arr[i]! ≤ arr[j]!
velvet	crush-alethe	e90d79341bb8ef510ec868623e74cfe98feaa4e8	e90d79341bb8ef510ec868623e74cfe98feaa4e8	leanprover/lean4:v4.32.2	1	Velvet/Examples/Examples_Total.lean	insertionSort_total_correct	19	17117294935281830098	pass	-	4	-	arr.toMultiset = arrOld.toMultiset
velvet	crush-alethe	e90d79341bb8ef510ec868623e74cfe98feaa4e8	e90d79341bb8ef510ec868623e74cfe98feaa4e8	leanprover/lean4:v4.32.2	1	Velvet/Examples/Examples_Total.lean	insertionSort_total_correct	20	5288706169439222084	pass	-	14	-	i.size = arrOld.size
velvet	crush-alethe	e90d79341bb8ef510ec868623e74cfe98feaa4e8	e90d79341bb8ef510ec868623e74cfe98feaa4e8	leanprover/lean4:v4.32.2	1	Velvet/Examples/Examples_Total.lean	insertionSort_total_correct	21	12688677688377801211	fail	translation	529	"crush: cvc5 did not emit an Alethe certificate: Proof unsupported by Alethe: contains operator DUMMY_SKOLEM. Set `crush.reconstruct` to ""auto"" to use core-directed reconstruction instead."	1 ≤ n + 1 ∧ n + 1 ≤ i.size
velvet	crush-alethe	e90d79341bb8ef510ec868623e74cfe98feaa4e8	e90d79341bb8ef510ec868623e74cfe98feaa4e8	leanprover/lean4:v4.32.2	1	Velvet/Examples/Examples_Total.lean	insertionSort_total_correct	22	7903702650473013145	fail	translation	692	"crush: cvc5 did not emit an Alethe certificate: Proof unsupported by Alethe: contains operator DUMMY_SKOLEM. Set `crush.reconstruct` to ""auto"" to use core-directed reconstruction instead."	∀ (i_2 j : ℕ), 0 ≤ i_2 → i_2 < j → j ≤ n + 1 - 1 → i[i_2]! ≤ i[j]!
velvet	crush-alethe	e90d79341bb8ef510ec868623e74cfe98feaa4e8	e90d79341bb8ef510ec868623e74cfe98feaa4e8	leanprover/lean4:v4.32.2	1	Velvet/Examples/Examples_Total.lean	insertionSort_total_correct	23	8905801618567038615	pass	-	13	-	i.toMultiset = arrOld.toMultiset
velvet	crush-alethe	e90d79341bb8ef510ec868623e74cfe98feaa4e8	e90d79341bb8ef510ec868623e74cfe98feaa4e8	leanprover/lean4:v4.32.2	1	Velvet/Examples/Examples_Total.lean	insertionSort_total_correct	24	18088860687919872176	fail	translation	542	"crush: cvc5 did not emit an Alethe certificate: Proof unsupported by Alethe: contains operator DUMMY_SKOLEM. Set `crush.reconstruct` to ""auto"" to use core-directed reconstruction instead."	i.size - (n + 1) < arr.size - n
velvet	crush-alethe	e90d79341bb8ef510ec868623e74cfe98feaa4e8	e90d79341bb8ef510ec868623e74cfe98feaa4e8	leanprover/lean4:v4.32.2	1	Velvet/Examples/Examples_Total.lean	insertionSort_total_correct	25	5964899400721509044	pass	-	5	-	arr.size = arrOld.size
velvet	crush-alethe	e90d79341bb8ef510ec868623e74cfe98feaa4e8	e90d79341bb8ef510ec868623e74cfe98feaa4e8	leanprover/lean4:v4.32.2	1	Velvet/Examples/Examples_Total.lean	insertionSort_total_correct	26	5379360585891885096	fail	translation	502	"crush: cvc5 did not emit an Alethe certificate: Proof unsupported by Alethe: contains operator DUMMY_SKOLEM. Set `crush.reconstruct` to ""auto"" to use core-directed reconstruction instead."	1 ≤ n ∧ n ≤ arr.size
velvet	crush-alethe	e90d79341bb8ef510ec868623e74cfe98feaa4e8	e90d79341bb8ef510ec868623e74cfe98feaa4e8	leanprover/lean4:v4.32.2	1	Velvet/Examples/Examples_Total.lean	insertionSort_total_correct	27	11248877774576345437	fail	translation	671	"crush: cvc5 did not emit an Alethe certificate: Proof unsupported by Alethe: contains operator DUMMY_SKOLEM. Set `crush.reconstruct` to ""auto"" to use core-directed reconstruction instead."	∀ (i j : ℕ), 0 ≤ i → i < j → j ≤ n - 1 → arr[i]! ≤ arr[j]!
velvet	crush-alethe	e90d79341bb8ef510ec868623e74cfe98feaa4e8	e90d79341bb8ef510ec868623e74cfe98feaa4e8	leanprover/lean4:v4.32.2	1	Velvet/Examples/Examples_Total.lean	insertionSort_total_correct	28	17117294935281830098	pass	-	5	-	arr.toMultiset = arrOld.toMultiset
velvet	crush-alethe	e90d79341bb8ef510ec868623e74cfe98feaa4e8	e90d79341bb8ef510ec868623e74cfe98feaa4e8	leanprover/lean4:v4.32.2	1	Velvet/Examples/Examples_Total.lean	insertionSort_total_correct	29	6709257883257101731	fail	translation	513	"crush: cvc5 did not emit an Alethe certificate: Proof unsupported by Alethe: contains operator DUMMY_SKOLEM. Set `crush.reconstruct` to ""auto"" to use core-directed reconstruction instead."	¬n ≠ arr.size
velvet	crush-alethe	e90d79341bb8ef510ec868623e74cfe98feaa4e8	e90d79341bb8ef510ec868623e74cfe98feaa4e8	leanprover/lean4:v4.32.2	1	Velvet/Examples/Examples_Total.lean	insertionSort_total_correct	30	13894794097547967513	fail	translation	485	"crush: cvc5 did not emit an Alethe certificate: Proof unsupported by Alethe: contains operator DUMMY_SKOLEM. Set `crush.reconstruct` to ""auto"" to use core-directed reconstruction instead."	1 ≤ 1 ∧ 1 ≤ arrOld.size
velvet	crush-alethe	e90d79341bb8ef510ec868623e74cfe98feaa4e8	e90d79341bb8ef510ec868623e74cfe98feaa4e8	leanprover/lean4:v4.32.2	1	Velvet/Examples/Examples_Total.lean	insertionSort_total_correct	31	11235314628722112900	fail	translation	574	"crush: cvc5 did not emit an Alethe certificate: Proof unsupported by Alethe: contains operator DUMMY_SKOLEM. Set `crush.reconstruct` to ""auto"" to use core-directed reconstruction instead."	∀ (i j : ℕ), 0 ≤ i → i < j → j ≤ 1 - 1 → arrOld[i]! ≤ arrOld[j]!
velvet	crush-alethe	e90d79341bb8ef510ec868623e74cfe98feaa4e8	e90d79341bb8ef510ec868623e74cfe98feaa4e8	leanprover/lean4:v4.32.2	1	Velvet/Examples/Examples_Total.lean	insertionSort_total_correct	32	891049678225498279	pass	-	8	-	arrOld.toMultiset = i.toMultiset
velvet	crush-alethe	e90d79341bb8ef510ec868623e74cfe98feaa4e8	e90d79341bb8ef510ec868623e74cfe98feaa4e8	leanprover/lean4:v4.32.2	1	Velvet/Examples/Examples_Total.lean	insertionSort_total_correct	33	18214290959922115111	fail	translation	660	"crush: cvc5 did not emit an Alethe certificate: Proof unsupported by Alethe: contains operator DUMMY_SKOLEM. Set `crush.reconstruct` to ""auto"" to use core-directed reconstruction instead."	∀ (i_2 j : ℕ), 0 ≤ i_2 → i_2 ≤ j → j < i.size → i[i_2]! ≤ i[j]!
velvet	crush-alethe	e90d79341bb8ef510ec868623e74cfe98feaa4e8	e90d79341bb8ef510ec868623e74cfe98feaa4e8	leanprover/lean4:v4.32.2	1	Velvet/Examples/Examples_Total.lean	sqrt_total_correct	34	17119794831572106230	fail	translation	494	"crush: cvc5 did not emit an Alethe certificate: Proof unsupported by Alethe: contains operator DUMMY_SKOLEM. Set `crush.reconstruct` to ""auto"" to use core-directed reconstruction instead."	∀ (i : ℕ), i * i ≤ x → i ≤ 0
velvet	crush-alethe	e90d79341bb8ef510ec868623e74cfe98feaa4e8	e90d79341bb8ef510ec868623e74cfe98feaa4e8	leanprover/lean4:v4.32.2	1	Velvet/Examples/Examples_Total.lean	sqrt_total_correct	35	16395326812896940336	fail	translation	493	"crush: cvc5 did not emit an Alethe certificate: Proof unsupported by Alethe: contains operator DUMMY_SKOLEM. Set `crush.reconstruct` to ""auto"" to use core-directed reconstruction instead."	∀ i ≤ 0, i * i ≤ x
velvet	crush-alethe	e90d79341bb8ef510ec868623e74cfe98feaa4e8	e90d79341bb8ef510ec868623e74cfe98feaa4e8	leanprover/lean4:v4.32.2	1	Velvet/Examples/Examples_Total.lean	sqrt_total_correct	36	4559485301326837329	fail	translation	498	"crush: cvc5 did not emit an Alethe certificate: Proof unsupported by Alethe: contains operator DUMMY_SKOLEM. Set `crush.reconstruct` to ""auto"" to use core-directed reconstruction instead."	0 * 0 ≤ x
velvet	crush-alethe	e90d79341bb8ef510ec868623e74cfe98feaa4e8	e90d79341bb8ef510ec868623e74cfe98feaa4e8	leanprover/lean4:v4.32.2	1	Velvet/Examples/Examples_Total.lean	sqrt_total_correct	37	15833581759277421577	fail	translation	533	"crush: cvc5 did not emit an Alethe certificate: Proof unsupported by Alethe: contains operator DUMMY_SKOLEM. Set `crush.reconstruct` to ""auto"" to use core-directed reconstruction instead."	∀ j < i + 1, j * j ≤ x
velvet	crush-alethe	e90d79341bb8ef510ec868623e74cfe98feaa4e8	e90d79341bb8ef510ec868623e74cfe98feaa4e8	leanprover/lean4:v4.32.2	1	Velvet/Examples/Examples_Total.lean	sqrt_total_correct	38	17892696244691966181	fail	translation	528	"crush: cvc5 did not emit an Alethe certificate: Proof unsupported by Alethe: contains operator DUMMY_SKOLEM. Set `crush.reconstruct` to ""auto"" to use core-directed reconstruction instead."	x + 8 - (i + 1) < x + 8 - i
velvet	crush-alethe	e90d79341bb8ef510ec868623e74cfe98feaa4e8	e90d79341bb8ef510ec868623e74cfe98feaa4e8	leanprover/lean4:v4.32.2	1	Velvet/Examples/Examples_Total.lean	sqrt_total_correct	39	7228731597997214785	fail	translation	578	"crush: cvc5 did not emit an Alethe certificate: Proof unsupported by Alethe: contains operator DUMMY_SKOLEM. Set `crush.reconstruct` to ""auto"" to use core-directed reconstruction instead."	∀ j < i, j * j ≤ x
velvet	crush-alethe	e90d79341bb8ef510ec868623e74cfe98feaa4e8	e90d79341bb8ef510ec868623e74cfe98feaa4e8	leanprover/lean4:v4.32.2	1	Velvet/Examples/Examples_Total.lean	sqrt_total_correct	40	13073343856082995605	fail	translation	502	"crush: cvc5 did not emit an Alethe certificate: Proof unsupported by Alethe: contains operator DUMMY_SKOLEM. Set `crush.reconstruct` to ""auto"" to use core-directed reconstruction instead."	¬i * i ≤ x
velvet	crush-alethe	e90d79341bb8ef510ec868623e74cfe98feaa4e8	e90d79341bb8ef510ec868623e74cfe98feaa4e8	leanprover/lean4:v4.32.2	1	Velvet/Examples/Examples_Total.lean	sqrt_total_correct	41	13635698331308129878	fail	translation	496	"crush: cvc5 did not emit an Alethe certificate: Proof unsupported by Alethe: contains operator DUMMY_SKOLEM. Set `crush.reconstruct` to ""auto"" to use core-directed reconstruction instead."	∀ j < 0, j * j ≤ x
velvet	crush-alethe	e90d79341bb8ef510ec868623e74cfe98feaa4e8	e90d79341bb8ef510ec868623e74cfe98feaa4e8	leanprover/lean4:v4.32.2	1	Velvet/Examples/Examples_Total.lean	sqrt_total_correct	42	10800841518550636949	fail	translation	527	"crush: cvc5 did not emit an Alethe certificate: Proof unsupported by Alethe: contains operator DUMMY_SKOLEM. Set `crush.reconstruct` to ""auto"" to use core-directed reconstruction instead."	∀ (i_1 : ℕ), i_1 * i_1 ≤ x → i_1 ≤ i - 1
velvet	crush-alethe	e90d79341bb8ef510ec868623e74cfe98feaa4e8	e90d79341bb8ef510ec868623e74cfe98feaa4e8	leanprover/lean4:v4.32.2	1	Velvet/Examples/Examples_Total.lean	sqrt_total_correct	43	12457966505053151830	fail	translation	593	"crush: cvc5 did not emit an Alethe certificate: Proof unsupported by Alethe: contains operator DUMMY_SKOLEM. Set `crush.reconstruct` to ""auto"" to use core-directed reconstruction instead."	∀ i_1 ≤ i - 1, i_1 * i_1 ≤ x
velvet	crush-alethe	e90d79341bb8ef510ec868623e74cfe98feaa4e8	e90d79341bb8ef510ec868623e74cfe98feaa4e8	leanprover/lean4:v4.32.2	1	Velvet/Examples/Examples_Total.lean	sqrt_total_correct	44	17578352201394481400	fail	translation	524	"crush: cvc5 did not emit an Alethe certificate: Proof unsupported by Alethe: contains operator DUMMY_SKOLEM. Set `crush.reconstruct` to ""auto"" to use core-directed reconstruction instead."	(i - 1) * (i - 1) ≤ x
velvet	crush-alethe	e90d79341bb8ef510ec868623e74cfe98feaa4e8	e90d79341bb8ef510ec868623e74cfe98feaa4e8	leanprover/lean4:v4.32.2	1	Velvet/Examples/Examples_Total.lean	cbrt_correct	45	628191952620585962	fail	translation	499	"crush: cvc5 did not emit an Alethe certificate: Proof unsupported by Alethe: contains operator DUMMY_SKOLEM. Set `crush.reconstruct` to ""auto"" to use core-directed reconstruction instead."	∀ (i : ℕ), i * i * i ≤ x → i ≤ 0
velvet	crush-alethe	e90d79341bb8ef510ec868623e74cfe98feaa4e8	e90d79341bb8ef510ec868623e74cfe98feaa4e8	leanprover/lean4:v4.32.2	1	Velvet/Examples/Examples_Total.lean	cbrt_correct	46	5408980950461060684	fail	translation	496	"crush: cvc5 did not emit an Alethe certificate: Proof unsupported by Alethe: contains operator DUMMY_SKOLEM. Set `crush.reconstruct` to ""auto"" to use core-directed reconstruction instead."	∀ i ≤ 0, i * i * i ≤ x
velvet	crush-alethe	e90d79341bb8ef510ec868623e74cfe98feaa4e8	e90d79341bb8ef510ec868623e74cfe98feaa4e8	leanprover/lean4:v4.32.2	1	Velvet/Examples/Examples_Total.lean	cbrt_correct	47	17796805544787031687	fail	translation	499	"crush: cvc5 did not emit an Alethe certificate: Proof unsupported by Alethe: contains operator DUMMY_SKOLEM. Set `crush.reconstruct` to ""auto"" to use core-directed reconstruction instead."	0 * 0 * 0 ≤ x
velvet	crush-alethe	e90d79341bb8ef510ec868623e74cfe98feaa4e8	e90d79341bb8ef510ec868623e74cfe98feaa4e8	leanprover/lean4:v4.32.2	1	Velvet/Examples/Examples_Total.lean	cbrt_correct	48	12597585967811959528	fail	translation	553	"crush: cvc5 did not emit an Alethe certificate: Proof unsupported by Alethe: contains operator DUMMY_SKOLEM. Set `crush.reconstruct` to ""auto"" to use core-directed reconstruction instead."	∀ j < i + 1, j * j * j ≤ x
velvet	crush-alethe	e90d79341bb8ef510ec868623e74cfe98feaa4e8	e90d79341bb8ef510ec868623e74cfe98feaa4e8	leanprover/lean4:v4.32.2	1	Velvet/Examples/Examples_Total.lean	cbrt_correct	49	17892696244691966181	fail	translation	541	"crush: cvc5 did not emit an Alethe certificate: Proof unsupported by Alethe: contains operator DUMMY_SKOLEM. Set `crush.reconstruct` to ""auto"" to use core-directed reconstruction instead."	x + 8 - (i + 1) < x + 8 - i
velvet	crush-alethe	e90d79341bb8ef510ec868623e74cfe98feaa4e8	e90d79341bb8ef510ec868623e74cfe98feaa4e8	leanprover/lean4:v4.32.2	1	Velvet/Examples/Examples_Total.lean	cbrt_correct	50	11504389341422214604	fail	timeout	5494	crush: solver returned `unknown` (solver exited without a verdict: cvc5 interrupted by timeout.). Try increasing `crush.timeout` or adding hypotheses.	∀ j < i, j * j * j ≤ x
velvet	crush-alethe	e90d79341bb8ef510ec868623e74cfe98feaa4e8	e90d79341bb8ef510ec868623e74cfe98feaa4e8	leanprover/lean4:v4.32.2	1	Velvet/Examples/Examples_Total.lean	cbrt_correct	51	1828175149019549874	fail	translation	493	"crush: cvc5 did not emit an Alethe certificate: Proof unsupported by Alethe: contains operator DUMMY_SKOLEM. Set `crush.reconstruct` to ""auto"" to use core-directed reconstruction instead."	¬i * i * i ≤ x
velvet	crush-alethe	e90d79341bb8ef510ec868623e74cfe98feaa4e8	e90d79341bb8ef510ec868623e74cfe98feaa4e8	leanprover/lean4:v4.32.2	1	Velvet/Examples/Examples_Total.lean	cbrt_correct	52	8027176826117333927	fail	translation	488	"crush: cvc5 did not emit an Alethe certificate: Proof unsupported by Alethe: contains operator DUMMY_SKOLEM. Set `crush.reconstruct` to ""auto"" to use core-directed reconstruction instead."	∀ j < 0, j * j * j ≤ x
velvet	crush-alethe	e90d79341bb8ef510ec868623e74cfe98feaa4e8	e90d79341bb8ef510ec868623e74cfe98feaa4e8	leanprover/lean4:v4.32.2	1	Velvet/Examples/Examples_Total.lean	cbrt_correct	53	8642365996124661698	fail	translation	546	"crush: cvc5 did not emit an Alethe certificate: Proof unsupported by Alethe: contains operator DUMMY_SKOLEM. Set `crush.reconstruct` to ""auto"" to use core-directed reconstruction instead."	∀ (i_1 : ℕ), i_1 * i_1 * i_1 ≤ x → i_1 ≤ i - 1
velvet	crush-alethe	e90d79341bb8ef510ec868623e74cfe98feaa4e8	e90d79341bb8ef510ec868623e74cfe98feaa4e8	leanprover/lean4:v4.32.2	1	Velvet/Examples/Examples_Total.lean	cbrt_correct	54	1031468476226669362	fail	translation	759	"crush: cvc5 did not emit an Alethe certificate: Proof unsupported by Alethe: contains operator DUMMY_SKOLEM. Set `crush.reconstruct` to ""auto"" to use core-directed reconstruction instead."	∀ i_1 ≤ i - 1, i_1 * i_1 * i_1 ≤ x
velvet	crush-alethe	e90d79341bb8ef510ec868623e74cfe98feaa4e8	e90d79341bb8ef510ec868623e74cfe98feaa4e8	leanprover/lean4:v4.32.2	1	Velvet/Examples/Examples_Total.lean	cbrt_correct	55	9859620190106577091	fail	translation	570	"crush: cvc5 did not emit an Alethe certificate: Proof unsupported by Alethe: contains operator DUMMY_SKOLEM. Set `crush.reconstruct` to ""auto"" to use core-directed reconstruction instead."	(i - 1) * (i - 1) * (i - 1) ≤ x
velvet	crush-alethe	e90d79341bb8ef510ec868623e74cfe98feaa4e8	e90d79341bb8ef510ec868623e74cfe98feaa4e8	leanprover/lean4:v4.32.2	1	Velvet/Examples/Examples_Total.lean	sqrt_bn_correct	56	7745518040588453633	pass	-	3	-	(r + l) / 2 * ((r + l) / 2) ≤ x
velvet	crush-alethe	e90d79341bb8ef510ec868623e74cfe98feaa4e8	e90d79341bb8ef510ec868623e74cfe98feaa4e8	leanprover/lean4:v4.32.2	1	Velvet/Examples/Examples_Total.lean	sqrt_bn_correct	57	7275559839122250210	pass	-	3	-	x < r * r
velvet	crush-alethe	e90d79341bb8ef510ec868623e74cfe98feaa4e8	e90d79341bb8ef510ec868623e74cfe98feaa4e8	leanprover/lean4:v4.32.2	1	Velvet/Examples/Examples_Total.lean	sqrt_bn_correct	58	17809363630590163151	fail	translation	551	"crush: cvc5 did not emit an Alethe certificate: Proof unsupported by Alethe: contains operator DUMMY_SKOLEM. Set `crush.reconstruct` to ""auto"" to use core-directed reconstruction instead."	∀ i ≤ (r + l) / 2, i * i ≤ x
velvet	crush-alethe	e90d79341bb8ef510ec868623e74cfe98feaa4e8	e90d79341bb8ef510ec868623e74cfe98feaa4e8	leanprover/lean4:v4.32.2	1	Velvet/Examples/Examples_Total.lean	sqrt_bn_correct	59	3756677303263535492	fail	translation	518	"crush: cvc5 did not emit an Alethe certificate: Proof unsupported by Alethe: contains operator DUMMY_SKOLEM. Set `crush.reconstruct` to ""auto"" to use core-directed reconstruction instead."	r - (r + l) / 2 < r - l
velvet	crush-alethe	e90d79341bb8ef510ec868623e74cfe98feaa4e8	e90d79341bb8ef510ec868623e74cfe98feaa4e8	leanprover/lean4:v4.32.2	1	Velvet/Examples/Examples_Total.lean	sqrt_bn_correct	60	4049183095434299843	pass	-	3	-	l * l ≤ x
velvet	crush-alethe	e90d79341bb8ef510ec868623e74cfe98feaa4e8	e90d79341bb8ef510ec868623e74cfe98feaa4e8	leanprover/lean4:v4.32.2	1	Velvet/Examples/Examples_Total.lean	sqrt_bn_correct	61	845228717509319176	fail	translation	509	"crush: cvc5 did not emit an Alethe certificate: Proof unsupported by Alethe: contains operator DUMMY_SKOLEM. Set `crush.reconstruct` to ""auto"" to use core-directed reconstruction instead."	x < (r + l) / 2 * ((r + l) / 2)
velvet	crush-alethe	e90d79341bb8ef510ec868623e74cfe98feaa4e8	e90d79341bb8ef510ec868623e74cfe98feaa4e8	leanprover/lean4:v4.32.2	1	Velvet/Examples/Examples_Total.lean	sqrt_bn_correct	62	14080923781397173690	fail	translation	535	"crush: cvc5 did not emit an Alethe certificate: Proof unsupported by Alethe: contains operator DUMMY_SKOLEM. Set `crush.reconstruct` to ""auto"" to use core-directed reconstruction instead."	∀ i ≤ l, i * i ≤ x
velvet	crush-alethe	e90d79341bb8ef510ec868623e74cfe98feaa4e8	e90d79341bb8ef510ec868623e74cfe98feaa4e8	leanprover/lean4:v4.32.2	1	Velvet/Examples/Examples_Total.lean	sqrt_bn_correct	63	2013384436827156188	fail	translation	524	"crush: cvc5 did not emit an Alethe certificate: Proof unsupported by Alethe: contains operator DUMMY_SKOLEM. Set `crush.reconstruct` to ""auto"" to use core-directed reconstruction instead."	(r + l) / 2 - l < r - l
velvet	crush-alethe	e90d79341bb8ef510ec868623e74cfe98feaa4e8	e90d79341bb8ef510ec868623e74cfe98feaa4e8	leanprover/lean4:v4.32.2	1	Velvet/Examples/Examples_Total.lean	sqrt_bn_correct	64	4049183095434299843	pass	-	3	-	l * l ≤ x
velvet	crush-alethe	e90d79341bb8ef510ec868623e74cfe98feaa4e8	e90d79341bb8ef510ec868623e74cfe98feaa4e8	leanprover/lean4:v4.32.2	1	Velvet/Examples/Examples_Total.lean	sqrt_bn_correct	65	7275559839122250210	pass	-	2	-	x < r * r
velvet	crush-alethe	e90d79341bb8ef510ec868623e74cfe98feaa4e8	e90d79341bb8ef510ec868623e74cfe98feaa4e8	leanprover/lean4:v4.32.2	1	Velvet/Examples/Examples_Total.lean	sqrt_bn_correct	66	14080923781397173690	fail	translation	534	"crush: cvc5 did not emit an Alethe certificate: Proof unsupported by Alethe: contains operator DUMMY_SKOLEM. Set `crush.reconstruct` to ""auto"" to use core-directed reconstruction instead."	∀ i ≤ l, i * i ≤ x
velvet	crush-alethe	e90d79341bb8ef510ec868623e74cfe98feaa4e8	e90d79341bb8ef510ec868623e74cfe98feaa4e8	leanprover/lean4:v4.32.2	1	Velvet/Examples/Examples_Total.lean	sqrt_bn_correct	67	5112937323286018014	fail	translation	493	"crush: cvc5 did not emit an Alethe certificate: Proof unsupported by Alethe: contains operator DUMMY_SKOLEM. Set `crush.reconstruct` to ""auto"" to use core-directed reconstruction instead."	¬1 < r - l
velvet	crush-alethe	e90d79341bb8ef510ec868623e74cfe98feaa4e8	e90d79341bb8ef510ec868623e74cfe98feaa4e8	leanprover/lean4:v4.32.2	1	Velvet/Examples/Examples_Total.lean	sqrt_bn_correct	68	4559485301326837329	fail	translation	501	"crush: cvc5 did not emit an Alethe certificate: Proof unsupported by Alethe: contains operator DUMMY_SKOLEM. Set `crush.reconstruct` to ""auto"" to use core-directed reconstruction instead."	0 * 0 ≤ x
velvet	crush-alethe	e90d79341bb8ef510ec868623e74cfe98feaa4e8	e90d79341bb8ef510ec868623e74cfe98feaa4e8	leanprover/lean4:v4.32.2	1	Velvet/Examples/Examples_Total.lean	sqrt_bn_correct	69	6911359079999020658	pass	-	2	-	x < bnd * bnd
velvet	crush-alethe	e90d79341bb8ef510ec868623e74cfe98feaa4e8	e90d79341bb8ef510ec868623e74cfe98feaa4e8	leanprover/lean4:v4.32.2	1	Velvet/Examples/Examples_Total.lean	sqrt_bn_correct	70	16395326812896940336	fail	translation	514	"crush: cvc5 did not emit an Alethe certificate: Proof unsupported by Alethe: contains operator DUMMY_SKOLEM. Set `crush.reconstruct` to ""auto"" to use core-directed reconstruction instead."	∀ i ≤ 0, i * i ≤ x
velvet	crush-alethe	e90d79341bb8ef510ec868623e74cfe98feaa4e8	e90d79341bb8ef510ec868623e74cfe98feaa4e8	leanprover/lean4:v4.32.2	1	Velvet/Examples/Examples_Total.lean	sqrt_bn_correct	71	18362062349273978007	fail	translation	559	"crush: cvc5 did not emit an Alethe certificate: Proof unsupported by Alethe: contains operator DUMMY_SKOLEM. Set `crush.reconstruct` to ""auto"" to use core-directed reconstruction instead."	∀ (i_2 : ℕ), i_2 * i_2 ≤ x → i_2 ≤ i
velvet	crush-alethe	e90d79341bb8ef510ec868623e74cfe98feaa4e8	e90d79341bb8ef510ec868623e74cfe98feaa4e8	leanprover/lean4:v4.32.2	1	Velvet/Examples/Examples_Total.lean	sqrt_bn_correct	72	8802921734925604215	fail	translation	532	"crush: cvc5 did not emit an Alethe certificate: Proof unsupported by Alethe: contains operator DUMMY_SKOLEM. Set `crush.reconstruct` to ""auto"" to use core-directed reconstruction instead."	∀ i_2 ≤ i, i_2 * i_2 ≤ x
velvet	crush-alethe	e90d79341bb8ef510ec868623e74cfe98feaa4e8	e90d79341bb8ef510ec868623e74cfe98feaa4e8	leanprover/lean4:v4.32.2	1	Velvet/Examples/Examples_Total.lean	sqrt_bn_correct	73	8723303018838369810	pass	-	4	-	i * i ≤ x
velvet	crush-alethe	e90d79341bb8ef510ec868623e74cfe98feaa4e8	e90d79341bb8ef510ec868623e74cfe98feaa4e8	leanprover/lean4:v4.32.2	1	Velvet/Examples/GCD.lean	gcd_correct	1	4384199359441751320	pass	-	3	-	a > 0
velvet	crush-alethe	e90d79341bb8ef510ec868623e74cfe98feaa4e8	e90d79341bb8ef510ec868623e74cfe98feaa4e8	leanprover/lean4:v4.32.2	1	Velvet/Examples/GCD.lean	gcd_correct	2	9601099415740649235	fail	reconstruction	587	"crush: Alethe replay failed with rule-gap at step `crush_fact_2`: decoded SMT assumption was not derivable from its Lean source fact; certificate term: (forall ((q_2 Int)) (=> (>= q_2 0) (forall ((q_3 Int)) (=> (>= q_3 0) (=> (< 0 q_3) (< (ite (= q_3 0) q_2 (mod q_2 q_3)) q_3)))))). Set `crush.reconstruct` to ""auto"" to fall back to the core-directed finishers."	b > 0
velvet	crush-alethe	e90d79341bb8ef510ec868623e74cfe98feaa4e8	e90d79341bb8ef510ec868623e74cfe98feaa4e8	leanprover/lean4:v4.32.2	1	Velvet/Examples/GCD.lean	gcd_correct	3	1185000637665826843	pass	-	1	-	x > 0
velvet	crush-alethe	e90d79341bb8ef510ec868623e74cfe98feaa4e8	e90d79341bb8ef510ec868623e74cfe98feaa4e8	leanprover/lean4:v4.32.2	1	Velvet/Examples/IsNonPrime.lean	IsNonPrime_correct	1	3150397294412475763	fail	tactic	1172	crush: could not prove the goal — the solver found a model:     n := 0     isPrime := true The encoding is incomplete, so a model does not necessarily describe a Lean counterexample.	True ↔ ¬isPrime n
velvet	crush-alethe	e90d79341bb8ef510ec868623e74cfe98feaa4e8	e90d79341bb8ef510ec868623e74cfe98feaa4e8	leanprover/lean4:v4.32.2	1	Velvet/Examples/IsNonPrime.lean	IsNonPrime_correct	2	8498703091421742660	fail	reconstruction	1731	"crush: Alethe replay failed with rule-gap at step `crush_fact_2`: decoded SMT assumption was not derivable from its Lean source fact; certificate term: (= (= ret_2 false) (forall ((q_3 Int)) (=> (>= q_3 0) (=> (<= 2 q_3) (=> (< q_3 i_1) (not (= (ite (= q_3 0) n_0 (mod n_0 q_3)) 0))))))). Set `crush.reconstruct` to ""auto"" to fall back to the core-directed finishers."	2 ≤ i + 1
velvet	crush-alethe	e90d79341bb8ef510ec868623e74cfe98feaa4e8	e90d79341bb8ef510ec868623e74cfe98feaa4e8	leanprover/lean4:v4.32.2	1	Velvet/Examples/IsNonPrime.lean	IsNonPrime_correct	3	15405612526479945524	fail	reconstruction	1834	"crush: Alethe replay failed with rule-gap at step `crush_fact_2`: decoded SMT assumption was not derivable from its Lean source fact; certificate term: (= (= ret_2 false) (forall ((q_3 Int)) (=> (>= q_3 0) (=> (<= 2 q_3) (=> (< q_3 i_1) (not (= (ite (= q_3 0) n_0 (mod n_0 q_3)) 0))))))). Set `crush.reconstruct` to ""auto"" to fall back to the core-directed finishers."	true = false ↔ ∀ (d : ℕ), 2 ≤ d → d < i + 1 → n % d ≠ 0
velvet	crush-alethe	e90d79341bb8ef510ec868623e74cfe98feaa4e8	e90d79341bb8ef510ec868623e74cfe98feaa4e8	leanprover/lean4:v4.32.2	1	Velvet/Examples/IsNonPrime.lean	IsNonPrime_correct	4	3635621084297233985	fail	reconstruction	1717	"crush: Alethe replay failed with rule-gap at step `crush_fact_2`: decoded SMT assumption was not derivable from its Lean source fact; certificate term: (= (= ret_2 false) (forall ((q_3 Int)) (=> (>= q_3 0) (=> (<= 2 q_3) (=> (< q_3 i_1) (not (= (ite (= q_3 0) n_0 (mod n_0 q_3)) 0))))))). Set `crush.reconstruct` to ""auto"" to fall back to the core-directed finishers."	(i + 1 - 1) * (i + 1 - 1) ≤ n
velvet	crush-alethe	e90d79341bb8ef510ec868623e74cfe98feaa4e8	e90d79341bb8ef510ec868623e74cfe98feaa4e8	leanprover/lean4:v4.32.2	1	Velvet/Examples/IsNonPrime.lean	IsNonPrime_correct	5	8498703091421742660	fail	reconstruction	1731	"crush: Alethe replay failed with rule-gap at step `crush_fact_2`: decoded SMT assumption was not derivable from its Lean source fact; certificate term: (= (= ret_2 false) (forall ((q_3 Int)) (=> (>= q_3 0) (=> (<= 2 q_3) (=> (< q_3 i_1) (not (= (ite (= q_3 0) n_0 (mod n_0 q_3)) 0))))))). Set `crush.reconstruct` to ""auto"" to fall back to the core-directed finishers."	2 ≤ i + 1
velvet	crush-alethe	e90d79341bb8ef510ec868623e74cfe98feaa4e8	e90d79341bb8ef510ec868623e74cfe98feaa4e8	leanprover/lean4:v4.32.2	1	Velvet/Examples/IsNonPrime.lean	IsNonPrime_correct	6	15497101072354692966	fail	timeout	6117	crush: solver returned `unknown` (solver exited without a verdict: cvc5 interrupted by timeout.). Try increasing `crush.timeout` or adding hypotheses.	ret = false ↔ ∀ (d : ℕ), 2 ≤ d → d < i + 1 → n % d ≠ 0
velvet	crush-alethe	e90d79341bb8ef510ec868623e74cfe98feaa4e8	e90d79341bb8ef510ec868623e74cfe98feaa4e8	leanprover/lean4:v4.32.2	1	Velvet/Examples/IsNonPrime.lean	IsNonPrime_correct	7	3635621084297233985	fail	reconstruction	1723	"crush: Alethe replay failed with rule-gap at step `crush_fact_2`: decoded SMT assumption was not derivable from its Lean source fact; certificate term: (= (= ret_2 false) (forall ((q_3 Int)) (=> (>= q_3 0) (=> (<= 2 q_3) (=> (< q_3 i_1) (not (= (ite (= q_3 0) n_0 (mod n_0 q_3)) 0))))))). Set `crush.reconstruct` to ""auto"" to fall back to the core-directed finishers."	(i + 1 - 1) * (i + 1 - 1) ≤ n
velvet	crush-alethe	e90d79341bb8ef510ec868623e74cfe98feaa4e8	e90d79341bb8ef510ec868623e74cfe98feaa4e8	leanprover/lean4:v4.32.2	1	Velvet/Examples/IsNonPrime.lean	IsNonPrime_correct	8	8419734978408419013	pass	-	3	-	2 ≤ i
velvet	crush-alethe	e90d79341bb8ef510ec868623e74cfe98feaa4e8	e90d79341bb8ef510ec868623e74cfe98feaa4e8	leanprover/lean4:v4.32.2	1	Velvet/Examples/IsNonPrime.lean	IsNonPrime_correct	9	18150307703072330979	pass	-	4	-	ret = false ↔ ∀ (d : ℕ), 2 ≤ d → d < i → n % d ≠ 0
velvet	crush-alethe	e90d79341bb8ef510ec868623e74cfe98feaa4e8	e90d79341bb8ef510ec868623e74cfe98feaa4e8	leanprover/lean4:v4.32.2	1	Velvet/Examples/IsNonPrime.lean	IsNonPrime_correct	10	1456886557593529150	pass	-	2	-	(i - 1) * (i - 1) ≤ n
velvet	crush-alethe	e90d79341bb8ef510ec868623e74cfe98feaa4e8	e90d79341bb8ef510ec868623e74cfe98feaa4e8	leanprover/lean4:v4.32.2	1	Velvet/Examples/IsNonPrime.lean	IsNonPrime_correct	11	16017810969246570786	fail	reconstruction	1644	"crush: Alethe replay failed with rule-gap at step `crush_fact_2`: decoded SMT assumption was not derivable from its Lean source fact; certificate term: (= (= ret_2 false) (forall ((q_3 Int)) (=> (>= q_3 0) (=> (<= 2 q_3) (=> (< q_3 i_1) (not (= (ite (= q_3 0) n_0 (mod n_0 q_3)) 0))))))). Set `crush.reconstruct` to ""auto"" to fall back to the core-directed finishers."	¬i * i ≤ n
velvet	crush-alethe	e90d79341bb8ef510ec868623e74cfe98feaa4e8	e90d79341bb8ef510ec868623e74cfe98feaa4e8	leanprover/lean4:v4.32.2	1	Velvet/Examples/IsNonPrime.lean	IsNonPrime_correct	12	12543135627460772462	pass	-	1202	-	2 ≤ 2
velvet	crush-alethe	e90d79341bb8ef510ec868623e74cfe98feaa4e8	e90d79341bb8ef510ec868623e74cfe98feaa4e8	leanprover/lean4:v4.32.2	1	Velvet/Examples/IsNonPrime.lean	IsNonPrime_correct	13	1572539502098385654	pass	-	2373	-	True ↔ ∀ (d : ℕ), 2 ≤ d → d < 2 → n % d ≠ 0
velvet	crush-alethe	e90d79341bb8ef510ec868623e74cfe98feaa4e8	e90d79341bb8ef510ec868623e74cfe98feaa4e8	leanprover/lean4:v4.32.2	1	Velvet/Examples/IsNonPrime.lean	IsNonPrime_correct	14	11076373139303988464	pass	-	1517	-	(2 - 1) * (2 - 1) ≤ n
velvet	crush-alethe	e90d79341bb8ef510ec868623e74cfe98feaa4e8	e90d79341bb8ef510ec868623e74cfe98feaa4e8	leanprover/lean4:v4.32.2	1	Velvet/Examples/IsNonPrime.lean	IsNonPrime_correct	15	15559572021364972958	fail	timeout	6106	crush: solver returned `unknown` (solver exited without a verdict: cvc5 interrupted by timeout.). Try increasing `crush.timeout` or adding hypotheses.	ret_1 = true ↔ ¬isPrime n
velvet	crush-alethe	e90d79341bb8ef510ec868623e74cfe98feaa4e8	e90d79341bb8ef510ec868623e74cfe98feaa4e8	leanprover/lean4:v4.32.2	1	Velvet/Examples/IsSorted.lean	IsSorted_correct	1	11207960766534651515	fail	translation	1275	"crush: cvc5 did not emit an Alethe certificate: Proof unsupported by Alethe: contains operator DUMMY_SKOLEM. Set `crush.reconstruct` to ""auto"" to use core-directed reconstruction instead."	0 ≤ i + 1 ∧ i + 1 ≤ a.size - 1
velvet	crush-alethe	e90d79341bb8ef510ec868623e74cfe98feaa4e8	e90d79341bb8ef510ec868623e74cfe98feaa4e8	leanprover/lean4:v4.32.2	1	Velvet/Examples/IsSorted.lean	IsSorted_correct	2	4413675682266163545	fail	translation	2825	"crush: cvc5 did not emit an Alethe certificate: Proof unsupported by Alethe: contains operator DUMMY_SKOLEM. Set `crush.reconstruct` to ""auto"" to use core-directed reconstruction instead."	false = true → ∀ (k : ℕ), 0 ≤ k → k < i + 1 → a[k]! ≤ a[k + 1]!
velvet	crush-alethe	e90d79341bb8ef510ec868623e74cfe98feaa4e8	e90d79341bb8ef510ec868623e74cfe98feaa4e8	leanprover/lean4:v4.32.2	1	Velvet/Examples/IsSorted.lean	IsSorted_correct	3	9518487208184120090	fail	translation	1174	"crush: cvc5 did not emit an Alethe certificate: Proof unsupported by Alethe: contains operator DUMMY_SKOLEM. Set `crush.reconstruct` to ""auto"" to use core-directed reconstruction instead."	∃ k, 0 ≤ k ∧ k < a.size - 1 ∧ a[k]! > a[k + 1]!
velvet	crush-alethe	e90d79341bb8ef510ec868623e74cfe98feaa4e8	e90d79341bb8ef510ec868623e74cfe98feaa4e8	leanprover/lean4:v4.32.2	1	Velvet/Examples/IsSorted.lean	IsSorted_correct	4	11207960766534651515	fail	translation	1065	"crush: cvc5 did not emit an Alethe certificate: Proof unsupported by Alethe: contains operator DUMMY_SKOLEM. Set `crush.reconstruct` to ""auto"" to use core-directed reconstruction instead."	0 ≤ i + 1 ∧ i + 1 ≤ a.size - 1
velvet	crush-alethe	e90d79341bb8ef510ec868623e74cfe98feaa4e8	e90d79341bb8ef510ec868623e74cfe98feaa4e8	leanprover/lean4:v4.32.2	1	Velvet/Examples/IsSorted.lean	IsSorted_correct	5	16465854614385299804	fail	translation	2893	"crush: cvc5 did not emit an Alethe certificate: Proof unsupported by Alethe: contains operator DUMMY_SKOLEM. Set `crush.reconstruct` to ""auto"" to use core-directed reconstruction instead."	sorted = true → ∀ (k : ℕ), 0 ≤ k → k < i + 1 → a[k]! ≤ a[k + 1]!
velvet	crush-alethe	e90d79341bb8ef510ec868623e74cfe98feaa4e8	e90d79341bb8ef510ec868623e74cfe98feaa4e8	leanprover/lean4:v4.32.2	1	Velvet/Examples/IsSorted.lean	IsSorted_correct	6	1749803822950348457	fail	translation	1118	"crush: cvc5 did not emit an Alethe certificate: Proof unsupported by Alethe: contains operator DUMMY_SKOLEM. Set `crush.reconstruct` to ""auto"" to use core-directed reconstruction instead."	sorted = false → ∃ k, 0 ≤ k ∧ k < a.size - 1 ∧ a[k]! > a[k + 1]!
velvet	crush-alethe	e90d79341bb8ef510ec868623e74cfe98feaa4e8	e90d79341bb8ef510ec868623e74cfe98feaa4e8	leanprover/lean4:v4.32.2	1	Velvet/Examples/IsSorted.lean	IsSorted_correct	7	6461838523585744673	fail	translation	812	"crush: cvc5 did not emit an Alethe certificate: Proof unsupported by Alethe: contains operator DUMMY_SKOLEM. Set `crush.reconstruct` to ""auto"" to use core-directed reconstruction instead."	0 ≤ i ∧ i ≤ a.size - 1
velvet	crush-alethe	e90d79341bb8ef510ec868623e74cfe98feaa4e8	e90d79341bb8ef510ec868623e74cfe98feaa4e8	leanprover/lean4:v4.32.2	1	Velvet/Examples/IsSorted.lean	IsSorted_correct	8	5698263445699273715	fail	translation	1635	"crush: cvc5 did not emit an Alethe certificate: Proof unsupported by Alethe: contains operator DUMMY_SKOLEM. Set `crush.reconstruct` to ""auto"" to use core-directed reconstruction instead."	sorted = true → ∀ (k : ℕ), 0 ≤ k → k < i → a[k]! ≤ a[k + 1]!
velvet	crush-alethe	e90d79341bb8ef510ec868623e74cfe98feaa4e8	e90d79341bb8ef510ec868623e74cfe98feaa4e8	leanprover/lean4:v4.32.2	1	Velvet/Examples/IsSorted.lean	IsSorted_correct	9	1749803822950348457	fail	translation	823	"crush: cvc5 did not emit an Alethe certificate: Proof unsupported by Alethe: contains operator DUMMY_SKOLEM. Set `crush.reconstruct` to ""auto"" to use core-directed reconstruction instead."	sorted = false → ∃ k, 0 ≤ k ∧ k < a.size - 1 ∧ a[k]! > a[k + 1]!
velvet	crush-alethe	e90d79341bb8ef510ec868623e74cfe98feaa4e8	e90d79341bb8ef510ec868623e74cfe98feaa4e8	leanprover/lean4:v4.32.2	1	Velvet/Examples/IsSorted.lean	IsSorted_correct	10	16458001095677251802	fail	translation	725	"crush: cvc5 did not emit an Alethe certificate: Proof unsupported by Alethe: contains operator DUMMY_SKOLEM. Set `crush.reconstruct` to ""auto"" to use core-directed reconstruction instead."	i = a.size - 1 ∨ sorted = false
velvet	crush-alethe	e90d79341bb8ef510ec868623e74cfe98feaa4e8	e90d79341bb8ef510ec868623e74cfe98feaa4e8	leanprover/lean4:v4.32.2	1	Velvet/Examples/IsSorted.lean	IsSorted_correct	11	11716511832970583731	fail	translation	696	"crush: cvc5 did not emit an Alethe certificate: Proof unsupported by Alethe: contains operator DUMMY_SKOLEM. Set `crush.reconstruct` to ""auto"" to use core-directed reconstruction instead."	0 ≤ 0 ∧ 0 ≤ a.size - 1
velvet	crush-alethe	e90d79341bb8ef510ec868623e74cfe98feaa4e8	e90d79341bb8ef510ec868623e74cfe98feaa4e8	leanprover/lean4:v4.32.2	1	Velvet/Examples/IsSorted.lean	IsSorted_correct	12	13412663338101939313	fail	translation	953	"crush: cvc5 did not emit an Alethe certificate: Proof unsupported by Alethe: contains operator DUMMY_SKOLEM. Set `crush.reconstruct` to ""auto"" to use core-directed reconstruction instead."	∀ (k : ℕ), 0 ≤ k → k < 0 → a[k]! ≤ a[k + 1]!
velvet	crush-alethe	e90d79341bb8ef510ec868623e74cfe98feaa4e8	e90d79341bb8ef510ec868623e74cfe98feaa4e8	leanprover/lean4:v4.32.2	1	Velvet/Examples/IsSorted.lean	IsSorted_correct	13	10877051663303345536	fail	translation	572	"crush: cvc5 did not emit an Alethe certificate: Proof unsupported by Alethe: contains operator DUMMY_SKOLEM. Set `crush.reconstruct` to ""auto"" to use core-directed reconstruction instead."	true = false → ∃ k, 0 ≤ k ∧ k < a.size - 1 ∧ a[k]! > a[k + 1]!
velvet	crush-alethe	e90d79341bb8ef510ec868623e74cfe98feaa4e8	e90d79341bb8ef510ec868623e74cfe98feaa4e8	leanprover/lean4:v4.32.2	1	Velvet/Examples/IsSorted.lean	IsSorted_correct	14	2102916384874846137	fail	translation	6344	"crush: cvc5 did not emit an Alethe certificate: Proof unsupported by Alethe: contains operator DUMMY_SKOLEM. Set `crush.reconstruct` to ""auto"" to use core-directed reconstruction instead."	sorted_1 = true ↔ ∀ (i j : ℕ), 0 ≤ i → i < j → j < a.size → a[i]! ≤ a[j]!
velvet	crush-alethe	e90d79341bb8ef510ec868623e74cfe98feaa4e8	e90d79341bb8ef510ec868623e74cfe98feaa4e8	leanprover/lean4:v4.32.2	1	Velvet/Examples/MaxElem.lean	maxElem_correct	1	6189042491608852705	fail	translation	468	"crush: cvc5 did not emit an Alethe certificate: Proof unsupported by Alethe: contains operator DUMMY_SKOLEM. Set `crush.reconstruct` to ""auto"" to use core-directed reconstruction instead."	0 ≤ i + 1 ∧ i + 1 ≤ arr.size
velvet	crush-alethe	e90d79341bb8ef510ec868623e74cfe98feaa4e8	e90d79341bb8ef510ec868623e74cfe98feaa4e8	leanprover/lean4:v4.32.2	1	Velvet/Examples/MaxElem.lean	maxElem_correct	2	13979591039540523316	fail	translation	463	"crush: cvc5 did not emit an Alethe certificate: Proof unsupported by Alethe: contains operator DUMMY_SKOLEM. Set `crush.reconstruct` to ""auto"" to use core-directed reconstruction instead."	∀ j < i + 1, arr[i]! ≥ arr[j]!
velvet	crush-alethe	e90d79341bb8ef510ec868623e74cfe98feaa4e8	e90d79341bb8ef510ec868623e74cfe98feaa4e8	leanprover/lean4:v4.32.2	1	Velvet/Examples/MaxElem.lean	maxElem_correct	3	6189042491608852705	fail	translation	478	"crush: cvc5 did not emit an Alethe certificate: Proof unsupported by Alethe: contains operator DUMMY_SKOLEM. Set `crush.reconstruct` to ""auto"" to use core-directed reconstruction instead."	0 ≤ i + 1 ∧ i + 1 ≤ arr.size
velvet	crush-alethe	e90d79341bb8ef510ec868623e74cfe98feaa4e8	e90d79341bb8ef510ec868623e74cfe98feaa4e8	leanprover/lean4:v4.32.2	1	Velvet/Examples/MaxElem.lean	maxElem_correct	4	3496913807798796367	fail	translation	497	"crush: cvc5 did not emit an Alethe certificate: Proof unsupported by Alethe: contains operator DUMMY_SKOLEM. Set `crush.reconstruct` to ""auto"" to use core-directed reconstruction instead."	∀ j < i + 1, mx ≥ arr[j]!
velvet	crush-alethe	e90d79341bb8ef510ec868623e74cfe98feaa4e8	e90d79341bb8ef510ec868623e74cfe98feaa4e8	leanprover/lean4:v4.32.2	1	Velvet/Examples/MaxElem.lean	maxElem_correct	5	13935834157065255340	fail	translation	430	"crush: cvc5 did not emit an Alethe certificate: Proof unsupported by Alethe: contains operator DUMMY_SKOLEM. Set `crush.reconstruct` to ""auto"" to use core-directed reconstruction instead."	0 ≤ i ∧ i ≤ arr.size
velvet	crush-alethe	e90d79341bb8ef510ec868623e74cfe98feaa4e8	e90d79341bb8ef510ec868623e74cfe98feaa4e8	leanprover/lean4:v4.32.2	1	Velvet/Examples/MaxElem.lean	maxElem_correct	6	10716558625718226994	fail	translation	439	"crush: cvc5 did not emit an Alethe certificate: Proof unsupported by Alethe: contains operator DUMMY_SKOLEM. Set `crush.reconstruct` to ""auto"" to use core-directed reconstruction instead."	∀ j < i, mx ≥ arr[j]!
velvet	crush-alethe	e90d79341bb8ef510ec868623e74cfe98feaa4e8	e90d79341bb8ef510ec868623e74cfe98feaa4e8	leanprover/lean4:v4.32.2	1	Velvet/Examples/MaxElem.lean	maxElem_correct	7	12429897440204793908	fail	translation	460	"crush: cvc5 did not emit an Alethe certificate: Proof unsupported by Alethe: contains operator DUMMY_SKOLEM. Set `crush.reconstruct` to ""auto"" to use core-directed reconstruction instead."	i = arr.size
velvet	crush-alethe	e90d79341bb8ef510ec868623e74cfe98feaa4e8	e90d79341bb8ef510ec868623e74cfe98feaa4e8	leanprover/lean4:v4.32.2	1	Velvet/Examples/MaxElem.lean	maxElem_correct	8	6662270672118944889	fail	translation	454	"crush: cvc5 did not emit an Alethe certificate: Proof unsupported by Alethe: contains operator DUMMY_SKOLEM. Set `crush.reconstruct` to ""auto"" to use core-directed reconstruction instead."	0 ≤ 0 + 1 ∧ 0 + 1 ≤ arr.size
velvet	crush-alethe	e90d79341bb8ef510ec868623e74cfe98feaa4e8	e90d79341bb8ef510ec868623e74cfe98feaa4e8	leanprover/lean4:v4.32.2	1	Velvet/Examples/MaxElem.lean	maxElem_correct	9	10294878435885712953	fail	translation	481	"crush: cvc5 did not emit an Alethe certificate: Proof unsupported by Alethe: contains operator DUMMY_SKOLEM. Set `crush.reconstruct` to ""auto"" to use core-directed reconstruction instead."	∀ j < 0 + 1, arr[0]! ≥ arr[j]!
velvet	crush-alethe	e90d79341bb8ef510ec868623e74cfe98feaa4e8	e90d79341bb8ef510ec868623e74cfe98feaa4e8	leanprover/lean4:v4.32.2	1	Velvet/Examples/MaxElem.lean	maxElem_correct	10	15821608085576758365	fail	translation	463	"crush: cvc5 did not emit an Alethe certificate: Proof unsupported by Alethe: contains operator DUMMY_SKOLEM. Set `crush.reconstruct` to ""auto"" to use core-directed reconstruction instead."	isMax mx_1 arr
velvet	crush-alethe	e90d79341bb8ef510ec868623e74cfe98feaa4e8	e90d79341bb8ef510ec868623e74cfe98feaa4e8	leanprover/lean4:v4.32.2	1	Velvet/Examples/MemAlloc.lean	mem_alloc_correct	1	633235845480694220	fail	unknown	1366	crush: solver returned `unknown` (no reason given). Try increasing `crush.timeout` or adding hypotheses.	∀ (b : addr),   List.find? (fun x => decide (block_size x ≥ size)) Ps = some b → 0 = b ∧ distPath nextOld free_listOld (Ps.erase b) 0
velvet	crush-alethe	e90d79341bb8ef510ec868623e74cfe98feaa4e8	e90d79341bb8ef510ec868623e74cfe98feaa4e8	leanprover/lean4:v4.32.2	1	Velvet/Examples/MemAlloc.lean	mem_alloc_correct	2	12262280732602434251	fail	unknown	1251	crush: solver returned `unknown` (no reason given). Try increasing `crush.timeout` or adding hypotheses.	∀ (b : addr),   List.find? (fun x => decide (block_size x ≥ size)) Ps = some b →     free_listOld = b ∧ distPath nextOld (nextOld free_listOld) (Ps.erase b) 0
velvet	crush-alethe	e90d79341bb8ef510ec868623e74cfe98feaa4e8	e90d79341bb8ef510ec868623e74cfe98feaa4e8	leanprover/lean4:v4.32.2	1	Velvet/Examples/MemAlloc.lean	mem_alloc_correct	3	5395433166570123997	fail	reconstruction	1345	"crush: Alethe replay failed with term-gap at step `crush_fact_6`: selected SMT assumption could not be decoded; certificate term: (exists ((q_22 List_5)) (and (and (path_0 clo_11 free_listOld_15 q_22 p_23) (distinct_17 q_22)) (forall ((q_24 Int)) (=> (Mem_25 q_24 q_22) (< (block_size_20 q_24) size_19))))). Set `crush.reconstruct` to ""auto"" to fall back to the core-directed finishers."	distPath nextOld free_listOld Ps 0
velvet	crush-alethe	e90d79341bb8ef510ec868623e74cfe98feaa4e8	e90d79341bb8ef510ec868623e74cfe98feaa4e8	leanprover/lean4:v4.32.2	1	Velvet/Examples/MemAlloc.lean	mem_alloc_correct	4	7858921023181799469	fail	unknown	1285	crush: solver returned `unknown` (no reason given). Try increasing `crush.timeout` or adding hypotheses.	∃ Qs, distPath nextOld free_listOld Qs (nextOld p) ∧ ∀ a ∈ Qs, block_size a < size
velvet	crush-alethe	e90d79341bb8ef510ec868623e74cfe98feaa4e8	e90d79341bb8ef510ec868623e74cfe98feaa4e8	leanprover/lean4:v4.32.2	1	Velvet/Examples/MemAlloc.lean	mem_alloc_correct	5	12307778664191690486	fail	reconstruction	1360	"crush: Alethe replay failed with term-gap at step `crush_fact_6`: selected SMT assumption could not be decoded; certificate term: (exists ((q_22 List_5)) (and (and (path_0 clo_11 free_listOld_15 q_22 p_23) (distinct_17 q_22)) (forall ((q_24 Int)) (=> (Mem_25 q_24 q_22) (< (block_size_20 q_24) size_19))))). Set `crush.reconstruct` to ""auto"" to fall back to the core-directed finishers."	∃ Qs, distPath nextOld free_listOld Qs p
velvet	crush-alethe	e90d79341bb8ef510ec868623e74cfe98feaa4e8	e90d79341bb8ef510ec868623e74cfe98feaa4e8	leanprover/lean4:v4.32.2	1	Velvet/Examples/MemAlloc.lean	mem_alloc_correct	6	14651957694487509304	fail	reconstruction	1307	"crush: Alethe replay failed with term-gap at step `crush_fact_6`: selected SMT assumption could not be decoded; certificate term: (exists ((q_22 List_5)) (and (and (path_0 clo_11 free_listOld_15 q_22 p_23) (distinct_17 q_22)) (forall ((q_24 Int)) (=> (Mem_25 q_24 q_22) (< (block_size_20 q_24) size_19))))). Set `crush.reconstruct` to ""auto"" to fall back to the core-directed finishers."	p ≠ 0
velvet	crush-alethe	e90d79341bb8ef510ec868623e74cfe98feaa4e8	e90d79341bb8ef510ec868623e74cfe98feaa4e8	leanprover/lean4:v4.32.2	1	Velvet/Examples/MemAlloc.lean	mem_alloc_correct	7	5395433166570123997	fail	reconstruction	1352	"crush: Alethe replay failed with term-gap at step `crush_fact_6`: selected SMT assumption could not be decoded; certificate term: (exists ((q_22 List_5)) (and (and (path_0 clo_11 free_listOld_15 q_22 p_23) (distinct_17 q_22)) (forall ((q_24 Int)) (=> (Mem_25 q_24 q_22) (< (block_size_20 q_24) size_19))))). Set `crush.reconstruct` to ""auto"" to fall back to the core-directed finishers."	distPath nextOld free_listOld Ps 0
velvet	crush-alethe	e90d79341bb8ef510ec868623e74cfe98feaa4e8	e90d79341bb8ef510ec868623e74cfe98feaa4e8	leanprover/lean4:v4.32.2	1	Velvet/Examples/MemAlloc.lean	mem_alloc_correct	8	12933711973000179377	pass	-	8	-	∃ Qs, distPath nextOld free_listOld Qs p ∧ ∀ a ∈ Qs, block_size a < size
velvet	crush-alethe	e90d79341bb8ef510ec868623e74cfe98feaa4e8	e90d79341bb8ef510ec868623e74cfe98feaa4e8	leanprover/lean4:v4.32.2	1	Velvet/Examples/MemAlloc.lean	mem_alloc_correct	9	1502598827083788742	pass	-	7	-	p = nextOld q
velvet	crush-alethe	e90d79341bb8ef510ec868623e74cfe98feaa4e8	e90d79341bb8ef510ec868623e74cfe98feaa4e8	leanprover/lean4:v4.32.2	1	Velvet/Examples/MemAlloc.lean	mem_alloc_correct	10	5948121399058639032	pass	-	8	-	∃ Qs, distPath nextOld free_listOld Qs q
velvet	crush-alethe	e90d79341bb8ef510ec868623e74cfe98feaa4e8	e90d79341bb8ef510ec868623e74cfe98feaa4e8	leanprover/lean4:v4.32.2	1	Velvet/Examples/MemAlloc.lean	mem_alloc_correct	11	7320909626913503829	fail	reconstruction	1316	"crush: Alethe replay failed with term-gap at step `crush_fact_6`: selected SMT assumption could not be decoded; certificate term: (exists ((q_22 List_5)) (and (and (path_0 clo_11 free_listOld_15 q_22 p_23) (distinct_17 q_22)) (forall ((q_24 Int)) (=> (Mem_25 q_24 q_22) (< (block_size_20 q_24) size_19))))). Set `crush.reconstruct` to ""auto"" to fall back to the core-directed finishers."	q ≠ 0
velvet	crush-alethe	e90d79341bb8ef510ec868623e74cfe98feaa4e8	e90d79341bb8ef510ec868623e74cfe98feaa4e8	leanprover/lean4:v4.32.2	1	Velvet/Examples/MemAlloc.lean	mem_alloc_correct	12	13680370559755953061	fail	reconstruction	1321	"crush: Alethe replay failed with term-gap at step `crush_fact_6`: selected SMT assumption could not be decoded; certificate term: (exists ((q_22 List_5)) (and (and (path_0 clo_11 free_listOld_15 q_22 p_23) (distinct_17 q_22)) (forall ((q_24 Int)) (=> (Mem_25 q_24 q_22) (< (block_size_20 q_24) size_19))))). Set `crush.reconstruct` to ""auto"" to fall back to the core-directed finishers."	¬(p ≠ 0 ∧ block_size p < size)
velvet	crush-alethe	e90d79341bb8ef510ec868623e74cfe98feaa4e8	e90d79341bb8ef510ec868623e74cfe98feaa4e8	leanprover/lean4:v4.32.2	1	Velvet/Examples/MemAlloc.lean	mem_alloc_correct	13	5395433166570123997	pass	-	1320	-	distPath nextOld free_listOld Ps 0
velvet	crush-alethe	e90d79341bb8ef510ec868623e74cfe98feaa4e8	e90d79341bb8ef510ec868623e74cfe98feaa4e8	leanprover/lean4:v4.32.2	1	Velvet/Examples/MemAlloc.lean	mem_alloc_correct	14	9725332222063365643	fail	unknown	1276	crush: solver returned `unknown` (no reason given). Try increasing `crush.timeout` or adding hypotheses.	∃ Qs, distPath nextOld free_listOld Qs (nextOld free_listOld) ∧ ∀ a ∈ Qs, block_size a < size
velvet	crush-alethe	e90d79341bb8ef510ec868623e74cfe98feaa4e8	e90d79341bb8ef510ec868623e74cfe98feaa4e8	leanprover/lean4:v4.32.2	1	Velvet/Examples/MemAlloc.lean	mem_alloc_correct	15	400422252958227942	fail	unknown	1256	crush: solver returned `unknown` (no reason given). Try increasing `crush.timeout` or adding hypotheses.	∃ Qs, distPath nextOld free_listOld Qs free_listOld
velvet	crush-alethe	e90d79341bb8ef510ec868623e74cfe98feaa4e8	e90d79341bb8ef510ec868623e74cfe98feaa4e8	leanprover/lean4:v4.32.2	1	Velvet/Examples/MemAlloc.lean	mem_alloc_correct	16	880346177993498408	pass	-	1314	-	free_listOld ≠ 0
velvet	crush-alethe	e90d79341bb8ef510ec868623e74cfe98feaa4e8	e90d79341bb8ef510ec868623e74cfe98feaa4e8	leanprover/lean4:v4.32.2	1	Velvet/Examples/MemAlloc.lean	mem_alloc_correct	17	15369885961681168000	fail	unknown	1313	crush: solver returned `unknown` (no reason given). Try increasing `crush.timeout` or adding hypotheses.	∀ (b : addr),   List.find? (fun x => decide (block_size x ≥ size)) Ps = some b →     i = b ∧ distPath (Function.update nextOld q_1 (nextOld i)) free_listOld (Ps.erase b) 0
velvet	crush-alethe	e90d79341bb8ef510ec868623e74cfe98feaa4e8	e90d79341bb8ef510ec868623e74cfe98feaa4e8	leanprover/lean4:v4.32.2	1	Velvet/Examples/MemAlloc.lean	mem_alloc_correct	18	633235845480694220	fail	unknown	1287	crush: solver returned `unknown` (no reason given). Try increasing `crush.timeout` or adding hypotheses.	∀ (b : addr),   List.find? (fun x => decide (block_size x ≥ size)) Ps = some b → 0 = b ∧ distPath nextOld free_listOld (Ps.erase b) 0
velvet	crush-alethe	e90d79341bb8ef510ec868623e74cfe98feaa4e8	e90d79341bb8ef510ec868623e74cfe98feaa4e8	leanprover/lean4:v4.32.2	1	Velvet/Examples/Recursion.lean	simple_recursion_correct	1	9632926918213658529	pass	-	2	-	0 = x
velvet	crush-alethe	e90d79341bb8ef510ec868623e74cfe98feaa4e8	e90d79341bb8ef510ec868623e74cfe98feaa4e8	leanprover/lean4:v4.32.2	1	Velvet/Examples/Recursion.lean	simple_recursion_correct	2	16321134497628070328	pass	-	926	-	x_1 + 1 = x
velvet	crush-alethe	e90d79341bb8ef510ec868623e74cfe98feaa4e8	e90d79341bb8ef510ec868623e74cfe98feaa4e8	leanprover/lean4:v4.32.2	1	Velvet/Examples/Recursion.lean	pickGreater_correct	3	15399959404188881270	fail	reconstruction	580	"crush: Alethe replay failed with rule-gap at step `crush_fact_0`: decoded SMT assumption was not derivable from its Lean source fact; certificate term: (not (exists ((q_0 Int)) (and (>= q_0 0) (< (+ inp_1 200) q_0)))). Set `crush.reconstruct` to ""auto"" to fall back to the core-directed finishers."	∃ h, h > inp + 200
velvet	crush-alethe	e90d79341bb8ef510ec868623e74cfe98feaa4e8	e90d79341bb8ef510ec868623e74cfe98feaa4e8	leanprover/lean4:v4.32.2	1	Velvet/Examples/Recursion.lean	pickGreater_correct	4	6729724634728447689	pass	-	1038	-	i > inp + 10
velvet	crush-alethe	e90d79341bb8ef510ec868623e74cfe98feaa4e8	e90d79341bb8ef510ec868623e74cfe98feaa4e8	leanprover/lean4:v4.32.2	1	Velvet/Examples/Recursion.lean	pickGreaterN_correct	5	6331840417009367668	fail	reconstruction	514	"crush: Alethe replay failed with term-gap at step `t10` (rule `poly_simp`): certificate clause could not be decoded as a Lean proposition; certificate term: (cl (= (* -1/10 (to_real (- @p_9 @p_11))) (* -1/1 (- (to_real n_0) 1/10)))). Set `crush.reconstruct` to ""auto"" to fall back to the core-directed finishers."	0 ≥ n * 10
velvet	crush-alethe	e90d79341bb8ef510ec868623e74cfe98feaa4e8	e90d79341bb8ef510ec868623e74cfe98feaa4e8	leanprover/lean4:v4.32.2	1	Velvet/Examples/Recursion.lean	pickGreaterN_correct	6	928177310960349346	pass	-	1814	-	x_1 ≥ n * 10
velvet	crush-alethe	e90d79341bb8ef510ec868623e74cfe98feaa4e8	e90d79341bb8ef510ec868623e74cfe98feaa4e8	leanprover/lean4:v4.32.2	1	Velvet/Examples/Recursion.lean	calc_fact_correct	7	14502607232842720358	fail	reconstruction	792	"crush: Alethe replay failed with rule-gap at step `crush_fact_4`: decoded SMT assumption was not derivable from its Lean source fact; certificate term: (=> (< 0 n_0) (= @p_4 (* n_0 (fact_1 (ite (>= n_0 1) (- n_0 1) 0))))). Set `crush.reconstruct` to ""auto"" to fall back to the core-directed finishers."	fact n = 0
velvet	crush-alethe	e90d79341bb8ef510ec868623e74cfe98feaa4e8	e90d79341bb8ef510ec868623e74cfe98feaa4e8	leanprover/lean4:v4.32.2	1	Velvet/Examples/Recursion.lean	calc_fact_correct	8	5360899794933563671	fail	reconstruction	672	"crush: Alethe replay failed with rule-gap at step `crush_fact_1`: decoded SMT assumption was not derivable from its Lean source fact; certificate term: (= (fact_1 (ite (>= n_0 1) (- n_0 1) 0)) x_3). Set `crush.reconstruct` to ""auto"" to fall back to the core-directed finishers."	i + 1 ≤ n
velvet	crush-alethe	e90d79341bb8ef510ec868623e74cfe98feaa4e8	e90d79341bb8ef510ec868623e74cfe98feaa4e8	leanprover/lean4:v4.32.2	1	Velvet/Examples/Recursion.lean	calc_fact_correct	9	16083086069592683677	fail	reconstruction	754	"crush: Alethe replay failed with rule-gap at step `crush_fact_1`: decoded SMT assumption was not derivable from its Lean source fact; certificate term: (= (fact_1 (ite (>= n_0 1) (- n_0 1) 0)) x_3). Set `crush.reconstruct` to ""auto"" to fall back to the core-directed finishers."	(i + 1) * x = ans + x_1
velvet	crush-alethe	e90d79341bb8ef510ec868623e74cfe98feaa4e8	e90d79341bb8ef510ec868623e74cfe98feaa4e8	leanprover/lean4:v4.32.2	1	Velvet/Examples/Recursion.lean	calc_fact_correct	10	17426933449823366573	fail	reconstruction	695	"crush: Alethe replay failed with rule-gap at step `crush_fact_1`: decoded SMT assumption was not derivable from its Lean source fact; certificate term: (= (fact_1 (ite (>= n_0 1) (- n_0 1) 0)) x_3). Set `crush.reconstruct` to ""auto"" to fall back to the core-directed finishers."	n - (i + 1) < n - i
velvet	crush-alethe	e90d79341bb8ef510ec868623e74cfe98feaa4e8	e90d79341bb8ef510ec868623e74cfe98feaa4e8	leanprover/lean4:v4.32.2	1	Velvet/Examples/Recursion.lean	calc_fact_correct	11	8436330743851721663	pass	-	2	-	i ≤ n
velvet	crush-alethe	e90d79341bb8ef510ec868623e74cfe98feaa4e8	e90d79341bb8ef510ec868623e74cfe98feaa4e8	leanprover/lean4:v4.32.2	1	Velvet/Examples/Recursion.lean	calc_fact_correct	12	5516634396000359850	pass	-	2	-	i * x = ans
velvet	crush-alethe	e90d79341bb8ef510ec868623e74cfe98feaa4e8	e90d79341bb8ef510ec868623e74cfe98feaa4e8	leanprover/lean4:v4.32.2	1	Velvet/Examples/Recursion.lean	calc_fact_correct	13	3040060259141493307	fail	reconstruction	742	"crush: Alethe replay failed with rule-gap at step `crush_fact_1`: decoded SMT assumption was not derivable from its Lean source fact; certificate term: (= (fact_1 (ite (>= n_0 1) (- n_0 1) 0)) x_3). Set `crush.reconstruct` to ""auto"" to fall back to the core-directed finishers."	¬i < n
velvet	crush-alethe	e90d79341bb8ef510ec868623e74cfe98feaa4e8	e90d79341bb8ef510ec868623e74cfe98feaa4e8	leanprover/lean4:v4.32.2	1	Velvet/Examples/Recursion.lean	calc_fact_correct	14	8843960039229350233	fail	reconstruction	712	"crush: Alethe replay failed with rule-gap at step `crush_fact_1`: decoded SMT assumption was not derivable from its Lean source fact; certificate term: (= (fact_1 (ite (>= n_0 1) (- n_0 1) 0)) x_3). Set `crush.reconstruct` to ""auto"" to fall back to the core-directed finishers."	0 ≤ n
velvet	crush-alethe	e90d79341bb8ef510ec868623e74cfe98feaa4e8	e90d79341bb8ef510ec868623e74cfe98feaa4e8	leanprover/lean4:v4.32.2	1	Velvet/Examples/Recursion.lean	calc_fact_correct	15	414362943496193222	fail	reconstruction	713	"crush: Alethe replay failed with rule-gap at step `crush_fact_1`: decoded SMT assumption was not derivable from its Lean source fact; certificate term: (= (fact_1 (ite (>= n_0 1) (- n_0 1) 0)) x_3). Set `crush.reconstruct` to ""auto"" to fall back to the core-directed finishers."	0 * x = 0
velvet	crush-alethe	e90d79341bb8ef510ec868623e74cfe98feaa4e8	e90d79341bb8ef510ec868623e74cfe98feaa4e8	leanprover/lean4:v4.32.2	1	Velvet/Examples/Recursion.lean	calc_fact_correct	16	17682712502848666117	fail	reconstruction	767	"crush: Alethe replay failed with rule-gap at step `crush_fact_1`: decoded SMT assumption was not derivable from its Lean source fact; certificate term: (= (fact_1 (ite (>= n_0 1) (- n_0 1) 0)) x_3). Set `crush.reconstruct` to ""auto"" to fall back to the core-directed finishers."	fact n = i_1
velvet	crush-alethe	e90d79341bb8ef510ec868623e74cfe98feaa4e8	e90d79341bb8ef510ec868623e74cfe98feaa4e8	leanprover/lean4:v4.32.2	1	Velvet/Examples/Recursion.lean	SimpleOption_correct	17	10153057550358142642	pass	-	505	-	1 > 0
velvet	crush-alethe	e90d79341bb8ef510ec868623e74cfe98feaa4e8	e90d79341bb8ef510ec868623e74cfe98feaa4e8	leanprover/lean4:v4.32.2	1	Velvet/Examples/Recursion.lean	SimpleOption_correct	18	1511426402368662420	fail	reconstruction	715	"crush: Alethe replay failed with rule-gap at step `crush_fact_2`: decoded SMT assumption was not derivable from its Lean source fact; certificate term: (= (fact_0 @p_3) (* @p_3 (fact_0 (+ _hyg_2 1)))). Set `crush.reconstruct` to ""auto"" to fall back to the core-directed finishers."	val✝ + 2 > 0
velvet	crush-alethe	e90d79341bb8ef510ec868623e74cfe98feaa4e8	e90d79341bb8ef510ec868623e74cfe98feaa4e8	leanprover/lean4:v4.32.2	1	Velvet/Examples/Recursion.lean	SimpleList_correct	19	12303175613740643342	fail	translation	474	"crush: cvc5 did not emit an Alethe certificate: Proof unsupported by Alethe: contains operator DUMMY_SKOLEM. Set `crush.reconstruct` to ""auto"" to use core-directed reconstruction instead."	x + i > 0
velvet	crush-alethe	e90d79341bb8ef510ec868623e74cfe98feaa4e8	e90d79341bb8ef510ec868623e74cfe98feaa4e8	leanprover/lean4:v4.32.2	1	Velvet/Examples/Recursion.lean	SimpleList_correct	20	10153057550358142642	fail	translation	514	"crush: cvc5 did not emit an Alethe certificate: Proof unsupported by Alethe: contains operator DUMMY_SKOLEM. Set `crush.reconstruct` to ""auto"" to use core-directed reconstruction instead."	1 > 0
velvet	crush-alethe	e90d79341bb8ef510ec868623e74cfe98feaa4e8	e90d79341bb8ef510ec868623e74cfe98feaa4e8	leanprover/lean4:v4.32.2	1	Velvet/Examples/Recursion.lean	insertTree_correct	21	419217539048902517	fail	translation	466	"crush: cvc5 did not emit an Alethe certificate: Proof unsupported by Alethe: contains operator DUMMY_SKOLEM. Set `crush.reconstruct` to ""auto"" to use core-directed reconstruction instead."	∀ (x : ℕ), x = elem ∨ contains (mt1.Leaf a✝) x ↔ contains (mt1.Leaf a✝) x
velvet	crush-alethe	e90d79341bb8ef510ec868623e74cfe98feaa4e8	e90d79341bb8ef510ec868623e74cfe98feaa4e8	leanprover/lean4:v4.32.2	1	Velvet/Examples/Recursion.lean	insertTree_correct	22	785945476856620183	pass	-	1	-	contains (mt1.Leaf a✝) elem
velvet	crush-alethe	e90d79341bb8ef510ec868623e74cfe98feaa4e8	e90d79341bb8ef510ec868623e74cfe98feaa4e8	leanprover/lean4:v4.32.2	1	Velvet/Examples/Recursion.lean	insertTree_correct	23	14100858011260313832	fail	translation	492	"crush: cvc5 did not emit an Alethe certificate: Proof unsupported by Alethe: contains operator DUMMY_SKOLEM. Set `crush.reconstruct` to ""auto"" to use core-directed reconstruction instead."	∀ (x : ℕ), x = elem ∨ contains (mt1.Leaf a✝) x ↔ contains ((mt1.Leaf a✝).Node mt1.Empty elem) x
velvet	crush-alethe	e90d79341bb8ef510ec868623e74cfe98feaa4e8	e90d79341bb8ef510ec868623e74cfe98feaa4e8	leanprover/lean4:v4.32.2	1	Velvet/Examples/Recursion.lean	insertTree_correct	24	5439148242694091386	fail	translation	504	"crush: cvc5 did not emit an Alethe certificate: Proof unsupported by Alethe: contains operator DUMMY_SKOLEM. Set `crush.reconstruct` to ""auto"" to use core-directed reconstruction instead."	(∀ (x : ℕ), contains (mt1.Leaf a✝) x → x < elem) ∧ ∀ (x : ℕ), contains mt1.Empty x → x > elem
velvet	crush-alethe	e90d79341bb8ef510ec868623e74cfe98feaa4e8	e90d79341bb8ef510ec868623e74cfe98feaa4e8	leanprover/lean4:v4.32.2	1	Velvet/Examples/Recursion.lean	insertTree_correct	25	13358020527010658417	fail	translation	447	"crush: cvc5 did not emit an Alethe certificate: Proof unsupported by Alethe: contains operator DUMMY_SKOLEM. Set `crush.reconstruct` to ""auto"" to use core-directed reconstruction instead."	contains ((mt1.Leaf a✝).Node mt1.Empty elem) elem
velvet	crush-alethe	e90d79341bb8ef510ec868623e74cfe98feaa4e8	e90d79341bb8ef510ec868623e74cfe98feaa4e8	leanprover/lean4:v4.32.2	1	Velvet/Examples/Recursion.lean	insertTree_correct	26	8603391761408256204	fail	translation	509	"crush: cvc5 did not emit an Alethe certificate: Proof unsupported by Alethe: contains operator DUMMY_SKOLEM. Set `crush.reconstruct` to ""auto"" to use core-directed reconstruction instead."	∀ (x : ℕ), x = elem ∨ contains (mt1.Leaf a✝) x ↔ contains (mt1.Empty.Node (mt1.Leaf a✝) elem) x
velvet	crush-alethe	e90d79341bb8ef510ec868623e74cfe98feaa4e8	e90d79341bb8ef510ec868623e74cfe98feaa4e8	leanprover/lean4:v4.32.2	1	Velvet/Examples/Recursion.lean	insertTree_correct	27	403261720200322615	fail	translation	468	"crush: cvc5 did not emit an Alethe certificate: Proof unsupported by Alethe: contains operator DUMMY_SKOLEM. Set `crush.reconstruct` to ""auto"" to use core-directed reconstruction instead."	(∀ (x : ℕ), contains mt1.Empty x → x < elem) ∧ ∀ (x : ℕ), contains (mt1.Leaf a✝) x → x > elem
velvet	crush-alethe	e90d79341bb8ef510ec868623e74cfe98feaa4e8	e90d79341bb8ef510ec868623e74cfe98feaa4e8	leanprover/lean4:v4.32.2	1	Velvet/Examples/Recursion.lean	insertTree_correct	28	13334821868243949956	fail	translation	519	"crush: cvc5 did not emit an Alethe certificate: Proof unsupported by Alethe: contains operator DUMMY_SKOLEM. Set `crush.reconstruct` to ""auto"" to use core-directed reconstruction instead."	contains (mt1.Empty.Node (mt1.Leaf a✝) elem) elem
velvet	crush-alethe	e90d79341bb8ef510ec868623e74cfe98feaa4e8	e90d79341bb8ef510ec868623e74cfe98feaa4e8	leanprover/lean4:v4.32.2	1	Velvet/Examples/Recursion.lean	insertTree_correct	29	10034441991535992553	fail	translation	445	"crush: cvc5 did not emit an Alethe certificate: Proof unsupported by Alethe: contains operator DUMMY_SKOLEM. Set `crush.reconstruct` to ""auto"" to use core-directed reconstruction instead."	∀ (x : ℕ), x = elem ∨ contains mt1.Empty x ↔ contains (mt1.Leaf elem) x
velvet	crush-alethe	e90d79341bb8ef510ec868623e74cfe98feaa4e8	e90d79341bb8ef510ec868623e74cfe98feaa4e8	leanprover/lean4:v4.32.2	1	Velvet/Examples/Recursion.lean	insertTree_correct	30	8410732340261024813	fail	translation	535	"crush: cvc5 did not emit an Alethe certificate: Proof unsupported by Alethe: contains operator DUMMY_SKOLEM. Set `crush.reconstruct` to ""auto"" to use core-directed reconstruction instead."	∀ (x : ℕ), x = elem ∨ contains (a✝².Node a✝¹ a✝) x ↔ contains (a✝².Node a✝¹ a✝) x
velvet	crush-alethe	e90d79341bb8ef510ec868623e74cfe98feaa4e8	e90d79341bb8ef510ec868623e74cfe98feaa4e8	leanprover/lean4:v4.32.2	1	Velvet/Examples/Recursion.lean	insertTree_correct	31	13887296291903300382	fail	translation	490	"crush: cvc5 did not emit an Alethe certificate: Proof unsupported by Alethe: contains operator DUMMY_SKOLEM. Set `crush.reconstruct` to ""auto"" to use core-directed reconstruction instead."	ordered_tree (a✝².Node a✝¹ a✝)
velvet	crush-alethe	e90d79341bb8ef510ec868623e74cfe98feaa4e8	e90d79341bb8ef510ec868623e74cfe98feaa4e8	leanprover/lean4:v4.32.2	1	Velvet/Examples/Recursion.lean	insertTree_correct	32	6517665507579609563	fail	translation	522	"crush: cvc5 did not emit an Alethe certificate: Proof unsupported by Alethe: contains operator DUMMY_SKOLEM. Set `crush.reconstruct` to ""auto"" to use core-directed reconstruction instead."	contains (a✝².Node a✝¹ a✝) elem
velvet	crush-alethe	e90d79341bb8ef510ec868623e74cfe98feaa4e8	e90d79341bb8ef510ec868623e74cfe98feaa4e8	leanprover/lean4:v4.32.2	1	Velvet/Examples/Recursion.lean	insertTree_correct	33	1926823926199498616	pass	-	4	-	ordered_tree a✝¹
velvet	crush-alethe	e90d79341bb8ef510ec868623e74cfe98feaa4e8	e90d79341bb8ef510ec868623e74cfe98feaa4e8	leanprover/lean4:v4.32.2	1	Velvet/Examples/Recursion.lean	insertTree_correct	34	4691160922418792609	fail	translation	490	"crush: cvc5 did not emit an Alethe certificate: Proof unsupported by Alethe: contains operator DUMMY_SKOLEM. Set `crush.reconstruct` to ""auto"" to use core-directed reconstruction instead."	∀ (x_1 : ℕ), x_1 = elem ∨ contains (a✝².Node a✝¹ a✝) x_1 ↔ contains (a✝².Node x a✝) x_1
velvet	crush-alethe	e90d79341bb8ef510ec868623e74cfe98feaa4e8	e90d79341bb8ef510ec868623e74cfe98feaa4e8	leanprover/lean4:v4.32.2	1	Velvet/Examples/Recursion.lean	insertTree_correct	35	5459752633259142580	fail	translation	545	"crush: cvc5 did not emit an Alethe certificate: Proof unsupported by Alethe: contains operator DUMMY_SKOLEM. Set `crush.reconstruct` to ""auto"" to use core-directed reconstruction instead."	ordered_tree (a✝².Node x a✝)
velvet	crush-alethe	e90d79341bb8ef510ec868623e74cfe98feaa4e8	e90d79341bb8ef510ec868623e74cfe98feaa4e8	leanprover/lean4:v4.32.2	1	Velvet/Examples/Recursion.lean	insertTree_correct	36	14235806948139691359	fail	translation	475	"crush: cvc5 did not emit an Alethe certificate: Proof unsupported by Alethe: contains operator DUMMY_SKOLEM. Set `crush.reconstruct` to ""auto"" to use core-directed reconstruction instead."	contains (a✝².Node x a✝) elem
velvet	crush-alethe	e90d79341bb8ef510ec868623e74cfe98feaa4e8	e90d79341bb8ef510ec868623e74cfe98feaa4e8	leanprover/lean4:v4.32.2	1	Velvet/Examples/Recursion.lean	insertTree_correct	37	275146994291977655	pass	-	5	-	ordered_tree a✝²
velvet	crush-alethe	e90d79341bb8ef510ec868623e74cfe98feaa4e8	e90d79341bb8ef510ec868623e74cfe98feaa4e8	leanprover/lean4:v4.32.2	1	Velvet/Examples/Recursion.lean	insertTree_correct	38	7037529583856086989	fail	translation	548	"crush: cvc5 did not emit an Alethe certificate: Proof unsupported by Alethe: contains operator DUMMY_SKOLEM. Set `crush.reconstruct` to ""auto"" to use core-directed reconstruction instead."	∀ (x_1 : ℕ), x_1 = elem ∨ contains (a✝².Node a✝¹ a✝) x_1 ↔ contains (x.Node a✝¹ a✝) x_1
velvet	crush-alethe	e90d79341bb8ef510ec868623e74cfe98feaa4e8	e90d79341bb8ef510ec868623e74cfe98feaa4e8	leanprover/lean4:v4.32.2	1	Velvet/Examples/Recursion.lean	insertTree_correct	39	5348143843544294657	fail	translation	491	"crush: cvc5 did not emit an Alethe certificate: Proof unsupported by Alethe: contains operator DUMMY_SKOLEM. Set `crush.reconstruct` to ""auto"" to use core-directed reconstruction instead."	ordered_tree (x.Node a✝¹ a✝)
velvet	crush-alethe	e90d79341bb8ef510ec868623e74cfe98feaa4e8	e90d79341bb8ef510ec868623e74cfe98feaa4e8	leanprover/lean4:v4.32.2	1	Velvet/Examples/Recursion.lean	insertTree_correct	40	11865403806314311412	fail	translation	527	"crush: cvc5 did not emit an Alethe certificate: Proof unsupported by Alethe: contains operator DUMMY_SKOLEM. Set `crush.reconstruct` to ""auto"" to use core-directed reconstruction instead."	contains (x.Node a✝¹ a✝) elem
velvet	crush-alethe	e90d79341bb8ef510ec868623e74cfe98feaa4e8	e90d79341bb8ef510ec868623e74cfe98feaa4e8	leanprover/lean4:v4.32.2	1	Velvet/Examples/Recursion.lean	complex_measure_binsearch_correct	41	4528940613904177901	fail	timeout	10938	crush: solver returned `unknown` (solver exited without a verdict: cvc5 interrupted by timeout.). Try increasing `crush.timeout` or adding hypotheses.	x ≤ (l + 1) * (l + 1)
velvet	crush-alethe	e90d79341bb8ef510ec868623e74cfe98feaa4e8	e90d79341bb8ef510ec868623e74cfe98feaa4e8	leanprover/lean4:v4.32.2	1	Velvet/Examples/Recursion.lean	complex_measure_binsearch_correct	42	4049183095434299843	pass	-	1	-	l * l ≤ x
velvet	crush-alethe	e90d79341bb8ef510ec868623e74cfe98feaa4e8	e90d79341bb8ef510ec868623e74cfe98feaa4e8	leanprover/lean4:v4.32.2	1	Velvet/Examples/Recursion.lean	complex_measure_binsearch_correct	43	7275559839122250210	pass	-	2	-	x < r * r
velvet	crush-alethe	e90d79341bb8ef510ec868623e74cfe98feaa4e8	e90d79341bb8ef510ec868623e74cfe98feaa4e8	leanprover/lean4:v4.32.2	1	Velvet/Examples/Recursion.lean	complex_measure_binsearch_correct	44	7360868690920052366	pass	-	2	-	(l + (r - l) / 2) * (l + (r - l) / 2) ≤ x
velvet	crush-alethe	e90d79341bb8ef510ec868623e74cfe98feaa4e8	e90d79341bb8ef510ec868623e74cfe98feaa4e8	leanprover/lean4:v4.32.2	1	Velvet/Examples/Recursion.lean	complex_measure_binsearch_correct	45	4851910658932930142	pass	-	3	-	x ≤ (x_1 + 1) * (x_1 + 1)
velvet	crush-alethe	e90d79341bb8ef510ec868623e74cfe98feaa4e8	e90d79341bb8ef510ec868623e74cfe98feaa4e8	leanprover/lean4:v4.32.2	1	Velvet/Examples/Recursion.lean	complex_measure_binsearch_correct	46	7656706852135243209	pass	-	2	-	x_1 * x_1 ≤ x
velvet	crush-alethe	e90d79341bb8ef510ec868623e74cfe98feaa4e8	e90d79341bb8ef510ec868623e74cfe98feaa4e8	leanprover/lean4:v4.32.2	1	Velvet/Examples/Recursion.lean	complex_measure_binsearch_correct	47	9897963110172432531	pass	-	1126	-	x < (l + (r - l) / 2) * (l + (r - l) / 2)
velvet	crush-alethe	e90d79341bb8ef510ec868623e74cfe98feaa4e8	e90d79341bb8ef510ec868623e74cfe98feaa4e8	leanprover/lean4:v4.32.2	1	Velvet/Examples/Recursion.lean	complex_measure_binsearch_correct	48	4049183095434299843	pass	-	3	-	l * l ≤ x
velvet	crush-alethe	e90d79341bb8ef510ec868623e74cfe98feaa4e8	e90d79341bb8ef510ec868623e74cfe98feaa4e8	leanprover/lean4:v4.32.2	1	Velvet/Examples/Recursion.lean	complex_measure_binsearch_correct	49	4851910658932930142	pass	-	3	-	x ≤ (x_1 + 1) * (x_1 + 1)
velvet	crush-alethe	e90d79341bb8ef510ec868623e74cfe98feaa4e8	e90d79341bb8ef510ec868623e74cfe98feaa4e8	leanprover/lean4:v4.32.2	1	Velvet/Examples/Recursion.lean	complex_measure_binsearch_correct	50	7656706852135243209	pass	-	2	-	x_1 * x_1 ≤ x
velvet	crush-alethe	e90d79341bb8ef510ec868623e74cfe98feaa4e8	e90d79341bb8ef510ec868623e74cfe98feaa4e8	leanprover/lean4:v4.32.2	1	Velvet/Examples/Recursion.lean	pow2_correct	51	5804668677648722939	fail	reconstruction	506	"crush: Alethe replay failed with term-gap at step `crush_fact_2`: selected SMT assumption could not be decoded; certificate term: (= (hPow_3 2 0) 1). Set `crush.reconstruct` to ""auto"" to fall back to the core-directed finishers."	2 ^ n = 1
velvet	crush-alethe	e90d79341bb8ef510ec868623e74cfe98feaa4e8	e90d79341bb8ef510ec868623e74cfe98feaa4e8	leanprover/lean4:v4.32.2	1	Velvet/Examples/Recursion.lean	pow2_correct	52	5360899794933563671	fail	reconstruction	548	"crush: Alethe replay failed with term-gap at step `crush_fact_2`: selected SMT assumption could not be decoded; certificate term: (= (hPow_2 2 i_1) ans_5). Set `crush.reconstruct` to ""auto"" to fall back to the core-directed finishers."	i + 1 ≤ n
velvet	crush-alethe	e90d79341bb8ef510ec868623e74cfe98feaa4e8	e90d79341bb8ef510ec868623e74cfe98feaa4e8	leanprover/lean4:v4.32.2	1	Velvet/Examples/Recursion.lean	pow2_correct	53	2669204144888843361	fail	reconstruction	504	"crush: Alethe replay failed with term-gap at step `crush_fact_2`: selected SMT assumption could not be decoded; certificate term: (= (hPow_2 2 i_1) ans_5). Set `crush.reconstruct` to ""auto"" to fall back to the core-directed finishers."	2 ^ (i + 1) = ans + x
velvet	crush-alethe	e90d79341bb8ef510ec868623e74cfe98feaa4e8	e90d79341bb8ef510ec868623e74cfe98feaa4e8	leanprover/lean4:v4.32.2	1	Velvet/Examples/Recursion.lean	pow2_correct	54	17426933449823366573	fail	reconstruction	574	"crush: Alethe replay failed with term-gap at step `crush_fact_2`: selected SMT assumption could not be decoded; certificate term: (= (hPow_2 2 i_1) ans_5). Set `crush.reconstruct` to ""auto"" to fall back to the core-directed finishers."	n - (i + 1) < n - i
velvet	crush-alethe	e90d79341bb8ef510ec868623e74cfe98feaa4e8	e90d79341bb8ef510ec868623e74cfe98feaa4e8	leanprover/lean4:v4.32.2	1	Velvet/Examples/Recursion.lean	pow2_correct	55	8436330743851721663	pass	-	2	-	i ≤ n
velvet	crush-alethe	e90d79341bb8ef510ec868623e74cfe98feaa4e8	e90d79341bb8ef510ec868623e74cfe98feaa4e8	leanprover/lean4:v4.32.2	1	Velvet/Examples/Recursion.lean	pow2_correct	56	50664709297785488	pass	-	2	-	2 ^ i = ans
velvet	crush-alethe	e90d79341bb8ef510ec868623e74cfe98feaa4e8	e90d79341bb8ef510ec868623e74cfe98feaa4e8	leanprover/lean4:v4.32.2	1	Velvet/Examples/Recursion.lean	pow2_correct	57	3040060259141493307	fail	reconstruction	532	"crush: Alethe replay failed with term-gap at step `crush_fact_2`: selected SMT assumption could not be decoded; certificate term: (= (hPow_2 2 i_1) ans_5). Set `crush.reconstruct` to ""auto"" to fall back to the core-directed finishers."	¬i < n
velvet	crush-alethe	e90d79341bb8ef510ec868623e74cfe98feaa4e8	e90d79341bb8ef510ec868623e74cfe98feaa4e8	leanprover/lean4:v4.32.2	1	Velvet/Examples/Recursion.lean	pow2_correct	58	8843960039229350233	fail	reconstruction	489	"crush: Alethe replay failed with term-gap at step `crush_fact_2`: selected SMT assumption could not be decoded; certificate term: (= (hPow_3 2 0) 1). Set `crush.reconstruct` to ""auto"" to fall back to the core-directed finishers."	0 ≤ n
velvet	crush-alethe	e90d79341bb8ef510ec868623e74cfe98feaa4e8	e90d79341bb8ef510ec868623e74cfe98feaa4e8	leanprover/lean4:v4.32.2	1	Velvet/Examples/Recursion.lean	pow2_correct	59	11033618788013063028	fail	reconstruction	518	"crush: Alethe replay failed with term-gap at step `crush_fact_2`: selected SMT assumption could not be decoded; certificate term: (= (hPow_3 2 0) 1). Set `crush.reconstruct` to ""auto"" to fall back to the core-directed finishers."	2 ^ 0 = 1
velvet	crush-alethe	e90d79341bb8ef510ec868623e74cfe98feaa4e8	e90d79341bb8ef510ec868623e74cfe98feaa4e8	leanprover/lean4:v4.32.2	1	Velvet/Examples/Recursion.lean	pow2_correct	60	12960500676855313787	fail	reconstruction	558	"crush: Alethe replay failed with term-gap at step `crush_fact_2`: selected SMT assumption could not be decoded; certificate term: (= (hPow_2 2 i_1) ans_5). Set `crush.reconstruct` to ""auto"" to fall back to the core-directed finishers."	2 ^ n = i_1
velvet	crush-alethe	e90d79341bb8ef510ec868623e74cfe98feaa4e8	e90d79341bb8ef510ec868623e74cfe98feaa4e8	leanprover/lean4:v4.32.2	1	Velvet/Examples/SmallHeartBeats.lean	LeftmostMaximalDigit_correct	1	15016508801900672495	fail	timeout	5486	crush: solver returned `unknown` (solver exited without a verdict: cvc5 interrupted by timeout.). Try increasing `crush.timeout` or adding hypotheses.	∀ (pos len : ℕ),   len > 0 →     pos + len ≤ i + 1 →       (∀ j < len, isDigit input[pos + j]! = true) →         pos = 0 ∨ ¬isDigit input[pos - 1]! = true →           pos + len = i + 1 ∨ pos + len < i + 1 ∧ ¬isDigit input[pos + len]! = true → len ≤ bestLen
velvet	crush-alethe	e90d79341bb8ef510ec868623e74cfe98feaa4e8	e90d79341bb8ef510ec868623e74cfe98feaa4e8	leanprover/lean4:v4.32.2	1	Velvet/Examples/SmallHeartBeats.lean	LeftmostMaximalDigit_correct	2	15016508801900672495	fail	timeout	5496	crush: solver returned `unknown` (solver exited without a verdict: cvc5 interrupted by timeout.). Try increasing `crush.timeout` or adding hypotheses.	∀ (pos len : ℕ),   len > 0 →     pos + len ≤ i + 1 →       (∀ j < len, isDigit input[pos + j]! = true) →         pos = 0 ∨ ¬isDigit input[pos - 1]! = true →           pos + len = i + 1 ∨ pos + len < i + 1 ∧ ¬isDigit input[pos + len]! = true → len ≤ bestLen
velvet	crush-alethe	e90d79341bb8ef510ec868623e74cfe98feaa4e8	e90d79341bb8ef510ec868623e74cfe98feaa4e8	leanprover/lean4:v4.32.2	1	Velvet/Examples/SmallHeartBeats.lean	LeftmostMaximalDigit_correct	3	2028202278093280602	fail	translation	5013	"crush: cvc5 did not emit an Alethe certificate: Proof unsupported by Alethe: contains operator DUMMY_SKOLEM. Set `crush.reconstruct` to ""auto"" to use core-directed reconstruction instead."	∀ (pos len : ℕ),   len > 0 →     pos + len ≤ i + 1 →       (∀ j < len, isDigit input[pos + j]! = true) →         pos = 0 ∨ ¬isDigit input[pos - 1]! = true →           pos + len = i + 1 ∨ pos + len < i + 1 ∧ ¬isDigit input[pos + len]! = true → len ≤ currentLen
velvet	crush-alethe	e90d79341bb8ef510ec868623e74cfe98feaa4e8	e90d79341bb8ef510ec868623e74cfe98feaa4e8	leanprover/lean4:v4.32.2	1	Velvet/Examples/SmallHeartBeats.lean	LeftmostMaximalDigit_correct	4	15016508801900672495	fail	translation	5351	"crush: cvc5 did not emit an Alethe certificate: Proof unsupported by Alethe: contains operator DUMMY_SKOLEM. Set `crush.reconstruct` to ""auto"" to use core-directed reconstruction instead."	∀ (pos len : ℕ),   len > 0 →     pos + len ≤ i + 1 →       (∀ j < len, isDigit input[pos + j]! = true) →         pos = 0 ∨ ¬isDigit input[pos - 1]! = true →           pos + len = i + 1 ∨ pos + len < i + 1 ∧ ¬isDigit input[pos + len]! = true → len ≤ bestLen
velvet	crush-alethe	e90d79341bb8ef510ec868623e74cfe98feaa4e8	e90d79341bb8ef510ec868623e74cfe98feaa4e8	leanprover/lean4:v4.32.2	1	Velvet/Examples/SmallHeartBeats.lean	LeftmostMaximalDigit_correct	5	15016508801900672495	fail	translation	5385	"crush: cvc5 did not emit an Alethe certificate: Proof unsupported by Alethe: contains operator DUMMY_SKOLEM. Set `crush.reconstruct` to ""auto"" to use core-directed reconstruction instead."	∀ (pos len : ℕ),   len > 0 →     pos + len ≤ i + 1 →       (∀ j < len, isDigit input[pos + j]! = true) →         pos = 0 ∨ ¬isDigit input[pos - 1]! = true →           pos + len = i + 1 ∨ pos + len < i + 1 ∧ ¬isDigit input[pos + len]! = true → len ≤ bestLen
velvet	crush-alethe	e90d79341bb8ef510ec868623e74cfe98feaa4e8	e90d79341bb8ef510ec868623e74cfe98feaa4e8	leanprover/lean4:v4.32.2	1	Velvet/Examples/SmallHeartBeats.lean	LeftmostMaximalDigit_correct	6	3737123472131748703	fail	timeout	5489	crush: solver returned `unknown` (solver exited without a verdict: cvc5 interrupted by timeout.). Try increasing `crush.timeout` or adding hypotheses.	∀ (pos len : ℕ),   len > 0 →     pos + len ≤ i →       (∀ j < len, isDigit input[pos + j]! = true) →         pos = 0 ∨ ¬isDigit input[pos - 1]! = true →           pos + len = i ∨ pos + len < i ∧ ¬isDigit input[pos + len]! = true → len ≤ bestLen
velvet	crush-alethe	e90d79341bb8ef510ec868623e74cfe98feaa4e8	e90d79341bb8ef510ec868623e74cfe98feaa4e8	leanprover/lean4:v4.32.2	1	Velvet/Examples/SmallHeartBeats.lean	LeftmostMaximalDigit_correct	7	7513237505621560861	fail	translation	497	"crush: cvc5 did not emit an Alethe certificate: Proof unsupported by Alethe: contains operator DUMMY_SKOLEM. Set `crush.reconstruct` to ""auto"" to use core-directed reconstruction instead."	¬i < input.size
velvet	crush-alethe	e90d79341bb8ef510ec868623e74cfe98feaa4e8	e90d79341bb8ef510ec868623e74cfe98feaa4e8	leanprover/lean4:v4.32.2	1	Velvet/Examples/SmallHeartBeats.lean	LeftmostMaximalDigit_correct	8	8096766621563827002	fail	translation	519	"crush: cvc5 did not emit an Alethe certificate: Proof unsupported by Alethe: contains operator DUMMY_SKOLEM. Set `crush.reconstruct` to ""auto"" to use core-directed reconstruction instead."	∀ (pos len : ℕ),   len > 0 →     pos + len ≤ 0 →       (∀ j < len, isDigit input[pos + j]! = true) →         pos = 0 ∨ ¬isDigit input[pos - 1]! = true →           pos + len = 0 ∨ pos + len < 0 ∧ ¬isDigit input[pos + len]! = true → len ≤ 0
velvet	crush-alethe	e90d79341bb8ef510ec868623e74cfe98feaa4e8	e90d79341bb8ef510ec868623e74cfe98feaa4e8	leanprover/lean4:v4.32.2	1	Velvet/Examples/SmallHeartBeats.lean	LeftmostMaximalDigit_correct	9	18343663110535115658	fail	timeout	5529	crush: solver returned `unknown` (solver exited without a verdict: cvc5 interrupted by timeout.). Try increasing `crush.timeout` or adding hypotheses.	(input.extract i_2 (i_2 + i_1)).size > 0 →   ∀ (pos : ℕ),     appearsAt input (input.extract i_2 (i_2 + i_1)) pos →       ∀ pos' < pos,         ¬(pos' + (input.extract i_2 (i_2 + i_1)).size ≤ input.size ∧             (∀ i < (input.extract i_2 (i_2 + i_1)).size, isDigit input[pos' + i]! = true) ∧               (pos' = 0 ∨ ¬isDigit input[pos' - 1]! = true) ∧                 (pos' + (input.extract i_2 (i_2 + i_1)).size = input.size ∨                   ¬isDigit input[pos' + (input.extract i_2 (i_2 + i_1)).size]! = true))
velvet	crush-alethe	e90d79341bb8ef510ec868623e74cfe98feaa4e8	e90d79341bb8ef510ec868623e74cfe98feaa4e8	leanprover/lean4:v4.32.2	1	Velvet/Examples/SpMSpV_Example.lean	VSpV_correct	1	1967192165379400567	pass	-	4	-	(out.set! 0 (out[0]! + spv.val[ind]! * arr[spv.ind[ind]!]!)).size = 1
velvet	crush-alethe	e90d79341bb8ef510ec868623e74cfe98feaa4e8	e90d79341bb8ef510ec868623e74cfe98feaa4e8	leanprover/lean4:v4.32.2	1	Velvet/Examples/SpMSpV_Example.lean	VSpV_correct	2	8738685113314976701	fail	translation	537	"crush: cvc5 did not emit an Alethe certificate: Proof unsupported by Alethe: contains operator DUMMY_SKOLEM. Set `crush.reconstruct` to ""auto"" to use core-directed reconstruction instead."	ind + 1 ≤ spv.size
velvet	crush-alethe	e90d79341bb8ef510ec868623e74cfe98feaa4e8	e90d79341bb8ef510ec868623e74cfe98feaa4e8	leanprover/lean4:v4.32.2	1	Velvet/Examples/SpMSpV_Example.lean	VSpV_correct	3	3203096880704497577	fail	translation	584	"crush: cvc5 did not emit an Alethe certificate: Proof unsupported by Alethe: contains operator DUMMY_SKOLEM. Set `crush.reconstruct` to ""auto"" to use core-directed reconstruction instead."	(out.set! 0 (out[0]! + spv.val[ind]! * arr[spv.ind[ind]!]!))[0]! = sumUpTo spv arr (ind + 1)
velvet	crush-alethe	e90d79341bb8ef510ec868623e74cfe98feaa4e8	e90d79341bb8ef510ec868623e74cfe98feaa4e8	leanprover/lean4:v4.32.2	1	Velvet/Examples/SpMSpV_Example.lean	VSpV_correct	4	13561229236986007424	pass	-	3	-	out.size = 1
velvet	crush-alethe	e90d79341bb8ef510ec868623e74cfe98feaa4e8	e90d79341bb8ef510ec868623e74cfe98feaa4e8	leanprover/lean4:v4.32.2	1	Velvet/Examples/SpMSpV_Example.lean	VSpV_correct	5	4023749508134620518	pass	-	2	-	ind ≤ spv.size
velvet	crush-alethe	e90d79341bb8ef510ec868623e74cfe98feaa4e8	e90d79341bb8ef510ec868623e74cfe98feaa4e8	leanprover/lean4:v4.32.2	1	Velvet/Examples/SpMSpV_Example.lean	VSpV_correct	6	6516497319029947851	pass	-	3	-	out[0]! = sumUpTo spv arr ind
velvet	crush-alethe	e90d79341bb8ef510ec868623e74cfe98feaa4e8	e90d79341bb8ef510ec868623e74cfe98feaa4e8	leanprover/lean4:v4.32.2	1	Velvet/Examples/SpMSpV_Example.lean	VSpV_correct	7	6511268073169614694	fail	translation	532	"crush: cvc5 did not emit an Alethe certificate: Proof unsupported by Alethe: contains operator DUMMY_SKOLEM. Set `crush.reconstruct` to ""auto"" to use core-directed reconstruction instead."	ind = spv.size
velvet	crush-alethe	e90d79341bb8ef510ec868623e74cfe98feaa4e8	e90d79341bb8ef510ec868623e74cfe98feaa4e8	leanprover/lean4:v4.32.2	1	Velvet/Examples/SpMSpV_Example.lean	VSpV_correct	8	3467184461832131134	pass	-	1	-	(Array.replicate 1 0).size = 1
velvet	crush-alethe	e90d79341bb8ef510ec868623e74cfe98feaa4e8	e90d79341bb8ef510ec868623e74cfe98feaa4e8	leanprover/lean4:v4.32.2	1	Velvet/Examples/SpMSpV_Example.lean	VSpV_correct	9	975338514235632457	fail	translation	501	"crush: cvc5 did not emit an Alethe certificate: Proof unsupported by Alethe: contains operator DUMMY_SKOLEM. Set `crush.reconstruct` to ""auto"" to use core-directed reconstruction instead."	0 ≤ spv.size
velvet	crush-alethe	e90d79341bb8ef510ec868623e74cfe98feaa4e8	e90d79341bb8ef510ec868623e74cfe98feaa4e8	leanprover/lean4:v4.32.2	1	Velvet/Examples/SpMSpV_Example.lean	VSpV_correct	10	12341185047943028706	fail	translation	519	"crush: cvc5 did not emit an Alethe certificate: Proof unsupported by Alethe: contains operator DUMMY_SKOLEM. Set `crush.reconstruct` to ""auto"" to use core-directed reconstruction instead."	(Array.replicate 1 0)[0]! = sumUpTo spv arr 0
velvet	crush-alethe	e90d79341bb8ef510ec868623e74cfe98feaa4e8	e90d79341bb8ef510ec868623e74cfe98feaa4e8	leanprover/lean4:v4.32.2	1	Velvet/Examples/SpMSpV_Example.lean	VSpV_correct	11	17907350532264535304	pass	-	4	-	out_1[0]! = sumUpTo spv arr spv.size
velvet	crush-alethe	e90d79341bb8ef510ec868623e74cfe98feaa4e8	e90d79341bb8ef510ec868623e74cfe98feaa4e8	leanprover/lean4:v4.32.2	1	Velvet/Examples/SpMSpV_Example.lean	VSpV_correct	12	6948348975417913427	pass	-	3	-	out_1.size = 1
velvet	crush-alethe	e90d79341bb8ef510ec868623e74cfe98feaa4e8	e90d79341bb8ef510ec868623e74cfe98feaa4e8	leanprover/lean4:v4.32.2	1	Velvet/Examples/SpMSpV_Example.lean	spmv_correct	13	2560064229450187973	pass	-	8	-	(arrInd.set! i (arrInd[i]! + 1)).size = spm.size
velvet	crush-alethe	e90d79341bb8ef510ec868623e74cfe98feaa4e8	e90d79341bb8ef510ec868623e74cfe98feaa4e8	leanprover/lean4:v4.32.2	1	Velvet/Examples/SpMSpV_Example.lean	spmv_correct	14	11268031057524734514	pass	-	8	-	(out.set! i (out[i]! + spm[i]!.val[arrInd[i]!]! * arr[spm[i]!.ind[arrInd[i]!]!]!)).size = spm.size
velvet	crush-alethe	e90d79341bb8ef510ec868623e74cfe98feaa4e8	e90d79341bb8ef510ec868623e74cfe98feaa4e8	leanprover/lean4:v4.32.2	1	Velvet/Examples/SpMSpV_Example.lean	spmv_correct	15	10035930273513517515	fail	translation	605	"crush: cvc5 did not emit an Alethe certificate: Proof unsupported by Alethe: contains operator DUMMY_SKOLEM. Set `crush.reconstruct` to ""auto"" to use core-directed reconstruction instead."	∀ i_1 < (arrInd.set! i (arrInd[i]! + 1)).size, (arrInd.set! i (arrInd[i]! + 1))[i_1]! ≤ spm[i_1]!.size
velvet	crush-alethe	e90d79341bb8ef510ec868623e74cfe98feaa4e8	e90d79341bb8ef510ec868623e74cfe98feaa4e8	leanprover/lean4:v4.32.2	1	Velvet/Examples/SpMSpV_Example.lean	spmv_correct	16	4828757563640441921	fail	translation	762	"crush: cvc5 did not emit an Alethe certificate: Proof unsupported by Alethe: contains operator DUMMY_SKOLEM. Set `crush.reconstruct` to ""auto"" to use core-directed reconstruction instead."	∀ i_1 < (arrInd.set! i (arrInd[i]! + 1)).size,   (out.set! i (out[i]! + spm[i]!.val[arrInd[i]!]! * arr[spm[i]!.ind[arrInd[i]!]!]!))[i_1]! =     sumUpTo spm[i_1]! arr (arrInd.set! i (arrInd[i]! + 1))[i_1]!
velvet	crush-alethe	e90d79341bb8ef510ec868623e74cfe98feaa4e8	e90d79341bb8ef510ec868623e74cfe98feaa4e8	leanprover/lean4:v4.32.2	1	Velvet/Examples/SpMSpV_Example.lean	spmv_correct	17	11230331504797547582	pass	-	7	-	arrInd.size = spm.size
velvet	crush-alethe	e90d79341bb8ef510ec868623e74cfe98feaa4e8	e90d79341bb8ef510ec868623e74cfe98feaa4e8	leanprover/lean4:v4.32.2	1	Velvet/Examples/SpMSpV_Example.lean	spmv_correct	18	17578923063843270768	pass	-	6	-	out.size = spm.size
velvet	crush-alethe	e90d79341bb8ef510ec868623e74cfe98feaa4e8	e90d79341bb8ef510ec868623e74cfe98feaa4e8	leanprover/lean4:v4.32.2	1	Velvet/Examples/SpMSpV_Example.lean	spmv_correct	19	9723121325275610683	fail	translation	558	"crush: cvc5 did not emit an Alethe certificate: Proof unsupported by Alethe: contains operator DUMMY_SKOLEM. Set `crush.reconstruct` to ""auto"" to use core-directed reconstruction instead."	∀ i < arrInd.size, arrInd[i]! ≤ spm[i]!.size
velvet	crush-alethe	e90d79341bb8ef510ec868623e74cfe98feaa4e8	e90d79341bb8ef510ec868623e74cfe98feaa4e8	leanprover/lean4:v4.32.2	1	Velvet/Examples/SpMSpV_Example.lean	spmv_correct	20	17138153512408342530	fail	translation	584	"crush: cvc5 did not emit an Alethe certificate: Proof unsupported by Alethe: contains operator DUMMY_SKOLEM. Set `crush.reconstruct` to ""auto"" to use core-directed reconstruction instead."	∀ i < arrInd.size, out[i]! = sumUpTo spm[i]! arr arrInd[i]!
velvet	crush-alethe	e90d79341bb8ef510ec868623e74cfe98feaa4e8	e90d79341bb8ef510ec868623e74cfe98feaa4e8	leanprover/lean4:v4.32.2	1	Velvet/Examples/SpMSpV_Example.lean	spmv_correct	21	1779879977175361606	fail	translation	567	"crush: cvc5 did not emit an Alethe certificate: Proof unsupported by Alethe: contains operator DUMMY_SKOLEM. Set `crush.reconstruct` to ""auto"" to use core-directed reconstruction instead."	∀ i < arrInd.size, arrInd[i]! = spm[i]!.size
velvet	crush-alethe	e90d79341bb8ef510ec868623e74cfe98feaa4e8	e90d79341bb8ef510ec868623e74cfe98feaa4e8	leanprover/lean4:v4.32.2	1	Velvet/Examples/SpMSpV_Example.lean	spmv_correct	22	1927473323286999035	pass	-	1	-	(Array.replicate spm.size 0).size = spm.size
velvet	crush-alethe	e90d79341bb8ef510ec868623e74cfe98feaa4e8	e90d79341bb8ef510ec868623e74cfe98feaa4e8	leanprover/lean4:v4.32.2	1	Velvet/Examples/SpMSpV_Example.lean	spmv_correct	23	1927473323286999035	pass	-	0	-	(Array.replicate spm.size 0).size = spm.size
velvet	crush-alethe	e90d79341bb8ef510ec868623e74cfe98feaa4e8	e90d79341bb8ef510ec868623e74cfe98feaa4e8	leanprover/lean4:v4.32.2	1	Velvet/Examples/SpMSpV_Example.lean	spmv_correct	24	3184815126966959579	fail	translation	535	"crush: cvc5 did not emit an Alethe certificate: Proof unsupported by Alethe: contains operator DUMMY_SKOLEM. Set `crush.reconstruct` to ""auto"" to use core-directed reconstruction instead."	∀ i < (Array.replicate spm.size 0).size, (Array.replicate spm.size 0)[i]! ≤ spm[i]!.size
velvet	crush-alethe	e90d79341bb8ef510ec868623e74cfe98feaa4e8	e90d79341bb8ef510ec868623e74cfe98feaa4e8	leanprover/lean4:v4.32.2	1	Velvet/Examples/SpMSpV_Example.lean	spmv_correct	25	1119395027554635835	fail	translation	563	"crush: cvc5 did not emit an Alethe certificate: Proof unsupported by Alethe: contains operator DUMMY_SKOLEM. Set `crush.reconstruct` to ""auto"" to use core-directed reconstruction instead."	∀ i < (Array.replicate spm.size 0).size,   (Array.replicate spm.size 0)[i]! = sumUpTo spm[i]! arr (Array.replicate spm.size 0)[i]!
velvet	crush-alethe	e90d79341bb8ef510ec868623e74cfe98feaa4e8	e90d79341bb8ef510ec868623e74cfe98feaa4e8	leanprover/lean4:v4.32.2	1	Velvet/Examples/SpMSpV_Example.lean	spmv_correct	26	2867453267844152322	fail	translation	619	"crush: cvc5 did not emit an Alethe certificate: Proof unsupported by Alethe: contains operator DUMMY_SKOLEM. Set `crush.reconstruct` to ""auto"" to use core-directed reconstruction instead."	∀ i < spm.size, out_1[i]! = sumUpTo spm[i]! arr spm[i]!.size
velvet	crush-alethe	e90d79341bb8ef510ec868623e74cfe98feaa4e8	e90d79341bb8ef510ec868623e74cfe98feaa4e8	leanprover/lean4:v4.32.2	1	Velvet/Examples/SpMSpV_Example.lean	spmv_correct	27	16615537408723427288	pass	-	9	-	spm.size = out_1.size
velvet	crush-alethe	e90d79341bb8ef510ec868623e74cfe98feaa4e8	e90d79341bb8ef510ec868623e74cfe98feaa4e8	leanprover/lean4:v4.32.2	1	Velvet/Examples/SpMSpV_Example.lean	SpVSpV_correct	28	7752079179715214779	pass	-	4	-	(out.set! 0 (out[0]! + spv1.val[pnt1]! * spv2.val[pnt2]!)).size = 1
velvet	crush-alethe	e90d79341bb8ef510ec868623e74cfe98feaa4e8	e90d79341bb8ef510ec868623e74cfe98feaa4e8	leanprover/lean4:v4.32.2	1	Velvet/Examples/SpMSpV_Example.lean	SpVSpV_correct	29	12365816836206760017	fail	translation	641	"crush: cvc5 did not emit an Alethe certificate: Proof unsupported by Alethe: contains operator DUMMY_SKOLEM. Set `crush.reconstruct` to ""auto"" to use core-directed reconstruction instead."	pnt1 + 1 ≤ spv1.size ∧ pnt2 + 1 ≤ spv2.size
velvet	crush-alethe	e90d79341bb8ef510ec868623e74cfe98feaa4e8	e90d79341bb8ef510ec868623e74cfe98feaa4e8	leanprover/lean4:v4.32.2	1	Velvet/Examples/SpMSpV_Example.lean	SpVSpV_correct	30	14837198768818932204	fail	translation	777	"crush: cvc5 did not emit an Alethe certificate: Proof unsupported by Alethe: contains operator DUMMY_SKOLEM. Set `crush.reconstruct` to ""auto"" to use core-directed reconstruction instead."	(out.set! 0 (out[0]! + spv1.val[pnt1]! * spv2.val[pnt2]!))[0]! + spv_dot spv1 spv2 (pnt1 + 1) (pnt2 + 1) =   spv_dot spv1 spv2 0 0
velvet	crush-alethe	e90d79341bb8ef510ec868623e74cfe98feaa4e8	e90d79341bb8ef510ec868623e74cfe98feaa4e8	leanprover/lean4:v4.32.2	1	Velvet/Examples/SpMSpV_Example.lean	SpVSpV_correct	31	13561229236986007424	pass	-	5	-	out.size = 1
velvet	crush-alethe	e90d79341bb8ef510ec868623e74cfe98feaa4e8	e90d79341bb8ef510ec868623e74cfe98feaa4e8	leanprover/lean4:v4.32.2	1	Velvet/Examples/SpMSpV_Example.lean	SpVSpV_correct	32	15323100967004739210	fail	translation	648	"crush: cvc5 did not emit an Alethe certificate: Proof unsupported by Alethe: contains operator DUMMY_SKOLEM. Set `crush.reconstruct` to ""auto"" to use core-directed reconstruction instead."	pnt1 + 1 ≤ spv1.size ∧ pnt2 ≤ spv2.size
velvet	crush-alethe	e90d79341bb8ef510ec868623e74cfe98feaa4e8	e90d79341bb8ef510ec868623e74cfe98feaa4e8	leanprover/lean4:v4.32.2	1	Velvet/Examples/SpMSpV_Example.lean	SpVSpV_correct	33	10656169208955874266	fail	translation	690	"crush: cvc5 did not emit an Alethe certificate: Proof unsupported by Alethe: contains operator DUMMY_SKOLEM. Set `crush.reconstruct` to ""auto"" to use core-directed reconstruction instead."	out[0]! + spv_dot spv1 spv2 (pnt1 + 1) pnt2 = spv_dot spv1 spv2 0 0
velvet	crush-alethe	e90d79341bb8ef510ec868623e74cfe98feaa4e8	e90d79341bb8ef510ec868623e74cfe98feaa4e8	leanprover/lean4:v4.32.2	1	Velvet/Examples/SpMSpV_Example.lean	SpVSpV_correct	34	13561229236986007424	pass	-	5	-	out.size = 1
velvet	crush-alethe	e90d79341bb8ef510ec868623e74cfe98feaa4e8	e90d79341bb8ef510ec868623e74cfe98feaa4e8	leanprover/lean4:v4.32.2	1	Velvet/Examples/SpMSpV_Example.lean	SpVSpV_correct	35	9762937465648280212	fail	translation	637	"crush: cvc5 did not emit an Alethe certificate: Proof unsupported by Alethe: contains operator DUMMY_SKOLEM. Set `crush.reconstruct` to ""auto"" to use core-directed reconstruction instead."	pnt1 ≤ spv1.size ∧ pnt2 + 1 ≤ spv2.size
velvet	crush-alethe	e90d79341bb8ef510ec868623e74cfe98feaa4e8	e90d79341bb8ef510ec868623e74cfe98feaa4e8	leanprover/lean4:v4.32.2	1	Velvet/Examples/SpMSpV_Example.lean	SpVSpV_correct	36	2195194365498566470	fail	translation	683	"crush: cvc5 did not emit an Alethe certificate: Proof unsupported by Alethe: contains operator DUMMY_SKOLEM. Set `crush.reconstruct` to ""auto"" to use core-directed reconstruction instead."	out[0]! + spv_dot spv1 spv2 pnt1 (pnt2 + 1) = spv_dot spv1 spv2 0 0
velvet	crush-alethe	e90d79341bb8ef510ec868623e74cfe98feaa4e8	e90d79341bb8ef510ec868623e74cfe98feaa4e8	leanprover/lean4:v4.32.2	1	Velvet/Examples/SpMSpV_Example.lean	SpVSpV_correct	37	13561229236986007424	pass	-	3	-	out.size = 1
velvet	crush-alethe	e90d79341bb8ef510ec868623e74cfe98feaa4e8	e90d79341bb8ef510ec868623e74cfe98feaa4e8	leanprover/lean4:v4.32.2	1	Velvet/Examples/SpMSpV_Example.lean	SpVSpV_correct	38	11853401597336712609	fail	translation	626	"crush: cvc5 did not emit an Alethe certificate: Proof unsupported by Alethe: contains operator DUMMY_SKOLEM. Set `crush.reconstruct` to ""auto"" to use core-directed reconstruction instead."	pnt1 ≤ spv1.size ∧ pnt2 ≤ spv2.size
velvet	crush-alethe	e90d79341bb8ef510ec868623e74cfe98feaa4e8	e90d79341bb8ef510ec868623e74cfe98feaa4e8	leanprover/lean4:v4.32.2	1	Velvet/Examples/SpMSpV_Example.lean	SpVSpV_correct	39	8906564304959696025	pass	-	4	-	out[0]! + spv_dot spv1 spv2 pnt1 pnt2 = spv_dot spv1 spv2 0 0
velvet	crush-alethe	e90d79341bb8ef510ec868623e74cfe98feaa4e8	e90d79341bb8ef510ec868623e74cfe98feaa4e8	leanprover/lean4:v4.32.2	1	Velvet/Examples/SpMSpV_Example.lean	SpVSpV_correct	40	2836632441074815746	fail	translation	621	"crush: cvc5 did not emit an Alethe certificate: Proof unsupported by Alethe: contains operator DUMMY_SKOLEM. Set `crush.reconstruct` to ""auto"" to use core-directed reconstruction instead."	pnt1 = spv1.size ∨ pnt2 = spv2.size
velvet	crush-alethe	e90d79341bb8ef510ec868623e74cfe98feaa4e8	e90d79341bb8ef510ec868623e74cfe98feaa4e8	leanprover/lean4:v4.32.2	1	Velvet/Examples/SpMSpV_Example.lean	SpVSpV_correct	41	3467184461832131134	pass	-	1	-	(Array.replicate 1 0).size = 1
velvet	crush-alethe	e90d79341bb8ef510ec868623e74cfe98feaa4e8	e90d79341bb8ef510ec868623e74cfe98feaa4e8	leanprover/lean4:v4.32.2	1	Velvet/Examples/SpMSpV_Example.lean	SpVSpV_correct	42	9157999431728333977	fail	translation	562	"crush: cvc5 did not emit an Alethe certificate: Proof unsupported by Alethe: contains operator DUMMY_SKOLEM. Set `crush.reconstruct` to ""auto"" to use core-directed reconstruction instead."	0 ≤ spv1.size ∧ 0 ≤ spv2.size
velvet	crush-alethe	e90d79341bb8ef510ec868623e74cfe98feaa4e8	e90d79341bb8ef510ec868623e74cfe98feaa4e8	leanprover/lean4:v4.32.2	1	Velvet/Examples/SpMSpV_Example.lean	SpVSpV_correct	43	12484676100150332319	fail	translation	652	"crush: cvc5 did not emit an Alethe certificate: Proof unsupported by Alethe: contains operator DUMMY_SKOLEM. Set `crush.reconstruct` to ""auto"" to use core-directed reconstruction instead."	(Array.replicate 1 0)[0]! + spv_dot spv1 spv2 0 0 = spv_dot spv1 spv2 0 0
velvet	crush-alethe	e90d79341bb8ef510ec868623e74cfe98feaa4e8	e90d79341bb8ef510ec868623e74cfe98feaa4e8	leanprover/lean4:v4.32.2	1	Velvet/Examples/SpMSpV_Example.lean	SpVSpV_correct	44	6547543738413559297	fail	translation	657	"crush: cvc5 did not emit an Alethe certificate: Proof unsupported by Alethe: contains operator DUMMY_SKOLEM. Set `crush.reconstruct` to ""auto"" to use core-directed reconstruction instead."	i[0]! = spv_dot spv1 spv2 0 0
velvet	crush-alethe	e90d79341bb8ef510ec868623e74cfe98feaa4e8	e90d79341bb8ef510ec868623e74cfe98feaa4e8	leanprover/lean4:v4.32.2	1	Velvet/Examples/SpMSpV_Example.lean	SpVSpV_correct	45	4428589781148415831	pass	-	5	-	i.size = 1
velvet	crush-alethe	e90d79341bb8ef510ec868623e74cfe98feaa4e8	e90d79341bb8ef510ec868623e74cfe98feaa4e8	leanprover/lean4:v4.32.2	1	Velvet/Examples/SpMSpV_Example.lean	SpMSpV_correct	46	10600388612998636634	pass	-	12	-	(spvInd.set! i (spvInd[i]! + 1)).size = spm.size
velvet	crush-alethe	e90d79341bb8ef510ec868623e74cfe98feaa4e8	e90d79341bb8ef510ec868623e74cfe98feaa4e8	leanprover/lean4:v4.32.2	1	Velvet/Examples/SpMSpV_Example.lean	SpMSpV_correct	47	12568830336983413194	pass	-	11	-	(spmInd.set! i (spmInd[i]! + 1)).size = spm.size
velvet	crush-alethe	e90d79341bb8ef510ec868623e74cfe98feaa4e8	e90d79341bb8ef510ec868623e74cfe98feaa4e8	leanprover/lean4:v4.32.2	1	Velvet/Examples/SpMSpV_Example.lean	SpMSpV_correct	48	326977185203169709	pass	-	11	-	(out.set! i (out[i]! + spm[i]!.val[spmInd[i]!]! * spv.val[spvInd[i]!]!)).size = spm.size
velvet	crush-alethe	e90d79341bb8ef510ec868623e74cfe98feaa4e8	e90d79341bb8ef510ec868623e74cfe98feaa4e8	leanprover/lean4:v4.32.2	1	Velvet/Examples/SpMSpV_Example.lean	SpMSpV_correct	49	16599719904663808863	fail	translation	691	"crush: cvc5 did not emit an Alethe certificate: Proof unsupported by Alethe: contains operator DUMMY_SKOLEM. Set `crush.reconstruct` to ""auto"" to use core-directed reconstruction instead."	∀ i_1 < (spmInd.set! i (spmInd[i]! + 1)).size, (spmInd.set! i (spmInd[i]! + 1))[i_1]! ≤ spm[i_1]!.size
velvet	crush-alethe	e90d79341bb8ef510ec868623e74cfe98feaa4e8	e90d79341bb8ef510ec868623e74cfe98feaa4e8	leanprover/lean4:v4.32.2	1	Velvet/Examples/SpMSpV_Example.lean	SpMSpV_correct	50	9413868035314052637	fail	translation	675	"crush: cvc5 did not emit an Alethe certificate: Proof unsupported by Alethe: contains operator DUMMY_SKOLEM. Set `crush.reconstruct` to ""auto"" to use core-directed reconstruction instead."	∀ i_1 < (spvInd.set! i (spvInd[i]! + 1)).size, (spvInd.set! i (spvInd[i]! + 1))[i_1]! ≤ spv.size
velvet	crush-alethe	e90d79341bb8ef510ec868623e74cfe98feaa4e8	e90d79341bb8ef510ec868623e74cfe98feaa4e8	leanprover/lean4:v4.32.2	1	Velvet/Examples/SpMSpV_Example.lean	SpMSpV_correct	51	11331147013392176036	fail	translation	1064	"crush: cvc5 did not emit an Alethe certificate: Proof unsupported by Alethe: contains operator DUMMY_SKOLEM. Set `crush.reconstruct` to ""auto"" to use core-directed reconstruction instead."	∀ i_1 < spm.size,   (out.set! i (out[i]! + spm[i]!.val[spmInd[i]!]! * spv.val[spvInd[i]!]!))[i_1]! +       spv_dot spm[i_1]! spv (spmInd.set! i (spmInd[i]! + 1))[i_1]! (spvInd.set! i (spvInd[i]! + 1))[i_1]! =     spv_dot spm[i_1]! spv 0 0
velvet	crush-alethe	e90d79341bb8ef510ec868623e74cfe98feaa4e8	e90d79341bb8ef510ec868623e74cfe98feaa4e8	leanprover/lean4:v4.32.2	1	Velvet/Examples/SpMSpV_Example.lean	SpMSpV_correct	52	3439126561156933339	pass	-	13	-	spvInd.size = spm.size
velvet	crush-alethe	e90d79341bb8ef510ec868623e74cfe98feaa4e8	e90d79341bb8ef510ec868623e74cfe98feaa4e8	leanprover/lean4:v4.32.2	1	Velvet/Examples/SpMSpV_Example.lean	SpMSpV_correct	53	12568830336983413194	pass	-	11	-	(spmInd.set! i (spmInd[i]! + 1)).size = spm.size
velvet	crush-alethe	e90d79341bb8ef510ec868623e74cfe98feaa4e8	e90d79341bb8ef510ec868623e74cfe98feaa4e8	leanprover/lean4:v4.32.2	1	Velvet/Examples/SpMSpV_Example.lean	SpMSpV_correct	54	17578923063843270768	pass	-	10	-	out.size = spm.size
velvet	crush-alethe	e90d79341bb8ef510ec868623e74cfe98feaa4e8	e90d79341bb8ef510ec868623e74cfe98feaa4e8	leanprover/lean4:v4.32.2	1	Velvet/Examples/SpMSpV_Example.lean	SpMSpV_correct	55	16599719904663808863	fail	translation	705	"crush: cvc5 did not emit an Alethe certificate: Proof unsupported by Alethe: contains operator DUMMY_SKOLEM. Set `crush.reconstruct` to ""auto"" to use core-directed reconstruction instead."	∀ i_1 < (spmInd.set! i (spmInd[i]! + 1)).size, (spmInd.set! i (spmInd[i]! + 1))[i_1]! ≤ spm[i_1]!.size
velvet	crush-alethe	e90d79341bb8ef510ec868623e74cfe98feaa4e8	e90d79341bb8ef510ec868623e74cfe98feaa4e8	leanprover/lean4:v4.32.2	1	Velvet/Examples/SpMSpV_Example.lean	SpMSpV_correct	56	14915918579342464454	fail	translation	662	"crush: cvc5 did not emit an Alethe certificate: Proof unsupported by Alethe: contains operator DUMMY_SKOLEM. Set `crush.reconstruct` to ""auto"" to use core-directed reconstruction instead."	∀ i < spvInd.size, spvInd[i]! ≤ spv.size
velvet	crush-alethe	e90d79341bb8ef510ec868623e74cfe98feaa4e8	e90d79341bb8ef510ec868623e74cfe98feaa4e8	leanprover/lean4:v4.32.2	1	Velvet/Examples/SpMSpV_Example.lean	SpMSpV_correct	57	9290686424640906065	fail	translation	1233	"crush: cvc5 did not emit an Alethe certificate: Proof unsupported by Alethe: contains operator DUMMY_SKOLEM. Set `crush.reconstruct` to ""auto"" to use core-directed reconstruction instead."	∀ i_1 < spm.size,   out[i_1]! + spv_dot spm[i_1]! spv (spmInd.set! i (spmInd[i]! + 1))[i_1]! spvInd[i_1]! = spv_dot spm[i_1]! spv 0 0
velvet	crush-alethe	e90d79341bb8ef510ec868623e74cfe98feaa4e8	e90d79341bb8ef510ec868623e74cfe98feaa4e8	leanprover/lean4:v4.32.2	1	Velvet/Examples/SpMSpV_Example.lean	SpMSpV_correct	58	10600388612998636634	pass	-	13	-	(spvInd.set! i (spvInd[i]! + 1)).size = spm.size
velvet	crush-alethe	e90d79341bb8ef510ec868623e74cfe98feaa4e8	e90d79341bb8ef510ec868623e74cfe98feaa4e8	leanprover/lean4:v4.32.2	1	Velvet/Examples/SpMSpV_Example.lean	SpMSpV_correct	59	4457183463164791376	pass	-	11	-	spmInd.size = spm.size
velvet	crush-alethe	e90d79341bb8ef510ec868623e74cfe98feaa4e8	e90d79341bb8ef510ec868623e74cfe98feaa4e8	leanprover/lean4:v4.32.2	1	Velvet/Examples/SpMSpV_Example.lean	SpMSpV_correct	60	17578923063843270768	pass	-	11	-	out.size = spm.size
velvet	crush-alethe	e90d79341bb8ef510ec868623e74cfe98feaa4e8	e90d79341bb8ef510ec868623e74cfe98feaa4e8	leanprover/lean4:v4.32.2	1	Velvet/Examples/SpMSpV_Example.lean	SpMSpV_correct	61	4823872097887552574	fail	translation	668	"crush: cvc5 did not emit an Alethe certificate: Proof unsupported by Alethe: contains operator DUMMY_SKOLEM. Set `crush.reconstruct` to ""auto"" to use core-directed reconstruction instead."	∀ i < spmInd.size, spmInd[i]! ≤ spm[i]!.size
velvet	crush-alethe	e90d79341bb8ef510ec868623e74cfe98feaa4e8	e90d79341bb8ef510ec868623e74cfe98feaa4e8	leanprover/lean4:v4.32.2	1	Velvet/Examples/SpMSpV_Example.lean	SpMSpV_correct	62	9413868035314052637	fail	translation	712	"crush: cvc5 did not emit an Alethe certificate: Proof unsupported by Alethe: contains operator DUMMY_SKOLEM. Set `crush.reconstruct` to ""auto"" to use core-directed reconstruction instead."	∀ i_1 < (spvInd.set! i (spvInd[i]! + 1)).size, (spvInd.set! i (spvInd[i]! + 1))[i_1]! ≤ spv.size
velvet	crush-alethe	e90d79341bb8ef510ec868623e74cfe98feaa4e8	e90d79341bb8ef510ec868623e74cfe98feaa4e8	leanprover/lean4:v4.32.2	1	Velvet/Examples/SpMSpV_Example.lean	SpMSpV_correct	63	4033875047981720732	fail	translation	1410	"crush: cvc5 did not emit an Alethe certificate: Proof unsupported by Alethe: contains operator DUMMY_SKOLEM. Set `crush.reconstruct` to ""auto"" to use core-directed reconstruction instead."	∀ i_1 < spm.size,   out[i_1]! + spv_dot spm[i_1]! spv spmInd[i_1]! (spvInd.set! i (spvInd[i]! + 1))[i_1]! = spv_dot spm[i_1]! spv 0 0
velvet	crush-alethe	e90d79341bb8ef510ec868623e74cfe98feaa4e8	e90d79341bb8ef510ec868623e74cfe98feaa4e8	leanprover/lean4:v4.32.2	1	Velvet/Examples/SpMSpV_Example.lean	SpMSpV_correct	64	3439126561156933339	pass	-	8	-	spvInd.size = spm.size
velvet	crush-alethe	e90d79341bb8ef510ec868623e74cfe98feaa4e8	e90d79341bb8ef510ec868623e74cfe98feaa4e8	leanprover/lean4:v4.32.2	1	Velvet/Examples/SpMSpV_Example.lean	SpMSpV_correct	65	4457183463164791376	pass	-	7	-	spmInd.size = spm.size
velvet	crush-alethe	e90d79341bb8ef510ec868623e74cfe98feaa4e8	e90d79341bb8ef510ec868623e74cfe98feaa4e8	leanprover/lean4:v4.32.2	1	Velvet/Examples/SpMSpV_Example.lean	SpMSpV_correct	66	17578923063843270768	pass	-	7	-	out.size = spm.size
velvet	crush-alethe	e90d79341bb8ef510ec868623e74cfe98feaa4e8	e90d79341bb8ef510ec868623e74cfe98feaa4e8	leanprover/lean4:v4.32.2	1	Velvet/Examples/SpMSpV_Example.lean	SpMSpV_correct	67	4823872097887552574	fail	translation	620	"crush: cvc5 did not emit an Alethe certificate: Proof unsupported by Alethe: contains operator DUMMY_SKOLEM. Set `crush.reconstruct` to ""auto"" to use core-directed reconstruction instead."	∀ i < spmInd.size, spmInd[i]! ≤ spm[i]!.size
velvet	crush-alethe	e90d79341bb8ef510ec868623e74cfe98feaa4e8	e90d79341bb8ef510ec868623e74cfe98feaa4e8	leanprover/lean4:v4.32.2	1	Velvet/Examples/SpMSpV_Example.lean	SpMSpV_correct	68	14915918579342464454	fail	translation	609	"crush: cvc5 did not emit an Alethe certificate: Proof unsupported by Alethe: contains operator DUMMY_SKOLEM. Set `crush.reconstruct` to ""auto"" to use core-directed reconstruction instead."	∀ i < spvInd.size, spvInd[i]! ≤ spv.size
velvet	crush-alethe	e90d79341bb8ef510ec868623e74cfe98feaa4e8	e90d79341bb8ef510ec868623e74cfe98feaa4e8	leanprover/lean4:v4.32.2	1	Velvet/Examples/SpMSpV_Example.lean	SpMSpV_correct	69	10972595422634862877	fail	translation	746	"crush: cvc5 did not emit an Alethe certificate: Proof unsupported by Alethe: contains operator DUMMY_SKOLEM. Set `crush.reconstruct` to ""auto"" to use core-directed reconstruction instead."	∀ i < spm.size, out[i]! + spv_dot spm[i]! spv spmInd[i]! spvInd[i]! = spv_dot spm[i]! spv 0 0
velvet	crush-alethe	e90d79341bb8ef510ec868623e74cfe98feaa4e8	e90d79341bb8ef510ec868623e74cfe98feaa4e8	leanprover/lean4:v4.32.2	1	Velvet/Examples/SpMSpV_Example.lean	SpMSpV_correct	70	8550776788309984180	fail	translation	664	"crush: cvc5 did not emit an Alethe certificate: Proof unsupported by Alethe: contains operator DUMMY_SKOLEM. Set `crush.reconstruct` to ""auto"" to use core-directed reconstruction instead."	∀ i < spm.size, spmInd[i]! = spm[i]!.size ∨ spvInd[i]! = spv.size
velvet	crush-alethe	e90d79341bb8ef510ec868623e74cfe98feaa4e8	e90d79341bb8ef510ec868623e74cfe98feaa4e8	leanprover/lean4:v4.32.2	1	Velvet/Examples/SpMSpV_Example.lean	SpMSpV_correct	71	1927473323286999035	pass	-	1	-	(Array.replicate spm.size 0).size = spm.size
velvet	crush-alethe	e90d79341bb8ef510ec868623e74cfe98feaa4e8	e90d79341bb8ef510ec868623e74cfe98feaa4e8	leanprover/lean4:v4.32.2	1	Velvet/Examples/SpMSpV_Example.lean	SpMSpV_correct	72	1927473323286999035	pass	-	1	-	(Array.replicate spm.size 0).size = spm.size
velvet	crush-alethe	e90d79341bb8ef510ec868623e74cfe98feaa4e8	e90d79341bb8ef510ec868623e74cfe98feaa4e8	leanprover/lean4:v4.32.2	1	Velvet/Examples/SpMSpV_Example.lean	SpMSpV_correct	73	1927473323286999035	pass	-	0	-	(Array.replicate spm.size 0).size = spm.size
velvet	crush-alethe	e90d79341bb8ef510ec868623e74cfe98feaa4e8	e90d79341bb8ef510ec868623e74cfe98feaa4e8	leanprover/lean4:v4.32.2	1	Velvet/Examples/SpMSpV_Example.lean	SpMSpV_correct	74	3184815126966959579	fail	translation	604	"crush: cvc5 did not emit an Alethe certificate: Proof unsupported by Alethe: contains operator DUMMY_SKOLEM. Set `crush.reconstruct` to ""auto"" to use core-directed reconstruction instead."	∀ i < (Array.replicate spm.size 0).size, (Array.replicate spm.size 0)[i]! ≤ spm[i]!.size
velvet	crush-alethe	e90d79341bb8ef510ec868623e74cfe98feaa4e8	e90d79341bb8ef510ec868623e74cfe98feaa4e8	leanprover/lean4:v4.32.2	1	Velvet/Examples/SpMSpV_Example.lean	SpMSpV_correct	75	5592904318722155373	fail	translation	574	"crush: cvc5 did not emit an Alethe certificate: Proof unsupported by Alethe: contains operator DUMMY_SKOLEM. Set `crush.reconstruct` to ""auto"" to use core-directed reconstruction instead."	∀ i < (Array.replicate spm.size 0).size, (Array.replicate spm.size 0)[i]! ≤ spv.size
velvet	crush-alethe	e90d79341bb8ef510ec868623e74cfe98feaa4e8	e90d79341bb8ef510ec868623e74cfe98feaa4e8	leanprover/lean4:v4.32.2	1	Velvet/Examples/SpMSpV_Example.lean	SpMSpV_correct	76	9139246173028146264	fail	translation	758	"crush: cvc5 did not emit an Alethe certificate: Proof unsupported by Alethe: contains operator DUMMY_SKOLEM. Set `crush.reconstruct` to ""auto"" to use core-directed reconstruction instead."	∀ i < spm.size,   (Array.replicate spm.size 0)[i]! +       spv_dot spm[i]! spv (Array.replicate spm.size 0)[i]! (Array.replicate spm.size 0)[i]! =     spv_dot spm[i]! spv 0 0
velvet	crush-alethe	e90d79341bb8ef510ec868623e74cfe98feaa4e8	e90d79341bb8ef510ec868623e74cfe98feaa4e8	leanprover/lean4:v4.32.2	1	Velvet/Examples/SpMSpV_Example.lean	SpMSpV_correct	77	1600226093076966364	fail	translation	855	"crush: cvc5 did not emit an Alethe certificate: Proof unsupported by Alethe: contains operator DUMMY_SKOLEM. Set `crush.reconstruct` to ""auto"" to use core-directed reconstruction instead."	∀ i_3 < spm.size, i[i_3]! = spv_dot spm[i_3]! spv 0 0
velvet	crush-alethe	e90d79341bb8ef510ec868623e74cfe98feaa4e8	e90d79341bb8ef510ec868623e74cfe98feaa4e8	leanprover/lean4:v4.32.2	1	Velvet/Examples/SpMSpV_Example.lean	SpMSpV_correct	78	16615823506960250981	pass	-	13	-	i.size = spm.size
velvet	crush-alethe	e90d79341bb8ef510ec868623e74cfe98feaa4e8	e90d79341bb8ef510ec868623e74cfe98feaa4e8	leanprover/lean4:v4.32.2	1	Velvet/Examples/SubstringSearch.lean	SubstringSearch_correct	1	18217664312208415458	fail	translation	492	"crush: cvc5 did not emit an Alethe certificate: Proof unsupported by Alethe: contains operator DUMMY_SKOLEM. Set `crush.reconstruct` to ""auto"" to use core-directed reconstruction instead."	¬false = true → ∀ i < s.size, ¬p s[i]! = true
velvet	crush-alethe	e90d79341bb8ef510ec868623e74cfe98feaa4e8	e90d79341bb8ef510ec868623e74cfe98feaa4e8	leanprover/lean4:v4.32.2	1	Velvet/Examples/SubstringSearch.lean	SubstringSearch_correct	2	14717207787831772510	fail	translation	499	"crush: cvc5 did not emit an Alethe certificate: Proof unsupported by Alethe: contains operator DUMMY_SKOLEM. Set `crush.reconstruct` to ""auto"" to use core-directed reconstruction instead."	false = true → ∀ (l₁ r₁ : ℕ), CorrectSubstring s p l₁ r₁ → r₁ - l₁ + 1 = 0 - 0 + 1 ∧ 0 ≤ r₁ ∨ r₁ - l₁ + 1 < 0 - 0 + 1
velvet	crush-alethe	e90d79341bb8ef510ec868623e74cfe98feaa4e8	e90d79341bb8ef510ec868623e74cfe98feaa4e8	leanprover/lean4:v4.32.2	1	Velvet/Examples/SubstringSearch.lean	SubstringSearch_correct	3	10323933724704776680	fail	translation	504	"crush: cvc5 did not emit an Alethe certificate: Proof unsupported by Alethe: contains operator DUMMY_SKOLEM. Set `crush.reconstruct` to ""auto"" to use core-directed reconstruction instead."	false = true → CorrectSubstring s p 0 0
velvet	crush-alethe	e90d79341bb8ef510ec868623e74cfe98feaa4e8	e90d79341bb8ef510ec868623e74cfe98feaa4e8	leanprover/lean4:v4.32.2	1	Velvet/Examples/SubstringSearch.lean	SubstringSearch_correct	4	8391554914672281118	fail	translation	495	"crush: cvc5 did not emit an Alethe certificate: Proof unsupported by Alethe: contains operator DUMMY_SKOLEM. Set `crush.reconstruct` to ""auto"" to use core-directed reconstruction instead."	0 < s.size → 0 < s.size
velvet	crush-alethe	e90d79341bb8ef510ec868623e74cfe98feaa4e8	e90d79341bb8ef510ec868623e74cfe98feaa4e8	leanprover/lean4:v4.32.2	1	Velvet/Examples/SubstringSearch.lean	SubstringSearch_correct	5	6640297411548399355	fail	translation	486	"crush: cvc5 did not emit an Alethe certificate: Proof unsupported by Alethe: contains operator DUMMY_SKOLEM. Set `crush.reconstruct` to ""auto"" to use core-directed reconstruction instead."	0 ≤ 0
velvet	crush-alethe	e90d79341bb8ef510ec868623e74cfe98feaa4e8	e90d79341bb8ef510ec868623e74cfe98feaa4e8	leanprover/lean4:v4.32.2	1	Velvet/Examples/SubstringSearch.lean	SubstringSearch_correct	6	4492008039209323302	fail	translation	537	"crush: cvc5 did not emit an Alethe certificate: Proof unsupported by Alethe: contains operator DUMMY_SKOLEM. Set `crush.reconstruct` to ""auto"" to use core-directed reconstruction instead."	0 ≤ cnt + 1
velvet	crush-alethe	e90d79341bb8ef510ec868623e74cfe98feaa4e8	e90d79341bb8ef510ec868623e74cfe98feaa4e8	leanprover/lean4:v4.32.2	1	Velvet/Examples/SubstringSearch.lean	SubstringSearch_correct	7	16506446102682745284	fail	translation	532	"crush: cvc5 did not emit an Alethe certificate: Proof unsupported by Alethe: contains operator DUMMY_SKOLEM. Set `crush.reconstruct` to ""auto"" to use core-directed reconstruction instead."	cnt + 1 ≤ pnt + 1
velvet	crush-alethe	e90d79341bb8ef510ec868623e74cfe98feaa4e8	e90d79341bb8ef510ec868623e74cfe98feaa4e8	leanprover/lean4:v4.32.2	1	Velvet/Examples/SubstringSearch.lean	SubstringSearch_correct	8	4056255141881592010	fail	translation	531	"crush: cvc5 did not emit an Alethe certificate: Proof unsupported by Alethe: contains operator DUMMY_SKOLEM. Set `crush.reconstruct` to ""auto"" to use core-directed reconstruction instead."	pnt + 1 ≤ s.size
velvet	crush-alethe	e90d79341bb8ef510ec868623e74cfe98feaa4e8	e90d79341bb8ef510ec868623e74cfe98feaa4e8	leanprover/lean4:v4.32.2	1	Velvet/Examples/SubstringSearch.lean	SubstringSearch_correct	9	10653939026877543916	fail	translation	524	"crush: cvc5 did not emit an Alethe certificate: Proof unsupported by Alethe: contains operator DUMMY_SKOLEM. Set `crush.reconstruct` to ""auto"" to use core-directed reconstruction instead."	pnt + 1 - (cnt + 1) ≤ pnt
velvet	crush-alethe	e90d79341bb8ef510ec868623e74cfe98feaa4e8	e90d79341bb8ef510ec868623e74cfe98feaa4e8	leanprover/lean4:v4.32.2	1	Velvet/Examples/SubstringSearch.lean	SubstringSearch_correct	10	11759649870705798849	pass	-	20	-	pnt < s.size
velvet	crush-alethe	e90d79341bb8ef510ec868623e74cfe98feaa4e8	e90d79341bb8ef510ec868623e74cfe98feaa4e8	leanprover/lean4:v4.32.2	1	Velvet/Examples/SubstringSearch.lean	SubstringSearch_correct	11	18143633401136980304	fail	translation	534	"crush: cvc5 did not emit an Alethe certificate: Proof unsupported by Alethe: contains operator DUMMY_SKOLEM. Set `crush.reconstruct` to ""auto"" to use core-directed reconstruction instead."	cnt + 1 ≤ cnt + 1
velvet	crush-alethe	e90d79341bb8ef510ec868623e74cfe98feaa4e8	e90d79341bb8ef510ec868623e74cfe98feaa4e8	leanprover/lean4:v4.32.2	1	Velvet/Examples/SubstringSearch.lean	SubstringSearch_correct	12	16856248441874989194	fail	translation	544	"crush: cvc5 did not emit an Alethe certificate: Proof unsupported by Alethe: contains operator DUMMY_SKOLEM. Set `crush.reconstruct` to ""auto"" to use core-directed reconstruction instead."	pnt ≤ pnt + 1
velvet	crush-alethe	e90d79341bb8ef510ec868623e74cfe98feaa4e8	e90d79341bb8ef510ec868623e74cfe98feaa4e8	leanprover/lean4:v4.32.2	1	Velvet/Examples/SubstringSearch.lean	SubstringSearch_correct	13	1598574868652780333	fail	translation	558	"crush: cvc5 did not emit an Alethe certificate: Proof unsupported by Alethe: contains operator DUMMY_SKOLEM. Set `crush.reconstruct` to ""auto"" to use core-directed reconstruction instead."	∀ (j : ℕ), pnt + 1 - (cnt + 1) ≤ j → j < pnt + 1 → p s[j]! = true
velvet	crush-alethe	e90d79341bb8ef510ec868623e74cfe98feaa4e8	e90d79341bb8ef510ec868623e74cfe98feaa4e8	leanprover/lean4:v4.32.2	1	Velvet/Examples/SubstringSearch.lean	SubstringSearch_correct	14	6083540873046640352	fail	translation	581	"crush: cvc5 did not emit an Alethe certificate: Proof unsupported by Alethe: contains operator DUMMY_SKOLEM. Set `crush.reconstruct` to ""auto"" to use core-directed reconstruction instead."	cnt + 1 > 0 → cnt + 1 = pnt - (pnt + 1 - (cnt + 1)) + 1 ∧ CorrectSubstring s p (pnt + 1 - (cnt + 1)) pnt
velvet	crush-alethe	e90d79341bb8ef510ec868623e74cfe98feaa4e8	e90d79341bb8ef510ec868623e74cfe98feaa4e8	leanprover/lean4:v4.32.2	1	Velvet/Examples/SubstringSearch.lean	SubstringSearch_correct	15	18314524564682266162	fail	translation	528	"crush: cvc5 did not emit an Alethe certificate: Proof unsupported by Alethe: contains operator DUMMY_SKOLEM. Set `crush.reconstruct` to ""auto"" to use core-directed reconstruction instead."	cnt + 1 = 0 → ∀ i < pnt + 1, ¬p s[i]! = true
velvet	crush-alethe	e90d79341bb8ef510ec868623e74cfe98feaa4e8	e90d79341bb8ef510ec868623e74cfe98feaa4e8	leanprover/lean4:v4.32.2	1	Velvet/Examples/SubstringSearch.lean	SubstringSearch_correct	16	14859665284842375974	fail	translation	530	"crush: cvc5 did not emit an Alethe certificate: Proof unsupported by Alethe: contains operator DUMMY_SKOLEM. Set `crush.reconstruct` to ""auto"" to use core-directed reconstruction instead."	cnt + 1 < pnt + 1 → ¬p s[pnt + 1 - (cnt + 1) - 1]! = true
velvet	crush-alethe	e90d79341bb8ef510ec868623e74cfe98feaa4e8	e90d79341bb8ef510ec868623e74cfe98feaa4e8	leanprover/lean4:v4.32.2	1	Velvet/Examples/SubstringSearch.lean	SubstringSearch_correct	17	16859604855349517182	fail	timeout	5544	crush: solver returned `unknown` (solver exited without a verdict: cvc5 interrupted by timeout.). Try increasing `crush.timeout` or adding hypotheses.	∀ (l₁ r₁ : ℕ), CorrectSubstring s p l₁ r₁ → r₁ < pnt + 1 → r₁ - l₁ + 1 = cnt + 1 ∧ pnt ≤ r₁ ∨ r₁ - l₁ + 1 < cnt + 1
velvet	crush-alethe	e90d79341bb8ef510ec868623e74cfe98feaa4e8	e90d79341bb8ef510ec868623e74cfe98feaa4e8	leanprover/lean4:v4.32.2	1	Velvet/Examples/SubstringSearch.lean	SubstringSearch_correct	18	12762377925475098934	fail	translation	536	"crush: cvc5 did not emit an Alethe certificate: Proof unsupported by Alethe: contains operator DUMMY_SKOLEM. Set `crush.reconstruct` to ""auto"" to use core-directed reconstruction instead."	s.size - (pnt + 1) < s.size - pnt
velvet	crush-alethe	e90d79341bb8ef510ec868623e74cfe98feaa4e8	e90d79341bb8ef510ec868623e74cfe98feaa4e8	leanprover/lean4:v4.32.2	1	Velvet/Examples/SubstringSearch.lean	SubstringSearch_correct	19	4492008039209323302	fail	translation	525	"crush: cvc5 did not emit an Alethe certificate: Proof unsupported by Alethe: contains operator DUMMY_SKOLEM. Set `crush.reconstruct` to ""auto"" to use core-directed reconstruction instead."	0 ≤ cnt + 1
velvet	crush-alethe	e90d79341bb8ef510ec868623e74cfe98feaa4e8	e90d79341bb8ef510ec868623e74cfe98feaa4e8	leanprover/lean4:v4.32.2	1	Velvet/Examples/SubstringSearch.lean	SubstringSearch_correct	20	16506446102682745284	fail	translation	533	"crush: cvc5 did not emit an Alethe certificate: Proof unsupported by Alethe: contains operator DUMMY_SKOLEM. Set `crush.reconstruct` to ""auto"" to use core-directed reconstruction instead."	cnt + 1 ≤ pnt + 1
velvet	crush-alethe	e90d79341bb8ef510ec868623e74cfe98feaa4e8	e90d79341bb8ef510ec868623e74cfe98feaa4e8	leanprover/lean4:v4.32.2	1	Velvet/Examples/SubstringSearch.lean	SubstringSearch_correct	21	4056255141881592010	fail	translation	530	"crush: cvc5 did not emit an Alethe certificate: Proof unsupported by Alethe: contains operator DUMMY_SKOLEM. Set `crush.reconstruct` to ""auto"" to use core-directed reconstruction instead."	pnt + 1 ≤ s.size
velvet	crush-alethe	e90d79341bb8ef510ec868623e74cfe98feaa4e8	e90d79341bb8ef510ec868623e74cfe98feaa4e8	leanprover/lean4:v4.32.2	1	Velvet/Examples/SubstringSearch.lean	SubstringSearch_correct	22	18313498382677451279	pass	-	20	-	l_ans ≤ r_ans
velvet	crush-alethe	e90d79341bb8ef510ec868623e74cfe98feaa4e8	e90d79341bb8ef510ec868623e74cfe98feaa4e8	leanprover/lean4:v4.32.2	1	Velvet/Examples/SubstringSearch.lean	SubstringSearch_correct	23	5902668824617064985	pass	-	19	-	r_ans < s.size
velvet	crush-alethe	e90d79341bb8ef510ec868623e74cfe98feaa4e8	e90d79341bb8ef510ec868623e74cfe98feaa4e8	leanprover/lean4:v4.32.2	1	Velvet/Examples/SubstringSearch.lean	SubstringSearch_correct	24	18214680451177329292	fail	translation	519	"crush: cvc5 did not emit an Alethe certificate: Proof unsupported by Alethe: contains operator DUMMY_SKOLEM. Set `crush.reconstruct` to ""auto"" to use core-directed reconstruction instead."	cnt + 1 ≤ ans
velvet	crush-alethe	e90d79341bb8ef510ec868623e74cfe98feaa4e8	e90d79341bb8ef510ec868623e74cfe98feaa4e8	leanprover/lean4:v4.32.2	1	Velvet/Examples/SubstringSearch.lean	SubstringSearch_correct	25	4587180649363296126	fail	translation	521	"crush: cvc5 did not emit an Alethe certificate: Proof unsupported by Alethe: contains operator DUMMY_SKOLEM. Set `crush.reconstruct` to ""auto"" to use core-directed reconstruction instead."	r_ans ≤ pnt + 1
velvet	crush-alethe	e90d79341bb8ef510ec868623e74cfe98feaa4e8	e90d79341bb8ef510ec868623e74cfe98feaa4e8	leanprover/lean4:v4.32.2	1	Velvet/Examples/SubstringSearch.lean	SubstringSearch_correct	26	1598574868652780333	fail	translation	546	"crush: cvc5 did not emit an Alethe certificate: Proof unsupported by Alethe: contains operator DUMMY_SKOLEM. Set `crush.reconstruct` to ""auto"" to use core-directed reconstruction instead."	∀ (j : ℕ), pnt + 1 - (cnt + 1) ≤ j → j < pnt + 1 → p s[j]! = true
velvet	crush-alethe	e90d79341bb8ef510ec868623e74cfe98feaa4e8	e90d79341bb8ef510ec868623e74cfe98feaa4e8	leanprover/lean4:v4.32.2	1	Velvet/Examples/SubstringSearch.lean	SubstringSearch_correct	27	7138545743425854663	fail	translation	542	"crush: cvc5 did not emit an Alethe certificate: Proof unsupported by Alethe: contains operator DUMMY_SKOLEM. Set `crush.reconstruct` to ""auto"" to use core-directed reconstruction instead."	ans > 0 → ans = r_ans - l_ans + 1 ∧ CorrectSubstring s p l_ans r_ans
velvet	crush-alethe	e90d79341bb8ef510ec868623e74cfe98feaa4e8	e90d79341bb8ef510ec868623e74cfe98feaa4e8	leanprover/lean4:v4.32.2	1	Velvet/Examples/SubstringSearch.lean	SubstringSearch_correct	28	4681422515724674825	fail	translation	531	"crush: cvc5 did not emit an Alethe certificate: Proof unsupported by Alethe: contains operator DUMMY_SKOLEM. Set `crush.reconstruct` to ""auto"" to use core-directed reconstruction instead."	ans = 0 → ∀ i < pnt + 1, ¬p s[i]! = true
velvet	crush-alethe	e90d79341bb8ef510ec868623e74cfe98feaa4e8	e90d79341bb8ef510ec868623e74cfe98feaa4e8	leanprover/lean4:v4.32.2	1	Velvet/Examples/SubstringSearch.lean	SubstringSearch_correct	29	14859665284842375974	fail	translation	543	"crush: cvc5 did not emit an Alethe certificate: Proof unsupported by Alethe: contains operator DUMMY_SKOLEM. Set `crush.reconstruct` to ""auto"" to use core-directed reconstruction instead."	cnt + 1 < pnt + 1 → ¬p s[pnt + 1 - (cnt + 1) - 1]! = true
velvet	crush-alethe	e90d79341bb8ef510ec868623e74cfe98feaa4e8	e90d79341bb8ef510ec868623e74cfe98feaa4e8	leanprover/lean4:v4.32.2	1	Velvet/Examples/SubstringSearch.lean	SubstringSearch_correct	30	15621397202025328223	fail	timeout	5565	crush: solver returned `unknown` (solver exited without a verdict: cvc5 interrupted by timeout.). Try increasing `crush.timeout` or adding hypotheses.	∀ (l₁ r₁ : ℕ), CorrectSubstring s p l₁ r₁ → r₁ < pnt + 1 → r₁ - l₁ + 1 = ans ∧ r_ans ≤ r₁ ∨ r₁ - l₁ + 1 < ans
velvet	crush-alethe	e90d79341bb8ef510ec868623e74cfe98feaa4e8	e90d79341bb8ef510ec868623e74cfe98feaa4e8	leanprover/lean4:v4.32.2	1	Velvet/Examples/SubstringSearch.lean	SubstringSearch_correct	31	12762377925475098934	fail	translation	538	"crush: cvc5 did not emit an Alethe certificate: Proof unsupported by Alethe: contains operator DUMMY_SKOLEM. Set `crush.reconstruct` to ""auto"" to use core-directed reconstruction instead."	s.size - (pnt + 1) < s.size - pnt
velvet	crush-alethe	e90d79341bb8ef510ec868623e74cfe98feaa4e8	e90d79341bb8ef510ec868623e74cfe98feaa4e8	leanprover/lean4:v4.32.2	1	Velvet/Examples/SubstringSearch.lean	SubstringSearch_correct	32	6640297411548399355	fail	translation	517	"crush: cvc5 did not emit an Alethe certificate: Proof unsupported by Alethe: contains operator DUMMY_SKOLEM. Set `crush.reconstruct` to ""auto"" to use core-directed reconstruction instead."	0 ≤ 0
velvet	crush-alethe	e90d79341bb8ef510ec868623e74cfe98feaa4e8	e90d79341bb8ef510ec868623e74cfe98feaa4e8	leanprover/lean4:v4.32.2	1	Velvet/Examples/SubstringSearch.lean	SubstringSearch_correct	33	12035722151280848636	fail	translation	518	"crush: cvc5 did not emit an Alethe certificate: Proof unsupported by Alethe: contains operator DUMMY_SKOLEM. Set `crush.reconstruct` to ""auto"" to use core-directed reconstruction instead."	0 ≤ pnt + 1
velvet	crush-alethe	e90d79341bb8ef510ec868623e74cfe98feaa4e8	e90d79341bb8ef510ec868623e74cfe98feaa4e8	leanprover/lean4:v4.32.2	1	Velvet/Examples/SubstringSearch.lean	SubstringSearch_correct	34	4056255141881592010	fail	translation	547	"crush: cvc5 did not emit an Alethe certificate: Proof unsupported by Alethe: contains operator DUMMY_SKOLEM. Set `crush.reconstruct` to ""auto"" to use core-directed reconstruction instead."	pnt + 1 ≤ s.size
velvet	crush-alethe	e90d79341bb8ef510ec868623e74cfe98feaa4e8	e90d79341bb8ef510ec868623e74cfe98feaa4e8	leanprover/lean4:v4.32.2	1	Velvet/Examples/SubstringSearch.lean	SubstringSearch_correct	35	18313498382677451279	pass	-	19	-	l_ans ≤ r_ans
velvet	crush-alethe	e90d79341bb8ef510ec868623e74cfe98feaa4e8	e90d79341bb8ef510ec868623e74cfe98feaa4e8	leanprover/lean4:v4.32.2	1	Velvet/Examples/SubstringSearch.lean	SubstringSearch_correct	36	5902668824617064985	pass	-	18	-	r_ans < s.size
velvet	crush-alethe	e90d79341bb8ef510ec868623e74cfe98feaa4e8	e90d79341bb8ef510ec868623e74cfe98feaa4e8	leanprover/lean4:v4.32.2	1	Velvet/Examples/SubstringSearch.lean	SubstringSearch_correct	37	11007454110672083430	fail	translation	530	"crush: cvc5 did not emit an Alethe certificate: Proof unsupported by Alethe: contains operator DUMMY_SKOLEM. Set `crush.reconstruct` to ""auto"" to use core-directed reconstruction instead."	0 ≤ ans
velvet	crush-alethe	e90d79341bb8ef510ec868623e74cfe98feaa4e8	e90d79341bb8ef510ec868623e74cfe98feaa4e8	leanprover/lean4:v4.32.2	1	Velvet/Examples/SubstringSearch.lean	SubstringSearch_correct	38	4587180649363296126	fail	translation	524	"crush: cvc5 did not emit an Alethe certificate: Proof unsupported by Alethe: contains operator DUMMY_SKOLEM. Set `crush.reconstruct` to ""auto"" to use core-directed reconstruction instead."	r_ans ≤ pnt + 1
velvet	crush-alethe	e90d79341bb8ef510ec868623e74cfe98feaa4e8	e90d79341bb8ef510ec868623e74cfe98feaa4e8	leanprover/lean4:v4.32.2	1	Velvet/Examples/SubstringSearch.lean	SubstringSearch_correct	39	4995387128902807839	fail	translation	546	"crush: cvc5 did not emit an Alethe certificate: Proof unsupported by Alethe: contains operator DUMMY_SKOLEM. Set `crush.reconstruct` to ""auto"" to use core-directed reconstruction instead."	∀ (j : ℕ), pnt + 1 - 0 ≤ j → j < pnt + 1 → p s[j]! = true
velvet	crush-alethe	e90d79341bb8ef510ec868623e74cfe98feaa4e8	e90d79341bb8ef510ec868623e74cfe98feaa4e8	leanprover/lean4:v4.32.2	1	Velvet/Examples/SubstringSearch.lean	SubstringSearch_correct	40	7138545743425854663	fail	translation	556	"crush: cvc5 did not emit an Alethe certificate: Proof unsupported by Alethe: contains operator DUMMY_SKOLEM. Set `crush.reconstruct` to ""auto"" to use core-directed reconstruction instead."	ans > 0 → ans = r_ans - l_ans + 1 ∧ CorrectSubstring s p l_ans r_ans
velvet	crush-alethe	e90d79341bb8ef510ec868623e74cfe98feaa4e8	e90d79341bb8ef510ec868623e74cfe98feaa4e8	leanprover/lean4:v4.32.2	1	Velvet/Examples/SubstringSearch.lean	SubstringSearch_correct	41	4681422515724674825	fail	translation	542	"crush: cvc5 did not emit an Alethe certificate: Proof unsupported by Alethe: contains operator DUMMY_SKOLEM. Set `crush.reconstruct` to ""auto"" to use core-directed reconstruction instead."	ans = 0 → ∀ i < pnt + 1, ¬p s[i]! = true
velvet	crush-alethe	e90d79341bb8ef510ec868623e74cfe98feaa4e8	e90d79341bb8ef510ec868623e74cfe98feaa4e8	leanprover/lean4:v4.32.2	1	Velvet/Examples/SubstringSearch.lean	SubstringSearch_correct	42	9257442500105266102	fail	translation	533	"crush: cvc5 did not emit an Alethe certificate: Proof unsupported by Alethe: contains operator DUMMY_SKOLEM. Set `crush.reconstruct` to ""auto"" to use core-directed reconstruction instead."	0 < pnt + 1 → ¬p s[pnt + 1 - 0 - 1]! = true
velvet	crush-alethe	e90d79341bb8ef510ec868623e74cfe98feaa4e8	e90d79341bb8ef510ec868623e74cfe98feaa4e8	leanprover/lean4:v4.32.2	1	Velvet/Examples/SubstringSearch.lean	SubstringSearch_correct	43	15621397202025328223	fail	translation	4069	"crush: cvc5 did not emit an Alethe certificate: Proof unsupported by Alethe: contains operator DUMMY_SKOLEM. Set `crush.reconstruct` to ""auto"" to use core-directed reconstruction instead."	∀ (l₁ r₁ : ℕ), CorrectSubstring s p l₁ r₁ → r₁ < pnt + 1 → r₁ - l₁ + 1 = ans ∧ r_ans ≤ r₁ ∨ r₁ - l₁ + 1 < ans
velvet	crush-alethe	e90d79341bb8ef510ec868623e74cfe98feaa4e8	e90d79341bb8ef510ec868623e74cfe98feaa4e8	leanprover/lean4:v4.32.2	1	Velvet/Examples/SubstringSearch.lean	SubstringSearch_correct	44	12762377925475098934	fail	translation	539	"crush: cvc5 did not emit an Alethe certificate: Proof unsupported by Alethe: contains operator DUMMY_SKOLEM. Set `crush.reconstruct` to ""auto"" to use core-directed reconstruction instead."	s.size - (pnt + 1) < s.size - pnt
velvet	crush-alethe	e90d79341bb8ef510ec868623e74cfe98feaa4e8	e90d79341bb8ef510ec868623e74cfe98feaa4e8	leanprover/lean4:v4.32.2	1	Velvet/Examples/SubstringSearch.lean	SubstringSearch_correct	45	14757371069243260877	pass	-	17	-	0 ≤ cnt
velvet	crush-alethe	e90d79341bb8ef510ec868623e74cfe98feaa4e8	e90d79341bb8ef510ec868623e74cfe98feaa4e8	leanprover/lean4:v4.32.2	1	Velvet/Examples/SubstringSearch.lean	SubstringSearch_correct	46	10355523733004803458	pass	-	17	-	cnt ≤ pnt
velvet	crush-alethe	e90d79341bb8ef510ec868623e74cfe98feaa4e8	e90d79341bb8ef510ec868623e74cfe98feaa4e8	leanprover/lean4:v4.32.2	1	Velvet/Examples/SubstringSearch.lean	SubstringSearch_correct	47	802985032057732284	pass	-	18	-	pnt ≤ s.size
velvet	crush-alethe	e90d79341bb8ef510ec868623e74cfe98feaa4e8	e90d79341bb8ef510ec868623e74cfe98feaa4e8	leanprover/lean4:v4.32.2	1	Velvet/Examples/SubstringSearch.lean	SubstringSearch_correct	48	18313498382677451279	pass	-	16	-	l_ans ≤ r_ans
velvet	crush-alethe	e90d79341bb8ef510ec868623e74cfe98feaa4e8	e90d79341bb8ef510ec868623e74cfe98feaa4e8	leanprover/lean4:v4.32.2	1	Velvet/Examples/SubstringSearch.lean	SubstringSearch_correct	49	5902668824617064985	pass	-	16	-	r_ans < s.size
velvet	crush-alethe	e90d79341bb8ef510ec868623e74cfe98feaa4e8	e90d79341bb8ef510ec868623e74cfe98feaa4e8	leanprover/lean4:v4.32.2	1	Velvet/Examples/SubstringSearch.lean	SubstringSearch_correct	50	6469834297383728061	pass	-	17	-	cnt ≤ ans
velvet	crush-alethe	e90d79341bb8ef510ec868623e74cfe98feaa4e8	e90d79341bb8ef510ec868623e74cfe98feaa4e8	leanprover/lean4:v4.32.2	1	Velvet/Examples/SubstringSearch.lean	SubstringSearch_correct	51	529893491977289627	pass	-	17	-	r_ans ≤ pnt
velvet	crush-alethe	e90d79341bb8ef510ec868623e74cfe98feaa4e8	e90d79341bb8ef510ec868623e74cfe98feaa4e8	leanprover/lean4:v4.32.2	1	Velvet/Examples/SubstringSearch.lean	SubstringSearch_correct	52	7110337632391962636	fail	translation	528	"crush: cvc5 did not emit an Alethe certificate: Proof unsupported by Alethe: contains operator DUMMY_SKOLEM. Set `crush.reconstruct` to ""auto"" to use core-directed reconstruction instead."	∀ (j : ℕ), pnt - cnt ≤ j → j < pnt → p s[j]! = true
velvet	crush-alethe	e90d79341bb8ef510ec868623e74cfe98feaa4e8	e90d79341bb8ef510ec868623e74cfe98feaa4e8	leanprover/lean4:v4.32.2	1	Velvet/Examples/SubstringSearch.lean	SubstringSearch_correct	53	7138545743425854663	fail	translation	543	"crush: cvc5 did not emit an Alethe certificate: Proof unsupported by Alethe: contains operator DUMMY_SKOLEM. Set `crush.reconstruct` to ""auto"" to use core-directed reconstruction instead."	ans > 0 → ans = r_ans - l_ans + 1 ∧ CorrectSubstring s p l_ans r_ans
velvet	crush-alethe	e90d79341bb8ef510ec868623e74cfe98feaa4e8	e90d79341bb8ef510ec868623e74cfe98feaa4e8	leanprover/lean4:v4.32.2	1	Velvet/Examples/SubstringSearch.lean	SubstringSearch_correct	54	12240785285064077065	fail	translation	526	"crush: cvc5 did not emit an Alethe certificate: Proof unsupported by Alethe: contains operator DUMMY_SKOLEM. Set `crush.reconstruct` to ""auto"" to use core-directed reconstruction instead."	ans = 0 → ∀ i < pnt, ¬p s[i]! = true
velvet	crush-alethe	e90d79341bb8ef510ec868623e74cfe98feaa4e8	e90d79341bb8ef510ec868623e74cfe98feaa4e8	leanprover/lean4:v4.32.2	1	Velvet/Examples/SubstringSearch.lean	SubstringSearch_correct	55	8901178409804151575	fail	translation	534	"crush: cvc5 did not emit an Alethe certificate: Proof unsupported by Alethe: contains operator DUMMY_SKOLEM. Set `crush.reconstruct` to ""auto"" to use core-directed reconstruction instead."	cnt < pnt → ¬p s[pnt - cnt - 1]! = true
velvet	crush-alethe	e90d79341bb8ef510ec868623e74cfe98feaa4e8	e90d79341bb8ef510ec868623e74cfe98feaa4e8	leanprover/lean4:v4.32.2	1	Velvet/Examples/SubstringSearch.lean	SubstringSearch_correct	56	8890844706151052704	fail	translation	2143	"crush: cvc5 did not emit an Alethe certificate: Proof unsupported by Alethe: contains operator DUMMY_SKOLEM. Set `crush.reconstruct` to ""auto"" to use core-directed reconstruction instead."	∀ (l₁ r₁ : ℕ), CorrectSubstring s p l₁ r₁ → r₁ < pnt → r₁ - l₁ + 1 = ans ∧ r_ans ≤ r₁ ∨ r₁ - l₁ + 1 < ans
velvet	crush-alethe	e90d79341bb8ef510ec868623e74cfe98feaa4e8	e90d79341bb8ef510ec868623e74cfe98feaa4e8	leanprover/lean4:v4.32.2	1	Velvet/Examples/SubstringSearch.lean	SubstringSearch_correct	57	8801584380004644131	fail	translation	517	"crush: cvc5 did not emit an Alethe certificate: Proof unsupported by Alethe: contains operator DUMMY_SKOLEM. Set `crush.reconstruct` to ""auto"" to use core-directed reconstruction instead."	¬pnt < s.size
velvet	crush-alethe	e90d79341bb8ef510ec868623e74cfe98feaa4e8	e90d79341bb8ef510ec868623e74cfe98feaa4e8	leanprover/lean4:v4.32.2	1	Velvet/Examples/SubstringSearch.lean	SubstringSearch_correct	58	6640297411548399355	fail	translation	484	"crush: cvc5 did not emit an Alethe certificate: Proof unsupported by Alethe: contains operator DUMMY_SKOLEM. Set `crush.reconstruct` to ""auto"" to use core-directed reconstruction instead."	0 ≤ 0
velvet	crush-alethe	e90d79341bb8ef510ec868623e74cfe98feaa4e8	e90d79341bb8ef510ec868623e74cfe98feaa4e8	leanprover/lean4:v4.32.2	1	Velvet/Examples/SubstringSearch.lean	SubstringSearch_correct	59	6640297411548399355	fail	translation	482	"crush: cvc5 did not emit an Alethe certificate: Proof unsupported by Alethe: contains operator DUMMY_SKOLEM. Set `crush.reconstruct` to ""auto"" to use core-directed reconstruction instead."	0 ≤ 0
velvet	crush-alethe	e90d79341bb8ef510ec868623e74cfe98feaa4e8	e90d79341bb8ef510ec868623e74cfe98feaa4e8	leanprover/lean4:v4.32.2	1	Velvet/Examples/SubstringSearch.lean	SubstringSearch_correct	60	17707774690084689736	fail	translation	477	"crush: cvc5 did not emit an Alethe certificate: Proof unsupported by Alethe: contains operator DUMMY_SKOLEM. Set `crush.reconstruct` to ""auto"" to use core-directed reconstruction instead."	0 ≤ s.size
velvet	crush-alethe	e90d79341bb8ef510ec868623e74cfe98feaa4e8	e90d79341bb8ef510ec868623e74cfe98feaa4e8	leanprover/lean4:v4.32.2	1	Velvet/Examples/SubstringSearch.lean	SubstringSearch_correct	61	6640297411548399355	fail	translation	480	"crush: cvc5 did not emit an Alethe certificate: Proof unsupported by Alethe: contains operator DUMMY_SKOLEM. Set `crush.reconstruct` to ""auto"" to use core-directed reconstruction instead."	0 ≤ 0
velvet	crush-alethe	e90d79341bb8ef510ec868623e74cfe98feaa4e8	e90d79341bb8ef510ec868623e74cfe98feaa4e8	leanprover/lean4:v4.32.2	1	Velvet/Examples/SubstringSearch.lean	SubstringSearch_correct	62	4974301628068507188	fail	translation	488	"crush: cvc5 did not emit an Alethe certificate: Proof unsupported by Alethe: contains operator DUMMY_SKOLEM. Set `crush.reconstruct` to ""auto"" to use core-directed reconstruction instead."	0 < s.size
velvet	crush-alethe	e90d79341bb8ef510ec868623e74cfe98feaa4e8	e90d79341bb8ef510ec868623e74cfe98feaa4e8	leanprover/lean4:v4.32.2	1	Velvet/Examples/SubstringSearch.lean	SubstringSearch_correct	63	6640297411548399355	fail	translation	488	"crush: cvc5 did not emit an Alethe certificate: Proof unsupported by Alethe: contains operator DUMMY_SKOLEM. Set `crush.reconstruct` to ""auto"" to use core-directed reconstruction instead."	0 ≤ 0
velvet	crush-alethe	e90d79341bb8ef510ec868623e74cfe98feaa4e8	e90d79341bb8ef510ec868623e74cfe98feaa4e8	leanprover/lean4:v4.32.2	1	Velvet/Examples/SubstringSearch.lean	SubstringSearch_correct	64	6640297411548399355	fail	translation	476	"crush: cvc5 did not emit an Alethe certificate: Proof unsupported by Alethe: contains operator DUMMY_SKOLEM. Set `crush.reconstruct` to ""auto"" to use core-directed reconstruction instead."	0 ≤ 0
velvet	crush-alethe	e90d79341bb8ef510ec868623e74cfe98feaa4e8	e90d79341bb8ef510ec868623e74cfe98feaa4e8	leanprover/lean4:v4.32.2	1	Velvet/Examples/SubstringSearch.lean	SubstringSearch_correct	65	577474350103851300	fail	translation	491	"crush: cvc5 did not emit an Alethe certificate: Proof unsupported by Alethe: contains operator DUMMY_SKOLEM. Set `crush.reconstruct` to ""auto"" to use core-directed reconstruction instead."	∀ (j : ℕ), 0 - 0 ≤ j → j < 0 → p s[j]! = true
velvet	crush-alethe	e90d79341bb8ef510ec868623e74cfe98feaa4e8	e90d79341bb8ef510ec868623e74cfe98feaa4e8	leanprover/lean4:v4.32.2	1	Velvet/Examples/SubstringSearch.lean	SubstringSearch_correct	66	12819951545662893426	fail	translation	492	"crush: cvc5 did not emit an Alethe certificate: Proof unsupported by Alethe: contains operator DUMMY_SKOLEM. Set `crush.reconstruct` to ""auto"" to use core-directed reconstruction instead."	0 > 0 → 0 = 0 - 0 + 1 ∧ CorrectSubstring s p 0 0
velvet	crush-alethe	e90d79341bb8ef510ec868623e74cfe98feaa4e8	e90d79341bb8ef510ec868623e74cfe98feaa4e8	leanprover/lean4:v4.32.2	1	Velvet/Examples/SubstringSearch.lean	SubstringSearch_correct	67	16471188947338966842	fail	translation	478	"crush: cvc5 did not emit an Alethe certificate: Proof unsupported by Alethe: contains operator DUMMY_SKOLEM. Set `crush.reconstruct` to ""auto"" to use core-directed reconstruction instead."	∀ i < 0, ¬p s[i]! = true
velvet	crush-alethe	e90d79341bb8ef510ec868623e74cfe98feaa4e8	e90d79341bb8ef510ec868623e74cfe98feaa4e8	leanprover/lean4:v4.32.2	1	Velvet/Examples/SubstringSearch.lean	SubstringSearch_correct	68	9975741777879173881	fail	translation	480	"crush: cvc5 did not emit an Alethe certificate: Proof unsupported by Alethe: contains operator DUMMY_SKOLEM. Set `crush.reconstruct` to ""auto"" to use core-directed reconstruction instead."	0 < 0 → ¬p s[0 - 0 - 1]! = true
velvet	crush-alethe	e90d79341bb8ef510ec868623e74cfe98feaa4e8	e90d79341bb8ef510ec868623e74cfe98feaa4e8	leanprover/lean4:v4.32.2	1	Velvet/Examples/SubstringSearch.lean	SubstringSearch_correct	69	88332911118243609	fail	translation	494	"crush: cvc5 did not emit an Alethe certificate: Proof unsupported by Alethe: contains operator DUMMY_SKOLEM. Set `crush.reconstruct` to ""auto"" to use core-directed reconstruction instead."	∀ (l₁ r₁ : ℕ), CorrectSubstring s p l₁ r₁ → r₁ < 0 → r₁ - l₁ + 1 = 0 ∧ 0 ≤ r₁ ∨ r₁ - l₁ + 1 < 0
velvet	crush-alethe	e90d79341bb8ef510ec868623e74cfe98feaa4e8	e90d79341bb8ef510ec868623e74cfe98feaa4e8	leanprover/lean4:v4.32.2	1	Velvet/Examples/SubstringSearch.lean	SubstringSearch_correct	70	4316548289593557355	fail	translation	592	"crush: cvc5 did not emit an Alethe certificate: Proof unsupported by Alethe: contains operator DUMMY_SKOLEM. Set `crush.reconstruct` to ""auto"" to use core-directed reconstruction instead."	¬decide (i > 0) = true → ∀ i < s.size, ¬p s[i]! = true
velvet	crush-alethe	e90d79341bb8ef510ec868623e74cfe98feaa4e8	e90d79341bb8ef510ec868623e74cfe98feaa4e8	leanprover/lean4:v4.32.2	1	Velvet/Examples/SubstringSearch.lean	SubstringSearch_correct	71	1800578837535211584	fail	timeout	5556	crush: solver returned `unknown` (solver exited without a verdict: cvc5 interrupted by timeout.). Try increasing `crush.timeout` or adding hypotheses.	decide (i > 0) = true →   ∀ (l₁ r₁ : ℕ),     CorrectSubstring s p l₁ r₁ → r₁ - l₁ + 1 = r_ans_1 - i_2 + 1 ∧ r_ans_1 ≤ r₁ ∨ r₁ - l₁ + 1 < r_ans_1 - i_2 + 1
velvet	crush-alethe	e90d79341bb8ef510ec868623e74cfe98feaa4e8	e90d79341bb8ef510ec868623e74cfe98feaa4e8	leanprover/lean4:v4.32.2	1	Velvet/Examples/SubstringSearch.lean	SubstringSearch_correct	72	10230862668540398183	fail	translation	577	"crush: cvc5 did not emit an Alethe certificate: Proof unsupported by Alethe: contains operator DUMMY_SKOLEM. Set `crush.reconstruct` to ""auto"" to use core-directed reconstruction instead."	decide (i > 0) = true → CorrectSubstring s p i_2 r_ans_1
velvet	crush-alethe	e90d79341bb8ef510ec868623e74cfe98feaa4e8	e90d79341bb8ef510ec868623e74cfe98feaa4e8	leanprover/lean4:v4.32.2	1	Velvet/Examples/SubstringSearch.lean	SubstringSearch_correct	73	16982021311738439252	fail	translation	549	"crush: cvc5 did not emit an Alethe certificate: Proof unsupported by Alethe: contains operator DUMMY_SKOLEM. Set `crush.reconstruct` to ""auto"" to use core-directed reconstruction instead."	0 < s.size → r_ans_1 < s.size
velvet	crush-alethe	e90d79341bb8ef510ec868623e74cfe98feaa4e8	e90d79341bb8ef510ec868623e74cfe98feaa4e8	leanprover/lean4:v4.32.2	1	Velvet/Examples/SubstringSearch.lean	SubstringSearch_correct	74	2906785913913327379	pass	-	43	-	i_2 ≤ r_ans_1
velvet	crush-alethe	e90d79341bb8ef510ec868623e74cfe98feaa4e8	e90d79341bb8ef510ec868623e74cfe98feaa4e8	leanprover/lean4:v4.32.2	1	Velvet/Examples/SumOfDigits.lean	SumOfDigits_correct	1	4887343456502517186	fail	reconstruction	802	"crush: Alethe replay failed with rule-gap at step `crush_fact_4`: decoded SMT assumption was not derivable from its Lean source fact; certificate term: (not (= (+ (+ sum_0 (ite (= 10 0) n_3 (mod n_3 10))) (SumDigits_1 (ite (= 10 0) 0 (div n_3 10)))) @p_1)). Set `crush.reconstruct` to ""auto"" to fall back to the core-directed finishers."	sum + n % 10 + SumDigits (n / 10) = SumDigits number
velvet	crush-alethe	e90d79341bb8ef510ec868623e74cfe98feaa4e8	e90d79341bb8ef510ec868623e74cfe98feaa4e8	leanprover/lean4:v4.32.2	1	Velvet/Examples/SumOfDigits.lean	SumOfDigits_correct	2	5431800701729144158	fail	reconstruction	787	"crush: Alethe replay failed with rule-gap at step `crush_fact_5`: decoded SMT assumption was not derivable from its Lean source fact; certificate term: (=> @p_6 (= @p_3 (+ @p_10 (SumDigits_1 (ite @p_9 0 (div n_3 10)))))). Set `crush.reconstruct` to ""auto"" to fall back to the core-directed finishers."	0 ≤ sum + n % 10
velvet	crush-alethe	e90d79341bb8ef510ec868623e74cfe98feaa4e8	e90d79341bb8ef510ec868623e74cfe98feaa4e8	leanprover/lean4:v4.32.2	1	Velvet/Examples/SumOfDigits.lean	SumOfDigits_correct	3	3012699503639543524	pass	-	2	-	sum + SumDigits n = SumDigits number
velvet	crush-alethe	e90d79341bb8ef510ec868623e74cfe98feaa4e8	e90d79341bb8ef510ec868623e74cfe98feaa4e8	leanprover/lean4:v4.32.2	1	Velvet/Examples/SumOfDigits.lean	SumOfDigits_correct	4	12835711844832851839	pass	-	2	-	0 ≤ sum
velvet	crush-alethe	e90d79341bb8ef510ec868623e74cfe98feaa4e8	e90d79341bb8ef510ec868623e74cfe98feaa4e8	leanprover/lean4:v4.32.2	1	Velvet/Examples/SumOfDigits.lean	SumOfDigits_correct	5	7475080825861972690	fail	reconstruction	760	"crush: Alethe replay failed with rule-gap at step `crush_fact_5`: decoded SMT assumption was not derivable from its Lean source fact; certificate term: (=> @p_4 (= @p_3 (+ (ite (= 10 0) n_3 (mod n_3 10)) (SumDigits_1 (ite @p_9 0 (div n_3 10)))))). Set `crush.reconstruct` to ""auto"" to fall back to the core-directed finishers."	n = 0
velvet	crush-alethe	e90d79341bb8ef510ec868623e74cfe98feaa4e8	e90d79341bb8ef510ec868623e74cfe98feaa4e8	leanprover/lean4:v4.32.2	1	Velvet/Examples/SumOfDigits.lean	SumOfDigits_correct	6	15970435702129902192	fail	reconstruction	675	"crush: Alethe replay failed with rule-gap at step `crush_fact_3`: decoded SMT assumption was not derivable from its Lean source fact; certificate term: (=> (< 0 number_2) (= @p_2 (+ (ite @p_5 number_2 (mod number_2 10)) (SumDigits_0 (ite @p_5 0 (div number_2 10)))))). Set `crush.reconstruct` to ""auto"" to fall back to the core-directed finishers."	0 + SumDigits number = SumDigits number
velvet	crush-alethe	e90d79341bb8ef510ec868623e74cfe98feaa4e8	e90d79341bb8ef510ec868623e74cfe98feaa4e8	leanprover/lean4:v4.32.2	1	Velvet/Examples/SumOfDigits.lean	SumOfDigits_correct	7	6640297411548399355	pass	-	516	-	0 ≤ 0
velvet	crush-alethe	e90d79341bb8ef510ec868623e74cfe98feaa4e8	e90d79341bb8ef510ec868623e74cfe98feaa4e8	leanprover/lean4:v4.32.2	1	Velvet/Examples/SumOfDigits.lean	SumOfDigits_correct	8	3871074223281074707	fail	reconstruction	754	"crush: Alethe replay failed with rule-gap at step `crush_fact_6`: decoded SMT assumption was not derivable from its Lean source fact; certificate term: (=> (< 0 n_3) (= @p_2 (+ (ite (= 10 0) n_3 (mod n_3 10)) (SumDigits_1 (ite @p_12 0 (div n_3 10)))))). Set `crush.reconstruct` to ""auto"" to fall back to the core-directed finishers."	sum_1 = SumDigits number
velvet	crush-alethe	e90d79341bb8ef510ec868623e74cfe98feaa4e8	e90d79341bb8ef510ec868623e74cfe98feaa4e8	leanprover/lean4:v4.32.2	1	Velvet/Examples/TestLoopControl.lean	test1_correct	1	4791612905070682933	pass	-	914	-	x + 1 + (t - 1) = a
velvet	crush-alethe	e90d79341bb8ef510ec868623e74cfe98feaa4e8	e90d79341bb8ef510ec868623e74cfe98feaa4e8	leanprover/lean4:v4.32.2	1	Velvet/Examples/TestLoopControl.lean	test1_correct	2	4635955882467741603	pass	-	669	-	x + 1 = 10 ∨ t - 1 = 0
velvet	crush-alethe	e90d79341bb8ef510ec868623e74cfe98feaa4e8	e90d79341bb8ef510ec868623e74cfe98feaa4e8	leanprover/lean4:v4.32.2	1	Velvet/Examples/TestLoopControl.lean	test1_correct	3	4791612905070682933	pass	-	889	-	x + 1 + (t - 1) = a
velvet	crush-alethe	e90d79341bb8ef510ec868623e74cfe98feaa4e8	e90d79341bb8ef510ec868623e74cfe98feaa4e8	leanprover/lean4:v4.32.2	1	Velvet/Examples/TestLoopControl.lean	test1_correct	4	8037191589732674397	pass	-	2	-	x + t = a
velvet	crush-alethe	e90d79341bb8ef510ec868623e74cfe98feaa4e8	e90d79341bb8ef510ec868623e74cfe98feaa4e8	leanprover/lean4:v4.32.2	1	Velvet/Examples/TestLoopControl.lean	test1_correct	5	4982008840348523404	pass	-	736	-	x = 10 ∨ t = 0
velvet	crush-alethe	e90d79341bb8ef510ec868623e74cfe98feaa4e8	e90d79341bb8ef510ec868623e74cfe98feaa4e8	leanprover/lean4:v4.32.2	1	Velvet/Examples/TestLoopControl.lean	test1_correct	6	14929476196725773389	pass	-	521	-	0 + a = a
velvet	crush-alethe	e90d79341bb8ef510ec868623e74cfe98feaa4e8	e90d79341bb8ef510ec868623e74cfe98feaa4e8	leanprover/lean4:v4.32.2	1	Velvet/Examples/TestLoopControl.lean	test1_correct	7	2311107858308393802	pass	-	1069	-	x_1 > 0
velvet	crush-alethe	e90d79341bb8ef510ec868623e74cfe98feaa4e8	e90d79341bb8ef510ec868623e74cfe98feaa4e8	leanprover/lean4:v4.32.2	1	Velvet/Examples/TestLoopControl.lean	test2_correct	8	8037191589732674397	pass	-	2	-	x + t = a
velvet	crush-alethe	e90d79341bb8ef510ec868623e74cfe98feaa4e8	e90d79341bb8ef510ec868623e74cfe98feaa4e8	leanprover/lean4:v4.32.2	1	Velvet/Examples/TestLoopControl.lean	test2_correct	9	4791612905070682933	pass	-	927	-	x + 1 + (t - 1) = a
velvet	crush-alethe	e90d79341bb8ef510ec868623e74cfe98feaa4e8	e90d79341bb8ef510ec868623e74cfe98feaa4e8	leanprover/lean4:v4.32.2	1	Velvet/Examples/TestLoopControl.lean	test2_correct	10	8037191589732674397	pass	-	2	-	x + t = a
velvet	crush-alethe	e90d79341bb8ef510ec868623e74cfe98feaa4e8	e90d79341bb8ef510ec868623e74cfe98feaa4e8	leanprover/lean4:v4.32.2	1	Velvet/Examples/TestLoopControl.lean	test2_correct	11	817407402121334710	pass	-	730	-	t = 0
velvet	crush-alethe	e90d79341bb8ef510ec868623e74cfe98feaa4e8	e90d79341bb8ef510ec868623e74cfe98feaa4e8	leanprover/lean4:v4.32.2	1	Velvet/Examples/TestLoopControl.lean	test2_correct	12	14929476196725773389	pass	-	511	-	0 + a = a
velvet	crush-alethe	e90d79341bb8ef510ec868623e74cfe98feaa4e8	e90d79341bb8ef510ec868623e74cfe98feaa4e8	leanprover/lean4:v4.32.2	1	Velvet/Examples/TestLoopControl.lean	test2_correct	13	2311107858308393802	pass	-	695	-	x_1 > 0
velvet	crush-alethe	e90d79341bb8ef510ec868623e74cfe98feaa4e8	e90d79341bb8ef510ec868623e74cfe98feaa4e8	leanprover/lean4:v4.32.2	1	Velvet/Examples/TestLoopControl.lean	sum_even_correct	14	8140981983620881888	fail	translation	767	"crush: cvc5 did not emit an Alethe certificate: Proof unsupported by Alethe: contains operator DUMMY_SKOLEM. Set `crush.reconstruct` to ""auto"" to use core-directed reconstruction instead."	i + 1 ≤ arr.size
velvet	crush-alethe	e90d79341bb8ef510ec868623e74cfe98feaa4e8	e90d79341bb8ef510ec868623e74cfe98feaa4e8	leanprover/lean4:v4.32.2	1	Velvet/Examples/TestLoopControl.lean	sum_even_correct	15	13972406881857011341	fail	translation	1058	"crush: cvc5 did not emit an Alethe certificate: Proof unsupported by Alethe: contains operator DUMMY_SKOLEM. Set `crush.reconstruct` to ""auto"" to use core-directed reconstruction instead."	s = (Array.filter (fun x => decide (x % 2 = 0)) (arr.extract 0 (i + 1))).sum
velvet	crush-alethe	e90d79341bb8ef510ec868623e74cfe98feaa4e8	e90d79341bb8ef510ec868623e74cfe98feaa4e8	leanprover/lean4:v4.32.2	1	Velvet/Examples/TestLoopControl.lean	sum_even_correct	16	8140981983620881888	fail	translation	770	"crush: cvc5 did not emit an Alethe certificate: Proof unsupported by Alethe: contains operator DUMMY_SKOLEM. Set `crush.reconstruct` to ""auto"" to use core-directed reconstruction instead."	i + 1 ≤ arr.size
velvet	crush-alethe	e90d79341bb8ef510ec868623e74cfe98feaa4e8	e90d79341bb8ef510ec868623e74cfe98feaa4e8	leanprover/lean4:v4.32.2	1	Velvet/Examples/TestLoopControl.lean	sum_even_correct	17	2763434902891560151	fail	translation	1060	"crush: cvc5 did not emit an Alethe certificate: Proof unsupported by Alethe: contains operator DUMMY_SKOLEM. Set `crush.reconstruct` to ""auto"" to use core-directed reconstruction instead."	s + arr[i]! = (Array.filter (fun x => decide (x % 2 = 0)) (arr.extract 0 (i + 1))).sum
velvet	crush-alethe	e90d79341bb8ef510ec868623e74cfe98feaa4e8	e90d79341bb8ef510ec868623e74cfe98feaa4e8	leanprover/lean4:v4.32.2	1	Velvet/Examples/TestLoopControl.lean	sum_even_correct	18	9560710549938607088	pass	-	3	-	i ≤ arr.size
velvet	crush-alethe	e90d79341bb8ef510ec868623e74cfe98feaa4e8	e90d79341bb8ef510ec868623e74cfe98feaa4e8	leanprover/lean4:v4.32.2	1	Velvet/Examples/TestLoopControl.lean	sum_even_correct	19	4016036276427276962	pass	-	4	-	s = (Array.filter (fun x => decide (x % 2 = 0)) (arr.extract 0 i)).sum
velvet	crush-alethe	e90d79341bb8ef510ec868623e74cfe98feaa4e8	e90d79341bb8ef510ec868623e74cfe98feaa4e8	leanprover/lean4:v4.32.2	1	Velvet/Examples/TestLoopControl.lean	sum_even_correct	20	12910903814107581038	fail	translation	810	"crush: cvc5 did not emit an Alethe certificate: Proof unsupported by Alethe: contains operator DUMMY_SKOLEM. Set `crush.reconstruct` to ""auto"" to use core-directed reconstruction instead."	s = (Array.filter (fun x => decide (x % 2 = 0)) arr).sum
velvet	crush-alethe	e90d79341bb8ef510ec868623e74cfe98feaa4e8	e90d79341bb8ef510ec868623e74cfe98feaa4e8	leanprover/lean4:v4.32.2	1	Velvet/Examples/TestLoopControl.lean	sum_even_correct	21	8811351339800985865	fail	translation	492	"crush: cvc5 did not emit an Alethe certificate: Proof unsupported by Alethe: contains operator DUMMY_SKOLEM. Set `crush.reconstruct` to ""auto"" to use core-directed reconstruction instead."	0 ≤ arr.size
velvet	crush-alethe	e90d79341bb8ef510ec868623e74cfe98feaa4e8	e90d79341bb8ef510ec868623e74cfe98feaa4e8	leanprover/lean4:v4.32.2	1	Velvet/Examples/TestLoopControl.lean	sum_even_correct	22	8466542615974342579	pass	-	2	-	0 = (Array.filter (fun x => decide (x % 2 = 0)) (arr.extract 0 0)).sum
velvet	crush-alethe	e90d79341bb8ef510ec868623e74cfe98feaa4e8	e90d79341bb8ef510ec868623e74cfe98feaa4e8	leanprover/lean4:v4.32.2	1	Velvet/Examples/TestLoopControl.lean	sum_even_correct	23	10603200310498800727	pass	-	10	-	s_1 = (Array.filter (fun x => decide (x % 2 = 0)) arr).sum
velvet	crush-alethe	e90d79341bb8ef510ec868623e74cfe98feaa4e8	e90d79341bb8ef510ec868623e74cfe98feaa4e8	leanprover/lean4:v4.32.2	1	Velvet/Examples/TestMatch.lean	test1_correct	1	7475080825861972690	pass	-	2	-	n = 0
velvet	crush-alethe	e90d79341bb8ef510ec868623e74cfe98feaa4e8	e90d79341bb8ef510ec868623e74cfe98feaa4e8	leanprover/lean4:v4.32.2	1	Velvet/Examples/TestMatch.lean	test1_correct	2	12712313322610564863	pass	-	2	-	n = x.succ
velvet	crush-alethe	e90d79341bb8ef510ec868623e74cfe98feaa4e8	e90d79341bb8ef510ec868623e74cfe98feaa4e8	leanprover/lean4:v4.32.2	1	Velvet/Examples/TestMatch.lean	test2_correct	3	10112861571242978892	pass	-	1	-	0 = l.length
velvet	crush-alethe	e90d79341bb8ef510ec868623e74cfe98feaa4e8	e90d79341bb8ef510ec868623e74cfe98feaa4e8	leanprover/lean4:v4.32.2	1	Velvet/Examples/TestMatch.lean	test2_correct	4	9817662802794804509	pass	-	2	-	Nat.succ 0 = l.length
velvet	crush-alethe	e90d79341bb8ef510ec868623e74cfe98feaa4e8	e90d79341bb8ef510ec868623e74cfe98feaa4e8	leanprover/lean4:v4.32.2	1	Velvet/Examples/TestMatch.lean	test2_correct	5	18226621409008708882	pass	-	3	-	x.succ.succ = l.length
velvet	crush-alethe	e90d79341bb8ef510ec868623e74cfe98feaa4e8	e90d79341bb8ef510ec868623e74cfe98feaa4e8	leanprover/lean4:v4.32.2	1	Velvet/Examples/TestMatch.lean	test3_correct	6	12313593517213863317	pass	-	553	-	10 > 9
velvet	crush-alethe	e90d79341bb8ef510ec868623e74cfe98feaa4e8	e90d79341bb8ef510ec868623e74cfe98feaa4e8	leanprover/lean4:v4.32.2	1	Velvet/Examples/TestMatch.lean	test3_correct	7	5915416142655103160	pass	-	998	-	a + b + c + 10 > 9
velvet	crush-alethe	e90d79341bb8ef510ec868623e74cfe98feaa4e8	e90d79341bb8ef510ec868623e74cfe98feaa4e8	leanprover/lean4:v4.32.2	1	Velvet/Examples/Total_Partial_example.lean	insertionSort_part_correct	1	1993702872115081742	fail	translation	563	"crush: cvc5 did not emit an Alethe certificate: Proof unsupported by Alethe: contains operator DUMMY_SKOLEM. Set `crush.reconstruct` to ""auto"" to use core-directed reconstruction instead."	∀ (i j : ℕ), 0 ≤ i → i ≤ j → j < arrOld.size → arrOld[i]! ≤ arrOld[j]!
velvet	crush-alethe	e90d79341bb8ef510ec868623e74cfe98feaa4e8	e90d79341bb8ef510ec868623e74cfe98feaa4e8	leanprover/lean4:v4.32.2	1	Velvet/Examples/Total_Partial_example.lean	insertionSort_part_correct	2	8793228589483947084	pass	-	9	-	((arr_1.set! mind arr_1[mind - 1]!).set! (mind - 1) arr_1[mind]!).size = arrOld.size
velvet	crush-alethe	e90d79341bb8ef510ec868623e74cfe98feaa4e8	e90d79341bb8ef510ec868623e74cfe98feaa4e8	leanprover/lean4:v4.32.2	1	Velvet/Examples/Total_Partial_example.lean	insertionSort_part_correct	3	1066791641437412485	fail	translation	605	"crush: cvc5 did not emit an Alethe certificate: Proof unsupported by Alethe: contains operator DUMMY_SKOLEM. Set `crush.reconstruct` to ""auto"" to use core-directed reconstruction instead."	mind - 1 ≤ n
velvet	crush-alethe	e90d79341bb8ef510ec868623e74cfe98feaa4e8	e90d79341bb8ef510ec868623e74cfe98feaa4e8	leanprover/lean4:v4.32.2	1	Velvet/Examples/Total_Partial_example.lean	insertionSort_part_correct	4	8472930623785656869	fail	translation	3900	"crush: cvc5 did not emit an Alethe certificate: Proof unsupported by Alethe: contains operator DUMMY_SKOLEM. Set `crush.reconstruct` to ""auto"" to use core-directed reconstruction instead."	∀ (i j : ℕ),   0 ≤ i →     i < j →       j ≤ n →         j ≠ mind - 1 →           ((arr_1.set! mind arr_1[mind - 1]!).set! (mind - 1) arr_1[mind]!)[i]! ≤             ((arr_1.set! mind arr_1[mind - 1]!).set! (mind - 1) arr_1[mind]!)[j]!
velvet	crush-alethe	e90d79341bb8ef510ec868623e74cfe98feaa4e8	e90d79341bb8ef510ec868623e74cfe98feaa4e8	leanprover/lean4:v4.32.2	1	Velvet/Examples/Total_Partial_example.lean	insertionSort_part_correct	5	2816846931760221370	fail	translation	611	"crush: cvc5 did not emit an Alethe certificate: Proof unsupported by Alethe: contains operator DUMMY_SKOLEM. Set `crush.reconstruct` to ""auto"" to use core-directed reconstruction instead."	((arr_1.set! mind arr_1[mind - 1]!).set! (mind - 1) arr_1[mind]!).toMultiset = arrOld.toMultiset
velvet	crush-alethe	e90d79341bb8ef510ec868623e74cfe98feaa4e8	e90d79341bb8ef510ec868623e74cfe98feaa4e8	leanprover/lean4:v4.32.2	1	Velvet/Examples/Total_Partial_example.lean	insertionSort_part_correct	6	5794584936190196715	pass	-	8	-	arr_1.size = arrOld.size
velvet	crush-alethe	e90d79341bb8ef510ec868623e74cfe98feaa4e8	e90d79341bb8ef510ec868623e74cfe98feaa4e8	leanprover/lean4:v4.32.2	1	Velvet/Examples/Total_Partial_example.lean	insertionSort_part_correct	7	1066791641437412485	fail	translation	597	"crush: cvc5 did not emit an Alethe certificate: Proof unsupported by Alethe: contains operator DUMMY_SKOLEM. Set `crush.reconstruct` to ""auto"" to use core-directed reconstruction instead."	mind - 1 ≤ n
velvet	crush-alethe	e90d79341bb8ef510ec868623e74cfe98feaa4e8	e90d79341bb8ef510ec868623e74cfe98feaa4e8	leanprover/lean4:v4.32.2	1	Velvet/Examples/Total_Partial_example.lean	insertionSort_part_correct	8	14825588553610653054	fail	timeout	11347	crush: solver returned `unknown` (solver exited without a verdict: cvc5 interrupted by timeout.). Try increasing `crush.timeout` or adding hypotheses.	∀ (i j : ℕ), 0 ≤ i → i < j → j ≤ n → j ≠ mind - 1 → arr_1[i]! ≤ arr_1[j]!
velvet	crush-alethe	e90d79341bb8ef510ec868623e74cfe98feaa4e8	e90d79341bb8ef510ec868623e74cfe98feaa4e8	leanprover/lean4:v4.32.2	1	Velvet/Examples/Total_Partial_example.lean	insertionSort_part_correct	9	15257391885382474665	pass	-	8	-	arr_1.toMultiset = arrOld.toMultiset
velvet	crush-alethe	e90d79341bb8ef510ec868623e74cfe98feaa4e8	e90d79341bb8ef510ec868623e74cfe98feaa4e8	leanprover/lean4:v4.32.2	1	Velvet/Examples/Total_Partial_example.lean	insertionSort_part_correct	10	5794584936190196715	pass	-	7	-	arr_1.size = arrOld.size
velvet	crush-alethe	e90d79341bb8ef510ec868623e74cfe98feaa4e8	e90d79341bb8ef510ec868623e74cfe98feaa4e8	leanprover/lean4:v4.32.2	1	Velvet/Examples/Total_Partial_example.lean	insertionSort_part_correct	11	12031026870814429192	pass	-	6	-	mind ≤ n
velvet	crush-alethe	e90d79341bb8ef510ec868623e74cfe98feaa4e8	e90d79341bb8ef510ec868623e74cfe98feaa4e8	leanprover/lean4:v4.32.2	1	Velvet/Examples/Total_Partial_example.lean	insertionSort_part_correct	12	16465886849738339639	fail	translation	669	"crush: cvc5 did not emit an Alethe certificate: Proof unsupported by Alethe: contains operator DUMMY_SKOLEM. Set `crush.reconstruct` to ""auto"" to use core-directed reconstruction instead."	∀ (i j : ℕ), 0 ≤ i → i < j → j ≤ n → j ≠ mind → arr_1[i]! ≤ arr_1[j]!
velvet	crush-alethe	e90d79341bb8ef510ec868623e74cfe98feaa4e8	e90d79341bb8ef510ec868623e74cfe98feaa4e8	leanprover/lean4:v4.32.2	1	Velvet/Examples/Total_Partial_example.lean	insertionSort_part_correct	13	15257391885382474665	pass	-	7	-	arr_1.toMultiset = arrOld.toMultiset
velvet	crush-alethe	e90d79341bb8ef510ec868623e74cfe98feaa4e8	e90d79341bb8ef510ec868623e74cfe98feaa4e8	leanprover/lean4:v4.32.2	1	Velvet/Examples/Total_Partial_example.lean	insertionSort_part_correct	14	5918835836158453730	fail	translation	514	"crush: cvc5 did not emit an Alethe certificate: Proof unsupported by Alethe: contains operator DUMMY_SKOLEM. Set `crush.reconstruct` to ""auto"" to use core-directed reconstruction instead."	¬mind ≠ 0
velvet	crush-alethe	e90d79341bb8ef510ec868623e74cfe98feaa4e8	e90d79341bb8ef510ec868623e74cfe98feaa4e8	leanprover/lean4:v4.32.2	1	Velvet/Examples/Total_Partial_example.lean	insertionSort_part_correct	15	5964899400721509044	pass	-	4	-	arr.size = arrOld.size
velvet	crush-alethe	e90d79341bb8ef510ec868623e74cfe98feaa4e8	e90d79341bb8ef510ec868623e74cfe98feaa4e8	leanprover/lean4:v4.32.2	1	Velvet/Examples/Total_Partial_example.lean	insertionSort_part_correct	16	12155028420956038391	fail	translation	504	"crush: cvc5 did not emit an Alethe certificate: Proof unsupported by Alethe: contains operator DUMMY_SKOLEM. Set `crush.reconstruct` to ""auto"" to use core-directed reconstruction instead."	n ≤ n
velvet	crush-alethe	e90d79341bb8ef510ec868623e74cfe98feaa4e8	e90d79341bb8ef510ec868623e74cfe98feaa4e8	leanprover/lean4:v4.32.2	1	Velvet/Examples/Total_Partial_example.lean	insertionSort_part_correct	17	14852526092468225565	fail	translation	655	"crush: cvc5 did not emit an Alethe certificate: Proof unsupported by Alethe: contains operator DUMMY_SKOLEM. Set `crush.reconstruct` to ""auto"" to use core-directed reconstruction instead."	∀ (i j : ℕ), 0 ≤ i → i < j → j ≤ n → j ≠ n → arr[i]! ≤ arr[j]!
velvet	crush-alethe	e90d79341bb8ef510ec868623e74cfe98feaa4e8	e90d79341bb8ef510ec868623e74cfe98feaa4e8	leanprover/lean4:v4.32.2	1	Velvet/Examples/Total_Partial_example.lean	insertionSort_part_correct	18	17117294935281830098	pass	-	4	-	arr.toMultiset = arrOld.toMultiset
velvet	crush-alethe	e90d79341bb8ef510ec868623e74cfe98feaa4e8	e90d79341bb8ef510ec868623e74cfe98feaa4e8	leanprover/lean4:v4.32.2	1	Velvet/Examples/Total_Partial_example.lean	insertionSort_part_correct	19	5288706169439222084	pass	-	12	-	i.size = arrOld.size
velvet	crush-alethe	e90d79341bb8ef510ec868623e74cfe98feaa4e8	e90d79341bb8ef510ec868623e74cfe98feaa4e8	leanprover/lean4:v4.32.2	1	Velvet/Examples/Total_Partial_example.lean	insertionSort_part_correct	20	4477598582358312981	fail	translation	536	"crush: cvc5 did not emit an Alethe certificate: Proof unsupported by Alethe: contains operator DUMMY_SKOLEM. Set `crush.reconstruct` to ""auto"" to use core-directed reconstruction instead."	n + 1 ≤ i.size
velvet	crush-alethe	e90d79341bb8ef510ec868623e74cfe98feaa4e8	e90d79341bb8ef510ec868623e74cfe98feaa4e8	leanprover/lean4:v4.32.2	1	Velvet/Examples/Total_Partial_example.lean	insertionSort_part_correct	21	7903702650473013145	fail	translation	679	"crush: cvc5 did not emit an Alethe certificate: Proof unsupported by Alethe: contains operator DUMMY_SKOLEM. Set `crush.reconstruct` to ""auto"" to use core-directed reconstruction instead."	∀ (i_2 j : ℕ), 0 ≤ i_2 → i_2 < j → j ≤ n + 1 - 1 → i[i_2]! ≤ i[j]!
velvet	crush-alethe	e90d79341bb8ef510ec868623e74cfe98feaa4e8	e90d79341bb8ef510ec868623e74cfe98feaa4e8	leanprover/lean4:v4.32.2	1	Velvet/Examples/Total_Partial_example.lean	insertionSort_part_correct	22	8905801618567038615	pass	-	12	-	i.toMultiset = arrOld.toMultiset
velvet	crush-alethe	e90d79341bb8ef510ec868623e74cfe98feaa4e8	e90d79341bb8ef510ec868623e74cfe98feaa4e8	leanprover/lean4:v4.32.2	1	Velvet/Examples/Total_Partial_example.lean	insertionSort_part_correct	23	5964899400721509044	pass	-	3	-	arr.size = arrOld.size
velvet	crush-alethe	e90d79341bb8ef510ec868623e74cfe98feaa4e8	e90d79341bb8ef510ec868623e74cfe98feaa4e8	leanprover/lean4:v4.32.2	1	Velvet/Examples/Total_Partial_example.lean	insertionSort_part_correct	24	16800718018059787263	pass	-	3	-	n ≤ arr.size
velvet	crush-alethe	e90d79341bb8ef510ec868623e74cfe98feaa4e8	e90d79341bb8ef510ec868623e74cfe98feaa4e8	leanprover/lean4:v4.32.2	1	Velvet/Examples/Total_Partial_example.lean	insertionSort_part_correct	25	11248877774576345437	fail	translation	645	"crush: cvc5 did not emit an Alethe certificate: Proof unsupported by Alethe: contains operator DUMMY_SKOLEM. Set `crush.reconstruct` to ""auto"" to use core-directed reconstruction instead."	∀ (i j : ℕ), 0 ≤ i → i < j → j ≤ n - 1 → arr[i]! ≤ arr[j]!
velvet	crush-alethe	e90d79341bb8ef510ec868623e74cfe98feaa4e8	e90d79341bb8ef510ec868623e74cfe98feaa4e8	leanprover/lean4:v4.32.2	1	Velvet/Examples/Total_Partial_example.lean	insertionSort_part_correct	26	17117294935281830098	pass	-	5	-	arr.toMultiset = arrOld.toMultiset
velvet	crush-alethe	e90d79341bb8ef510ec868623e74cfe98feaa4e8	e90d79341bb8ef510ec868623e74cfe98feaa4e8	leanprover/lean4:v4.32.2	1	Velvet/Examples/Total_Partial_example.lean	insertionSort_part_correct	27	6709257883257101731	fail	translation	502	"crush: cvc5 did not emit an Alethe certificate: Proof unsupported by Alethe: contains operator DUMMY_SKOLEM. Set `crush.reconstruct` to ""auto"" to use core-directed reconstruction instead."	¬n ≠ arr.size
velvet	crush-alethe	e90d79341bb8ef510ec868623e74cfe98feaa4e8	e90d79341bb8ef510ec868623e74cfe98feaa4e8	leanprover/lean4:v4.32.2	1	Velvet/Examples/Total_Partial_example.lean	insertionSort_part_correct	28	16576486626369642801	fail	translation	497	"crush: cvc5 did not emit an Alethe certificate: Proof unsupported by Alethe: contains operator DUMMY_SKOLEM. Set `crush.reconstruct` to ""auto"" to use core-directed reconstruction instead."	1 ≤ arrOld.size
velvet	crush-alethe	e90d79341bb8ef510ec868623e74cfe98feaa4e8	e90d79341bb8ef510ec868623e74cfe98feaa4e8	leanprover/lean4:v4.32.2	1	Velvet/Examples/Total_Partial_example.lean	insertionSort_part_correct	29	11235314628722112900	fail	translation	546	"crush: cvc5 did not emit an Alethe certificate: Proof unsupported by Alethe: contains operator DUMMY_SKOLEM. Set `crush.reconstruct` to ""auto"" to use core-directed reconstruction instead."	∀ (i j : ℕ), 0 ≤ i → i < j → j ≤ 1 - 1 → arrOld[i]! ≤ arrOld[j]!
velvet	crush-alethe	e90d79341bb8ef510ec868623e74cfe98feaa4e8	e90d79341bb8ef510ec868623e74cfe98feaa4e8	leanprover/lean4:v4.32.2	1	Velvet/Examples/Total_Partial_example.lean	insertionSort_part_correct	30	8905801618567038615	pass	-	9	-	i.toMultiset = arrOld.toMultiset
velvet	crush-alethe	e90d79341bb8ef510ec868623e74cfe98feaa4e8	e90d79341bb8ef510ec868623e74cfe98feaa4e8	leanprover/lean4:v4.32.2	1	Velvet/Examples/Total_Partial_example.lean	insertionSort_part_correct	31	18214290959922115111	fail	translation	668	"crush: cvc5 did not emit an Alethe certificate: Proof unsupported by Alethe: contains operator DUMMY_SKOLEM. Set `crush.reconstruct` to ""auto"" to use core-directed reconstruction instead."	∀ (i_2 j : ℕ), 0 ≤ i_2 → i_2 ≤ j → j < i.size → i[i_2]! ≤ i[j]!
velvet	crush-alethe	e90d79341bb8ef510ec868623e74cfe98feaa4e8	e90d79341bb8ef510ec868623e74cfe98feaa4e8	leanprover/lean4:v4.32.2	1	Velvet/Examples/Total_Partial_example.lean	insertionSort_termination_correct	32	8793228589483947084	pass	-	4	-	((arr_1.set! mind arr_1[mind - 1]!).set! (mind - 1) arr_1[mind]!).size = arrOld.size
velvet	crush-alethe	e90d79341bb8ef510ec868623e74cfe98feaa4e8	e90d79341bb8ef510ec868623e74cfe98feaa4e8	leanprover/lean4:v4.32.2	1	Velvet/Examples/Total_Partial_example.lean	insertionSort_termination_correct	33	11568103068982921353	fail	translation	588	"crush: cvc5 did not emit an Alethe certificate: Proof unsupported by Alethe: contains operator DUMMY_SKOLEM. Set `crush.reconstruct` to ""auto"" to use core-directed reconstruction instead."	mind - 1 < mind
velvet	crush-alethe	e90d79341bb8ef510ec868623e74cfe98feaa4e8	e90d79341bb8ef510ec868623e74cfe98feaa4e8	leanprover/lean4:v4.32.2	1	Velvet/Examples/Total_Partial_example.lean	insertionSort_termination_correct	34	5794584936190196715	pass	-	4	-	arr_1.size = arrOld.size
velvet	crush-alethe	e90d79341bb8ef510ec868623e74cfe98feaa4e8	e90d79341bb8ef510ec868623e74cfe98feaa4e8	leanprover/lean4:v4.32.2	1	Velvet/Examples/Total_Partial_example.lean	insertionSort_termination_correct	35	11568103068982921353	fail	translation	588	"crush: cvc5 did not emit an Alethe certificate: Proof unsupported by Alethe: contains operator DUMMY_SKOLEM. Set `crush.reconstruct` to ""auto"" to use core-directed reconstruction instead."	mind - 1 < mind
velvet	crush-alethe	e90d79341bb8ef510ec868623e74cfe98feaa4e8	e90d79341bb8ef510ec868623e74cfe98feaa4e8	leanprover/lean4:v4.32.2	1	Velvet/Examples/Total_Partial_example.lean	insertionSort_termination_correct	36	5794584936190196715	pass	-	3	-	arr_1.size = arrOld.size
velvet	crush-alethe	e90d79341bb8ef510ec868623e74cfe98feaa4e8	e90d79341bb8ef510ec868623e74cfe98feaa4e8	leanprover/lean4:v4.32.2	1	Velvet/Examples/Total_Partial_example.lean	insertionSort_termination_correct	37	5918835836158453730	fail	translation	490	"crush: cvc5 did not emit an Alethe certificate: Proof unsupported by Alethe: contains operator DUMMY_SKOLEM. Set `crush.reconstruct` to ""auto"" to use core-directed reconstruction instead."	¬mind ≠ 0
velvet	crush-alethe	e90d79341bb8ef510ec868623e74cfe98feaa4e8	e90d79341bb8ef510ec868623e74cfe98feaa4e8	leanprover/lean4:v4.32.2	1	Velvet/Examples/Total_Partial_example.lean	insertionSort_termination_correct	38	5964899400721509044	pass	-	3	-	arr.size = arrOld.size
velvet	crush-alethe	e90d79341bb8ef510ec868623e74cfe98feaa4e8	e90d79341bb8ef510ec868623e74cfe98feaa4e8	leanprover/lean4:v4.32.2	1	Velvet/Examples/Total_Partial_example.lean	insertionSort_termination_correct	39	5288706169439222084	pass	-	4	-	i.size = arrOld.size
velvet	crush-alethe	e90d79341bb8ef510ec868623e74cfe98feaa4e8	e90d79341bb8ef510ec868623e74cfe98feaa4e8	leanprover/lean4:v4.32.2	1	Velvet/Examples/Total_Partial_example.lean	insertionSort_termination_correct	40	4477598582358312981	fail	translation	503	"crush: cvc5 did not emit an Alethe certificate: Proof unsupported by Alethe: contains operator DUMMY_SKOLEM. Set `crush.reconstruct` to ""auto"" to use core-directed reconstruction instead."	n + 1 ≤ i.size
velvet	crush-alethe	e90d79341bb8ef510ec868623e74cfe98feaa4e8	e90d79341bb8ef510ec868623e74cfe98feaa4e8	leanprover/lean4:v4.32.2	1	Velvet/Examples/Total_Partial_example.lean	insertionSort_termination_correct	41	18088860687919872176	fail	translation	516	"crush: cvc5 did not emit an Alethe certificate: Proof unsupported by Alethe: contains operator DUMMY_SKOLEM. Set `crush.reconstruct` to ""auto"" to use core-directed reconstruction instead."	i.size - (n + 1) < arr.size - n
velvet	crush-alethe	e90d79341bb8ef510ec868623e74cfe98feaa4e8	e90d79341bb8ef510ec868623e74cfe98feaa4e8	leanprover/lean4:v4.32.2	1	Velvet/Examples/Total_Partial_example.lean	insertionSort_termination_correct	42	5964899400721509044	pass	-	2	-	arr.size = arrOld.size
velvet	crush-alethe	e90d79341bb8ef510ec868623e74cfe98feaa4e8	e90d79341bb8ef510ec868623e74cfe98feaa4e8	leanprover/lean4:v4.32.2	1	Velvet/Examples/Total_Partial_example.lean	insertionSort_termination_correct	43	16800718018059787263	pass	-	2	-	n ≤ arr.size
velvet	crush-alethe	e90d79341bb8ef510ec868623e74cfe98feaa4e8	e90d79341bb8ef510ec868623e74cfe98feaa4e8	leanprover/lean4:v4.32.2	1	Velvet/Examples/Total_Partial_example.lean	insertionSort_termination_correct	44	6709257883257101731	fail	translation	522	"crush: cvc5 did not emit an Alethe certificate: Proof unsupported by Alethe: contains operator DUMMY_SKOLEM. Set `crush.reconstruct` to ""auto"" to use core-directed reconstruction instead."	¬n ≠ arr.size
velvet	crush-alethe	e90d79341bb8ef510ec868623e74cfe98feaa4e8	e90d79341bb8ef510ec868623e74cfe98feaa4e8	leanprover/lean4:v4.32.2	1	Velvet/Examples/Total_Partial_example.lean	insertionSort_termination_correct	45	16576486626369642801	fail	translation	494	"crush: cvc5 did not emit an Alethe certificate: Proof unsupported by Alethe: contains operator DUMMY_SKOLEM. Set `crush.reconstruct` to ""auto"" to use core-directed reconstruction instead."	1 ≤ arrOld.size
velvet	crush-portfolio	e90d79341bb8ef510ec868623e74cfe98feaa4e8	e90d79341bb8ef510ec868623e74cfe98feaa4e8	leanprover/lean4:v4.32.2	1	Velvet/Examples/EncodeDecodeStr.lean	decodeStr'_correct	1	4325354716326072573	pass	-	526	-	0 ≤ i + 1 ∧ i + 1 ≤ encoded_str.size
velvet	crush-portfolio	e90d79341bb8ef510ec868623e74cfe98feaa4e8	e90d79341bb8ef510ec868623e74cfe98feaa4e8	leanprover/lean4:v4.32.2	1	Velvet/Examples/EncodeDecodeStr.lean	decodeStr'_correct	2	3233717574493770211	fail	timeout	5522	crush: solver returned `unknown` (solver exited without a verdict: cvc5 interrupted by timeout.). Try increasing `crush.timeout` or adding hypotheses.	(decoded ++ Array.replicate encoded_str[i]!.cnt encoded_str[i]!.c).size =   get_cnt_sum (encoded_str.extract 0 (i + 1)).toList
velvet	crush-portfolio	e90d79341bb8ef510ec868623e74cfe98feaa4e8	e90d79341bb8ef510ec868623e74cfe98feaa4e8	leanprover/lean4:v4.32.2	1	Velvet/Examples/EncodeDecodeStr.lean	decodeStr'_correct	3	14557075163885871591	pass	-	504	-	0 ≤ i ∧ i ≤ encoded_str.size
velvet	crush-portfolio	e90d79341bb8ef510ec868623e74cfe98feaa4e8	e90d79341bb8ef510ec868623e74cfe98feaa4e8	leanprover/lean4:v4.32.2	1	Velvet/Examples/EncodeDecodeStr.lean	decodeStr'_correct	4	6384732382134649439	pass	-	3	-	decoded.size = get_cnt_sum (encoded_str.extract 0 i).toList
velvet	crush-portfolio	e90d79341bb8ef510ec868623e74cfe98feaa4e8	e90d79341bb8ef510ec868623e74cfe98feaa4e8	leanprover/lean4:v4.32.2	1	Velvet/Examples/EncodeDecodeStr.lean	decodeStr'_correct	5	13851523499043008614	pass	-	509	-	i = encoded_str.size
velvet	crush-portfolio	e90d79341bb8ef510ec868623e74cfe98feaa4e8	e90d79341bb8ef510ec868623e74cfe98feaa4e8	leanprover/lean4:v4.32.2	1	Velvet/Examples/EncodeDecodeStr.lean	decodeStr'_correct	6	8816666150414203262	pass	-	483	-	0 ≤ 0 ∧ 0 ≤ encoded_str.size
velvet	crush-portfolio	e90d79341bb8ef510ec868623e74cfe98feaa4e8	e90d79341bb8ef510ec868623e74cfe98feaa4e8	leanprover/lean4:v4.32.2	1	Velvet/Examples/EncodeDecodeStr.lean	decodeStr'_correct	7	7432640679462075544	fail	unknown	612	crush: solver returned `unknown` (no reason given). Try increasing `crush.timeout` or adding hypotheses.	(Array.replicate 0 'x').size = get_cnt_sum (encoded_str.extract 0 0).toList
velvet	crush-portfolio	e90d79341bb8ef510ec868623e74cfe98feaa4e8	e90d79341bb8ef510ec868623e74cfe98feaa4e8	leanprover/lean4:v4.32.2	1	Velvet/Examples/EncodeDecodeStr.lean	decodeStr'_correct	8	9639754685172097330	fail	timeout	5508	crush: solver returned `unknown` (solver exited without a verdict: cvc5 interrupted by timeout.). Try increasing `crush.timeout` or adding hypotheses.	i_1.size = get_cnt_sum encoded_str.toList
velvet	crush-portfolio	e90d79341bb8ef510ec868623e74cfe98feaa4e8	e90d79341bb8ef510ec868623e74cfe98feaa4e8	leanprover/lean4:v4.32.2	1	Velvet/Examples/EncodeDecodeStr.lean	encodeStr_correct	9	10203002127808532242	pass	-	530	-	i < j + 1 ∧ j + 1 ≤ str.size
velvet	crush-portfolio	e90d79341bb8ef510ec868623e74cfe98feaa4e8	e90d79341bb8ef510ec868623e74cfe98feaa4e8	leanprover/lean4:v4.32.2	1	Velvet/Examples/EncodeDecodeStr.lean	encodeStr_correct	10	15527439877898811686	pass	-	725	-	∀ (k : ℕ), i ≤ k → k < j + 1 → str[k]! = str[i]!
velvet	crush-portfolio	e90d79341bb8ef510ec868623e74cfe98feaa4e8	e90d79341bb8ef510ec868623e74cfe98feaa4e8	leanprover/lean4:v4.32.2	1	Velvet/Examples/EncodeDecodeStr.lean	encodeStr_correct	11	4253526900314070824	pass	-	520	-	i < j ∧ j ≤ str.size
velvet	crush-portfolio	e90d79341bb8ef510ec868623e74cfe98feaa4e8	e90d79341bb8ef510ec868623e74cfe98feaa4e8	leanprover/lean4:v4.32.2	1	Velvet/Examples/EncodeDecodeStr.lean	encodeStr_correct	12	17087698223479619887	pass	-	508	-	∀ (k : ℕ), i ≤ k → k < j → str[k]! = str[i]!
velvet	crush-portfolio	e90d79341bb8ef510ec868623e74cfe98feaa4e8	e90d79341bb8ef510ec868623e74cfe98feaa4e8	leanprover/lean4:v4.32.2	1	Velvet/Examples/EncodeDecodeStr.lean	encodeStr_correct	13	13168721855841554394	pass	-	11	-	¬(j < str.size ∧ (str[j]! == str[i]!) = true)
velvet	crush-portfolio	e90d79341bb8ef510ec868623e74cfe98feaa4e8	e90d79341bb8ef510ec868623e74cfe98feaa4e8	leanprover/lean4:v4.32.2	1	Velvet/Examples/EncodeDecodeStr.lean	encodeStr_correct	14	8050235650381385355	pass	-	533	-	i < i + 1 ∧ i + 1 ≤ str.size
velvet	crush-portfolio	e90d79341bb8ef510ec868623e74cfe98feaa4e8	e90d79341bb8ef510ec868623e74cfe98feaa4e8	leanprover/lean4:v4.32.2	1	Velvet/Examples/EncodeDecodeStr.lean	encodeStr_correct	15	3874562368415809942	pass	-	515	-	∀ (k : ℕ), i ≤ k → k < i + 1 → str[k]! = str[i]!
velvet	crush-portfolio	e90d79341bb8ef510ec868623e74cfe98feaa4e8	e90d79341bb8ef510ec868623e74cfe98feaa4e8	leanprover/lean4:v4.32.2	1	Velvet/Examples/EncodeDecodeStr.lean	encodeStr_correct	16	16403843650363689650	pass	-	520	-	0 ≤ j ∧ j ≤ str.size
velvet	crush-portfolio	e90d79341bb8ef510ec868623e74cfe98feaa4e8	e90d79341bb8ef510ec868623e74cfe98feaa4e8	leanprover/lean4:v4.32.2	1	Velvet/Examples/EncodeDecodeStr.lean	encodeStr_correct	17	17528322019345720798	fail	timeout	5523	crush: solver returned `unknown` (solver exited without a verdict: cvc5 interrupted by timeout.). Try increasing `crush.timeout` or adding hypotheses.	decodeStrLean (encoding.push { cnt := j - i, c := str[i]! }) = str.extract 0 j
velvet	crush-portfolio	e90d79341bb8ef510ec868623e74cfe98feaa4e8	e90d79341bb8ef510ec868623e74cfe98feaa4e8	leanprover/lean4:v4.32.2	1	Velvet/Examples/EncodeDecodeStr.lean	encodeStr_correct	18	14846570717984605519	pass	-	574	-	is_valid_run_sequence (encoding.push { cnt := j - i, c := str[i]! })
velvet	crush-portfolio	e90d79341bb8ef510ec868623e74cfe98feaa4e8	e90d79341bb8ef510ec868623e74cfe98feaa4e8	leanprover/lean4:v4.32.2	1	Velvet/Examples/EncodeDecodeStr.lean	encodeStr_correct	19	17345521196864181404	pass	-	510	-	0 ≤ i ∧ i ≤ str.size
velvet	crush-portfolio	e90d79341bb8ef510ec868623e74cfe98feaa4e8	e90d79341bb8ef510ec868623e74cfe98feaa4e8	leanprover/lean4:v4.32.2	1	Velvet/Examples/EncodeDecodeStr.lean	encodeStr_correct	20	4720720642953332999	pass	-	3	-	decodeStrLean encoding = str.extract 0 i
velvet	crush-portfolio	e90d79341bb8ef510ec868623e74cfe98feaa4e8	e90d79341bb8ef510ec868623e74cfe98feaa4e8	leanprover/lean4:v4.32.2	1	Velvet/Examples/EncodeDecodeStr.lean	encodeStr_correct	21	16873295595722686018	pass	-	3	-	is_valid_run_sequence encoding
velvet	crush-portfolio	e90d79341bb8ef510ec868623e74cfe98feaa4e8	e90d79341bb8ef510ec868623e74cfe98feaa4e8	leanprover/lean4:v4.32.2	1	Velvet/Examples/EncodeDecodeStr.lean	encodeStr_correct	22	5769627519083430677	pass	-	4	-	¬i < str.size
velvet	crush-portfolio	e90d79341bb8ef510ec868623e74cfe98feaa4e8	e90d79341bb8ef510ec868623e74cfe98feaa4e8	leanprover/lean4:v4.32.2	1	Velvet/Examples/EncodeDecodeStr.lean	encodeStr_correct	23	15630242782200619292	pass	-	485	-	0 ≤ 0 ∧ 0 ≤ str.size
velvet	crush-portfolio	e90d79341bb8ef510ec868623e74cfe98feaa4e8	e90d79341bb8ef510ec868623e74cfe98feaa4e8	leanprover/lean4:v4.32.2	1	Velvet/Examples/EncodeDecodeStr.lean	encodeStr_correct	24	4390242841053229048	pass	-	1	-	decodeStrLean #[] = str.extract 0 0
velvet	crush-portfolio	e90d79341bb8ef510ec868623e74cfe98feaa4e8	e90d79341bb8ef510ec868623e74cfe98feaa4e8	leanprover/lean4:v4.32.2	1	Velvet/Examples/EncodeDecodeStr.lean	encodeStr_correct	25	4098508629850130765	fail	unknown	511	crush: solver returned `unknown` (no reason given). Try increasing `crush.timeout` or adding hypotheses.	is_valid_run_sequence #[]
velvet	crush-portfolio	e90d79341bb8ef510ec868623e74cfe98feaa4e8	e90d79341bb8ef510ec868623e74cfe98feaa4e8	leanprover/lean4:v4.32.2	1	Velvet/Examples/EncodeDecodeStr.lean	encodeStr_correct	26	6449688271898666716	fail	timeout	5505	crush: solver returned `unknown` (solver exited without a verdict: cvc5 interrupted by timeout.). Try increasing `crush.timeout` or adding hypotheses.	decodeStrLean i_1 = str
velvet	crush-portfolio	e90d79341bb8ef510ec868623e74cfe98feaa4e8	e90d79341bb8ef510ec868623e74cfe98feaa4e8	leanprover/lean4:v4.32.2	1	Velvet/Examples/EncodeDecodeStr.lean	encodeStr_correct	27	3108445719328028112	pass	-	500	-	is_valid_run_sequence i_1
velvet	crush-portfolio	e90d79341bb8ef510ec868623e74cfe98feaa4e8	e90d79341bb8ef510ec868623e74cfe98feaa4e8	leanprover/lean4:v4.32.2	1	Velvet/Examples/Examples.lean	insertionSort_correct	1	6162910358734672275	pass	-	10	-	((arr_1.set! (mind - 1) arr_1[mind]!).set! mind arr_1[mind - 1]!).size = arrOld.size
velvet	crush-portfolio	e90d79341bb8ef510ec868623e74cfe98feaa4e8	e90d79341bb8ef510ec868623e74cfe98feaa4e8	leanprover/lean4:v4.32.2	1	Velvet/Examples/Examples.lean	insertionSort_correct	2	1066791641437412485	pass	-	664	-	mind - 1 ≤ n
velvet	crush-portfolio	e90d79341bb8ef510ec868623e74cfe98feaa4e8	e90d79341bb8ef510ec868623e74cfe98feaa4e8	leanprover/lean4:v4.32.2	1	Velvet/Examples/Examples.lean	insertionSort_correct	3	9866248891257573647	fail	reconstruction	8692	"crush: solver reported `unsat`, but reconstruction failed — no finishing tactic could replay it from the core ([hyp invariant_1,  hyp a_1,  hyp if_pos,  hyp invariant_5,  hyp invariant_6,  hyp invariant_7,  hyp if_pos_1,  hyp if_pos_2,  hyp a._@._internal.0._stdin.1813948372._hygCtx._hyg.3085,  hyp a._@._internal.0._stdin.1813948372._hygCtx._hyg.3086,  hyp a._@._internal.0._stdin.1813948372._hygCtx._hyg.3087,  negated goal]). SMT core assertions:   - hyp invariant_1: arr.size = arrOld.size   - hyp a_1: n ≤ arr.size   - hyp if_pos: ¬n = arr.size   - hyp invariant_5: arr_1.size = arrOld.size   - hyp invariant_6: mind ≤ n   - hyp invariant_7: ∀ (i j : ℕ), 0 ≤ i → i < j → j ≤ n → ¬j = mind → arr_1[i]! ≤ arr_1[j]!   - hyp if_pos_1: ¬mind = 0   - hyp if_pos_2: arr_1[mind]! < arr_1[mind - 1]!   - hyp a._@._internal.0._stdin.1813948372._hygCtx._hyg.3085: i✝ < j✝   - hyp a._@._internal.0._stdin.1813948372._hygCtx._hyg.3086: j✝ ≤ n   - hyp a._@._internal.0._stdin.1813948372._hygCtx._hyg.3087: ¬j✝ = mind - 1   - negated goal: ¬((arr_1.set! (mind - 1) arr_1[mind]!).set! mind arr_1[mind - 1]!)[i✝]! ≤       ((arr_1.set! (mind - 1) arr_1[mind]!).set! mind arr_1[mind - 1]!)[j✝]! Lean facts supplied to reconstruction:   - arr.size = arrOld.size   - n ≤ arr.size   - ¬n = arr.size   - arr_1.size = arrOld.size   - mind ≤ n   - ∀ (i j : ℕ), 0 ≤ i → i < j → j ≤ n → ¬j = mind → arr_1[i]! ≤ arr_1[j]!   - ¬mind = 0   - arr_1[mind]! < arr_1[mind - 1]!   - i✝ < j✝   - j✝ ≤ n   - ¬j✝ = mind - 1 Explicit reconstruction hints:   (none) Other selected facts outside the core:   - hyp require_1: 1 ≤ arrOld.size   - hyp a: 1 ≤ n   - hyp invariant_3: ∀ (i j : ℕ), 0 ≤ i → i < j → j ≤ n - 1 → arr[i]! ≤ arr[j]!   - hyp invariant_4: arr.toMultiset = arrOld.toMultiset   - hyp invariant_8: arr_1.toMultiset = arrOld.toMultiset   - hyp a._@._internal.0._stdin.1813948372._hygCtx._hyg.3084: 0 ≤ i✝ Candidate library lemmas (best effort):   - Array.multiset_swap   - _private._stdin.0.insertionSort.match_1.eq_1   - Array.getElem!_set!_ne   - WPGen.mk.congr_simp   - Array.getElem!_set!_self   - _private._stdin.0.insertionSort.match_2.eq_1 Add reconstruction-only facts with `crush ... with [lemma, h]`, or provide a checked finisher with `crush ... using (simp_all [definitions]; omega)`. Enable `trace.crush.reconstruct` for failed proof-search steps, or set `crush.trust` to ""reconstructOrTrust"" to accept the solver's verdict anyway."	∀ (i j : ℕ),   0 ≤ i →     i < j →       j ≤ n →         j ≠ mind - 1 →           ((arr_1.set! (mind - 1) arr_1[mind]!).set! mind arr_1[mind - 1]!)[i]! ≤             ((arr_1.set! (mind - 1) arr_1[mind]!).set! mind arr_1[mind - 1]!)[j]!
velvet	crush-portfolio	e90d79341bb8ef510ec868623e74cfe98feaa4e8	e90d79341bb8ef510ec868623e74cfe98feaa4e8	leanprover/lean4:v4.32.2	1	Velvet/Examples/Examples.lean	insertionSort_correct	4	18360837223612973524	pass	-	709	-	((arr_1.set! (mind - 1) arr_1[mind]!).set! mind arr_1[mind - 1]!).toMultiset = arrOld.toMultiset
velvet	crush-portfolio	e90d79341bb8ef510ec868623e74cfe98feaa4e8	e90d79341bb8ef510ec868623e74cfe98feaa4e8	leanprover/lean4:v4.32.2	1	Velvet/Examples/Examples.lean	insertionSort_correct	5	5794584936190196715	pass	-	9	-	arr_1.size = arrOld.size
velvet	crush-portfolio	e90d79341bb8ef510ec868623e74cfe98feaa4e8	e90d79341bb8ef510ec868623e74cfe98feaa4e8	leanprover/lean4:v4.32.2	1	Velvet/Examples/Examples.lean	insertionSort_correct	6	1066791641437412485	pass	-	635	-	mind - 1 ≤ n
velvet	crush-portfolio	e90d79341bb8ef510ec868623e74cfe98feaa4e8	e90d79341bb8ef510ec868623e74cfe98feaa4e8	leanprover/lean4:v4.32.2	1	Velvet/Examples/Examples.lean	insertionSort_correct	7	14825588553610653054	fail	timeout	11379	crush: solver returned `unknown` (solver exited without a verdict: cvc5 interrupted by timeout.). Try increasing `crush.timeout` or adding hypotheses.	∀ (i j : ℕ), 0 ≤ i → i < j → j ≤ n → j ≠ mind - 1 → arr_1[i]! ≤ arr_1[j]!
velvet	crush-portfolio	e90d79341bb8ef510ec868623e74cfe98feaa4e8	e90d79341bb8ef510ec868623e74cfe98feaa4e8	leanprover/lean4:v4.32.2	1	Velvet/Examples/Examples.lean	insertionSort_correct	8	15257391885382474665	pass	-	8	-	arr_1.toMultiset = arrOld.toMultiset
velvet	crush-portfolio	e90d79341bb8ef510ec868623e74cfe98feaa4e8	e90d79341bb8ef510ec868623e74cfe98feaa4e8	leanprover/lean4:v4.32.2	1	Velvet/Examples/Examples.lean	insertionSort_correct	9	5794584936190196715	pass	-	8	-	arr_1.size = arrOld.size
velvet	crush-portfolio	e90d79341bb8ef510ec868623e74cfe98feaa4e8	e90d79341bb8ef510ec868623e74cfe98feaa4e8	leanprover/lean4:v4.32.2	1	Velvet/Examples/Examples.lean	insertionSort_correct	10	12031026870814429192	pass	-	7	-	mind ≤ n
velvet	crush-portfolio	e90d79341bb8ef510ec868623e74cfe98feaa4e8	e90d79341bb8ef510ec868623e74cfe98feaa4e8	leanprover/lean4:v4.32.2	1	Velvet/Examples/Examples.lean	insertionSort_correct	11	16465886849738339639	pass	-	705	-	∀ (i j : ℕ), 0 ≤ i → i < j → j ≤ n → j ≠ mind → arr_1[i]! ≤ arr_1[j]!
velvet	crush-portfolio	e90d79341bb8ef510ec868623e74cfe98feaa4e8	e90d79341bb8ef510ec868623e74cfe98feaa4e8	leanprover/lean4:v4.32.2	1	Velvet/Examples/Examples.lean	insertionSort_correct	12	15257391885382474665	pass	-	7	-	arr_1.toMultiset = arrOld.toMultiset
velvet	crush-portfolio	e90d79341bb8ef510ec868623e74cfe98feaa4e8	e90d79341bb8ef510ec868623e74cfe98feaa4e8	leanprover/lean4:v4.32.2	1	Velvet/Examples/Examples.lean	insertionSort_correct	13	2438232962388206336	pass	-	521	-	mind = 0
velvet	crush-portfolio	e90d79341bb8ef510ec868623e74cfe98feaa4e8	e90d79341bb8ef510ec868623e74cfe98feaa4e8	leanprover/lean4:v4.32.2	1	Velvet/Examples/Examples.lean	insertionSort_correct	14	5964899400721509044	pass	-	4	-	arr.size = arrOld.size
velvet	crush-portfolio	e90d79341bb8ef510ec868623e74cfe98feaa4e8	e90d79341bb8ef510ec868623e74cfe98feaa4e8	leanprover/lean4:v4.32.2	1	Velvet/Examples/Examples.lean	insertionSort_correct	15	12155028420956038391	pass	-	517	-	n ≤ n
velvet	crush-portfolio	e90d79341bb8ef510ec868623e74cfe98feaa4e8	e90d79341bb8ef510ec868623e74cfe98feaa4e8	leanprover/lean4:v4.32.2	1	Velvet/Examples/Examples.lean	insertionSort_correct	16	14852526092468225565	pass	-	693	-	∀ (i j : ℕ), 0 ≤ i → i < j → j ≤ n → j ≠ n → arr[i]! ≤ arr[j]!
velvet	crush-portfolio	e90d79341bb8ef510ec868623e74cfe98feaa4e8	e90d79341bb8ef510ec868623e74cfe98feaa4e8	leanprover/lean4:v4.32.2	1	Velvet/Examples/Examples.lean	insertionSort_correct	17	17117294935281830098	pass	-	5	-	arr.toMultiset = arrOld.toMultiset
velvet	crush-portfolio	e90d79341bb8ef510ec868623e74cfe98feaa4e8	e90d79341bb8ef510ec868623e74cfe98feaa4e8	leanprover/lean4:v4.32.2	1	Velvet/Examples/Examples.lean	insertionSort_correct	18	5288706169439222084	pass	-	12	-	i.size = arrOld.size
velvet	crush-portfolio	e90d79341bb8ef510ec868623e74cfe98feaa4e8	e90d79341bb8ef510ec868623e74cfe98feaa4e8	leanprover/lean4:v4.32.2	1	Velvet/Examples/Examples.lean	insertionSort_correct	19	12688677688377801211	pass	-	550	-	1 ≤ n + 1 ∧ n + 1 ≤ i.size
velvet	crush-portfolio	e90d79341bb8ef510ec868623e74cfe98feaa4e8	e90d79341bb8ef510ec868623e74cfe98feaa4e8	leanprover/lean4:v4.32.2	1	Velvet/Examples/Examples.lean	insertionSort_correct	20	7903702650473013145	pass	-	743	-	∀ (i_2 j : ℕ), 0 ≤ i_2 → i_2 < j → j ≤ n + 1 - 1 → i[i_2]! ≤ i[j]!
velvet	crush-portfolio	e90d79341bb8ef510ec868623e74cfe98feaa4e8	e90d79341bb8ef510ec868623e74cfe98feaa4e8	leanprover/lean4:v4.32.2	1	Velvet/Examples/Examples.lean	insertionSort_correct	21	8905801618567038615	pass	-	13	-	i.toMultiset = arrOld.toMultiset
velvet	crush-portfolio	e90d79341bb8ef510ec868623e74cfe98feaa4e8	e90d79341bb8ef510ec868623e74cfe98feaa4e8	leanprover/lean4:v4.32.2	1	Velvet/Examples/Examples.lean	insertionSort_correct	22	5964899400721509044	pass	-	4	-	arr.size = arrOld.size
velvet	crush-portfolio	e90d79341bb8ef510ec868623e74cfe98feaa4e8	e90d79341bb8ef510ec868623e74cfe98feaa4e8	leanprover/lean4:v4.32.2	1	Velvet/Examples/Examples.lean	insertionSort_correct	23	5379360585891885096	pass	-	533	-	1 ≤ n ∧ n ≤ arr.size
velvet	crush-portfolio	e90d79341bb8ef510ec868623e74cfe98feaa4e8	e90d79341bb8ef510ec868623e74cfe98feaa4e8	leanprover/lean4:v4.32.2	1	Velvet/Examples/Examples.lean	insertionSort_correct	24	11248877774576345437	pass	-	683	-	∀ (i j : ℕ), 0 ≤ i → i < j → j ≤ n - 1 → arr[i]! ≤ arr[j]!
velvet	crush-portfolio	e90d79341bb8ef510ec868623e74cfe98feaa4e8	e90d79341bb8ef510ec868623e74cfe98feaa4e8	leanprover/lean4:v4.32.2	1	Velvet/Examples/Examples.lean	insertionSort_correct	25	17117294935281830098	pass	-	5	-	arr.toMultiset = arrOld.toMultiset
velvet	crush-portfolio	e90d79341bb8ef510ec868623e74cfe98feaa4e8	e90d79341bb8ef510ec868623e74cfe98feaa4e8	leanprover/lean4:v4.32.2	1	Velvet/Examples/Examples.lean	insertionSort_correct	26	11532741708565178815	pass	-	501	-	n = arr.size
velvet	crush-portfolio	e90d79341bb8ef510ec868623e74cfe98feaa4e8	e90d79341bb8ef510ec868623e74cfe98feaa4e8	leanprover/lean4:v4.32.2	1	Velvet/Examples/Examples.lean	insertionSort_correct	27	13894794097547967513	pass	-	500	-	1 ≤ 1 ∧ 1 ≤ arrOld.size
velvet	crush-portfolio	e90d79341bb8ef510ec868623e74cfe98feaa4e8	e90d79341bb8ef510ec868623e74cfe98feaa4e8	leanprover/lean4:v4.32.2	1	Velvet/Examples/Examples.lean	insertionSort_correct	28	11235314628722112900	pass	-	592	-	∀ (i j : ℕ), 0 ≤ i → i < j → j ≤ 1 - 1 → arrOld[i]! ≤ arrOld[j]!
velvet	crush-portfolio	e90d79341bb8ef510ec868623e74cfe98feaa4e8	e90d79341bb8ef510ec868623e74cfe98feaa4e8	leanprover/lean4:v4.32.2	1	Velvet/Examples/Examples.lean	insertionSort_correct	29	8905801618567038615	pass	-	9	-	i.toMultiset = arrOld.toMultiset
velvet	crush-portfolio	e90d79341bb8ef510ec868623e74cfe98feaa4e8	e90d79341bb8ef510ec868623e74cfe98feaa4e8	leanprover/lean4:v4.32.2	1	Velvet/Examples/Examples.lean	insertionSort_correct	30	18214290959922115111	pass	-	1740	-	∀ (i_2 j : ℕ), 0 ≤ i_2 → i_2 ≤ j → j < i.size → i[i_2]! ≤ i[j]!
velvet	crush-portfolio	e90d79341bb8ef510ec868623e74cfe98feaa4e8	e90d79341bb8ef510ec868623e74cfe98feaa4e8	leanprover/lean4:v4.32.2	1	Velvet/Examples/Examples.lean	sqrt_correct	31	17119794831572106230	pass	-	620	-	∀ (i : ℕ), i * i ≤ x → i ≤ 0
velvet	crush-portfolio	e90d79341bb8ef510ec868623e74cfe98feaa4e8	e90d79341bb8ef510ec868623e74cfe98feaa4e8	leanprover/lean4:v4.32.2	1	Velvet/Examples/Examples.lean	sqrt_correct	32	16395326812896940336	pass	-	627	-	∀ i ≤ 0, i * i ≤ x
velvet	crush-portfolio	e90d79341bb8ef510ec868623e74cfe98feaa4e8	e90d79341bb8ef510ec868623e74cfe98feaa4e8	leanprover/lean4:v4.32.2	1	Velvet/Examples/Examples.lean	sqrt_correct	33	4559485301326837329	pass	-	544	-	0 * 0 ≤ x
velvet	crush-portfolio	e90d79341bb8ef510ec868623e74cfe98feaa4e8	e90d79341bb8ef510ec868623e74cfe98feaa4e8	leanprover/lean4:v4.32.2	1	Velvet/Examples/Examples.lean	sqrt_correct	34	15833581759277421577	pass	-	741	-	∀ j < i + 1, j * j ≤ x
velvet	crush-portfolio	e90d79341bb8ef510ec868623e74cfe98feaa4e8	e90d79341bb8ef510ec868623e74cfe98feaa4e8	leanprover/lean4:v4.32.2	1	Velvet/Examples/Examples.lean	sqrt_correct	35	7228731597997214785	pass	-	645	-	∀ j < i, j * j ≤ x
velvet	crush-portfolio	e90d79341bb8ef510ec868623e74cfe98feaa4e8	e90d79341bb8ef510ec868623e74cfe98feaa4e8	leanprover/lean4:v4.32.2	1	Velvet/Examples/Examples.lean	sqrt_correct	36	17256355208408803011	pass	-	603	-	x < i * i
velvet	crush-portfolio	e90d79341bb8ef510ec868623e74cfe98feaa4e8	e90d79341bb8ef510ec868623e74cfe98feaa4e8	leanprover/lean4:v4.32.2	1	Velvet/Examples/Examples.lean	sqrt_correct	37	13635698331308129878	pass	-	580	-	∀ j < 0, j * j ≤ x
velvet	crush-portfolio	e90d79341bb8ef510ec868623e74cfe98feaa4e8	e90d79341bb8ef510ec868623e74cfe98feaa4e8	leanprover/lean4:v4.32.2	1	Velvet/Examples/Examples.lean	sqrt_correct	38	10800841518550636949	pass	-	783	-	∀ (i_1 : ℕ), i_1 * i_1 ≤ x → i_1 ≤ i - 1
velvet	crush-portfolio	e90d79341bb8ef510ec868623e74cfe98feaa4e8	e90d79341bb8ef510ec868623e74cfe98feaa4e8	leanprover/lean4:v4.32.2	1	Velvet/Examples/Examples.lean	sqrt_correct	39	12457966505053151830	pass	-	1082	-	∀ i_1 ≤ i - 1, i_1 * i_1 ≤ x
velvet	crush-portfolio	e90d79341bb8ef510ec868623e74cfe98feaa4e8	e90d79341bb8ef510ec868623e74cfe98feaa4e8	leanprover/lean4:v4.32.2	1	Velvet/Examples/Examples.lean	sqrt_correct	40	17578352201394481400	pass	-	786	-	(i - 1) * (i - 1) ≤ x
velvet	crush-portfolio	e90d79341bb8ef510ec868623e74cfe98feaa4e8	e90d79341bb8ef510ec868623e74cfe98feaa4e8	leanprover/lean4:v4.32.2	1	Velvet/Examples/Examples_Total.lean	insertionSort_total_correct	1	6162910358734672275	pass	-	9	-	((arr_1.set! (mind - 1) arr_1[mind]!).set! mind arr_1[mind - 1]!).size = arrOld.size
velvet	crush-portfolio	e90d79341bb8ef510ec868623e74cfe98feaa4e8	e90d79341bb8ef510ec868623e74cfe98feaa4e8	leanprover/lean4:v4.32.2	1	Velvet/Examples/Examples_Total.lean	insertionSort_total_correct	2	1066791641437412485	pass	-	667	-	mind - 1 ≤ n
velvet	crush-portfolio	e90d79341bb8ef510ec868623e74cfe98feaa4e8	e90d79341bb8ef510ec868623e74cfe98feaa4e8	leanprover/lean4:v4.32.2	1	Velvet/Examples/Examples_Total.lean	insertionSort_total_correct	3	9866248891257573647	fail	reconstruction	8897	"crush: solver reported `unsat`, but reconstruction failed — no finishing tactic could replay it from the core ([hyp invariant_1,  hyp a_1,  hyp if_pos,  hyp invariant_5,  hyp invariant_6,  hyp invariant_7,  hyp if_pos_1,  hyp if_pos_2,  hyp a._@._internal.0._stdin.557672846._hygCtx._hyg.3221,  hyp a._@._internal.0._stdin.557672846._hygCtx._hyg.3222,  hyp a._@._internal.0._stdin.557672846._hygCtx._hyg.3223,  negated goal]). SMT core assertions:   - hyp invariant_1: arr.size = arrOld.size   - hyp a_1: n ≤ arr.size   - hyp if_pos: ¬n = arr.size   - hyp invariant_5: arr_1.size = arrOld.size   - hyp invariant_6: mind ≤ n   - hyp invariant_7: ∀ (i j : ℕ), 0 ≤ i → i < j → j ≤ n → ¬j = mind → arr_1[i]! ≤ arr_1[j]!   - hyp if_pos_1: ¬mind = 0   - hyp if_pos_2: arr_1[mind]! < arr_1[mind - 1]!   - hyp a._@._internal.0._stdin.557672846._hygCtx._hyg.3221: i✝ < j✝   - hyp a._@._internal.0._stdin.557672846._hygCtx._hyg.3222: j✝ ≤ n   - hyp a._@._internal.0._stdin.557672846._hygCtx._hyg.3223: ¬j✝ = mind - 1   - negated goal: ¬((arr_1.set! (mind - 1) arr_1[mind]!).set! mind arr_1[mind - 1]!)[i✝]! ≤       ((arr_1.set! (mind - 1) arr_1[mind]!).set! mind arr_1[mind - 1]!)[j✝]! Lean facts supplied to reconstruction:   - arr.size = arrOld.size   - n ≤ arr.size   - ¬n = arr.size   - arr_1.size = arrOld.size   - mind ≤ n   - ∀ (i j : ℕ), 0 ≤ i → i < j → j ≤ n → ¬j = mind → arr_1[i]! ≤ arr_1[j]!   - ¬mind = 0   - arr_1[mind]! < arr_1[mind - 1]!   - i✝ < j✝   - j✝ ≤ n   - ¬j✝ = mind - 1 Explicit reconstruction hints:   (none) Other selected facts outside the core:   - hyp require_1: 1 ≤ arrOld.size   - hyp a: 1 ≤ n   - hyp invariant_3: ∀ (i j : ℕ), 0 ≤ i → i < j → j ≤ n - 1 → arr[i]! ≤ arr[j]!   - hyp invariant_4: arr.toMultiset = arrOld.toMultiset   - hyp invariant_8: arr_1.toMultiset = arrOld.toMultiset   - hyp a._@._internal.0._stdin.557672846._hygCtx._hyg.3220: 0 ≤ i✝ Candidate library lemmas (best effort):   - Array.multiset_swap   - _private._stdin.0.insertionSort_total.match_2.eq_1   - Array.getElem!_set!_ne   - WPGen.mk.congr_simp   - Array.getElem!_set!_self   - _private._stdin.0.PartialCorrectness.DemonicChoice.MonadNonDet.wp_forIn.match_1.eq_2 Add reconstruction-only facts with `crush ... with [lemma, h]`, or provide a checked finisher with `crush ... using (simp_all [definitions]; omega)`. Enable `trace.crush.reconstruct` for failed proof-search steps, or set `crush.trust` to ""reconstructOrTrust"" to accept the solver's verdict anyway."	∀ (i j : ℕ),   0 ≤ i →     i < j →       j ≤ n →         j ≠ mind - 1 →           ((arr_1.set! (mind - 1) arr_1[mind]!).set! mind arr_1[mind - 1]!)[i]! ≤             ((arr_1.set! (mind - 1) arr_1[mind]!).set! mind arr_1[mind - 1]!)[j]!
velvet	crush-portfolio	e90d79341bb8ef510ec868623e74cfe98feaa4e8	e90d79341bb8ef510ec868623e74cfe98feaa4e8	leanprover/lean4:v4.32.2	1	Velvet/Examples/Examples_Total.lean	insertionSort_total_correct	4	18360837223612973524	pass	-	747	-	((arr_1.set! (mind - 1) arr_1[mind]!).set! mind arr_1[mind - 1]!).toMultiset = arrOld.toMultiset
velvet	crush-portfolio	e90d79341bb8ef510ec868623e74cfe98feaa4e8	e90d79341bb8ef510ec868623e74cfe98feaa4e8	leanprover/lean4:v4.32.2	1	Velvet/Examples/Examples_Total.lean	insertionSort_total_correct	5	11568103068982921353	pass	-	659	-	mind - 1 < mind
velvet	crush-portfolio	e90d79341bb8ef510ec868623e74cfe98feaa4e8	e90d79341bb8ef510ec868623e74cfe98feaa4e8	leanprover/lean4:v4.32.2	1	Velvet/Examples/Examples_Total.lean	insertionSort_total_correct	6	5794584936190196715	pass	-	8	-	arr_1.size = arrOld.size
velvet	crush-portfolio	e90d79341bb8ef510ec868623e74cfe98feaa4e8	e90d79341bb8ef510ec868623e74cfe98feaa4e8	leanprover/lean4:v4.32.2	1	Velvet/Examples/Examples_Total.lean	insertionSort_total_correct	7	1066791641437412485	pass	-	642	-	mind - 1 ≤ n
velvet	crush-portfolio	e90d79341bb8ef510ec868623e74cfe98feaa4e8	e90d79341bb8ef510ec868623e74cfe98feaa4e8	leanprover/lean4:v4.32.2	1	Velvet/Examples/Examples_Total.lean	insertionSort_total_correct	8	14825588553610653054	fail	timeout	11434	crush: solver returned `unknown` (solver exited without a verdict: cvc5 interrupted by timeout.). Try increasing `crush.timeout` or adding hypotheses.	∀ (i j : ℕ), 0 ≤ i → i < j → j ≤ n → j ≠ mind - 1 → arr_1[i]! ≤ arr_1[j]!
velvet	crush-portfolio	e90d79341bb8ef510ec868623e74cfe98feaa4e8	e90d79341bb8ef510ec868623e74cfe98feaa4e8	leanprover/lean4:v4.32.2	1	Velvet/Examples/Examples_Total.lean	insertionSort_total_correct	9	15257391885382474665	pass	-	8	-	arr_1.toMultiset = arrOld.toMultiset
velvet	crush-portfolio	e90d79341bb8ef510ec868623e74cfe98feaa4e8	e90d79341bb8ef510ec868623e74cfe98feaa4e8	leanprover/lean4:v4.32.2	1	Velvet/Examples/Examples_Total.lean	insertionSort_total_correct	10	11568103068982921353	pass	-	671	-	mind - 1 < mind
velvet	crush-portfolio	e90d79341bb8ef510ec868623e74cfe98feaa4e8	e90d79341bb8ef510ec868623e74cfe98feaa4e8	leanprover/lean4:v4.32.2	1	Velvet/Examples/Examples_Total.lean	insertionSort_total_correct	11	5794584936190196715	pass	-	8	-	arr_1.size = arrOld.size
velvet	crush-portfolio	e90d79341bb8ef510ec868623e74cfe98feaa4e8	e90d79341bb8ef510ec868623e74cfe98feaa4e8	leanprover/lean4:v4.32.2	1	Velvet/Examples/Examples_Total.lean	insertionSort_total_correct	12	12031026870814429192	pass	-	7	-	mind ≤ n
velvet	crush-portfolio	e90d79341bb8ef510ec868623e74cfe98feaa4e8	e90d79341bb8ef510ec868623e74cfe98feaa4e8	leanprover/lean4:v4.32.2	1	Velvet/Examples/Examples_Total.lean	insertionSort_total_correct	13	16465886849738339639	pass	-	711	-	∀ (i j : ℕ), 0 ≤ i → i < j → j ≤ n → j ≠ mind → arr_1[i]! ≤ arr_1[j]!
velvet	crush-portfolio	e90d79341bb8ef510ec868623e74cfe98feaa4e8	e90d79341bb8ef510ec868623e74cfe98feaa4e8	leanprover/lean4:v4.32.2	1	Velvet/Examples/Examples_Total.lean	insertionSort_total_correct	14	15257391885382474665	pass	-	7	-	arr_1.toMultiset = arrOld.toMultiset
velvet	crush-portfolio	e90d79341bb8ef510ec868623e74cfe98feaa4e8	e90d79341bb8ef510ec868623e74cfe98feaa4e8	leanprover/lean4:v4.32.2	1	Velvet/Examples/Examples_Total.lean	insertionSort_total_correct	15	5918835836158453730	pass	-	13	-	¬mind ≠ 0
velvet	crush-portfolio	e90d79341bb8ef510ec868623e74cfe98feaa4e8	e90d79341bb8ef510ec868623e74cfe98feaa4e8	leanprover/lean4:v4.32.2	1	Velvet/Examples/Examples_Total.lean	insertionSort_total_correct	16	5964899400721509044	pass	-	3	-	arr.size = arrOld.size
velvet	crush-portfolio	e90d79341bb8ef510ec868623e74cfe98feaa4e8	e90d79341bb8ef510ec868623e74cfe98feaa4e8	leanprover/lean4:v4.32.2	1	Velvet/Examples/Examples_Total.lean	insertionSort_total_correct	17	12155028420956038391	pass	-	520	-	n ≤ n
velvet	crush-portfolio	e90d79341bb8ef510ec868623e74cfe98feaa4e8	e90d79341bb8ef510ec868623e74cfe98feaa4e8	leanprover/lean4:v4.32.2	1	Velvet/Examples/Examples_Total.lean	insertionSort_total_correct	18	14852526092468225565	pass	-	716	-	∀ (i j : ℕ), 0 ≤ i → i < j → j ≤ n → j ≠ n → arr[i]! ≤ arr[j]!
velvet	crush-portfolio	e90d79341bb8ef510ec868623e74cfe98feaa4e8	e90d79341bb8ef510ec868623e74cfe98feaa4e8	leanprover/lean4:v4.32.2	1	Velvet/Examples/Examples_Total.lean	insertionSort_total_correct	19	17117294935281830098	pass	-	4	-	arr.toMultiset = arrOld.toMultiset
velvet	crush-portfolio	e90d79341bb8ef510ec868623e74cfe98feaa4e8	e90d79341bb8ef510ec868623e74cfe98feaa4e8	leanprover/lean4:v4.32.2	1	Velvet/Examples/Examples_Total.lean	insertionSort_total_correct	20	5288706169439222084	pass	-	14	-	i.size = arrOld.size
velvet	crush-portfolio	e90d79341bb8ef510ec868623e74cfe98feaa4e8	e90d79341bb8ef510ec868623e74cfe98feaa4e8	leanprover/lean4:v4.32.2	1	Velvet/Examples/Examples_Total.lean	insertionSort_total_correct	21	12688677688377801211	pass	-	568	-	1 ≤ n + 1 ∧ n + 1 ≤ i.size
velvet	crush-portfolio	e90d79341bb8ef510ec868623e74cfe98feaa4e8	e90d79341bb8ef510ec868623e74cfe98feaa4e8	leanprover/lean4:v4.32.2	1	Velvet/Examples/Examples_Total.lean	insertionSort_total_correct	22	7903702650473013145	pass	-	773	-	∀ (i_2 j : ℕ), 0 ≤ i_2 → i_2 < j → j ≤ n + 1 - 1 → i[i_2]! ≤ i[j]!
velvet	crush-portfolio	e90d79341bb8ef510ec868623e74cfe98feaa4e8	e90d79341bb8ef510ec868623e74cfe98feaa4e8	leanprover/lean4:v4.32.2	1	Velvet/Examples/Examples_Total.lean	insertionSort_total_correct	23	8905801618567038615	pass	-	14	-	i.toMultiset = arrOld.toMultiset
velvet	crush-portfolio	e90d79341bb8ef510ec868623e74cfe98feaa4e8	e90d79341bb8ef510ec868623e74cfe98feaa4e8	leanprover/lean4:v4.32.2	1	Velvet/Examples/Examples_Total.lean	insertionSort_total_correct	24	18088860687919872176	pass	-	592	-	i.size - (n + 1) < arr.size - n
velvet	crush-portfolio	e90d79341bb8ef510ec868623e74cfe98feaa4e8	e90d79341bb8ef510ec868623e74cfe98feaa4e8	leanprover/lean4:v4.32.2	1	Velvet/Examples/Examples_Total.lean	insertionSort_total_correct	25	5964899400721509044	pass	-	4	-	arr.size = arrOld.size
velvet	crush-portfolio	e90d79341bb8ef510ec868623e74cfe98feaa4e8	e90d79341bb8ef510ec868623e74cfe98feaa4e8	leanprover/lean4:v4.32.2	1	Velvet/Examples/Examples_Total.lean	insertionSort_total_correct	26	5379360585891885096	pass	-	540	-	1 ≤ n ∧ n ≤ arr.size
velvet	crush-portfolio	e90d79341bb8ef510ec868623e74cfe98feaa4e8	e90d79341bb8ef510ec868623e74cfe98feaa4e8	leanprover/lean4:v4.32.2	1	Velvet/Examples/Examples_Total.lean	insertionSort_total_correct	27	11248877774576345437	pass	-	700	-	∀ (i j : ℕ), 0 ≤ i → i < j → j ≤ n - 1 → arr[i]! ≤ arr[j]!
velvet	crush-portfolio	e90d79341bb8ef510ec868623e74cfe98feaa4e8	e90d79341bb8ef510ec868623e74cfe98feaa4e8	leanprover/lean4:v4.32.2	1	Velvet/Examples/Examples_Total.lean	insertionSort_total_correct	28	17117294935281830098	pass	-	4	-	arr.toMultiset = arrOld.toMultiset
velvet	crush-portfolio	e90d79341bb8ef510ec868623e74cfe98feaa4e8	e90d79341bb8ef510ec868623e74cfe98feaa4e8	leanprover/lean4:v4.32.2	1	Velvet/Examples/Examples_Total.lean	insertionSort_total_correct	29	6709257883257101731	pass	-	7	-	¬n ≠ arr.size
velvet	crush-portfolio	e90d79341bb8ef510ec868623e74cfe98feaa4e8	e90d79341bb8ef510ec868623e74cfe98feaa4e8	leanprover/lean4:v4.32.2	1	Velvet/Examples/Examples_Total.lean	insertionSort_total_correct	30	13894794097547967513	pass	-	512	-	1 ≤ 1 ∧ 1 ≤ arrOld.size
velvet	crush-portfolio	e90d79341bb8ef510ec868623e74cfe98feaa4e8	e90d79341bb8ef510ec868623e74cfe98feaa4e8	leanprover/lean4:v4.32.2	1	Velvet/Examples/Examples_Total.lean	insertionSort_total_correct	31	11235314628722112900	pass	-	588	-	∀ (i j : ℕ), 0 ≤ i → i < j → j ≤ 1 - 1 → arrOld[i]! ≤ arrOld[j]!
velvet	crush-portfolio	e90d79341bb8ef510ec868623e74cfe98feaa4e8	e90d79341bb8ef510ec868623e74cfe98feaa4e8	leanprover/lean4:v4.32.2	1	Velvet/Examples/Examples_Total.lean	insertionSort_total_correct	32	891049678225498279	pass	-	9	-	arrOld.toMultiset = i.toMultiset
velvet	crush-portfolio	e90d79341bb8ef510ec868623e74cfe98feaa4e8	e90d79341bb8ef510ec868623e74cfe98feaa4e8	leanprover/lean4:v4.32.2	1	Velvet/Examples/Examples_Total.lean	insertionSort_total_correct	33	18214290959922115111	pass	-	2412	-	∀ (i_2 j : ℕ), 0 ≤ i_2 → i_2 ≤ j → j < i.size → i[i_2]! ≤ i[j]!
velvet	crush-portfolio	e90d79341bb8ef510ec868623e74cfe98feaa4e8	e90d79341bb8ef510ec868623e74cfe98feaa4e8	leanprover/lean4:v4.32.2	1	Velvet/Examples/Examples_Total.lean	sqrt_total_correct	34	17119794831572106230	pass	-	521	-	∀ (i : ℕ), i * i ≤ x → i ≤ 0
velvet	crush-portfolio	e90d79341bb8ef510ec868623e74cfe98feaa4e8	e90d79341bb8ef510ec868623e74cfe98feaa4e8	leanprover/lean4:v4.32.2	1	Velvet/Examples/Examples_Total.lean	sqrt_total_correct	35	16395326812896940336	pass	-	524	-	∀ i ≤ 0, i * i ≤ x
velvet	crush-portfolio	e90d79341bb8ef510ec868623e74cfe98feaa4e8	e90d79341bb8ef510ec868623e74cfe98feaa4e8	leanprover/lean4:v4.32.2	1	Velvet/Examples/Examples_Total.lean	sqrt_total_correct	36	4559485301326837329	pass	-	492	-	0 * 0 ≤ x
velvet	crush-portfolio	e90d79341bb8ef510ec868623e74cfe98feaa4e8	e90d79341bb8ef510ec868623e74cfe98feaa4e8	leanprover/lean4:v4.32.2	1	Velvet/Examples/Examples_Total.lean	sqrt_total_correct	37	15833581759277421577	pass	-	553	-	∀ j < i + 1, j * j ≤ x
velvet	crush-portfolio	e90d79341bb8ef510ec868623e74cfe98feaa4e8	e90d79341bb8ef510ec868623e74cfe98feaa4e8	leanprover/lean4:v4.32.2	1	Velvet/Examples/Examples_Total.lean	sqrt_total_correct	38	17892696244691966181	pass	-	1147	-	x + 8 - (i + 1) < x + 8 - i
velvet	crush-portfolio	e90d79341bb8ef510ec868623e74cfe98feaa4e8	e90d79341bb8ef510ec868623e74cfe98feaa4e8	leanprover/lean4:v4.32.2	1	Velvet/Examples/Examples_Total.lean	sqrt_total_correct	39	7228731597997214785	pass	-	547	-	∀ j < i, j * j ≤ x
velvet	crush-portfolio	e90d79341bb8ef510ec868623e74cfe98feaa4e8	e90d79341bb8ef510ec868623e74cfe98feaa4e8	leanprover/lean4:v4.32.2	1	Velvet/Examples/Examples_Total.lean	sqrt_total_correct	40	13073343856082995605	pass	-	3	-	¬i * i ≤ x
velvet	crush-portfolio	e90d79341bb8ef510ec868623e74cfe98feaa4e8	e90d79341bb8ef510ec868623e74cfe98feaa4e8	leanprover/lean4:v4.32.2	1	Velvet/Examples/Examples_Total.lean	sqrt_total_correct	41	13635698331308129878	pass	-	491	-	∀ j < 0, j * j ≤ x
velvet	crush-portfolio	e90d79341bb8ef510ec868623e74cfe98feaa4e8	e90d79341bb8ef510ec868623e74cfe98feaa4e8	leanprover/lean4:v4.32.2	1	Velvet/Examples/Examples_Total.lean	sqrt_total_correct	42	10800841518550636949	pass	-	544	-	∀ (i_1 : ℕ), i_1 * i_1 ≤ x → i_1 ≤ i - 1
velvet	crush-portfolio	e90d79341bb8ef510ec868623e74cfe98feaa4e8	e90d79341bb8ef510ec868623e74cfe98feaa4e8	leanprover/lean4:v4.32.2	1	Velvet/Examples/Examples_Total.lean	sqrt_total_correct	43	12457966505053151830	pass	-	919	-	∀ i_1 ≤ i - 1, i_1 * i_1 ≤ x
velvet	crush-portfolio	e90d79341bb8ef510ec868623e74cfe98feaa4e8	e90d79341bb8ef510ec868623e74cfe98feaa4e8	leanprover/lean4:v4.32.2	1	Velvet/Examples/Examples_Total.lean	sqrt_total_correct	44	17578352201394481400	pass	-	841	-	(i - 1) * (i - 1) ≤ x
velvet	crush-portfolio	e90d79341bb8ef510ec868623e74cfe98feaa4e8	e90d79341bb8ef510ec868623e74cfe98feaa4e8	leanprover/lean4:v4.32.2	1	Velvet/Examples/Examples_Total.lean	cbrt_correct	45	628191952620585962	pass	-	511	-	∀ (i : ℕ), i * i * i ≤ x → i ≤ 0
velvet	crush-portfolio	e90d79341bb8ef510ec868623e74cfe98feaa4e8	e90d79341bb8ef510ec868623e74cfe98feaa4e8	leanprover/lean4:v4.32.2	1	Velvet/Examples/Examples_Total.lean	cbrt_correct	46	5408980950461060684	pass	-	515	-	∀ i ≤ 0, i * i * i ≤ x
velvet	crush-portfolio	e90d79341bb8ef510ec868623e74cfe98feaa4e8	e90d79341bb8ef510ec868623e74cfe98feaa4e8	leanprover/lean4:v4.32.2	1	Velvet/Examples/Examples_Total.lean	cbrt_correct	47	17796805544787031687	pass	-	501	-	0 * 0 * 0 ≤ x
velvet	crush-portfolio	e90d79341bb8ef510ec868623e74cfe98feaa4e8	e90d79341bb8ef510ec868623e74cfe98feaa4e8	leanprover/lean4:v4.32.2	1	Velvet/Examples/Examples_Total.lean	cbrt_correct	48	12597585967811959528	pass	-	560	-	∀ j < i + 1, j * j * j ≤ x
velvet	crush-portfolio	e90d79341bb8ef510ec868623e74cfe98feaa4e8	e90d79341bb8ef510ec868623e74cfe98feaa4e8	leanprover/lean4:v4.32.2	1	Velvet/Examples/Examples_Total.lean	cbrt_correct	49	17892696244691966181	pass	-	1150	-	x + 8 - (i + 1) < x + 8 - i
velvet	crush-portfolio	e90d79341bb8ef510ec868623e74cfe98feaa4e8	e90d79341bb8ef510ec868623e74cfe98feaa4e8	leanprover/lean4:v4.32.2	1	Velvet/Examples/Examples_Total.lean	cbrt_correct	50	11504389341422214604	fail	timeout	5504	crush: solver returned `unknown` (solver exited without a verdict: cvc5 interrupted by timeout.). Try increasing `crush.timeout` or adding hypotheses.	∀ j < i, j * j * j ≤ x
velvet	crush-portfolio	e90d79341bb8ef510ec868623e74cfe98feaa4e8	e90d79341bb8ef510ec868623e74cfe98feaa4e8	leanprover/lean4:v4.32.2	1	Velvet/Examples/Examples_Total.lean	cbrt_correct	51	1828175149019549874	pass	-	4	-	¬i * i * i ≤ x
velvet	crush-portfolio	e90d79341bb8ef510ec868623e74cfe98feaa4e8	e90d79341bb8ef510ec868623e74cfe98feaa4e8	leanprover/lean4:v4.32.2	1	Velvet/Examples/Examples_Total.lean	cbrt_correct	52	8027176826117333927	pass	-	494	-	∀ j < 0, j * j * j ≤ x
velvet	crush-portfolio	e90d79341bb8ef510ec868623e74cfe98feaa4e8	e90d79341bb8ef510ec868623e74cfe98feaa4e8	leanprover/lean4:v4.32.2	1	Velvet/Examples/Examples_Total.lean	cbrt_correct	53	8642365996124661698	pass	-	597	-	∀ (i_1 : ℕ), i_1 * i_1 * i_1 ≤ x → i_1 ≤ i - 1
velvet	crush-portfolio	e90d79341bb8ef510ec868623e74cfe98feaa4e8	e90d79341bb8ef510ec868623e74cfe98feaa4e8	leanprover/lean4:v4.32.2	1	Velvet/Examples/Examples_Total.lean	cbrt_correct	54	1031468476226669362	pass	-	1183	-	∀ i_1 ≤ i - 1, i_1 * i_1 * i_1 ≤ x
velvet	crush-portfolio	e90d79341bb8ef510ec868623e74cfe98feaa4e8	e90d79341bb8ef510ec868623e74cfe98feaa4e8	leanprover/lean4:v4.32.2	1	Velvet/Examples/Examples_Total.lean	cbrt_correct	55	9859620190106577091	pass	-	642	-	(i - 1) * (i - 1) * (i - 1) ≤ x
velvet	crush-portfolio	e90d79341bb8ef510ec868623e74cfe98feaa4e8	e90d79341bb8ef510ec868623e74cfe98feaa4e8	leanprover/lean4:v4.32.2	1	Velvet/Examples/Examples_Total.lean	sqrt_bn_correct	56	7745518040588453633	pass	-	4	-	(r + l) / 2 * ((r + l) / 2) ≤ x
velvet	crush-portfolio	e90d79341bb8ef510ec868623e74cfe98feaa4e8	e90d79341bb8ef510ec868623e74cfe98feaa4e8	leanprover/lean4:v4.32.2	1	Velvet/Examples/Examples_Total.lean	sqrt_bn_correct	57	7275559839122250210	pass	-	2	-	x < r * r
velvet	crush-portfolio	e90d79341bb8ef510ec868623e74cfe98feaa4e8	e90d79341bb8ef510ec868623e74cfe98feaa4e8	leanprover/lean4:v4.32.2	1	Velvet/Examples/Examples_Total.lean	sqrt_bn_correct	58	17809363630590163151	pass	-	546	-	∀ i ≤ (r + l) / 2, i * i ≤ x
velvet	crush-portfolio	e90d79341bb8ef510ec868623e74cfe98feaa4e8	e90d79341bb8ef510ec868623e74cfe98feaa4e8	leanprover/lean4:v4.32.2	1	Velvet/Examples/Examples_Total.lean	sqrt_bn_correct	59	3756677303263535492	pass	-	571	-	r - (r + l) / 2 < r - l
velvet	crush-portfolio	e90d79341bb8ef510ec868623e74cfe98feaa4e8	e90d79341bb8ef510ec868623e74cfe98feaa4e8	leanprover/lean4:v4.32.2	1	Velvet/Examples/Examples_Total.lean	sqrt_bn_correct	60	4049183095434299843	pass	-	3	-	l * l ≤ x
velvet	crush-portfolio	e90d79341bb8ef510ec868623e74cfe98feaa4e8	e90d79341bb8ef510ec868623e74cfe98feaa4e8	leanprover/lean4:v4.32.2	1	Velvet/Examples/Examples_Total.lean	sqrt_bn_correct	61	845228717509319176	pass	-	564	-	x < (r + l) / 2 * ((r + l) / 2)
velvet	crush-portfolio	e90d79341bb8ef510ec868623e74cfe98feaa4e8	e90d79341bb8ef510ec868623e74cfe98feaa4e8	leanprover/lean4:v4.32.2	1	Velvet/Examples/Examples_Total.lean	sqrt_bn_correct	62	14080923781397173690	pass	-	544	-	∀ i ≤ l, i * i ≤ x
velvet	crush-portfolio	e90d79341bb8ef510ec868623e74cfe98feaa4e8	e90d79341bb8ef510ec868623e74cfe98feaa4e8	leanprover/lean4:v4.32.2	1	Velvet/Examples/Examples_Total.lean	sqrt_bn_correct	63	2013384436827156188	pass	-	598	-	(r + l) / 2 - l < r - l
velvet	crush-portfolio	e90d79341bb8ef510ec868623e74cfe98feaa4e8	e90d79341bb8ef510ec868623e74cfe98feaa4e8	leanprover/lean4:v4.32.2	1	Velvet/Examples/Examples_Total.lean	sqrt_bn_correct	64	4049183095434299843	pass	-	3	-	l * l ≤ x
velvet	crush-portfolio	e90d79341bb8ef510ec868623e74cfe98feaa4e8	e90d79341bb8ef510ec868623e74cfe98feaa4e8	leanprover/lean4:v4.32.2	1	Velvet/Examples/Examples_Total.lean	sqrt_bn_correct	65	7275559839122250210	pass	-	3	-	x < r * r
velvet	crush-portfolio	e90d79341bb8ef510ec868623e74cfe98feaa4e8	e90d79341bb8ef510ec868623e74cfe98feaa4e8	leanprover/lean4:v4.32.2	1	Velvet/Examples/Examples_Total.lean	sqrt_bn_correct	66	14080923781397173690	pass	-	557	-	∀ i ≤ l, i * i ≤ x
velvet	crush-portfolio	e90d79341bb8ef510ec868623e74cfe98feaa4e8	e90d79341bb8ef510ec868623e74cfe98feaa4e8	leanprover/lean4:v4.32.2	1	Velvet/Examples/Examples_Total.lean	sqrt_bn_correct	67	5112937323286018014	pass	-	5	-	¬1 < r - l
velvet	crush-portfolio	e90d79341bb8ef510ec868623e74cfe98feaa4e8	e90d79341bb8ef510ec868623e74cfe98feaa4e8	leanprover/lean4:v4.32.2	1	Velvet/Examples/Examples_Total.lean	sqrt_bn_correct	68	4559485301326837329	pass	-	501	-	0 * 0 ≤ x
velvet	crush-portfolio	e90d79341bb8ef510ec868623e74cfe98feaa4e8	e90d79341bb8ef510ec868623e74cfe98feaa4e8	leanprover/lean4:v4.32.2	1	Velvet/Examples/Examples_Total.lean	sqrt_bn_correct	69	6911359079999020658	pass	-	1	-	x < bnd * bnd
velvet	crush-portfolio	e90d79341bb8ef510ec868623e74cfe98feaa4e8	e90d79341bb8ef510ec868623e74cfe98feaa4e8	leanprover/lean4:v4.32.2	1	Velvet/Examples/Examples_Total.lean	sqrt_bn_correct	70	16395326812896940336	pass	-	517	-	∀ i ≤ 0, i * i ≤ x
velvet	crush-portfolio	e90d79341bb8ef510ec868623e74cfe98feaa4e8	e90d79341bb8ef510ec868623e74cfe98feaa4e8	leanprover/lean4:v4.32.2	1	Velvet/Examples/Examples_Total.lean	sqrt_bn_correct	71	18362062349273978007	pass	-	559	-	∀ (i_2 : ℕ), i_2 * i_2 ≤ x → i_2 ≤ i
velvet	crush-portfolio	e90d79341bb8ef510ec868623e74cfe98feaa4e8	e90d79341bb8ef510ec868623e74cfe98feaa4e8	leanprover/lean4:v4.32.2	1	Velvet/Examples/Examples_Total.lean	sqrt_bn_correct	72	8802921734925604215	pass	-	554	-	∀ i_2 ≤ i, i_2 * i_2 ≤ x
velvet	crush-portfolio	e90d79341bb8ef510ec868623e74cfe98feaa4e8	e90d79341bb8ef510ec868623e74cfe98feaa4e8	leanprover/lean4:v4.32.2	1	Velvet/Examples/Examples_Total.lean	sqrt_bn_correct	73	8723303018838369810	pass	-	4	-	i * i ≤ x
velvet	crush-portfolio	e90d79341bb8ef510ec868623e74cfe98feaa4e8	e90d79341bb8ef510ec868623e74cfe98feaa4e8	leanprover/lean4:v4.32.2	1	Velvet/Examples/GCD.lean	gcd_correct	1	4384199359441751320	pass	-	2	-	a > 0
velvet	crush-portfolio	e90d79341bb8ef510ec868623e74cfe98feaa4e8	e90d79341bb8ef510ec868623e74cfe98feaa4e8	leanprover/lean4:v4.32.2	1	Velvet/Examples/GCD.lean	gcd_correct	2	9601099415740649235	pass	-	601	-	b > 0
velvet	crush-portfolio	e90d79341bb8ef510ec868623e74cfe98feaa4e8	e90d79341bb8ef510ec868623e74cfe98feaa4e8	leanprover/lean4:v4.32.2	1	Velvet/Examples/GCD.lean	gcd_correct	3	1185000637665826843	pass	-	2	-	x > 0
velvet	crush-portfolio	e90d79341bb8ef510ec868623e74cfe98feaa4e8	e90d79341bb8ef510ec868623e74cfe98feaa4e8	leanprover/lean4:v4.32.2	1	Velvet/Examples/IsNonPrime.lean	IsNonPrime_correct	1	3150397294412475763	fail	tactic	1197	crush: could not prove the goal — the solver found a model:     n := 0     isPrime := true The encoding is incomplete, so a model does not necessarily describe a Lean counterexample.	True ↔ ¬isPrime n
velvet	crush-portfolio	e90d79341bb8ef510ec868623e74cfe98feaa4e8	e90d79341bb8ef510ec868623e74cfe98feaa4e8	leanprover/lean4:v4.32.2	1	Velvet/Examples/IsNonPrime.lean	IsNonPrime_correct	2	8498703091421742660	pass	-	1732	-	2 ≤ i + 1
velvet	crush-portfolio	e90d79341bb8ef510ec868623e74cfe98feaa4e8	e90d79341bb8ef510ec868623e74cfe98feaa4e8	leanprover/lean4:v4.32.2	1	Velvet/Examples/IsNonPrime.lean	IsNonPrime_correct	3	15405612526479945524	pass	-	1833	-	true = false ↔ ∀ (d : ℕ), 2 ≤ d → d < i + 1 → n % d ≠ 0
velvet	crush-portfolio	e90d79341bb8ef510ec868623e74cfe98feaa4e8	e90d79341bb8ef510ec868623e74cfe98feaa4e8	leanprover/lean4:v4.32.2	1	Velvet/Examples/IsNonPrime.lean	IsNonPrime_correct	4	3635621084297233985	pass	-	6	-	(i + 1 - 1) * (i + 1 - 1) ≤ n
velvet	crush-portfolio	e90d79341bb8ef510ec868623e74cfe98feaa4e8	e90d79341bb8ef510ec868623e74cfe98feaa4e8	leanprover/lean4:v4.32.2	1	Velvet/Examples/IsNonPrime.lean	IsNonPrime_correct	5	8498703091421742660	pass	-	1776	-	2 ≤ i + 1
velvet	crush-portfolio	e90d79341bb8ef510ec868623e74cfe98feaa4e8	e90d79341bb8ef510ec868623e74cfe98feaa4e8	leanprover/lean4:v4.32.2	1	Velvet/Examples/IsNonPrime.lean	IsNonPrime_correct	6	15497101072354692966	fail	timeout	6180	crush: solver returned `unknown` (solver exited without a verdict: cvc5 interrupted by timeout.). Try increasing `crush.timeout` or adding hypotheses.	ret = false ↔ ∀ (d : ℕ), 2 ≤ d → d < i + 1 → n % d ≠ 0
velvet	crush-portfolio	e90d79341bb8ef510ec868623e74cfe98feaa4e8	e90d79341bb8ef510ec868623e74cfe98feaa4e8	leanprover/lean4:v4.32.2	1	Velvet/Examples/IsNonPrime.lean	IsNonPrime_correct	7	3635621084297233985	pass	-	7	-	(i + 1 - 1) * (i + 1 - 1) ≤ n
velvet	crush-portfolio	e90d79341bb8ef510ec868623e74cfe98feaa4e8	e90d79341bb8ef510ec868623e74cfe98feaa4e8	leanprover/lean4:v4.32.2	1	Velvet/Examples/IsNonPrime.lean	IsNonPrime_correct	8	8419734978408419013	pass	-	3	-	2 ≤ i
velvet	crush-portfolio	e90d79341bb8ef510ec868623e74cfe98feaa4e8	e90d79341bb8ef510ec868623e74cfe98feaa4e8	leanprover/lean4:v4.32.2	1	Velvet/Examples/IsNonPrime.lean	IsNonPrime_correct	9	18150307703072330979	pass	-	3	-	ret = false ↔ ∀ (d : ℕ), 2 ≤ d → d < i → n % d ≠ 0
velvet	crush-portfolio	e90d79341bb8ef510ec868623e74cfe98feaa4e8	e90d79341bb8ef510ec868623e74cfe98feaa4e8	leanprover/lean4:v4.32.2	1	Velvet/Examples/IsNonPrime.lean	IsNonPrime_correct	10	1456886557593529150	pass	-	4	-	(i - 1) * (i - 1) ≤ n
velvet	crush-portfolio	e90d79341bb8ef510ec868623e74cfe98feaa4e8	e90d79341bb8ef510ec868623e74cfe98feaa4e8	leanprover/lean4:v4.32.2	1	Velvet/Examples/IsNonPrime.lean	IsNonPrime_correct	11	16017810969246570786	pass	-	5	-	¬i * i ≤ n
velvet	crush-portfolio	e90d79341bb8ef510ec868623e74cfe98feaa4e8	e90d79341bb8ef510ec868623e74cfe98feaa4e8	leanprover/lean4:v4.32.2	1	Velvet/Examples/IsNonPrime.lean	IsNonPrime_correct	12	12543135627460772462	pass	-	1229	-	2 ≤ 2
velvet	crush-portfolio	e90d79341bb8ef510ec868623e74cfe98feaa4e8	e90d79341bb8ef510ec868623e74cfe98feaa4e8	leanprover/lean4:v4.32.2	1	Velvet/Examples/IsNonPrime.lean	IsNonPrime_correct	13	1572539502098385654	pass	-	2454	-	True ↔ ∀ (d : ℕ), 2 ≤ d → d < 2 → n % d ≠ 0
velvet	crush-portfolio	e90d79341bb8ef510ec868623e74cfe98feaa4e8	e90d79341bb8ef510ec868623e74cfe98feaa4e8	leanprover/lean4:v4.32.2	1	Velvet/Examples/IsNonPrime.lean	IsNonPrime_correct	14	11076373139303988464	pass	-	1529	-	(2 - 1) * (2 - 1) ≤ n
velvet	crush-portfolio	e90d79341bb8ef510ec868623e74cfe98feaa4e8	e90d79341bb8ef510ec868623e74cfe98feaa4e8	leanprover/lean4:v4.32.2	1	Velvet/Examples/IsNonPrime.lean	IsNonPrime_correct	15	15559572021364972958	fail	timeout	6320	crush: solver returned `unknown` (solver exited without a verdict: cvc5 interrupted by timeout.). Try increasing `crush.timeout` or adding hypotheses.	ret_1 = true ↔ ¬isPrime n
velvet	crush-portfolio	e90d79341bb8ef510ec868623e74cfe98feaa4e8	e90d79341bb8ef510ec868623e74cfe98feaa4e8	leanprover/lean4:v4.32.2	1	Velvet/Examples/IsSorted.lean	IsSorted_correct	1	11207960766534651515	pass	-	1233	-	0 ≤ i + 1 ∧ i + 1 ≤ a.size - 1
velvet	crush-portfolio	e90d79341bb8ef510ec868623e74cfe98feaa4e8	e90d79341bb8ef510ec868623e74cfe98feaa4e8	leanprover/lean4:v4.32.2	1	Velvet/Examples/IsSorted.lean	IsSorted_correct	2	4413675682266163545	pass	-	2764	-	false = true → ∀ (k : ℕ), 0 ≤ k → k < i + 1 → a[k]! ≤ a[k + 1]!
velvet	crush-portfolio	e90d79341bb8ef510ec868623e74cfe98feaa4e8	e90d79341bb8ef510ec868623e74cfe98feaa4e8	leanprover/lean4:v4.32.2	1	Velvet/Examples/IsSorted.lean	IsSorted_correct	3	9518487208184120090	pass	-	36	-	∃ k, 0 ≤ k ∧ k < a.size - 1 ∧ a[k]! > a[k + 1]!
velvet	crush-portfolio	e90d79341bb8ef510ec868623e74cfe98feaa4e8	e90d79341bb8ef510ec868623e74cfe98feaa4e8	leanprover/lean4:v4.32.2	1	Velvet/Examples/IsSorted.lean	IsSorted_correct	4	11207960766534651515	pass	-	1253	-	0 ≤ i + 1 ∧ i + 1 ≤ a.size - 1
velvet	crush-portfolio	e90d79341bb8ef510ec868623e74cfe98feaa4e8	e90d79341bb8ef510ec868623e74cfe98feaa4e8	leanprover/lean4:v4.32.2	1	Velvet/Examples/IsSorted.lean	IsSorted_correct	5	16465854614385299804	pass	-	3168	-	sorted = true → ∀ (k : ℕ), 0 ≤ k → k < i + 1 → a[k]! ≤ a[k + 1]!
velvet	crush-portfolio	e90d79341bb8ef510ec868623e74cfe98feaa4e8	e90d79341bb8ef510ec868623e74cfe98feaa4e8	leanprover/lean4:v4.32.2	1	Velvet/Examples/IsSorted.lean	IsSorted_correct	6	1749803822950348457	pass	-	2415	-	sorted = false → ∃ k, 0 ≤ k ∧ k < a.size - 1 ∧ a[k]! > a[k + 1]!
velvet	crush-portfolio	e90d79341bb8ef510ec868623e74cfe98feaa4e8	e90d79341bb8ef510ec868623e74cfe98feaa4e8	leanprover/lean4:v4.32.2	1	Velvet/Examples/IsSorted.lean	IsSorted_correct	7	6461838523585744673	pass	-	745	-	0 ≤ i ∧ i ≤ a.size - 1
velvet	crush-portfolio	e90d79341bb8ef510ec868623e74cfe98feaa4e8	e90d79341bb8ef510ec868623e74cfe98feaa4e8	leanprover/lean4:v4.32.2	1	Velvet/Examples/IsSorted.lean	IsSorted_correct	8	5698263445699273715	pass	-	1637	-	sorted = true → ∀ (k : ℕ), 0 ≤ k → k < i → a[k]! ≤ a[k + 1]!
velvet	crush-portfolio	e90d79341bb8ef510ec868623e74cfe98feaa4e8	e90d79341bb8ef510ec868623e74cfe98feaa4e8	leanprover/lean4:v4.32.2	1	Velvet/Examples/IsSorted.lean	IsSorted_correct	9	1749803822950348457	pass	-	1458	-	sorted = false → ∃ k, 0 ≤ k ∧ k < a.size - 1 ∧ a[k]! > a[k + 1]!
velvet	crush-portfolio	e90d79341bb8ef510ec868623e74cfe98feaa4e8	e90d79341bb8ef510ec868623e74cfe98feaa4e8	leanprover/lean4:v4.32.2	1	Velvet/Examples/IsSorted.lean	IsSorted_correct	10	16458001095677251802	pass	-	798	-	i = a.size - 1 ∨ sorted = false
velvet	crush-portfolio	e90d79341bb8ef510ec868623e74cfe98feaa4e8	e90d79341bb8ef510ec868623e74cfe98feaa4e8	leanprover/lean4:v4.32.2	1	Velvet/Examples/IsSorted.lean	IsSorted_correct	11	11716511832970583731	pass	-	618	-	0 ≤ 0 ∧ 0 ≤ a.size - 1
velvet	crush-portfolio	e90d79341bb8ef510ec868623e74cfe98feaa4e8	e90d79341bb8ef510ec868623e74cfe98feaa4e8	leanprover/lean4:v4.32.2	1	Velvet/Examples/IsSorted.lean	IsSorted_correct	12	13412663338101939313	pass	-	938	-	∀ (k : ℕ), 0 ≤ k → k < 0 → a[k]! ≤ a[k + 1]!
velvet	crush-portfolio	e90d79341bb8ef510ec868623e74cfe98feaa4e8	e90d79341bb8ef510ec868623e74cfe98feaa4e8	leanprover/lean4:v4.32.2	1	Velvet/Examples/IsSorted.lean	IsSorted_correct	13	10877051663303345536	pass	-	11	-	true = false → ∃ k, 0 ≤ k ∧ k < a.size - 1 ∧ a[k]! > a[k + 1]!
velvet	crush-portfolio	e90d79341bb8ef510ec868623e74cfe98feaa4e8	e90d79341bb8ef510ec868623e74cfe98feaa4e8	leanprover/lean4:v4.32.2	1	Velvet/Examples/IsSorted.lean	IsSorted_correct	14	2102916384874846137	pass	-	22373	-	sorted_1 = true ↔ ∀ (i j : ℕ), 0 ≤ i → i < j → j < a.size → a[i]! ≤ a[j]!
velvet	crush-portfolio	e90d79341bb8ef510ec868623e74cfe98feaa4e8	e90d79341bb8ef510ec868623e74cfe98feaa4e8	leanprover/lean4:v4.32.2	1	Velvet/Examples/MaxElem.lean	maxElem_correct	1	6189042491608852705	pass	-	527	-	0 ≤ i + 1 ∧ i + 1 ≤ arr.size
velvet	crush-portfolio	e90d79341bb8ef510ec868623e74cfe98feaa4e8	e90d79341bb8ef510ec868623e74cfe98feaa4e8	leanprover/lean4:v4.32.2	1	Velvet/Examples/MaxElem.lean	maxElem_correct	2	13979591039540523316	pass	-	490	-	∀ j < i + 1, arr[i]! ≥ arr[j]!
velvet	crush-portfolio	e90d79341bb8ef510ec868623e74cfe98feaa4e8	e90d79341bb8ef510ec868623e74cfe98feaa4e8	leanprover/lean4:v4.32.2	1	Velvet/Examples/MaxElem.lean	maxElem_correct	3	6189042491608852705	pass	-	471	-	0 ≤ i + 1 ∧ i + 1 ≤ arr.size
velvet	crush-portfolio	e90d79341bb8ef510ec868623e74cfe98feaa4e8	e90d79341bb8ef510ec868623e74cfe98feaa4e8	leanprover/lean4:v4.32.2	1	Velvet/Examples/MaxElem.lean	maxElem_correct	4	3496913807798796367	pass	-	646	-	∀ j < i + 1, mx ≥ arr[j]!
velvet	crush-portfolio	e90d79341bb8ef510ec868623e74cfe98feaa4e8	e90d79341bb8ef510ec868623e74cfe98feaa4e8	leanprover/lean4:v4.32.2	1	Velvet/Examples/MaxElem.lean	maxElem_correct	5	13935834157065255340	pass	-	498	-	0 ≤ i ∧ i ≤ arr.size
velvet	crush-portfolio	e90d79341bb8ef510ec868623e74cfe98feaa4e8	e90d79341bb8ef510ec868623e74cfe98feaa4e8	leanprover/lean4:v4.32.2	1	Velvet/Examples/MaxElem.lean	maxElem_correct	6	10716558625718226994	pass	-	463	-	∀ j < i, mx ≥ arr[j]!
velvet	crush-portfolio	e90d79341bb8ef510ec868623e74cfe98feaa4e8	e90d79341bb8ef510ec868623e74cfe98feaa4e8	leanprover/lean4:v4.32.2	1	Velvet/Examples/MaxElem.lean	maxElem_correct	7	12429897440204793908	pass	-	472	-	i = arr.size
velvet	crush-portfolio	e90d79341bb8ef510ec868623e74cfe98feaa4e8	e90d79341bb8ef510ec868623e74cfe98feaa4e8	leanprover/lean4:v4.32.2	1	Velvet/Examples/MaxElem.lean	maxElem_correct	8	6662270672118944889	pass	-	474	-	0 ≤ 0 + 1 ∧ 0 + 1 ≤ arr.size
velvet	crush-portfolio	e90d79341bb8ef510ec868623e74cfe98feaa4e8	e90d79341bb8ef510ec868623e74cfe98feaa4e8	leanprover/lean4:v4.32.2	1	Velvet/Examples/MaxElem.lean	maxElem_correct	9	10294878435885712953	pass	-	522	-	∀ j < 0 + 1, arr[0]! ≥ arr[j]!
velvet	crush-portfolio	e90d79341bb8ef510ec868623e74cfe98feaa4e8	e90d79341bb8ef510ec868623e74cfe98feaa4e8	leanprover/lean4:v4.32.2	1	Velvet/Examples/MaxElem.lean	maxElem_correct	10	15821608085576758365	pass	-	481	-	isMax mx_1 arr
velvet	crush-portfolio	e90d79341bb8ef510ec868623e74cfe98feaa4e8	e90d79341bb8ef510ec868623e74cfe98feaa4e8	leanprover/lean4:v4.32.2	1	Velvet/Examples/MemAlloc.lean	mem_alloc_correct	1	633235845480694220	pass	-	51	-	∀ (b : addr),   List.find? (fun x => decide (block_size x ≥ size)) Ps = some b → 0 = b ∧ distPath nextOld free_listOld (Ps.erase b) 0
velvet	crush-portfolio	e90d79341bb8ef510ec868623e74cfe98feaa4e8	e90d79341bb8ef510ec868623e74cfe98feaa4e8	leanprover/lean4:v4.32.2	1	Velvet/Examples/MemAlloc.lean	mem_alloc_correct	2	12262280732602434251	pass	-	34	-	∀ (b : addr),   List.find? (fun x => decide (block_size x ≥ size)) Ps = some b →     free_listOld = b ∧ distPath nextOld (nextOld free_listOld) (Ps.erase b) 0
velvet	crush-portfolio	e90d79341bb8ef510ec868623e74cfe98feaa4e8	e90d79341bb8ef510ec868623e74cfe98feaa4e8	leanprover/lean4:v4.32.2	1	Velvet/Examples/MemAlloc.lean	mem_alloc_correct	3	5395433166570123997	pass	-	1328	-	distPath nextOld free_listOld Ps 0
velvet	crush-portfolio	e90d79341bb8ef510ec868623e74cfe98feaa4e8	e90d79341bb8ef510ec868623e74cfe98feaa4e8	leanprover/lean4:v4.32.2	1	Velvet/Examples/MemAlloc.lean	mem_alloc_correct	4	7858921023181799469	fail	unknown	1517	crush: solver returned `unknown` (no reason given). Try increasing `crush.timeout` or adding hypotheses.	∃ Qs, distPath nextOld free_listOld Qs (nextOld p) ∧ ∀ a ∈ Qs, block_size a < size
velvet	crush-portfolio	e90d79341bb8ef510ec868623e74cfe98feaa4e8	e90d79341bb8ef510ec868623e74cfe98feaa4e8	leanprover/lean4:v4.32.2	1	Velvet/Examples/MemAlloc.lean	mem_alloc_correct	5	12307778664191690486	pass	-	1521	-	∃ Qs, distPath nextOld free_listOld Qs p
velvet	crush-portfolio	e90d79341bb8ef510ec868623e74cfe98feaa4e8	e90d79341bb8ef510ec868623e74cfe98feaa4e8	leanprover/lean4:v4.32.2	1	Velvet/Examples/MemAlloc.lean	mem_alloc_correct	6	14651957694487509304	pass	-	15	-	p ≠ 0
velvet	crush-portfolio	e90d79341bb8ef510ec868623e74cfe98feaa4e8	e90d79341bb8ef510ec868623e74cfe98feaa4e8	leanprover/lean4:v4.32.2	1	Velvet/Examples/MemAlloc.lean	mem_alloc_correct	7	5395433166570123997	pass	-	1231	-	distPath nextOld free_listOld Ps 0
velvet	crush-portfolio	e90d79341bb8ef510ec868623e74cfe98feaa4e8	e90d79341bb8ef510ec868623e74cfe98feaa4e8	leanprover/lean4:v4.32.2	1	Velvet/Examples/MemAlloc.lean	mem_alloc_correct	8	12933711973000179377	pass	-	8	-	∃ Qs, distPath nextOld free_listOld Qs p ∧ ∀ a ∈ Qs, block_size a < size
velvet	crush-portfolio	e90d79341bb8ef510ec868623e74cfe98feaa4e8	e90d79341bb8ef510ec868623e74cfe98feaa4e8	leanprover/lean4:v4.32.2	1	Velvet/Examples/MemAlloc.lean	mem_alloc_correct	9	1502598827083788742	pass	-	6	-	p = nextOld q
velvet	crush-portfolio	e90d79341bb8ef510ec868623e74cfe98feaa4e8	e90d79341bb8ef510ec868623e74cfe98feaa4e8	leanprover/lean4:v4.32.2	1	Velvet/Examples/MemAlloc.lean	mem_alloc_correct	10	5948121399058639032	pass	-	7	-	∃ Qs, distPath nextOld free_listOld Qs q
velvet	crush-portfolio	e90d79341bb8ef510ec868623e74cfe98feaa4e8	e90d79341bb8ef510ec868623e74cfe98feaa4e8	leanprover/lean4:v4.32.2	1	Velvet/Examples/MemAlloc.lean	mem_alloc_correct	11	7320909626913503829	pass	-	13	-	q ≠ 0
velvet	crush-portfolio	e90d79341bb8ef510ec868623e74cfe98feaa4e8	e90d79341bb8ef510ec868623e74cfe98feaa4e8	leanprover/lean4:v4.32.2	1	Velvet/Examples/MemAlloc.lean	mem_alloc_correct	12	13680370559755953061	pass	-	15	-	¬(p ≠ 0 ∧ block_size p < size)
velvet	crush-portfolio	e90d79341bb8ef510ec868623e74cfe98feaa4e8	e90d79341bb8ef510ec868623e74cfe98feaa4e8	leanprover/lean4:v4.32.2	1	Velvet/Examples/MemAlloc.lean	mem_alloc_correct	13	5395433166570123997	pass	-	1230	-	distPath nextOld free_listOld Ps 0
velvet	crush-portfolio	e90d79341bb8ef510ec868623e74cfe98feaa4e8	e90d79341bb8ef510ec868623e74cfe98feaa4e8	leanprover/lean4:v4.32.2	1	Velvet/Examples/MemAlloc.lean	mem_alloc_correct	14	9725332222063365643	pass	-	189	-	∃ Qs, distPath nextOld free_listOld Qs (nextOld free_listOld) ∧ ∀ a ∈ Qs, block_size a < size
velvet	crush-portfolio	e90d79341bb8ef510ec868623e74cfe98feaa4e8	e90d79341bb8ef510ec868623e74cfe98feaa4e8	leanprover/lean4:v4.32.2	1	Velvet/Examples/MemAlloc.lean	mem_alloc_correct	15	400422252958227942	pass	-	30	-	∃ Qs, distPath nextOld free_listOld Qs free_listOld
velvet	crush-portfolio	e90d79341bb8ef510ec868623e74cfe98feaa4e8	e90d79341bb8ef510ec868623e74cfe98feaa4e8	leanprover/lean4:v4.32.2	1	Velvet/Examples/MemAlloc.lean	mem_alloc_correct	16	880346177993498408	pass	-	7	-	free_listOld ≠ 0
velvet	crush-portfolio	e90d79341bb8ef510ec868623e74cfe98feaa4e8	e90d79341bb8ef510ec868623e74cfe98feaa4e8	leanprover/lean4:v4.32.2	1	Velvet/Examples/MemAlloc.lean	mem_alloc_correct	17	15369885961681168000	fail	unknown	1253	crush: solver returned `unknown` (no reason given). Try increasing `crush.timeout` or adding hypotheses.	∀ (b : addr),   List.find? (fun x => decide (block_size x ≥ size)) Ps = some b →     i = b ∧ distPath (Function.update nextOld q_1 (nextOld i)) free_listOld (Ps.erase b) 0
velvet	crush-portfolio	e90d79341bb8ef510ec868623e74cfe98feaa4e8	e90d79341bb8ef510ec868623e74cfe98feaa4e8	leanprover/lean4:v4.32.2	1	Velvet/Examples/MemAlloc.lean	mem_alloc_correct	18	633235845480694220	fail	unknown	1293	crush: solver returned `unknown` (no reason given). Try increasing `crush.timeout` or adding hypotheses.	∀ (b : addr),   List.find? (fun x => decide (block_size x ≥ size)) Ps = some b → 0 = b ∧ distPath nextOld free_listOld (Ps.erase b) 0
velvet	crush-portfolio	e90d79341bb8ef510ec868623e74cfe98feaa4e8	e90d79341bb8ef510ec868623e74cfe98feaa4e8	leanprover/lean4:v4.32.2	1	Velvet/Examples/Recursion.lean	simple_recursion_correct	1	9632926918213658529	pass	-	2	-	0 = x
velvet	crush-portfolio	e90d79341bb8ef510ec868623e74cfe98feaa4e8	e90d79341bb8ef510ec868623e74cfe98feaa4e8	leanprover/lean4:v4.32.2	1	Velvet/Examples/Recursion.lean	simple_recursion_correct	2	16321134497628070328	pass	-	921	-	x_1 + 1 = x
velvet	crush-portfolio	e90d79341bb8ef510ec868623e74cfe98feaa4e8	e90d79341bb8ef510ec868623e74cfe98feaa4e8	leanprover/lean4:v4.32.2	1	Velvet/Examples/Recursion.lean	pickGreater_correct	3	15399959404188881270	pass	-	80	-	∃ h, h > inp + 200
velvet	crush-portfolio	e90d79341bb8ef510ec868623e74cfe98feaa4e8	e90d79341bb8ef510ec868623e74cfe98feaa4e8	leanprover/lean4:v4.32.2	1	Velvet/Examples/Recursion.lean	pickGreater_correct	4	6729724634728447689	pass	-	943	-	i > inp + 10
velvet	crush-portfolio	e90d79341bb8ef510ec868623e74cfe98feaa4e8	e90d79341bb8ef510ec868623e74cfe98feaa4e8	leanprover/lean4:v4.32.2	1	Velvet/Examples/Recursion.lean	pickGreaterN_correct	5	6331840417009367668	pass	-	579	-	0 ≥ n * 10
velvet	crush-portfolio	e90d79341bb8ef510ec868623e74cfe98feaa4e8	e90d79341bb8ef510ec868623e74cfe98feaa4e8	leanprover/lean4:v4.32.2	1	Velvet/Examples/Recursion.lean	pickGreaterN_correct	6	928177310960349346	pass	-	1694	-	x_1 ≥ n * 10
velvet	crush-portfolio	e90d79341bb8ef510ec868623e74cfe98feaa4e8	e90d79341bb8ef510ec868623e74cfe98feaa4e8	leanprover/lean4:v4.32.2	1	Velvet/Examples/Recursion.lean	calc_fact_correct	7	14502607232842720358	pass	-	763	-	fact n = 0
velvet	crush-portfolio	e90d79341bb8ef510ec868623e74cfe98feaa4e8	e90d79341bb8ef510ec868623e74cfe98feaa4e8	leanprover/lean4:v4.32.2	1	Velvet/Examples/Recursion.lean	calc_fact_correct	8	5360899794933563671	pass	-	5	-	i + 1 ≤ n
velvet	crush-portfolio	e90d79341bb8ef510ec868623e74cfe98feaa4e8	e90d79341bb8ef510ec868623e74cfe98feaa4e8	leanprover/lean4:v4.32.2	1	Velvet/Examples/Recursion.lean	calc_fact_correct	9	16083086069592683677	pass	-	712	-	(i + 1) * x = ans + x_1
velvet	crush-portfolio	e90d79341bb8ef510ec868623e74cfe98feaa4e8	e90d79341bb8ef510ec868623e74cfe98feaa4e8	leanprover/lean4:v4.32.2	1	Velvet/Examples/Recursion.lean	calc_fact_correct	10	17426933449823366573	pass	-	733	-	n - (i + 1) < n - i
velvet	crush-portfolio	e90d79341bb8ef510ec868623e74cfe98feaa4e8	e90d79341bb8ef510ec868623e74cfe98feaa4e8	leanprover/lean4:v4.32.2	1	Velvet/Examples/Recursion.lean	calc_fact_correct	11	8436330743851721663	pass	-	2	-	i ≤ n
velvet	crush-portfolio	e90d79341bb8ef510ec868623e74cfe98feaa4e8	e90d79341bb8ef510ec868623e74cfe98feaa4e8	leanprover/lean4:v4.32.2	1	Velvet/Examples/Recursion.lean	calc_fact_correct	12	5516634396000359850	pass	-	2	-	i * x = ans
velvet	crush-portfolio	e90d79341bb8ef510ec868623e74cfe98feaa4e8	e90d79341bb8ef510ec868623e74cfe98feaa4e8	leanprover/lean4:v4.32.2	1	Velvet/Examples/Recursion.lean	calc_fact_correct	13	3040060259141493307	pass	-	4	-	¬i < n
velvet	crush-portfolio	e90d79341bb8ef510ec868623e74cfe98feaa4e8	e90d79341bb8ef510ec868623e74cfe98feaa4e8	leanprover/lean4:v4.32.2	1	Velvet/Examples/Recursion.lean	calc_fact_correct	14	8843960039229350233	pass	-	701	-	0 ≤ n
velvet	crush-portfolio	e90d79341bb8ef510ec868623e74cfe98feaa4e8	e90d79341bb8ef510ec868623e74cfe98feaa4e8	leanprover/lean4:v4.32.2	1	Velvet/Examples/Recursion.lean	calc_fact_correct	15	414362943496193222	pass	-	626	-	0 * x = 0
velvet	crush-portfolio	e90d79341bb8ef510ec868623e74cfe98feaa4e8	e90d79341bb8ef510ec868623e74cfe98feaa4e8	leanprover/lean4:v4.32.2	1	Velvet/Examples/Recursion.lean	calc_fact_correct	16	17682712502848666117	pass	-	767	-	fact n = i_1
velvet	crush-portfolio	e90d79341bb8ef510ec868623e74cfe98feaa4e8	e90d79341bb8ef510ec868623e74cfe98feaa4e8	leanprover/lean4:v4.32.2	1	Velvet/Examples/Recursion.lean	SimpleOption_correct	17	10153057550358142642	pass	-	471	-	1 > 0
velvet	crush-portfolio	e90d79341bb8ef510ec868623e74cfe98feaa4e8	e90d79341bb8ef510ec868623e74cfe98feaa4e8	leanprover/lean4:v4.32.2	1	Velvet/Examples/Recursion.lean	SimpleOption_correct	18	1511426402368662420	pass	-	691	-	val✝ + 2 > 0
velvet	crush-portfolio	e90d79341bb8ef510ec868623e74cfe98feaa4e8	e90d79341bb8ef510ec868623e74cfe98feaa4e8	leanprover/lean4:v4.32.2	1	Velvet/Examples/Recursion.lean	SimpleList_correct	19	12303175613740643342	pass	-	461	-	x + i > 0
velvet	crush-portfolio	e90d79341bb8ef510ec868623e74cfe98feaa4e8	e90d79341bb8ef510ec868623e74cfe98feaa4e8	leanprover/lean4:v4.32.2	1	Velvet/Examples/Recursion.lean	SimpleList_correct	20	10153057550358142642	pass	-	516	-	1 > 0
velvet	crush-portfolio	e90d79341bb8ef510ec868623e74cfe98feaa4e8	e90d79341bb8ef510ec868623e74cfe98feaa4e8	leanprover/lean4:v4.32.2	1	Velvet/Examples/Recursion.lean	insertTree_correct	21	419217539048902517	pass	-	421	-	∀ (x : ℕ), x = elem ∨ contains (mt1.Leaf a✝) x ↔ contains (mt1.Leaf a✝) x
velvet	crush-portfolio	e90d79341bb8ef510ec868623e74cfe98feaa4e8	e90d79341bb8ef510ec868623e74cfe98feaa4e8	leanprover/lean4:v4.32.2	1	Velvet/Examples/Recursion.lean	insertTree_correct	22	785945476856620183	pass	-	1	-	contains (mt1.Leaf a✝) elem
velvet	crush-portfolio	e90d79341bb8ef510ec868623e74cfe98feaa4e8	e90d79341bb8ef510ec868623e74cfe98feaa4e8	leanprover/lean4:v4.32.2	1	Velvet/Examples/Recursion.lean	insertTree_correct	23	14100858011260313832	pass	-	504	-	∀ (x : ℕ), x = elem ∨ contains (mt1.Leaf a✝) x ↔ contains ((mt1.Leaf a✝).Node mt1.Empty elem) x
velvet	crush-portfolio	e90d79341bb8ef510ec868623e74cfe98feaa4e8	e90d79341bb8ef510ec868623e74cfe98feaa4e8	leanprover/lean4:v4.32.2	1	Velvet/Examples/Recursion.lean	insertTree_correct	24	5439148242694091386	pass	-	425	-	(∀ (x : ℕ), contains (mt1.Leaf a✝) x → x < elem) ∧ ∀ (x : ℕ), contains mt1.Empty x → x > elem
velvet	crush-portfolio	e90d79341bb8ef510ec868623e74cfe98feaa4e8	e90d79341bb8ef510ec868623e74cfe98feaa4e8	leanprover/lean4:v4.32.2	1	Velvet/Examples/Recursion.lean	insertTree_correct	25	13358020527010658417	pass	-	489	-	contains ((mt1.Leaf a✝).Node mt1.Empty elem) elem
velvet	crush-portfolio	e90d79341bb8ef510ec868623e74cfe98feaa4e8	e90d79341bb8ef510ec868623e74cfe98feaa4e8	leanprover/lean4:v4.32.2	1	Velvet/Examples/Recursion.lean	insertTree_correct	26	8603391761408256204	pass	-	417	-	∀ (x : ℕ), x = elem ∨ contains (mt1.Leaf a✝) x ↔ contains (mt1.Empty.Node (mt1.Leaf a✝) elem) x
velvet	crush-portfolio	e90d79341bb8ef510ec868623e74cfe98feaa4e8	e90d79341bb8ef510ec868623e74cfe98feaa4e8	leanprover/lean4:v4.32.2	1	Velvet/Examples/Recursion.lean	insertTree_correct	27	403261720200322615	pass	-	520	-	(∀ (x : ℕ), contains mt1.Empty x → x < elem) ∧ ∀ (x : ℕ), contains (mt1.Leaf a✝) x → x > elem
velvet	crush-portfolio	e90d79341bb8ef510ec868623e74cfe98feaa4e8	e90d79341bb8ef510ec868623e74cfe98feaa4e8	leanprover/lean4:v4.32.2	1	Velvet/Examples/Recursion.lean	insertTree_correct	28	13334821868243949956	pass	-	410	-	contains (mt1.Empty.Node (mt1.Leaf a✝) elem) elem
velvet	crush-portfolio	e90d79341bb8ef510ec868623e74cfe98feaa4e8	e90d79341bb8ef510ec868623e74cfe98feaa4e8	leanprover/lean4:v4.32.2	1	Velvet/Examples/Recursion.lean	insertTree_correct	29	10034441991535992553	pass	-	485	-	∀ (x : ℕ), x = elem ∨ contains mt1.Empty x ↔ contains (mt1.Leaf elem) x
velvet	crush-portfolio	e90d79341bb8ef510ec868623e74cfe98feaa4e8	e90d79341bb8ef510ec868623e74cfe98feaa4e8	leanprover/lean4:v4.32.2	1	Velvet/Examples/Recursion.lean	insertTree_correct	30	8410732340261024813	pass	-	445	-	∀ (x : ℕ), x = elem ∨ contains (a✝².Node a✝¹ a✝) x ↔ contains (a✝².Node a✝¹ a✝) x
velvet	crush-portfolio	e90d79341bb8ef510ec868623e74cfe98feaa4e8	e90d79341bb8ef510ec868623e74cfe98feaa4e8	leanprover/lean4:v4.32.2	1	Velvet/Examples/Recursion.lean	insertTree_correct	31	13887296291903300382	pass	-	532	-	ordered_tree (a✝².Node a✝¹ a✝)
velvet	crush-portfolio	e90d79341bb8ef510ec868623e74cfe98feaa4e8	e90d79341bb8ef510ec868623e74cfe98feaa4e8	leanprover/lean4:v4.32.2	1	Velvet/Examples/Recursion.lean	insertTree_correct	32	6517665507579609563	pass	-	452	-	contains (a✝².Node a✝¹ a✝) elem
velvet	crush-portfolio	e90d79341bb8ef510ec868623e74cfe98feaa4e8	e90d79341bb8ef510ec868623e74cfe98feaa4e8	leanprover/lean4:v4.32.2	1	Velvet/Examples/Recursion.lean	insertTree_correct	33	1926823926199498616	pass	-	4	-	ordered_tree a✝¹
velvet	crush-portfolio	e90d79341bb8ef510ec868623e74cfe98feaa4e8	e90d79341bb8ef510ec868623e74cfe98feaa4e8	leanprover/lean4:v4.32.2	1	Velvet/Examples/Recursion.lean	insertTree_correct	34	4691160922418792609	pass	-	540	-	∀ (x_1 : ℕ), x_1 = elem ∨ contains (a✝².Node a✝¹ a✝) x_1 ↔ contains (a✝².Node x a✝) x_1
velvet	crush-portfolio	e90d79341bb8ef510ec868623e74cfe98feaa4e8	e90d79341bb8ef510ec868623e74cfe98feaa4e8	leanprover/lean4:v4.32.2	1	Velvet/Examples/Recursion.lean	insertTree_correct	35	5459752633259142580	pass	-	481	-	ordered_tree (a✝².Node x a✝)
velvet	crush-portfolio	e90d79341bb8ef510ec868623e74cfe98feaa4e8	e90d79341bb8ef510ec868623e74cfe98feaa4e8	leanprover/lean4:v4.32.2	1	Velvet/Examples/Recursion.lean	insertTree_correct	36	14235806948139691359	pass	-	510	-	contains (a✝².Node x a✝) elem
velvet	crush-portfolio	e90d79341bb8ef510ec868623e74cfe98feaa4e8	e90d79341bb8ef510ec868623e74cfe98feaa4e8	leanprover/lean4:v4.32.2	1	Velvet/Examples/Recursion.lean	insertTree_correct	37	275146994291977655	pass	-	5	-	ordered_tree a✝²
velvet	crush-portfolio	e90d79341bb8ef510ec868623e74cfe98feaa4e8	e90d79341bb8ef510ec868623e74cfe98feaa4e8	leanprover/lean4:v4.32.2	1	Velvet/Examples/Recursion.lean	insertTree_correct	38	7037529583856086989	pass	-	459	-	∀ (x_1 : ℕ), x_1 = elem ∨ contains (a✝².Node a✝¹ a✝) x_1 ↔ contains (x.Node a✝¹ a✝) x_1
velvet	crush-portfolio	e90d79341bb8ef510ec868623e74cfe98feaa4e8	e90d79341bb8ef510ec868623e74cfe98feaa4e8	leanprover/lean4:v4.32.2	1	Velvet/Examples/Recursion.lean	insertTree_correct	39	5348143843544294657	pass	-	563	-	ordered_tree (x.Node a✝¹ a✝)
velvet	crush-portfolio	e90d79341bb8ef510ec868623e74cfe98feaa4e8	e90d79341bb8ef510ec868623e74cfe98feaa4e8	leanprover/lean4:v4.32.2	1	Velvet/Examples/Recursion.lean	insertTree_correct	40	11865403806314311412	pass	-	462	-	contains (x.Node a✝¹ a✝) elem
velvet	crush-portfolio	e90d79341bb8ef510ec868623e74cfe98feaa4e8	e90d79341bb8ef510ec868623e74cfe98feaa4e8	leanprover/lean4:v4.32.2	1	Velvet/Examples/Recursion.lean	complex_measure_binsearch_correct	41	4528940613904177901	fail	timeout	10888	crush: solver returned `unknown` (solver exited without a verdict: cvc5 interrupted by timeout.). Try increasing `crush.timeout` or adding hypotheses.	x ≤ (l + 1) * (l + 1)
velvet	crush-portfolio	e90d79341bb8ef510ec868623e74cfe98feaa4e8	e90d79341bb8ef510ec868623e74cfe98feaa4e8	leanprover/lean4:v4.32.2	1	Velvet/Examples/Recursion.lean	complex_measure_binsearch_correct	42	4049183095434299843	pass	-	2	-	l * l ≤ x
velvet	crush-portfolio	e90d79341bb8ef510ec868623e74cfe98feaa4e8	e90d79341bb8ef510ec868623e74cfe98feaa4e8	leanprover/lean4:v4.32.2	1	Velvet/Examples/Recursion.lean	complex_measure_binsearch_correct	43	7275559839122250210	pass	-	2	-	x < r * r
velvet	crush-portfolio	e90d79341bb8ef510ec868623e74cfe98feaa4e8	e90d79341bb8ef510ec868623e74cfe98feaa4e8	leanprover/lean4:v4.32.2	1	Velvet/Examples/Recursion.lean	complex_measure_binsearch_correct	44	7360868690920052366	pass	-	2	-	(l + (r - l) / 2) * (l + (r - l) / 2) ≤ x
velvet	crush-portfolio	e90d79341bb8ef510ec868623e74cfe98feaa4e8	e90d79341bb8ef510ec868623e74cfe98feaa4e8	leanprover/lean4:v4.32.2	1	Velvet/Examples/Recursion.lean	complex_measure_binsearch_correct	45	4851910658932930142	pass	-	3	-	x ≤ (x_1 + 1) * (x_1 + 1)
velvet	crush-portfolio	e90d79341bb8ef510ec868623e74cfe98feaa4e8	e90d79341bb8ef510ec868623e74cfe98feaa4e8	leanprover/lean4:v4.32.2	1	Velvet/Examples/Recursion.lean	complex_measure_binsearch_correct	46	7656706852135243209	pass	-	3	-	x_1 * x_1 ≤ x
velvet	crush-portfolio	e90d79341bb8ef510ec868623e74cfe98feaa4e8	e90d79341bb8ef510ec868623e74cfe98feaa4e8	leanprover/lean4:v4.32.2	1	Velvet/Examples/Recursion.lean	complex_measure_binsearch_correct	47	9897963110172432531	pass	-	1130	-	x < (l + (r - l) / 2) * (l + (r - l) / 2)
velvet	crush-portfolio	e90d79341bb8ef510ec868623e74cfe98feaa4e8	e90d79341bb8ef510ec868623e74cfe98feaa4e8	leanprover/lean4:v4.32.2	1	Velvet/Examples/Recursion.lean	complex_measure_binsearch_correct	48	4049183095434299843	pass	-	3	-	l * l ≤ x
velvet	crush-portfolio	e90d79341bb8ef510ec868623e74cfe98feaa4e8	e90d79341bb8ef510ec868623e74cfe98feaa4e8	leanprover/lean4:v4.32.2	1	Velvet/Examples/Recursion.lean	complex_measure_binsearch_correct	49	4851910658932930142	pass	-	3	-	x ≤ (x_1 + 1) * (x_1 + 1)
velvet	crush-portfolio	e90d79341bb8ef510ec868623e74cfe98feaa4e8	e90d79341bb8ef510ec868623e74cfe98feaa4e8	leanprover/lean4:v4.32.2	1	Velvet/Examples/Recursion.lean	complex_measure_binsearch_correct	50	7656706852135243209	pass	-	2	-	x_1 * x_1 ≤ x
velvet	crush-portfolio	e90d79341bb8ef510ec868623e74cfe98feaa4e8	e90d79341bb8ef510ec868623e74cfe98feaa4e8	leanprover/lean4:v4.32.2	1	Velvet/Examples/Recursion.lean	pow2_correct	51	5804668677648722939	pass	-	530	-	2 ^ n = 1
velvet	crush-portfolio	e90d79341bb8ef510ec868623e74cfe98feaa4e8	e90d79341bb8ef510ec868623e74cfe98feaa4e8	leanprover/lean4:v4.32.2	1	Velvet/Examples/Recursion.lean	pow2_correct	52	5360899794933563671	pass	-	5	-	i + 1 ≤ n
velvet	crush-portfolio	e90d79341bb8ef510ec868623e74cfe98feaa4e8	e90d79341bb8ef510ec868623e74cfe98feaa4e8	leanprover/lean4:v4.32.2	1	Velvet/Examples/Recursion.lean	pow2_correct	53	2669204144888843361	pass	-	498	-	2 ^ (i + 1) = ans + x
velvet	crush-portfolio	e90d79341bb8ef510ec868623e74cfe98feaa4e8	e90d79341bb8ef510ec868623e74cfe98feaa4e8	leanprover/lean4:v4.32.2	1	Velvet/Examples/Recursion.lean	pow2_correct	54	17426933449823366573	pass	-	566	-	n - (i + 1) < n - i
velvet	crush-portfolio	e90d79341bb8ef510ec868623e74cfe98feaa4e8	e90d79341bb8ef510ec868623e74cfe98feaa4e8	leanprover/lean4:v4.32.2	1	Velvet/Examples/Recursion.lean	pow2_correct	55	8436330743851721663	pass	-	2	-	i ≤ n
velvet	crush-portfolio	e90d79341bb8ef510ec868623e74cfe98feaa4e8	e90d79341bb8ef510ec868623e74cfe98feaa4e8	leanprover/lean4:v4.32.2	1	Velvet/Examples/Recursion.lean	pow2_correct	56	50664709297785488	pass	-	1	-	2 ^ i = ans
velvet	crush-portfolio	e90d79341bb8ef510ec868623e74cfe98feaa4e8	e90d79341bb8ef510ec868623e74cfe98feaa4e8	leanprover/lean4:v4.32.2	1	Velvet/Examples/Recursion.lean	pow2_correct	57	3040060259141493307	pass	-	4	-	¬i < n
velvet	crush-portfolio	e90d79341bb8ef510ec868623e74cfe98feaa4e8	e90d79341bb8ef510ec868623e74cfe98feaa4e8	leanprover/lean4:v4.32.2	1	Velvet/Examples/Recursion.lean	pow2_correct	58	8843960039229350233	pass	-	493	-	0 ≤ n
velvet	crush-portfolio	e90d79341bb8ef510ec868623e74cfe98feaa4e8	e90d79341bb8ef510ec868623e74cfe98feaa4e8	leanprover/lean4:v4.32.2	1	Velvet/Examples/Recursion.lean	pow2_correct	59	11033618788013063028	pass	-	3	-	2 ^ 0 = 1
velvet	crush-portfolio	e90d79341bb8ef510ec868623e74cfe98feaa4e8	e90d79341bb8ef510ec868623e74cfe98feaa4e8	leanprover/lean4:v4.32.2	1	Velvet/Examples/Recursion.lean	pow2_correct	60	12960500676855313787	pass	-	500	-	2 ^ n = i_1
velvet	crush-portfolio	e90d79341bb8ef510ec868623e74cfe98feaa4e8	e90d79341bb8ef510ec868623e74cfe98feaa4e8	leanprover/lean4:v4.32.2	1	Velvet/Examples/SmallHeartBeats.lean	LeftmostMaximalDigit_correct	1	15016508801900672495	fail	timeout	5506	crush: solver returned `unknown` (solver exited without a verdict: cvc5 interrupted by timeout.). Try increasing `crush.timeout` or adding hypotheses.	∀ (pos len : ℕ),   len > 0 →     pos + len ≤ i + 1 →       (∀ j < len, isDigit input[pos + j]! = true) →         pos = 0 ∨ ¬isDigit input[pos - 1]! = true →           pos + len = i + 1 ∨ pos + len < i + 1 ∧ ¬isDigit input[pos + len]! = true → len ≤ bestLen
velvet	crush-portfolio	e90d79341bb8ef510ec868623e74cfe98feaa4e8	e90d79341bb8ef510ec868623e74cfe98feaa4e8	leanprover/lean4:v4.32.2	1	Velvet/Examples/SmallHeartBeats.lean	LeftmostMaximalDigit_correct	2	15016508801900672495	fail	timeout	5492	crush: solver returned `unknown` (solver exited without a verdict: cvc5 interrupted by timeout.). Try increasing `crush.timeout` or adding hypotheses.	∀ (pos len : ℕ),   len > 0 →     pos + len ≤ i + 1 →       (∀ j < len, isDigit input[pos + j]! = true) →         pos = 0 ∨ ¬isDigit input[pos - 1]! = true →           pos + len = i + 1 ∨ pos + len < i + 1 ∧ ¬isDigit input[pos + len]! = true → len ≤ bestLen
velvet	crush-portfolio	e90d79341bb8ef510ec868623e74cfe98feaa4e8	e90d79341bb8ef510ec868623e74cfe98feaa4e8	leanprover/lean4:v4.32.2	1	Velvet/Examples/SmallHeartBeats.lean	LeftmostMaximalDigit_correct	3	2028202278093280602	fail	reconstruction	23227	"crush: solver reported `unsat`, but reconstruction failed — no finishing tactic could replay it from the core ([hyp invariant_1,  hyp if_pos,  hyp if_neg,  hyp if_pos_2,  hyp a._@._internal.0._stdin.1362229089._hygCtx._hyg.2667,  hyp a._@._internal.0._stdin.1362229089._hygCtx._hyg.2668,  hyp a._@._internal.0._stdin.1362229089._hygCtx._hyg.2669,  hyp a._@._internal.0._stdin.1362229089._hygCtx._hyg.2670,  hyp a._@._internal.0._stdin.1362229089._hygCtx._hyg.2671,  negated goal]). SMT core assertions:   - hyp invariant_1: ∀ (pos len : ℕ),     0 < len →       pos + len ≤ i →         (∀ j < len, isDigit input[pos + j]! = true) →           pos = 0 ∨ ¬isDigit input[pos - 1]! = true →             pos + len = i ∨ pos + len < i ∧ ¬isDigit input[pos + len]! = true → len ≤ bestLen   - hyp if_pos: i < input.size   - hyp if_neg: ¬isDigit input[i]! = true   - hyp if_pos_2: bestLen < currentLen   - hyp a._@._internal.0._stdin.1362229089._hygCtx._hyg.2667: 0 < len✝   - hyp a._@._internal.0._stdin.1362229089._hygCtx._hyg.2668: pos✝ + len✝ ≤ i + 1   - hyp a._@._internal.0._stdin.1362229089._hygCtx._hyg.2669: ∀ j < len✝, isDigit input[pos✝ + j]! = true   - hyp a._@._internal.0._stdin.1362229089._hygCtx._hyg.2670: pos✝ = 0 ∨ ¬isDigit input[pos✝ - 1]! = true   - hyp a._@._internal.0._stdin.1362229089._hygCtx._hyg.2671: pos✝ + len✝ = i + 1 ∨     pos✝ + len✝ < i + 1 ∧ ¬isDigit input[pos✝ + len✝]! = true   - negated goal: ¬len✝ ≤ currentLen Lean facts supplied to reconstruction:   - ∀ (pos len : ℕ),     0 < len →       pos + len ≤ i →         (∀ j < len, isDigit input[pos + j]! = true) →           pos = 0 ∨ ¬isDigit input[pos - 1]! = true →             pos + len = i ∨ pos + len < i ∧ ¬isDigit input[pos + len]! = true → len ≤ bestLen   - i < input.size   - ¬isDigit input[i]! = true   - bestLen < currentLen   - 0 < len✝   - pos✝ + len✝ ≤ i + 1   - ∀ j < len✝, isDigit input[pos✝ + j]! = true   - pos✝ = 0 ∨ ¬isDigit input[pos✝ - 1]! = true   - pos✝ + len✝ = i + 1 ∨ pos✝ + len✝ < i + 1 ∧ ¬isDigit input[pos✝ + len✝]! = true Explicit reconstruction hints:   (none) Other selected facts outside the core:   - hyp if_pos_1: inDigitSubstring = true Candidate library lemmas (best effort):   - getElem!_pos   - WPGen.mk.congr_simp   - lemma_2   - _private._stdin.0.PartialCorrectness.DemonicChoice.MonadNonDet.wp_forIn.match_1.eq_2   - Array.getElem!_toList   - _private._stdin.0.LeftmostMaximalDigit.match_1.eq_1 Add reconstruction-only facts with `crush ... with [lemma, h]`, or provide a checked finisher with `crush ... using (simp_all [definitions]; omega)`. Enable `trace.crush.reconstruct` for failed proof-search steps, or set `crush.trust` to ""reconstructOrTrust"" to accept the solver's verdict anyway."	∀ (pos len : ℕ),   len > 0 →     pos + len ≤ i + 1 →       (∀ j < len, isDigit input[pos + j]! = true) →         pos = 0 ∨ ¬isDigit input[pos - 1]! = true →           pos + len = i + 1 ∨ pos + len < i + 1 ∧ ¬isDigit input[pos + len]! = true → len ≤ currentLen
velvet	crush-portfolio	e90d79341bb8ef510ec868623e74cfe98feaa4e8	e90d79341bb8ef510ec868623e74cfe98feaa4e8	leanprover/lean4:v4.32.2	1	Velvet/Examples/SmallHeartBeats.lean	LeftmostMaximalDigit_correct	4	15016508801900672495	fail	reconstruction	21678	"crush: solver reported `unsat`, but reconstruction failed — no finishing tactic could replay it from the core ([hyp invariant_1,  hyp if_pos,  hyp if_neg,  hyp a._@._internal.0._stdin.1362229089._hygCtx._hyg.3665,  hyp a._@._internal.0._stdin.1362229089._hygCtx._hyg.3666,  hyp a._@._internal.0._stdin.1362229089._hygCtx._hyg.3667,  hyp a._@._internal.0._stdin.1362229089._hygCtx._hyg.3668,  hyp a._@._internal.0._stdin.1362229089._hygCtx._hyg.3669,  negated goal]). SMT core assertions:   - hyp invariant_1: ∀ (pos len : ℕ),     0 < len →       pos + len ≤ i →         (∀ j < len, isDigit input[pos + j]! = true) →           pos = 0 ∨ ¬isDigit input[pos - 1]! = true →             pos + len = i ∨ pos + len < i ∧ ¬isDigit input[pos + len]! = true → len ≤ bestLen   - hyp if_pos: i < input.size   - hyp if_neg: ¬isDigit input[i]! = true   - hyp a._@._internal.0._stdin.1362229089._hygCtx._hyg.3665: 0 < len✝   - hyp a._@._internal.0._stdin.1362229089._hygCtx._hyg.3666: pos✝ + len✝ ≤ i + 1   - hyp a._@._internal.0._stdin.1362229089._hygCtx._hyg.3667: ∀ j < len✝, isDigit input[pos✝ + j]! = true   - hyp a._@._internal.0._stdin.1362229089._hygCtx._hyg.3668: pos✝ = 0 ∨ ¬isDigit input[pos✝ - 1]! = true   - hyp a._@._internal.0._stdin.1362229089._hygCtx._hyg.3669: pos✝ + len✝ = i + 1 ∨     pos✝ + len✝ < i + 1 ∧ ¬isDigit input[pos✝ + len✝]! = true   - negated goal: ¬len✝ ≤ bestLen Lean facts supplied to reconstruction:   - ∀ (pos len : ℕ),     0 < len →       pos + len ≤ i →         (∀ j < len, isDigit input[pos + j]! = true) →           pos = 0 ∨ ¬isDigit input[pos - 1]! = true →             pos + len = i ∨ pos + len < i ∧ ¬isDigit input[pos + len]! = true → len ≤ bestLen   - i < input.size   - ¬isDigit input[i]! = true   - 0 < len✝   - pos✝ + len✝ ≤ i + 1   - ∀ j < len✝, isDigit input[pos✝ + j]! = true   - pos✝ = 0 ∨ ¬isDigit input[pos✝ - 1]! = true   - pos✝ + len✝ = i + 1 ∨ pos✝ + len✝ < i + 1 ∧ ¬isDigit input[pos✝ + len✝]! = true Explicit reconstruction hints:   (none) Other selected facts outside the core:   - hyp if_pos_1: inDigitSubstring = true   - hyp if_neg_1: ¬bestLen < currentLen Candidate library lemmas (best effort):   - getElem!_pos   - WPGen.mk.congr_simp   - lemma_2   - _private._stdin.0.PartialCorrectness.DemonicChoice.MonadNonDet.wp_forIn.match_1.eq_2   - Array.getElem!_toList   - _private._stdin.0.LeftmostMaximalDigit.match_1.eq_1 Add reconstruction-only facts with `crush ... with [lemma, h]`, or provide a checked finisher with `crush ... using (simp_all [definitions]; omega)`. Enable `trace.crush.reconstruct` for failed proof-search steps, or set `crush.trust` to ""reconstructOrTrust"" to accept the solver's verdict anyway."	∀ (pos len : ℕ),   len > 0 →     pos + len ≤ i + 1 →       (∀ j < len, isDigit input[pos + j]! = true) →         pos = 0 ∨ ¬isDigit input[pos - 1]! = true →           pos + len = i + 1 ∨ pos + len < i + 1 ∧ ¬isDigit input[pos + len]! = true → len ≤ bestLen
velvet	crush-portfolio	e90d79341bb8ef510ec868623e74cfe98feaa4e8	e90d79341bb8ef510ec868623e74cfe98feaa4e8	leanprover/lean4:v4.32.2	1	Velvet/Examples/SmallHeartBeats.lean	LeftmostMaximalDigit_correct	5	15016508801900672495	fail	reconstruction	21613	"crush: solver reported `unsat`, but reconstruction failed — no finishing tactic could replay it from the core ([hyp invariant_1,  hyp if_pos,  hyp if_neg,  hyp a._@._internal.0._stdin.1362229089._hygCtx._hyg.4699,  hyp a._@._internal.0._stdin.1362229089._hygCtx._hyg.4700,  hyp a._@._internal.0._stdin.1362229089._hygCtx._hyg.4701,  hyp a._@._internal.0._stdin.1362229089._hygCtx._hyg.4702,  hyp a._@._internal.0._stdin.1362229089._hygCtx._hyg.4703,  negated goal]). SMT core assertions:   - hyp invariant_1: ∀ (pos len : ℕ),     0 < len →       pos + len ≤ i →         (∀ j < len, isDigit input[pos + j]! = true) →           pos = 0 ∨ ¬isDigit input[pos - 1]! = true →             pos + len = i ∨ pos + len < i ∧ ¬isDigit input[pos + len]! = true → len ≤ bestLen   - hyp if_pos: i < input.size   - hyp if_neg: ¬isDigit input[i]! = true   - hyp a._@._internal.0._stdin.1362229089._hygCtx._hyg.4699: 0 < len✝   - hyp a._@._internal.0._stdin.1362229089._hygCtx._hyg.4700: pos✝ + len✝ ≤ i + 1   - hyp a._@._internal.0._stdin.1362229089._hygCtx._hyg.4701: ∀ j < len✝, isDigit input[pos✝ + j]! = true   - hyp a._@._internal.0._stdin.1362229089._hygCtx._hyg.4702: pos✝ = 0 ∨ ¬isDigit input[pos✝ - 1]! = true   - hyp a._@._internal.0._stdin.1362229089._hygCtx._hyg.4703: pos✝ + len✝ = i + 1 ∨     pos✝ + len✝ < i + 1 ∧ ¬isDigit input[pos✝ + len✝]! = true   - negated goal: ¬len✝ ≤ bestLen Lean facts supplied to reconstruction:   - ∀ (pos len : ℕ),     0 < len →       pos + len ≤ i →         (∀ j < len, isDigit input[pos + j]! = true) →           pos = 0 ∨ ¬isDigit input[pos - 1]! = true →             pos + len = i ∨ pos + len < i ∧ ¬isDigit input[pos + len]! = true → len ≤ bestLen   - i < input.size   - ¬isDigit input[i]! = true   - 0 < len✝   - pos✝ + len✝ ≤ i + 1   - ∀ j < len✝, isDigit input[pos✝ + j]! = true   - pos✝ = 0 ∨ ¬isDigit input[pos✝ - 1]! = true   - pos✝ + len✝ = i + 1 ∨ pos✝ + len✝ < i + 1 ∧ ¬isDigit input[pos✝ + len✝]! = true Explicit reconstruction hints:   (none) Other selected facts outside the core:   - hyp if_neg_1: ¬inDigitSubstring = true Candidate library lemmas (best effort):   - getElem!_pos   - WPGen.mk.congr_simp   - lemma_2   - _private._stdin.0.PartialCorrectness.DemonicChoice.MonadNonDet.wp_forIn.match_1.eq_2   - Array.getElem!_toList   - _private._stdin.0.LeftmostMaximalDigit.match_1.eq_1 Add reconstruction-only facts with `crush ... with [lemma, h]`, or provide a checked finisher with `crush ... using (simp_all [definitions]; omega)`. Enable `trace.crush.reconstruct` for failed proof-search steps, or set `crush.trust` to ""reconstructOrTrust"" to accept the solver's verdict anyway."	∀ (pos len : ℕ),   len > 0 →     pos + len ≤ i + 1 →       (∀ j < len, isDigit input[pos + j]! = true) →         pos = 0 ∨ ¬isDigit input[pos - 1]! = true →           pos + len = i + 1 ∨ pos + len < i + 1 ∧ ¬isDigit input[pos + len]! = true → len ≤ bestLen
velvet	crush-portfolio	e90d79341bb8ef510ec868623e74cfe98feaa4e8	e90d79341bb8ef510ec868623e74cfe98feaa4e8	leanprover/lean4:v4.32.2	1	Velvet/Examples/SmallHeartBeats.lean	LeftmostMaximalDigit_correct	6	3737123472131748703	fail	timeout	5490	crush: solver returned `unknown` (solver exited without a verdict: cvc5 interrupted by timeout.). Try increasing `crush.timeout` or adding hypotheses.	∀ (pos len : ℕ),   len > 0 →     pos + len ≤ i →       (∀ j < len, isDigit input[pos + j]! = true) →         pos = 0 ∨ ¬isDigit input[pos - 1]! = true →           pos + len = i ∨ pos + len < i ∧ ¬isDigit input[pos + len]! = true → len ≤ bestLen
velvet	crush-portfolio	e90d79341bb8ef510ec868623e74cfe98feaa4e8	e90d79341bb8ef510ec868623e74cfe98feaa4e8	leanprover/lean4:v4.32.2	1	Velvet/Examples/SmallHeartBeats.lean	LeftmostMaximalDigit_correct	7	7513237505621560861	pass	-	8	-	¬i < input.size
velvet	crush-portfolio	e90d79341bb8ef510ec868623e74cfe98feaa4e8	e90d79341bb8ef510ec868623e74cfe98feaa4e8	leanprover/lean4:v4.32.2	1	Velvet/Examples/SmallHeartBeats.lean	LeftmostMaximalDigit_correct	8	8096766621563827002	pass	-	512	-	∀ (pos len : ℕ),   len > 0 →     pos + len ≤ 0 →       (∀ j < len, isDigit input[pos + j]! = true) →         pos = 0 ∨ ¬isDigit input[pos - 1]! = true →           pos + len = 0 ∨ pos + len < 0 ∧ ¬isDigit input[pos + len]! = true → len ≤ 0
velvet	crush-portfolio	e90d79341bb8ef510ec868623e74cfe98feaa4e8	e90d79341bb8ef510ec868623e74cfe98feaa4e8	leanprover/lean4:v4.32.2	1	Velvet/Examples/SmallHeartBeats.lean	LeftmostMaximalDigit_correct	9	18343663110535115658	fail	timeout	5526	crush: solver returned `unknown` (solver exited without a verdict: cvc5 interrupted by timeout.). Try increasing `crush.timeout` or adding hypotheses.	(input.extract i_2 (i_2 + i_1)).size > 0 →   ∀ (pos : ℕ),     appearsAt input (input.extract i_2 (i_2 + i_1)) pos →       ∀ pos' < pos,         ¬(pos' + (input.extract i_2 (i_2 + i_1)).size ≤ input.size ∧             (∀ i < (input.extract i_2 (i_2 + i_1)).size, isDigit input[pos' + i]! = true) ∧               (pos' = 0 ∨ ¬isDigit input[pos' - 1]! = true) ∧                 (pos' + (input.extract i_2 (i_2 + i_1)).size = input.size ∨                   ¬isDigit input[pos' + (input.extract i_2 (i_2 + i_1)).size]! = true))
velvet	crush-portfolio	e90d79341bb8ef510ec868623e74cfe98feaa4e8	e90d79341bb8ef510ec868623e74cfe98feaa4e8	leanprover/lean4:v4.32.2	1	Velvet/Examples/SpMSpV_Example.lean	VSpV_correct	1	1967192165379400567	pass	-	4	-	(out.set! 0 (out[0]! + spv.val[ind]! * arr[spv.ind[ind]!]!)).size = 1
velvet	crush-portfolio	e90d79341bb8ef510ec868623e74cfe98feaa4e8	e90d79341bb8ef510ec868623e74cfe98feaa4e8	leanprover/lean4:v4.32.2	1	Velvet/Examples/SpMSpV_Example.lean	VSpV_correct	2	8738685113314976701	pass	-	551	-	ind + 1 ≤ spv.size
velvet	crush-portfolio	e90d79341bb8ef510ec868623e74cfe98feaa4e8	e90d79341bb8ef510ec868623e74cfe98feaa4e8	leanprover/lean4:v4.32.2	1	Velvet/Examples/SpMSpV_Example.lean	VSpV_correct	3	3203096880704497577	pass	-	663	-	(out.set! 0 (out[0]! + spv.val[ind]! * arr[spv.ind[ind]!]!))[0]! = sumUpTo spv arr (ind + 1)
velvet	crush-portfolio	e90d79341bb8ef510ec868623e74cfe98feaa4e8	e90d79341bb8ef510ec868623e74cfe98feaa4e8	leanprover/lean4:v4.32.2	1	Velvet/Examples/SpMSpV_Example.lean	VSpV_correct	4	13561229236986007424	pass	-	2	-	out.size = 1
velvet	crush-portfolio	e90d79341bb8ef510ec868623e74cfe98feaa4e8	e90d79341bb8ef510ec868623e74cfe98feaa4e8	leanprover/lean4:v4.32.2	1	Velvet/Examples/SpMSpV_Example.lean	VSpV_correct	5	4023749508134620518	pass	-	2	-	ind ≤ spv.size
velvet	crush-portfolio	e90d79341bb8ef510ec868623e74cfe98feaa4e8	e90d79341bb8ef510ec868623e74cfe98feaa4e8	leanprover/lean4:v4.32.2	1	Velvet/Examples/SpMSpV_Example.lean	VSpV_correct	6	6516497319029947851	pass	-	2	-	out[0]! = sumUpTo spv arr ind
velvet	crush-portfolio	e90d79341bb8ef510ec868623e74cfe98feaa4e8	e90d79341bb8ef510ec868623e74cfe98feaa4e8	leanprover/lean4:v4.32.2	1	Velvet/Examples/SpMSpV_Example.lean	VSpV_correct	7	6511268073169614694	pass	-	524	-	ind = spv.size
velvet	crush-portfolio	e90d79341bb8ef510ec868623e74cfe98feaa4e8	e90d79341bb8ef510ec868623e74cfe98feaa4e8	leanprover/lean4:v4.32.2	1	Velvet/Examples/SpMSpV_Example.lean	VSpV_correct	8	3467184461832131134	pass	-	1	-	(Array.replicate 1 0).size = 1
velvet	crush-portfolio	e90d79341bb8ef510ec868623e74cfe98feaa4e8	e90d79341bb8ef510ec868623e74cfe98feaa4e8	leanprover/lean4:v4.32.2	1	Velvet/Examples/SpMSpV_Example.lean	VSpV_correct	9	975338514235632457	pass	-	508	-	0 ≤ spv.size
velvet	crush-portfolio	e90d79341bb8ef510ec868623e74cfe98feaa4e8	e90d79341bb8ef510ec868623e74cfe98feaa4e8	leanprover/lean4:v4.32.2	1	Velvet/Examples/SpMSpV_Example.lean	VSpV_correct	10	12341185047943028706	pass	-	590	-	(Array.replicate 1 0)[0]! = sumUpTo spv arr 0
velvet	crush-portfolio	e90d79341bb8ef510ec868623e74cfe98feaa4e8	e90d79341bb8ef510ec868623e74cfe98feaa4e8	leanprover/lean4:v4.32.2	1	Velvet/Examples/SpMSpV_Example.lean	VSpV_correct	11	17907350532264535304	pass	-	4	-	out_1[0]! = sumUpTo spv arr spv.size
velvet	crush-portfolio	e90d79341bb8ef510ec868623e74cfe98feaa4e8	e90d79341bb8ef510ec868623e74cfe98feaa4e8	leanprover/lean4:v4.32.2	1	Velvet/Examples/SpMSpV_Example.lean	VSpV_correct	12	6948348975417913427	pass	-	4	-	out_1.size = 1
velvet	crush-portfolio	e90d79341bb8ef510ec868623e74cfe98feaa4e8	e90d79341bb8ef510ec868623e74cfe98feaa4e8	leanprover/lean4:v4.32.2	1	Velvet/Examples/SpMSpV_Example.lean	spmv_correct	13	2560064229450187973	pass	-	9	-	(arrInd.set! i (arrInd[i]! + 1)).size = spm.size
velvet	crush-portfolio	e90d79341bb8ef510ec868623e74cfe98feaa4e8	e90d79341bb8ef510ec868623e74cfe98feaa4e8	leanprover/lean4:v4.32.2	1	Velvet/Examples/SpMSpV_Example.lean	spmv_correct	14	11268031057524734514	pass	-	8	-	(out.set! i (out[i]! + spm[i]!.val[arrInd[i]!]! * arr[spm[i]!.ind[arrInd[i]!]!]!)).size = spm.size
velvet	crush-portfolio	e90d79341bb8ef510ec868623e74cfe98feaa4e8	e90d79341bb8ef510ec868623e74cfe98feaa4e8	leanprover/lean4:v4.32.2	1	Velvet/Examples/SpMSpV_Example.lean	spmv_correct	15	10035930273513517515	pass	-	706	-	∀ i_1 < (arrInd.set! i (arrInd[i]! + 1)).size, (arrInd.set! i (arrInd[i]! + 1))[i_1]! ≤ spm[i_1]!.size
velvet	crush-portfolio	e90d79341bb8ef510ec868623e74cfe98feaa4e8	e90d79341bb8ef510ec868623e74cfe98feaa4e8	leanprover/lean4:v4.32.2	1	Velvet/Examples/SpMSpV_Example.lean	spmv_correct	16	4828757563640441921	pass	-	954	-	∀ i_1 < (arrInd.set! i (arrInd[i]! + 1)).size,   (out.set! i (out[i]! + spm[i]!.val[arrInd[i]!]! * arr[spm[i]!.ind[arrInd[i]!]!]!))[i_1]! =     sumUpTo spm[i_1]! arr (arrInd.set! i (arrInd[i]! + 1))[i_1]!
velvet	crush-portfolio	e90d79341bb8ef510ec868623e74cfe98feaa4e8	e90d79341bb8ef510ec868623e74cfe98feaa4e8	leanprover/lean4:v4.32.2	1	Velvet/Examples/SpMSpV_Example.lean	spmv_correct	17	11230331504797547582	pass	-	8	-	arrInd.size = spm.size
velvet	crush-portfolio	e90d79341bb8ef510ec868623e74cfe98feaa4e8	e90d79341bb8ef510ec868623e74cfe98feaa4e8	leanprover/lean4:v4.32.2	1	Velvet/Examples/SpMSpV_Example.lean	spmv_correct	18	17578923063843270768	pass	-	6	-	out.size = spm.size
velvet	crush-portfolio	e90d79341bb8ef510ec868623e74cfe98feaa4e8	e90d79341bb8ef510ec868623e74cfe98feaa4e8	leanprover/lean4:v4.32.2	1	Velvet/Examples/SpMSpV_Example.lean	spmv_correct	19	9723121325275610683	pass	-	560	-	∀ i < arrInd.size, arrInd[i]! ≤ spm[i]!.size
velvet	crush-portfolio	e90d79341bb8ef510ec868623e74cfe98feaa4e8	e90d79341bb8ef510ec868623e74cfe98feaa4e8	leanprover/lean4:v4.32.2	1	Velvet/Examples/SpMSpV_Example.lean	spmv_correct	20	17138153512408342530	pass	-	580	-	∀ i < arrInd.size, out[i]! = sumUpTo spm[i]! arr arrInd[i]!
velvet	crush-portfolio	e90d79341bb8ef510ec868623e74cfe98feaa4e8	e90d79341bb8ef510ec868623e74cfe98feaa4e8	leanprover/lean4:v4.32.2	1	Velvet/Examples/SpMSpV_Example.lean	spmv_correct	21	1779879977175361606	pass	-	591	-	∀ i < arrInd.size, arrInd[i]! = spm[i]!.size
velvet	crush-portfolio	e90d79341bb8ef510ec868623e74cfe98feaa4e8	e90d79341bb8ef510ec868623e74cfe98feaa4e8	leanprover/lean4:v4.32.2	1	Velvet/Examples/SpMSpV_Example.lean	spmv_correct	22	1927473323286999035	pass	-	0	-	(Array.replicate spm.size 0).size = spm.size
velvet	crush-portfolio	e90d79341bb8ef510ec868623e74cfe98feaa4e8	e90d79341bb8ef510ec868623e74cfe98feaa4e8	leanprover/lean4:v4.32.2	1	Velvet/Examples/SpMSpV_Example.lean	spmv_correct	23	1927473323286999035	pass	-	1	-	(Array.replicate spm.size 0).size = spm.size
velvet	crush-portfolio	e90d79341bb8ef510ec868623e74cfe98feaa4e8	e90d79341bb8ef510ec868623e74cfe98feaa4e8	leanprover/lean4:v4.32.2	1	Velvet/Examples/SpMSpV_Example.lean	spmv_correct	24	3184815126966959579	pass	-	565	-	∀ i < (Array.replicate spm.size 0).size, (Array.replicate spm.size 0)[i]! ≤ spm[i]!.size
velvet	crush-portfolio	e90d79341bb8ef510ec868623e74cfe98feaa4e8	e90d79341bb8ef510ec868623e74cfe98feaa4e8	leanprover/lean4:v4.32.2	1	Velvet/Examples/SpMSpV_Example.lean	spmv_correct	25	1119395027554635835	pass	-	620	-	∀ i < (Array.replicate spm.size 0).size,   (Array.replicate spm.size 0)[i]! = sumUpTo spm[i]! arr (Array.replicate spm.size 0)[i]!
velvet	crush-portfolio	e90d79341bb8ef510ec868623e74cfe98feaa4e8	e90d79341bb8ef510ec868623e74cfe98feaa4e8	leanprover/lean4:v4.32.2	1	Velvet/Examples/SpMSpV_Example.lean	spmv_correct	26	2867453267844152322	pass	-	674	-	∀ i < spm.size, out_1[i]! = sumUpTo spm[i]! arr spm[i]!.size
velvet	crush-portfolio	e90d79341bb8ef510ec868623e74cfe98feaa4e8	e90d79341bb8ef510ec868623e74cfe98feaa4e8	leanprover/lean4:v4.32.2	1	Velvet/Examples/SpMSpV_Example.lean	spmv_correct	27	16615537408723427288	pass	-	9	-	spm.size = out_1.size
velvet	crush-portfolio	e90d79341bb8ef510ec868623e74cfe98feaa4e8	e90d79341bb8ef510ec868623e74cfe98feaa4e8	leanprover/lean4:v4.32.2	1	Velvet/Examples/SpMSpV_Example.lean	SpVSpV_correct	28	7752079179715214779	pass	-	5	-	(out.set! 0 (out[0]! + spv1.val[pnt1]! * spv2.val[pnt2]!)).size = 1
velvet	crush-portfolio	e90d79341bb8ef510ec868623e74cfe98feaa4e8	e90d79341bb8ef510ec868623e74cfe98feaa4e8	leanprover/lean4:v4.32.2	1	Velvet/Examples/SpMSpV_Example.lean	SpVSpV_correct	29	12365816836206760017	pass	-	648	-	pnt1 + 1 ≤ spv1.size ∧ pnt2 + 1 ≤ spv2.size
velvet	crush-portfolio	e90d79341bb8ef510ec868623e74cfe98feaa4e8	e90d79341bb8ef510ec868623e74cfe98feaa4e8	leanprover/lean4:v4.32.2	1	Velvet/Examples/SpMSpV_Example.lean	SpVSpV_correct	30	14837198768818932204	pass	-	914	-	(out.set! 0 (out[0]! + spv1.val[pnt1]! * spv2.val[pnt2]!))[0]! + spv_dot spv1 spv2 (pnt1 + 1) (pnt2 + 1) =   spv_dot spv1 spv2 0 0
velvet	crush-portfolio	e90d79341bb8ef510ec868623e74cfe98feaa4e8	e90d79341bb8ef510ec868623e74cfe98feaa4e8	leanprover/lean4:v4.32.2	1	Velvet/Examples/SpMSpV_Example.lean	SpVSpV_correct	31	13561229236986007424	pass	-	5	-	out.size = 1
velvet	crush-portfolio	e90d79341bb8ef510ec868623e74cfe98feaa4e8	e90d79341bb8ef510ec868623e74cfe98feaa4e8	leanprover/lean4:v4.32.2	1	Velvet/Examples/SpMSpV_Example.lean	SpVSpV_correct	32	15323100967004739210	pass	-	667	-	pnt1 + 1 ≤ spv1.size ∧ pnt2 ≤ spv2.size
velvet	crush-portfolio	e90d79341bb8ef510ec868623e74cfe98feaa4e8	e90d79341bb8ef510ec868623e74cfe98feaa4e8	leanprover/lean4:v4.32.2	1	Velvet/Examples/SpMSpV_Example.lean	SpVSpV_correct	33	10656169208955874266	pass	-	741	-	out[0]! + spv_dot spv1 spv2 (pnt1 + 1) pnt2 = spv_dot spv1 spv2 0 0
velvet	crush-portfolio	e90d79341bb8ef510ec868623e74cfe98feaa4e8	e90d79341bb8ef510ec868623e74cfe98feaa4e8	leanprover/lean4:v4.32.2	1	Velvet/Examples/SpMSpV_Example.lean	SpVSpV_correct	34	13561229236986007424	pass	-	4	-	out.size = 1
velvet	crush-portfolio	e90d79341bb8ef510ec868623e74cfe98feaa4e8	e90d79341bb8ef510ec868623e74cfe98feaa4e8	leanprover/lean4:v4.32.2	1	Velvet/Examples/SpMSpV_Example.lean	SpVSpV_correct	35	9762937465648280212	pass	-	669	-	pnt1 ≤ spv1.size ∧ pnt2 + 1 ≤ spv2.size
velvet	crush-portfolio	e90d79341bb8ef510ec868623e74cfe98feaa4e8	e90d79341bb8ef510ec868623e74cfe98feaa4e8	leanprover/lean4:v4.32.2	1	Velvet/Examples/SpMSpV_Example.lean	SpVSpV_correct	36	2195194365498566470	pass	-	770	-	out[0]! + spv_dot spv1 spv2 pnt1 (pnt2 + 1) = spv_dot spv1 spv2 0 0
velvet	crush-portfolio	e90d79341bb8ef510ec868623e74cfe98feaa4e8	e90d79341bb8ef510ec868623e74cfe98feaa4e8	leanprover/lean4:v4.32.2	1	Velvet/Examples/SpMSpV_Example.lean	SpVSpV_correct	37	13561229236986007424	pass	-	3	-	out.size = 1
velvet	crush-portfolio	e90d79341bb8ef510ec868623e74cfe98feaa4e8	e90d79341bb8ef510ec868623e74cfe98feaa4e8	leanprover/lean4:v4.32.2	1	Velvet/Examples/SpMSpV_Example.lean	SpVSpV_correct	38	11853401597336712609	pass	-	642	-	pnt1 ≤ spv1.size ∧ pnt2 ≤ spv2.size
velvet	crush-portfolio	e90d79341bb8ef510ec868623e74cfe98feaa4e8	e90d79341bb8ef510ec868623e74cfe98feaa4e8	leanprover/lean4:v4.32.2	1	Velvet/Examples/SpMSpV_Example.lean	SpVSpV_correct	39	8906564304959696025	pass	-	4	-	out[0]! + spv_dot spv1 spv2 pnt1 pnt2 = spv_dot spv1 spv2 0 0
velvet	crush-portfolio	e90d79341bb8ef510ec868623e74cfe98feaa4e8	e90d79341bb8ef510ec868623e74cfe98feaa4e8	leanprover/lean4:v4.32.2	1	Velvet/Examples/SpMSpV_Example.lean	SpVSpV_correct	40	2836632441074815746	pass	-	637	-	pnt1 = spv1.size ∨ pnt2 = spv2.size
velvet	crush-portfolio	e90d79341bb8ef510ec868623e74cfe98feaa4e8	e90d79341bb8ef510ec868623e74cfe98feaa4e8	leanprover/lean4:v4.32.2	1	Velvet/Examples/SpMSpV_Example.lean	SpVSpV_correct	41	3467184461832131134	pass	-	1	-	(Array.replicate 1 0).size = 1
velvet	crush-portfolio	e90d79341bb8ef510ec868623e74cfe98feaa4e8	e90d79341bb8ef510ec868623e74cfe98feaa4e8	leanprover/lean4:v4.32.2	1	Velvet/Examples/SpMSpV_Example.lean	SpVSpV_correct	42	9157999431728333977	pass	-	563	-	0 ≤ spv1.size ∧ 0 ≤ spv2.size
velvet	crush-portfolio	e90d79341bb8ef510ec868623e74cfe98feaa4e8	e90d79341bb8ef510ec868623e74cfe98feaa4e8	leanprover/lean4:v4.32.2	1	Velvet/Examples/SpMSpV_Example.lean	SpVSpV_correct	43	12484676100150332319	pass	-	692	-	(Array.replicate 1 0)[0]! + spv_dot spv1 spv2 0 0 = spv_dot spv1 spv2 0 0
velvet	crush-portfolio	e90d79341bb8ef510ec868623e74cfe98feaa4e8	e90d79341bb8ef510ec868623e74cfe98feaa4e8	leanprover/lean4:v4.32.2	1	Velvet/Examples/SpMSpV_Example.lean	SpVSpV_correct	44	6547543738413559297	pass	-	684	-	i[0]! = spv_dot spv1 spv2 0 0
velvet	crush-portfolio	e90d79341bb8ef510ec868623e74cfe98feaa4e8	e90d79341bb8ef510ec868623e74cfe98feaa4e8	leanprover/lean4:v4.32.2	1	Velvet/Examples/SpMSpV_Example.lean	SpVSpV_correct	45	4428589781148415831	pass	-	5	-	i.size = 1
velvet	crush-portfolio	e90d79341bb8ef510ec868623e74cfe98feaa4e8	e90d79341bb8ef510ec868623e74cfe98feaa4e8	leanprover/lean4:v4.32.2	1	Velvet/Examples/SpMSpV_Example.lean	SpMSpV_correct	46	10600388612998636634	pass	-	11	-	(spvInd.set! i (spvInd[i]! + 1)).size = spm.size
velvet	crush-portfolio	e90d79341bb8ef510ec868623e74cfe98feaa4e8	e90d79341bb8ef510ec868623e74cfe98feaa4e8	leanprover/lean4:v4.32.2	1	Velvet/Examples/SpMSpV_Example.lean	SpMSpV_correct	47	12568830336983413194	pass	-	11	-	(spmInd.set! i (spmInd[i]! + 1)).size = spm.size
velvet	crush-portfolio	e90d79341bb8ef510ec868623e74cfe98feaa4e8	e90d79341bb8ef510ec868623e74cfe98feaa4e8	leanprover/lean4:v4.32.2	1	Velvet/Examples/SpMSpV_Example.lean	SpMSpV_correct	48	326977185203169709	pass	-	11	-	(out.set! i (out[i]! + spm[i]!.val[spmInd[i]!]! * spv.val[spvInd[i]!]!)).size = spm.size
velvet	crush-portfolio	e90d79341bb8ef510ec868623e74cfe98feaa4e8	e90d79341bb8ef510ec868623e74cfe98feaa4e8	leanprover/lean4:v4.32.2	1	Velvet/Examples/SpMSpV_Example.lean	SpMSpV_correct	49	16599719904663808863	pass	-	815	-	∀ i_1 < (spmInd.set! i (spmInd[i]! + 1)).size, (spmInd.set! i (spmInd[i]! + 1))[i_1]! ≤ spm[i_1]!.size
velvet	crush-portfolio	e90d79341bb8ef510ec868623e74cfe98feaa4e8	e90d79341bb8ef510ec868623e74cfe98feaa4e8	leanprover/lean4:v4.32.2	1	Velvet/Examples/SpMSpV_Example.lean	SpMSpV_correct	50	9413868035314052637	pass	-	785	-	∀ i_1 < (spvInd.set! i (spvInd[i]! + 1)).size, (spvInd.set! i (spvInd[i]! + 1))[i_1]! ≤ spv.size
velvet	crush-portfolio	e90d79341bb8ef510ec868623e74cfe98feaa4e8	e90d79341bb8ef510ec868623e74cfe98feaa4e8	leanprover/lean4:v4.32.2	1	Velvet/Examples/SpMSpV_Example.lean	SpMSpV_correct	51	11331147013392176036	pass	-	1364	-	∀ i_1 < spm.size,   (out.set! i (out[i]! + spm[i]!.val[spmInd[i]!]! * spv.val[spvInd[i]!]!))[i_1]! +       spv_dot spm[i_1]! spv (spmInd.set! i (spmInd[i]! + 1))[i_1]! (spvInd.set! i (spvInd[i]! + 1))[i_1]! =     spv_dot spm[i_1]! spv 0 0
velvet	crush-portfolio	e90d79341bb8ef510ec868623e74cfe98feaa4e8	e90d79341bb8ef510ec868623e74cfe98feaa4e8	leanprover/lean4:v4.32.2	1	Velvet/Examples/SpMSpV_Example.lean	SpMSpV_correct	52	3439126561156933339	pass	-	12	-	spvInd.size = spm.size
velvet	crush-portfolio	e90d79341bb8ef510ec868623e74cfe98feaa4e8	e90d79341bb8ef510ec868623e74cfe98feaa4e8	leanprover/lean4:v4.32.2	1	Velvet/Examples/SpMSpV_Example.lean	SpMSpV_correct	53	12568830336983413194	pass	-	11	-	(spmInd.set! i (spmInd[i]! + 1)).size = spm.size
velvet	crush-portfolio	e90d79341bb8ef510ec868623e74cfe98feaa4e8	e90d79341bb8ef510ec868623e74cfe98feaa4e8	leanprover/lean4:v4.32.2	1	Velvet/Examples/SpMSpV_Example.lean	SpMSpV_correct	54	17578923063843270768	pass	-	12	-	out.size = spm.size
velvet	crush-portfolio	e90d79341bb8ef510ec868623e74cfe98feaa4e8	e90d79341bb8ef510ec868623e74cfe98feaa4e8	leanprover/lean4:v4.32.2	1	Velvet/Examples/SpMSpV_Example.lean	SpMSpV_correct	55	16599719904663808863	pass	-	825	-	∀ i_1 < (spmInd.set! i (spmInd[i]! + 1)).size, (spmInd.set! i (spmInd[i]! + 1))[i_1]! ≤ spm[i_1]!.size
velvet	crush-portfolio	e90d79341bb8ef510ec868623e74cfe98feaa4e8	e90d79341bb8ef510ec868623e74cfe98feaa4e8	leanprover/lean4:v4.32.2	1	Velvet/Examples/SpMSpV_Example.lean	SpMSpV_correct	56	14915918579342464454	pass	-	675	-	∀ i < spvInd.size, spvInd[i]! ≤ spv.size
velvet	crush-portfolio	e90d79341bb8ef510ec868623e74cfe98feaa4e8	e90d79341bb8ef510ec868623e74cfe98feaa4e8	leanprover/lean4:v4.32.2	1	Velvet/Examples/SpMSpV_Example.lean	SpMSpV_correct	57	9290686424640906065	fail	timeout	52187	(deterministic) timeout at `isDefEq`, maximum number of heartbeats (1000000) has been reached  Note: Use `set_option maxHeartbeats <num>` to set the limit.(invalid MessageData.lazy, missing context)	∀ i_1 < spm.size,   out[i_1]! + spv_dot spm[i_1]! spv (spmInd.set! i (spmInd[i]! + 1))[i_1]! spvInd[i_1]! = spv_dot spm[i_1]! spv 0 0
velvet	crush-portfolio	e90d79341bb8ef510ec868623e74cfe98feaa4e8	e90d79341bb8ef510ec868623e74cfe98feaa4e8	leanprover/lean4:v4.32.2	1	Velvet/Examples/SpMSpV_Example.lean	SpMSpV_correct	58	10600388612998636634	pass	-	13	-	(spvInd.set! i (spvInd[i]! + 1)).size = spm.size
velvet	crush-portfolio	e90d79341bb8ef510ec868623e74cfe98feaa4e8	e90d79341bb8ef510ec868623e74cfe98feaa4e8	leanprover/lean4:v4.32.2	1	Velvet/Examples/SpMSpV_Example.lean	SpMSpV_correct	59	4457183463164791376	pass	-	12	-	spmInd.size = spm.size
velvet	crush-portfolio	e90d79341bb8ef510ec868623e74cfe98feaa4e8	e90d79341bb8ef510ec868623e74cfe98feaa4e8	leanprover/lean4:v4.32.2	1	Velvet/Examples/SpMSpV_Example.lean	SpMSpV_correct	60	17578923063843270768	pass	-	12	-	out.size = spm.size
velvet	crush-portfolio	e90d79341bb8ef510ec868623e74cfe98feaa4e8	e90d79341bb8ef510ec868623e74cfe98feaa4e8	leanprover/lean4:v4.32.2	1	Velvet/Examples/SpMSpV_Example.lean	SpMSpV_correct	61	4823872097887552574	pass	-	741	-	∀ i < spmInd.size, spmInd[i]! ≤ spm[i]!.size
velvet	crush-portfolio	e90d79341bb8ef510ec868623e74cfe98feaa4e8	e90d79341bb8ef510ec868623e74cfe98feaa4e8	leanprover/lean4:v4.32.2	1	Velvet/Examples/SpMSpV_Example.lean	SpMSpV_correct	62	9413868035314052637	pass	-	797	-	∀ i_1 < (spvInd.set! i (spvInd[i]! + 1)).size, (spvInd.set! i (spvInd[i]! + 1))[i_1]! ≤ spv.size
velvet	crush-portfolio	e90d79341bb8ef510ec868623e74cfe98feaa4e8	e90d79341bb8ef510ec868623e74cfe98feaa4e8	leanprover/lean4:v4.32.2	1	Velvet/Examples/SpMSpV_Example.lean	SpMSpV_correct	63	4033875047981720732	fail	timeout	73377	(deterministic) timeout at `isDefEq`, maximum number of heartbeats (1000000) has been reached  Note: Use `set_option maxHeartbeats <num>` to set the limit.(invalid MessageData.lazy, missing context)	∀ i_1 < spm.size,   out[i_1]! + spv_dot spm[i_1]! spv spmInd[i_1]! (spvInd.set! i (spvInd[i]! + 1))[i_1]! = spv_dot spm[i_1]! spv 0 0
velvet	crush-portfolio	e90d79341bb8ef510ec868623e74cfe98feaa4e8	e90d79341bb8ef510ec868623e74cfe98feaa4e8	leanprover/lean4:v4.32.2	1	Velvet/Examples/SpMSpV_Example.lean	SpMSpV_correct	64	3439126561156933339	pass	-	8	-	spvInd.size = spm.size
velvet	crush-portfolio	e90d79341bb8ef510ec868623e74cfe98feaa4e8	e90d79341bb8ef510ec868623e74cfe98feaa4e8	leanprover/lean4:v4.32.2	1	Velvet/Examples/SpMSpV_Example.lean	SpMSpV_correct	65	4457183463164791376	pass	-	8	-	spmInd.size = spm.size
velvet	crush-portfolio	e90d79341bb8ef510ec868623e74cfe98feaa4e8	e90d79341bb8ef510ec868623e74cfe98feaa4e8	leanprover/lean4:v4.32.2	1	Velvet/Examples/SpMSpV_Example.lean	SpMSpV_correct	66	17578923063843270768	pass	-	8	-	out.size = spm.size
velvet	crush-portfolio	e90d79341bb8ef510ec868623e74cfe98feaa4e8	e90d79341bb8ef510ec868623e74cfe98feaa4e8	leanprover/lean4:v4.32.2	1	Velvet/Examples/SpMSpV_Example.lean	SpMSpV_correct	67	4823872097887552574	pass	-	550	-	∀ i < spmInd.size, spmInd[i]! ≤ spm[i]!.size
velvet	crush-portfolio	e90d79341bb8ef510ec868623e74cfe98feaa4e8	e90d79341bb8ef510ec868623e74cfe98feaa4e8	leanprover/lean4:v4.32.2	1	Velvet/Examples/SpMSpV_Example.lean	SpMSpV_correct	68	14915918579342464454	pass	-	517	-	∀ i < spvInd.size, spvInd[i]! ≤ spv.size
velvet	crush-portfolio	e90d79341bb8ef510ec868623e74cfe98feaa4e8	e90d79341bb8ef510ec868623e74cfe98feaa4e8	leanprover/lean4:v4.32.2	1	Velvet/Examples/SpMSpV_Example.lean	SpMSpV_correct	69	10972595422634862877	pass	-	665	-	∀ i < spm.size, out[i]! + spv_dot spm[i]! spv spmInd[i]! spvInd[i]! = spv_dot spm[i]! spv 0 0
velvet	crush-portfolio	e90d79341bb8ef510ec868623e74cfe98feaa4e8	e90d79341bb8ef510ec868623e74cfe98feaa4e8	leanprover/lean4:v4.32.2	1	Velvet/Examples/SpMSpV_Example.lean	SpMSpV_correct	70	8550776788309984180	pass	-	640	-	∀ i < spm.size, spmInd[i]! = spm[i]!.size ∨ spvInd[i]! = spv.size
velvet	crush-portfolio	e90d79341bb8ef510ec868623e74cfe98feaa4e8	e90d79341bb8ef510ec868623e74cfe98feaa4e8	leanprover/lean4:v4.32.2	1	Velvet/Examples/SpMSpV_Example.lean	SpMSpV_correct	71	1927473323286999035	pass	-	1	-	(Array.replicate spm.size 0).size = spm.size
velvet	crush-portfolio	e90d79341bb8ef510ec868623e74cfe98feaa4e8	e90d79341bb8ef510ec868623e74cfe98feaa4e8	leanprover/lean4:v4.32.2	1	Velvet/Examples/SpMSpV_Example.lean	SpMSpV_correct	72	1927473323286999035	pass	-	1	-	(Array.replicate spm.size 0).size = spm.size
velvet	crush-portfolio	e90d79341bb8ef510ec868623e74cfe98feaa4e8	e90d79341bb8ef510ec868623e74cfe98feaa4e8	leanprover/lean4:v4.32.2	1	Velvet/Examples/SpMSpV_Example.lean	SpMSpV_correct	73	1927473323286999035	pass	-	0	-	(Array.replicate spm.size 0).size = spm.size
velvet	crush-portfolio	e90d79341bb8ef510ec868623e74cfe98feaa4e8	e90d79341bb8ef510ec868623e74cfe98feaa4e8	leanprover/lean4:v4.32.2	1	Velvet/Examples/SpMSpV_Example.lean	SpMSpV_correct	74	3184815126966959579	pass	-	507	-	∀ i < (Array.replicate spm.size 0).size, (Array.replicate spm.size 0)[i]! ≤ spm[i]!.size
velvet	crush-portfolio	e90d79341bb8ef510ec868623e74cfe98feaa4e8	e90d79341bb8ef510ec868623e74cfe98feaa4e8	leanprover/lean4:v4.32.2	1	Velvet/Examples/SpMSpV_Example.lean	SpMSpV_correct	75	5592904318722155373	pass	-	508	-	∀ i < (Array.replicate spm.size 0).size, (Array.replicate spm.size 0)[i]! ≤ spv.size
velvet	crush-portfolio	e90d79341bb8ef510ec868623e74cfe98feaa4e8	e90d79341bb8ef510ec868623e74cfe98feaa4e8	leanprover/lean4:v4.32.2	1	Velvet/Examples/SpMSpV_Example.lean	SpMSpV_correct	76	9139246173028146264	pass	-	707	-	∀ i < spm.size,   (Array.replicate spm.size 0)[i]! +       spv_dot spm[i]! spv (Array.replicate spm.size 0)[i]! (Array.replicate spm.size 0)[i]! =     spv_dot spm[i]! spv 0 0
velvet	crush-portfolio	e90d79341bb8ef510ec868623e74cfe98feaa4e8	e90d79341bb8ef510ec868623e74cfe98feaa4e8	leanprover/lean4:v4.32.2	1	Velvet/Examples/SpMSpV_Example.lean	SpMSpV_correct	77	1600226093076966364	pass	-	822	-	∀ i_3 < spm.size, i[i_3]! = spv_dot spm[i_3]! spv 0 0
velvet	crush-portfolio	e90d79341bb8ef510ec868623e74cfe98feaa4e8	e90d79341bb8ef510ec868623e74cfe98feaa4e8	leanprover/lean4:v4.32.2	1	Velvet/Examples/SpMSpV_Example.lean	SpMSpV_correct	78	16615823506960250981	pass	-	13	-	i.size = spm.size
velvet	crush-portfolio	e90d79341bb8ef510ec868623e74cfe98feaa4e8	e90d79341bb8ef510ec868623e74cfe98feaa4e8	leanprover/lean4:v4.32.2	1	Velvet/Examples/SubstringSearch.lean	SubstringSearch_correct	1	18217664312208415458	pass	-	518	-	¬false = true → ∀ i < s.size, ¬p s[i]! = true
velvet	crush-portfolio	e90d79341bb8ef510ec868623e74cfe98feaa4e8	e90d79341bb8ef510ec868623e74cfe98feaa4e8	leanprover/lean4:v4.32.2	1	Velvet/Examples/SubstringSearch.lean	SubstringSearch_correct	2	14717207787831772510	pass	-	448	-	false = true → ∀ (l₁ r₁ : ℕ), CorrectSubstring s p l₁ r₁ → r₁ - l₁ + 1 = 0 - 0 + 1 ∧ 0 ≤ r₁ ∨ r₁ - l₁ + 1 < 0 - 0 + 1
velvet	crush-portfolio	e90d79341bb8ef510ec868623e74cfe98feaa4e8	e90d79341bb8ef510ec868623e74cfe98feaa4e8	leanprover/lean4:v4.32.2	1	Velvet/Examples/SubstringSearch.lean	SubstringSearch_correct	3	10323933724704776680	pass	-	455	-	false = true → CorrectSubstring s p 0 0
velvet	crush-portfolio	e90d79341bb8ef510ec868623e74cfe98feaa4e8	e90d79341bb8ef510ec868623e74cfe98feaa4e8	leanprover/lean4:v4.32.2	1	Velvet/Examples/SubstringSearch.lean	SubstringSearch_correct	4	8391554914672281118	pass	-	2	-	0 < s.size → 0 < s.size
velvet	crush-portfolio	e90d79341bb8ef510ec868623e74cfe98feaa4e8	e90d79341bb8ef510ec868623e74cfe98feaa4e8	leanprover/lean4:v4.32.2	1	Velvet/Examples/SubstringSearch.lean	SubstringSearch_correct	5	6640297411548399355	pass	-	436	-	0 ≤ 0
velvet	crush-portfolio	e90d79341bb8ef510ec868623e74cfe98feaa4e8	e90d79341bb8ef510ec868623e74cfe98feaa4e8	leanprover/lean4:v4.32.2	1	Velvet/Examples/SubstringSearch.lean	SubstringSearch_correct	6	4492008039209323302	pass	-	488	-	0 ≤ cnt + 1
velvet	crush-portfolio	e90d79341bb8ef510ec868623e74cfe98feaa4e8	e90d79341bb8ef510ec868623e74cfe98feaa4e8	leanprover/lean4:v4.32.2	1	Velvet/Examples/SubstringSearch.lean	SubstringSearch_correct	7	16506446102682745284	pass	-	485	-	cnt + 1 ≤ pnt + 1
velvet	crush-portfolio	e90d79341bb8ef510ec868623e74cfe98feaa4e8	e90d79341bb8ef510ec868623e74cfe98feaa4e8	leanprover/lean4:v4.32.2	1	Velvet/Examples/SubstringSearch.lean	SubstringSearch_correct	8	4056255141881592010	pass	-	33	-	pnt + 1 ≤ s.size
velvet	crush-portfolio	e90d79341bb8ef510ec868623e74cfe98feaa4e8	e90d79341bb8ef510ec868623e74cfe98feaa4e8	leanprover/lean4:v4.32.2	1	Velvet/Examples/SubstringSearch.lean	SubstringSearch_correct	9	10653939026877543916	pass	-	500	-	pnt + 1 - (cnt + 1) ≤ pnt
velvet	crush-portfolio	e90d79341bb8ef510ec868623e74cfe98feaa4e8	e90d79341bb8ef510ec868623e74cfe98feaa4e8	leanprover/lean4:v4.32.2	1	Velvet/Examples/SubstringSearch.lean	SubstringSearch_correct	10	11759649870705798849	pass	-	19	-	pnt < s.size
velvet	crush-portfolio	e90d79341bb8ef510ec868623e74cfe98feaa4e8	e90d79341bb8ef510ec868623e74cfe98feaa4e8	leanprover/lean4:v4.32.2	1	Velvet/Examples/SubstringSearch.lean	SubstringSearch_correct	11	18143633401136980304	pass	-	476	-	cnt + 1 ≤ cnt + 1
velvet	crush-portfolio	e90d79341bb8ef510ec868623e74cfe98feaa4e8	e90d79341bb8ef510ec868623e74cfe98feaa4e8	leanprover/lean4:v4.32.2	1	Velvet/Examples/SubstringSearch.lean	SubstringSearch_correct	12	16856248441874989194	pass	-	488	-	pnt ≤ pnt + 1
velvet	crush-portfolio	e90d79341bb8ef510ec868623e74cfe98feaa4e8	e90d79341bb8ef510ec868623e74cfe98feaa4e8	leanprover/lean4:v4.32.2	1	Velvet/Examples/SubstringSearch.lean	SubstringSearch_correct	13	1598574868652780333	pass	-	774	-	∀ (j : ℕ), pnt + 1 - (cnt + 1) ≤ j → j < pnt + 1 → p s[j]! = true
velvet	crush-portfolio	e90d79341bb8ef510ec868623e74cfe98feaa4e8	e90d79341bb8ef510ec868623e74cfe98feaa4e8	leanprover/lean4:v4.32.2	1	Velvet/Examples/SubstringSearch.lean	SubstringSearch_correct	14	6083540873046640352	pass	-	590	-	cnt + 1 > 0 → cnt + 1 = pnt - (pnt + 1 - (cnt + 1)) + 1 ∧ CorrectSubstring s p (pnt + 1 - (cnt + 1)) pnt
velvet	crush-portfolio	e90d79341bb8ef510ec868623e74cfe98feaa4e8	e90d79341bb8ef510ec868623e74cfe98feaa4e8	leanprover/lean4:v4.32.2	1	Velvet/Examples/SubstringSearch.lean	SubstringSearch_correct	15	18314524564682266162	pass	-	493	-	cnt + 1 = 0 → ∀ i < pnt + 1, ¬p s[i]! = true
velvet	crush-portfolio	e90d79341bb8ef510ec868623e74cfe98feaa4e8	e90d79341bb8ef510ec868623e74cfe98feaa4e8	leanprover/lean4:v4.32.2	1	Velvet/Examples/SubstringSearch.lean	SubstringSearch_correct	16	14859665284842375974	pass	-	516	-	cnt + 1 < pnt + 1 → ¬p s[pnt + 1 - (cnt + 1) - 1]! = true
velvet	crush-portfolio	e90d79341bb8ef510ec868623e74cfe98feaa4e8	e90d79341bb8ef510ec868623e74cfe98feaa4e8	leanprover/lean4:v4.32.2	1	Velvet/Examples/SubstringSearch.lean	SubstringSearch_correct	17	16859604855349517182	fail	timeout	5500	crush: solver returned `unknown` (solver exited without a verdict: cvc5 interrupted by timeout.). Try increasing `crush.timeout` or adding hypotheses.	∀ (l₁ r₁ : ℕ), CorrectSubstring s p l₁ r₁ → r₁ < pnt + 1 → r₁ - l₁ + 1 = cnt + 1 ∧ pnt ≤ r₁ ∨ r₁ - l₁ + 1 < cnt + 1
velvet	crush-portfolio	e90d79341bb8ef510ec868623e74cfe98feaa4e8	e90d79341bb8ef510ec868623e74cfe98feaa4e8	leanprover/lean4:v4.32.2	1	Velvet/Examples/SubstringSearch.lean	SubstringSearch_correct	18	12762377925475098934	pass	-	529	-	s.size - (pnt + 1) < s.size - pnt
velvet	crush-portfolio	e90d79341bb8ef510ec868623e74cfe98feaa4e8	e90d79341bb8ef510ec868623e74cfe98feaa4e8	leanprover/lean4:v4.32.2	1	Velvet/Examples/SubstringSearch.lean	SubstringSearch_correct	19	4492008039209323302	pass	-	476	-	0 ≤ cnt + 1
velvet	crush-portfolio	e90d79341bb8ef510ec868623e74cfe98feaa4e8	e90d79341bb8ef510ec868623e74cfe98feaa4e8	leanprover/lean4:v4.32.2	1	Velvet/Examples/SubstringSearch.lean	SubstringSearch_correct	20	16506446102682745284	pass	-	491	-	cnt + 1 ≤ pnt + 1
velvet	crush-portfolio	e90d79341bb8ef510ec868623e74cfe98feaa4e8	e90d79341bb8ef510ec868623e74cfe98feaa4e8	leanprover/lean4:v4.32.2	1	Velvet/Examples/SubstringSearch.lean	SubstringSearch_correct	21	4056255141881592010	pass	-	34	-	pnt + 1 ≤ s.size
velvet	crush-portfolio	e90d79341bb8ef510ec868623e74cfe98feaa4e8	e90d79341bb8ef510ec868623e74cfe98feaa4e8	leanprover/lean4:v4.32.2	1	Velvet/Examples/SubstringSearch.lean	SubstringSearch_correct	22	18313498382677451279	pass	-	19	-	l_ans ≤ r_ans
velvet	crush-portfolio	e90d79341bb8ef510ec868623e74cfe98feaa4e8	e90d79341bb8ef510ec868623e74cfe98feaa4e8	leanprover/lean4:v4.32.2	1	Velvet/Examples/SubstringSearch.lean	SubstringSearch_correct	23	5902668824617064985	pass	-	20	-	r_ans < s.size
velvet	crush-portfolio	e90d79341bb8ef510ec868623e74cfe98feaa4e8	e90d79341bb8ef510ec868623e74cfe98feaa4e8	leanprover/lean4:v4.32.2	1	Velvet/Examples/SubstringSearch.lean	SubstringSearch_correct	24	18214680451177329292	pass	-	488	-	cnt + 1 ≤ ans
velvet	crush-portfolio	e90d79341bb8ef510ec868623e74cfe98feaa4e8	e90d79341bb8ef510ec868623e74cfe98feaa4e8	leanprover/lean4:v4.32.2	1	Velvet/Examples/SubstringSearch.lean	SubstringSearch_correct	25	4587180649363296126	pass	-	499	-	r_ans ≤ pnt + 1
velvet	crush-portfolio	e90d79341bb8ef510ec868623e74cfe98feaa4e8	e90d79341bb8ef510ec868623e74cfe98feaa4e8	leanprover/lean4:v4.32.2	1	Velvet/Examples/SubstringSearch.lean	SubstringSearch_correct	26	1598574868652780333	pass	-	769	-	∀ (j : ℕ), pnt + 1 - (cnt + 1) ≤ j → j < pnt + 1 → p s[j]! = true
velvet	crush-portfolio	e90d79341bb8ef510ec868623e74cfe98feaa4e8	e90d79341bb8ef510ec868623e74cfe98feaa4e8	leanprover/lean4:v4.32.2	1	Velvet/Examples/SubstringSearch.lean	SubstringSearch_correct	27	7138545743425854663	pass	-	508	-	ans > 0 → ans = r_ans - l_ans + 1 ∧ CorrectSubstring s p l_ans r_ans
velvet	crush-portfolio	e90d79341bb8ef510ec868623e74cfe98feaa4e8	e90d79341bb8ef510ec868623e74cfe98feaa4e8	leanprover/lean4:v4.32.2	1	Velvet/Examples/SubstringSearch.lean	SubstringSearch_correct	28	4681422515724674825	pass	-	503	-	ans = 0 → ∀ i < pnt + 1, ¬p s[i]! = true
velvet	crush-portfolio	e90d79341bb8ef510ec868623e74cfe98feaa4e8	e90d79341bb8ef510ec868623e74cfe98feaa4e8	leanprover/lean4:v4.32.2	1	Velvet/Examples/SubstringSearch.lean	SubstringSearch_correct	29	14859665284842375974	pass	-	513	-	cnt + 1 < pnt + 1 → ¬p s[pnt + 1 - (cnt + 1) - 1]! = true
velvet	crush-portfolio	e90d79341bb8ef510ec868623e74cfe98feaa4e8	e90d79341bb8ef510ec868623e74cfe98feaa4e8	leanprover/lean4:v4.32.2	1	Velvet/Examples/SubstringSearch.lean	SubstringSearch_correct	30	15621397202025328223	fail	timeout	5497	crush: solver returned `unknown` (solver exited without a verdict: cvc5 interrupted by timeout.). Try increasing `crush.timeout` or adding hypotheses.	∀ (l₁ r₁ : ℕ), CorrectSubstring s p l₁ r₁ → r₁ < pnt + 1 → r₁ - l₁ + 1 = ans ∧ r_ans ≤ r₁ ∨ r₁ - l₁ + 1 < ans
velvet	crush-portfolio	e90d79341bb8ef510ec868623e74cfe98feaa4e8	e90d79341bb8ef510ec868623e74cfe98feaa4e8	leanprover/lean4:v4.32.2	1	Velvet/Examples/SubstringSearch.lean	SubstringSearch_correct	31	12762377925475098934	pass	-	527	-	s.size - (pnt + 1) < s.size - pnt
velvet	crush-portfolio	e90d79341bb8ef510ec868623e74cfe98feaa4e8	e90d79341bb8ef510ec868623e74cfe98feaa4e8	leanprover/lean4:v4.32.2	1	Velvet/Examples/SubstringSearch.lean	SubstringSearch_correct	32	6640297411548399355	pass	-	476	-	0 ≤ 0
velvet	crush-portfolio	e90d79341bb8ef510ec868623e74cfe98feaa4e8	e90d79341bb8ef510ec868623e74cfe98feaa4e8	leanprover/lean4:v4.32.2	1	Velvet/Examples/SubstringSearch.lean	SubstringSearch_correct	33	12035722151280848636	pass	-	491	-	0 ≤ pnt + 1
velvet	crush-portfolio	e90d79341bb8ef510ec868623e74cfe98feaa4e8	e90d79341bb8ef510ec868623e74cfe98feaa4e8	leanprover/lean4:v4.32.2	1	Velvet/Examples/SubstringSearch.lean	SubstringSearch_correct	34	4056255141881592010	pass	-	33	-	pnt + 1 ≤ s.size
velvet	crush-portfolio	e90d79341bb8ef510ec868623e74cfe98feaa4e8	e90d79341bb8ef510ec868623e74cfe98feaa4e8	leanprover/lean4:v4.32.2	1	Velvet/Examples/SubstringSearch.lean	SubstringSearch_correct	35	18313498382677451279	pass	-	18	-	l_ans ≤ r_ans
velvet	crush-portfolio	e90d79341bb8ef510ec868623e74cfe98feaa4e8	e90d79341bb8ef510ec868623e74cfe98feaa4e8	leanprover/lean4:v4.32.2	1	Velvet/Examples/SubstringSearch.lean	SubstringSearch_correct	36	5902668824617064985	pass	-	19	-	r_ans < s.size
velvet	crush-portfolio	e90d79341bb8ef510ec868623e74cfe98feaa4e8	e90d79341bb8ef510ec868623e74cfe98feaa4e8	leanprover/lean4:v4.32.2	1	Velvet/Examples/SubstringSearch.lean	SubstringSearch_correct	37	11007454110672083430	pass	-	476	-	0 ≤ ans
velvet	crush-portfolio	e90d79341bb8ef510ec868623e74cfe98feaa4e8	e90d79341bb8ef510ec868623e74cfe98feaa4e8	leanprover/lean4:v4.32.2	1	Velvet/Examples/SubstringSearch.lean	SubstringSearch_correct	38	4587180649363296126	pass	-	495	-	r_ans ≤ pnt + 1
velvet	crush-portfolio	e90d79341bb8ef510ec868623e74cfe98feaa4e8	e90d79341bb8ef510ec868623e74cfe98feaa4e8	leanprover/lean4:v4.32.2	1	Velvet/Examples/SubstringSearch.lean	SubstringSearch_correct	39	4995387128902807839	pass	-	498	-	∀ (j : ℕ), pnt + 1 - 0 ≤ j → j < pnt + 1 → p s[j]! = true
velvet	crush-portfolio	e90d79341bb8ef510ec868623e74cfe98feaa4e8	e90d79341bb8ef510ec868623e74cfe98feaa4e8	leanprover/lean4:v4.32.2	1	Velvet/Examples/SubstringSearch.lean	SubstringSearch_correct	40	7138545743425854663	pass	-	494	-	ans > 0 → ans = r_ans - l_ans + 1 ∧ CorrectSubstring s p l_ans r_ans
velvet	crush-portfolio	e90d79341bb8ef510ec868623e74cfe98feaa4e8	e90d79341bb8ef510ec868623e74cfe98feaa4e8	leanprover/lean4:v4.32.2	1	Velvet/Examples/SubstringSearch.lean	SubstringSearch_correct	41	4681422515724674825	pass	-	683	-	ans = 0 → ∀ i < pnt + 1, ¬p s[i]! = true
velvet	crush-portfolio	e90d79341bb8ef510ec868623e74cfe98feaa4e8	e90d79341bb8ef510ec868623e74cfe98feaa4e8	leanprover/lean4:v4.32.2	1	Velvet/Examples/SubstringSearch.lean	SubstringSearch_correct	42	9257442500105266102	pass	-	36	-	0 < pnt + 1 → ¬p s[pnt + 1 - 0 - 1]! = true
velvet	crush-portfolio	e90d79341bb8ef510ec868623e74cfe98feaa4e8	e90d79341bb8ef510ec868623e74cfe98feaa4e8	leanprover/lean4:v4.32.2	1	Velvet/Examples/SubstringSearch.lean	SubstringSearch_correct	43	15621397202025328223	pass	-	4087	-	∀ (l₁ r₁ : ℕ), CorrectSubstring s p l₁ r₁ → r₁ < pnt + 1 → r₁ - l₁ + 1 = ans ∧ r_ans ≤ r₁ ∨ r₁ - l₁ + 1 < ans
velvet	crush-portfolio	e90d79341bb8ef510ec868623e74cfe98feaa4e8	e90d79341bb8ef510ec868623e74cfe98feaa4e8	leanprover/lean4:v4.32.2	1	Velvet/Examples/SubstringSearch.lean	SubstringSearch_correct	44	12762377925475098934	pass	-	522	-	s.size - (pnt + 1) < s.size - pnt
velvet	crush-portfolio	e90d79341bb8ef510ec868623e74cfe98feaa4e8	e90d79341bb8ef510ec868623e74cfe98feaa4e8	leanprover/lean4:v4.32.2	1	Velvet/Examples/SubstringSearch.lean	SubstringSearch_correct	45	14757371069243260877	pass	-	17	-	0 ≤ cnt
velvet	crush-portfolio	e90d79341bb8ef510ec868623e74cfe98feaa4e8	e90d79341bb8ef510ec868623e74cfe98feaa4e8	leanprover/lean4:v4.32.2	1	Velvet/Examples/SubstringSearch.lean	SubstringSearch_correct	46	10355523733004803458	pass	-	16	-	cnt ≤ pnt
velvet	crush-portfolio	e90d79341bb8ef510ec868623e74cfe98feaa4e8	e90d79341bb8ef510ec868623e74cfe98feaa4e8	leanprover/lean4:v4.32.2	1	Velvet/Examples/SubstringSearch.lean	SubstringSearch_correct	47	802985032057732284	pass	-	17	-	pnt ≤ s.size
velvet	crush-portfolio	e90d79341bb8ef510ec868623e74cfe98feaa4e8	e90d79341bb8ef510ec868623e74cfe98feaa4e8	leanprover/lean4:v4.32.2	1	Velvet/Examples/SubstringSearch.lean	SubstringSearch_correct	48	18313498382677451279	pass	-	16	-	l_ans ≤ r_ans
velvet	crush-portfolio	e90d79341bb8ef510ec868623e74cfe98feaa4e8	e90d79341bb8ef510ec868623e74cfe98feaa4e8	leanprover/lean4:v4.32.2	1	Velvet/Examples/SubstringSearch.lean	SubstringSearch_correct	49	5902668824617064985	pass	-	16	-	r_ans < s.size
velvet	crush-portfolio	e90d79341bb8ef510ec868623e74cfe98feaa4e8	e90d79341bb8ef510ec868623e74cfe98feaa4e8	leanprover/lean4:v4.32.2	1	Velvet/Examples/SubstringSearch.lean	SubstringSearch_correct	50	6469834297383728061	pass	-	17	-	cnt ≤ ans
velvet	crush-portfolio	e90d79341bb8ef510ec868623e74cfe98feaa4e8	e90d79341bb8ef510ec868623e74cfe98feaa4e8	leanprover/lean4:v4.32.2	1	Velvet/Examples/SubstringSearch.lean	SubstringSearch_correct	51	529893491977289627	pass	-	17	-	r_ans ≤ pnt
velvet	crush-portfolio	e90d79341bb8ef510ec868623e74cfe98feaa4e8	e90d79341bb8ef510ec868623e74cfe98feaa4e8	leanprover/lean4:v4.32.2	1	Velvet/Examples/SubstringSearch.lean	SubstringSearch_correct	52	7110337632391962636	pass	-	497	-	∀ (j : ℕ), pnt - cnt ≤ j → j < pnt → p s[j]! = true
velvet	crush-portfolio	e90d79341bb8ef510ec868623e74cfe98feaa4e8	e90d79341bb8ef510ec868623e74cfe98feaa4e8	leanprover/lean4:v4.32.2	1	Velvet/Examples/SubstringSearch.lean	SubstringSearch_correct	53	7138545743425854663	pass	-	509	-	ans > 0 → ans = r_ans - l_ans + 1 ∧ CorrectSubstring s p l_ans r_ans
velvet	crush-portfolio	e90d79341bb8ef510ec868623e74cfe98feaa4e8	e90d79341bb8ef510ec868623e74cfe98feaa4e8	leanprover/lean4:v4.32.2	1	Velvet/Examples/SubstringSearch.lean	SubstringSearch_correct	54	12240785285064077065	pass	-	506	-	ans = 0 → ∀ i < pnt, ¬p s[i]! = true
velvet	crush-portfolio	e90d79341bb8ef510ec868623e74cfe98feaa4e8	e90d79341bb8ef510ec868623e74cfe98feaa4e8	leanprover/lean4:v4.32.2	1	Velvet/Examples/SubstringSearch.lean	SubstringSearch_correct	55	8901178409804151575	pass	-	489	-	cnt < pnt → ¬p s[pnt - cnt - 1]! = true
velvet	crush-portfolio	e90d79341bb8ef510ec868623e74cfe98feaa4e8	e90d79341bb8ef510ec868623e74cfe98feaa4e8	leanprover/lean4:v4.32.2	1	Velvet/Examples/SubstringSearch.lean	SubstringSearch_correct	56	8890844706151052704	pass	-	2136	-	∀ (l₁ r₁ : ℕ), CorrectSubstring s p l₁ r₁ → r₁ < pnt → r₁ - l₁ + 1 = ans ∧ r_ans ≤ r₁ ∨ r₁ - l₁ + 1 < ans
velvet	crush-portfolio	e90d79341bb8ef510ec868623e74cfe98feaa4e8	e90d79341bb8ef510ec868623e74cfe98feaa4e8	leanprover/lean4:v4.32.2	1	Velvet/Examples/SubstringSearch.lean	SubstringSearch_correct	57	8801584380004644131	pass	-	30	-	¬pnt < s.size
velvet	crush-portfolio	e90d79341bb8ef510ec868623e74cfe98feaa4e8	e90d79341bb8ef510ec868623e74cfe98feaa4e8	leanprover/lean4:v4.32.2	1	Velvet/Examples/SubstringSearch.lean	SubstringSearch_correct	58	6640297411548399355	pass	-	441	-	0 ≤ 0
velvet	crush-portfolio	e90d79341bb8ef510ec868623e74cfe98feaa4e8	e90d79341bb8ef510ec868623e74cfe98feaa4e8	leanprover/lean4:v4.32.2	1	Velvet/Examples/SubstringSearch.lean	SubstringSearch_correct	59	6640297411548399355	pass	-	445	-	0 ≤ 0
velvet	crush-portfolio	e90d79341bb8ef510ec868623e74cfe98feaa4e8	e90d79341bb8ef510ec868623e74cfe98feaa4e8	leanprover/lean4:v4.32.2	1	Velvet/Examples/SubstringSearch.lean	SubstringSearch_correct	60	17707774690084689736	pass	-	444	-	0 ≤ s.size
velvet	crush-portfolio	e90d79341bb8ef510ec868623e74cfe98feaa4e8	e90d79341bb8ef510ec868623e74cfe98feaa4e8	leanprover/lean4:v4.32.2	1	Velvet/Examples/SubstringSearch.lean	SubstringSearch_correct	61	6640297411548399355	pass	-	436	-	0 ≤ 0
velvet	crush-portfolio	e90d79341bb8ef510ec868623e74cfe98feaa4e8	e90d79341bb8ef510ec868623e74cfe98feaa4e8	leanprover/lean4:v4.32.2	1	Velvet/Examples/SubstringSearch.lean	SubstringSearch_correct	62	4974301628068507188	pass	-	453	-	0 < s.size
velvet	crush-portfolio	e90d79341bb8ef510ec868623e74cfe98feaa4e8	e90d79341bb8ef510ec868623e74cfe98feaa4e8	leanprover/lean4:v4.32.2	1	Velvet/Examples/SubstringSearch.lean	SubstringSearch_correct	63	6640297411548399355	pass	-	459	-	0 ≤ 0
velvet	crush-portfolio	e90d79341bb8ef510ec868623e74cfe98feaa4e8	e90d79341bb8ef510ec868623e74cfe98feaa4e8	leanprover/lean4:v4.32.2	1	Velvet/Examples/SubstringSearch.lean	SubstringSearch_correct	64	6640297411548399355	pass	-	450	-	0 ≤ 0
velvet	crush-portfolio	e90d79341bb8ef510ec868623e74cfe98feaa4e8	e90d79341bb8ef510ec868623e74cfe98feaa4e8	leanprover/lean4:v4.32.2	1	Velvet/Examples/SubstringSearch.lean	SubstringSearch_correct	65	577474350103851300	pass	-	434	-	∀ (j : ℕ), 0 - 0 ≤ j → j < 0 → p s[j]! = true
velvet	crush-portfolio	e90d79341bb8ef510ec868623e74cfe98feaa4e8	e90d79341bb8ef510ec868623e74cfe98feaa4e8	leanprover/lean4:v4.32.2	1	Velvet/Examples/SubstringSearch.lean	SubstringSearch_correct	66	12819951545662893426	pass	-	437	-	0 > 0 → 0 = 0 - 0 + 1 ∧ CorrectSubstring s p 0 0
velvet	crush-portfolio	e90d79341bb8ef510ec868623e74cfe98feaa4e8	e90d79341bb8ef510ec868623e74cfe98feaa4e8	leanprover/lean4:v4.32.2	1	Velvet/Examples/SubstringSearch.lean	SubstringSearch_correct	67	16471188947338966842	pass	-	448	-	∀ i < 0, ¬p s[i]! = true
velvet	crush-portfolio	e90d79341bb8ef510ec868623e74cfe98feaa4e8	e90d79341bb8ef510ec868623e74cfe98feaa4e8	leanprover/lean4:v4.32.2	1	Velvet/Examples/SubstringSearch.lean	SubstringSearch_correct	68	9975741777879173881	pass	-	440	-	0 < 0 → ¬p s[0 - 0 - 1]! = true
velvet	crush-portfolio	e90d79341bb8ef510ec868623e74cfe98feaa4e8	e90d79341bb8ef510ec868623e74cfe98feaa4e8	leanprover/lean4:v4.32.2	1	Velvet/Examples/SubstringSearch.lean	SubstringSearch_correct	69	88332911118243609	pass	-	443	-	∀ (l₁ r₁ : ℕ), CorrectSubstring s p l₁ r₁ → r₁ < 0 → r₁ - l₁ + 1 = 0 ∧ 0 ≤ r₁ ∨ r₁ - l₁ + 1 < 0
velvet	crush-portfolio	e90d79341bb8ef510ec868623e74cfe98feaa4e8	e90d79341bb8ef510ec868623e74cfe98feaa4e8	leanprover/lean4:v4.32.2	1	Velvet/Examples/SubstringSearch.lean	SubstringSearch_correct	70	4316548289593557355	pass	-	571	-	¬decide (i > 0) = true → ∀ i < s.size, ¬p s[i]! = true
velvet	crush-portfolio	e90d79341bb8ef510ec868623e74cfe98feaa4e8	e90d79341bb8ef510ec868623e74cfe98feaa4e8	leanprover/lean4:v4.32.2	1	Velvet/Examples/SubstringSearch.lean	SubstringSearch_correct	71	1800578837535211584	fail	timeout	5516	crush: solver returned `unknown` (solver exited without a verdict: cvc5 interrupted by timeout.). Try increasing `crush.timeout` or adding hypotheses.	decide (i > 0) = true →   ∀ (l₁ r₁ : ℕ),     CorrectSubstring s p l₁ r₁ → r₁ - l₁ + 1 = r_ans_1 - i_2 + 1 ∧ r_ans_1 ≤ r₁ ∨ r₁ - l₁ + 1 < r_ans_1 - i_2 + 1
velvet	crush-portfolio	e90d79341bb8ef510ec868623e74cfe98feaa4e8	e90d79341bb8ef510ec868623e74cfe98feaa4e8	leanprover/lean4:v4.32.2	1	Velvet/Examples/SubstringSearch.lean	SubstringSearch_correct	72	10230862668540398183	pass	-	576	-	decide (i > 0) = true → CorrectSubstring s p i_2 r_ans_1
velvet	crush-portfolio	e90d79341bb8ef510ec868623e74cfe98feaa4e8	e90d79341bb8ef510ec868623e74cfe98feaa4e8	leanprover/lean4:v4.32.2	1	Velvet/Examples/SubstringSearch.lean	SubstringSearch_correct	73	16982021311738439252	pass	-	515	-	0 < s.size → r_ans_1 < s.size
velvet	crush-portfolio	e90d79341bb8ef510ec868623e74cfe98feaa4e8	e90d79341bb8ef510ec868623e74cfe98feaa4e8	leanprover/lean4:v4.32.2	1	Velvet/Examples/SubstringSearch.lean	SubstringSearch_correct	74	2906785913913327379	pass	-	44	-	i_2 ≤ r_ans_1
velvet	crush-portfolio	e90d79341bb8ef510ec868623e74cfe98feaa4e8	e90d79341bb8ef510ec868623e74cfe98feaa4e8	leanprover/lean4:v4.32.2	1	Velvet/Examples/SumOfDigits.lean	SumOfDigits_correct	1	4887343456502517186	pass	-	788	-	sum + n % 10 + SumDigits (n / 10) = SumDigits number
velvet	crush-portfolio	e90d79341bb8ef510ec868623e74cfe98feaa4e8	e90d79341bb8ef510ec868623e74cfe98feaa4e8	leanprover/lean4:v4.32.2	1	Velvet/Examples/SumOfDigits.lean	SumOfDigits_correct	2	5431800701729144158	pass	-	759	-	0 ≤ sum + n % 10
velvet	crush-portfolio	e90d79341bb8ef510ec868623e74cfe98feaa4e8	e90d79341bb8ef510ec868623e74cfe98feaa4e8	leanprover/lean4:v4.32.2	1	Velvet/Examples/SumOfDigits.lean	SumOfDigits_correct	3	3012699503639543524	pass	-	1	-	sum + SumDigits n = SumDigits number
velvet	crush-portfolio	e90d79341bb8ef510ec868623e74cfe98feaa4e8	e90d79341bb8ef510ec868623e74cfe98feaa4e8	leanprover/lean4:v4.32.2	1	Velvet/Examples/SumOfDigits.lean	SumOfDigits_correct	4	12835711844832851839	pass	-	1	-	0 ≤ sum
velvet	crush-portfolio	e90d79341bb8ef510ec868623e74cfe98feaa4e8	e90d79341bb8ef510ec868623e74cfe98feaa4e8	leanprover/lean4:v4.32.2	1	Velvet/Examples/SumOfDigits.lean	SumOfDigits_correct	5	7475080825861972690	pass	-	724	-	n = 0
velvet	crush-portfolio	e90d79341bb8ef510ec868623e74cfe98feaa4e8	e90d79341bb8ef510ec868623e74cfe98feaa4e8	leanprover/lean4:v4.32.2	1	Velvet/Examples/SumOfDigits.lean	SumOfDigits_correct	6	15970435702129902192	pass	-	661	-	0 + SumDigits number = SumDigits number
velvet	crush-portfolio	e90d79341bb8ef510ec868623e74cfe98feaa4e8	e90d79341bb8ef510ec868623e74cfe98feaa4e8	leanprover/lean4:v4.32.2	1	Velvet/Examples/SumOfDigits.lean	SumOfDigits_correct	7	6640297411548399355	pass	-	571	-	0 ≤ 0
velvet	crush-portfolio	e90d79341bb8ef510ec868623e74cfe98feaa4e8	e90d79341bb8ef510ec868623e74cfe98feaa4e8	leanprover/lean4:v4.32.2	1	Velvet/Examples/SumOfDigits.lean	SumOfDigits_correct	8	3871074223281074707	pass	-	1052	-	sum_1 = SumDigits number
velvet	crush-portfolio	e90d79341bb8ef510ec868623e74cfe98feaa4e8	e90d79341bb8ef510ec868623e74cfe98feaa4e8	leanprover/lean4:v4.32.2	1	Velvet/Examples/TestLoopControl.lean	test1_correct	1	4791612905070682933	pass	-	898	-	x + 1 + (t - 1) = a
velvet	crush-portfolio	e90d79341bb8ef510ec868623e74cfe98feaa4e8	e90d79341bb8ef510ec868623e74cfe98feaa4e8	leanprover/lean4:v4.32.2	1	Velvet/Examples/TestLoopControl.lean	test1_correct	2	4635955882467741603	pass	-	652	-	x + 1 = 10 ∨ t - 1 = 0
velvet	crush-portfolio	e90d79341bb8ef510ec868623e74cfe98feaa4e8	e90d79341bb8ef510ec868623e74cfe98feaa4e8	leanprover/lean4:v4.32.2	1	Velvet/Examples/TestLoopControl.lean	test1_correct	3	4791612905070682933	pass	-	881	-	x + 1 + (t - 1) = a
velvet	crush-portfolio	e90d79341bb8ef510ec868623e74cfe98feaa4e8	e90d79341bb8ef510ec868623e74cfe98feaa4e8	leanprover/lean4:v4.32.2	1	Velvet/Examples/TestLoopControl.lean	test1_correct	4	8037191589732674397	pass	-	2	-	x + t = a
velvet	crush-portfolio	e90d79341bb8ef510ec868623e74cfe98feaa4e8	e90d79341bb8ef510ec868623e74cfe98feaa4e8	leanprover/lean4:v4.32.2	1	Velvet/Examples/TestLoopControl.lean	test1_correct	5	4982008840348523404	pass	-	708	-	x = 10 ∨ t = 0
velvet	crush-portfolio	e90d79341bb8ef510ec868623e74cfe98feaa4e8	e90d79341bb8ef510ec868623e74cfe98feaa4e8	leanprover/lean4:v4.32.2	1	Velvet/Examples/TestLoopControl.lean	test1_correct	6	14929476196725773389	pass	-	475	-	0 + a = a
velvet	crush-portfolio	e90d79341bb8ef510ec868623e74cfe98feaa4e8	e90d79341bb8ef510ec868623e74cfe98feaa4e8	leanprover/lean4:v4.32.2	1	Velvet/Examples/TestLoopControl.lean	test1_correct	7	2311107858308393802	pass	-	1077	-	x_1 > 0
velvet	crush-portfolio	e90d79341bb8ef510ec868623e74cfe98feaa4e8	e90d79341bb8ef510ec868623e74cfe98feaa4e8	leanprover/lean4:v4.32.2	1	Velvet/Examples/TestLoopControl.lean	test2_correct	8	8037191589732674397	pass	-	2	-	x + t = a
velvet	crush-portfolio	e90d79341bb8ef510ec868623e74cfe98feaa4e8	e90d79341bb8ef510ec868623e74cfe98feaa4e8	leanprover/lean4:v4.32.2	1	Velvet/Examples/TestLoopControl.lean	test2_correct	9	4791612905070682933	pass	-	904	-	x + 1 + (t - 1) = a
velvet	crush-portfolio	e90d79341bb8ef510ec868623e74cfe98feaa4e8	e90d79341bb8ef510ec868623e74cfe98feaa4e8	leanprover/lean4:v4.32.2	1	Velvet/Examples/TestLoopControl.lean	test2_correct	10	8037191589732674397	pass	-	2	-	x + t = a
velvet	crush-portfolio	e90d79341bb8ef510ec868623e74cfe98feaa4e8	e90d79341bb8ef510ec868623e74cfe98feaa4e8	leanprover/lean4:v4.32.2	1	Velvet/Examples/TestLoopControl.lean	test2_correct	11	817407402121334710	pass	-	707	-	t = 0
velvet	crush-portfolio	e90d79341bb8ef510ec868623e74cfe98feaa4e8	e90d79341bb8ef510ec868623e74cfe98feaa4e8	leanprover/lean4:v4.32.2	1	Velvet/Examples/TestLoopControl.lean	test2_correct	12	14929476196725773389	pass	-	475	-	0 + a = a
velvet	crush-portfolio	e90d79341bb8ef510ec868623e74cfe98feaa4e8	e90d79341bb8ef510ec868623e74cfe98feaa4e8	leanprover/lean4:v4.32.2	1	Velvet/Examples/TestLoopControl.lean	test2_correct	13	2311107858308393802	pass	-	674	-	x_1 > 0
velvet	crush-portfolio	e90d79341bb8ef510ec868623e74cfe98feaa4e8	e90d79341bb8ef510ec868623e74cfe98feaa4e8	leanprover/lean4:v4.32.2	1	Velvet/Examples/TestLoopControl.lean	sum_even_correct	14	8140981983620881888	pass	-	5	-	i + 1 ≤ arr.size
velvet	crush-portfolio	e90d79341bb8ef510ec868623e74cfe98feaa4e8	e90d79341bb8ef510ec868623e74cfe98feaa4e8	leanprover/lean4:v4.32.2	1	Velvet/Examples/TestLoopControl.lean	sum_even_correct	15	13972406881857011341	pass	-	1416	-	s = (Array.filter (fun x => decide (x % 2 = 0)) (arr.extract 0 (i + 1))).sum
velvet	crush-portfolio	e90d79341bb8ef510ec868623e74cfe98feaa4e8	e90d79341bb8ef510ec868623e74cfe98feaa4e8	leanprover/lean4:v4.32.2	1	Velvet/Examples/TestLoopControl.lean	sum_even_correct	16	8140981983620881888	pass	-	6	-	i + 1 ≤ arr.size
velvet	crush-portfolio	e90d79341bb8ef510ec868623e74cfe98feaa4e8	e90d79341bb8ef510ec868623e74cfe98feaa4e8	leanprover/lean4:v4.32.2	1	Velvet/Examples/TestLoopControl.lean	sum_even_correct	17	2763434902891560151	pass	-	1098	-	s + arr[i]! = (Array.filter (fun x => decide (x % 2 = 0)) (arr.extract 0 (i + 1))).sum
velvet	crush-portfolio	e90d79341bb8ef510ec868623e74cfe98feaa4e8	e90d79341bb8ef510ec868623e74cfe98feaa4e8	leanprover/lean4:v4.32.2	1	Velvet/Examples/TestLoopControl.lean	sum_even_correct	18	9560710549938607088	pass	-	4	-	i ≤ arr.size
velvet	crush-portfolio	e90d79341bb8ef510ec868623e74cfe98feaa4e8	e90d79341bb8ef510ec868623e74cfe98feaa4e8	leanprover/lean4:v4.32.2	1	Velvet/Examples/TestLoopControl.lean	sum_even_correct	19	4016036276427276962	pass	-	5	-	s = (Array.filter (fun x => decide (x % 2 = 0)) (arr.extract 0 i)).sum
velvet	crush-portfolio	e90d79341bb8ef510ec868623e74cfe98feaa4e8	e90d79341bb8ef510ec868623e74cfe98feaa4e8	leanprover/lean4:v4.32.2	1	Velvet/Examples/TestLoopControl.lean	sum_even_correct	20	12910903814107581038	pass	-	914	-	s = (Array.filter (fun x => decide (x % 2 = 0)) arr).sum
velvet	crush-portfolio	e90d79341bb8ef510ec868623e74cfe98feaa4e8	e90d79341bb8ef510ec868623e74cfe98feaa4e8	leanprover/lean4:v4.32.2	1	Velvet/Examples/TestLoopControl.lean	sum_even_correct	21	8811351339800985865	pass	-	472	-	0 ≤ arr.size
velvet	crush-portfolio	e90d79341bb8ef510ec868623e74cfe98feaa4e8	e90d79341bb8ef510ec868623e74cfe98feaa4e8	leanprover/lean4:v4.32.2	1	Velvet/Examples/TestLoopControl.lean	sum_even_correct	22	8466542615974342579	pass	-	2	-	0 = (Array.filter (fun x => decide (x % 2 = 0)) (arr.extract 0 0)).sum
velvet	crush-portfolio	e90d79341bb8ef510ec868623e74cfe98feaa4e8	e90d79341bb8ef510ec868623e74cfe98feaa4e8	leanprover/lean4:v4.32.2	1	Velvet/Examples/TestLoopControl.lean	sum_even_correct	23	10603200310498800727	pass	-	11	-	s_1 = (Array.filter (fun x => decide (x % 2 = 0)) arr).sum
velvet	crush-portfolio	e90d79341bb8ef510ec868623e74cfe98feaa4e8	e90d79341bb8ef510ec868623e74cfe98feaa4e8	leanprover/lean4:v4.32.2	1	Velvet/Examples/TestMatch.lean	test1_correct	1	7475080825861972690	pass	-	3	-	n = 0
velvet	crush-portfolio	e90d79341bb8ef510ec868623e74cfe98feaa4e8	e90d79341bb8ef510ec868623e74cfe98feaa4e8	leanprover/lean4:v4.32.2	1	Velvet/Examples/TestMatch.lean	test1_correct	2	12712313322610564863	pass	-	1	-	n = x.succ
velvet	crush-portfolio	e90d79341bb8ef510ec868623e74cfe98feaa4e8	e90d79341bb8ef510ec868623e74cfe98feaa4e8	leanprover/lean4:v4.32.2	1	Velvet/Examples/TestMatch.lean	test2_correct	3	10112861571242978892	pass	-	1	-	0 = l.length
velvet	crush-portfolio	e90d79341bb8ef510ec868623e74cfe98feaa4e8	e90d79341bb8ef510ec868623e74cfe98feaa4e8	leanprover/lean4:v4.32.2	1	Velvet/Examples/TestMatch.lean	test2_correct	4	9817662802794804509	pass	-	3	-	Nat.succ 0 = l.length
velvet	crush-portfolio	e90d79341bb8ef510ec868623e74cfe98feaa4e8	e90d79341bb8ef510ec868623e74cfe98feaa4e8	leanprover/lean4:v4.32.2	1	Velvet/Examples/TestMatch.lean	test2_correct	5	18226621409008708882	pass	-	3	-	x.succ.succ = l.length
velvet	crush-portfolio	e90d79341bb8ef510ec868623e74cfe98feaa4e8	e90d79341bb8ef510ec868623e74cfe98feaa4e8	leanprover/lean4:v4.32.2	1	Velvet/Examples/TestMatch.lean	test3_correct	6	12313593517213863317	pass	-	515	-	10 > 9
velvet	crush-portfolio	e90d79341bb8ef510ec868623e74cfe98feaa4e8	e90d79341bb8ef510ec868623e74cfe98feaa4e8	leanprover/lean4:v4.32.2	1	Velvet/Examples/TestMatch.lean	test3_correct	7	5915416142655103160	pass	-	984	-	a + b + c + 10 > 9
velvet	crush-portfolio	e90d79341bb8ef510ec868623e74cfe98feaa4e8	e90d79341bb8ef510ec868623e74cfe98feaa4e8	leanprover/lean4:v4.32.2	1	Velvet/Examples/Total_Partial_example.lean	insertionSort_part_correct	1	1993702872115081742	pass	-	586	-	∀ (i j : ℕ), 0 ≤ i → i ≤ j → j < arrOld.size → arrOld[i]! ≤ arrOld[j]!
velvet	crush-portfolio	e90d79341bb8ef510ec868623e74cfe98feaa4e8	e90d79341bb8ef510ec868623e74cfe98feaa4e8	leanprover/lean4:v4.32.2	1	Velvet/Examples/Total_Partial_example.lean	insertionSort_part_correct	2	8793228589483947084	pass	-	8	-	((arr_1.set! mind arr_1[mind - 1]!).set! (mind - 1) arr_1[mind]!).size = arrOld.size
velvet	crush-portfolio	e90d79341bb8ef510ec868623e74cfe98feaa4e8	e90d79341bb8ef510ec868623e74cfe98feaa4e8	leanprover/lean4:v4.32.2	1	Velvet/Examples/Total_Partial_example.lean	insertionSort_part_correct	3	1066791641437412485	pass	-	611	-	mind - 1 ≤ n
velvet	crush-portfolio	e90d79341bb8ef510ec868623e74cfe98feaa4e8	e90d79341bb8ef510ec868623e74cfe98feaa4e8	leanprover/lean4:v4.32.2	1	Velvet/Examples/Total_Partial_example.lean	insertionSort_part_correct	4	8472930623785656869	fail	reconstruction	9701	"crush: solver reported `unsat`, but reconstruction failed — no finishing tactic could replay it from the core ([hyp invariant_1,  hyp invariant_2,  hyp if_pos,  hyp invariant_5,  hyp invariant_6,  hyp invariant_7,  hyp if_pos_1,  hyp if_pos_2,  hyp a._@._internal.0._stdin.3344371751._hygCtx._hyg.3292,  hyp a._@._internal.0._stdin.3344371751._hygCtx._hyg.3293,  hyp a._@._internal.0._stdin.3344371751._hygCtx._hyg.3294,  negated goal]). SMT core assertions:   - hyp invariant_1: arr.size = arrOld.size   - hyp invariant_2: n ≤ arr.size   - hyp if_pos: ¬n = arr.size   - hyp invariant_5: arr_1.size = arrOld.size   - hyp invariant_6: mind ≤ n   - hyp invariant_7: ∀ (i j : ℕ), 0 ≤ i → i < j → j ≤ n → ¬j = mind → arr_1[i]! ≤ arr_1[j]!   - hyp if_pos_1: ¬mind = 0   - hyp if_pos_2: arr_1[mind]! < arr_1[mind - 1]!   - hyp a._@._internal.0._stdin.3344371751._hygCtx._hyg.3292: i✝ < j✝   - hyp a._@._internal.0._stdin.3344371751._hygCtx._hyg.3293: j✝ ≤ n   - hyp a._@._internal.0._stdin.3344371751._hygCtx._hyg.3294: ¬j✝ = mind - 1   - negated goal: ¬((arr_1.set! mind arr_1[mind - 1]!).set! (mind - 1) arr_1[mind]!)[i✝]! ≤       ((arr_1.set! mind arr_1[mind - 1]!).set! (mind - 1) arr_1[mind]!)[j✝]! Lean facts supplied to reconstruction:   - arr.size = arrOld.size   - n ≤ arr.size   - ¬n = arr.size   - arr_1.size = arrOld.size   - mind ≤ n   - ∀ (i j : ℕ), 0 ≤ i → i < j → j ≤ n → ¬j = mind → arr_1[i]! ≤ arr_1[j]!   - ¬mind = 0   - arr_1[mind]! < arr_1[mind - 1]!   - i✝ < j✝   - j✝ ≤ n   - ¬j✝ = mind - 1 Explicit reconstruction hints:   (none) Other selected facts outside the core:   - hyp if_neg: ¬arrOld.size ≤ 1   - hyp invariant_3: ∀ (i j : ℕ), 0 ≤ i → i < j → j ≤ n - 1 → arr[i]! ≤ arr[j]!   - hyp invariant_4: arr.toMultiset = arrOld.toMultiset   - hyp invariant_8: arr_1.toMultiset = arrOld.toMultiset   - hyp a._@._internal.0._stdin.3344371751._hygCtx._hyg.3291: 0 ≤ i✝   - solverHint Array.multiset_swap@inst@ground: mind - 1 < arr_1.size →     mind < arr_1.size → ((arr_1.set! mind arr_1[mind - 1]!).set! (mind - 1) arr_1[mind]!).toMultiset = arr_1.toMultiset Candidate library lemmas (best effort):   - Array.multiset_swap   - WPGen.mk.congr_simp   - Array.getElem!_set!_ne   - _private._stdin.0.insertionSort_part.match_2.eq_1   - Array.getElem!_set!_self   - _private._stdin.0.PartialCorrectness.DemonicChoice.MonadNonDet.wp_forIn.match_1.eq_2 Add reconstruction-only facts with `crush ... with [lemma, h]`, or provide a checked finisher with `crush ... using (simp_all [definitions]; omega)`. Enable `trace.crush.reconstruct` for failed proof-search steps, or set `crush.trust` to ""reconstructOrTrust"" to accept the solver's verdict anyway."	∀ (i j : ℕ),   0 ≤ i →     i < j →       j ≤ n →         j ≠ mind - 1 →           ((arr_1.set! mind arr_1[mind - 1]!).set! (mind - 1) arr_1[mind]!)[i]! ≤             ((arr_1.set! mind arr_1[mind - 1]!).set! (mind - 1) arr_1[mind]!)[j]!
velvet	crush-portfolio	e90d79341bb8ef510ec868623e74cfe98feaa4e8	e90d79341bb8ef510ec868623e74cfe98feaa4e8	leanprover/lean4:v4.32.2	1	Velvet/Examples/Total_Partial_example.lean	insertionSort_part_correct	5	2816846931760221370	pass	-	674	-	((arr_1.set! mind arr_1[mind - 1]!).set! (mind - 1) arr_1[mind]!).toMultiset = arrOld.toMultiset
velvet	crush-portfolio	e90d79341bb8ef510ec868623e74cfe98feaa4e8	e90d79341bb8ef510ec868623e74cfe98feaa4e8	leanprover/lean4:v4.32.2	1	Velvet/Examples/Total_Partial_example.lean	insertionSort_part_correct	6	5794584936190196715	pass	-	7	-	arr_1.size = arrOld.size
velvet	crush-portfolio	e90d79341bb8ef510ec868623e74cfe98feaa4e8	e90d79341bb8ef510ec868623e74cfe98feaa4e8	leanprover/lean4:v4.32.2	1	Velvet/Examples/Total_Partial_example.lean	insertionSort_part_correct	7	1066791641437412485	pass	-	607	-	mind - 1 ≤ n
velvet	crush-portfolio	e90d79341bb8ef510ec868623e74cfe98feaa4e8	e90d79341bb8ef510ec868623e74cfe98feaa4e8	leanprover/lean4:v4.32.2	1	Velvet/Examples/Total_Partial_example.lean	insertionSort_part_correct	8	14825588553610653054	fail	timeout	11350	crush: solver returned `unknown` (solver exited without a verdict: cvc5 interrupted by timeout.). Try increasing `crush.timeout` or adding hypotheses.	∀ (i j : ℕ), 0 ≤ i → i < j → j ≤ n → j ≠ mind - 1 → arr_1[i]! ≤ arr_1[j]!
velvet	crush-portfolio	e90d79341bb8ef510ec868623e74cfe98feaa4e8	e90d79341bb8ef510ec868623e74cfe98feaa4e8	leanprover/lean4:v4.32.2	1	Velvet/Examples/Total_Partial_example.lean	insertionSort_part_correct	9	15257391885382474665	pass	-	8	-	arr_1.toMultiset = arrOld.toMultiset
velvet	crush-portfolio	e90d79341bb8ef510ec868623e74cfe98feaa4e8	e90d79341bb8ef510ec868623e74cfe98feaa4e8	leanprover/lean4:v4.32.2	1	Velvet/Examples/Total_Partial_example.lean	insertionSort_part_correct	10	5794584936190196715	pass	-	8	-	arr_1.size = arrOld.size
velvet	crush-portfolio	e90d79341bb8ef510ec868623e74cfe98feaa4e8	e90d79341bb8ef510ec868623e74cfe98feaa4e8	leanprover/lean4:v4.32.2	1	Velvet/Examples/Total_Partial_example.lean	insertionSort_part_correct	11	12031026870814429192	pass	-	7	-	mind ≤ n
velvet	crush-portfolio	e90d79341bb8ef510ec868623e74cfe98feaa4e8	e90d79341bb8ef510ec868623e74cfe98feaa4e8	leanprover/lean4:v4.32.2	1	Velvet/Examples/Total_Partial_example.lean	insertionSort_part_correct	12	16465886849738339639	pass	-	693	-	∀ (i j : ℕ), 0 ≤ i → i < j → j ≤ n → j ≠ mind → arr_1[i]! ≤ arr_1[j]!
velvet	crush-portfolio	e90d79341bb8ef510ec868623e74cfe98feaa4e8	e90d79341bb8ef510ec868623e74cfe98feaa4e8	leanprover/lean4:v4.32.2	1	Velvet/Examples/Total_Partial_example.lean	insertionSort_part_correct	13	15257391885382474665	pass	-	8	-	arr_1.toMultiset = arrOld.toMultiset
velvet	crush-portfolio	e90d79341bb8ef510ec868623e74cfe98feaa4e8	e90d79341bb8ef510ec868623e74cfe98feaa4e8	leanprover/lean4:v4.32.2	1	Velvet/Examples/Total_Partial_example.lean	insertionSort_part_correct	14	5918835836158453730	pass	-	13	-	¬mind ≠ 0
velvet	crush-portfolio	e90d79341bb8ef510ec868623e74cfe98feaa4e8	e90d79341bb8ef510ec868623e74cfe98feaa4e8	leanprover/lean4:v4.32.2	1	Velvet/Examples/Total_Partial_example.lean	insertionSort_part_correct	15	5964899400721509044	pass	-	4	-	arr.size = arrOld.size
velvet	crush-portfolio	e90d79341bb8ef510ec868623e74cfe98feaa4e8	e90d79341bb8ef510ec868623e74cfe98feaa4e8	leanprover/lean4:v4.32.2	1	Velvet/Examples/Total_Partial_example.lean	insertionSort_part_correct	16	12155028420956038391	pass	-	490	-	n ≤ n
velvet	crush-portfolio	e90d79341bb8ef510ec868623e74cfe98feaa4e8	e90d79341bb8ef510ec868623e74cfe98feaa4e8	leanprover/lean4:v4.32.2	1	Velvet/Examples/Total_Partial_example.lean	insertionSort_part_correct	17	14852526092468225565	pass	-	723	-	∀ (i j : ℕ), 0 ≤ i → i < j → j ≤ n → j ≠ n → arr[i]! ≤ arr[j]!
velvet	crush-portfolio	e90d79341bb8ef510ec868623e74cfe98feaa4e8	e90d79341bb8ef510ec868623e74cfe98feaa4e8	leanprover/lean4:v4.32.2	1	Velvet/Examples/Total_Partial_example.lean	insertionSort_part_correct	18	17117294935281830098	pass	-	4	-	arr.toMultiset = arrOld.toMultiset
velvet	crush-portfolio	e90d79341bb8ef510ec868623e74cfe98feaa4e8	e90d79341bb8ef510ec868623e74cfe98feaa4e8	leanprover/lean4:v4.32.2	1	Velvet/Examples/Total_Partial_example.lean	insertionSort_part_correct	19	5288706169439222084	pass	-	13	-	i.size = arrOld.size
velvet	crush-portfolio	e90d79341bb8ef510ec868623e74cfe98feaa4e8	e90d79341bb8ef510ec868623e74cfe98feaa4e8	leanprover/lean4:v4.32.2	1	Velvet/Examples/Total_Partial_example.lean	insertionSort_part_correct	20	4477598582358312981	pass	-	540	-	n + 1 ≤ i.size
velvet	crush-portfolio	e90d79341bb8ef510ec868623e74cfe98feaa4e8	e90d79341bb8ef510ec868623e74cfe98feaa4e8	leanprover/lean4:v4.32.2	1	Velvet/Examples/Total_Partial_example.lean	insertionSort_part_correct	21	7903702650473013145	pass	-	745	-	∀ (i_2 j : ℕ), 0 ≤ i_2 → i_2 < j → j ≤ n + 1 - 1 → i[i_2]! ≤ i[j]!
velvet	crush-portfolio	e90d79341bb8ef510ec868623e74cfe98feaa4e8	e90d79341bb8ef510ec868623e74cfe98feaa4e8	leanprover/lean4:v4.32.2	1	Velvet/Examples/Total_Partial_example.lean	insertionSort_part_correct	22	8905801618567038615	pass	-	15	-	i.toMultiset = arrOld.toMultiset
velvet	crush-portfolio	e90d79341bb8ef510ec868623e74cfe98feaa4e8	e90d79341bb8ef510ec868623e74cfe98feaa4e8	leanprover/lean4:v4.32.2	1	Velvet/Examples/Total_Partial_example.lean	insertionSort_part_correct	23	5964899400721509044	pass	-	5	-	arr.size = arrOld.size
velvet	crush-portfolio	e90d79341bb8ef510ec868623e74cfe98feaa4e8	e90d79341bb8ef510ec868623e74cfe98feaa4e8	leanprover/lean4:v4.32.2	1	Velvet/Examples/Total_Partial_example.lean	insertionSort_part_correct	24	16800718018059787263	pass	-	4	-	n ≤ arr.size
velvet	crush-portfolio	e90d79341bb8ef510ec868623e74cfe98feaa4e8	e90d79341bb8ef510ec868623e74cfe98feaa4e8	leanprover/lean4:v4.32.2	1	Velvet/Examples/Total_Partial_example.lean	insertionSort_part_correct	25	11248877774576345437	pass	-	667	-	∀ (i j : ℕ), 0 ≤ i → i < j → j ≤ n - 1 → arr[i]! ≤ arr[j]!
velvet	crush-portfolio	e90d79341bb8ef510ec868623e74cfe98feaa4e8	e90d79341bb8ef510ec868623e74cfe98feaa4e8	leanprover/lean4:v4.32.2	1	Velvet/Examples/Total_Partial_example.lean	insertionSort_part_correct	26	17117294935281830098	pass	-	4	-	arr.toMultiset = arrOld.toMultiset
velvet	crush-portfolio	e90d79341bb8ef510ec868623e74cfe98feaa4e8	e90d79341bb8ef510ec868623e74cfe98feaa4e8	leanprover/lean4:v4.32.2	1	Velvet/Examples/Total_Partial_example.lean	insertionSort_part_correct	27	6709257883257101731	pass	-	6	-	¬n ≠ arr.size
velvet	crush-portfolio	e90d79341bb8ef510ec868623e74cfe98feaa4e8	e90d79341bb8ef510ec868623e74cfe98feaa4e8	leanprover/lean4:v4.32.2	1	Velvet/Examples/Total_Partial_example.lean	insertionSort_part_correct	28	16576486626369642801	pass	-	495	-	1 ≤ arrOld.size
velvet	crush-portfolio	e90d79341bb8ef510ec868623e74cfe98feaa4e8	e90d79341bb8ef510ec868623e74cfe98feaa4e8	leanprover/lean4:v4.32.2	1	Velvet/Examples/Total_Partial_example.lean	insertionSort_part_correct	29	11235314628722112900	pass	-	547	-	∀ (i j : ℕ), 0 ≤ i → i < j → j ≤ 1 - 1 → arrOld[i]! ≤ arrOld[j]!
velvet	crush-portfolio	e90d79341bb8ef510ec868623e74cfe98feaa4e8	e90d79341bb8ef510ec868623e74cfe98feaa4e8	leanprover/lean4:v4.32.2	1	Velvet/Examples/Total_Partial_example.lean	insertionSort_part_correct	30	8905801618567038615	pass	-	7	-	i.toMultiset = arrOld.toMultiset
velvet	crush-portfolio	e90d79341bb8ef510ec868623e74cfe98feaa4e8	e90d79341bb8ef510ec868623e74cfe98feaa4e8	leanprover/lean4:v4.32.2	1	Velvet/Examples/Total_Partial_example.lean	insertionSort_part_correct	31	18214290959922115111	pass	-	2851	-	∀ (i_2 j : ℕ), 0 ≤ i_2 → i_2 ≤ j → j < i.size → i[i_2]! ≤ i[j]!
velvet	crush-portfolio	e90d79341bb8ef510ec868623e74cfe98feaa4e8	e90d79341bb8ef510ec868623e74cfe98feaa4e8	leanprover/lean4:v4.32.2	1	Velvet/Examples/Total_Partial_example.lean	insertionSort_termination_correct	32	8793228589483947084	pass	-	4	-	((arr_1.set! mind arr_1[mind - 1]!).set! (mind - 1) arr_1[mind]!).size = arrOld.size
velvet	crush-portfolio	e90d79341bb8ef510ec868623e74cfe98feaa4e8	e90d79341bb8ef510ec868623e74cfe98feaa4e8	leanprover/lean4:v4.32.2	1	Velvet/Examples/Total_Partial_example.lean	insertionSort_termination_correct	33	11568103068982921353	pass	-	602	-	mind - 1 < mind
velvet	crush-portfolio	e90d79341bb8ef510ec868623e74cfe98feaa4e8	e90d79341bb8ef510ec868623e74cfe98feaa4e8	leanprover/lean4:v4.32.2	1	Velvet/Examples/Total_Partial_example.lean	insertionSort_termination_correct	34	5794584936190196715	pass	-	3	-	arr_1.size = arrOld.size
velvet	crush-portfolio	e90d79341bb8ef510ec868623e74cfe98feaa4e8	e90d79341bb8ef510ec868623e74cfe98feaa4e8	leanprover/lean4:v4.32.2	1	Velvet/Examples/Total_Partial_example.lean	insertionSort_termination_correct	35	11568103068982921353	pass	-	599	-	mind - 1 < mind
velvet	crush-portfolio	e90d79341bb8ef510ec868623e74cfe98feaa4e8	e90d79341bb8ef510ec868623e74cfe98feaa4e8	leanprover/lean4:v4.32.2	1	Velvet/Examples/Total_Partial_example.lean	insertionSort_termination_correct	36	5794584936190196715	pass	-	3	-	arr_1.size = arrOld.size
velvet	crush-portfolio	e90d79341bb8ef510ec868623e74cfe98feaa4e8	e90d79341bb8ef510ec868623e74cfe98feaa4e8	leanprover/lean4:v4.32.2	1	Velvet/Examples/Total_Partial_example.lean	insertionSort_termination_correct	37	5918835836158453730	pass	-	6	-	¬mind ≠ 0
velvet	crush-portfolio	e90d79341bb8ef510ec868623e74cfe98feaa4e8	e90d79341bb8ef510ec868623e74cfe98feaa4e8	leanprover/lean4:v4.32.2	1	Velvet/Examples/Total_Partial_example.lean	insertionSort_termination_correct	38	5964899400721509044	pass	-	2	-	arr.size = arrOld.size
velvet	crush-portfolio	e90d79341bb8ef510ec868623e74cfe98feaa4e8	e90d79341bb8ef510ec868623e74cfe98feaa4e8	leanprover/lean4:v4.32.2	1	Velvet/Examples/Total_Partial_example.lean	insertionSort_termination_correct	39	5288706169439222084	pass	-	5	-	i.size = arrOld.size
velvet	crush-portfolio	e90d79341bb8ef510ec868623e74cfe98feaa4e8	e90d79341bb8ef510ec868623e74cfe98feaa4e8	leanprover/lean4:v4.32.2	1	Velvet/Examples/Total_Partial_example.lean	insertionSort_termination_correct	40	4477598582358312981	pass	-	497	-	n + 1 ≤ i.size
velvet	crush-portfolio	e90d79341bb8ef510ec868623e74cfe98feaa4e8	e90d79341bb8ef510ec868623e74cfe98feaa4e8	leanprover/lean4:v4.32.2	1	Velvet/Examples/Total_Partial_example.lean	insertionSort_termination_correct	41	18088860687919872176	pass	-	545	-	i.size - (n + 1) < arr.size - n
velvet	crush-portfolio	e90d79341bb8ef510ec868623e74cfe98feaa4e8	e90d79341bb8ef510ec868623e74cfe98feaa4e8	leanprover/lean4:v4.32.2	1	Velvet/Examples/Total_Partial_example.lean	insertionSort_termination_correct	42	5964899400721509044	pass	-	2	-	arr.size = arrOld.size
velvet	crush-portfolio	e90d79341bb8ef510ec868623e74cfe98feaa4e8	e90d79341bb8ef510ec868623e74cfe98feaa4e8	leanprover/lean4:v4.32.2	1	Velvet/Examples/Total_Partial_example.lean	insertionSort_termination_correct	43	16800718018059787263	pass	-	2	-	n ≤ arr.size
velvet	crush-portfolio	e90d79341bb8ef510ec868623e74cfe98feaa4e8	e90d79341bb8ef510ec868623e74cfe98feaa4e8	leanprover/lean4:v4.32.2	1	Velvet/Examples/Total_Partial_example.lean	insertionSort_termination_correct	44	6709257883257101731	pass	-	3	-	¬n ≠ arr.size
velvet	crush-portfolio	e90d79341bb8ef510ec868623e74cfe98feaa4e8	e90d79341bb8ef510ec868623e74cfe98feaa4e8	leanprover/lean4:v4.32.2	1	Velvet/Examples/Total_Partial_example.lean	insertionSort_termination_correct	45	16576486626369642801	pass	-	495	-	1 ≤ arrOld.size
